<?xml version="1.0" encoding="utf-8"?>
<COLLADA xmlns="http://www.collada.org/2005/11/COLLADASchema" version="1.4.1" xmlns:xsi="http://www.w3.org/2001/XMLSchema-instance">
  <asset>
    <contributor>
      <author>Blender User</author>
      <authoring_tool>Blender 3.4.1</authoring_tool>
    </contributor>
    <created>2026-08-03T15:02:32</created>
    <modified>2026-08-03T15:02:32</modified>
    <unit name="meter" meter="1"/>
    <up_axis>Z_UP</up_axis>
  </asset>
  <library_effects>
    <effect id="Material_0_002-effect">
      <profile_COMMON>
        <technique sid="common">
          <lambert>
            <emission>
              <color sid="emission">0 0 0 1</color>
            </emission>
            <diffuse>
              <color sid="diffuse">0.00303527 0.00303527 0.00303527 1</color>
            </diffuse>
            <index_of_refraction>
              <float sid="ior">1.45</float>
            </index_of_refraction>
          </lambert>
        </technique>
      </profile_COMMON>
    </effect>
  </library_effects>
  <library_images/>
  <library_materials>
    <material id="Material_0_002-material" name="Material_0.002">
      <instance_effect url="#Material_0_002-effect"/>
    </material>
  </library_materials>
  <library_geometries>
    <geometry id="Mesh43-mesh" name="Mesh43">
      <mesh>
        <source id="Mesh43-mesh-positions">
          <float_array id="Mesh43-mesh-positions-array" count="960">0 90 -35.2113 -1.4142 90 -33.4142 -0.7654 90 -33.8478 -6.8694 90 -34.5347 0 90 -34 -1.8478 90 -32.7654 0.7654 90 -33.8478 -2 90 -32 1.4142 90 -33.4142 -5.6164 90 -28.2355 6.8694 90 -34.5347 -10.3981 90 -30.3295 -1.8478 90 -31.2346 1.8478 90 -32.7654 -10.8317 90 -30.9784 -10.2459 90 -29.5641 -1.4142 90 -30.5858 2 90 -32 -11.4805 90 -31.4119 -10.3981 90 -28.7988 0 90 -28.7887 5.6164 90 -28.2355 -13.4748 90 -32.531 -11.0169 90 -26.5973 -0.7654 90 -30.1522 1.8478 90 -31.2346 10.3981 90 -30.3295 -12.2459 90 -31.5641 -10.8317 90 -28.1499 0 90 -30 1.4142 90 -30.5858 10.2459 90 -29.5641 10.8317 90 -30.9784 -13.0112 90 -31.4119 -11.4805 90 -27.7164 0.7654 90 -30.1522 10.3981 90 -28.7988 11.4805 90 -31.4119 -13.6601 90 -30.9784 -12.2459 90 -27.5641 11.0169 90 -26.5973 13.4748 90 -32.531 -14.0936 90 -30.3295 -13.0112 90 -27.7164 10.8317 90 -28.1499 12.2459 90 -31.5641 -19.5624 90 -29.2771 -15.9941 90 -23.9369 11.4805 90 -27.7164 13.0112 90 -31.4119 -14.2459 90 -29.5641 -13.6601 90 -28.1499 12.2459 90 -27.5641 13.6601 90 -30.9784 -14.0936 90 -28.7988 13.0112 90 -27.7164 14.0936 90 -30.3295 15.9941 90 -23.9369 19.5624 90 -29.2771 -21.2132 90 -24.0416 13.6601 90 -28.1499 14.2459 90 -29.5641 -21.8621 90 -24.4752 -20.7797 90 -23.3928 14.0936 90 -28.7988 -22.6274 90 -24.6274 -20.6274 90 -22.6274 -24.8982 90 -24.8982 -20.3567 90 -20.3567 21.2132 90 -24.0416 -23.3928 90 -24.4752 -20.7797 90 -21.8621 20.7797 90 -23.3928 21.8621 90 -24.4752 -24.0416 90 -24.0416 -21.2132 90 -21.2132 20.6274 90 -22.6274 22.6274 90 -24.6274 -24.4752 90 -23.3928 -21.8621 90 -20.7797 20.3567 90 -20.3567 24.8982 90 -24.8982 -24.6274 90 -22.6274 -22.6274 90 -20.6274 20.7797 90 -21.8621 23.3928 90 -24.4752 -29.2771 90 -19.5624 -23.9369 90 -15.9941 21.2132 90 -21.2132 24.0416 90 -24.0416 -24.4752 90 -21.8621 -23.3928 90 -20.7797 21.8621 90 -20.7797 24.4752 90 -23.3928 -24.0416 90 -21.2132 22.6274 90 -20.6274 24.6274 90 -22.6274 23.9369 90 -15.9941 29.2771 90 -19.5624 -28.7988 90 -14.0936 23.3928 90 -20.7797 24.4752 90 -21.8621 -28.1499 90 -13.6601 -29.5641 90 -14.2459 24.0416 90 -21.2132 -27.7164 90 -13.0112 -30.3295 90 -14.0936 -26.5973 90 -11.0169 -32.531 90 -13.4748 28.7988 90 -14.0936 -27.5641 90 -12.2459 -30.9784 90 -13.6601 28.1499 90 -13.6601 29.5641 90 -14.2459 -27.7164 90 -11.4805 -31.4119 90 -13.0112 27.7164 90 -13.0112 30.3295 90 -14.0936 -28.1499 90 -10.8317 -31.5641 90 -12.2459 26.5973 90 -11.0169 32.531 90 -13.4748 -28.7988 90 -10.3981 -31.4119 90 -11.4805 27.5641 90 -12.2459 30.9784 90 -13.6601 -28.2355 90 -5.6164 -34.5347 90 -6.8694 27.7164 90 -11.4805 31.4119 90 -13.0112 -29.5641 90 -10.2459 -30.9784 90 -10.8317 28.1499 90 -10.8317 31.5641 90 -12.2459 -30.3295 90 -10.3981 28.7988 90 -10.3981 31.4119 90 -11.4805 28.2355 90 -5.6164 34.5347 90 -6.8694 -32 90 -2 29.5641 90 -10.2459 30.9784 90 -10.8317 -32.7654 90 -1.8478 -31.2346 90 -1.8478 30.3295 90 -10.3981 -33.4142 90 -1.4142 -30.5858 90 -1.4142 -35.2113 90 0 -28.7887 90 0 32 90 -2 -33.8478 90 -0.7654 -30.1522 90 -0.7654 31.2346 90 -1.8478 32.7654 90 -1.8478 -34 90 0 -30 90 0 30.5858 90 -1.4142 33.4142 90 -1.4142 -33.8478 90 0.7654 -30.1522 90 0.7654 28.7887 90 0 35.2113 90 0 -33.4142 90 1.4142 -30.5858 90 1.4142 30.1522 90 -0.7654 33.8478 90 -0.7654 -34.5347 90 6.8694 -28.2355 90 5.6164 30 90 0 34 90 0 -32.7654 90 1.8478 -31.2346 90 1.8478 30.1522 90 0.7654 33.8478 90 0.7654 -32 90 2 30.5858 90 1.4142 33.4142 90 1.4142 28.2355 90 5.6164 34.5347 90 6.8694 -30.3295 90 10.3981 31.2346 90 1.8478 32.7654 90 1.8478 -30.9784 90 10.8317 -29.5641 90 10.2459 32 90 2 -31.4119 90 11.4805 -28.7988 90 10.3981 -32.531 90 13.4748 -26.5973 90 11.0169 30.3295 90 10.3981 -31.5641 90 12.2459 -28.1499 90 10.8317 30.9784 90 10.8317 29.5641 90 10.2459 -31.4119 90 13.0112 -27.7164 90 11.4805 31.4119 90 11.4805 28.7988 90 10.3981 -30.9784 90 13.6601 -27.5641 90 12.2459 32.531 90 13.4748 26.5973 90 11.0169 -30.3295 90 14.0936 -27.7164 90 13.0112 31.5641 90 12.2459 28.1499 90 10.8317 -29.2771 90 19.5624 -23.9369 90 15.9941 31.4119 90 13.0112 27.7164 90 11.4805 -29.5641 90 14.2459 -28.1499 90 13.6601 30.9784 90 13.6601 27.5641 90 12.2459 -28.7988 90 14.0936 30.3295 90 14.0936 27.7164 90 13.0112 29.2771 90 19.5624 23.9369 90 15.9941 -24.0416 90 21.2132 29.5641 90 14.2459 28.1499 90 13.6601 -24.4752 90 21.8621 -23.3928 90 20.7797 28.7988 90 14.0936 -24.6274 90 22.6274 -22.6274 90 20.6274 -24.8982 90 24.8982 -20.3567 90 20.3567 24.0416 90 21.2132 -24.4752 90 23.3928 -21.8621 90 20.7797 24.4752 90 21.8621 23.3928 90 20.7797 -24.0416 90 24.0416 -21.2132 90 21.2132 24.6274 90 22.6274 22.6274 90 20.6274 -23.3928 90 24.4752 -20.7797 90 21.8621 24.8982 90 24.8982 20.3567 90 20.3567 -22.6274 90 24.6274 -20.6274 90 22.6274 24.4752 90 23.3928 21.8621 90 20.7797 -19.5624 90 29.2771 -15.9941 90 23.9369 24.0416 90 24.0416 21.2132 90 21.2132 -21.8621 90 24.4752 -20.7797 90 23.3928 23.3928 90 24.4752 20.7797 90 21.8621 -21.2132 90 24.0416 22.6274 90 24.6274 20.6274 90 22.6274 19.5624 90 29.2771 15.9941 90 23.9369 -14.0936 90 28.7988 21.8621 90 24.4752 20.7797 90 23.3928 -14.2459 90 29.5641 -13.6601 90 28.1499 21.2132 90 24.0416 -14.0936 90 30.3295 -13.0112 90 27.7164 -13.4748 90 32.531 -11.0169 90 26.5973 14.0936 90 28.7988 -13.6601 90 30.9784 -12.2459 90 27.5641 13.6601 90 28.1499 14.2459 90 29.5641 -13.0112 90 31.4119 -11.4805 90 27.7164 13.0112 90 27.7164 14.0936 90 30.3295 -12.2459 90 31.5641 -10.8317 90 28.1499 11.0169 90 26.5973 13.4748 90 32.531 -11.4805 90 31.4119 -10.3981 90 28.7988 12.2459 90 27.5641 13.6601 90 30.9784 -6.8694 90 34.5347 -5.6164 90 28.2355 11.4805 90 27.7164 13.0112 90 31.4119 -10.8317 90 30.9784 -10.2459 90 29.5641 10.8317 90 28.1499 12.2459 90 31.5641 -10.3981 90 30.3295 10.3981 90 28.7988 11.4805 90 31.4119 5.6164 90 28.2355 6.8694 90 34.5347 -2 90 32 10.2459 90 29.5641 10.8317 90 30.9784 -1.8478 90 31.2346 -1.8478 90 32.7654 10.3981 90 30.3295 -1.4142 90 30.5858 -1.4142 90 33.4142 0 90 28.7887 0 90 35.2113 2 90 32 -0.7654 90 30.1522 -0.7654 90 33.8478 1.8478 90 32.7654 1.8478 90 31.2346 0 90 30 0 90 34 1.4142 90 33.4142 1.4142 90 30.5858 0.7654 90 30.1522 0.7654 90 33.8478</float_array>
          <technique_common>
            <accessor source="#Mesh43-mesh-positions-array" count="320" stride="3">
              <param name="X" type="float"/>
              <param name="Y" type="float"/>
              <param name="Z" type="float"/>
            </accessor>
          </technique_common>
        </source>
        <source id="Mesh43-mesh-normals">
          <float_array id="Mesh43-mesh-normals-array" count="378">0 1 -1.38022e-5 0 1 0 0 1 -5.35953e-6 0 1 -1.07191e-5 0 1 -3.79083e-6 0 1 1.48402e-5 0 1 -1.82688e-5 0 1 4.07392e-6 0 1 1.38024e-5 0 1 1.40303e-6 0 1 -1.1418e-5 0 1 -2.21969e-6 0 1 1.85488e-6 0 1 2.67978e-6 0 1 1.82674e-5 0 1 -1.62971e-5 0 1 5.61218e-6 0 1 -1.37957e-5 0 1 4.11441e-6 0 1 6.9005e-6 0 1 -6.89788e-6 0 1 -4.11492e-6 0 1 2.76071e-5 0 1 -5.61211e-6 0 1 5.52141e-5 0 1 4.6895e-6 0 1 -9.47623e-6 0 1 1.48417e-5 0 1 1.10983e-6 0 1 -7.41958e-6 0 1 8.22954e-6 0 1 -3.29182e-5 0 1 2.75929e-5 0 1 -3.79109e-6 0 1 5.35934e-6 0 1 -2.75983e-5 0 1 1.64571e-5 0 1 2.77459e-7 0 1 -2.03682e-6 0 1 2.76072e-5 0 1 -1.64575e-5 0 1 1.64597e-5 0 1 -1.37956e-5 0 1 1.38011e-5 0 1 -5.35954e-6 0 1 -4.56684e-6 0 1 -2.21967e-6 0 1 -4.56723e-6 0 1 4.07391e-6 0 1 2.76047e-5 0 1 3.79081e-6 0 1 -1.33988e-6 0 1 2.76041e-5 0 1 1.33988e-6 0 1 -3.79081e-6 0 1 -4.07391e-6 0 1 -2.2197e-6 0 1 2.67977e-6 0 1 1.37956e-5 0 1 -3.29193e-5 0 1 1.64575e-5 0 1 -2.76072e-5 0 1 -1.85519e-6 0 1 8.32365e-7 0 1 -2.77459e-7 0 1 4.07364e-6 0 1 -1.89554e-6 0 1 -2.75929e-5 0 1 1.64591e-5 0 1 -8.22954e-6 0 1 2.00975e-6 0 1 8.22862e-6 0 1 -1.64571e-5 0 1 5.51967e-5 0 1 -5.35934e-6 0 1 3.79109e-6 0 1 7.41958e-6 0 1 2.80605e-6 0 1 -9.27604e-6 0 1 -2.76071e-5 0 1 -5.61218e-6 0 1 1.12042e-5 0 1 -1.25588e-5 0 1 2.21969e-6 0 1 1.1418e-5 0 1 9.47623e-6 0 1 -1.48402e-5 0 1 -2.76048e-5 0 1 -1.40303e-6 0 1 1.07191e-5 0 1 1.38022e-5 0 1 2.76045e-5 0 1 3.79083e-6 0 1 -4.07392e-6 0 1 -1.82674e-5 0 1 1.62971e-5 0 1 -1.3801e-5 0 1 1.5162e-5 0 1 1.10982e-6 0 1 -1.10983e-6 0 1 3.70979e-6 0 1 2.75983e-5 0 1 -3.29143e-5 0 1 -1.38011e-5 0 1 -2.7607e-5 0 1 1.64574e-5 0 1 -1.64597e-5 0 1 4.56684e-6 0 1 2.21967e-6 0 1 -2.76047e-5 0 1 -7.01516e-7 0 1 -2.76041e-5 0 1 3.79081e-6 0 1 -3.71008e-6 0 1 2.21969e-6 0 1 3.29193e-5 0 1 2.7607e-5 0 1 -8.32365e-7 0 1 -4.07364e-6 0 1 -1.85491e-6 0 1 -1.64591e-5 0 1 -8.22862e-6 0 1 -7.58219e-6 0 1 -6.85118e-6 0 1 6.11042e-6 0 1 -1.5162e-5</float_array>
          <technique_common>
            <accessor source="#Mesh43-mesh-normals-array" count="126" stride="3">
              <param name="X" type="float"/>
              <param name="Y" type="float"/>
              <param name="Z" type="float"/>
            </accessor>
          </technique_common>
        </source>
        <vertices id="Mesh43-mesh-vertices">
          <input semantic="POSITION" source="#Mesh43-mesh-positions"/>
        </vertices>
        <triangles material="Material_0_002-material" count="352">
          <input semantic="VERTEX" source="#Mesh43-mesh-vertices" offset="0"/>
          <input semantic="NORMAL" source="#Mesh43-mesh-normals" offset="1"/>
          <p>0 0 1 0 2 0 0 1 2 1 4 1 0 1 4 1 6 1 0 0 6 0 8 0 0 2 8 2 10 2 1 3 0 3 3 3 3 4 5 4 1 4 5 5 3 5 7 5 3 1 9 1 7 1 12 6 7 6 9 6 9 7 16 7 12 7 20 1 16 1 9 1 20 8 24 8 16 8 20 1 29 1 24 1 20 1 35 1 29 1 30 1 35 1 20 1 21 9 30 9 20 9 21 7 25 7 30 7 21 10 17 10 25 10 10 1 17 1 21 1 17 5 10 5 13 5 8 1 13 1 10 1 10 11 21 11 26 11 10 12 26 12 32 12 32 1 37 1 10 1 10 13 37 13 41 13 9 11 3 11 11 11 11 14 15 14 9 14 15 15 19 15 9 15 9 16 19 16 23 16 11 1 3 1 14 1 26 14 21 14 31 14 14 1 3 1 18 1 31 15 21 15 36 15 3 13 22 13 18 13 22 1 27 1 18 1 36 16 21 16 40 16 40 17 44 17 36 17 27 1 22 1 33 1 44 1 40 1 48 1 33 18 22 18 38 18 48 1 40 1 52 1 41 1 37 1 45 1 49 1 41 1 45 1 53 1 41 1 49 1 56 19 41 19 53 19 56 1 58 1 41 1 19 20 28 20 23 20 34 21 23 21 28 21 34 1 39 1 23 1 23 22 39 22 43 22 43 23 47 23 23 23 42 19 38 19 22 19 52 24 40 24 55 24 46 25 42 25 22 25 46 26 50 26 42 26 40 23 57 23 55 23 60 1 55 1 57 1 50 27 46 27 54 27 57 1 64 1 60 1 47 1 54 1 46 1 47 1 43 1 51 1 47 28 46 28 59 28 59 1 63 1 47 1 66 1 47 1 63 1 66 1 68 1 47 1 51 1 54 1 47 1 59 29 46 29 62 29 66 1 71 1 68 1 75 30 68 30 71 30 75 31 79 31 68 31 68 32 79 32 83 32 68 1 83 1 87 1 46 33 65 33 62 33 65 34 46 34 67 34 67 35 70 35 65 35 70 36 67 36 74 36 78 1 74 1 67 1 82 1 78 1 67 1 67 1 86 1 82 1 90 1 82 1 86 1 94 1 90 1 86 1 86 37 87 37 94 37 94 1 87 1 91 1 83 38 91 38 87 38 99 1 87 1 86 1 99 1 102 1 87 1 105 1 87 1 102 1 87 1 105 1 107 1 86 1 103 1 99 1 106 1 103 1 86 1 110 39 107 39 105 39 110 40 114 40 107 40 107 41 114 41 118 41 107 42 118 42 122 42 107 1 122 1 126 1 108 1 106 1 86 1 108 43 111 43 106 43 111 1 108 1 115 1 119 1 115 1 108 1 123 1 119 1 108 1 108 44 127 44 123 44 123 1 127 1 131 1 134 1 131 1 127 1 134 1 127 1 126 1 126 45 130 45 134 45 126 1 122 1 130 1 127 46 139 46 126 46 126 47 139 47 143 47 126 48 143 48 146 48 148 1 126 1 146 1 148 49 146 49 151 49 148 1 151 1 155 1 148 1 155 1 159 1 159 1 163 1 148 1 148 1 163 1 167 1 142 1 139 1 127 1 127 50 145 50 142 50 145 51 127 51 147 51 147 52 150 52 145 52 150 1 147 1 154 1 154 1 147 1 158 1 158 1 147 1 162 1 147 53 166 53 162 53 166 54 170 54 162 54 170 1 166 1 174 1 174 1 166 1 167 1 171 1 174 1 167 1 167 55 163 55 171 55 167 56 166 56 179 56 183 1 167 1 179 1 183 1 186 1 167 1 167 1 186 1 188 1 182 1 179 1 166 1 185 1 182 1 166 1 185 57 166 57 187 57 187 1 190 1 185 1 190 1 187 1 194 1 188 58 186 58 191 58 195 59 188 59 191 59 188 60 195 60 199 60 199 61 203 61 188 61 188 1 203 1 207 1 194 1 187 1 198 1 202 1 198 1 187 1 187 1 206 1 202 1 202 1 206 1 210 1 214 62 210 62 206 62 207 63 214 63 206 63 214 1 207 1 211 1 203 1 211 1 207 1 206 64 219 64 207 64 223 1 207 1 219 1 207 65 223 65 226 65 226 1 228 1 207 1 222 1 219 1 206 1 206 66 225 66 222 66 228 67 226 67 231 67 231 68 235 68 228 68 235 69 239 69 228 69 228 1 239 1 243 1 243 1 247 1 228 1 206 70 227 70 225 70 230 1 225 1 227 1 234 71 230 71 227 71 227 72 238 72 234 72 238 73 227 73 242 73 242 74 227 74 246 74 246 75 250 75 242 75 250 76 246 76 254 76 246 1 247 1 254 1 254 1 247 1 251 1 243 1 251 1 247 1 247 1 246 1 259 1 263 1 247 1 259 1 266 1 247 1 263 1 247 77 266 77 268 77 246 78 262 78 259 78 268 79 266 79 271 79 275 1 268 1 271 1 268 1 275 1 279 1 279 1 283 1 268 1 268 80 283 80 287 80 287 81 283 81 291 81 287 82 291 82 294 82 287 83 294 83 286 83 299 1 287 1 286 1 287 84 299 84 302 84 305 1 287 1 302 1 305 1 307 1 287 1 246 85 265 85 262 85 265 1 246 1 267 1 267 1 270 1 265 1 270 1 267 1 274 1 274 1 267 1 278 1 282 1 278 1 267 1 282 1 267 1 286 1 290 1 282 1 286 1 294 1 290 1 286 1 299 86 286 86 303 86 306 1 303 1 286 1 310 87 307 87 305 87 310 1 314 1 307 1 307 1 314 1 318 1 317 1 307 1 318 1 297 88 307 88 317 88 306 89 286 89 308 89 308 90 311 90 306 90 308 1 315 1 311 1 319 1 315 1 308 1 319 91 308 91 316 91 316 89 308 89 298 89 298 92 312 92 316 92 309 86 312 86 298 86 309 1 298 1 297 1 297 84 313 84 309 84 297 93 317 93 313 93 298 83 304 83 297 83 300 94 297 94 304 94 295 95 297 95 300 95 297 80 295 80 280 80 301 1 304 1 298 1 292 1 280 1 295 1 292 1 288 1 280 1 284 1 280 1 288 1 280 79 284 79 276 79 258 77 280 77 276 77 296 1 301 1 298 1 296 1 298 1 281 1 281 1 293 1 296 1 289 1 293 1 281 1 285 1 289 1 281 1 285 96 281 96 277 96 277 1 281 1 257 1 273 97 277 97 257 97 257 78 269 78 273 78 257 98 258 98 269 98 269 1 258 1 272 1 272 1 258 1 276 1 258 99 257 99 264 99 261 1 258 1 264 1 261 1 256 1 258 1 241 1 258 1 256 1 256 1 253 1 241 1 253 1 249 1 241 1 245 68 241 68 249 68 241 67 245 67 237 67 237 1 218 1 241 1 257 100 260 100 264 100 257 75 255 75 260 75 255 74 257 74 240 74 240 101 252 101 255 101 248 102 252 102 240 102 248 71 240 71 244 71 236 1 244 1 240 1 236 1 240 1 217 1 217 66 232 66 236 66 229 1 232 1 217 1 229 1 217 1 218 1 233 1 229 1 218 1 218 65 237 65 233 65 218 63 217 63 224 63 224 1 221 1 218 1 216 1 218 1 221 1 216 1 201 1 218 1 220 62 224 62 217 62 215 1 220 1 217 1 215 1 217 1 200 1 200 103 212 103 215 103 201 104 216 104 213 104 209 105 201 105 213 105 201 106 209 106 205 106 201 58 205 58 197 58 177 1 201 1 197 1 208 1 212 1 200 1 208 1 200 1 204 1 196 1 204 1 200 1 196 57 200 57 178 57 192 1 196 1 178 1 189 1 192 1 178 1 189 1 178 1 177 1 177 107 193 107 189 107 177 1 197 1 193 1 178 108 184 108 177 108 180 1 177 1 184 1 175 1 177 1 180 1 160 1 177 1 175 1 181 1 184 1 178 1 178 54 176 54 181 54 160 109 175 109 172 109 168 1 160 1 172 1 160 1 168 1 164 1 156 49 160 49 164 49 156 110 137 110 160 110 176 53 178 53 161 53 176 111 161 111 173 111 161 1 169 1 173 1 169 1 161 1 165 1 161 52 157 52 165 52 138 1 157 1 161 1 153 112 157 112 138 112 138 113 149 113 153 113 138 46 137 46 149 46 152 1 149 1 137 1 152 1 137 1 156 1 138 114 144 114 137 114 137 45 144 45 140 45 140 1 135 1 137 1 120 1 137 1 135 1 144 1 138 1 141 1 136 1 141 1 138 1 121 44 136 44 138 44 133 1 136 1 121 1 121 1 129 1 133 1 135 1 132 1 120 1 128 115 120 115 132 115 124 40 120 40 128 40 120 116 124 116 116 116 116 1 97 1 120 1 129 1 121 1 125 1 121 43 117 43 125 43 98 1 117 1 121 1 98 1 113 1 117 1 98 1 109 1 113 1 97 117 109 117 98 117 112 1 109 1 97 1 116 1 112 1 97 1 104 1 97 1 98 1 104 1 100 1 97 1 97 118 100 118 95 118 95 1 80 1 97 1 98 119 101 119 104 119 101 1 98 1 96 1 92 1 80 1 95 1 80 120 92 120 88 120 88 30 84 30 80 30 84 1 76 1 80 1 76 1 57 1 80 1 96 1 98 1 81 1 81 1 93 1 96 1 89 121 93 121 81 121 85 36 89 36 81 36 81 35 77 35 85 35 81 1 58 1 77 1 77 122 58 122 73 122 73 29 58 29 69 29 57 28 69 28 58 28 57 123 72 123 69 123 57 1 58 1 64 1 57 124 76 124 72 124 61 27 64 27 58 27 61 125 58 125 56 125</p>
        </triangles>
      </mesh>
    </geometry>
    <geometry id="Mesh42-mesh" name="Mesh42">
      <mesh>
        <source id="Mesh42-mesh-positions">
          <float_array id="Mesh42-mesh-positions-array" count="390">6.9257 89.5 34.8179 0 89.5 35.5 6.9257 84.86601 34.8179 0 84.86601 35.5 13.5853 89.5 32.7977 -6.9257 84.86601 34.8179 0 84 36 6.8694 90 34.5347 13.5853 84.86601 32.7977 -6.9257 89.5 34.8179 7.0233 84 35.3083 13.4748 90 32.531 0 89.5 35.5 19.7227 89.5 29.5172 -7.0233 84 35.3083 -13.5853 84.86601 32.7977 0 90 35.2113 13.7766 84 33.2597 19.7227 84.86601 29.5172 -13.5853 89.5 32.7977 19.5624 90 29.2771 25.1023 89.5 25.1023 -13.7766 84 33.2597 -13.4748 90 32.531 -19.7227 84.86601 29.5172 -6.8694 90 34.5347 20.0005 84 29.9329 25.1023 84.86601 25.1023 -20.0005 84 29.9329 -19.5624 90 29.2771 -19.7227 89.5 29.5172 24.8982 90 24.8982 25.4558 84 25.4558 29.5172 84.86601 19.7227 -25.1023 84.86601 25.1023 29.2771 90 19.5624 29.5172 89.5 19.7227 -25.1023 89.5 25.1023 -25.4558 84 25.4558 29.9329 84 20.0005 32.7977 84.86601 13.5853 -24.8982 90 24.8982 -29.5172 84.86601 19.7227 32.531 90 13.4748 33.2597 84 13.7766 32.7977 89.5 13.5853 -29.5172 89.5 19.7227 -29.9329 84 20.0005 35.3083 84 7.0233 34.8179 89.5 6.9257 -29.2771 90 19.5624 -33.2597 84 13.7766 -32.7977 89.5 13.5853 34.5347 90 6.8694 34.8179 84.86601 6.9257 -32.7977 84.86601 13.5853 36 84 0 35.2113 90 0 35.5 84.86601 0 -32.531 90 13.4748 -35.3083 84 7.0233 -34.8179 89.5 6.9257 35.5 89.5 0 -34.8179 84.86601 6.9257 34.8179 84.86601 -6.9257 34.5347 90 -6.8694 -34.5347 90 6.8694 -35.5 84.86601 0 35.3083 84 -7.0233 34.8179 89.5 -6.9257 -35.5 89.5 0 -36 84 0 32.7977 84.86601 -13.5853 32.531 90 -13.4748 -35.2113 90 0 -35.3083 84 -7.0233 -34.8179 89.5 -6.9257 33.2597 84 -13.7766 32.7977 89.5 -13.5853 -34.8179 84.86601 -6.9257 29.5172 84.86601 -19.7227 29.5172 89.5 -19.7227 -34.5347 90 -6.8694 -33.2597 84 -13.7766 -32.7977 89.5 -13.5853 29.9329 84 -20.0005 29.2771 90 -19.5624 -32.531 90 -13.4748 -32.7977 84.86601 -13.5853 25.1023 89.5 -25.1023 25.1023 84.86601 -25.1023 24.8982 90 -24.8982 -29.9329 84 -20.0005 -29.2771 90 -19.5624 -29.5172 84.86601 -19.7227 25.4558 84 -25.4558 -29.5172 89.5 -19.7227 19.5624 90 -29.2771 19.7227 84.86601 -29.5172 20.0005 84 -29.9329 -25.4558 84 -25.4558 -25.1023 89.5 -25.1023 -25.1023 84.86601 -25.1023 19.7227 89.5 -29.5172 -24.8982 90 -24.8982 13.4748 90 -32.531 13.5853 84.86601 -32.7977 13.7766 84 -33.2597 -20.0005 84 -29.9329 -19.7227 89.5 -29.5172 -19.7227 84.86601 -29.5172 13.5853 89.5 -32.7977 -19.5624 90 -29.2771 6.8694 90 -34.5347 7.0233 84 -35.3083 6.9257 84.86601 -34.8179 -13.7766 84 -33.2597 -13.5853 89.5 -32.7977 6.9257 89.5 -34.8179 -13.5853 84.86601 -32.7977 -13.4748 90 -32.531 0 89.5 -35.5 0 84.86601 -35.5 -7.0233 84 -35.3083 -6.9257 89.5 -34.8179 0 90 -35.2113 0 84 -36 0 84.86601 -35.5 -6.9257 84.86601 -34.8179 -6.8694 90 -34.5347</float_array>
          <technique_common>
            <accessor source="#Mesh42-mesh-positions-array" count="130" stride="3">
              <param name="X" type="float"/>
              <param name="Y" type="float"/>
              <param name="Z" type="float"/>
            </accessor>
          </technique_common>
        </source>
        <source id="Mesh42-mesh-normals">
          <float_array id="Mesh42-mesh-normals-array" count="576">0.09801536 0 0.9951849 0.09801346 0 0.9951851 0.2902879 0 0.9569394 -0.09801346 0 0.9951851 0.08498305 0.498193 0.8628914 0.2516913 0.498282 0.8296787 0.2902898 0 0.9569388 -0.08498305 0.498193 0.8628914 -0.09801536 0 0.9951849 0.08498305 0.4982146 0.862879 0.2516898 0.498193 0.8297326 0.08497875 0.4982764 0.8628438 0.2516918 0.4982131 0.8297198 0.4713948 0 0.8819223 -0.08498305 0.4982146 0.862879 -0.2902889 0 0.9569391 0.4087305 0.4982037 0.764678 0.0849893 0.498224 0.8628729 0.2516919 0.4982399 0.8297036 0.4713973 0 0.8819211 -0.251692 0.4982132 0.8297198 -0.2902888 0 0.9569391 0.4087224 0.4982262 0.7646678 -0.08498293 0.4982191 0.8628764 0.4087175 0.4982198 0.7646746 0.6343903 0 0.7730129 -0.2516936 0.498243 0.8297013 -0.2517008 0.4982017 0.829724 -0.471398 0 0.8819206 0.5500546 0.4981988 0.6702522 -0.08498507 0.4982818 0.8628399 0.4087481 0.4981905 0.7646772 0.6343918 0 0.7730117 -0.4087311 0.4982271 0.7646625 -0.2516779 0.4982692 0.8296903 -0.4087298 0.4981988 0.7646817 -0.4087315 0.4981791 0.7646935 -0.4713941 0 0.8819227 0.5500782 0.4981484 0.6702703 0.5500687 0.4981879 0.6702487 0.5500746 0.4981407 0.6702789 0.7730123 0 0.634391 -0.4087196 0.4982272 0.7646685 -0.550058 0.4981854 0.6702593 -0.6343912 0 0.7730122 0.6702801 0.4981442 0.5500699 0.6702767 0.4981425 0.5500757 0.7730111 0 0.6343926 -0.5500546 0.4981988 0.6702522 -0.5500841 0.4981429 0.6702695 -0.6343909 0 0.7730125 0.6702446 0.4982084 0.550055 0.6702522 0.4981829 0.550069 0.8819216 0 0.4713962 -0.5500756 0.4981475 0.670273 -0.6702767 0.4981425 0.5500757 -0.7730123 0 0.634391 0.7646666 0.4982257 0.4087251 0.7646868 0.49818 0.4087429 0.7646656 0.4982287 0.4087233 0.8819215 0 0.4713963 -0.6702726 0.4981517 0.5500723 -0.6702522 0.4981829 0.550069 -0.7730111 0 0.6343926 0.7646829 0.498201 0.4087249 0.8297096 0.4982328 0.2516868 0.9569388 0 0.29029 -0.670254 0.498201 0.5500504 -0.7646868 0.49818 0.4087429 -0.8819216 0 0.4713962 0.8297355 0.4981884 0.2516894 0.829714 0.4982206 0.2516963 0.82968 0.4982829 0.251685 0.9569393 0 0.2902882 -0.7646737 0.4982252 0.4087124 -0.7646668 0.498229 0.4087207 -0.8819215 0 0.4713963 0.8628824 0.4982089 0.08498096 0.862845 0.498273 0.08498638 0.995185 0 0.09801429 -0.7646758 0.4982013 0.4087377 -0.8297096 0.4982328 0.2516868 -0.9569388 0 0.29029 0.8628865 0.498201 0.08498579 0.8628706 0.4982293 0.08498239 0.995185 0 0.09801453 -0.8297241 0.4982027 0.2516984 -0.8297146 0.4982189 0.2516975 -0.9569393 0 0.2902882 0.8628866 0.498201 -0.08498471 0.8628746 0.498221 -0.08498924 0.995185 0 -0.09801429 -0.829693 0.4982674 0.2516728 -0.862881 0.498211 0.08498418 -0.995185 0 0.09801429 0.8628824 0.4982089 -0.08498096 0.8628411 0.4982808 -0.08497947 0.995185 0 -0.09801453 -0.8628411 0.4982808 0.08497947 -0.8628889 0.4981977 0.08498209 -0.995185 0 0.09801453 0.8297146 0.4982189 -0.2516975 0.8296911 0.4982691 -0.251676 0.9569393 0 -0.2902882 -0.8628746 0.498221 0.08498924 -0.8628889 0.4981977 -0.08498209 -0.995185 0 -0.09801453 0.8297095 0.4982323 -0.2516879 0.8297241 0.4982027 -0.2516984 0.9569388 0 -0.29029 -0.8628706 0.4982293 -0.08498239 -0.8628801 0.4982125 -0.08498406 -0.995185 0 -0.09801429 0.7646668 0.498229 -0.4087207 0.7646829 0.498201 -0.4087249 0.8819215 0 -0.4713963 -0.862845 0.498273 -0.08498638 -0.8297154 0.498221 -0.2516909 -0.9569388 0 -0.2902899 0.8819216 0 -0.4713962 0.7646868 0.49818 -0.4087429 0.7646666 0.4982257 -0.4087251 -0.829693 0.4982674 -0.2516728 -0.8297087 0.4982308 -0.2516935 -0.8297241 0.4982027 -0.2516984 -0.9569393 0 -0.2902883 0.7730111 0 -0.6343926 0.6702541 0.498185 -0.5500649 0.670254 0.498201 -0.5500504 -0.7646648 0.4982261 -0.4087281 -0.7646735 0.4981995 -0.4087441 -0.8819215 0 -0.4713963 0.6702726 0.4981517 -0.5500723 0.7730123 0 -0.634391 0.6702741 0.498143 -0.5500784 -0.764688 0.4981838 -0.4087362 -0.7646737 0.4982252 -0.4087124 -0.8819216 0 -0.4713962 0.5500756 0.4981475 -0.670273 0.6343918 0 -0.7730117 0.5500841 0.4981429 -0.6702695 -0.6702522 0.4981829 -0.550069 -0.6702446 0.4982084 -0.550055 -0.773012 0 -0.6343915 0.5500546 0.4981988 -0.6702522 0.6343903 0 -0.7730129 0.550058 0.4981854 -0.6702593 -0.670275 0.4981424 -0.5500777 -0.6702801 0.4981442 -0.5500699 -0.7730115 0 -0.6343922 0.4087224 0.4982262 -0.7646678 0.4713973 0 -0.8819211 0.4087471 0.4981904 -0.764678 -0.5500841 0.4981429 -0.6702695 -0.5500789 0.4981457 -0.6702717 -0.6343918 0 -0.7730117 0.4087305 0.4982037 -0.764678 0.4087179 0.4982197 -0.7646743 0.4713948 0 -0.8819223 -0.550059 0.4981863 -0.6702578 -0.6343903 0 -0.7730129 -0.5500512 0.4982011 -0.6702533 0.2516898 0.498193 -0.8297326 0.2516936 0.498243 -0.8297013 0.2902898 0 -0.9569388 -0.4087481 0.4981905 -0.7646772 -0.4713941 0 -0.8819227 -0.4087196 0.4982272 -0.7646685 0.2516913 0.498282 -0.8296787 0.251692 0.4982132 -0.8297198 0.2902879 0 -0.9569394 -0.4087175 0.4982198 -0.7646746 -0.471398 0 -0.8819206 -0.4087298 0.4981988 -0.7646817 0.08497875 0.4982765 -0.8628436 0.08498358 0.4982042 -0.862885 0.09801536 0 -0.9951849 -0.2516936 0.498243 -0.8297013 -0.2902888 0 -0.9569391 -0.2517008 0.4982017 -0.829724 0.0849893 0.498224 -0.8628729 0.08498257 0.4982037 -0.8628853 0.09801346 0 -0.9951851 -0.2516918 0.4982131 -0.8297198 -0.2902889 0 -0.9569391 -0.2516779 0.4982692 -0.8296903 -0.08498293 0.4982191 -0.8628764 -0.08498257 0.4982037 -0.8628853 -0.09801346 0 -0.9951851 -0.08498352 0.498204 -0.8628851 -0.09801536 0 -0.9951849 -0.08498507 0.4982818 -0.8628401</float_array>
          <technique_common>
            <accessor source="#Mesh42-mesh-normals-array" count="192" stride="3">
              <param name="X" type="float"/>
              <param name="Y" type="float"/>
              <param name="Z" type="float"/>
            </accessor>
          </technique_common>
        </source>
        <vertices id="Mesh42-mesh-vertices">
          <input semantic="POSITION" source="#Mesh42-mesh-positions"/>
        </vertices>
        <triangles material="Material_0_002-material" count="192">
          <input semantic="VERTEX" source="#Mesh42-mesh-vertices" offset="0"/>
          <input semantic="NORMAL" source="#Mesh42-mesh-normals" offset="1"/>
          <p>0 0 1 0 2 0 1 1 3 1 2 1 4 2 0 2 2 2 5 3 3 3 1 3 3 4 6 4 2 4 0 5 4 5 7 5 2 6 8 6 4 6 6 7 3 7 5 7 1 8 9 8 5 8 2 9 6 9 10 9 4 10 11 10 7 10 7 11 12 11 0 11 8 12 2 12 10 12 13 13 4 13 8 13 14 14 6 14 5 14 5 15 9 15 15 15 13 16 11 16 4 16 16 17 12 17 7 17 10 18 17 18 8 18 18 19 13 19 8 19 14 20 5 20 15 20 9 21 19 21 15 21 20 22 11 22 13 22 9 23 12 23 16 23 18 24 8 24 17 24 21 25 13 25 18 25 22 26 14 26 15 26 9 27 23 27 19 27 24 28 15 28 19 28 13 29 21 29 20 29 9 30 16 30 25 30 26 31 18 31 17 31 18 32 27 32 21 32 15 33 28 33 22 33 9 34 25 34 23 34 23 35 29 35 19 35 15 36 24 36 28 36 19 37 30 37 24 37 21 38 31 38 20 38 32 39 18 39 26 39 32 40 27 40 18 40 33 41 21 41 27 41 30 42 19 42 29 42 24 43 34 43 28 43 24 44 30 44 34 44 35 45 31 45 21 45 27 46 32 46 33 46 36 47 21 47 33 47 30 48 29 48 37 48 38 49 28 49 34 49 30 50 37 50 34 50 36 51 35 51 21 51 39 52 33 52 32 52 33 53 40 53 36 53 29 54 41 54 37 54 34 55 42 55 38 55 42 56 34 56 37 56 36 57 43 57 35 57 33 58 39 58 44 58 40 59 33 59 44 59 45 60 36 60 40 60 46 61 37 61 41 61 42 62 47 62 38 62 37 63 46 63 42 63 36 64 45 64 43 64 48 65 40 65 44 65 49 66 45 66 40 66 41 67 50 67 46 67 42 68 51 68 47 68 46 69 52 69 42 69 45 70 53 70 43 70 54 71 40 71 48 71 49 72 53 72 45 72 54 73 49 73 40 73 46 74 50 74 52 74 42 75 55 75 51 75 42 76 52 76 55 76 56 77 54 77 48 77 49 78 57 78 53 78 54 79 58 79 49 79 50 80 59 80 52 80 60 81 51 81 55 81 52 82 61 82 55 82 58 83 54 83 56 83 49 84 62 84 57 84 62 85 49 85 58 85 61 86 52 86 59 86 55 87 63 87 60 87 63 88 55 88 61 88 64 89 58 89 56 89 65 90 57 90 62 90 64 91 62 91 58 91 59 92 66 92 61 92 60 93 63 93 67 93 63 94 61 94 67 94 56 95 68 95 64 95 69 96 65 96 62 96 69 97 62 97 64 97 61 98 66 98 70 98 71 99 60 99 67 99 61 100 70 100 67 100 72 101 64 101 68 101 65 102 69 102 73 102 64 103 72 103 69 103 70 104 66 104 74 104 71 105 67 105 75 105 70 106 76 106 67 106 77 107 72 107 68 107 69 108 78 108 73 108 78 109 69 109 72 109 76 110 70 110 74 110 67 111 79 111 75 111 79 112 67 112 76 112 80 113 72 113 77 113 81 114 73 114 78 114 81 115 78 115 72 115 76 116 74 116 82 116 83 117 75 117 79 117 76 118 84 118 79 118 80 119 81 119 72 119 80 120 77 120 85 120 86 121 73 121 81 121 87 122 76 122 82 122 79 123 88 123 83 123 76 124 87 124 84 124 79 125 84 125 88 125 89 126 81 126 80 126 90 127 80 127 85 127 91 128 86 128 81 128 92 129 83 129 88 129 87 130 93 130 84 130 94 131 88 131 84 131 81 132 89 132 91 132 80 133 90 133 89 133 95 134 90 134 85 134 88 135 94 135 92 135 96 136 84 136 93 136 84 137 96 137 94 137 97 138 91 138 89 138 98 139 89 139 90 139 90 140 95 140 99 140 92 141 94 141 100 141 96 142 93 142 101 142 94 143 96 143 102 143 103 144 97 144 89 144 103 145 89 145 98 145 98 146 90 146 99 146 94 147 102 147 100 147 93 148 104 148 101 148 96 149 101 149 102 149 103 150 105 150 97 150 98 151 106 151 103 151 107 152 98 152 99 152 102 153 108 153 100 153 109 154 101 154 104 154 110 155 102 155 101 155 103 156 111 156 105 156 106 157 98 157 107 157 111 158 103 158 106 158 102 159 110 159 108 159 101 160 109 160 110 160 109 161 104 161 112 161 111 162 113 162 105 162 106 163 107 163 114 163 115 164 111 164 106 164 108 165 110 165 116 165 109 166 117 166 110 166 109 167 112 167 117 167 118 168 113 168 111 168 115 169 106 169 114 169 118 170 111 170 115 170 110 171 119 171 116 171 110 172 117 172 119 172 117 173 112 173 120 173 118 174 121 174 113 174 122 175 115 175 114 175 121 176 118 176 115 176 119 177 123 177 116 177 117 178 124 178 119 178 124 179 117 179 120 179 121 180 125 180 113 180 126 181 122 181 114 181 115 182 127 182 121 182 119 183 128 183 123 183 128 184 119 184 124 184 124 185 120 185 129 185 125 186 121 186 124 186 122 187 126 187 123 187 121 188 127 188 128 188 128 189 122 189 123 189 124 190 121 190 128 190 129 191 125 191 124 191</p>
        </triangles>
      </mesh>
    </geometry>
    <geometry id="Mesh41-mesh" name="Mesh41">
      <mesh>
        <source id="Mesh41-mesh-positions">
          <float_array id="Mesh41-mesh-positions-array" count="96">31.5641 82 -12.2459 31.5641 90 -12.2459 31.4119 90 -13.0112 31.4119 82 -11.4805 31.4119 82 -13.0112 31.4119 90 -11.4805 30.9784 90 -13.6601 30.9784 82 -10.8317 30.9784 82 -13.6601 30.9784 90 -10.8317 30.3295 90 -14.0936 30.3295 82 -10.3981 30.3295 82 -14.0936 30.3295 90 -10.3981 29.5641 90 -14.2459 29.5641 82 -10.2459 29.5641 82 -14.2459 29.5641 90 -10.2459 28.7988 90 -14.0936 28.7988 90 -10.3981 28.7988 82 -14.0936 28.7988 82 -10.3981 28.1499 90 -13.6601 28.1499 82 -10.8317 28.1499 82 -13.6601 28.1499 90 -10.8317 27.7164 90 -13.0112 27.7164 82 -11.4805 27.7164 82 -13.0112 27.7164 90 -11.4805 27.5641 90 -12.2459 27.5641 82 -12.2459</float_array>
          <technique_common>
            <accessor source="#Mesh41-mesh-positions-array" count="32" stride="3">
              <param name="X" type="float"/>
              <param name="Y" type="float"/>
              <param name="Z" type="float"/>
            </accessor>
          </technique_common>
        </source>
        <source id="Mesh41-mesh-normals">
          <float_array id="Mesh41-mesh-normals-array" count="81">-0.9807923 0 0.195055 -0.9807974 0 -0.1950298 -0.9807924 0 0.1950545 -0.9807972 0 -0.1950302 -0.8315171 0 0.5554992 -0.8314779 0 -0.5555579 -0.8315179 0 0.5554981 -0.5554981 0 0.8315179 -0.5555859 0 -0.8314592 -0.5554964 0 0.8315191 -0.1951549 0 0.9807724 -0.1950302 0 -0.9807972 -0.1950326 0 -0.9807968 0.1951801 0 0.9807674 0.1950579 0 -0.9807918 0.1951794 0 0.9807676 0.1950548 0 -0.9807924 0.5554964 0 0.8315191 0.5555859 0 -0.8314592 0.5554981 0 0.8315179 0.8315191 0 0.5554964 0.8314791 0 -0.5555562 0.8315182 0 0.5554975 0.9807671 0 0.1951815 0.980772 0 -0.1951572 0.9807671 0 0.195182 0.9807721 0 -0.1951568</float_array>
          <technique_common>
            <accessor source="#Mesh41-mesh-normals-array" count="27" stride="3">
              <param name="X" type="float"/>
              <param name="Y" type="float"/>
              <param name="Z" type="float"/>
            </accessor>
          </technique_common>
        </source>
        <vertices id="Mesh41-mesh-vertices">
          <input semantic="POSITION" source="#Mesh41-mesh-positions"/>
        </vertices>
        <triangles material="Material_0_002-material" count="32">
          <input semantic="VERTEX" source="#Mesh41-mesh-vertices" offset="0"/>
          <input semantic="NORMAL" source="#Mesh41-mesh-normals" offset="1"/>
          <p>0 0 1 0 2 0 1 1 0 1 3 1 2 2 4 2 0 2 1 3 3 3 5 3 6 4 4 4 2 4 5 5 3 5 7 5 6 6 8 6 4 6 7 5 9 5 5 5 8 7 6 7 10 7 9 8 7 8 11 8 10 9 12 9 8 9 9 8 11 8 13 8 12 10 10 10 14 10 13 11 11 11 15 11 12 10 14 10 16 10 15 12 17 12 13 12 16 13 14 13 18 13 19 14 17 14 15 14 18 15 20 15 16 15 19 16 15 16 21 16 22 17 20 17 18 17 19 18 21 18 23 18 22 19 24 19 20 19 23 18 25 18 19 18 24 20 22 20 26 20 25 21 23 21 27 21 26 22 28 22 24 22 25 21 27 21 29 21 30 23 28 23 26 23 29 24 27 24 31 24 30 25 31 25 28 25 31 26 30 26 29 26</p>
        </triangles>
      </mesh>
    </geometry>
    <geometry id="Mesh40-mesh" name="Mesh40">
      <mesh>
        <source id="Mesh40-mesh-positions">
          <float_array id="Mesh40-mesh-positions-array" count="96">34 82 0 34 90 0 33.8478 90 -0.7654 33.8478 90 0.7654 33.8478 82 -0.7654 33.8478 82 0.7654 33.4142 90 -1.4142 33.4142 82 1.4142 33.4142 82 -1.4142 33.4142 90 1.4142 32.7654 90 -1.8478 32.7654 82 1.8478 32.7654 82 -1.8478 32.7654 90 1.8478 32 90 -2 32 90 2 32 82 -2 32 82 2 31.2346 90 -1.8478 31.2346 90 1.8478 31.2346 82 -1.8478 31.2346 82 1.8478 30.5858 90 -1.4142 30.5858 82 1.4142 30.5858 82 -1.4142 30.5858 90 1.4142 30.1522 90 -0.7654 30.1522 82 0.7654 30.1522 82 -0.7654 30.1522 90 0.7654 30 90 0 30 82 0</float_array>
          <technique_common>
            <accessor source="#Mesh40-mesh-positions-array" count="32" stride="3">
              <param name="X" type="float"/>
              <param name="Y" type="float"/>
              <param name="Z" type="float"/>
            </accessor>
          </technique_common>
        </source>
        <source id="Mesh40-mesh-normals">
          <float_array id="Mesh40-mesh-normals-array" count="72">-0.9807964 0 0.1950349 -0.9807964 0 -0.1950349 -0.8314204 0 0.555644 -0.8314204 0 -0.555644 -0.8314204 0 0.5556441 -0.8314204 0 -0.5556441 -0.5556462 0 0.8314189 -0.5556462 0 -0.8314189 -0.1950317 0 0.9807969 -0.1950317 0 -0.9807969 -0.195032 0 0.9807969 -0.195032 0 -0.9807969 0.195032 0 0.9807969 0.195032 0 -0.9807969 0.1950317 0 0.9807969 0.1950317 0 -0.9807969 0.5556462 0 0.8314189 0.5556462 0 -0.8314189 0.831418 0 0.5556474 0.831418 0 -0.5556474 0.8314182 0 0.5556474 0.8314182 0 -0.5556474 0.9807972 0 0.1950302 0.9807972 0 -0.1950302</float_array>
          <technique_common>
            <accessor source="#Mesh40-mesh-normals-array" count="24" stride="3">
              <param name="X" type="float"/>
              <param name="Y" type="float"/>
              <param name="Z" type="float"/>
            </accessor>
          </technique_common>
        </source>
        <vertices id="Mesh40-mesh-vertices">
          <input semantic="POSITION" source="#Mesh40-mesh-positions"/>
        </vertices>
        <triangles material="Material_0_002-material" count="32">
          <input semantic="VERTEX" source="#Mesh40-mesh-vertices" offset="0"/>
          <input semantic="NORMAL" source="#Mesh40-mesh-normals" offset="1"/>
          <p>0 0 1 0 2 0 1 1 0 1 3 1 2 0 4 0 0 0 3 1 0 1 5 1 6 2 4 2 2 2 3 3 5 3 7 3 6 4 8 4 4 4 7 5 9 5 3 5 8 6 6 6 10 6 9 7 7 7 11 7 10 6 12 6 8 6 9 7 11 7 13 7 12 8 10 8 14 8 11 9 15 9 13 9 12 10 14 10 16 10 15 11 11 11 17 11 16 12 14 12 18 12 19 13 15 13 17 13 18 14 20 14 16 14 19 15 17 15 21 15 22 16 20 16 18 16 19 17 21 17 23 17 22 16 24 16 20 16 23 17 25 17 19 17 24 18 22 18 26 18 25 19 23 19 27 19 26 20 28 20 24 20 25 21 27 21 29 21 30 22 28 22 26 22 29 23 27 23 31 23 30 22 31 22 28 22 31 23 30 23 29 23</p>
        </triangles>
      </mesh>
    </geometry>
    <geometry id="Mesh39-mesh" name="Mesh39">
      <mesh>
        <source id="Mesh39-mesh-positions">
          <float_array id="Mesh39-mesh-positions-array" count="96">31.5641 82 12.2459 31.5641 90 12.2459 31.4119 90 11.4805 31.4119 82 13.0112 31.4119 82 11.4805 31.4119 90 13.0112 30.9784 90 10.8317 30.9784 82 13.6601 30.9784 82 10.8317 30.9784 90 13.6601 30.3295 90 10.3981 30.3295 82 14.0936 30.3295 82 10.3981 30.3295 90 14.0936 29.5641 90 10.2459 29.5641 82 14.2459 29.5641 82 10.2459 29.5641 90 14.2459 28.7988 90 10.3981 28.7988 90 14.0936 28.7988 82 10.3981 28.7988 82 14.0936 28.1499 90 10.8317 28.1499 82 13.6601 28.1499 82 10.8317 28.1499 90 13.6601 27.7164 90 11.4805 27.7164 82 13.0112 27.7164 82 11.4805 27.7164 90 13.0112 27.5641 90 12.2459 27.5641 82 12.2459</float_array>
          <technique_common>
            <accessor source="#Mesh39-mesh-positions-array" count="32" stride="3">
              <param name="X" type="float"/>
              <param name="Y" type="float"/>
              <param name="Z" type="float"/>
            </accessor>
          </technique_common>
        </source>
        <source id="Mesh39-mesh-normals">
          <float_array id="Mesh39-mesh-normals-array" count="81">-0.9807974 0 0.1950298 -0.9807923 0 -0.195055 -0.9807972 0 0.1950302 -0.9807924 0 -0.1950545 -0.8314779 0 0.5555579 -0.8315171 0 -0.5554992 -0.8315179 0 -0.5554981 -0.5555859 0 0.8314592 -0.5554981 0 -0.8315179 -0.5554964 0 -0.8315191 -0.1950302 0 0.9807972 -0.1951549 0 -0.9807724 -0.1950326 0 0.9807968 0.1950579 0 0.9807918 0.1951801 0 -0.9807674 0.1950548 0 0.9807924 0.1951794 0 -0.9807676 0.5555859 0 0.8314592 0.5554964 0 -0.8315191 0.5554981 0 -0.8315179 0.8314791 0 0.5555562 0.8315191 0 -0.5554964 0.8315182 0 -0.5554975 0.980772 0 0.1951572 0.9807671 0 -0.1951815 0.9807721 0 0.1951568 0.9807671 0 -0.195182</float_array>
          <technique_common>
            <accessor source="#Mesh39-mesh-normals-array" count="27" stride="3">
              <param name="X" type="float"/>
              <param name="Y" type="float"/>
              <param name="Z" type="float"/>
            </accessor>
          </technique_common>
        </source>
        <vertices id="Mesh39-mesh-vertices">
          <input semantic="POSITION" source="#Mesh39-mesh-positions"/>
        </vertices>
        <triangles material="Material_0_002-material" count="32">
          <input semantic="VERTEX" source="#Mesh39-mesh-vertices" offset="0"/>
          <input semantic="NORMAL" source="#Mesh39-mesh-normals" offset="1"/>
          <p>0 0 1 0 2 0 1 1 0 1 3 1 2 2 4 2 0 2 1 3 3 3 5 3 6 4 4 4 2 4 5 5 3 5 7 5 6 4 8 4 4 4 7 6 9 6 5 6 8 7 6 7 10 7 9 8 7 8 11 8 10 7 12 7 8 7 9 9 11 9 13 9 12 10 10 10 14 10 13 11 11 11 15 11 12 12 14 12 16 12 15 11 17 11 13 11 16 13 14 13 18 13 19 14 17 14 15 14 18 15 20 15 16 15 19 16 15 16 21 16 22 17 20 17 18 17 19 18 21 18 23 18 22 17 24 17 20 17 23 19 25 19 19 19 24 20 22 20 26 20 25 21 23 21 27 21 26 20 28 20 24 20 25 22 27 22 29 22 30 23 28 23 26 23 29 24 27 24 31 24 30 25 31 25 28 25 31 26 30 26 29 26</p>
        </triangles>
      </mesh>
    </geometry>
    <geometry id="Mesh38-mesh" name="Mesh38">
      <mesh>
        <source id="Mesh38-mesh-positions">
          <float_array id="Mesh38-mesh-positions-array" count="96">24.6274 82 22.6274 24.6274 90 22.6274 24.4752 90 21.8621 24.4752 82 23.3928 24.4752 82 21.8621 24.4752 90 23.3928 24.0416 90 21.2132 24.0416 82 24.0416 24.0416 82 21.2132 24.0416 90 24.0416 23.3928 90 20.7797 23.3928 82 24.4752 23.3928 82 20.7797 23.3928 90 24.4752 22.6274 90 20.6274 22.6274 82 24.6274 22.6274 82 20.6274 22.6274 90 24.6274 21.8621 90 20.7797 21.8621 90 24.4752 21.8621 82 20.7797 21.8621 82 24.4752 21.2132 90 21.2132 21.2132 82 24.0416 21.2132 82 21.2132 21.2132 90 24.0416 20.7797 90 21.8621 20.7797 82 23.3928 20.7797 82 21.8621 20.7797 90 23.3928 20.6274 90 22.6274 20.6274 82 22.6274</float_array>
          <technique_common>
            <accessor source="#Mesh38-mesh-positions-array" count="32" stride="3">
              <param name="X" type="float"/>
              <param name="Y" type="float"/>
              <param name="Z" type="float"/>
            </accessor>
          </technique_common>
        </source>
        <source id="Mesh38-mesh-normals">
          <float_array id="Mesh38-mesh-normals-array" count="72">-0.9807919 0 0.1950569 -0.9807968 0 -0.1950326 -0.8314585 0 0.5555871 -0.8314192 0 -0.5556458 -0.5555596 0 0.8314768 -0.5556474 0 -0.831418 -0.5555562 0 0.8314791 -0.5556441 0 -0.8314204 -0.1951572 0 0.980772 -0.1950349 0 -0.9807963 -0.1951525 0 0.980773 -0.1950302 0 -0.9807972 0.1951768 0 0.9807682 0.1950545 0 -0.9807924 0.1951815 0 0.9807671 0.1950592 0 -0.9807915 0.5554975 0 0.8315182 0.5555853 0 -0.8314595 0.5555009 0 0.831516 0.5555887 0 -0.8314573 0.8315171 0 0.5554992 0.8314779 0 -0.5555579 0.9807677 0 0.1951792 0.9807724 0 -0.1951549</float_array>
          <technique_common>
            <accessor source="#Mesh38-mesh-normals-array" count="24" stride="3">
              <param name="X" type="float"/>
              <param name="Y" type="float"/>
              <param name="Z" type="float"/>
            </accessor>
          </technique_common>
        </source>
        <vertices id="Mesh38-mesh-vertices">
          <input semantic="POSITION" source="#Mesh38-mesh-positions"/>
        </vertices>
        <triangles material="Material_0_002-material" count="32">
          <input semantic="VERTEX" source="#Mesh38-mesh-vertices" offset="0"/>
          <input semantic="NORMAL" source="#Mesh38-mesh-normals" offset="1"/>
          <p>0 0 1 0 2 0 1 1 0 1 3 1 2 0 4 0 0 0 1 1 3 1 5 1 6 2 4 2 2 2 5 3 3 3 7 3 6 2 8 2 4 2 7 3 9 3 5 3 8 4 6 4 10 4 9 5 7 5 11 5 10 6 12 6 8 6 9 7 11 7 13 7 12 8 10 8 14 8 13 9 11 9 15 9 12 10 14 10 16 10 15 11 17 11 13 11 16 12 14 12 18 12 19 13 17 13 15 13 18 14 20 14 16 14 19 15 15 15 21 15 22 16 20 16 18 16 19 17 21 17 23 17 22 18 24 18 20 18 23 19 25 19 19 19 24 20 22 20 26 20 25 21 23 21 27 21 26 20 28 20 24 20 25 21 27 21 29 21 30 22 28 22 26 22 29 23 27 23 31 23 30 22 31 22 28 22 31 23 30 23 29 23</p>
        </triangles>
      </mesh>
    </geometry>
    <geometry id="Mesh37-mesh" name="Mesh37">
      <mesh>
        <source id="Mesh37-mesh-positions">
          <float_array id="Mesh37-mesh-positions-array" count="96">14.2459 82 29.5641 14.2459 90 29.5641 14.0936 90 28.7988 14.0936 82 30.3295 14.0936 82 28.7988 14.0936 90 30.3295 13.6601 90 28.1499 13.6601 82 30.9784 13.6601 82 28.1499 13.6601 90 30.9784 13.0112 90 27.7164 13.0112 82 31.4119 13.0112 82 27.7164 13.0112 90 31.4119 12.2459 90 27.5641 12.2459 82 31.5641 12.2459 82 27.5641 12.2459 90 31.5641 11.4805 90 27.7164 11.4805 90 31.4119 11.4805 82 27.7164 11.4805 82 31.4119 10.8317 90 28.1499 10.8317 82 30.9784 10.8317 82 28.1499 10.8317 90 30.9784 10.3981 90 28.7988 10.3981 82 30.3295 10.3981 82 28.7988 10.3981 90 30.3295 10.2459 90 29.5641 10.2459 82 29.5641</float_array>
          <technique_common>
            <accessor source="#Mesh37-mesh-positions-array" count="32" stride="3">
              <param name="X" type="float"/>
              <param name="Y" type="float"/>
              <param name="Z" type="float"/>
            </accessor>
          </technique_common>
        </source>
        <source id="Mesh37-mesh-normals">
          <float_array id="Mesh37-mesh-normals-array" count="87">-0.9807674 0 0.1951801 -0.9807724 0 -0.1951549 -0.9807677 0 0.1951792 -0.8315182 0 0.5554975 -0.8315186 0 -0.5554969 -0.8315186 0 0.5554969 -0.8315182 0 -0.5554975 -0.5554975 0 0.8315182 -0.5554964 0 -0.8315191 -0.5554964 0 0.8315191 -0.5555009 0 -0.831516 -0.1951815 0 0.9807671 -0.195055 0 -0.9807923 -0.195182 0 0.9807671 -0.1950545 0 -0.9807924 0.1951572 0 0.980772 0.1950302 0 -0.9807972 0.1951568 0 0.9807721 0.1950298 0 -0.9807974 0.5555562 0 0.8314791 0.5555596 0 -0.8314768 0.5555562 0 -0.8314791 0.8314599 0 0.5555848 0.8314585 0 -0.5555871 0.8314585 0 0.5555871 0.8314599 0 -0.5555848 0.9807922 0 0.1950557 0.9807971 0 -0.1950314 0.980792 0 0.1950567</float_array>
          <technique_common>
            <accessor source="#Mesh37-mesh-normals-array" count="29" stride="3">
              <param name="X" type="float"/>
              <param name="Y" type="float"/>
              <param name="Z" type="float"/>
            </accessor>
          </technique_common>
        </source>
        <vertices id="Mesh37-mesh-vertices">
          <input semantic="POSITION" source="#Mesh37-mesh-positions"/>
        </vertices>
        <triangles material="Material_0_002-material" count="32">
          <input semantic="VERTEX" source="#Mesh37-mesh-vertices" offset="0"/>
          <input semantic="NORMAL" source="#Mesh37-mesh-normals" offset="1"/>
          <p>0 0 1 0 2 0 1 1 0 1 3 1 2 2 4 2 0 2 1 1 3 1 5 1 6 3 4 3 2 3 5 4 3 4 7 4 6 5 8 5 4 5 7 6 9 6 5 6 8 7 6 7 10 7 9 8 7 8 11 8 10 9 12 9 8 9 9 10 11 10 13 10 12 11 10 11 14 11 13 12 11 12 15 12 12 13 14 13 16 13 15 14 17 14 13 14 16 15 14 15 18 15 19 16 17 16 15 16 18 17 20 17 16 17 19 18 15 18 21 18 22 19 20 19 18 19 19 20 21 20 23 20 22 19 24 19 20 19 23 21 25 21 19 21 24 22 22 22 26 22 25 23 23 23 27 23 26 24 28 24 24 24 25 25 27 25 29 25 30 26 28 26 26 26 29 27 27 27 31 27 30 28 31 28 28 28 31 27 30 27 29 27</p>
        </triangles>
      </mesh>
    </geometry>
    <geometry id="Mesh36-mesh" name="Mesh36">
      <mesh>
        <source id="Mesh36-mesh-positions">
          <float_array id="Mesh36-mesh-positions-array" count="96">-0.7654 83 30.1522 0 83 30 0 90 30 0.7654 83 30.1522 -0.7654 90 30.1522 0.7654 90 30.1522 -1.4142 90 30.5858 1.4142 83 30.5858 -1.4142 83 30.5858 1.4142 90 30.5858 -1.8478 90 31.2346 1.8478 90 31.2346 -1.8478 83 31.2346 1.8478 83 31.2346 -2 90 32 2 83 32 -2 83 32 2 90 32 -1.8478 90 32.7654 1.8478 83 32.7654 -1.8478 83 32.7654 1.8478 90 32.7654 -1.4142 90 33.4142 1.4142 83 33.4142 -1.4142 83 33.4142 1.4142 90 33.4142 -0.7654 83 33.8478 0.7654 90 33.8478 -0.7654 90 33.8478 0.7654 83 33.8478 0 83 34 0 90 34</float_array>
          <technique_common>
            <accessor source="#Mesh36-mesh-positions-array" count="32" stride="3">
              <param name="X" type="float"/>
              <param name="Y" type="float"/>
              <param name="Z" type="float"/>
            </accessor>
          </technique_common>
        </source>
        <source id="Mesh36-mesh-normals">
          <float_array id="Mesh36-mesh-normals-array" count="90">0.1950315 0 0.9807971 -0.1950315 0 0.9807971 0.5556449 0 0.8314198 -0.5556442 0 0.8314202 0.5556482 0 0.8314177 -0.5556488 0 0.8314172 0.8314192 0 0.5556459 -0.8314192 0 0.5556459 0.8314185 0 0.5556468 -0.8314185 0 0.5556468 0.9807971 0 0.1950312 -0.9807971 0 0.1950312 0.9807968 0 0.1950323 -0.9807968 0 0.1950323 0.9807968 0 -0.1950323 -0.9807968 0 -0.1950323 0.9807971 0 -0.1950312 -0.9807971 0 -0.1950312 0.8314175 0 -0.5556485 -0.8314168 0 -0.5556494 0.8314202 0 -0.5556442 -0.8314209 0 -0.5556433 0.5556403 0 -0.8314228 -0.555641 0 -0.8314223 0.5556488 0 -0.8314172 -0.5556482 0 -0.8314177 0.1950315 0 -0.9807971 -0.1950315 0 -0.9807971 0.1950368 0 -0.980796 -0.1950368 0 -0.980796</float_array>
          <technique_common>
            <accessor source="#Mesh36-mesh-normals-array" count="30" stride="3">
              <param name="X" type="float"/>
              <param name="Y" type="float"/>
              <param name="Z" type="float"/>
            </accessor>
          </technique_common>
        </source>
        <vertices id="Mesh36-mesh-vertices">
          <input semantic="POSITION" source="#Mesh36-mesh-positions"/>
        </vertices>
        <triangles material="Material_0_002-material" count="32">
          <input semantic="VERTEX" source="#Mesh36-mesh-vertices" offset="0"/>
          <input semantic="NORMAL" source="#Mesh36-mesh-normals" offset="1"/>
          <p>0 0 1 0 2 0 2 1 1 1 3 1 0 0 2 0 4 0 3 1 5 1 2 1 0 2 4 2 6 2 7 3 5 3 3 3 6 4 8 4 0 4 7 5 9 5 5 5 8 6 6 6 10 6 7 7 11 7 9 7 8 8 10 8 12 8 11 9 7 9 13 9 12 10 10 10 14 10 15 11 11 11 13 11 14 12 16 12 12 12 15 13 17 13 11 13 16 14 14 14 18 14 17 15 15 15 19 15 16 16 18 16 20 16 19 17 21 17 17 17 20 18 18 18 22 18 23 19 21 19 19 19 22 20 24 20 20 20 23 21 25 21 21 21 24 22 22 22 26 22 23 23 27 23 25 23 26 24 22 24 28 24 27 25 23 25 29 25 28 26 30 26 26 26 29 27 31 27 27 27 30 28 28 28 31 28 29 29 30 29 31 29</p>
        </triangles>
      </mesh>
    </geometry>
    <geometry id="Mesh35-mesh" name="Mesh35">
      <mesh>
        <source id="Mesh35-mesh-positions">
          <float_array id="Mesh35-mesh-positions-array" count="96">-10.2459 82 29.5641 -10.2459 90 29.5641 -10.3981 90 28.7988 -10.3981 82 30.3295 -10.3981 82 28.7988 -10.3981 90 30.3295 -10.8317 90 28.1499 -10.8317 82 30.9784 -10.8317 82 28.1499 -10.8317 90 30.9784 -11.4805 90 27.7164 -11.4805 82 31.4119 -11.4805 82 27.7164 -11.4805 90 31.4119 -12.2459 90 27.5641 -12.2459 82 31.5641 -12.2459 82 27.5641 -12.2459 90 31.5641 -13.0112 90 27.7164 -13.0112 90 31.4119 -13.0112 82 27.7164 -13.0112 82 31.4119 -13.6601 90 28.1499 -13.6601 82 30.9784 -13.6601 82 28.1499 -13.6601 90 30.9784 -14.0936 90 28.7988 -14.0936 82 30.3295 -14.0936 82 28.7988 -14.0936 90 30.3295 -14.2459 90 29.5641 -14.2459 82 29.5641</float_array>
          <technique_common>
            <accessor source="#Mesh35-mesh-positions-array" count="32" stride="3">
              <param name="X" type="float"/>
              <param name="Y" type="float"/>
              <param name="Z" type="float"/>
            </accessor>
          </technique_common>
        </source>
        <source id="Mesh35-mesh-normals">
          <float_array id="Mesh35-mesh-normals-array" count="87">-0.980792 0 0.1950567 -0.9807971 0 -0.1950314 -0.9807922 0 0.1950557 -0.8314585 0 0.5555871 -0.8314599 0 -0.5555848 -0.8314599 0 0.5555848 -0.8314585 0 -0.5555871 -0.5555562 0 0.8314791 -0.5555562 0 -0.8314791 -0.5555596 0 -0.8314768 -0.1951572 0 0.980772 -0.1950298 0 -0.9807974 -0.1951568 0 0.9807721 -0.1950302 0 -0.9807972 0.1951815 0 0.9807671 0.1950545 0 -0.9807924 0.195182 0 0.9807671 0.195055 0 -0.9807923 0.5554975 0 0.8315182 0.5554997 0 -0.8315167 0.5554964 0 0.8315191 0.5554975 0 -0.8315182 0.8315198 0 0.5554953 0.8315171 0 -0.5554992 0.8315171 0 0.5554992 0.8315198 0 -0.5554953 0.9807677 0 0.1951792 0.9807724 0 -0.1951549 0.9807674 0 0.1951801</float_array>
          <technique_common>
            <accessor source="#Mesh35-mesh-normals-array" count="29" stride="3">
              <param name="X" type="float"/>
              <param name="Y" type="float"/>
              <param name="Z" type="float"/>
            </accessor>
          </technique_common>
        </source>
        <vertices id="Mesh35-mesh-vertices">
          <input semantic="POSITION" source="#Mesh35-mesh-positions"/>
        </vertices>
        <triangles material="Material_0_002-material" count="32">
          <input semantic="VERTEX" source="#Mesh35-mesh-vertices" offset="0"/>
          <input semantic="NORMAL" source="#Mesh35-mesh-normals" offset="1"/>
          <p>0 0 1 0 2 0 1 1 0 1 3 1 2 2 4 2 0 2 1 1 3 1 5 1 6 3 4 3 2 3 5 4 3 4 7 4 6 5 8 5 4 5 7 6 9 6 5 6 8 7 6 7 10 7 9 8 7 8 11 8 10 7 12 7 8 7 9 9 11 9 13 9 12 10 10 10 14 10 13 11 11 11 15 11 12 12 14 12 16 12 15 13 17 13 13 13 16 14 14 14 18 14 19 15 17 15 15 15 18 16 20 16 16 16 19 17 15 17 21 17 22 18 20 18 18 18 19 19 21 19 23 19 22 20 24 20 20 20 23 21 25 21 19 21 24 22 22 22 26 22 25 23 23 23 27 23 26 24 28 24 24 24 25 25 27 25 29 25 30 26 28 26 26 26 29 27 27 27 31 27 30 28 31 28 28 28 31 27 30 27 29 27</p>
        </triangles>
      </mesh>
    </geometry>
    <geometry id="Mesh34-mesh" name="Mesh34">
      <mesh>
        <source id="Mesh34-mesh-positions">
          <float_array id="Mesh34-mesh-positions-array" count="96">-20.6274 82 22.6274 -20.6274 90 22.6274 -20.7797 90 21.8621 -20.7797 82 23.3928 -20.7797 82 21.8621 -20.7797 90 23.3928 -21.2132 90 21.2132 -21.2132 82 24.0416 -21.2132 82 21.2132 -21.2132 90 24.0416 -21.8621 90 20.7797 -21.8621 82 24.4752 -21.8621 82 20.7797 -21.8621 90 24.4752 -22.6274 90 20.6274 -22.6274 82 24.6274 -22.6274 82 20.6274 -22.6274 90 24.6274 -23.3928 90 20.7797 -23.3928 90 24.4752 -23.3928 82 20.7797 -23.3928 82 24.4752 -24.0416 90 21.2132 -24.0416 82 24.0416 -24.0416 82 21.2132 -24.0416 90 24.0416 -24.4752 90 21.8621 -24.4752 82 23.3928 -24.4752 82 21.8621 -24.4752 90 23.3928 -24.6274 90 22.6274 -24.6274 82 22.6274</float_array>
          <technique_common>
            <accessor source="#Mesh34-mesh-positions-array" count="32" stride="3">
              <param name="X" type="float"/>
              <param name="Y" type="float"/>
              <param name="Z" type="float"/>
            </accessor>
          </technique_common>
        </source>
        <source id="Mesh34-mesh-normals">
          <float_array id="Mesh34-mesh-normals-array" count="72">-0.9807677 0 0.1951792 -0.9807724 0 -0.1951549 -0.8315171 0 0.5554992 -0.8314779 0 -0.5555579 -0.5555009 0 0.831516 -0.5555887 0 -0.8314573 -0.5554975 0 0.8315182 -0.5555853 0 -0.8314595 -0.1951815 0 0.9807671 -0.1950592 0 -0.9807915 -0.1951768 0 0.9807682 -0.1950545 0 -0.9807924 0.1951525 0 0.980773 0.1950302 0 -0.9807972 0.1951572 0 0.980772 0.1950349 0 -0.9807963 0.5555562 0 0.8314791 0.5556441 0 -0.8314204 0.5555596 0 0.8314768 0.5556474 0 -0.831418 0.8314585 0 0.5555871 0.8314192 0 -0.5556458 0.9807919 0 0.1950569 0.9807968 0 -0.1950326</float_array>
          <technique_common>
            <accessor source="#Mesh34-mesh-normals-array" count="24" stride="3">
              <param name="X" type="float"/>
              <param name="Y" type="float"/>
              <param name="Z" type="float"/>
            </accessor>
          </technique_common>
        </source>
        <vertices id="Mesh34-mesh-vertices">
          <input semantic="POSITION" source="#Mesh34-mesh-positions"/>
        </vertices>
        <triangles material="Material_0_002-material" count="32">
          <input semantic="VERTEX" source="#Mesh34-mesh-vertices" offset="0"/>
          <input semantic="NORMAL" source="#Mesh34-mesh-normals" offset="1"/>
          <p>0 0 1 0 2 0 1 1 0 1 3 1 2 0 4 0 0 0 1 1 3 1 5 1 6 2 4 2 2 2 5 3 3 3 7 3 6 2 8 2 4 2 7 3 9 3 5 3 8 4 6 4 10 4 9 5 7 5 11 5 10 6 12 6 8 6 9 7 11 7 13 7 12 8 10 8 14 8 13 9 11 9 15 9 12 10 14 10 16 10 15 11 17 11 13 11 16 12 14 12 18 12 19 13 17 13 15 13 18 14 20 14 16 14 19 15 15 15 21 15 22 16 20 16 18 16 19 17 21 17 23 17 22 18 24 18 20 18 23 19 25 19 19 19 24 20 22 20 26 20 25 21 23 21 27 21 26 20 28 20 24 20 25 21 27 21 29 21 30 22 28 22 26 22 29 23 27 23 31 23 30 22 31 22 28 22 31 23 30 23 29 23</p>
        </triangles>
      </mesh>
    </geometry>
    <geometry id="Mesh33-mesh" name="Mesh33">
      <mesh>
        <source id="Mesh33-mesh-positions">
          <float_array id="Mesh33-mesh-positions-array" count="96">-27.5641 82 12.2459 -27.5641 90 12.2459 -27.7164 90 11.4805 -27.7164 82 13.0112 -27.7164 82 11.4805 -27.7164 90 13.0112 -28.1499 90 10.8317 -28.1499 82 13.6601 -28.1499 82 10.8317 -28.1499 90 13.6601 -28.7988 90 10.3981 -28.7988 82 14.0936 -28.7988 82 10.3981 -28.7988 90 14.0936 -29.5641 90 10.2459 -29.5641 82 14.2459 -29.5641 82 10.2459 -29.5641 90 14.2459 -30.3295 90 10.3981 -30.3295 90 14.0936 -30.3295 82 10.3981 -30.3295 82 14.0936 -30.9784 90 10.8317 -30.9784 82 13.6601 -30.9784 82 10.8317 -30.9784 90 13.6601 -31.4119 90 11.4805 -31.4119 82 13.0112 -31.4119 82 11.4805 -31.4119 90 13.0112 -31.5641 90 12.2459 -31.5641 82 12.2459</float_array>
          <technique_common>
            <accessor source="#Mesh33-mesh-positions-array" count="32" stride="3">
              <param name="X" type="float"/>
              <param name="Y" type="float"/>
              <param name="Z" type="float"/>
            </accessor>
          </technique_common>
        </source>
        <source id="Mesh33-mesh-normals">
          <float_array id="Mesh33-mesh-normals-array" count="81">-0.9807721 0 0.1951568 -0.9807671 0 -0.195182 -0.980772 0 0.1951572 -0.9807671 0 -0.1951815 -0.8314791 0 0.5555562 -0.8315182 0 -0.5554975 -0.8315191 0 -0.5554964 -0.5555859 0 0.8314592 -0.5554981 0 -0.8315179 -0.5554964 0 -0.8315191 -0.1950555 0 0.9807922 -0.1951794 0 -0.9807676 -0.1950572 0 0.9807919 -0.1951801 0 -0.9807674 0.1950326 0 0.9807968 0.1951549 0 -0.9807724 0.1950302 0 0.9807972 0.5555859 0 0.8314592 0.5554964 0 -0.8315191 0.5554981 0 -0.8315179 0.8314779 0 0.5555579 0.8315179 0 -0.5554981 0.8315171 0 -0.5554992 0.9807972 0 0.1950302 0.9807924 0 -0.1950545 0.9807974 0 0.1950298 0.9807923 0 -0.195055</float_array>
          <technique_common>
            <accessor source="#Mesh33-mesh-normals-array" count="27" stride="3">
              <param name="X" type="float"/>
              <param name="Y" type="float"/>
              <param name="Z" type="float"/>
            </accessor>
          </technique_common>
        </source>
        <vertices id="Mesh33-mesh-vertices">
          <input semantic="POSITION" source="#Mesh33-mesh-positions"/>
        </vertices>
        <triangles material="Material_0_002-material" count="32">
          <input semantic="VERTEX" source="#Mesh33-mesh-vertices" offset="0"/>
          <input semantic="NORMAL" source="#Mesh33-mesh-normals" offset="1"/>
          <p>0 0 1 0 2 0 1 1 0 1 3 1 2 2 4 2 0 2 1 3 3 3 5 3 6 4 4 4 2 4 5 5 3 5 7 5 6 4 8 4 4 4 7 6 9 6 5 6 8 7 6 7 10 7 9 8 7 8 11 8 10 7 12 7 8 7 9 9 11 9 13 9 12 10 10 10 14 10 13 11 11 11 15 11 12 12 14 12 16 12 15 13 17 13 13 13 16 14 14 14 18 14 19 15 17 15 15 15 18 16 20 16 16 16 19 15 15 15 21 15 22 17 20 17 18 17 19 18 21 18 23 18 22 17 24 17 20 17 23 19 25 19 19 19 24 20 22 20 26 20 25 21 23 21 27 21 26 20 28 20 24 20 25 22 27 22 29 22 30 23 28 23 26 23 29 24 27 24 31 24 30 25 31 25 28 25 31 26 30 26 29 26</p>
        </triangles>
      </mesh>
    </geometry>
    <geometry id="Mesh32-mesh" name="Mesh32">
      <mesh>
        <source id="Mesh32-mesh-positions">
          <float_array id="Mesh32-mesh-positions-array" count="96">-30 82 0 -30 90 0 -30.1522 90 -0.7654 -30.1522 90 0.7654 -30.1522 82 -0.7654 -30.1522 82 0.7654 -30.5858 90 -1.4142 -30.5858 90 1.4142 -30.5858 82 -1.4142 -30.5858 82 1.4142 -31.2346 82 -1.8478 -31.2346 82 1.8478 -31.2346 90 -1.8478 -31.2346 90 1.8478 -32 82 -2 -32 82 2 -32 90 -2 -32 90 2 -32.7654 82 -1.8478 -32.7654 90 1.8478 -32.7654 90 -1.8478 -32.7654 82 1.8478 -33.4142 82 -1.4142 -33.4142 90 1.4142 -33.4142 90 -1.4142 -33.4142 82 1.4142 -33.8478 90 -0.7654 -33.8478 82 0.7654 -33.8478 82 -0.7654 -33.8478 90 0.7654 -34 90 0 -34 82 0</float_array>
          <technique_common>
            <accessor source="#Mesh32-mesh-positions-array" count="32" stride="3">
              <param name="X" type="float"/>
              <param name="Y" type="float"/>
              <param name="Z" type="float"/>
            </accessor>
          </technique_common>
        </source>
        <source id="Mesh32-mesh-normals">
          <float_array id="Mesh32-mesh-normals-array" count="72">-0.9807972 0 0.1950302 -0.9807972 0 -0.1950302 -0.8314182 0 0.5556474 -0.8314182 0 -0.5556474 -0.831418 0 0.5556474 -0.831418 0 -0.5556474 -0.5556462 0 0.8314189 -0.5556462 0 -0.8314189 -0.1950317 0 0.9807969 -0.1950317 0 -0.9807969 -0.195032 0 0.9807969 -0.195032 0 -0.9807969 0.195032 0 0.9807969 0.195032 0 -0.9807969 0.1950317 0 0.9807969 0.1950317 0 -0.9807969 0.5556462 0 0.8314189 0.5556462 0 -0.8314189 0.8314204 0 0.5556441 0.8314204 0 -0.5556441 0.8314204 0 0.555644 0.8314204 0 -0.555644 0.9807964 0 0.1950349 0.9807964 0 -0.1950349</float_array>
          <technique_common>
            <accessor source="#Mesh32-mesh-normals-array" count="24" stride="3">
              <param name="X" type="float"/>
              <param name="Y" type="float"/>
              <param name="Z" type="float"/>
            </accessor>
          </technique_common>
        </source>
        <vertices id="Mesh32-mesh-vertices">
          <input semantic="POSITION" source="#Mesh32-mesh-positions"/>
        </vertices>
        <triangles material="Material_0_002-material" count="32">
          <input semantic="VERTEX" source="#Mesh32-mesh-vertices" offset="0"/>
          <input semantic="NORMAL" source="#Mesh32-mesh-normals" offset="1"/>
          <p>0 0 1 0 2 0 1 1 0 1 3 1 2 0 4 0 0 0 3 1 0 1 5 1 6 2 4 2 2 2 5 3 7 3 3 3 6 4 8 4 4 4 7 5 5 5 9 5 6 6 10 6 8 6 7 7 9 7 11 7 10 6 6 6 12 6 7 7 11 7 13 7 12 8 14 8 10 8 13 9 11 9 15 9 12 10 16 10 14 10 15 11 17 11 13 11 16 12 18 12 14 12 19 13 17 13 15 13 18 14 16 14 20 14 19 15 15 15 21 15 20 16 22 16 18 16 21 17 23 17 19 17 24 16 22 16 20 16 23 17 21 17 25 17 22 18 24 18 26 18 23 19 25 19 27 19 26 20 28 20 22 20 23 21 27 21 29 21 30 22 28 22 26 22 29 23 27 23 31 23 30 22 31 22 28 22 31 23 30 23 29 23</p>
        </triangles>
      </mesh>
    </geometry>
    <geometry id="Mesh31-mesh" name="Mesh31">
      <mesh>
        <source id="Mesh31-mesh-positions">
          <float_array id="Mesh31-mesh-positions-array" count="96">-27.5641 82 -12.2459 -27.5641 90 -12.2459 -27.7164 90 -13.0112 -27.7164 82 -11.4805 -27.7164 82 -13.0112 -27.7164 90 -11.4805 -28.1499 90 -13.6601 -28.1499 82 -10.8317 -28.1499 82 -13.6601 -28.1499 90 -10.8317 -28.7988 90 -14.0936 -28.7988 82 -10.3981 -28.7988 82 -14.0936 -28.7988 90 -10.3981 -29.5641 90 -14.2459 -29.5641 82 -10.2459 -29.5641 82 -14.2459 -29.5641 90 -10.2459 -30.3295 90 -14.0936 -30.3295 90 -10.3981 -30.3295 82 -14.0936 -30.3295 82 -10.3981 -30.9784 90 -13.6601 -30.9784 82 -10.8317 -30.9784 82 -13.6601 -30.9784 90 -10.8317 -31.4119 90 -13.0112 -31.4119 82 -11.4805 -31.4119 82 -13.0112 -31.4119 90 -11.4805 -31.5641 90 -12.2459 -31.5641 82 -12.2459</float_array>
          <technique_common>
            <accessor source="#Mesh31-mesh-positions-array" count="32" stride="3">
              <param name="X" type="float"/>
              <param name="Y" type="float"/>
              <param name="Z" type="float"/>
            </accessor>
          </technique_common>
        </source>
        <source id="Mesh31-mesh-normals">
          <float_array id="Mesh31-mesh-normals-array" count="81">-0.9807671 0 0.195182 -0.9807721 0 -0.1951568 -0.9807671 0 0.1951815 -0.980772 0 -0.1951572 -0.8315182 0 0.5554975 -0.8314791 0 -0.5555562 -0.8315191 0 0.5554964 -0.5554981 0 0.8315179 -0.5555859 0 -0.8314592 -0.5554964 0 0.8315191 -0.1951801 0 0.9807674 -0.1950548 0 -0.9807924 -0.1951794 0 0.9807676 -0.1950579 0 -0.9807918 0.1951549 0 0.9807724 0.1950326 0 -0.9807968 0.1950302 0 -0.9807972 0.5554964 0 0.8315191 0.5555859 0 -0.8314592 0.5554981 0 0.8315179 0.8315179 0 0.5554981 0.8314779 0 -0.5555579 0.8315171 0 0.5554992 0.9807924 0 0.1950545 0.9807972 0 -0.1950302 0.9807923 0 0.195055 0.9807974 0 -0.1950298</float_array>
          <technique_common>
            <accessor source="#Mesh31-mesh-normals-array" count="27" stride="3">
              <param name="X" type="float"/>
              <param name="Y" type="float"/>
              <param name="Z" type="float"/>
            </accessor>
          </technique_common>
        </source>
        <vertices id="Mesh31-mesh-vertices">
          <input semantic="POSITION" source="#Mesh31-mesh-positions"/>
        </vertices>
        <triangles material="Material_0_002-material" count="32">
          <input semantic="VERTEX" source="#Mesh31-mesh-vertices" offset="0"/>
          <input semantic="NORMAL" source="#Mesh31-mesh-normals" offset="1"/>
          <p>0 0 1 0 2 0 1 1 0 1 3 1 2 2 4 2 0 2 1 3 3 3 5 3 6 4 4 4 2 4 5 5 3 5 7 5 6 6 8 6 4 6 7 5 9 5 5 5 8 7 6 7 10 7 9 8 7 8 11 8 10 9 12 9 8 9 9 8 11 8 13 8 12 10 10 10 14 10 13 11 11 11 15 11 12 12 14 12 16 12 15 13 17 13 13 13 16 14 14 14 18 14 19 15 17 15 15 15 18 14 20 14 16 14 19 16 15 16 21 16 22 17 20 17 18 17 19 18 21 18 23 18 22 19 24 19 20 19 23 18 25 18 19 18 24 20 22 20 26 20 25 21 23 21 27 21 26 22 28 22 24 22 25 21 27 21 29 21 30 23 28 23 26 23 29 24 27 24 31 24 30 25 31 25 28 25 31 26 30 26 29 26</p>
        </triangles>
      </mesh>
    </geometry>
    <geometry id="Mesh30-mesh" name="Mesh30">
      <mesh>
        <source id="Mesh30-mesh-positions">
          <float_array id="Mesh30-mesh-positions-array" count="96">-20.6274 82 -22.6274 -20.6274 90 -22.6274 -20.7797 90 -23.3928 -20.7797 82 -21.8621 -20.7797 82 -23.3928 -20.7797 90 -21.8621 -21.2132 90 -24.0416 -21.2132 82 -21.2132 -21.2132 82 -24.0416 -21.2132 90 -21.2132 -21.8621 90 -24.4752 -21.8621 82 -20.7797 -21.8621 82 -24.4752 -21.8621 90 -20.7797 -22.6274 90 -24.6274 -22.6274 82 -20.6274 -22.6274 82 -24.6274 -22.6274 90 -20.6274 -23.3928 90 -24.4752 -23.3928 90 -20.7797 -23.3928 82 -24.4752 -23.3928 82 -20.7797 -24.0416 90 -24.0416 -24.0416 82 -21.2132 -24.0416 82 -24.0416 -24.0416 90 -21.2132 -24.4752 90 -23.3928 -24.4752 82 -21.8621 -24.4752 82 -23.3928 -24.4752 90 -21.8621 -24.6274 90 -22.6274 -24.6274 82 -22.6274</float_array>
          <technique_common>
            <accessor source="#Mesh30-mesh-positions-array" count="32" stride="3">
              <param name="X" type="float"/>
              <param name="Y" type="float"/>
              <param name="Z" type="float"/>
            </accessor>
          </technique_common>
        </source>
        <source id="Mesh30-mesh-normals">
          <float_array id="Mesh30-mesh-normals-array" count="72">-0.9807724 0 0.1951549 -0.9807677 0 -0.1951792 -0.8314779 0 0.5555579 -0.8315171 0 -0.5554992 -0.5555887 0 0.8314573 -0.5555009 0 -0.831516 -0.5555853 0 0.8314595 -0.5554975 0 -0.8315182 -0.1950592 0 0.9807915 -0.1951815 0 -0.9807671 -0.1950545 0 0.9807924 -0.1951768 0 -0.9807682 0.1950302 0 0.9807972 0.1951525 0 -0.980773 0.1950349 0 0.9807963 0.1951572 0 -0.980772 0.5556441 0 0.8314204 0.5555562 0 -0.8314791 0.5556474 0 0.831418 0.5555596 0 -0.8314768 0.8314192 0 0.5556458 0.8314585 0 -0.5555871 0.9807968 0 0.1950326 0.9807919 0 -0.1950569</float_array>
          <technique_common>
            <accessor source="#Mesh30-mesh-normals-array" count="24" stride="3">
              <param name="X" type="float"/>
              <param name="Y" type="float"/>
              <param name="Z" type="float"/>
            </accessor>
          </technique_common>
        </source>
        <vertices id="Mesh30-mesh-vertices">
          <input semantic="POSITION" source="#Mesh30-mesh-positions"/>
        </vertices>
        <triangles material="Material_0_002-material" count="32">
          <input semantic="VERTEX" source="#Mesh30-mesh-vertices" offset="0"/>
          <input semantic="NORMAL" source="#Mesh30-mesh-normals" offset="1"/>
          <p>0 0 1 0 2 0 1 1 0 1 3 1 2 0 4 0 0 0 1 1 3 1 5 1 6 2 4 2 2 2 5 3 3 3 7 3 6 2 8 2 4 2 7 3 9 3 5 3 8 4 6 4 10 4 9 5 7 5 11 5 10 6 12 6 8 6 9 7 11 7 13 7 12 8 10 8 14 8 13 9 11 9 15 9 12 10 14 10 16 10 15 11 17 11 13 11 16 12 14 12 18 12 19 13 17 13 15 13 18 14 20 14 16 14 19 15 15 15 21 15 22 16 20 16 18 16 19 17 21 17 23 17 22 18 24 18 20 18 23 19 25 19 19 19 24 20 22 20 26 20 25 21 23 21 27 21 26 20 28 20 24 20 25 21 27 21 29 21 30 22 28 22 26 22 29 23 27 23 31 23 30 22 31 22 28 22 31 23 30 23 29 23</p>
        </triangles>
      </mesh>
    </geometry>
    <geometry id="Mesh29-mesh" name="Mesh29">
      <mesh>
        <source id="Mesh29-mesh-positions">
          <float_array id="Mesh29-mesh-positions-array" count="96">-10.2459 82 -29.5641 -10.2459 90 -29.5641 -10.3981 90 -30.3295 -10.3981 82 -28.7988 -10.3981 82 -30.3295 -10.3981 90 -28.7988 -10.8317 90 -30.9784 -10.8317 82 -28.1499 -10.8317 82 -30.9784 -10.8317 90 -28.1499 -11.4805 90 -31.4119 -11.4805 82 -27.7164 -11.4805 82 -31.4119 -11.4805 90 -27.7164 -12.2459 90 -31.5641 -12.2459 82 -27.5641 -12.2459 82 -31.5641 -12.2459 90 -27.5641 -13.0112 90 -31.4119 -13.0112 90 -27.7164 -13.0112 82 -31.4119 -13.0112 82 -27.7164 -13.6601 90 -30.9784 -13.6601 82 -28.1499 -13.6601 82 -30.9784 -13.6601 90 -28.1499 -14.0936 90 -30.3295 -14.0936 82 -28.7988 -14.0936 82 -30.3295 -14.0936 90 -28.7988 -14.2459 90 -29.5641 -14.2459 82 -29.5641</float_array>
          <technique_common>
            <accessor source="#Mesh29-mesh-positions-array" count="32" stride="3">
              <param name="X" type="float"/>
              <param name="Y" type="float"/>
              <param name="Z" type="float"/>
            </accessor>
          </technique_common>
        </source>
        <source id="Mesh29-mesh-normals">
          <float_array id="Mesh29-mesh-normals-array" count="87">-0.9807971 0 0.1950314 -0.980792 0 -0.1950567 -0.9807922 0 -0.1950557 -0.8314599 0 0.5555848 -0.8314585 0 -0.5555871 -0.8314585 0 0.5555871 -0.8314599 0 -0.5555848 -0.5555562 0 0.8314791 -0.5555562 0 -0.8314791 -0.5555596 0 0.8314768 -0.1950302 0 0.9807972 -0.1951568 0 -0.9807721 -0.1950298 0 0.9807974 -0.1951572 0 -0.980772 0.1950545 0 0.9807924 0.1951815 0 -0.9807671 0.195055 0 0.9807923 0.195182 0 -0.9807671 0.5555009 0 0.831516 0.5554964 0 -0.8315191 0.5554964 0 0.8315191 0.5554975 0 -0.8315182 0.8315182 0 0.5554975 0.8315186 0 -0.5554969 0.8315186 0 0.5554969 0.8315182 0 -0.5554975 0.9807724 0 0.1951549 0.9807677 0 -0.1951792 0.9807674 0 -0.1951801</float_array>
          <technique_common>
            <accessor source="#Mesh29-mesh-normals-array" count="29" stride="3">
              <param name="X" type="float"/>
              <param name="Y" type="float"/>
              <param name="Z" type="float"/>
            </accessor>
          </technique_common>
        </source>
        <vertices id="Mesh29-mesh-vertices">
          <input semantic="POSITION" source="#Mesh29-mesh-positions"/>
        </vertices>
        <triangles material="Material_0_002-material" count="32">
          <input semantic="VERTEX" source="#Mesh29-mesh-vertices" offset="0"/>
          <input semantic="NORMAL" source="#Mesh29-mesh-normals" offset="1"/>
          <p>0 0 1 0 2 0 1 1 0 1 3 1 2 0 4 0 0 0 1 2 3 2 5 2 6 3 4 3 2 3 5 4 3 4 7 4 6 5 8 5 4 5 7 6 9 6 5 6 8 7 6 7 10 7 9 8 7 8 11 8 10 9 12 9 8 9 9 8 11 8 13 8 12 10 10 10 14 10 13 11 11 11 15 11 12 12 14 12 16 12 15 13 17 13 13 13 16 14 14 14 18 14 19 15 17 15 15 15 18 16 20 16 16 16 19 17 15 17 21 17 22 18 20 18 18 18 19 19 21 19 23 19 22 20 24 20 20 20 23 21 25 21 19 21 24 22 22 22 26 22 25 23 23 23 27 23 26 24 28 24 24 24 25 25 27 25 29 25 30 26 28 26 26 26 29 27 27 27 31 27 30 26 31 26 28 26 31 28 30 28 29 28</p>
        </triangles>
      </mesh>
    </geometry>
    <geometry id="Mesh28-mesh" name="Mesh28">
      <mesh>
        <source id="Mesh28-mesh-positions">
          <float_array id="Mesh28-mesh-positions-array" count="96">-0.7654 83 -33.8478 0 83 -34 0 90 -34 0.7654 83 -33.8478 -0.7654 90 -33.8478 0.7654 90 -33.8478 -1.4142 90 -33.4142 1.4142 83 -33.4142 -1.4142 83 -33.4142 1.4142 90 -33.4142 -1.8478 90 -32.7654 1.8478 90 -32.7654 -1.8478 83 -32.7654 1.8478 83 -32.7654 -2 90 -32 2 83 -32 -2 83 -32 2 90 -32 -1.8478 90 -31.2346 1.8478 83 -31.2346 -1.8478 83 -31.2346 1.8478 90 -31.2346 -1.4142 90 -30.5858 1.4142 83 -30.5858 -1.4142 83 -30.5858 1.4142 90 -30.5858 -0.7654 83 -30.1522 0.7654 90 -30.1522 -0.7654 90 -30.1522 0.7654 83 -30.1522 0 83 -30 0 90 -30</float_array>
          <technique_common>
            <accessor source="#Mesh28-mesh-positions-array" count="32" stride="3">
              <param name="X" type="float"/>
              <param name="Y" type="float"/>
              <param name="Z" type="float"/>
            </accessor>
          </technique_common>
        </source>
        <source id="Mesh28-mesh-normals">
          <float_array id="Mesh28-mesh-normals-array" count="90">0.1950368 0 0.980796 -0.1950368 0 0.980796 0.1950315 0 0.9807971 -0.1950315 0 0.9807971 0.5556488 0 0.8314172 -0.5556482 0 0.8314177 0.5556403 0 0.8314228 -0.555641 0 0.8314223 0.8314209 0 0.5556433 -0.8314209 0 0.5556433 0.8314168 0 0.5556494 -0.8314168 0 0.5556494 0.9807971 0 0.1950312 -0.9807971 0 0.1950312 0.9807968 0 0.1950323 -0.9807968 0 0.1950323 0.9807968 0 -0.1950323 -0.9807968 0 -0.1950323 0.9807971 0 -0.1950312 -0.9807971 0 -0.1950312 0.8314192 0 -0.5556459 -0.8314185 0 -0.5556468 0.8314185 0 -0.5556468 -0.8314192 0 -0.5556459 0.5556482 0 -0.8314177 -0.5556488 0 -0.8314172 0.5556449 0 -0.8314198 -0.5556442 0 -0.8314202 0.1950315 0 -0.9807971 -0.1950315 0 -0.9807971</float_array>
          <technique_common>
            <accessor source="#Mesh28-mesh-normals-array" count="30" stride="3">
              <param name="X" type="float"/>
              <param name="Y" type="float"/>
              <param name="Z" type="float"/>
            </accessor>
          </technique_common>
        </source>
        <vertices id="Mesh28-mesh-vertices">
          <input semantic="POSITION" source="#Mesh28-mesh-positions"/>
        </vertices>
        <triangles material="Material_0_002-material" count="32">
          <input semantic="VERTEX" source="#Mesh28-mesh-vertices" offset="0"/>
          <input semantic="NORMAL" source="#Mesh28-mesh-normals" offset="1"/>
          <p>0 0 1 0 2 0 2 1 1 1 3 1 0 2 2 2 4 2 3 3 5 3 2 3 0 4 4 4 6 4 7 5 5 5 3 5 6 6 8 6 0 6 7 7 9 7 5 7 8 8 6 8 10 8 7 9 11 9 9 9 8 10 10 10 12 10 11 11 7 11 13 11 12 12 10 12 14 12 15 13 11 13 13 13 14 14 16 14 12 14 15 15 17 15 11 15 16 16 14 16 18 16 17 17 15 17 19 17 16 18 18 18 20 18 19 19 21 19 17 19 20 20 18 20 22 20 23 21 21 21 19 21 22 22 24 22 20 22 23 23 25 23 21 23 24 24 22 24 26 24 23 25 27 25 25 25 26 26 22 26 28 26 27 27 23 27 29 27 28 28 30 28 26 28 29 29 31 29 27 29 30 28 28 28 31 28 29 29 30 29 31 29</p>
        </triangles>
      </mesh>
    </geometry>
    <geometry id="Mesh27-mesh" name="Mesh27">
      <mesh>
        <source id="Mesh27-mesh-positions">
          <float_array id="Mesh27-mesh-positions-array" count="96">14.2459 82 -29.5641 14.2459 90 -29.5641 14.0936 90 -30.3295 14.0936 82 -28.7988 14.0936 82 -30.3295 14.0936 90 -28.7988 13.6601 90 -30.9784 13.6601 82 -28.1499 13.6601 82 -30.9784 13.6601 90 -28.1499 13.0112 90 -31.4119 13.0112 82 -27.7164 13.0112 82 -31.4119 13.0112 90 -27.7164 12.2459 90 -31.5641 12.2459 82 -27.5641 12.2459 82 -31.5641 12.2459 90 -27.5641 11.4805 90 -31.4119 11.4805 90 -27.7164 11.4805 82 -31.4119 11.4805 82 -27.7164 10.8317 90 -30.9784 10.8317 82 -28.1499 10.8317 82 -30.9784 10.8317 90 -28.1499 10.3981 90 -30.3295 10.3981 82 -28.7988 10.3981 82 -30.3295 10.3981 90 -28.7988 10.2459 90 -29.5641 10.2459 82 -29.5641</float_array>
          <technique_common>
            <accessor source="#Mesh27-mesh-positions-array" count="32" stride="3">
              <param name="X" type="float"/>
              <param name="Y" type="float"/>
              <param name="Z" type="float"/>
            </accessor>
          </technique_common>
        </source>
        <source id="Mesh27-mesh-normals">
          <float_array id="Mesh27-mesh-normals-array" count="87">-0.9807724 0 0.1951549 -0.9807674 0 -0.1951801 -0.9807677 0 -0.1951792 -0.8315198 0 0.5554953 -0.8315171 0 -0.5554992 -0.8315171 0 0.5554992 -0.8315198 0 -0.5554953 -0.5554975 0 0.8315182 -0.5554964 0 -0.8315191 -0.5554997 0 0.8315167 -0.5554975 0 -0.8315182 -0.1950545 0 0.9807924 -0.195182 0 -0.9807671 -0.195055 0 0.9807923 -0.1951815 0 -0.9807671 0.1950302 0 0.9807972 0.1951572 0 -0.980772 0.1950298 0 0.9807974 0.1951568 0 -0.9807721 0.5555596 0 0.8314768 0.5555562 0 -0.8314791 0.5555562 0 0.8314791 0.8314585 0 0.5555871 0.8314599 0 -0.5555848 0.8314599 0 0.5555848 0.8314585 0 -0.5555871 0.9807971 0 0.1950314 0.9807922 0 -0.1950557 0.980792 0 -0.1950567</float_array>
          <technique_common>
            <accessor source="#Mesh27-mesh-normals-array" count="29" stride="3">
              <param name="X" type="float"/>
              <param name="Y" type="float"/>
              <param name="Z" type="float"/>
            </accessor>
          </technique_common>
        </source>
        <vertices id="Mesh27-mesh-vertices">
          <input semantic="POSITION" source="#Mesh27-mesh-positions"/>
        </vertices>
        <triangles material="Material_0_002-material" count="32">
          <input semantic="VERTEX" source="#Mesh27-mesh-vertices" offset="0"/>
          <input semantic="NORMAL" source="#Mesh27-mesh-normals" offset="1"/>
          <p>0 0 1 0 2 0 1 1 0 1 3 1 2 0 4 0 0 0 1 2 3 2 5 2 6 3 4 3 2 3 5 4 3 4 7 4 6 5 8 5 4 5 7 6 9 6 5 6 8 7 6 7 10 7 9 8 7 8 11 8 10 9 12 9 8 9 9 10 11 10 13 10 12 11 10 11 14 11 13 12 11 12 15 12 12 13 14 13 16 13 15 14 17 14 13 14 16 15 14 15 18 15 19 16 17 16 15 16 18 17 20 17 16 17 19 18 15 18 21 18 22 19 20 19 18 19 19 20 21 20 23 20 22 21 24 21 20 21 23 20 25 20 19 20 24 22 22 22 26 22 25 23 23 23 27 23 26 24 28 24 24 24 25 25 27 25 29 25 30 26 28 26 26 26 29 27 27 27 31 27 30 26 31 26 28 26 31 28 30 28 29 28</p>
        </triangles>
      </mesh>
    </geometry>
    <geometry id="Mesh26-mesh" name="Mesh26">
      <mesh>
        <source id="Mesh26-mesh-positions">
          <float_array id="Mesh26-mesh-positions-array" count="96">24.6274 82 -22.6274 24.6274 90 -22.6274 24.4752 90 -23.3928 24.4752 82 -21.8621 24.4752 82 -23.3928 24.4752 90 -21.8621 24.0416 90 -24.0416 24.0416 82 -21.2132 24.0416 82 -24.0416 24.0416 90 -21.2132 23.3928 90 -24.4752 23.3928 82 -20.7797 23.3928 82 -24.4752 23.3928 90 -20.7797 22.6274 90 -24.6274 22.6274 82 -20.6274 22.6274 82 -24.6274 22.6274 90 -20.6274 21.8621 90 -24.4752 21.8621 90 -20.7797 21.8621 82 -24.4752 21.8621 82 -20.7797 21.2132 90 -24.0416 21.2132 82 -21.2132 21.2132 82 -24.0416 21.2132 90 -21.2132 20.7797 90 -23.3928 20.7797 82 -21.8621 20.7797 82 -23.3928 20.7797 90 -21.8621 20.6274 90 -22.6274 20.6274 82 -22.6274</float_array>
          <technique_common>
            <accessor source="#Mesh26-mesh-positions-array" count="32" stride="3">
              <param name="X" type="float"/>
              <param name="Y" type="float"/>
              <param name="Z" type="float"/>
            </accessor>
          </technique_common>
        </source>
        <source id="Mesh26-mesh-normals">
          <float_array id="Mesh26-mesh-normals-array" count="72">-0.9807968 0 0.1950326 -0.9807919 0 -0.1950569 -0.8314192 0 0.5556458 -0.8314585 0 -0.5555871 -0.5556474 0 0.831418 -0.5555596 0 -0.8314768 -0.5556441 0 0.8314204 -0.5555562 0 -0.8314791 -0.1950349 0 0.9807963 -0.1951572 0 -0.980772 -0.1950302 0 0.9807972 -0.1951525 0 -0.980773 0.1950545 0 0.9807924 0.1951768 0 -0.9807682 0.1950592 0 0.9807915 0.1951815 0 -0.9807671 0.5555853 0 0.8314595 0.5554975 0 -0.8315182 0.5555887 0 0.8314573 0.5555009 0 -0.831516 0.8314779 0 0.5555579 0.8315171 0 -0.5554992 0.9807724 0 0.1951549 0.9807677 0 -0.1951792</float_array>
          <technique_common>
            <accessor source="#Mesh26-mesh-normals-array" count="24" stride="3">
              <param name="X" type="float"/>
              <param name="Y" type="float"/>
              <param name="Z" type="float"/>
            </accessor>
          </technique_common>
        </source>
        <vertices id="Mesh26-mesh-vertices">
          <input semantic="POSITION" source="#Mesh26-mesh-positions"/>
        </vertices>
        <triangles material="Material_0_002-material" count="32">
          <input semantic="VERTEX" source="#Mesh26-mesh-vertices" offset="0"/>
          <input semantic="NORMAL" source="#Mesh26-mesh-normals" offset="1"/>
          <p>0 0 1 0 2 0 1 1 0 1 3 1 2 0 4 0 0 0 1 1 3 1 5 1 6 2 4 2 2 2 5 3 3 3 7 3 6 2 8 2 4 2 7 3 9 3 5 3 8 4 6 4 10 4 9 5 7 5 11 5 10 6 12 6 8 6 9 7 11 7 13 7 12 8 10 8 14 8 13 9 11 9 15 9 12 10 14 10 16 10 15 11 17 11 13 11 16 12 14 12 18 12 19 13 17 13 15 13 18 14 20 14 16 14 19 15 15 15 21 15 22 16 20 16 18 16 19 17 21 17 23 17 22 18 24 18 20 18 23 19 25 19 19 19 24 20 22 20 26 20 25 21 23 21 27 21 26 20 28 20 24 20 25 21 27 21 29 21 30 22 28 22 26 22 29 23 27 23 31 23 30 22 31 22 28 22 31 23 30 23 29 23</p>
        </triangles>
      </mesh>
    </geometry>
    <geometry id="Mesh25-mesh" name="Mesh25">
      <mesh>
        <source id="Mesh25-mesh-positions">
          <float_array id="Mesh25-mesh-positions-array" count="48">21.8621 82 -24.4752 21.2132 82 -24.0416 20.7797 82 -23.3928 24.4752 82 -23.3928 24.4752 82 -21.8621 23.3928 82 -24.4752 20.7797 82 -21.8621 24.6274 82 -22.6274 24.0416 82 -24.0416 22.6274 82 -24.6274 20.6274 82 -22.6274 23.3928 82 -20.7797 21.8621 82 -20.7797 24.0416 82 -21.2132 21.2132 82 -21.2132 22.6274 82 -20.6274</float_array>
          <technique_common>
            <accessor source="#Mesh25-mesh-positions-array" count="16" stride="3">
              <param name="X" type="float"/>
              <param name="Y" type="float"/>
              <param name="Z" type="float"/>
            </accessor>
          </technique_common>
        </source>
        <source id="Mesh25-mesh-normals">
          <float_array id="Mesh25-mesh-normals-array" count="15">0 1 3.27383e-5 0 1 0 0 1 3.27533e-5 0 1 -3.2738e-5 0 1 -3.2723e-5</float_array>
          <technique_common>
            <accessor source="#Mesh25-mesh-normals-array" count="5" stride="3">
              <param name="X" type="float"/>
              <param name="Y" type="float"/>
              <param name="Z" type="float"/>
            </accessor>
          </technique_common>
        </source>
        <vertices id="Mesh25-mesh-vertices">
          <input semantic="POSITION" source="#Mesh25-mesh-positions"/>
        </vertices>
        <triangles material="Material_0_002-material" count="14">
          <input semantic="VERTEX" source="#Mesh25-mesh-vertices" offset="0"/>
          <input semantic="NORMAL" source="#Mesh25-mesh-normals" offset="1"/>
          <p>0 0 1 0 2 0 0 1 2 1 3 1 3 1 2 1 4 1 0 1 3 1 5 1 4 1 2 1 6 1 3 1 4 1 7 1 3 2 8 2 5 2 9 1 0 1 5 1 2 1 10 1 6 1 6 1 11 1 4 1 6 1 12 1 11 1 11 3 13 3 4 3 6 4 14 4 12 4 11 1 12 1 15 1</p>
        </triangles>
      </mesh>
    </geometry>
    <geometry id="Mesh24-mesh" name="Mesh24">
      <mesh>
        <source id="Mesh24-mesh-positions">
          <float_array id="Mesh24-mesh-positions-array" count="48">11.4805 82 -31.4119 10.8317 82 -30.9784 10.3981 82 -30.3295 10.2459 82 -29.5641 11.4805 82 -27.7164 13.0112 82 -27.7164 10.3981 82 -28.7988 12.2459 82 -27.5641 13.0112 82 -31.4119 10.8317 82 -28.1499 12.2459 82 -31.5641 14.2459 82 -29.5641 14.0936 82 -28.7988 14.0936 82 -30.3295 13.6601 82 -28.1499 13.6601 82 -30.9784</float_array>
          <technique_common>
            <accessor source="#Mesh24-mesh-positions-array" count="16" stride="3">
              <param name="X" type="float"/>
              <param name="Y" type="float"/>
              <param name="Z" type="float"/>
            </accessor>
          </technique_common>
        </source>
        <source id="Mesh24-mesh-normals">
          <float_array id="Mesh24-mesh-normals-array" count="21">0 1 3.27383e-5 0 1 -2.29896e-5 0 1 0 0 1 1.7245e-5 0 1 -3.27383e-5 0 1 2.29971e-5 0 1 -1.14966e-5</float_array>
          <technique_common>
            <accessor source="#Mesh24-mesh-normals-array" count="7" stride="3">
              <param name="X" type="float"/>
              <param name="Y" type="float"/>
              <param name="Z" type="float"/>
            </accessor>
          </technique_common>
        </source>
        <vertices id="Mesh24-mesh-vertices">
          <input semantic="POSITION" source="#Mesh24-mesh-positions"/>
        </vertices>
        <triangles material="Material_0_002-material" count="14">
          <input semantic="VERTEX" source="#Mesh24-mesh-vertices" offset="0"/>
          <input semantic="NORMAL" source="#Mesh24-mesh-normals" offset="1"/>
          <p>0 0 1 0 2 0 2 1 3 1 0 1 4 2 0 2 3 2 0 2 4 2 5 2 4 3 3 3 6 3 5 2 4 2 7 2 8 2 0 2 5 2 6 4 9 4 4 4 10 2 0 2 8 2 8 2 5 2 11 2 12 5 11 5 5 5 8 6 11 6 13 6 5 2 14 2 12 2 13 2 15 2 8 2</p>
        </triangles>
      </mesh>
    </geometry>
    <geometry id="Mesh23-mesh" name="Mesh23">
      <mesh>
        <source id="Mesh23-mesh-positions">
          <float_array id="Mesh23-mesh-positions-array" count="48">0 83 -34 -0.7654 83 -33.8478 0.7654 83 -33.8478 -1.4142 83 -33.4142 1.4142 83 -33.4142 0.7654 83 -30.1522 1.8478 83 -31.2346 -0.7654 83 -30.1522 1.4142 83 -30.5858 2 83 -32 -1.8478 83 -31.2346 0 83 -30 1.8478 83 -32.7654 -2 83 -32 -1.4142 83 -30.5858 -1.8478 83 -32.7654</float_array>
          <technique_common>
            <accessor source="#Mesh23-mesh-positions-array" count="16" stride="3">
              <param name="X" type="float"/>
              <param name="Y" type="float"/>
              <param name="Z" type="float"/>
            </accessor>
          </technique_common>
        </source>
        <source id="Mesh23-mesh-normals">
          <float_array id="Mesh23-mesh-normals-array" count="30">0 1 0 0 1 -2.29887e-5 0 1 2.48841e-5 0 1 -3.30769e-6 0 1 2.6973e-6 0 1 3.05575e-6 0 1 -3.27538e-5 0 1 -1.14968e-5 0 1 1.6363e-5 0 1 3.27259e-5</float_array>
          <technique_common>
            <accessor source="#Mesh23-mesh-normals-array" count="10" stride="3">
              <param name="X" type="float"/>
              <param name="Y" type="float"/>
              <param name="Z" type="float"/>
            </accessor>
          </technique_common>
        </source>
        <vertices id="Mesh23-mesh-vertices">
          <input semantic="POSITION" source="#Mesh23-mesh-positions"/>
        </vertices>
        <triangles material="Material_0_002-material" count="14">
          <input semantic="VERTEX" source="#Mesh23-mesh-vertices" offset="0"/>
          <input semantic="NORMAL" source="#Mesh23-mesh-normals" offset="1"/>
          <p>0 0 1 0 2 0 2 1 1 1 3 1 2 2 3 2 4 2 5 3 4 3 3 3 5 4 6 4 4 4 5 5 3 5 7 5 5 6 8 6 6 6 9 7 4 7 6 7 7 4 3 4 10 4 5 0 7 0 11 0 4 8 9 8 12 8 10 7 3 7 13 7 10 6 14 6 7 6 15 9 13 9 3 9</p>
        </triangles>
      </mesh>
    </geometry>
    <geometry id="Mesh22-mesh" name="Mesh22">
      <mesh>
        <source id="Mesh22-mesh-positions">
          <float_array id="Mesh22-mesh-positions-array" count="48">-13.0112 82 -31.4119 -13.6601 82 -30.9784 -14.0936 82 -30.3295 -14.2459 82 -29.5641 -13.0112 82 -27.7164 -11.4805 82 -27.7164 -14.0936 82 -28.7988 -12.2459 82 -27.5641 -11.4805 82 -31.4119 -13.6601 82 -28.1499 -12.2459 82 -31.5641 -10.2459 82 -29.5641 -10.3981 82 -28.7988 -10.3981 82 -30.3295 -10.8317 82 -28.1499 -10.8317 82 -30.9784</float_array>
          <technique_common>
            <accessor source="#Mesh22-mesh-positions-array" count="16" stride="3">
              <param name="X" type="float"/>
              <param name="Y" type="float"/>
              <param name="Z" type="float"/>
            </accessor>
          </technique_common>
        </source>
        <source id="Mesh22-mesh-normals">
          <float_array id="Mesh22-mesh-normals-array" count="21">0 1 0 0 1 -2.29933e-5 0 1 1.14985e-5 0 1 2.29933e-5 0 1 -1.72422e-5 0 1 -3.27383e-5 0 1 3.27383e-5</float_array>
          <technique_common>
            <accessor source="#Mesh22-mesh-normals-array" count="7" stride="3">
              <param name="X" type="float"/>
              <param name="Y" type="float"/>
              <param name="Z" type="float"/>
            </accessor>
          </technique_common>
        </source>
        <vertices id="Mesh22-mesh-vertices">
          <input semantic="POSITION" source="#Mesh22-mesh-positions"/>
        </vertices>
        <triangles material="Material_0_002-material" count="14">
          <input semantic="VERTEX" source="#Mesh22-mesh-vertices" offset="0"/>
          <input semantic="NORMAL" source="#Mesh22-mesh-normals" offset="1"/>
          <p>0 0 1 0 2 0 2 1 3 1 0 1 4 0 0 0 3 0 0 0 4 0 5 0 4 2 3 2 6 2 5 0 4 0 7 0 8 0 0 0 5 0 6 0 9 0 4 0 10 0 0 0 8 0 8 0 5 0 11 0 12 3 11 3 5 3 8 4 11 4 13 4 5 5 14 5 12 5 13 6 15 6 8 6</p>
        </triangles>
      </mesh>
    </geometry>
    <geometry id="Mesh21-mesh" name="Mesh21">
      <mesh>
        <source id="Mesh21-mesh-positions">
          <float_array id="Mesh21-mesh-positions-array" count="48">-23.3928 82 -24.4752 -24.0416 82 -24.0416 -24.4752 82 -23.3928 -20.7797 82 -23.3928 -20.7797 82 -21.8621 -21.8621 82 -24.4752 -24.4752 82 -21.8621 -20.6274 82 -22.6274 -21.2132 82 -24.0416 -22.6274 82 -24.6274 -24.6274 82 -22.6274 -21.8621 82 -20.7797 -23.3928 82 -20.7797 -21.2132 82 -21.2132 -24.0416 82 -21.2132 -22.6274 82 -20.6274</float_array>
          <technique_common>
            <accessor source="#Mesh21-mesh-positions-array" count="16" stride="3">
              <param name="X" type="float"/>
              <param name="Y" type="float"/>
              <param name="Z" type="float"/>
            </accessor>
          </technique_common>
        </source>
        <source id="Mesh21-mesh-normals">
          <float_array id="Mesh21-mesh-normals-array" count="15">0 1 3.27533e-5 0 1 0 0 1 3.27383e-5 0 1 -3.2723e-5 0 1 -3.2738e-5</float_array>
          <technique_common>
            <accessor source="#Mesh21-mesh-normals-array" count="5" stride="3">
              <param name="X" type="float"/>
              <param name="Y" type="float"/>
              <param name="Z" type="float"/>
            </accessor>
          </technique_common>
        </source>
        <vertices id="Mesh21-mesh-vertices">
          <input semantic="POSITION" source="#Mesh21-mesh-positions"/>
        </vertices>
        <triangles material="Material_0_002-material" count="14">
          <input semantic="VERTEX" source="#Mesh21-mesh-vertices" offset="0"/>
          <input semantic="NORMAL" source="#Mesh21-mesh-normals" offset="1"/>
          <p>0 0 1 0 2 0 0 1 2 1 3 1 3 1 2 1 4 1 0 1 3 1 5 1 4 1 2 1 6 1 3 1 4 1 7 1 3 2 8 2 5 2 9 1 0 1 5 1 2 1 10 1 6 1 6 1 11 1 4 1 6 1 12 1 11 1 11 3 13 3 4 3 6 4 14 4 12 4 11 1 12 1 15 1</p>
        </triangles>
      </mesh>
    </geometry>
    <geometry id="Mesh20-mesh" name="Mesh20">
      <mesh>
        <source id="Mesh20-mesh-positions">
          <float_array id="Mesh20-mesh-positions-array" count="48">-30.3295 82 -14.0936 -30.9784 82 -13.6601 -31.4119 82 -13.0112 -29.5641 82 -14.2459 -27.7164 82 -13.0112 -27.7164 82 -11.4805 -28.7988 82 -14.0936 -31.4119 82 -11.4805 -27.5641 82 -12.2459 -28.1499 82 -13.6601 -31.5641 82 -12.2459 -29.5641 82 -10.2459 -30.3295 82 -10.3981 -28.7988 82 -10.3981 -30.9784 82 -10.8317 -28.1499 82 -10.8317</float_array>
          <technique_common>
            <accessor source="#Mesh20-mesh-positions-array" count="16" stride="3">
              <param name="X" type="float"/>
              <param name="Y" type="float"/>
              <param name="Z" type="float"/>
            </accessor>
          </technique_common>
        </source>
        <source id="Mesh20-mesh-normals">
          <float_array id="Mesh20-mesh-normals-array" count="18">0 1 0 0 1 -4.59939e-5 0 1 3.27233e-5 0 1 -6.68884e-6 0 1 4.59868e-5 0 1 -3.27386e-5</float_array>
          <technique_common>
            <accessor source="#Mesh20-mesh-normals-array" count="6" stride="3">
              <param name="X" type="float"/>
              <param name="Y" type="float"/>
              <param name="Z" type="float"/>
            </accessor>
          </technique_common>
        </source>
        <vertices id="Mesh20-mesh-vertices">
          <input semantic="POSITION" source="#Mesh20-mesh-positions"/>
        </vertices>
        <triangles material="Material_0_002-material" count="14">
          <input semantic="VERTEX" source="#Mesh20-mesh-vertices" offset="0"/>
          <input semantic="NORMAL" source="#Mesh20-mesh-normals" offset="1"/>
          <p>0 0 1 0 2 0 0 0 2 0 3 0 3 0 2 0 4 0 4 0 2 0 5 0 6 1 3 1 4 1 5 0 2 0 7 0 4 0 5 0 8 0 4 2 9 2 6 2 2 0 10 0 7 0 7 3 11 3 5 3 12 0 11 0 7 0 11 4 13 4 5 4 7 0 14 0 12 0 13 5 15 5 5 5</p>
        </triangles>
      </mesh>
    </geometry>
    <geometry id="Mesh19-mesh" name="Mesh19">
      <mesh>
        <source id="Mesh19-mesh-positions">
          <float_array id="Mesh19-mesh-positions-array" count="48">-31.2346 82 -1.8478 -32 82 -2 -32.7654 82 -1.8478 -30 82 0 -33.4142 82 -1.4142 -30.1522 82 -0.7654 -33.4142 82 1.4142 -30.5858 82 -1.4142 -32 82 2 -33.8478 82 0.7654 -32.7654 82 1.8478 -31.2346 82 1.8478 -33.8478 82 -0.7654 -30.1522 82 0.7654 -34 82 0 -30.5858 82 1.4142</float_array>
          <technique_common>
            <accessor source="#Mesh19-mesh-positions-array" count="16" stride="3">
              <param name="X" type="float"/>
              <param name="Y" type="float"/>
              <param name="Z" type="float"/>
            </accessor>
          </technique_common>
        </source>
        <source id="Mesh19-mesh-normals">
          <float_array id="Mesh19-mesh-normals-array" count="6">0 1 0 0 1 -6.36332e-6</float_array>
          <technique_common>
            <accessor source="#Mesh19-mesh-normals-array" count="2" stride="3">
              <param name="X" type="float"/>
              <param name="Y" type="float"/>
              <param name="Z" type="float"/>
            </accessor>
          </technique_common>
        </source>
        <vertices id="Mesh19-mesh-vertices">
          <input semantic="POSITION" source="#Mesh19-mesh-positions"/>
        </vertices>
        <triangles material="Material_0_002-material" count="14">
          <input semantic="VERTEX" source="#Mesh19-mesh-vertices" offset="0"/>
          <input semantic="NORMAL" source="#Mesh19-mesh-normals" offset="1"/>
          <p>0 0 1 0 2 0 0 0 2 0 3 0 3 1 2 1 4 1 3 0 5 0 0 0 6 0 3 0 4 0 7 0 0 0 5 0 3 0 6 0 8 0 9 0 6 0 4 0 8 0 6 0 10 0 8 0 11 0 3 0 4 0 12 0 9 0 13 0 3 0 11 0 12 0 14 0 9 0 15 0 13 0 11 0</p>
        </triangles>
      </mesh>
    </geometry>
    <geometry id="Mesh18-mesh" name="Mesh18">
      <mesh>
        <source id="Mesh18-mesh-positions">
          <float_array id="Mesh18-mesh-positions-array" count="48">-30.3295 82 10.3981 -30.9784 82 10.8317 -31.4119 82 11.4805 -29.5641 82 10.2459 -27.7164 82 11.4805 -27.7164 82 13.0112 -28.7988 82 10.3981 -31.4119 82 13.0112 -27.5641 82 12.2459 -28.1499 82 10.8317 -31.5641 82 12.2459 -29.5641 82 14.2459 -30.3295 82 14.0936 -28.7988 82 14.0936 -30.9784 82 13.6601 -28.1499 82 13.6601</float_array>
          <technique_common>
            <accessor source="#Mesh18-mesh-positions-array" count="16" stride="3">
              <param name="X" type="float"/>
              <param name="Y" type="float"/>
              <param name="Z" type="float"/>
            </accessor>
          </technique_common>
        </source>
        <source id="Mesh18-mesh-normals">
          <float_array id="Mesh18-mesh-normals-array" count="18">0 1 0 0 1 -4.59865e-5 0 1 3.27383e-5 0 1 -6.6883e-6 0 1 4.59942e-5 0 1 -3.2723e-5</float_array>
          <technique_common>
            <accessor source="#Mesh18-mesh-normals-array" count="6" stride="3">
              <param name="X" type="float"/>
              <param name="Y" type="float"/>
              <param name="Z" type="float"/>
            </accessor>
          </technique_common>
        </source>
        <vertices id="Mesh18-mesh-vertices">
          <input semantic="POSITION" source="#Mesh18-mesh-positions"/>
        </vertices>
        <triangles material="Material_0_002-material" count="14">
          <input semantic="VERTEX" source="#Mesh18-mesh-vertices" offset="0"/>
          <input semantic="NORMAL" source="#Mesh18-mesh-normals" offset="1"/>
          <p>0 0 1 0 2 0 0 0 2 0 3 0 3 0 2 0 4 0 4 0 2 0 5 0 6 1 3 1 4 1 5 0 2 0 7 0 4 0 5 0 8 0 4 2 9 2 6 2 2 0 10 0 7 0 7 3 11 3 5 3 12 0 11 0 7 0 11 4 13 4 5 4 7 0 14 0 12 0 13 5 15 5 5 5</p>
        </triangles>
      </mesh>
    </geometry>
    <geometry id="Mesh17-mesh" name="Mesh17">
      <mesh>
        <source id="Mesh17-mesh-positions">
          <float_array id="Mesh17-mesh-positions-array" count="48">-23.3928 82 20.7797 -24.0416 82 21.2132 -24.4752 82 21.8621 -20.7797 82 21.8621 -20.7797 82 23.3928 -21.8621 82 20.7797 -24.4752 82 23.3928 -20.6274 82 22.6274 -21.2132 82 21.2132 -22.6274 82 20.6274 -24.6274 82 22.6274 -21.8621 82 24.4752 -23.3928 82 24.4752 -21.2132 82 24.0416 -24.0416 82 24.0416 -22.6274 82 24.6274</float_array>
          <technique_common>
            <accessor source="#Mesh17-mesh-positions-array" count="16" stride="3">
              <param name="X" type="float"/>
              <param name="Y" type="float"/>
              <param name="Z" type="float"/>
            </accessor>
          </technique_common>
        </source>
        <source id="Mesh17-mesh-normals">
          <float_array id="Mesh17-mesh-normals-array" count="15">0 1 3.2738e-5 0 1 0 0 1 3.2723e-5 0 1 -3.27383e-5 0 1 -3.27533e-5</float_array>
          <technique_common>
            <accessor source="#Mesh17-mesh-normals-array" count="5" stride="3">
              <param name="X" type="float"/>
              <param name="Y" type="float"/>
              <param name="Z" type="float"/>
            </accessor>
          </technique_common>
        </source>
        <vertices id="Mesh17-mesh-vertices">
          <input semantic="POSITION" source="#Mesh17-mesh-positions"/>
        </vertices>
        <triangles material="Material_0_002-material" count="14">
          <input semantic="VERTEX" source="#Mesh17-mesh-vertices" offset="0"/>
          <input semantic="NORMAL" source="#Mesh17-mesh-normals" offset="1"/>
          <p>0 0 1 0 2 0 0 1 2 1 3 1 3 1 2 1 4 1 0 1 3 1 5 1 4 1 2 1 6 1 3 1 4 1 7 1 3 2 8 2 5 2 9 1 0 1 5 1 2 1 10 1 6 1 6 1 11 1 4 1 6 1 12 1 11 1 11 3 13 3 4 3 6 4 14 4 12 4 11 1 12 1 15 1</p>
        </triangles>
      </mesh>
    </geometry>
    <geometry id="Mesh16-mesh" name="Mesh16">
      <mesh>
        <source id="Mesh16-mesh-positions">
          <float_array id="Mesh16-mesh-positions-array" count="48">-13.0112 82 27.7164 -13.6601 82 28.1499 -14.0936 82 28.7988 -14.2459 82 29.5641 -13.0112 82 31.4119 -11.4805 82 31.4119 -14.0936 82 30.3295 -12.2459 82 31.5641 -11.4805 82 27.7164 -13.6601 82 30.9784 -12.2459 82 27.5641 -10.2459 82 29.5641 -10.3981 82 30.3295 -10.3981 82 28.7988 -10.8317 82 30.9784 -10.8317 82 28.1499</float_array>
          <technique_common>
            <accessor source="#Mesh16-mesh-positions-array" count="16" stride="3">
              <param name="X" type="float"/>
              <param name="Y" type="float"/>
              <param name="Z" type="float"/>
            </accessor>
          </technique_common>
        </source>
        <source id="Mesh16-mesh-normals">
          <float_array id="Mesh16-mesh-normals-array" count="21">0 1 0 0 1 -2.29971e-5 0 1 1.14966e-5 0 1 2.29896e-5 0 1 -1.7245e-5 0 1 -3.27383e-5 0 1 3.27383e-5</float_array>
          <technique_common>
            <accessor source="#Mesh16-mesh-normals-array" count="7" stride="3">
              <param name="X" type="float"/>
              <param name="Y" type="float"/>
              <param name="Z" type="float"/>
            </accessor>
          </technique_common>
        </source>
        <vertices id="Mesh16-mesh-vertices">
          <input semantic="POSITION" source="#Mesh16-mesh-positions"/>
        </vertices>
        <triangles material="Material_0_002-material" count="14">
          <input semantic="VERTEX" source="#Mesh16-mesh-vertices" offset="0"/>
          <input semantic="NORMAL" source="#Mesh16-mesh-normals" offset="1"/>
          <p>0 0 1 0 2 0 2 1 3 1 0 1 4 0 0 0 3 0 0 0 4 0 5 0 4 2 3 2 6 2 5 0 4 0 7 0 8 0 0 0 5 0 6 0 9 0 4 0 10 0 0 0 8 0 8 0 5 0 11 0 12 3 11 3 5 3 8 4 11 4 13 4 5 5 14 5 12 5 13 6 15 6 8 6</p>
        </triangles>
      </mesh>
    </geometry>
    <geometry id="Mesh15-mesh" name="Mesh15">
      <mesh>
        <source id="Mesh15-mesh-positions">
          <float_array id="Mesh15-mesh-positions-array" count="48">0 83 30 -0.7654 83 30.1522 0.7654 83 30.1522 -1.4142 83 33.4142 -1.8478 83 31.2346 1.4142 83 33.4142 -1.4142 83 30.5858 -2 83 32 1.8478 83 32.7654 0.7654 83 33.8478 -1.8478 83 32.7654 1.8478 83 31.2346 -0.7654 83 33.8478 2 83 32 1.4142 83 30.5858 0 83 34</float_array>
          <technique_common>
            <accessor source="#Mesh15-mesh-positions-array" count="16" stride="3">
              <param name="X" type="float"/>
              <param name="Y" type="float"/>
              <param name="Z" type="float"/>
            </accessor>
          </technique_common>
        </source>
        <source id="Mesh15-mesh-normals">
          <float_array id="Mesh15-mesh-normals-array" count="27">0 1 0 0 1 -3.05575e-6 0 1 -2.6973e-6 0 1 3.27538e-5 0 1 1.14968e-5 0 1 -4.15693e-6 0 1 -1.24421e-5 0 1 -1.6363e-5 0 1 2.29887e-5</float_array>
          <technique_common>
            <accessor source="#Mesh15-mesh-normals-array" count="9" stride="3">
              <param name="X" type="float"/>
              <param name="Y" type="float"/>
              <param name="Z" type="float"/>
            </accessor>
          </technique_common>
        </source>
        <vertices id="Mesh15-mesh-vertices">
          <input semantic="POSITION" source="#Mesh15-mesh-positions"/>
        </vertices>
        <triangles material="Material_0_002-material" count="14">
          <input semantic="VERTEX" source="#Mesh15-mesh-vertices" offset="0"/>
          <input semantic="NORMAL" source="#Mesh15-mesh-normals" offset="1"/>
          <p>0 0 1 0 2 0 2 1 1 1 3 1 1 2 4 2 3 2 5 0 2 0 3 0 1 3 6 3 4 3 7 4 3 4 4 4 2 5 5 5 8 5 3 6 9 6 5 6 3 7 7 7 10 7 2 0 8 0 11 0 3 8 12 8 9 8 11 0 8 0 13 0 11 3 14 3 2 3 15 0 9 0 12 0</p>
        </triangles>
      </mesh>
    </geometry>
    <geometry id="Mesh14-mesh" name="Mesh14">
      <mesh>
        <source id="Mesh14-mesh-positions">
          <float_array id="Mesh14-mesh-positions-array" count="48">11.4805 82 27.7164 10.8317 82 28.1499 10.3981 82 28.7988 10.2459 82 29.5641 11.4805 82 31.4119 13.0112 82 31.4119 10.3981 82 30.3295 12.2459 82 31.5641 13.0112 82 27.7164 10.8317 82 30.9784 12.2459 82 27.5641 14.2459 82 29.5641 14.0936 82 30.3295 14.0936 82 28.7988 13.6601 82 30.9784 13.6601 82 28.1499</float_array>
          <technique_common>
            <accessor source="#Mesh14-mesh-positions-array" count="16" stride="3">
              <param name="X" type="float"/>
              <param name="Y" type="float"/>
              <param name="Z" type="float"/>
            </accessor>
          </technique_common>
        </source>
        <source id="Mesh14-mesh-normals">
          <float_array id="Mesh14-mesh-normals-array" count="21">0 1 3.27383e-5 0 1 -2.29933e-5 0 1 0 0 1 1.72422e-5 0 1 -3.27383e-5 0 1 2.29933e-5 0 1 -1.14985e-5</float_array>
          <technique_common>
            <accessor source="#Mesh14-mesh-normals-array" count="7" stride="3">
              <param name="X" type="float"/>
              <param name="Y" type="float"/>
              <param name="Z" type="float"/>
            </accessor>
          </technique_common>
        </source>
        <vertices id="Mesh14-mesh-vertices">
          <input semantic="POSITION" source="#Mesh14-mesh-positions"/>
        </vertices>
        <triangles material="Material_0_002-material" count="14">
          <input semantic="VERTEX" source="#Mesh14-mesh-vertices" offset="0"/>
          <input semantic="NORMAL" source="#Mesh14-mesh-normals" offset="1"/>
          <p>0 0 1 0 2 0 2 1 3 1 0 1 4 2 0 2 3 2 0 2 4 2 5 2 4 3 3 3 6 3 5 2 4 2 7 2 8 2 0 2 5 2 6 4 9 4 4 4 10 2 0 2 8 2 8 2 5 2 11 2 12 5 11 5 5 5 8 6 11 6 13 6 5 2 14 2 12 2 13 2 15 2 8 2</p>
        </triangles>
      </mesh>
    </geometry>
    <geometry id="Mesh13-mesh" name="Mesh13">
      <mesh>
        <source id="Mesh13-mesh-positions">
          <float_array id="Mesh13-mesh-positions-array" count="48">21.8621 82 20.7797 21.2132 82 21.2132 20.7797 82 21.8621 24.4752 82 21.8621 24.4752 82 23.3928 23.3928 82 20.7797 20.7797 82 23.3928 24.6274 82 22.6274 24.0416 82 21.2132 22.6274 82 20.6274 20.6274 82 22.6274 23.3928 82 24.4752 21.8621 82 24.4752 24.0416 82 24.0416 21.2132 82 24.0416 22.6274 82 24.6274</float_array>
          <technique_common>
            <accessor source="#Mesh13-mesh-positions-array" count="16" stride="3">
              <param name="X" type="float"/>
              <param name="Y" type="float"/>
              <param name="Z" type="float"/>
            </accessor>
          </technique_common>
        </source>
        <source id="Mesh13-mesh-normals">
          <float_array id="Mesh13-mesh-normals-array" count="15">0 1 3.2723e-5 0 1 0 0 1 3.2738e-5 0 1 -3.27533e-5 0 1 -3.27383e-5</float_array>
          <technique_common>
            <accessor source="#Mesh13-mesh-normals-array" count="5" stride="3">
              <param name="X" type="float"/>
              <param name="Y" type="float"/>
              <param name="Z" type="float"/>
            </accessor>
          </technique_common>
        </source>
        <vertices id="Mesh13-mesh-vertices">
          <input semantic="POSITION" source="#Mesh13-mesh-positions"/>
        </vertices>
        <triangles material="Material_0_002-material" count="14">
          <input semantic="VERTEX" source="#Mesh13-mesh-vertices" offset="0"/>
          <input semantic="NORMAL" source="#Mesh13-mesh-normals" offset="1"/>
          <p>0 0 1 0 2 0 0 1 2 1 3 1 3 1 2 1 4 1 0 1 3 1 5 1 4 1 2 1 6 1 3 1 4 1 7 1 3 2 8 2 5 2 9 1 0 1 5 1 2 1 10 1 6 1 6 1 11 1 4 1 6 1 12 1 11 1 11 3 13 3 4 3 6 4 14 4 12 4 11 1 12 1 15 1</p>
        </triangles>
      </mesh>
    </geometry>
    <geometry id="Mesh12-mesh" name="Mesh12">
      <mesh>
        <source id="Mesh12-mesh-positions">
          <float_array id="Mesh12-mesh-positions-array" count="48">28.7988 82 10.3981 28.1499 82 10.8317 27.7164 82 11.4805 29.5641 82 10.2459 31.4119 82 11.4805 31.4119 82 13.0112 30.3295 82 10.3981 27.7164 82 13.0112 31.5641 82 12.2459 30.9784 82 10.8317 27.5641 82 12.2459 29.5641 82 14.2459 28.7988 82 14.0936 30.3295 82 14.0936 28.1499 82 13.6601 30.9784 82 13.6601</float_array>
          <technique_common>
            <accessor source="#Mesh12-mesh-positions-array" count="16" stride="3">
              <param name="X" type="float"/>
              <param name="Y" type="float"/>
              <param name="Z" type="float"/>
            </accessor>
          </technique_common>
        </source>
        <source id="Mesh12-mesh-normals">
          <float_array id="Mesh12-mesh-normals-array" count="18">0 1 3.27386e-5 0 1 -4.59865e-5 0 1 0 0 1 -6.6883e-6 0 1 4.59939e-5 0 1 -3.27233e-5</float_array>
          <technique_common>
            <accessor source="#Mesh12-mesh-normals-array" count="6" stride="3">
              <param name="X" type="float"/>
              <param name="Y" type="float"/>
              <param name="Z" type="float"/>
            </accessor>
          </technique_common>
        </source>
        <vertices id="Mesh12-mesh-vertices">
          <input semantic="POSITION" source="#Mesh12-mesh-positions"/>
        </vertices>
        <triangles material="Material_0_002-material" count="14">
          <input semantic="VERTEX" source="#Mesh12-mesh-vertices" offset="0"/>
          <input semantic="NORMAL" source="#Mesh12-mesh-normals" offset="1"/>
          <p>0 0 1 0 2 0 0 1 2 1 3 1 3 2 2 2 4 2 4 2 2 2 5 2 6 2 3 2 4 2 5 2 2 2 7 2 4 2 5 2 8 2 4 2 9 2 6 2 2 2 10 2 7 2 7 3 11 3 5 3 12 4 11 4 7 4 11 2 13 2 5 2 7 5 14 5 12 5 13 2 15 2 5 2</p>
        </triangles>
      </mesh>
    </geometry>
    <geometry id="Mesh11-mesh" name="Mesh11">
      <mesh>
        <source id="Mesh11-mesh-positions">
          <float_array id="Mesh11-mesh-positions-array" count="48">32.7654 82 -1.8478 32 82 -2 33.4142 82 -1.4142 31.2346 82 -1.8478 30.1522 82 -0.7654 30.5858 82 -1.4142 33.4142 82 1.4142 33.8478 82 -0.7654 30.1522 82 0.7654 33.8478 82 0.7654 31.2346 82 1.8478 30 82 0 34 82 0 30.5858 82 1.4142 32 82 2 32.7654 82 1.8478</float_array>
          <technique_common>
            <accessor source="#Mesh11-mesh-positions-array" count="16" stride="3">
              <param name="X" type="float"/>
              <param name="Y" type="float"/>
              <param name="Z" type="float"/>
            </accessor>
          </technique_common>
        </source>
        <source id="Mesh11-mesh-normals">
          <float_array id="Mesh11-mesh-normals-array" count="15">0 1 0 0 1 2.29936e-5 0 1 5.39459e-6 0 1 -5.39459e-6 0 1 -2.29935e-5</float_array>
          <technique_common>
            <accessor source="#Mesh11-mesh-normals-array" count="5" stride="3">
              <param name="X" type="float"/>
              <param name="Y" type="float"/>
              <param name="Z" type="float"/>
            </accessor>
          </technique_common>
        </source>
        <vertices id="Mesh11-mesh-vertices">
          <input semantic="POSITION" source="#Mesh11-mesh-positions"/>
        </vertices>
        <triangles material="Material_0_002-material" count="14">
          <input semantic="VERTEX" source="#Mesh11-mesh-vertices" offset="0"/>
          <input semantic="NORMAL" source="#Mesh11-mesh-normals" offset="1"/>
          <p>0 0 1 0 2 0 2 1 1 1 3 1 2 2 3 2 4 2 5 0 4 0 3 0 6 0 2 0 4 0 6 0 7 0 2 0 8 0 6 0 4 0 7 0 6 0 9 0 6 3 8 3 10 3 8 0 4 0 11 0 9 0 12 0 7 0 13 0 10 0 8 0 10 4 14 4 6 4 14 0 15 0 6 0</p>
        </triangles>
      </mesh>
    </geometry>
    <geometry id="Mesh10-mesh" name="Mesh10">
      <mesh>
        <source id="Mesh10-mesh-positions">
          <float_array id="Mesh10-mesh-positions-array" count="48">28.7988 82 -14.0936 28.1499 82 -13.6601 27.7164 82 -13.0112 29.5641 82 -14.2459 31.4119 82 -13.0112 31.4119 82 -11.4805 30.3295 82 -14.0936 27.7164 82 -11.4805 31.5641 82 -12.2459 30.9784 82 -13.6601 27.5641 82 -12.2459 29.5641 82 -10.2459 28.7988 82 -10.3981 30.3295 82 -10.3981 28.1499 82 -10.8317 30.9784 82 -10.8317</float_array>
          <technique_common>
            <accessor source="#Mesh10-mesh-positions-array" count="16" stride="3">
              <param name="X" type="float"/>
              <param name="Y" type="float"/>
              <param name="Z" type="float"/>
            </accessor>
          </technique_common>
        </source>
        <source id="Mesh10-mesh-normals">
          <float_array id="Mesh10-mesh-normals-array" count="18">0 1 3.2723e-5 0 1 -4.59939e-5 0 1 0 0 1 -6.68884e-6 0 1 4.59865e-5 0 1 -3.27383e-5</float_array>
          <technique_common>
            <accessor source="#Mesh10-mesh-normals-array" count="6" stride="3">
              <param name="X" type="float"/>
              <param name="Y" type="float"/>
              <param name="Z" type="float"/>
            </accessor>
          </technique_common>
        </source>
        <vertices id="Mesh10-mesh-vertices">
          <input semantic="POSITION" source="#Mesh10-mesh-positions"/>
        </vertices>
        <triangles material="Material_0_002-material" count="14">
          <input semantic="VERTEX" source="#Mesh10-mesh-vertices" offset="0"/>
          <input semantic="NORMAL" source="#Mesh10-mesh-normals" offset="1"/>
          <p>0 0 1 0 2 0 0 1 2 1 3 1 3 2 2 2 4 2 4 2 2 2 5 2 6 2 3 2 4 2 5 2 2 2 7 2 4 2 5 2 8 2 4 2 9 2 6 2 2 2 10 2 7 2 7 3 11 3 5 3 12 4 11 4 7 4 11 2 13 2 5 2 7 5 14 5 12 5 13 2 15 2 5 2</p>
        </triangles>
      </mesh>
    </geometry>
    <geometry id="Mesh9-mesh" name="Mesh9">
      <mesh>
        <source id="Mesh9-mesh-positions">
          <float_array id="Mesh9-mesh-positions-array" count="1257">-5.5601 58.2 -27.9524 0 58.2 -28.5 0 89.5 -28.5 5.5601 89.5 -27.9524 -5.5601 89.5 -27.9524 5.5601 58.2 -27.9524 5.6164 90 -28.2355 -5.6164 90 -28.2355 -10.9065 89.5 -26.3306 10.9065 58.2 -26.3306 0 90 -28.7887 11.0169 90 -26.5973 -11.0169 90 -26.5973 -10.9065 58.2 -26.3306 10.9065 89.5 -26.3306 10.921 58.0087 -26.3657 -15.9941 90 -23.9369 -15.8338 89.5 -23.6969 -10.921 58.0087 -26.3657 15.8338 58.2 -23.6969 15.8549 58.0087 -23.7285 5.5675 58.0087 -27.9897 15.9941 90 -23.9369 -15.8338 58.2 -23.6969 -15.8549 58.0087 -23.7285 -5.5675 58.0087 -27.9897 15.8338 89.5 -23.6969 10.9625 57.8464 -26.4659 5.5886 57.8464 -28.096 0 58.0087 -28.5381 -20.3567 90 -20.3567 -20.1525 89.5 -20.1525 -15.9151 57.8464 -23.8186 -10.9625 57.8464 -26.4659 0 58.2 -28.5 20.1525 58.2 -20.1525 20.1525 89.5 -20.1525 15.9151 57.8464 -23.8186 0 57.8464 -28.6464 20.3567 90 -20.3567 -20.1525 58.2 -20.1525 -20.1795 58.0087 -20.1795 -20.2561 57.8464 -20.2561 -5.5886 57.8464 -28.096 20.1795 58.0087 -20.1795 5.6203 57.7381 -28.2551 11.0246 57.7381 -26.6157 0 57.7381 -28.8087 -23.9369 90 -15.9941 -23.6969 89.5 -15.8338 -20.3708 57.7381 -20.3708 -16.0052 57.7381 -23.9535 -11.0246 57.7381 -26.6157 23.6969 58.2 -15.8338 23.6969 89.5 -15.8338 23.9369 90 -15.9941 16.0052 57.7381 -23.9535 20.2561 57.8464 -20.2561 -5.6203 57.7381 -28.2551 -23.6969 58.2 -15.8338 -23.7285 58.0087 -15.8549 -23.8186 57.8464 -15.9151 -23.9535 57.7381 -16.0052 23.7285 58.0087 -15.8549 0 57.7 -29 5.6576 57.7 -28.4428 16.1115 57.7 -24.1126 -26.5973 90 -11.0169 -26.3306 58.2 -10.9065 -24.1126 57.7 -16.1115 -16.1115 57.7 -24.1126 -11.0978 57.7 -26.7925 -5.6576 57.7 -28.4428 26.3306 89.5 -10.9065 26.3306 58.2 -10.9065 11.0978 57.7 -26.7925 20.3708 57.7381 -20.3708 23.8186 57.8464 -15.9151 -26.3306 89.5 -10.9065 -26.3657 58.0087 -10.921 -26.4659 57.8464 -10.9625 -26.6157 57.7381 -11.0246 -26.7925 57.7 -11.0978 -20.5061 57.7 -20.5061 26.3657 58.0087 -10.921 26.5973 90 -11.0169 6.0868 57.7 -30.6005 11.9397 57.7 -28.825 20.5061 57.7 -20.5061 0 57.7 -31.2 -28.2355 90 -5.6164 -27.9524 58.2 -5.5601 -27.9897 58.0087 -5.5675 -25.9419 57.7 -17.3338 -22.0617 57.7 -22.0617 -17.3338 57.7 -25.9419 -11.9397 57.7 -28.825 -6.0868 57.7 -30.6005 27.9524 58.2 -5.5601 27.9524 89.5 -5.5601 23.9535 57.7381 -16.0052 17.3338 57.7 -25.9419 22.0617 57.7 -22.0617 26.4659 57.8464 -10.9625 -27.9524 89.5 -5.5601 -28.096 57.8464 -5.5886 -28.2551 57.7381 -5.6203 -28.4428 57.7 -5.6576 -28.825 57.7 -11.9397 27.9897 58.0087 -5.5675 28.2355 90 -5.6164 11.9837 57.6772 -28.9311 6.1092 57.6772 -30.7131 25.9419 57.7 -17.3338 24.1126 57.7 -16.1115 0 57.6772 -31.3148 -28.7887 90 0 -28.5 89.5 0 -28.5381 58.0087 0 -28.6464 57.8464 0 -30.6005 57.7 -6.0868 -26.0373 57.6772 -17.3976 -22.1429 57.6772 -22.1429 -17.3976 57.6772 -26.0373 -11.9837 57.6772 -28.9311 -6.1092 57.6772 -30.7131 28.5 58.2 0 28.7887 90 0 26.6157 57.7381 -11.0246 17.3976 57.6772 -26.0373 22.1429 57.6772 -22.1429 26.0373 57.6772 -17.3976 28.096 57.8464 -5.5886 -28.5 58.2 0 -28.8087 57.7381 0 -29 57.7 0 -30.7131 57.6772 -6.1092 -28.9311 57.6772 -11.9837 28.5 89.5 0 28.5381 58.0087 0 12.0209 57.6121 -29.021 6.1282 57.6121 -30.8086 17.4516 57.6121 -26.1182 28.825 57.7 -11.9397 28.9311 57.6772 -11.9837 26.7925 57.7 -11.0978 0 57.6121 -31.4121 -28.2355 90 5.6164 -27.9524 89.5 5.5601 -28.096 57.8464 5.5886 -27.9897 58.0087 5.5675 -28.2551 57.7381 5.6203 -31.2 57.7 0 -26.1182 57.6121 -17.4516 -22.2117 57.6121 -22.2117 -17.4516 57.6121 -26.1182 -12.0209 57.6121 -29.021 -6.1282 57.6121 -30.8086 27.9524 58.2 5.5601 27.9524 89.5 5.5601 28.2551 57.7381 -5.6203 22.2117 57.6121 -22.2117 26.1182 57.6121 -17.4516 29.021 57.6121 -12.0209 28.4428 57.7 -5.6576 28.6464 57.8464 0 -27.9524 58.2 5.5601 -28.4428 57.7 5.6576 -31.3148 57.6772 0 -29.021 57.6121 -12.0209 27.9897 58.0087 5.5675 28.2355 90 5.6164 17.4878 57.5148 -26.1723 12.0458 57.5148 -29.0811 6.1409 57.5148 -30.8723 22.2577 57.5148 -22.2577 30.7131 57.6772 -6.1092 30.8086 57.6121 -6.1282 0 57.5148 -31.4772 -26.5973 90 11.0169 -26.3306 58.2 10.9065 -26.4659 57.8464 10.9625 -26.6157 57.7381 11.0246 -30.6005 57.7 6.0868 -30.7131 57.6772 6.1092 -30.8086 57.6121 -6.1282 -22.2577 57.5148 -22.2577 -26.1723 57.5148 -17.4878 -17.4878 57.5148 -26.1723 -12.0458 57.5148 -29.0811 -6.1409 57.5148 -30.8723 26.3306 58.2 10.9065 26.3306 89.5 10.9065 28.8087 57.7381 0 26.1723 57.5148 -17.4878 29.0811 57.5148 -12.0458 30.6005 57.7 -6.0868 30.8723 57.5148 -6.1409 28.096 57.8464 5.5886 -26.3306 89.5 10.9065 -26.3657 58.0087 10.921 -26.7925 57.7 11.0978 -31.4121 57.6121 0 -29.0811 57.5148 -12.0458 26.3657 58.0087 10.921 26.5973 90 11.0169 17.5005 57.4 -26.1913 6.1453 57.4 -30.8947 0 57.4 -31.5 29 57.7 0 22.2739 57.4 -22.2739 31.2 57.7 0 31.3148 57.6772 0 31.4121 57.6121 0 31.4772 57.5148 0 -23.9369 90 15.9941 -23.6969 58.2 15.8338 -23.9535 57.7381 16.0052 -23.8186 57.8464 15.9151 -28.825 57.7 11.9397 -30.8086 57.6121 6.1282 -30.8723 57.5148 -6.1409 -17.5005 57.4 -26.1913 -22.2739 57.4 -22.2739 -26.1913 57.4 -17.5005 -12.0545 57.4 -29.1022 -6.1453 57.4 -30.8947 23.6969 58.2 15.8338 23.7285 58.0087 15.8549 23.6969 89.5 15.8338 12.0545 57.4 -29.1022 28.4428 57.7 5.6576 28.2551 57.7381 5.6203 26.1913 57.4 -17.5005 30.8947 57.4 -6.1453 26.4659 57.8464 10.9625 -23.6969 89.5 15.8338 -23.7285 58.0087 15.8549 -24.1126 57.7 16.1115 -25.9419 57.7 17.3338 -28.9311 57.6772 11.9837 -31.4772 57.5148 0 -29.1022 57.4 -12.0545 23.9369 90 15.9941 22.2739 56.3 -22.2739 17.5005 56.3 -26.1913 12.0545 56.3 -29.1022 30.6005 57.7 6.0868 26.1913 56.3 -17.5005 29.1022 57.4 -12.0545 30.7131 57.6772 6.1092 30.8086 57.6121 6.1282 30.8723 57.5148 6.1409 31.5 57.4 0 -20.3567 90 20.3567 -20.1525 89.5 20.1525 -20.3708 57.7381 20.3708 -20.2561 57.8464 20.2561 -20.1795 58.0087 20.1795 -20.5061 57.7 20.5061 -30.8723 57.5148 6.1409 -29.021 57.6121 12.0209 -30.8947 57.4 -6.1453 -12.0545 56.3 -29.1022 -17.5005 56.3 -26.1913 -22.2739 56.3 -22.2739 -26.1913 56.3 -17.5005 -6.1453 56.3 -30.8947 20.1795 58.0087 20.1795 20.1525 58.2 20.1525 23.8186 57.8464 15.9151 20.3567 90 20.3567 6.1453 56.3 -30.8947 26.6157 57.7381 11.0246 28.825 57.7 11.9397 29.1022 56.3 -12.0545 30.8947 56.3 -6.1453 31.5 56.3 0 -20.1525 58.2 20.1525 -26.0373 57.6772 17.3976 -31.5 57.4 0 -29.1022 56.3 -12.0545 0 57.4 -31.5 20.1525 89.5 20.1525 26.7925 57.7 11.0978 28.9311 57.6772 11.9837 29.021 57.6121 12.0209 29.0811 57.5148 12.0458 30.8947 57.4 6.1453 30.8947 56.3 6.1453 -15.8338 89.5 23.6969 -16.0052 57.7381 23.9535 -15.9151 57.8464 23.8186 -15.8549 58.0087 23.7285 -22.0617 57.7 22.0617 -29.0811 57.5148 12.0458 -30.8947 57.4 6.1453 -26.1182 57.6121 17.4516 -30.8947 56.3 -6.1453 0 56.3 -31.5 20.2561 57.8464 20.2561 15.8338 58.2 23.6969 23.9535 57.7381 16.0052 15.9941 90 23.9369 26.0373 57.6772 17.3976 24.1126 57.7 16.1115 -15.9941 90 23.9369 -15.8338 58.2 23.6969 -16.1115 57.7 24.1126 -17.3338 57.7 25.9419 -22.1429 57.6772 22.1429 -31.5 56.3 0 15.8549 58.0087 23.7285 15.8338 89.5 23.6969 26.1182 57.6121 17.4516 25.9419 57.7 17.3338 26.1723 57.5148 17.4878 29.1022 57.4 12.0545 29.1022 56.3 12.0545 -11.0169 90 26.5973 -10.9065 89.5 26.3306 -11.0246 57.7381 26.6157 -10.9625 57.8464 26.4659 -10.921 58.0087 26.3657 -17.3976 57.6772 26.0373 -26.1723 57.5148 17.4878 -29.1022 57.4 12.0545 -30.8947 56.3 6.1453 -22.2117 57.6121 22.2117 15.9151 57.8464 23.8186 20.3708 57.7381 20.3708 10.9065 58.2 26.3306 10.9065 89.5 26.3306 22.2117 57.6121 22.2117 22.1429 57.6772 22.1429 20.5061 57.7 20.5061 26.1913 57.4 17.5005 -10.9065 58.2 26.3306 -11.0978 57.7 26.7925 -11.9397 57.7 28.825 10.921 58.0087 26.3657 11.0169 90 26.5973 22.2577 57.5148 22.2577 22.0617 57.7 22.0617 26.1913 56.3 17.5005 -5.6164 90 28.2355 -5.5601 89.5 27.9524 -5.6203 57.7381 28.2551 -5.5886 57.8464 28.096 -5.5675 58.0087 27.9897 -11.9837 57.6772 28.9311 -17.4516 57.6121 26.1182 -26.1913 57.4 17.5005 -22.2577 57.5148 22.2577 -29.1022 56.3 12.0545 10.9625 57.8464 26.4659 16.0052 57.7381 23.9535 5.5601 58.2 27.9524 5.6164 90 28.2355 16.1115 57.7 24.1126 17.4878 57.5148 26.1723 17.4516 57.6121 26.1182 17.3976 57.6772 26.0373 17.3338 57.7 25.9419 22.2739 57.4 22.2739 22.2739 56.3 22.2739 -5.5601 58.2 27.9524 -5.6576 57.7 28.4428 -6.1092 57.6772 30.7131 5.5675 58.0087 27.9897 5.5601 89.5 27.9524 0 90 28.7887 0 89.5 28.5 -6.0868 57.7 30.6005 0 57.7381 28.8087 0 57.8464 28.6464 0 58.0087 28.5381 -12.0209 57.6121 29.021 -17.4878 57.5148 26.1723 -22.2739 57.4 22.2739 -26.1913 56.3 17.5005 5.5886 57.8464 28.096 11.0246 57.7381 26.6157 0 58.2 28.5 11.9397 57.7 28.825 17.5005 57.4 26.1913 12.0458 57.5148 29.0811 12.0209 57.6121 29.021 11.9837 57.6772 28.9311 17.5005 56.3 26.1913 0 89.5 28.5 0 57.7 29 0 57.6772 31.3148 -6.1282 57.6121 30.8086 11.0978 57.7 26.7925 0 57.7 31.2 5.6203 57.7381 28.2551 -12.0458 57.5148 29.0811 -17.5005 57.4 26.1913 -22.2739 56.3 22.2739 6.1092 57.6772 30.7131 5.6576 57.7 28.4428 12.0545 57.4 29.1022 12.0545 56.3 29.1022 6.1409 57.5148 30.8723 6.1282 57.6121 30.8086 0 57.6121 31.4121 6.0868 57.7 30.6005 -6.1409 57.5148 30.8723 -12.0545 57.4 29.1022 -17.5005 56.3 26.1913 6.1453 56.3 30.8947 6.1453 57.4 30.8947 0 57.5148 31.4772 -6.1453 57.4 30.8947 0 57.4 31.5 -12.0545 56.3 29.1022 0 56.3 31.5 -6.1453 56.3 30.8947</float_array>
          <technique_common>
            <accessor source="#Mesh9-mesh-positions-array" count="419" stride="3">
              <param name="X" type="float"/>
              <param name="Y" type="float"/>
              <param name="Z" type="float"/>
            </accessor>
          </technique_common>
        </source>
        <source id="Mesh9-mesh-normals">
          <float_array id="Mesh9-mesh-normals-array" count="2160">0.09801334 0 0.9951851 -0.09801328 0 0.9951852 0.09801328 0 0.9951852 -0.09801334 0 0.9951851 -0.0849868 0.4981523 0.8629146 0.0849868 0.4981523 0.8629146 0.2902832 0 0.9569409 -0.2902832 0 0.9569408 -0.08499056 0.4982196 0.8628754 -0.2517037 0.498154 0.8297517 0.2517024 0.4981515 0.8297536 0.08499056 0.4982196 0.8628754 0.2516979 0.4981611 0.8297491 0.2902826 0 0.956941 -0.2902825 0 0.956941 -0.2847676 -0.1938284 0.9387961 -0.2516979 0.4981611 0.8297491 0.4087498 0.4981485 0.7647038 0.4713972 0 0.881921 0.2847728 -0.1938328 0.9387935 -0.4713972 0 0.881921 -0.4624633 -0.1938144 0.8651958 -0.2847808 -0.1940493 0.9387465 -0.4087498 0.4981485 0.7647038 0.4087507 0.4981104 0.764728 0.4713967 0 0.8819213 0.4624633 -0.1938144 0.8651958 0.2847881 -0.1940539 0.9387432 -0.4624498 -0.1939095 0.8651817 -0.4713967 0 0.8819213 -0.3925215 -0.5537381 0.7343713 -0.2417727 -0.5534461 0.7970217 -0.09616661 -0.1940693 0.9762629 -0.4087507 0.4981104 0.764728 0.5500845 0.4981028 0.6702989 0.6344075 0 0.7729988 0.462443 -0.193909 0.8651854 0.3926387 -0.5534403 0.734533 0.2417128 -0.5537232 0.7968474 0.0961501 -0.1940618 0.976266 -0.6223561 -0.1939179 0.758333 -0.6344075 0 0.7729988 -0.2417038 -0.5537306 0.7968448 -0.3926414 -0.5534235 0.7345442 -0.08163106 -0.5534943 0.8288429 -0.08165925 -0.5531901 0.8290432 -0.09613794 -0.1944062 0.9761987 -0.550081 0.4981 0.6703039 0.550022 0.4983278 0.6701831 0.6344076 0 0.7729987 0.6223326 -0.1938972 0.7583574 0.5283798 -0.5534092 0.643858 0.3925296 -0.5537288 0.7343739 0.2417635 -0.5534545 0.7970186 0.09615701 -0.1944185 0.9761943 -0.6222254 -0.1948141 0.7582105 -0.6344076 0 0.7729987 -0.550022 0.4983278 0.6701831 -0.1617057 -0.8304723 0.5330733 -0.2626746 -0.8303616 0.4914282 -0.5283808 -0.5534231 0.6438453 -0.05458354 -0.8305826 0.5542141 0.08164775 -0.5531935 0.8290421 0.6701979 0.4983291 0.5500026 0.7729989 0 0.6344073 0.6222494 -0.1948292 0.7581869 0.5284312 -0.5533187 0.6438937 0.3534303 -0.8304427 0.4306414 0.2626106 -0.8304527 0.4913085 0.1617569 -0.830362 0.5332296 0.08164244 -0.553492 0.8288433 -0.7581732 -0.1948139 0.6222708 -0.7729989 0 0.6344073 -0.6701979 0.4983291 0.5500026 -0.05461001 -0.8304436 0.5544198 -0.1617633 -0.8303611 0.5332289 -0.262611 -0.8304678 0.4912828 -0.528428 -0.5533099 0.6439037 0.05459213 -0.8305885 0.5542044 0.05460095 -0.8304291 0.5544424 0.6702798 0.4980996 0.5501106 0.7729988 0 0.6344075 0.7582042 -0.1948218 0.6222307 0.6439101 -0.5533047 0.5284258 0.4306579 -0.8304371 0.3534236 0.3534156 -0.8304389 0.4306607 0.2626746 -0.8303772 0.4914019 0.1617124 -0.8304708 0.5330734 -0.7729988 0 0.6344075 -0.7583548 -0.1939077 0.6223326 -0.6702798 0.4980996 0.5501106 -0.01923483 -0.9805501 0.195324 -0.05694174 -0.9805665 0.1877422 -0.3534178 -0.8304513 0.4306349 -0.09247791 -0.9805679 0.1730157 -0.6439087 -0.5533058 0.5284264 0.01923483 -0.9805501 0.195324 0.76472 0.4981172 0.4087574 0.881921 0 0.4713972 0.7583229 -0.1938921 0.6223763 0.6438542 -0.5534262 0.5283667 0.430647 -0.830439 0.3534324 0.1516488 -0.9805656 0.1244741 0.1244539 -0.9805666 0.1516592 0.09247571 -0.9805676 0.1730184 0.05694168 -0.9805654 0.1877481 -0.881921 0 0.4713972 -0.8651741 -0.1939313 0.4624549 -0.7647223 0.4981136 0.4087575 -0.01922506 -0.9805771 0.1951902 -0.05694514 -0.9805676 0.1877353 -0.3534321 -0.830436 0.430653 -0.09247606 -0.9805696 0.1730074 -0.1244543 -0.9805676 0.1516528 -0.64385 -0.5534231 0.5283748 0.01922506 -0.9805771 0.1951902 0.764706 0.4981457 0.4087488 0.8819211 0 0.4713971 0.8651953 -0.19381 0.4624662 0.865176 -0.1939179 0.462457 0.7345478 -0.5534216 0.3926374 0.4913064 -0.8304582 0.2625967 0.1730139 -0.9805703 0.09245562 0.1516521 -0.980571 0.1244269 0.1244545 -0.9805683 0.1516476 0.09247809 -0.9805731 0.1729862 0.05694514 -0.9805676 0.1877353 -0.8819211 0 0.4713971 -0.8652004 -0.1938029 0.4624595 -0.7647045 0.4981487 0.408748 0 -1 0 -0.4306569 -0.8304304 0.3534407 0 -1 6.12972e-7 -0.1244545 -0.9805683 0.1516476 -0.7345603 -0.553418 0.3926191 0.8297509 0.4981592 0.2516959 0.9569409 0 0.2902829 0.93879 -0.1938342 0.2847839 0.7343744 -0.5537458 0.3925048 0.4914212 -0.8303596 0.2626944 0.1730089 -0.9805679 0.09249168 0 -1 6.1294e-7 -0.9569409 0 0.2902829 -0.9387856 -0.193866 0.2847765 -0.8297506 0.4981604 0.2516946 0 -1 -3.13361e-6 -0.4306475 -0.8304483 0.3534097 0 -1 -1.22595e-6 -0.1516509 -0.9805654 0.1244732 -0.734362 -0.5537503 0.3925215 0 -1 -1.42437e-6 0.8297545 0.4981535 0.2516959 0.9569409 0 0.2902829 0.9387499 -0.1940547 0.2847657 0.7970101 -0.5534595 0.2417798 0.7968469 -0.5537272 0.241705 0.5332462 -0.8303496 0.1617658 0.1877224 -0.9805703 0.05694079 0 -1 -4.55799e-6 -0.9569409 0 0.2902829 -0.9387563 -0.1940283 0.2847623 -0.8297547 0.4981524 0.2516972 -0.05678641 -0.9806706 0.1872449 -0.01918238 -0.9806599 0.1947782 -0.4913029 -0.8304512 0.2626259 -0.09220308 -0.9806691 0.172589 0 -1 2.27887e-6 0 -1 -1.1395e-6 -0.1516513 -0.9805721 0.1244201 -0.7968373 -0.5537313 0.2417274 0.01918351 -0.9806574 0.1947898 0.8629171 0.4981466 0.0849961 0.9951852 0 0.09801322 0.9762638 -0.1940688 0.09615796 0.8288404 -0.5534979 0.08163172 0.5330738 -0.8304719 0.1617058 0.1877117 -0.9805725 0.05694013 0.1726549 -0.980646 0.09232378 0.1512425 -0.9806726 0.1241254 0.1241891 -0.9806414 0.1513918 0.09220308 -0.9806691 0.172589 0.05681002 -0.9806544 0.1873225 -0.9951852 0 0.09801316 -0.9762622 -0.1940805 0.09615093 -0.862917 0.4981467 0.08499604 -0.05680996 -0.9806762 0.1872084 -0.01918345 -0.9806635 0.1947594 -0.4914241 -0.8303672 0.2626648 -0.0922873 -0.9806557 0.1726199 -0.1241263 -0.9806753 0.1512242 0 -1 1.22587e-6 -0.151322 -0.9806521 0.1241906 -0.1730135 -0.9805668 0.09249418 -0.7970191 -0.5534566 0.2417572 0.01918226 -0.9806604 0.1947752 0.862871 0.498229 0.08498072 0.9951852 0 0.09801316 0.8290459 -0.5531853 0.0816639 0.976193 -0.1944309 0.09614545 0.5542192 -0.8305795 0.05457991 0.554431 -0.8304357 0.05461597 0.195203 -0.9805745 0.01922231 0.1872701 -0.9806645 0.05680817 0.1725045 -0.9806878 0.09216201 0.1513237 -0.9806534 0.1241781 0.1241254 -0.9806808 0.151189 0.09228688 -0.9806525 0.1726385 0.05678623 -0.9806871 0.1871585 -0.9951852 0 0.09801322 -0.9761936 -0.1944243 0.09615278 -0.862871 0.498229 0.08498072 -0.1619621 -0.8298718 0.5339299 -0.05466037 -0.8300797 0.5549596 -0.5332471 -0.8303504 0.1617584 -0.2630681 -0.8297806 0.4921985 -0.1241887 -0.9806478 0.1513515 -0.151245 -0.9806756 0.1240988 0 -1 1.13944e-6 -0.1726557 -0.9806496 0.09228533 -0.1730104 -0.9805703 0.0924623 -0.8288533 -0.5534767 0.08164495 0.05468773 -0.829892 0.5552374 0.8628726 0.4982243 -0.08499169 0.9951852 0 -0.09801322 0.8290327 -0.5532078 -0.08164715 0.9761936 -0.1944243 -0.09615278 0.5542263 -0.8305737 -0.05459237 0.195278 -0.9805593 0.01923727 0 -1 1.13948e-6 0.194755 -0.9806644 0.01918196 0.1872035 -0.9806781 0.05679243 0.4921692 -0.8297997 0.2630625 0.4312999 -0.8298788 0.3539514 0.3540578 -0.8297752 0.4314119 0.2630381 -0.8298752 0.492055 0.1618756 -0.8300707 0.533647 -0.9951852 0 -0.09801316 -0.976193 -0.1944309 -0.09614545 -0.862871 0.498229 -0.08498072 -0.2630364 -0.829876 0.4920546 -0.1618794 -0.830045 0.5336858 -0.05468213 -0.8299025 0.5552222 -0.533074 -0.8304705 0.1617135 -0.3540477 -0.8297738 0.4314232 -0.3539708 -0.8298851 0.4312719 -0.4314162 -0.8297684 0.3540686 -0.1725032 -0.9806844 0.09219998 -0.4920824 -0.8298661 0.263016 -0.1877224 -0.9805703 0.05694079 -0.8290327 -0.5532078 0.08164715 0.05465483 -0.8300898 0.5549451 0.8629157 0.4981507 -0.08498513 0.9951852 0 -0.09801316 0.8288533 -0.5534767 -0.08164495 0.5544251 -0.8304408 -0.05460023 0.9762622 -0.1940805 -0.09615093 0.1952035 -0.9805743 -0.01922994 0.195277 -0.9805595 -0.01923304 0 -1 -1.22593e-6 0.1947806 -0.9806593 0.01918214 0.5339253 -0.829874 0.1619656 0.4314268 -0.8297576 0.3540809 0.4921082 -0.8298484 0.2630232 0.3539609 -0.8298833 0.4312836 0.2630698 -0.8297971 0.49217 0.1619649 -0.8298483 0.5339655 -0.9951852 0 -0.09801322 -0.9762638 -0.1940688 -0.09615796 -0.8629171 0.4981466 -0.0849961 -0.3923907 -0.5541355 0.7341413 -0.2416902 -0.5539297 0.7967106 -0.0816313 -0.5533171 0.8289611 -0.1877117 -0.9805725 0.05694013 -0.5544251 -0.8304408 0.05460023 -0.5281486 -0.5539344 0.643596 -0.4313115 -0.8298761 0.353944 -0.4921905 -0.8297794 0.2630872 -0.1872009 -0.9806792 0.05678105 -0.5339275 -0.8298712 0.1619731 -0.8290459 -0.5531853 -0.0816639 0.08157324 -0.5541989 0.8283777 0.8297547 0.4981524 -0.2516972 0.956941 0 -0.2902827 0.7970191 -0.5534566 -0.2417572 0.533074 -0.8304705 -0.1617135 0.9387502 -0.1940606 -0.2847605 0.1877117 -0.9805725 -0.05694013 0.1947806 -0.9806593 -0.01918214 0.5549653 -0.830076 0.05465835 0.5336486 -0.8300672 0.1618884 0.6435326 -0.553959 0.5281999 0.7341014 -0.5541657 0.3924227 0.5280436 -0.5541839 0.6434673 0.3924581 -0.5539223 0.7342661 0.2417974 -0.5533745 0.7970638 -0.956941 0 -0.2902827 -0.9387499 -0.1940547 -0.2847657 -0.8297545 0.4981535 -0.2516959 -0.5280641 -0.5542099 0.6434282 -0.3924626 -0.5539363 0.7342532 -0.2417935 -0.5533892 0.7970549 -0.08159989 -0.5542467 0.828343 -0.1952034 -0.9805742 0.01923167 -0.5542263 -0.8305737 0.05459237 -0.6435549 -0.5539824 0.5281484 -0.6434257 -0.5542067 0.5280703 -0.7342392 -0.5539308 0.3924966 -0.1872701 -0.9806645 0.05680817 -0.5336422 -0.8300728 0.1618797 -0.7970411 -0.5534024 0.2418086 -0.8288404 -0.5534979 -0.08163172 0.08165788 -0.553367 0.8289253 0.8297506 0.4981604 -0.2516946 0.9569408 0 -0.290283 0.5332471 -0.8303504 -0.1617584 0.7968373 -0.5537313 -0.2417274 0.9387917 -0.1938338 -0.2847783 0.1877224 -0.9805703 -0.05694079 0.1947539 -0.9806647 -0.01918053 0.5552592 -0.8298775 -0.05468595 0.555251 -0.8298832 0.05468416 0.7967042 -0.5539318 0.2417064 0.5281699 -0.5539544 0.6435613 0.6434478 -0.5542222 0.5280273 0.7342524 -0.5539273 0.3924767 0.3923837 -0.5541397 0.7341418 0.2416866 -0.5539432 0.7967023 -0.9569408 0 -0.290283 -0.93879 -0.1938342 -0.2847839 -0.8297509 0.4981592 -0.2516959 -0.6222694 -0.1943685 0.7582887 -0.4624208 -0.1943512 0.8650981 -0.2847599 -0.1940873 0.9387449 -0.09616738 -0.1939072 0.976295 -0.195277 -0.9805595 0.01923304 -0.5542192 -0.8305795 -0.05457991 -0.7581865 -0.1947801 0.6222653 -0.734108 -0.5541622 0.3924152 -0.7967289 -0.5539104 0.2416747 -0.1947643 -0.9806626 0.01918053 -0.5549575 -0.8300814 0.05465525 -0.8289387 -0.5533488 0.08164507 -0.7970101 -0.5534595 -0.2417798 0.09616738 -0.1939072 0.976295 0.7647045 0.4981487 -0.408748 0.8819211 0 -0.4713971 0.4914241 -0.8303672 -0.2626648 0.734362 -0.5537503 -0.3925215 0.8651953 -0.19381 -0.4624662 0.1730085 -0.9805675 -0.09249669 0.1872701 -0.9806645 -0.05680817 0.5549575 -0.8300814 -0.05465525 0.8289401 -0.5533479 0.08163607 0.7970665 -0.5533774 0.2417824 0.6222694 -0.1943685 0.7582887 0.7581865 -0.1947801 0.6222653 0.8650943 -0.194396 0.4624091 0.4624454 -0.1940768 0.8651466 0.2847599 -0.1940873 0.9387449 -0.8819211 0 -0.4713971 -0.8651978 -0.1938031 -0.4624643 -0.764706 0.4981457 -0.4087488 -0.6222729 -0.1948012 0.7581748 -0.4624146 -0.1940781 0.8651627 -0.2847598 -0.1941356 0.938735 -0.09615957 -0.194181 0.9762414 -0.195277 -0.9805596 -0.01923131 0 -1 1.22593e-6 -0.554431 -0.8304357 -0.05461597 -0.7582669 -0.1943624 0.6222977 -0.8650943 -0.194396 0.4624091 -0.9387381 -0.1941122 0.2847655 -0.1947702 -0.9806612 0.01918745 -0.5552592 -0.8298775 0.05468595 -0.8283757 -0.5542007 0.08158051 -0.9762382 -0.1941931 0.09616678 -0.7968469 -0.5537272 -0.241705 0.09615957 -0.194181 0.9762414 0.7647223 0.4981136 -0.4087575 0.881921 0 -0.4713972 0.4913029 -0.8304512 -0.2626259 0.7345603 -0.553418 -0.3926191 0.8651767 -0.1939242 -0.462453 0.1730126 -0.9805698 -0.09246355 0 -1 1.1395e-6 0.1872035 -0.9806781 -0.05679243 0.8283757 -0.5542007 -0.08158051 0.5336422 -0.8300728 -0.1618797 0.8283767 -0.5541976 0.08159172 0.9387437 -0.1941134 0.2847461 0.4623982 -0.19436 0.8651081 0.622269 -0.194797 0.758179 0.7582669 -0.1943624 0.6222977 0.8651837 -0.1940492 0.4623873 0.2847598 -0.1941356 0.938735 -0.8651733 -0.193925 -0.4624589 -0.881921 0 -0.4713972 -0.7343744 -0.5537458 -0.3925048 -0.76472 0.4981172 -0.4087574 -0.6343873 0 0.7730154 -0.4713914 0 0.8819242 -0.2902776 0 0.9569426 -0.1952034 -0.9805743 -0.01922821 0 -1 -1.13948e-6 -0.5330738 -0.8304719 -0.1617058 -0.7730132 0 0.6343901 -0.8651884 -0.1940632 0.462373 -0.9387419 -0.1941114 0.2847537 -0.1947806 -0.9806593 -0.01918214 -0.555251 -0.8298832 -0.05468416 -0.8283767 -0.5541976 -0.08159172 -0.9762981 -0.193897 0.09615659 0.6702984 0.4981036 -0.5500844 0.7729987 0 -0.6344076 0.4306475 -0.8304483 -0.3534097 0.64385 -0.5534231 -0.5283748 0.7583548 -0.1939077 -0.6223326 0.1516513 -0.9805721 -0.1244201 0 -1 -1.22588e-6 0.1725032 -0.9806844 -0.09219998 0.8289387 -0.5533488 -0.08164507 0.5339275 -0.8298712 -0.1619731 0.9762382 -0.1941931 0.09616678 0.9387397 -0.1940979 0.2847698 0.4713914 0 0.8819242 0.6343877 0 0.7730151 0.7730132 0 0.6343901 0.8819227 0 0.4713941 0.2902776 0 0.9569426 -0.7583537 -0.1939013 -0.622336 -0.7729988 0 -0.6344075 -0.7345478 -0.5534216 -0.3926374 -0.6702978 0.4981037 -0.5500851 -0.6343921 0 0.7730115 -0.2902801 0 0.9569418 -0.1877117 -0.9805725 -0.05694013 0 -1 2.84874e-7 -0.194755 -0.9806644 -0.01918196 -0.5332462 -0.8303496 -0.1617658 -0.8819245 0 0.4713907 -0.8819227 0 0.4713941 -0.956942 0 0.2902796 -0.5549653 -0.830076 -0.05465835 -0.8289401 -0.5533479 -0.08163607 -0.9762943 -0.1939084 -0.09617233 -0.995184 0 0.09802496 0.670179 0.4983274 -0.5500274 0.7729991 0 -0.6344072 0.1516509 -0.9805654 -0.1244732 0.4306569 -0.8304304 -0.3534407 0.6439087 -0.5533058 -0.5284264 0.7581732 -0.1948139 -0.6222708 0 -1 -1.22587e-6 0.1726557 -0.9806496 -0.09228533 0.7970411 -0.5534024 -0.2418086 0.9762943 -0.1939084 -0.09617233 0.4920824 -0.8298661 -0.263016 0.9762982 -0.193897 0.09615528 0.9569419 0 0.2902795 0.2902801 0 0.9569418 0.6343917 0 0.7730118 0.8819245 0 0.4713907 0.09802317 0 0.9951841 -0.6438542 -0.5534262 -0.5283667 -0.7581732 -0.1948139 -0.6222708 -0.7729989 0 -0.6344073 -0.4914212 -0.8303596 -0.2626944 -0.670179 0.4983274 -0.5500274 -0.09802317 0 0.9951841 -0.1877224 -0.9805703 -0.05694079 -0.1871887 -0.9806808 -0.05679422 -0.1872809 -0.980663 -0.05679863 -0.9569426 0 0.2902774 -0.9951842 0 0.09802269 -0.5336486 -0.8300672 -0.1618884 -0.7970665 -0.5533774 -0.2417824 -0.9762421 -0.1941815 -0.09615111 -0.9951842 0 -0.09802269 0.550022 0.4983293 -0.6701819 0.6344075 0 -0.7729988 0.1244551 -0.9805681 -0.1516479 0.3534321 -0.830436 -0.430653 0.528428 -0.5533099 -0.6439037 0.6222254 -0.1948141 -0.7582105 0 -1 1.1395e-6 0.151322 -0.9806521 -0.1241906 0.7967289 -0.5539104 -0.2416747 0.9762421 -0.1941815 -0.09615111 0.4921905 -0.8297794 -0.2630872 0.995184 0 0.09802496 0.9569425 0 0.2902776 0.09802299 0 0.9951842 -0.6439101 -0.5533047 -0.5284258 -0.6222494 -0.1948292 -0.7581869 -0.6344076 0 -0.7729987 -0.4913064 -0.8304582 -0.2625967 -0.5500057 0.4983319 -0.6701934 -0.09802299 0 0.9951842 -0.1730089 -0.9805679 -0.09249168 -0.1725045 -0.9806878 -0.09216201 -0.5339253 -0.829874 -0.1619656 -0.7967042 -0.5539318 -0.2417064 -0.9387381 -0.1941122 -0.2847655 -0.995184 0 -0.09802496 0.550081 0.4981 -0.6703039 0.6344076 0 -0.7729987 0.124453 -0.9805687 -0.1516456 0.3534178 -0.8304513 -0.4306349 0.5283808 -0.5534231 -0.6438453 0.6223561 -0.1939179 -0.758333 0.151245 -0.9806756 -0.1240988 0.7342392 -0.5539308 -0.3924966 0.9387381 -0.1941122 -0.2847655 0.995184 0 -0.09802496 0.4314162 -0.8297684 -0.3540686 0.9951842 0 0.09802269 -0.5284312 -0.5533187 -0.6438937 -0.430647 -0.830439 -0.3534324 -0.6223326 -0.1938972 -0.7583574 -0.6344075 0 -0.7729988 -0.550105 0.4980999 -0.6702843 -0.1730139 -0.9805703 -0.09245562 -0.4921692 -0.8297997 -0.2630625 -0.1726549 -0.980646 -0.09232378 -0.4921082 -0.8298484 -0.2630232 -0.7342524 -0.5539273 -0.3924767 -0.9387453 -0.1940991 -0.2847505 -0.9569425 0 -0.2902776 0.4087558 0.4981118 -0.7647245 0.4713967 0 -0.8819213 0.09247791 -0.9805679 -0.1730157 0.262611 -0.8304678 -0.4912828 0.3926414 -0.5534235 -0.7345442 0.4624377 -0.1939199 -0.8651858 0.1241896 -0.9806442 -0.151373 0.1241261 -0.9806814 -0.1511845 0.734108 -0.5541622 -0.3924152 0.9387419 -0.1941114 -0.2847537 0.9951842 0 -0.09802269 0.4313115 -0.8298761 -0.353944 -0.5283798 -0.5534092 -0.643858 -0.4306579 -0.8304371 -0.3534236 -0.462443 -0.193909 -0.8651854 -0.4713967 0 -0.8819213 -0.4087507 0.4981104 -0.764728 -0.1516488 -0.9805656 -0.1244741 -0.4314268 -0.8297576 -0.3540809 -0.1513237 -0.9806534 -0.1241781 -0.7341014 -0.5541657 -0.3924227 -0.8650943 -0.194396 -0.4624091 -0.9569419 0 -0.2902795 -0.8651837 -0.1940492 -0.4623873 0.4087474 0.4981515 -0.764703 0.4713972 0 -0.881921 0 -1 -2.45176e-6 0.09247606 -0.9805696 -0.1730074 0.2626746 -0.8303616 -0.4914282 0.3925215 -0.5537381 -0.7343713 0.4624754 -0.1938039 -0.8651916 0.09228342 -0.9806467 -0.1726732 0.3539708 -0.8298851 -0.4312719 0.865161 -0.1941151 -0.4624023 0.6434257 -0.5542067 -0.5280703 0.956942 0 -0.2902796 -0.3926387 -0.5534403 -0.734533 -0.3534303 -0.8304427 -0.4306414 -0.4624633 -0.1938144 -0.8651958 -0.4713972 0 -0.881921 -0.4087498 0.4981485 -0.7647038 -0.1516521 -0.980571 -0.1244269 -0.6435326 -0.553959 -0.5281999 -0.4312999 -0.8298788 -0.3539514 -0.1512425 -0.9806726 -0.1241254 0 -1 2.279e-6 -0.6434478 -0.5542222 -0.5280273 -0.7582551 -0.1943328 -0.6223216 -0.8819245 0 -0.4713907 -0.8819227 0 -0.4713941 0.2517009 0.4981708 -0.8297425 0.2902825 0 -0.956941 0.05694484 -0.9805681 -0.1877332 0.1617633 -0.8303611 -0.5332289 0.2417038 -0.5537306 -0.7968448 0.2847978 -0.1938484 -0.9387827 0.09220677 -0.9806748 -0.1725547 0.3540477 -0.8297738 -0.4314232 0.8651217 -0.1943439 -0.4623797 0.6435549 -0.5539824 -0.5281484 0.9569426 0 -0.2902774 -0.3925296 -0.5537288 -0.7343739 -0.3534156 -0.8304389 -0.4306607 -0.2847728 -0.1938328 -0.9387935 -0.2902826 0 -0.956941 -0.2517008 0.4981712 -0.8297423 -0.1244539 -0.9805695 -0.1516408 -0.5281699 -0.5539544 -0.6435613 -0.3539609 -0.8298833 -0.4312836 -0.1241254 -0.9806808 -0.151189 -0.7581984 -0.1948093 -0.6222414 -0.7730132 0 -0.6343901 0.2516995 0.4981417 -0.8297604 0.2902832 0 -0.9569408 0.05694234 -0.9805696 -0.187726 0.1617057 -0.8304723 -0.5330733 0.2417727 -0.5534461 -0.7970217 0.2847558 -0.1940339 -0.9387572 0.05678623 -0.9806871 -0.1871585 0.2630681 -0.8297806 -0.4921985 0.5281486 -0.5539344 -0.643596 0.7582551 -0.1943328 -0.6223216 0.8819227 0 -0.4713941 -0.2417128 -0.5537232 -0.7968474 -0.2626106 -0.8304527 -0.4913085 -0.1244539 -0.9805666 -0.1516592 -0.2847881 -0.1940539 -0.9387432 -0.2902832 0 -0.9569409 -0.2517008 0.4981442 -0.8297585 -0.6222547 -0.194808 -0.7581879 -0.5280436 -0.5541839 -0.6434673 -0.3540578 -0.8297752 -0.4314119 -0.1241891 -0.9806414 -0.1513918 0.08499467 0.4981462 -0.8629173 0.09801328 0 -0.9951852 0 -1 4.55797e-6 0.01922732 -0.9805646 -0.1952524 0.05461001 -0.8304436 -0.5544198 0.08163106 -0.5534943 -0.8288429 0.09616661 -0.1940693 -0.9762629 0.05681037 -0.9806596 -0.1872954 0.1619621 -0.8298718 -0.5339299 0.2630364 -0.829876 -0.4920546 0.5280641 -0.5542099 -0.6434282 0.7582021 -0.1948133 -0.6222357 0.8819245 0 -0.4713907 -0.2417635 -0.5534545 -0.7970186 -0.2626746 -0.8303772 -0.4914019 -0.09247791 -0.9805679 -0.1730157 -0.09614753 -0.1940565 -0.9762673 -0.09801334 0 -0.9951851 -0.08499467 0.4981462 -0.8629173 -0.6222875 -0.1943619 -0.7582756 -0.3923837 -0.5541397 -0.7341418 -0.2630698 -0.8297971 -0.49217 -0.09228688 -0.9806525 -0.1726385 -0.6343917 0 -0.7730118 0.08498269 0.4982263 -0.8628724 0.09801334 0 -0.9951851 0 -1 1.53243e-6 0.01923251 -0.9805638 -0.1952555 0.05458354 -0.8305826 -0.5542141 0.08165925 -0.5531901 -0.8290432 0.09613794 -0.1944062 -0.9761987 0.01918226 -0.9806604 -0.1947752 0.1618794 -0.830045 -0.5336858 0.3923907 -0.5541355 -0.7341413 0.6222547 -0.194808 -0.7581879 0.7730132 0 -0.6343901 -0.1617569 -0.830362 -0.5332296 -0.08164244 -0.553492 -0.8288433 -0.09247624 -0.980574 -0.1729827 -0.09615701 -0.1944185 -0.9761943 -0.09801328 0 -0.9951852 -0.08498269 0.4982263 -0.8628724 -0.09220308 -0.9806691 -0.172589 -0.4624208 -0.1943512 -0.8650981 -0.6343877 0 -0.7730151 -0.3924581 -0.5539223 -0.7342661 -0.2630381 -0.8298752 -0.492055 -0.01923483 -0.9805501 -0.195324 -0.05459213 -0.8305885 -0.5542044 -0.08164775 -0.5531935 -0.8290421 0.05466037 -0.8300797 -0.5549596 0.01918351 -0.9806574 -0.1947898 0.2416902 -0.5539297 -0.7967106 0.3924626 -0.5539363 -0.7342532 0.6222875 -0.1943619 -0.7582756 -0.1617124 -0.8304708 -0.5330734 -0.05694484 -0.9805681 -0.1877332 -0.05678623 -0.9806871 -0.1871585 -0.4624228 -0.1940858 -0.8651566 -0.4713914 0 -0.8819242 -0.2416866 -0.5539432 -0.7967023 -0.1619649 -0.8298483 -0.5339655 -0.01922506 -0.9805781 -0.1951844 -0.05460149 -0.8304368 -0.5544307 0.05468213 -0.8299025 -0.5552222 -0.01918351 -0.9806574 -0.1947898 0.2417935 -0.5533892 -0.7970549 0.4624208 -0.1943512 -0.8650981 0.6343873 0 -0.7730154 -0.05694234 -0.9805696 -0.187726 -0.1618756 -0.8300707 -0.533647 -0.05681002 -0.9806544 -0.1873225 -0.2847356 -0.1941227 -0.938745 -0.2417974 -0.5533745 -0.7970638 -0.05468773 -0.829892 -0.5552374 0.0816313 -0.5533171 -0.8289611 -0.01918232 -0.9806658 -0.1947479 0.2847356 -0.1941227 -0.938745 0.4624146 -0.1940781 -0.8651627 0.6343921 0 -0.7730115 -0.05465483 -0.8300898 -0.5549451 -0.2902801 0 -0.9569418 -0.2847841 -0.1941003 -0.9387349 -0.08165794 -0.5533668 -0.8289254 0.08159989 -0.5542467 -0.828343 0.2847757 -0.1940969 -0.9387381 0.4713914 0 -0.8819242 -0.08157324 -0.5541989 -0.8283777 -0.2902776 0 -0.9569426 -0.09616243 -0.1941868 -0.9762399 -0.09616738 -0.1939072 -0.976295 0.09615427 -0.1941603 -0.9762459 0.2902776 0 -0.9569426 -0.09802407 0 -0.9951841 -0.0980221 0 -0.9951843 0.09617274 -0.1939281 -0.9762903 0.2902801 0 -0.9569418 0.09802299 0 -0.9951842 0.09802317 0 -0.9951841</float_array>
          <technique_common>
            <accessor source="#Mesh9-mesh-normals-array" count="720" stride="3">
              <param name="X" type="float"/>
              <param name="Y" type="float"/>
              <param name="Z" type="float"/>
            </accessor>
          </technique_common>
        </source>
        <vertices id="Mesh9-mesh-vertices">
          <input semantic="POSITION" source="#Mesh9-mesh-positions"/>
        </vertices>
        <triangles material="Material_0_002-material" count="768">
          <input semantic="VERTEX" source="#Mesh9-mesh-vertices" offset="0"/>
          <input semantic="NORMAL" source="#Mesh9-mesh-normals" offset="1"/>
          <p>0 0 1 0 2 0 1 1 3 1 2 1 0 2 2 2 4 2 3 3 1 3 5 3 6 4 2 4 3 4 7 5 4 5 2 5 0 6 4 6 8 6 9 7 3 7 5 7 6 8 10 8 2 8 3 9 11 9 6 9 12 10 4 10 7 10 2 11 10 11 7 11 12 12 8 12 4 12 8 13 13 13 0 13 9 14 14 14 3 14 15 15 9 15 5 15 14 16 11 16 3 16 8 17 12 17 16 17 13 18 8 18 17 18 0 19 13 19 18 19 14 20 9 20 19 20 15 21 20 21 9 21 21 22 15 22 5 22 11 23 14 23 22 23 16 24 17 24 8 24 13 25 17 25 23 25 13 26 24 26 18 26 18 27 25 27 0 27 9 28 20 28 19 28 19 29 26 29 14 29 15 30 27 30 20 30 28 31 15 31 21 31 29 32 21 32 5 32 22 33 14 33 26 33 30 34 17 34 16 34 23 35 17 35 31 35 23 36 24 36 13 36 24 37 32 37 18 37 25 38 18 38 33 38 25 39 34 39 0 39 19 40 20 40 35 40 19 41 36 41 26 41 28 42 27 42 15 42 27 43 37 43 20 43 38 44 28 44 21 44 29 45 38 45 21 45 34 46 29 46 5 46 26 47 39 47 22 47 30 48 31 48 17 48 31 49 40 49 23 49 23 50 41 50 24 50 32 51 24 51 42 51 33 52 18 52 32 52 25 53 33 53 43 53 29 54 34 54 25 54 20 55 44 55 35 55 35 56 36 56 19 56 39 57 26 57 36 57 28 58 45 58 27 58 27 59 46 59 37 59 20 60 37 60 44 60 47 61 28 61 38 61 43 62 38 62 29 62 31 63 30 63 48 63 40 64 31 64 49 64 23 65 40 65 41 65 24 66 41 66 42 66 32 67 42 67 50 67 32 68 51 68 33 68 43 69 33 69 52 69 29 70 25 70 43 70 53 71 35 71 44 71 35 72 54 72 36 72 39 73 36 73 55 73 47 74 45 74 28 74 45 75 46 75 27 75 56 76 37 76 46 76 37 77 57 77 44 77 38 78 58 78 47 78 43 79 58 79 38 79 48 80 49 80 31 80 40 81 49 81 59 81 60 82 41 82 40 82 42 83 41 83 61 83 42 84 62 84 50 84 32 85 50 85 51 85 33 86 51 86 52 86 43 87 52 87 58 87 54 88 35 88 53 88 44 89 63 89 53 89 55 90 36 90 54 90 64 91 45 91 47 91 46 92 45 92 65 92 57 93 37 93 56 93 46 94 66 94 56 94 63 95 44 95 57 95 47 96 58 96 64 96 67 97 49 97 48 97 49 98 68 98 59 98 59 99 60 99 40 99 41 100 60 100 61 100 61 101 62 101 42 101 50 102 62 102 69 102 50 103 70 103 51 103 52 104 51 104 71 104 58 105 52 105 72 105 53 106 73 106 54 106 63 107 74 107 53 107 55 108 54 108 73 108 64 109 65 109 45 109 46 110 65 110 75 110 76 111 57 111 56 111 66 112 46 112 75 112 56 113 66 113 76 113 57 114 77 114 63 114 64 115 58 115 72 115 67 116 78 116 49 116 68 117 49 117 78 117 68 118 79 118 59 118 79 119 60 119 59 119 80 120 61 120 60 120 61 121 81 121 62 121 82 122 69 122 62 122 69 123 83 123 50 123 50 124 83 124 70 124 70 125 71 125 51 125 52 126 71 126 72 126 74 127 73 127 53 127 63 128 84 128 74 128 73 129 85 129 55 129 86 130 65 130 64 130 87 130 75 130 65 130 76 131 77 131 57 131 66 132 75 132 87 132 76 133 66 133 88 133 63 134 77 134 84 134 72 130 89 130 64 130 78 135 67 135 90 135 68 136 78 136 91 136 92 137 79 137 68 137 60 138 79 138 80 138 61 139 80 139 81 139 81 140 82 140 62 140 69 141 82 141 93 141 69 130 94 130 83 130 83 130 95 130 70 130 70 132 96 132 71 132 72 130 71 130 97 130 73 142 74 142 98 142 74 143 84 143 98 143 85 144 73 144 99 144 87 145 65 145 86 145 86 130 64 130 89 130 76 146 100 146 77 146 87 130 101 130 66 130 66 147 102 147 88 147 100 148 76 148 88 148 77 149 103 149 84 149 89 150 72 150 97 150 90 151 104 151 78 151 91 152 78 152 104 152 92 153 68 153 91 153 92 154 105 154 79 154 79 155 105 155 80 155 81 156 80 156 106 156 82 157 81 157 107 157 82 130 108 130 93 130 94 130 69 130 93 130 83 130 94 130 95 130 95 130 96 130 70 130 71 158 96 158 97 158 98 159 99 159 73 159 84 160 109 160 98 160 85 161 99 161 110 161 111 162 87 162 86 162 112 163 86 163 89 163 100 164 103 164 77 164 111 165 101 165 87 165 102 166 66 166 101 166 113 167 88 167 102 167 114 168 100 168 88 168 84 169 103 169 109 169 89 170 97 170 115 170 116 171 104 171 90 171 91 172 104 172 117 172 118 173 92 173 91 173 105 174 92 174 119 174 105 175 106 175 80 175 106 176 107 176 81 176 107 130 120 130 82 130 82 130 120 130 108 130 93 177 108 177 121 177 94 178 93 178 122 178 95 179 94 179 123 179 96 180 95 180 124 180 97 181 96 181 125 181 126 182 99 182 98 182 98 183 109 183 126 183 99 184 127 184 110 184 111 185 86 185 112 185 115 186 112 186 89 186 100 187 128 187 103 187 101 188 111 188 129 188 101 189 130 189 102 189 88 190 113 190 114 190 131 191 113 191 102 191 100 192 114 192 128 192 103 193 132 193 109 193 115 194 97 194 125 194 116 195 117 195 104 195 117 196 133 196 91 196 119 197 92 197 118 197 91 198 133 198 118 198 105 199 119 199 134 199 106 200 105 200 134 200 107 201 106 201 135 201 107 130 135 130 120 130 120 202 136 202 108 202 108 203 137 203 121 203 122 204 93 204 121 204 94 205 122 205 123 205 124 206 95 206 123 206 96 207 124 207 125 207 126 208 138 208 99 208 139 209 126 209 109 209 127 210 99 210 138 210 140 211 111 211 112 211 141 212 112 212 115 212 103 213 128 213 132 213 142 214 129 214 111 214 101 215 129 215 130 215 130 216 131 216 102 216 143 217 114 217 113 217 131 218 144 218 113 218 128 219 114 219 145 219 132 220 139 220 109 220 146 221 115 221 125 221 117 222 116 222 147 222 133 223 117 223 148 223 119 224 118 224 149 224 118 225 133 225 150 225 151 226 134 226 119 226 106 227 134 227 135 227 135 228 152 228 120 228 152 229 136 229 120 229 137 230 108 230 136 230 153 231 121 231 137 231 121 232 154 232 122 232 122 233 155 233 123 233 123 234 156 234 124 234 125 235 124 235 157 235 138 236 126 236 158 236 158 237 126 237 139 237 127 238 138 238 159 238 142 239 111 239 140 239 141 240 140 240 112 240 141 241 115 241 146 241 132 242 128 242 160 242 161 243 129 243 142 243 161 244 130 244 129 244 162 245 131 245 130 245 143 130 145 130 114 130 144 246 143 246 113 246 163 247 144 247 131 247 145 248 164 248 128 248 165 249 139 249 132 249 125 250 157 250 146 250 147 251 148 251 117 251 133 252 148 252 166 252 149 253 118 253 150 253 151 254 119 254 149 254 166 255 150 255 133 255 134 256 151 256 167 256 135 257 134 257 167 257 167 258 152 258 135 258 152 259 168 259 136 259 137 260 136 260 169 260 121 261 153 261 154 261 137 262 169 262 153 262 122 263 154 263 155 263 156 264 123 264 155 264 124 265 156 265 157 265 158 266 159 266 138 266 139 267 170 267 158 267 127 268 159 268 171 268 172 269 142 269 140 269 173 270 140 270 141 270 174 271 141 271 146 271 160 272 128 272 164 272 160 273 165 273 132 273 175 274 161 274 142 274 130 275 161 275 162 275 163 276 131 276 162 276 164 130 145 130 143 130 176 277 143 277 144 277 177 278 144 278 163 278 165 279 170 279 139 279 157 280 178 280 146 280 179 281 148 281 147 281 148 282 180 282 166 282 181 283 149 283 150 283 149 284 182 284 151 284 180 285 150 285 166 285 151 286 182 286 167 286 152 130 167 130 183 130 168 287 152 287 184 287 168 288 185 288 136 288 169 289 136 289 185 289 186 290 154 290 153 290 187 291 153 291 169 291 155 292 154 292 188 292 156 293 155 293 189 293 190 294 157 294 156 294 191 295 159 295 158 295 170 296 191 296 158 296 171 297 159 297 192 297 175 298 142 298 172 298 172 299 140 299 173 299 174 300 173 300 141 300 174 301 146 301 178 301 164 302 193 302 160 302 160 303 193 303 165 303 161 304 175 304 194 304 194 305 162 305 161 305 195 306 163 306 162 306 143 130 196 130 164 130 196 307 143 307 176 307 177 308 176 308 144 308 197 309 177 309 163 309 198 310 170 310 165 310 190 311 178 311 157 311 179 312 199 312 148 312 180 313 148 313 199 313 181 314 182 314 149 314 200 315 181 315 150 315 200 316 150 316 180 316 201 317 167 317 182 317 201 130 183 130 167 130 183 318 184 318 152 318 184 319 202 319 168 319 202 320 185 320 168 320 203 321 169 321 185 321 154 322 186 322 188 322 186 323 153 323 187 323 187 324 169 324 203 324 189 325 155 325 188 325 156 326 189 326 190 326 191 327 192 327 159 327 170 328 204 328 191 328 192 329 205 329 171 329 206 330 175 330 172 330 206 331 172 331 173 331 207 332 173 332 174 332 208 333 174 333 178 333 209 334 193 334 164 334 198 335 165 335 193 335 210 336 194 336 175 336 194 337 195 337 162 337 197 338 163 338 195 338 211 130 164 130 196 130 176 339 212 339 196 339 177 340 213 340 176 340 214 341 177 341 197 341 170 342 198 342 204 342 190 343 208 343 178 343 199 344 179 344 215 344 180 345 199 345 216 345 217 346 182 346 181 346 218 347 181 347 200 347 200 348 180 348 216 348 217 349 201 349 182 349 201 130 219 130 183 130 183 350 219 350 184 350 220 351 202 351 184 351 221 352 185 352 202 352 221 353 203 353 185 353 222 354 188 354 186 354 223 355 186 355 187 355 224 356 187 356 203 356 225 357 189 357 188 357 226 358 190 358 189 358 192 359 191 359 227 359 204 360 228 360 191 360 205 361 192 361 229 361 175 362 206 362 210 362 206 363 173 363 230 363 230 364 173 364 207 364 174 365 208 365 207 365 231 366 193 366 209 366 211 367 209 367 164 367 232 368 198 368 193 368 233 369 194 369 210 369 233 370 195 370 194 370 234 371 197 371 195 371 212 372 211 372 196 372 176 373 213 373 212 373 177 374 214 374 213 374 234 375 214 375 197 375 204 376 198 376 235 376 190 377 226 377 208 377 215 378 236 378 199 378 216 379 199 379 236 379 217 380 181 380 218 380 237 381 218 381 200 381 237 382 200 382 216 382 217 383 238 383 201 383 239 384 219 384 201 384 240 385 184 385 219 385 220 386 241 386 202 386 220 387 184 387 240 387 202 388 241 388 221 388 242 389 203 389 221 389 188 390 222 390 225 390 222 391 186 391 223 391 187 392 224 392 223 392 224 393 203 393 242 393 189 394 225 394 226 394 191 395 228 395 227 395 227 396 229 396 192 396 228 397 204 397 235 397 205 398 229 398 243 398 244 399 210 399 206 399 245 400 206 400 230 400 246 401 230 401 207 401 232 402 193 402 231 402 231 130 209 130 247 130 247 403 209 403 211 403 198 404 232 404 235 404 248 405 233 405 210 405 195 406 233 406 249 406 234 407 195 407 249 407 211 408 212 408 250 408 213 409 251 409 212 409 213 410 214 410 252 410 214 411 234 411 253 411 254 412 236 412 215 412 216 413 236 413 255 413 256 414 217 414 218 414 257 415 218 415 237 415 258 416 237 416 216 416 238 417 217 417 259 417 201 418 238 418 239 418 219 419 239 419 240 419 241 420 220 420 260 420 220 421 240 421 261 421 262 422 221 422 241 422 221 423 262 423 242 423 263 424 225 424 222 424 264 425 222 425 223 425 265 426 223 426 224 426 266 427 224 427 242 427 267 428 226 428 225 428 228 429 268 429 227 429 269 430 229 430 227 430 235 431 270 431 228 431 229 432 271 432 243 432 210 405 244 405 248 405 244 433 206 433 245 433 230 400 246 400 245 400 246 434 207 434 272 434 232 435 231 435 273 435 247 436 274 436 231 436 211 437 250 437 247 437 273 438 235 438 232 438 275 439 233 439 248 439 275 440 249 440 233 440 276 441 234 441 249 441 212 442 251 442 250 442 252 443 251 443 213 443 253 444 252 444 214 444 277 445 253 445 234 445 255 446 236 446 254 446 255 447 278 447 216 447 217 448 256 448 259 448 256 449 218 449 257 449 237 450 258 450 257 450 216 451 278 451 258 451 259 452 239 452 238 452 239 453 279 453 240 453 260 454 220 454 261 454 280 455 241 455 260 455 261 456 240 456 279 456 262 457 241 457 280 457 281 458 242 458 262 458 225 459 263 459 267 459 263 424 222 424 264 424 223 460 265 460 264 460 265 426 224 426 266 426 242 461 281 461 266 461 267 462 282 462 226 462 268 463 228 463 270 463 227 464 268 464 269 464 269 465 283 465 229 465 270 466 235 466 273 466 271 467 229 467 283 467 272 468 207 468 282 468 273 469 231 469 284 469 247 470 285 470 274 470 274 130 284 130 231 130 285 471 247 471 250 471 249 472 275 472 276 472 277 473 234 473 276 473 286 474 250 474 251 474 252 475 287 475 251 475 288 476 252 476 253 476 253 477 277 477 289 477 290 478 255 478 254 478 278 479 255 479 290 479 291 480 259 480 256 480 256 481 257 481 291 481 292 482 257 482 258 482 293 483 258 483 278 483 239 484 259 484 294 484 279 485 239 485 294 485 260 486 261 486 295 486 260 487 296 487 280 487 261 488 279 488 297 488 298 489 262 489 280 489 281 490 262 490 298 490 267 491 299 491 282 491 300 492 268 492 270 492 301 493 269 493 268 493 283 494 269 494 301 494 270 495 273 495 302 495 271 496 283 496 303 496 282 497 299 497 272 497 273 498 284 498 302 498 274 499 285 499 304 499 274 130 305 130 284 130 285 500 250 500 286 500 287 501 286 501 251 501 288 502 287 502 252 502 289 503 288 503 253 503 290 504 254 504 306 504 278 505 290 505 307 505 308 506 259 506 291 506 257 507 292 507 291 507 293 508 292 508 258 508 307 509 293 509 278 509 259 130 309 130 294 130 294 510 310 510 279 510 295 511 261 511 297 511 296 512 260 512 295 512 311 513 280 513 296 513 297 514 279 514 310 514 280 515 311 515 298 515 312 516 268 516 300 516 270 517 302 517 300 517 301 518 268 518 312 518 301 519 313 519 283 519 303 520 283 520 313 520 284 521 305 521 302 521 314 522 304 522 285 522 315 523 274 523 304 523 315 130 305 130 274 130 285 524 286 524 314 524 316 525 286 525 287 525 287 526 288 526 317 526 318 527 288 527 289 527 319 528 290 528 306 528 307 529 290 529 320 529 309 130 259 130 308 130 321 530 308 530 291 530 291 531 292 531 321 531 322 532 292 532 293 532 323 533 293 533 307 533 294 534 309 534 324 534 324 535 310 535 294 535 325 536 295 536 297 536 296 537 295 537 326 537 311 538 296 538 327 538 310 539 328 539 297 539 329 540 312 540 300 540 300 541 302 541 330 541 301 542 312 542 331 542 331 543 313 543 301 543 303 544 313 544 332 544 330 545 302 545 305 545 304 546 314 546 333 546 334 547 315 547 304 547 315 130 335 130 305 130 316 548 314 548 286 548 336 549 316 549 287 549 318 550 317 550 288 550 336 551 287 551 317 551 319 552 320 552 290 552 320 553 337 553 307 553 338 554 309 554 308 554 308 555 321 555 338 555 322 556 321 556 292 556 323 557 322 557 293 557 337 558 323 558 307 558 339 559 324 559 309 559 328 560 310 560 324 560 326 561 295 561 325 561 325 562 297 562 328 562 327 563 296 563 326 563 312 564 329 564 340 564 329 565 300 565 330 565 331 566 312 566 340 566 331 567 332 567 313 567 332 568 341 568 303 568 305 569 335 569 330 569 342 570 333 570 314 570 304 571 333 571 334 571 343 572 315 572 334 572 335 573 315 573 343 573 342 574 314 574 316 574 336 575 342 575 316 575 317 576 318 576 344 576 344 577 336 577 317 577 320 578 319 578 345 578 337 579 320 579 346 579 338 130 339 130 309 130 347 580 338 580 321 580 347 581 321 581 322 581 348 582 322 582 323 582 349 583 323 583 337 583 339 584 350 584 324 584 328 585 324 585 351 585 325 586 352 586 326 586 328 587 353 587 325 587 326 588 354 588 327 588 355 589 340 589 329 589 329 590 330 590 356 590 357 591 331 591 340 591 332 592 331 592 357 592 341 593 332 593 358 593 359 594 330 594 335 594 333 595 342 595 360 595 334 596 333 596 361 596 343 597 334 597 362 597 363 167 335 167 343 167 342 598 336 598 364 598 365 599 336 599 344 599 320 600 345 600 346 600 337 601 346 601 366 601 339 130 338 130 367 130 347 602 367 602 338 602 348 603 347 603 322 603 348 604 323 604 349 604 349 605 337 605 366 605 339 606 368 606 350 606 351 607 324 607 350 607 353 608 328 608 351 608 352 609 325 609 353 609 354 610 326 610 352 610 369 611 340 611 355 611 329 612 356 612 355 612 330 613 359 613 356 613 340 614 369 614 357 614 357 615 370 615 332 615 358 616 332 616 370 616 335 130 363 130 359 130 364 617 360 617 342 617 361 618 333 618 360 618 334 619 361 619 362 619 363 620 343 620 362 620 365 599 364 599 336 599 345 621 371 621 346 621 366 622 346 622 372 622 367 623 373 623 339 623 367 624 347 624 374 624 374 625 347 625 348 625 375 626 348 626 349 626 376 627 349 627 366 627 339 628 373 628 368 628 377 629 350 629 368 629 351 630 350 630 377 630 353 631 351 631 378 631 352 632 353 632 379 632 354 633 352 633 380 633 369 634 355 634 381 634 355 635 356 635 382 635 382 636 356 636 359 636 383 637 357 637 369 637 370 638 357 638 383 638 370 639 371 639 358 639 363 130 384 130 359 130 385 640 360 640 364 640 386 641 361 641 360 641 387 642 362 642 361 642 388 643 363 643 362 643 364 644 365 644 389 644 346 645 371 645 390 645 372 646 383 646 366 646 391 647 373 647 367 647 391 648 367 648 374 648 374 649 348 649 375 649 376 650 375 650 349 650 383 651 376 651 366 651 392 652 368 652 373 652 393 653 377 653 368 653 378 654 351 654 377 654 379 655 353 655 378 655 380 656 352 656 379 656 381 657 355 657 382 657 376 658 369 658 381 658 382 659 359 659 394 659 376 660 383 660 369 660 370 661 383 661 372 661 371 662 370 662 390 662 384 663 363 663 388 663 384 130 394 130 359 130 385 664 386 664 360 664 389 665 385 665 364 665 387 666 361 666 386 666 362 667 387 667 388 667 373 130 391 130 395 130 391 668 374 668 396 668 374 669 375 669 396 669 375 670 376 670 381 670 393 671 368 671 392 671 392 672 373 672 395 672 397 673 377 673 393 673 378 674 377 674 397 674 378 675 398 675 379 675 379 656 399 656 380 656 381 676 382 676 396 676 396 677 382 677 394 677 384 678 388 678 400 678 384 130 401 130 394 130 386 679 385 679 402 679 403 680 385 680 389 680 387 681 386 681 404 681 388 682 387 682 405 682 391 130 401 130 395 130 401 683 391 683 396 683 375 684 381 684 396 684 393 685 392 685 406 685 407 686 392 686 395 686 408 687 397 687 393 687 398 688 378 688 397 688 399 689 379 689 398 689 396 690 394 690 401 690 400 691 388 691 405 691 407 692 384 692 400 692 407 623 401 623 384 623 403 680 402 680 385 680 402 693 404 693 386 693 404 694 405 694 387 694 407 130 395 130 401 130 400 695 406 695 392 695 408 696 393 696 406 696 407 697 400 697 392 697 409 698 397 698 408 698 398 699 397 699 409 699 399 700 398 700 410 700 400 701 405 701 406 701 402 702 403 702 411 702 404 703 402 703 412 703 405 704 404 704 413 704 408 705 406 705 413 705 409 706 408 706 414 706 410 707 398 707 409 707 405 708 413 708 406 708 411 709 412 709 402 709 415 710 404 710 412 710 415 711 413 711 404 711 414 712 408 712 413 712 416 713 409 713 414 713 409 707 416 707 410 707 412 714 411 714 417 714 412 715 417 715 415 715 413 716 415 716 414 716 416 717 414 717 418 717 415 718 417 718 418 718 418 719 414 719 415 719</p>
        </triangles>
      </mesh>
    </geometry>
    <geometry id="Mesh8-mesh" name="Mesh8">
      <mesh>
        <source id="Mesh8-mesh-positions">
          <float_array id="Mesh8-mesh-positions-array" count="1278">5.5601 56.8 -27.9524 0 56.8 -28.5 5.0076 29.5 -28.0566 0 29.5 -28.5 10.3268 29.5 -26.5633 -0.4997 29.5 -28.4956 0 29.3087 -28.5381 5.5675 29.3087 -27.9897 10.9065 56.8 -26.3306 -5.5601 56.8 -27.9524 10.921 29.3087 -26.3657 10.921 56.9913 -26.3657 15.2579 29.5 -24.0717 -5.5675 29.3087 -27.9897 -5.9883 29.5 -27.8638 5.5675 56.9913 -27.9897 15.8338 56.8 -23.6969 10.921 29.3087 -26.3657 -10.9065 56.8 -26.3306 10.9625 57.1536 -26.4659 0 56.8 -28.5 15.8549 56.9913 -23.7285 19.6156 29.5 -20.6756 -10.921 29.3087 -26.3657 -10.921 56.9913 -26.3657 -11.2518 29.5 -26.1849 15.9151 57.1536 -23.8186 5.5886 57.1536 -28.096 0 56.9913 -28.5381 20.1795 56.9913 -20.1795 15.8549 29.3087 -23.7285 20.1525 56.8 -20.1525 -15.8549 56.9913 -23.7285 -5.5675 56.9913 -27.9897 -15.8338 56.8 -23.6969 16.0052 57.2619 -23.9535 11.0246 57.2619 -26.6157 20.2561 57.1536 -20.2561 23.2362 29.5 -16.5024 -15.8549 29.3087 -23.7285 -10.9625 57.1536 -26.4659 -5.5886 57.1536 -28.096 -16.0925 29.5 -23.5219 20.3708 57.2619 -20.3708 0 57.1536 -28.6464 5.6203 57.2619 -28.2551 23.7285 56.9913 -15.8549 23.8186 57.1536 -15.9151 23.6969 56.8 -15.8338 20.1795 29.3087 -20.1795 -15.9151 57.1536 -23.8186 -20.1525 56.8 -20.1525 16.1115 57.3 -24.1126 11.0978 57.3 -26.7925 23.9535 57.2619 -16.0052 25.9836 29.5 -11.7092 -20.1795 29.3087 -20.1795 -20.1795 56.9913 -20.1795 -11.0246 57.2619 -26.6157 -5.6203 57.2619 -28.2551 0 57.2619 -28.8087 -20.3284 29.5 -19.9751 20.5061 57.3 -20.5061 5.6576 57.3 -28.4428 26.4659 57.1536 -10.9625 26.3657 56.9913 -10.921 26.6157 57.2619 -11.0246 24.1126 57.3 -16.1115 23.7285 29.3087 -15.8549 26.3306 56.8 -10.9065 -20.2561 57.1536 -20.2561 -16.0052 57.2619 -23.9535 -23.6969 56.8 -15.8338 17.1797 57.3 -25.7112 11.8336 57.3 -28.5688 6.0327 57.3 -30.3285 26.7925 57.3 -11.0978 27.7545 29.5 -6.4759 -23.7285 29.3087 -15.8549 -23.7285 56.9913 -15.8549 -5.6576 57.3 -28.4428 -16.1115 57.3 -24.1126 0 57.3 -29 -23.8005 29.5 -15.6776 21.8656 57.3 -21.8656 0 57.3 -30.9226 28.096 57.1536 -5.5886 28.2551 57.2619 -5.6203 27.9524 56.8 -5.5601 28.4428 57.3 -5.6576 25.7112 57.3 -17.1797 26.3657 29.3087 -10.921 -23.8186 29.1464 -15.9151 -20.3708 57.2619 -20.3708 -23.8186 57.1536 -15.9151 -11.0978 57.3 -26.7925 -26.3306 56.8 -10.9065 27.9897 56.9913 -5.5675 30.3285 57.3 -6.0327 28.5688 57.3 -11.8336 28.4825 33 -0.9993 -26.4659 29.1464 -10.9625 -20.2561 29.1464 -20.2561 -26.3657 29.3087 -10.921 -26.3657 56.9913 -10.921 -6.0327 57.3 -30.3285 -11.8336 57.3 -28.5688 -20.5061 57.3 -20.5061 -26.3781 29.5 -10.7909 28.6464 57.1536 0 28.8087 57.2619 0 29 57.3 0 28.5381 56.9913 0 28.5 56.8 0 28.4825 29.5 -0.9993 -26.6157 29.0381 -11.0246 -23.9535 29.0381 -16.0052 -15.8549 29.3087 -23.7285 -23.9535 57.2619 -16.0052 -26.4659 57.1536 -10.9625 -17.1797 57.3 -25.7112 -21.8656 57.3 -21.8656 -27.9524 56.8 -5.5601 30.9226 57.3 0 28.4825 33 0.9993 28.5055 29.3546 -0.9582 -28.2551 29.0381 -5.6203 -28.096 29.1464 -5.5886 -20.3708 29.0381 -20.3708 -15.9151 29.1464 -23.8186 -27.9897 29.3087 -5.5675 -27.9897 56.9913 -5.5675 -25.7112 57.3 -17.1797 -24.1126 57.3 -16.1115 -27.9645 29.5 -5.4988 28.096 57.1536 5.5886 28.2551 57.2619 5.6203 28.4428 57.3 5.6576 27.9897 56.9913 5.5675 27.9524 56.8 5.5601 28.5555 29.2475 -0.8603 27.9897 29.3087 -5.5675 -28.4428 29 -5.6576 -26.7925 29 -11.0978 -24.1126 29 -16.1115 -10.921 29.3087 -26.3657 -26.6157 57.2619 -11.0246 -28.096 57.1536 -5.5886 -28.5 56.8 0 30.3285 57.3 6.0327 27.7545 29.5 6.4759 28.6584 29.129 -0.5982 -28.8087 29.0381 0 -28.6464 29.1464 0 -16.0052 29.0381 -23.9535 -20.5061 29 -20.5061 -10.9625 29.1464 -26.4659 -28.5381 29.3087 0 -28.5381 56.9913 0 -28.5688 57.3 -11.8336 -26.7925 57.3 -11.0978 -28.5 29.5 0 26.6157 57.2619 11.0246 26.4659 57.1536 10.9625 26.7925 57.3 11.0978 26.3657 56.9913 10.921 28.4825 29.5 0.9993 26.3306 56.8 10.9065 28.096 29.1464 -5.5886 28.4825 33 -0.9993 -29 29 0 -27.183 29 -11.2596 -16.1115 29 -24.1126 -20.805 29 -20.805 -5.5675 29.3087 -27.9897 -28.2551 57.2619 -5.6203 -28.6464 57.1536 0 -27.9524 56.8 5.5601 -27.9645 29.5 5.4988 28.5688 57.3 11.8336 25.9836 29.5 11.7092 26.4659 29.1464 -10.9625 28.2551 29.0381 -5.6203 28.75 33 0 -28.2551 29.0381 5.6203 -28.4428 29 5.6576 -28.8573 29 -5.7401 -24.464 29 -16.3463 -28.096 29.1464 5.5886 -11.0246 29.0381 -26.6157 -16.3463 29 -24.464 -5.5886 29.1464 -28.096 -27.9897 56.9913 5.5675 -28.4428 57.3 -5.6576 23.9535 57.2619 16.0052 23.8186 57.1536 15.9151 23.7285 56.9913 15.8549 25.7112 57.3 17.1797 23.6969 56.8 15.8338 26.3657 29.3087 10.921 26.6157 29.0381 -11.0246 26.3657 29.3087 -10.921 28.7498 29.0665 -10e-5 28.7498 29.0665 -10e-5 -29.4226 29 0 -27.9897 29.3087 5.5675 -11.0978 29 -26.7925 -11.2596 29 -27.183 0 29.3087 -28.5381 -28.8087 57.2619 0 -28.096 57.1536 5.5886 -30.3285 57.3 -6.0327 -26.3657 56.9913 10.921 -26.3781 29.5 10.7909 24.1126 57.3 16.1115 23.2362 29.5 16.5024 23.9535 29.0381 -16.0052 23.8186 29.1464 -15.9151 26.7925 29 -11.0978 28.6584 29.1291 0.5982 -26.6157 29.0381 11.0246 -26.7925 29 11.0978 -28.8573 29 5.7401 -26.4659 29.1464 10.9625 -5.6203 29.0381 -28.2551 0 29.1464 -28.6464 -30.9226 57.3 0 -29 57.3 0 -26.3306 56.8 10.9065 20.3708 57.2619 20.3708 20.2561 57.1536 20.2561 20.1795 56.9913 20.1795 20.5061 57.3 20.5061 23.7285 29.3087 15.8549 20.1525 56.8 20.1525 23.7285 29.3087 -15.8549 28.4428 29 -5.6576 28.4825 33 0.9993 -27.183 29 11.2596 -26.3657 29.3087 10.921 -5.6576 29 -28.4428 -5.7401 29 -28.8573 5.5675 29.3087 -27.9897 -28.2551 57.2619 5.6203 -26.4659 57.1536 10.9625 -28.4428 57.3 5.6576 -23.7285 56.9913 15.8549 -23.8005 29.5 15.6776 21.8656 57.3 21.8656 19.6156 29.5 20.6756 20.3708 29.0381 -20.3708 24.1126 29 -16.1115 20.2561 29.1464 -20.2561 28.8087 29.0381 0 28.8573 29 -5.7401 28.4825 29.5 0.9993 -23.9535 29.0381 16.0052 -24.1126 29 16.1115 -23.8186 29.1464 15.9151 0 29 -29 0 29.0381 -28.8087 5.5886 29.1464 -28.096 -30.3285 57.3 6.0327 -23.6969 56.8 15.8338 16.0052 57.2619 23.9535 16.1115 57.3 24.1126 15.9151 57.1536 23.8186 15.8549 56.9913 23.7285 15.8338 56.8 23.6969 20.1795 29.3087 20.1795 24.464 29 -16.3463 20.1795 29.3087 -20.1795 29 29 0 28.7498 29.0665 -10e-5 27.183 29 -11.2596 29.4226 29 0 28.5553 29.2477 0.8606 -24.464 29 16.3463 -23.7285 29.3087 15.8549 0 29 -29.4226 10.921 29.3087 -26.3657 -26.6157 57.2619 11.0246 -23.8186 57.1536 15.9151 -28.5688 57.3 11.8336 -20.1525 56.8 20.1525 -20.3284 29.5 19.9751 17.1797 57.3 25.7112 15.2579 29.5 24.0717 16.0052 29.0381 -23.9535 20.5061 29 -20.5061 15.9151 29.1464 -23.8186 28.2551 29.0381 5.6203 28.096 29.1464 5.5886 28.5054 29.3548 0.9583 -20.3708 29.0381 20.3708 -20.5061 29 20.5061 -20.2561 29.1464 20.2561 5.7401 29 -28.8573 5.6203 29.0381 -28.2551 10.9625 29.1464 -26.4659 -26.7925 57.3 11.0978 -20.1795 56.9913 20.1795 11.0978 57.3 26.7925 11.0246 57.2619 26.6157 10.9625 57.1536 26.4659 10.921 56.9913 26.3657 10.9065 56.8 26.3306 15.8549 29.3087 23.7285 16.1115 29 -24.1126 20.805 29 -20.805 15.8549 29.3087 -23.7285 28.8573 29 5.7401 28.4428 29 5.6576 27.9897 29.3087 5.5675 27.7545 29.5 6.4759 -20.805 29 20.805 -20.1795 29.3087 20.1795 5.6576 29 -28.4428 -23.9535 57.2619 16.0052 -20.2561 57.1536 20.2561 -24.1126 57.3 16.1115 -15.8549 56.9913 23.7285 -16.0925 29.5 23.5219 11.8336 57.3 28.5688 10.3268 29.5 26.5633 11.0978 29 -26.7925 11.0246 29.0381 -26.6157 16.3463 29 -24.464 26.6157 29.0381 11.0246 26.3657 29.3087 10.921 26.4659 29.1464 10.9625 28.7498 29.0665 -10e-5 -16.1115 29 24.1126 -16.0052 29.0381 23.9535 -15.9151 29.1464 23.8186 11.2596 29 -27.183 -25.7112 57.3 17.1797 -15.8338 56.8 23.6969 5.6576 57.3 28.4428 5.6203 57.2619 28.2551 5.5886 57.1536 28.096 5.5675 56.9913 27.9897 10.921 29.3087 26.3657 5.5601 56.8 27.9524 26.7925 29 11.0978 -16.3463 29 24.464 -15.8549 29.3087 23.7285 -15.8549 29.3087 23.7285 -20.3708 57.2619 20.3708 -15.9151 57.1536 23.8186 -21.8656 57.3 21.8656 -10.921 56.9913 26.3657 -11.2518 29.5 26.1849 6.0327 57.3 30.3285 5.0076 29.5 28.0566 27.183 29 11.2596 23.8186 29.1464 15.9151 23.9535 29.0381 16.0052 23.7285 29.3087 15.8549 -11.0246 29.0381 26.6157 -11.2596 29 27.183 -10.9625 29.1464 26.4659 -20.5061 57.3 20.5061 -10.9065 56.8 26.3306 0 57.3 29 0 57.2619 28.8087 0 57.1536 28.6464 0 56.9913 28.5381 5.5675 29.3087 27.9897 0 56.8 28.5 24.464 29 16.3463 24.1126 29 16.1115 -11.0978 29 26.7925 -10.921 29.3087 26.3657 -10.921 29.3087 26.3657 -16.1115 57.3 24.1126 -16.0052 57.2619 23.9535 -10.9625 57.1536 26.4659 -17.1797 57.3 25.7112 -5.5675 56.9913 27.9897 -5.9883 29.5 27.8638 0 57.3 30.9226 0 29.3087 28.5381 10.921 29.3087 26.3657 -0.4997 29.5 28.4956 20.2561 29.1464 20.2561 20.1795 29.3087 20.1795 20.3708 29.0381 20.3708 -5.6576 29 28.4428 -5.6203 29.0381 28.2551 -5.5886 29.1464 28.096 -5.5601 56.8 27.9524 -5.6203 57.2619 28.2551 -5.5886 57.1536 28.096 -5.6576 57.3 28.4428 0 29.5 28.5 20.805 29 20.805 20.5061 29 20.5061 -5.7401 29 28.8573 -5.5675 29.3087 27.9897 -5.5675 29.3087 27.9897 -11.8336 57.3 28.5688 -11.0246 57.2619 26.6157 -6.0327 57.3 30.3285 15.8549 29.3087 23.7285 15.9151 29.1464 23.8186 16.1115 29 24.1126 0 29 29 0 29.0381 28.8087 0 29 29 0 29.1464 28.6464 -11.0978 57.3 26.7925 16.3463 29 24.464 16.0052 29.0381 23.9535 0 29 29.4226 0 29.3087 28.5381 10.921 29.3087 26.3657 10.9625 29.1464 26.4659 11.2596 29 27.183 11.0246 29.0381 26.6157 5.6576 29 28.4428 5.6203 29.0381 28.2551 5.5886 29.1464 28.096 11.0978 29 26.7925 5.7401 29 28.8573 5.5675 29.3087 27.9897</float_array>
          <technique_common>
            <accessor source="#Mesh8-mesh-positions-array" count="426" stride="3">
              <param name="X" type="float"/>
              <param name="Y" type="float"/>
              <param name="Z" type="float"/>
            </accessor>
          </technique_common>
        </source>
        <source id="Mesh8-mesh-normals">
          <float_array id="Mesh8-mesh-normals-array" count="1917">-0.09801298 -0.001814782 0.9951835 -0.08820056 0 0.9961028 -0.270288 0.001795351 0.9627779 0.008813679 0 0.9999613 -0.08651709 -0.1945927 0.9770612 -0.2460822 -0.4136895 0.8765299 -0.2902821 -0.001992762 0.9569391 0.008639335 -0.1953205 0.9807015 0.09801298 -0.001633584 0.9951838 -0.09783971 0.0610094 0.9933304 -0.289198 0.08644717 0.953358 -0.2847761 0.1938389 0.9387913 -0.4509812 0.001968562 0.8925313 0.09796398 0.03494226 0.9945763 0.1143555 0.001430451 0.9934389 -0.2847697 0.194045 0.9387508 -0.4624612 0.1938025 0.8651996 -0.4713957 -0.002163529 0.8819192 -0.4067469 -0.4319102 0.8049911 0.1060932 -0.3731877 0.9216698 0.290283 -0.001447379 0.9569397 -0.2417238 0.5537485 0.7968264 -0.09615057 0.1940662 0.976265 -0.4624462 0.1939275 0.8651796 -0.6147038 0.002138495 0.7887552 0.2902773 0.008766233 0.9569025 0.2847761 0.1938389 0.9387913 0.3038848 0.001240849 0.9527081 -0.3925296 0.5537288 0.7343739 -0.2417635 0.5534545 0.7970186 -0.09615528 0.1944185 0.9761945 -0.6223521 0.1939068 0.758339 -0.3926226 0.5534176 0.7345588 -0.5490831 -0.4495466 0.7045678 -0.6344053 -0.002334833 0.7729971 0.2845476 -0.3510686 0.892067 0.4624571 0.1938151 0.8651989 0.284776 0.1940496 0.9387479 0.4713971 -0.001255571 0.8819202 -0.2626147 0.830464 0.4912873 -0.08164137 0.5534847 0.8288483 -0.1617531 0.8303424 0.5332612 0.0961467 0.1944274 0.9761936 -0.6222433 0.1948313 0.7581914 -0.5284258 0.5533163 0.6439002 -0.5283786 0.5534096 0.6438587 -0.7553444 0.002298414 0.6553241 0.4713048 -0.0183708 0.8817791 0.3925215 0.5537381 0.7343713 0.4624572 0.1939194 0.8651756 0.2417834 0.5534708 0.7970013 0.09615695 0.1940534 0.9762669 0.4820036 0.001048862 0.8761687 -0.3534198 0.8304488 0.4306381 -0.2626746 0.8303772 0.4914019 -0.08165156 0.553219 0.8290246 -0.1617124 0.8304708 0.5330734 -0.7582092 0.1948271 0.6222229 -0.6439101 0.5533047 0.5284258 -0.3534259 0.8304324 0.4306648 -0.7729966 -0.002492487 0.6344054 -0.6682127 -0.4662809 0.579719 0.4552894 -0.3283104 0.8276013 0.3926303 0.5534095 0.7345607 0.2417041 0.5537312 0.7968444 0.6223626 0.1939167 0.7583279 0.08162903 0.5534808 0.8288521 0.08166301 0.5532157 0.8290256 0.6344078 -0.001056671 0.7729979 -0.124466 0.9805619 0.1516797 -0.09248685 0.9805647 0.1730298 -0.0546019 0.8304432 0.5544212 -0.05695003 0.9805602 0.1877726 -0.643841 0.553415 0.5283945 -0.7583296 0.1938977 0.6223664 -0.4306473 0.8304434 0.3534213 -0.4306614 0.8304381 0.3534169 -0.8675824 0.002461791 0.4972873 0.6336774 -0.04686975 0.7721763 0.5283733 0.5534083 0.6438642 0.2626818 0.8303845 0.4913858 0.1617009 0.8304476 0.5331133 0.6222363 0.1948221 0.7581995 0.05458188 0.8305568 0.5542528 0.6419854 8.45872e-4 0.7667165 -0.1244663 0.9805626 0.1516744 -0.09248465 0.9805638 0.1730362 -0.05459046 0.830563 0.554243 -0.05694788 0.9805692 0.187726 -0.7345392 0.5534177 0.392659 -0.8651723 0.1939271 0.4624598 -0.4913064 0.8304582 0.2625967 -0.1516634 0.980562 0.1244841 -0.7603631 -0.4815774 0.4358111 -0.881918 -0.002650737 0.4713954 0.6115295 -0.3043571 0.7303414 0.5284313 0.5533134 0.6438981 0.1617643 0.8303663 0.5332205 0.262611 0.8304678 0.4912828 0.05461037 0.8304498 0.5544103 0.758174 0.1948241 0.6222667 0.7729989 -8.58061e-4 0.6344069 -0.1516664 0.9805657 0.1244521 0 1 0 -0.01922941 0.9805713 0.1952181 -0.734373 0.5537448 0.3925085 -0.4914253 0.8303664 0.262665 -0.865202 0.1938154 0.4624511 -0.1730254 0.9805651 0.09248948 -0.173029 0.9805644 0.09249067 -0.947233 0.002615213 0.3205351 0.7707819 -0.07590806 0.632561 0.3534147 0.8304494 0.4306417 0.6439048 0.5532991 0.528438 0.05694752 0.9805687 0.1877287 0.09248685 0.9805647 0.1730298 0.01923698 0.9805608 0.1952705 0.7583564 0.193912 0.6223292 0.7778488 6.43928e-4 0.6284513 0 1 -2.63115e-6 0 1 -5.26222e-6 -0.01923424 0.9805532 0.1953087 -0.7968443 0.5537253 0.2417181 -0.5332462 0.8303496 0.1617658 -0.9387835 0.1938693 0.2847815 -0.1877405 0.9805669 0.05694055 -0.9569373 -0.002800822 0.2902815 -0.8224731 -0.4960623 0.2783173 0.6438487 -0.5534215 0.5283784 0.7471367 -0.2782577 0.603622 0.353429 0.8304343 0.4306588 0.6438504 0.5534209 0.5283769 0.01922678 0.9805675 0.1952375 0.05695068 0.9805672 0.1877352 0.09248465 0.9805638 0.1730362 0.124466 0.9805619 0.1516797 0.865181 0.1939367 0.4624397 0.8819209 -6.49666e-4 0.4713969 0 1 2.63111e-6 -0.7970129 0.5534614 0.2417667 -0.533078 0.8304703 0.1617001 -0.1877296 0.9805684 0.05695033 -0.9387539 0.1940257 0.2847725 0 1 1.40277e-6 0 1 -6.57768e-7 -0.9915107 0.002826511 0.1299943 0.7345485 -0.553422 0.3926356 0.6439084 -0.5533066 0.5284258 0.8771031 -0.1043872 0.4688215 0.4306569 0.8304304 0.3534407 0.7345603 0.553418 0.3926191 0 1 -7.01378e-7 0.1244656 0.9805635 0.1516692 0.8651934 0.193806 0.4624713 0.884496 4.36636e-4 0.4665476 -0.8288404 0.5534979 0.08163172 -0.5544311 0.8304358 0.05461251 -0.1952218 0.9805707 0.01922917 -0.976262 0.1940782 0.09615796 0 1 -7.0139e-7 0 1 -1.31553e-6 -0.9951795 -0.003383457 0.09801262 -0.9912803 0 0.1317701 0.4914236 -0.8303635 0.2626772 0.7343685 -0.5537353 0.3925306 0.4306486 -0.830446 0.353414 0.528423 -0.5533064 0.6439108 0.856042 -0.2516083 0.4515369 0.4306485 0.8304501 0.3534044 0.7343527 0.5537433 0.3925488 0.1516658 0.9805634 0.1244712 0.9387835 0.1938693 0.2847815 0.9569408 -4.35982e-4 0.2902827 -0.8290461 0.5531854 0.08166128 -0.5542191 0.8305793 0.05458343 -0.1952968 0.9805555 0.01923894 -0.9761924 0.1944347 0.09614384 -0.9999998 7.35244e-4 0 -0.9842714 -0.1187089 0.1308363 0.5332468 -0.8303505 0.161759 0.4913046 -0.8304553 0.2626096 0.7968456 -0.5537263 0.2417115 0.4306579 -0.8304371 0.3534236 0.5283798 -0.5534092 0.643858 0.9482865 -0.1341653 0.2876673 0.4913067 0.8304536 0.2626113 0.7968373 0.5537313 0.2417274 0 1 -5.26223e-6 0 1 5.2623e-6 0.151665 0.9805631 0.1244742 0.9387539 0.1940257 0.2847725 0.9578875 2.20259e-4 0.2871435 -0.8290325 0.5532077 -0.08164799 -0.5542263 0.8305737 -0.05459237 -0.1952959 0.9805558 -0.01923471 -0.9761925 0.194428 -0.09615594 0 1 7.01406e-7 -0.9951795 -0.003383457 -0.09801262 -0.8982484 -0.01790291 0.4391232 -0.828074 -0.5519586 0.09815937 0.5330738 -0.8304719 0.1617058 0.1877207 -0.9805707 0.05694001 0.1730172 -0.9805677 0.09247756 0.7970108 -0.5534601 0.2417765 0.3534276 -0.8304364 0.4306557 0.1516566 -0.9805672 0.1244518 0.3926226 -0.5534176 0.7345588 0.9336535 -0.2235116 0.2798816 0.4914246 0.8303679 0.2626616 0.7970191 0.5534565 0.2417572 0.173029 0.9805634 0.09250193 0.9762619 0.1940844 0.09614586 0.9951851 -2.21091e-4 0.09801316 -0.5544251 0.8304408 -0.05460023 -0.8288533 0.5534767 -0.08164495 -0.1952223 0.9805706 -0.01922816 -0.9762619 0.1940844 -0.09614586 -0.9915107 0.002826511 -0.1299943 -0.9350077 -0.3377835 0.1079953 -0.940298 -0.091389 0.3278532 0.5544273 -0.8304384 0.05461299 0.1952129 -0.9805725 0.01922643 0.1877291 -0.9805683 0.05695378 0.1730232 -0.9805666 0.09247833 0.8288407 -0.5534979 0.08162826 0.3534184 -0.8304472 0.4306424 0.1516576 -0.9805642 0.1244744 0.3925366 -0.5537356 0.734365 0.9817014 -0.1640472 0.09669977 0.5332471 0.8303504 0.1617584 0.8288533 0.5534767 0.08164495 0.1730268 0.980565 0.09248942 0.9761925 0.194428 0.09615594 0.9952915 0 0.09692662 -0.5330751 0.8304722 -0.1617 -0.7970191 0.5534565 -0.2417572 -0.1877302 0.9805681 -0.05695128 -0.9387539 0.1940257 -0.2847725 0 1 -1.40277e-6 -0.9912803 0 -0.1317701 -0.9569371 -0.002800822 -0.2902815 -0.8274282 -0.5539422 0.09225356 -0.8446798 -0.5270683 0.09335607 -0.9158063 0 0.4016202 0.5542191 -0.8305793 0.05458253 0.1952865 -0.9805576 0.01923388 0 -1 0 0 -1 -1.59512e-6 0.8290461 -0.5531854 0.08166128 0.1244601 -0.9805647 0.1516662 0.2626135 -0.8304604 0.4912939 0.1244604 -0.9805654 0.151661 0 -1 -6.38032e-6 0.2417183 -0.553736 0.7968367 0.9762959 -0.1944402 0.0950759 0.5330751 0.8304722 0.1617 0.8290325 0.5532077 0.08164799 0.1877378 0.9805672 0.05694407 0.9761922 0.1944347 -0.09614598 0.9952915 0 -0.09692662 -0.5332471 0.8303504 -0.1617584 -0.1877378 0.9805672 -0.05694407 -0.7968373 0.5537313 -0.2417274 -0.9387835 0.1938693 -0.2847815 0 1 1.31553e-6 -0.947233 0.002615213 -0.3205351 -0.7970184 -0.5534561 0.2417604 -0.553597 -0.830657 0.05949264 -0.9658479 -0.01709961 0.2585452 0.5542263 -0.8305737 -0.05459237 0.1952865 -0.9805576 -0.01923304 0 -1 -3.14489e-6 0 -1 1.57249e-6 0.8290327 -0.5532078 -0.08164715 0.09248268 -0.9805701 0.1730012 0.2626711 -0.8303659 0.491423 0 -1 6.2899e-6 0 -1 -3.14436e-6 0.2417635 -0.5534545 0.7970186 0.9762961 -0.1944403 -0.09507459 0.5544251 0.8304408 0.05460023 0.8290461 0.5531854 -0.08166128 0 1 2.63017e-7 0.1877302 0.9805681 0.05695128 0.976263 0.1940725 -0.09615933 0.9951851 -2.21007e-4 -0.09801316 -0.4914246 0.8303679 -0.2626616 -0.1730257 0.9805649 -0.09249138 -0.7343527 0.5537433 -0.3925488 -0.8651934 0.193806 -0.4624713 0 1 6.57768e-7 -0.881918 -0.002650618 -0.4713954 -0.8224731 -0.4960623 -0.2783173 -0.5332471 -0.8303504 0.1617584 -0.7968373 -0.5537313 0.2417274 -0.8581278 -0.5074614 0.07809966 -0.5330782 -0.8304688 0.161707 -0.9885233 4.80855e-5 0.1510684 0.554425 -0.8304405 -0.05460369 0.1952129 -0.9805724 -0.01922816 0.8288535 -0.5534768 -0.08164143 0.09247994 -0.9805641 0.1730362 0.1617559 -0.8303571 0.5332374 0.08164191 -0.5534884 0.8288457 0.9817014 -0.1640472 -0.09669977 0.5542263 0.8305737 0.05459237 0.8288404 0.5534979 -0.08163172 0.1952223 0.9805706 0.01922816 0.9387539 0.1940257 -0.2847725 0.9578875 2.20344e-4 -0.2871435 -0.4913067 0.8304536 -0.2626113 -0.1730301 0.9805634 -0.09249985 -0.7345603 0.553418 -0.3926191 -0.865181 0.1939367 -0.4624397 -0.8675824 0.002461791 -0.4972873 -0.4914238 -0.8303647 0.2626733 -0.7343602 -0.5537429 0.3925355 -0.1877287 -0.980569 0.05694246 -0.9885307 5.44794e-5 -0.15102 0.5330746 -0.8304713 -0.1617068 0.1877211 -0.9805699 -0.05695134 0.7970184 -0.5534561 -0.2417604 0.0569477 -0.9805692 0.187726 0 -1 -1.27611e-5 0.16171 -0.8304585 0.5330933 0.08164966 -0.5532062 0.8290333 0.9336517 -0.2235212 -0.2798801 0.5542191 0.8305793 -0.05458343 0.7970129 0.5534614 -0.2417667 0.1952959 0.9805558 0.01923471 0.9387835 0.1938693 -0.2847815 0.9569408 -4.35891e-4 -0.2902827 -0.4306485 0.8304501 -0.3534044 -0.1516622 0.9805613 -0.1244918 -0.6438504 0.5534209 -0.5283769 -0.7583564 0.193912 -0.6223292 -0.7603631 -0.4815774 -0.4358111 -0.7729966 -0.002492487 -0.6344054 -0.4913048 -0.8304543 0.2626128 -0.1730175 -0.9805676 0.09247773 -0.7345563 -0.553415 0.3926309 -0.1877211 -0.9805699 0.05695134 -0.9658478 -0.01710003 -0.2585453 0.533248 -0.8303499 -0.1617578 0.1877287 -0.980569 -0.05694246 0 -1 3.14489e-6 0.7968373 -0.5537313 -0.2417274 0.05694508 -0.9805694 0.187726 0.05460166 -0.83044 0.5544258 -0.0816611 -0.5532029 0.8290345 0.9482865 -0.1341653 -0.2876673 0.5544311 0.8304358 -0.05461251 0.7968443 0.5537253 -0.2417181 0 1 -7.01406e-7 0.1952959 0.9805558 -0.01923471 0.8651972 0.1938061 -0.4624642 0.884496 4.36636e-4 -0.4665476 -0.4306569 0.8304304 -0.3534407 -0.1516664 0.9805657 -0.1244521 -0.6439048 0.5532991 -0.528438 -0.758174 0.1948241 -0.6222667 0 1 -5.2623e-6 -0.7553444 0.002298474 -0.6553241 -0.4306482 -0.8304456 0.3534154 -0.1730232 -0.9805666 0.09247833 -0.6438493 -0.5534225 0.5283765 -0.1952129 -0.9805724 0.01922816 -0.9158063 0 -0.4016202 0.4914238 -0.8303647 -0.2626733 0.1730186 -0.9805677 -0.09247583 0 -1 1.59512e-6 0.7343602 -0.5537429 -0.3925355 0.01922601 -0.9805729 0.1952111 0.05459129 -0.8305757 0.5542237 -0.08163052 -0.5534906 0.8288453 0.85604 -0.2516064 -0.4515417 0.1952223 0.9805706 -0.01922816 0.533078 0.8304703 -0.1617001 0.734373 0.5537448 -0.3925085 0 1 7.0139e-7 0.865181 0.1939367 -0.4624397 0.8819209 -6.49666e-4 -0.4713969 -0.353429 0.8304343 -0.4306588 -0.1244656 0.9805635 -0.1516692 -0.5284313 0.5533134 -0.6438981 -0.6222363 0.1948221 -0.7581995 -0.6344053 -0.002334833 -0.7729971 -0.6682127 -0.4662809 -0.579719 -0.4306589 -0.8304345 0.3534284 -0.1516556 -0.9805676 0.1244509 -0.6439095 -0.5533032 0.5284279 -0.1952865 -0.9805576 0.01923388 -0.433994 -0.8999012 0.04274785 0 -1 -1.57226e-6 -0.9401761 -0.09077286 -0.3283737 0.4913056 -0.8304519 -0.262619 0.173021 -0.9805669 -0.09247964 0.7345563 -0.553415 -0.3926309 0 -1 1.25798e-5 0.0192359 -0.9805608 0.1952705 -0.05458271 -0.8305697 0.5542335 -0.2417727 -0.5534461 0.7970217 0.8771041 -0.1043899 -0.468819 0.1877296 0.9805684 -0.05695033 0.5332462 0.8303496 -0.1617658 0.7345392 0.5534177 -0.392659 0.7583296 0.1938977 -0.6223664 0.7778488 6.43925e-4 -0.6284513 -0.124466 0.9805619 -0.1516797 -0.3534147 0.8304494 -0.4306417 -0.5283733 0.5534083 -0.6438642 -0.6223626 0.1939167 -0.7583279 0 1 5.26223e-6 -0.6147038 0.002138495 -0.7887552 -0.3534286 -0.8304333 0.4306609 -0.1516576 -0.9805642 0.1244744 -0.5284241 -0.5533058 0.6439106 -0.1952875 -0.9805575 -0.01923555 -0.433877 -0.8999578 -0.04274153 -0.8443638 -0.5275792 -0.09332811 -0.8980873 -0.01757556 -0.4394661 0.4306476 -0.8304484 -0.3534093 0.1516576 -0.9805642 -0.1244744 0.6438504 -0.5534209 -0.5283769 -0.0192359 -0.9805608 0.1952705 -0.05461031 -0.8304487 0.5544122 -0.2417094 -0.5537433 0.7968344 0.7471367 -0.2782577 -0.603622 0.1877383 0.9805672 -0.05694162 0.4914253 0.8303664 -0.262665 0.643841 0.553415 -0.5283945 0 1 -2.63017e-7 0.7582092 0.1948271 -0.6222229 0.7729989 -8.58061e-4 -0.6344069 -0.09248644 0.9805629 -0.1730397 -0.262611 0.8304678 -0.4912828 -0.3926303 0.5534095 -0.7345607 -0.4624462 0.1939275 -0.8651796 -0.4713957 -0.002163529 -0.8819193 -0.5490831 -0.4495466 -0.7045678 -0.1244599 -0.9805657 0.1516599 -0.3534174 -0.8304504 0.4306371 -0.1244596 -0.9805661 0.1516579 -0.5283828 -0.5534182 0.6438478 -0.1952124 -0.9805726 -0.01922661 -0.8274413 -0.5539233 -0.09224903 -0.5535944 -0.8306577 -0.05950832 -0.9352072 -0.3372256 -0.1080113 -0.9843271 -0.1182371 -0.1308447 0.1516586 -0.9805665 -0.1244555 0.4306589 -0.8304345 -0.3534284 0.6439095 -0.5533032 -0.5284279 0 -1 1.27632e-5 -0.01922601 -0.9805725 0.1952129 -0.161706 -0.8304741 0.5330702 -0.3925287 -0.5537449 0.7343623 0.770784 -0.07591539 -0.6325574 0.1730254 0.9805651 -0.09248948 0.4913064 0.8304582 -0.2625967 0.6439101 0.5533047 -0.5284258 0.622233 0.1948202 -0.7582027 0.6419853 8.45872e-4 -0.7667165 -0.09248495 0.9805668 -0.1730183 -0.2626818 0.8303845 -0.4913858 -0.3925215 0.5537381 -0.7343713 -0.4624686 0.1938047 -0.8651952 0 1 4.60438e-6 -0.4509812 0.001968562 -0.8925313 -0.09248197 -0.9805622 0.1730461 -0.2626067 -0.8304527 0.4913105 0 -1 1.59539e-6 -0.3926303 -0.5534095 0.7345607 -0.1877207 -0.9805707 -0.05693912 -0.7970116 -0.5534605 -0.2417733 -0.5330738 -0.8304719 -0.1617058 -0.8585287 -0.5067787 -0.0781275 -0.8280802 -0.5519474 -0.09816932 0.1244596 -0.9805661 -0.1516579 0.3534299 -0.8304309 -0.4306643 0 -1 -6.38036e-6 0.5284241 -0.5533058 -0.6439106 0 -1 1.96556e-6 -0.05694508 -0.9805758 0.1876925 -0.1617599 -0.8303441 0.5332564 0.6115295 -0.3043571 -0.7303414 0.1730314 0.9805639 -0.09249192 0.4306473 0.8304434 -0.3534213 0.5284258 0.5533163 -0.6439002 0 1 1.31555e-6 0.6223617 0.1939235 -0.7583269 0.6344078 -0.001056671 -0.7729979 -0.05695056 0.9805644 -0.1877503 -0.1617643 0.8303663 -0.5332205 -0.2417041 0.5537312 -0.7968444 -0.2847768 0.1938382 -0.9387912 -0.4067469 -0.4319102 -0.8049911 -0.2902821 -0.001992762 -0.9569391 0 -1 -1.27632e-5 -0.09248083 -0.9805711 0.1729965 -0.2626782 -0.8303731 0.491407 -0.5332478 -0.8303501 -0.1617584 -0.1877291 -0.9805683 -0.05695378 -0.7968427 -0.553732 -0.241708 0.1244601 -0.9805647 -0.1516662 0.3534168 -0.8304543 -0.4306303 0.5283828 -0.5534182 -0.6438478 -0.0569477 -0.9805632 0.1877574 0.6336774 -0.04686975 -0.7721763 0.1516634 0.980562 -0.1244841 0.4306614 0.8304381 -0.3534169 0.5283786 0.5534096 -0.6438587 0 1 -2.63111e-6 0.4624462 0.1939275 -0.8651796 0.4820036 0.001048803 -0.8761687 -0.05694752 0.9805687 -0.1877287 -0.1617009 0.8304476 -0.5331133 -0.2417834 0.5534708 -0.7970013 -0.2847801 0.1940547 -0.9387456 0 1 -1.97332e-6 -0.270288 0.001795351 -0.9627779 0 -1 3.14446e-6 -0.4914245 -0.8303632 -0.2626768 -0.1730175 -0.9805676 -0.09247773 -0.7343685 -0.5537353 -0.3925306 0.09248256 -0.9805712 -0.1729949 0.2626067 -0.8304527 -0.4913105 0.3926307 -0.5534085 -0.7345612 0.4552894 -0.3283104 -0.8276013 0.1516664 0.9805657 -0.1244521 0.3534259 0.8304324 -0.4306648 0.3926226 0.5534176 -0.7345588 0.4624612 0.1938025 -0.8651996 0.4713971 -0.001255571 -0.8819202 -0.01922672 0.9805637 -0.1952567 -0.05461037 0.8304498 -0.5544103 -0.08162999 0.553487 -0.8288478 -0.09615916 0.1940578 -0.9762659 -0.2460807 -0.4136876 -0.8765311 -0.09801298 -0.001814782 -0.9951835 -0.4913046 -0.8304553 -0.2626096 -0.7345473 -0.5534238 -0.3926354 -0.1730232 -0.9805666 -0.09247833 0.09247994 -0.9805641 -0.1730362 0.2626782 -0.8303731 -0.491407 0 -1 1.2761e-5 0.3925296 -0.5537495 -0.7343584 0.4713048 -0.0183708 -0.8817791 0.1244663 0.9805626 -0.1516744 0.3534198 0.8304488 -0.4306381 0.3925296 0.5537288 -0.7343739 0 1 2.63115e-6 0.2847768 0.1938382 -0.9387912 0.3038848 0.001240849 -0.9527081 -0.01923698 0.9805608 -0.1952705 -0.05458188 0.8305568 -0.5542528 -0.08166301 0.5532157 -0.8290256 -0.0961467 0.1944274 -0.9761936 -0.09784042 0.06100982 -0.9933304 -0.2892009 0.08644849 -0.953357 -0.07945966 0.001615107 -0.9968369 -0.4306486 -0.830446 -0.353414 -0.6438487 -0.5534215 -0.5283784 -0.1516566 -0.9805672 -0.1244518 0.05694758 -0.9805624 -0.1877619 0.16176 -0.830344 -0.5332566 0 -1 3.19032e-6 0.2417083 -0.553741 -0.7968364 0.2845476 -0.3510686 -0.892067 0.124466 0.9805619 -0.1516797 0.2626147 0.830464 -0.4912873 0.2417238 0.5537485 -0.7968264 0.2847801 0.1940547 -0.9387456 0.2902831 -0.001447379 -0.9569398 0.01923698 0.9805608 -0.1952705 0.05459046 0.830563 -0.554243 0.08165156 0.553219 -0.8290246 0.0961467 0.1944274 -0.9761936 -0.08651709 -0.1945927 -0.9770612 0.09801298 -0.001633584 -0.9951838 0 -1 -6.2899e-6 -0.6439084 -0.5533066 -0.5284258 -0.4306597 -0.8304347 -0.3534268 -0.1516585 -0.9805637 -0.1244773 0.05694508 -0.9805758 -0.1876925 0.1617057 -0.8304723 -0.5330733 0.2417727 -0.5534461 -0.7970217 0.2902748 0.008765637 -0.9569032 0 1 5.26222e-6 0.09248685 0.9805647 -0.1730298 0.2626746 0.8303772 -0.4914019 0.2417635 0.5534545 -0.7970186 0.09615695 0.1940534 -0.9762669 0.1143555 0.001430451 -0.9934389 0.01922678 0.9805675 -0.1952375 0.0546019 0.8304432 -0.5544212 0.08164137 0.5534847 -0.8288483 0.008639335 -0.1953205 -0.9807015 0 -1 6.38032e-6 -0.528423 -0.5533064 -0.6439108 -0.3534276 -0.8304364 -0.4306557 -0.1244604 -0.9805654 -0.151661 0.01922601 -0.9805729 -0.1952111 0.05461031 -0.8304487 -0.5544121 0 -1 -1.27632e-5 0.08163094 -0.5534934 -0.8288434 0.1060941 -0.3731907 -0.9216685 0.09248465 0.9805638 -0.1730362 0.1617531 0.8303424 -0.5332612 0.05694812 0.9805729 -0.1877068 0.1617124 0.8304708 -0.5330734 0.09796398 0.03494226 -0.9945763 -0.5283798 -0.5534092 -0.643858 -0.3534198 -0.8304488 -0.4306381 0 -1 -1.59539e-6 -0.1244601 -0.9805647 -0.1516662 0.0192359 -0.9805608 -0.1952705 0.05458271 -0.8305697 -0.5542335 0.0816611 -0.5532029 -0.8290345 0.05695003 0.9805602 -0.1877726 -0.3926226 -0.5534176 -0.7345588 -0.2626135 -0.8304604 -0.4912939 -0.09248268 -0.9805701 -0.1730012 -0.01923328 -0.9805585 -0.1952821 -0.05459129 -0.8305757 -0.5542237 -0.08164966 -0.5532062 -0.8290333 -0.3925366 -0.5537356 -0.734365 -0.2626711 -0.8303659 -0.491423 0 -1 9.5708e-6 -0.09247994 -0.9805641 -0.1730362 -0.01922863 -0.9805749 -0.1952008 -0.05460166 -0.83044 -0.5544258 0 -1 -1.25798e-5 -0.08164191 -0.5534884 -0.8288457 -0.2417183 -0.553736 -0.7968367 -0.1617559 -0.8303571 -0.5332374 -0.0569477 -0.9805692 -0.187726 -0.05694508 -0.9805694 -0.187726 -0.16171 -0.8304585 -0.5330933 -0.2417635 -0.5534545 -0.7970186</float_array>
          <technique_common>
            <accessor source="#Mesh8-mesh-normals-array" count="639" stride="3">
              <param name="X" type="float"/>
              <param name="Y" type="float"/>
              <param name="Z" type="float"/>
            </accessor>
          </technique_common>
        </source>
        <vertices id="Mesh8-mesh-vertices">
          <input semantic="POSITION" source="#Mesh8-mesh-positions"/>
        </vertices>
        <triangles material="Material_0_002-material" count="714">
          <input semantic="VERTEX" source="#Mesh8-mesh-vertices" offset="0"/>
          <input semantic="NORMAL" source="#Mesh8-mesh-normals" offset="1"/>
          <p>0 0 1 0 2 0 2 1 1 1 3 1 2 2 4 2 0 2 5 3 3 3 1 3 2 4 3 4 6 4 4 5 2 5 7 5 8 6 0 6 4 6 5 7 6 7 3 7 5 8 1 8 9 8 6 9 7 9 2 9 7 10 10 10 4 10 11 11 0 11 8 11 12 12 8 12 4 12 6 13 5 13 13 13 9 14 14 14 5 14 11 15 15 15 0 15 16 16 11 16 8 16 16 17 8 17 12 17 17 18 12 18 4 18 13 19 5 19 14 19 9 20 18 20 14 20 15 21 11 21 19 21 20 22 0 22 15 22 11 23 16 23 21 23 12 24 22 24 16 24 13 25 14 25 23 25 24 26 18 26 9 26 18 27 25 27 14 27 19 28 11 28 26 28 27 29 15 29 19 29 20 30 15 30 28 30 21 31 16 31 29 31 21 32 26 32 11 32 30 33 22 33 12 33 31 34 16 34 22 34 23 35 14 35 25 35 24 36 32 36 18 36 33 37 24 37 9 37 18 38 34 38 25 38 19 39 26 39 35 39 28 40 15 40 27 40 27 41 19 41 36 41 20 42 28 42 9 42 16 43 31 43 29 43 29 44 37 44 21 44 37 45 26 45 21 45 38 46 31 46 22 46 39 47 23 47 25 47 40 48 32 48 24 48 32 49 34 49 18 49 41 50 24 50 33 50 9 51 28 51 33 51 25 52 34 52 42 52 35 53 26 53 43 53 36 54 19 54 35 54 28 55 27 55 44 55 27 56 36 56 45 56 46 57 29 57 31 57 29 58 47 58 37 58 26 59 37 59 43 59 48 60 31 60 38 60 49 61 38 61 22 61 39 62 25 62 42 62 50 63 32 63 40 63 41 64 40 64 24 64 32 65 51 65 34 65 41 66 33 66 44 66 44 67 33 67 28 67 34 68 51 68 42 68 35 69 43 69 52 69 36 70 35 70 52 70 44 71 27 71 45 71 45 72 36 72 53 72 29 73 46 73 47 73 48 74 46 74 31 74 37 75 47 75 54 75 54 76 43 76 37 76 38 77 55 77 48 77 39 78 42 78 56 78 50 79 57 79 32 79 40 80 58 80 50 80 59 81 40 81 41 81 57 82 51 82 32 82 41 83 44 83 60 83 51 84 61 84 42 84 43 85 62 85 52 85 53 86 36 86 52 86 60 87 44 87 45 87 63 88 45 88 53 88 46 89 64 89 47 89 46 90 48 90 65 90 54 91 47 91 66 91 43 92 54 92 67 92 68 93 55 93 38 93 69 94 48 94 55 94 56 95 42 95 61 95 50 96 70 96 57 96 59 97 58 97 40 97 71 98 50 98 58 98 60 99 59 99 41 99 57 100 72 100 51 100 51 101 72 101 61 101 67 102 62 102 43 102 52 103 62 103 73 103 74 103 53 103 52 103 60 104 45 104 63 104 75 103 63 103 53 103 46 105 65 105 64 105 47 106 64 106 66 106 65 107 48 107 69 107 54 108 66 108 76 108 54 109 76 109 67 109 77 110 69 110 55 110 78 111 56 111 61 111 50 112 71 112 70 112 70 113 79 113 57 113 58 114 59 114 80 114 58 115 81 115 71 115 60 116 82 116 59 116 57 117 79 117 72 117 61 118 72 118 83 118 62 103 67 103 84 103 84 119 73 119 62 119 52 120 73 120 74 120 74 103 75 103 53 103 63 121 82 121 60 121 63 103 75 103 85 103 64 122 65 122 86 122 66 123 64 123 87 123 69 124 88 124 65 124 76 125 66 125 89 125 90 103 67 103 76 103 88 126 69 126 77 126 91 127 77 127 55 127 56 128 78 128 92 128 78 129 61 129 83 129 71 130 93 130 70 130 94 131 79 131 70 131 59 132 82 132 80 132 95 133 58 133 80 133 58 134 95 134 81 134 81 135 93 135 71 135 79 136 96 136 72 136 72 137 96 137 83 137 90 138 84 138 67 138 63 103 85 103 82 103 86 139 65 139 97 139 64 140 86 140 87 140 66 141 87 141 89 141 97 142 65 142 88 142 76 143 89 143 98 143 99 144 90 144 76 144 100 145 88 145 77 145 101 146 92 146 78 146 92 147 102 147 56 147 103 148 78 148 83 148 70 149 93 149 94 149 94 150 104 150 79 150 80 103 82 103 105 103 80 151 106 151 95 151 95 103 106 103 81 103 81 152 107 152 93 152 104 153 96 153 79 153 96 154 108 154 83 154 85 103 105 103 82 103 97 155 109 155 86 155 86 156 110 156 87 156 89 157 87 157 111 157 97 158 88 158 112 158 98 159 89 159 111 159 98 160 99 160 76 160 88 161 100 161 113 161 100 162 77 162 114 162 92 163 101 163 115 163 103 164 101 164 78 164 102 165 92 165 116 165 102 166 117 166 56 166 83 167 108 167 103 167 93 168 118 168 94 168 94 169 119 169 104 169 80 103 105 103 106 103 81 120 106 120 120 120 121 103 107 103 81 103 118 170 93 170 107 170 96 171 104 171 122 171 96 172 122 172 108 172 97 173 112 173 109 173 109 174 110 174 86 174 110 175 111 175 87 175 88 176 113 176 112 176 123 103 98 103 111 103 124 177 113 177 100 177 125 178 114 178 77 178 101 179 126 179 115 179 116 180 92 180 115 180 103 181 127 181 101 181 128 182 102 182 116 182 129 183 117 183 102 183 130 184 103 184 108 184 119 185 94 185 118 185 104 186 119 186 131 186 120 187 121 187 81 187 121 188 132 188 107 188 133 189 118 189 107 189 131 190 122 190 104 190 108 191 122 191 134 191 135 192 109 192 112 192 109 193 136 193 110 193 137 194 111 194 110 194 138 195 112 195 113 195 123 196 111 196 137 196 139 197 113 197 124 197 125 198 140 198 114 198 141 199 125 199 77 199 127 200 126 200 101 200 126 201 142 201 115 201 116 202 115 202 143 202 103 203 130 203 127 203 129 204 102 204 128 204 128 205 116 205 144 205 117 206 129 206 145 206 108 207 134 207 130 207 118 208 146 208 119 208 147 209 131 209 119 209 133 103 107 103 132 103 146 210 118 210 133 210 122 211 131 211 148 211 122 212 148 212 134 212 135 213 136 213 109 213 138 214 135 214 112 214 110 215 136 215 137 215 139 216 138 216 113 216 149 103 123 103 137 103 124 217 150 217 139 217 125 218 141 218 140 218 140 219 151 219 114 219 152 220 126 220 127 220 126 221 152 221 142 221 142 222 143 222 115 222 144 223 116 223 143 223 153 224 127 224 130 224 128 225 154 225 129 225 155 226 128 226 144 226 129 227 156 227 145 227 130 228 134 228 157 228 146 229 147 229 119 229 131 230 147 230 158 230 133 103 132 103 159 103 160 231 146 231 133 231 131 232 158 232 148 232 148 233 161 233 134 233 136 234 135 234 162 234 135 235 138 235 163 235 136 236 164 236 137 236 138 237 139 237 165 237 149 238 137 238 164 238 124 239 166 239 150 239 167 240 139 240 150 240 168 241 140 241 141 241 140 242 168 242 151 242 151 243 169 243 114 243 127 244 153 244 152 244 142 245 152 245 170 245 143 246 142 246 171 246 144 247 143 247 171 247 130 248 157 248 153 248 154 249 128 249 172 249 156 250 129 250 154 250 155 251 172 251 128 251 155 252 144 252 173 252 174 253 145 253 156 253 134 254 161 254 157 254 175 255 147 255 146 255 147 256 176 256 158 256 133 103 159 103 160 103 175 257 146 257 160 257 148 258 158 258 177 258 161 259 148 259 178 259 162 260 135 260 163 260 136 261 162 261 164 261 165 262 163 262 138 262 167 263 165 263 139 263 149 264 164 264 179 264 180 265 167 265 150 265 181 266 168 266 141 266 182 267 151 267 168 267 169 268 151 268 183 268 152 269 153 269 184 269 152 270 185 270 170 270 186 246 142 246 170 246 142 271 186 271 171 271 171 272 187 272 144 272 153 273 157 273 188 273 189 274 154 274 172 274 189 275 156 275 154 275 172 246 155 246 190 246 187 276 173 276 144 276 190 277 155 277 173 277 191 278 174 278 156 278 161 279 178 279 157 279 147 280 175 280 176 280 192 281 158 281 176 281 160 282 159 282 193 282 175 283 160 283 193 283 158 284 192 284 177 284 148 285 177 285 178 285 194 286 162 286 163 286 162 287 194 287 164 287 195 288 163 288 165 288 165 289 167 289 196 289 179 290 164 290 197 290 180 291 198 291 167 291 199 292 180 292 150 292 181 293 200 293 168 293 181 294 141 294 201 294 202 295 151 295 182 295 200 296 182 296 168 296 203 297 183 297 151 297 188 298 184 298 153 298 185 299 152 299 184 299 204 246 170 246 185 246 170 246 204 246 186 246 205 300 188 300 157 300 206 301 189 301 172 301 191 302 156 302 189 302 172 246 190 246 207 246 208 303 174 303 191 303 178 304 205 304 157 304 176 305 175 305 209 305 192 306 176 306 210 306 193 103 159 103 211 103 209 307 175 307 193 307 192 308 212 308 177 308 177 309 213 309 178 309 163 310 195 310 194 310 164 311 194 311 214 311 195 312 165 312 196 312 196 313 167 313 198 313 197 103 164 103 214 103 180 314 215 314 198 314 181 315 216 315 200 315 181 316 201 316 217 316 182 317 200 317 218 317 183 318 203 318 219 318 188 319 220 319 184 319 184 320 221 320 185 320 222 246 204 246 185 246 223 321 188 321 205 321 224 322 189 322 206 322 206 323 172 323 207 323 224 324 191 324 189 324 225 325 208 325 191 325 178 326 213 326 205 326 176 327 209 327 210 327 210 328 212 328 192 328 211 103 226 103 193 103 193 329 227 329 209 329 228 330 177 330 212 330 177 331 228 331 213 331 229 332 194 332 195 332 194 333 229 333 214 333 195 334 196 334 230 334 231 335 196 335 198 335 214 103 232 103 197 103 233 336 215 336 180 336 198 337 215 337 234 337 216 338 181 338 217 338 200 339 216 339 218 339 217 340 201 340 235 340 236 341 182 341 218 341 183 342 219 342 237 342 188 343 223 343 220 343 184 344 220 344 221 344 238 246 185 246 221 246 185 345 238 345 222 345 239 346 223 346 205 346 224 347 206 347 240 347 206 246 207 246 241 246 225 348 191 348 224 348 208 349 225 349 242 349 205 350 213 350 239 350 210 351 209 351 243 351 244 352 212 352 210 352 226 353 227 353 193 353 245 354 209 354 227 354 246 355 228 355 212 355 213 356 228 356 247 356 230 357 229 357 195 357 214 358 229 358 232 358 230 359 196 359 231 359 231 360 198 360 234 360 248 361 197 361 232 361 249 362 234 362 215 362 216 363 217 363 250 363 251 364 218 364 216 364 252 365 217 365 235 365 236 366 253 366 182 366 236 246 218 246 254 246 255 367 237 367 219 367 223 368 256 368 220 368 221 369 220 369 257 369 257 370 238 370 221 370 223 371 239 371 258 371 241 246 240 246 206 246 240 372 259 372 224 372 225 373 224 373 260 373 225 374 261 374 242 374 213 375 247 375 239 375 243 376 209 376 245 376 244 377 210 377 243 377 246 378 212 378 244 378 227 103 226 103 262 103 262 379 245 379 227 379 246 380 263 380 228 380 263 381 247 381 228 381 264 382 229 382 230 382 265 383 232 383 229 383 266 384 230 384 231 384 231 385 234 385 267 385 265 103 248 103 232 103 268 386 234 386 249 386 269 387 249 387 215 387 250 388 217 388 252 388 216 389 250 389 251 389 270 246 218 246 251 246 252 390 235 390 271 390 236 391 272 391 253 391 182 392 253 392 273 392 254 393 218 393 274 393 254 246 275 246 236 246 219 394 276 394 255 394 223 395 258 395 256 395 220 396 256 396 257 396 257 246 277 246 238 246 258 397 239 397 278 397 240 398 241 398 279 398 240 246 279 246 259 246 260 399 224 399 259 399 225 400 260 400 261 400 261 401 280 401 242 401 278 402 239 402 247 402 281 403 243 403 245 403 281 404 244 404 243 404 246 405 244 405 282 405 245 103 262 103 283 103 263 406 246 406 284 406 263 407 285 407 247 407 265 408 229 408 264 408 266 409 264 409 230 409 266 410 231 410 267 410 267 411 234 411 268 411 286 412 248 412 265 412 287 413 268 413 249 413 288 414 250 414 252 414 250 415 289 415 251 415 274 246 218 246 270 246 251 246 289 246 270 246 290 416 252 416 271 416 275 246 272 246 236 246 253 417 272 417 291 417 273 418 253 418 291 418 292 419 276 419 219 419 276 420 293 420 255 420 294 421 256 421 258 421 257 422 256 422 295 422 257 246 295 246 277 246 258 423 278 423 296 423 279 246 297 246 259 246 298 424 260 424 259 424 261 425 260 425 298 425 261 426 299 426 280 426 247 427 285 427 278 427 245 428 300 428 281 428 282 429 244 429 281 429 301 430 246 430 282 430 300 431 245 431 283 431 246 432 301 432 284 432 263 433 284 433 285 433 265 434 264 434 302 434 264 435 266 435 303 435 266 436 267 436 304 436 305 437 267 437 268 437 286 103 265 103 302 103 306 438 268 438 287 438 307 439 287 439 249 439 250 440 288 440 308 440 252 441 290 441 288 441 308 442 289 442 250 442 309 246 270 246 289 246 290 443 271 443 310 443 275 246 311 246 272 246 272 444 312 444 291 444 292 445 313 445 276 445 291 446 292 446 219 446 293 447 276 447 313 447 293 448 314 448 255 448 256 449 294 449 295 449 294 450 258 450 296 450 315 246 277 246 295 246 296 451 278 451 316 451 317 452 259 452 297 452 259 453 317 453 298 453 299 454 261 454 298 454 310 455 280 455 299 455 285 456 316 456 278 456 318 457 281 457 300 457 318 458 282 458 281 458 301 459 282 459 319 459 320 103 300 103 283 103 321 460 284 460 301 460 285 461 284 461 322 461 302 462 264 462 303 462 304 463 303 463 266 463 304 464 267 464 305 464 305 465 268 465 306 465 286 466 302 466 323 466 287 467 324 467 306 467 325 468 308 468 288 468 326 469 288 469 290 469 289 470 308 470 327 470 309 246 289 246 327 246 290 471 310 471 299 471 311 246 312 246 272 246 328 472 291 472 312 472 292 473 329 473 313 473 291 474 330 474 292 474 331 475 291 475 219 475 293 476 313 476 314 476 332 477 295 477 294 477 296 478 333 478 294 478 315 479 295 479 332 479 334 480 296 480 316 480 335 481 317 481 297 481 326 482 298 482 317 482 299 483 298 483 326 483 285 484 322 484 316 484 320 485 318 485 300 485 319 486 282 486 318 486 301 487 319 487 321 487 283 488 336 488 320 488 337 489 284 489 321 489 337 490 322 490 284 490 338 491 302 491 303 491 339 492 303 492 304 492 340 493 304 493 305 493 341 494 305 494 306 494 302 103 338 103 323 103 342 495 324 495 287 495 343 496 306 496 324 496 308 497 325 497 327 497 288 498 326 498 325 498 299 499 326 499 290 499 344 246 312 246 311 246 291 500 328 500 330 500 312 501 344 501 328 501 292 502 330 502 329 502 333 503 332 503 294 503 334 504 333 504 296 504 345 246 315 246 332 246 334 505 316 505 346 505 325 246 317 246 335 246 317 506 325 506 326 506 322 507 347 507 316 507 348 508 318 508 320 508 318 509 348 509 319 509 319 510 349 510 321 510 336 511 350 511 320 511 351 512 337 512 321 512 337 513 352 513 322 513 303 514 339 514 338 514 339 515 304 515 340 515 340 516 305 516 341 516 341 517 306 517 343 517 323 518 338 518 353 518 324 519 354 519 343 519 327 520 325 520 335 520 344 246 311 246 355 246 328 521 356 521 330 521 344 522 357 522 328 522 329 523 330 523 358 523 333 524 359 524 332 524 359 525 333 525 334 525 332 246 360 246 345 246 361 526 334 526 346 526 322 527 352 527 347 527 320 528 362 528 348 528 349 529 319 529 348 529 321 530 349 530 351 530 362 103 320 103 350 103 337 531 351 531 363 531 352 532 337 532 363 532 364 533 338 533 339 533 365 534 339 534 340 534 366 535 340 535 341 535 367 536 341 536 343 536 338 103 364 103 353 103 368 537 354 537 324 537 343 538 354 538 369 538 355 246 370 246 344 246 356 539 328 539 357 539 358 540 330 540 356 540 371 541 357 541 344 541 359 542 372 542 332 542 361 543 359 543 334 543 360 544 332 544 372 544 361 545 346 545 373 545 347 546 352 546 374 546 348 547 362 547 375 547 376 548 349 548 348 548 377 549 351 549 349 549 350 550 378 550 362 550 379 551 363 551 351 551 352 552 363 552 380 552 365 553 364 553 339 553 366 554 365 554 340 554 367 555 366 555 341 555 369 556 367 556 343 556 381 103 353 103 364 103 354 557 368 557 382 557 383 558 368 558 324 558 384 559 369 559 354 559 370 246 371 246 344 246 385 560 356 560 357 560 386 561 358 561 356 561 387 562 357 562 371 562 372 563 359 563 388 563 389 564 359 564 361 564 388 565 360 565 372 565 361 566 373 566 390 566 352 567 380 567 374 567 375 103 362 103 378 103 376 568 348 568 375 568 377 569 349 569 376 569 379 570 351 570 377 570 379 571 391 571 363 571 363 572 391 572 380 572 365 573 392 573 364 573 365 574 366 574 392 574 367 575 393 575 366 575 369 576 391 576 367 576 394 103 381 103 364 103 395 577 354 577 382 577 391 578 369 578 384 578 370 579 396 579 371 579 356 580 385 580 386 580 357 581 387 581 385 581 371 582 397 582 387 582 359 583 389 583 388 583 389 584 361 584 390 584 388 246 398 246 360 246 390 585 373 585 399 585 374 586 380 586 400 586 375 587 378 587 401 587 402 588 376 588 375 588 402 589 377 589 376 589 393 590 379 590 377 590 391 591 379 591 367 591 391 592 384 592 380 592 392 593 394 593 364 593 366 594 393 594 392 594 367 595 379 595 393 595 394 103 403 103 381 103 395 596 382 596 384 596 397 597 371 597 396 597 385 598 404 598 386 598 405 599 385 599 387 599 387 600 397 600 406 600 388 601 389 601 407 601 389 602 390 602 408 602 388 603 409 603 398 603 399 604 410 604 390 604 384 605 400 605 380 605 411 103 375 103 401 103 402 606 375 606 411 606 393 607 377 607 402 607 411 608 394 608 392 608 393 609 402 609 392 609 403 103 394 103 411 103 384 610 382 610 400 610 396 246 412 246 397 246 405 611 404 611 385 611 413 612 405 612 387 612 397 613 412 613 406 613 413 614 387 614 406 614 389 615 408 615 407 615 390 616 410 616 408 616 414 246 398 246 409 246 410 617 399 617 415 617 411 103 401 103 403 103 392 618 402 618 411 618 404 619 405 619 416 619 417 620 405 620 413 620 406 246 412 246 418 246 419 621 413 621 406 621 420 622 407 622 408 622 408 623 410 623 421 623 420 246 414 246 409 246 410 624 415 624 422 624 405 625 417 625 416 625 419 626 417 626 413 626 406 627 418 627 423 627 423 628 419 628 406 628 408 629 421 629 420 629 410 630 422 630 421 630 420 631 424 631 414 631 415 632 425 632 422 632 425 633 416 633 417 633 422 634 417 634 419 634 418 246 424 246 423 246 421 635 419 635 423 635 420 636 421 636 423 636 422 637 419 637 421 637 424 246 420 246 423 246 422 638 425 638 417 638</p>
        </triangles>
      </mesh>
    </geometry>
    <geometry id="Mesh7-mesh" name="Mesh7">
      <mesh>
        <source id="Mesh7-mesh-positions">
          <float_array id="Mesh7-mesh-positions-array" count="192">5.8527 30 29.4236 0 30 30 0 29 29.4226 -5.8527 30 29.4236 5.7401 29 28.8573 -5.7401 29 28.8573 11.4805 30 27.7164 -11.4805 30 27.7164 11.2596 29 27.183 -11.2596 29 27.183 16.3463 29 24.464 -16.6671 30 24.9441 16.6671 30 24.9441 -16.3463 29 24.464 21.2132 30 21.2132 -21.2132 30 21.2132 20.805 29 20.805 -20.805 29 20.805 24.9441 30 16.6671 -24.464 29 16.3463 24.464 29 16.3463 -24.9441 30 16.6671 27.7164 30 11.4805 -27.183 29 11.2596 27.183 29 11.2596 -27.7164 30 11.4805 28.8573 29 5.7401 -28.8573 29 5.7401 29.4236 30 5.8527 -29.4236 30 5.8527 30 30 0 -29.4226 29 0 29.4226 29 0 -30 30 0 29.4236 30 -5.8527 -28.8573 29 -5.7401 28.8573 29 -5.7401 -29.4236 30 -5.8527 27.7164 30 -11.4805 -27.7164 30 -11.4805 27.183 29 -11.2596 -27.183 29 -11.2596 24.464 29 -16.3463 -24.9441 30 -16.6671 24.9441 30 -16.6671 -24.464 29 -16.3463 21.2132 30 -21.2132 -20.805 29 -20.805 20.805 29 -20.805 -21.2132 30 -21.2132 16.6671 30 -24.9441 -16.3463 29 -24.464 16.3463 29 -24.464 -16.6671 30 -24.9441 11.4805 30 -27.7164 -11.2596 29 -27.183 11.2596 29 -27.183 -11.4805 30 -27.7164 5.8527 30 -29.4236 -5.7401 29 -28.8573 5.7401 29 -28.8573 -5.8527 30 -29.4236 0 30 -30 0 29 -29.4226</float_array>
          <technique_common>
            <accessor source="#Mesh7-mesh-positions-array" count="64" stride="3">
              <param name="X" type="float"/>
              <param name="Y" type="float"/>
              <param name="Z" type="float"/>
            </accessor>
          </technique_common>
        </source>
        <source id="Mesh7-mesh-normals">
          <float_array id="Mesh7-mesh-normals-array" count="192">0.08497989 -0.4982242 0.8628738 -0.08497989 -0.4982242 0.8628738 0.08497834 -0.4982154 0.862879 -0.08497834 -0.4982154 0.862879 0.2516962 -0.4982101 0.8297204 -0.2516962 -0.4982101 0.8297204 0.251695 -0.4981814 0.8297379 -0.251695 -0.4981814 0.8297379 0.4087488 -0.4981761 0.7646863 -0.4087368 -0.498176 0.7646927 0.4087215 -0.4982312 0.7646649 -0.4087333 -0.4982319 0.7646582 0.5500466 -0.4982331 0.6702333 -0.5500466 -0.4982331 0.6702333 0.5500646 -0.4981477 0.6702819 -0.5500649 -0.4981468 0.6702823 0.6702709 -0.4981468 0.5500788 -0.6702833 -0.4981446 0.5500657 0.6702445 -0.4982331 0.5500328 -0.6702329 -0.4982336 0.5500466 0.7646647 -0.4982316 0.4087216 -0.7646585 -0.4982317 0.4087331 0.7646865 -0.4981764 0.4087479 -0.7646921 -0.4981767 0.408737 0.829737 -0.4981833 0.251694 -0.8297373 -0.498183 0.2516939 0.8297222 -0.4982065 0.2516971 -0.8297222 -0.4982065 0.2516971 0.8628771 -0.4982184 0.08498007 -0.8628764 -0.4982198 0.08497828 0.8628745 -0.4982233 0.0849781 -0.8628752 -0.4982218 0.08497989 0.8628752 -0.4982218 -0.08497989 -0.8628745 -0.4982233 -0.0849781 0.8628764 -0.4982198 -0.08497828 -0.8628771 -0.4982184 -0.08498007 0.8297222 -0.4982065 -0.2516971 -0.8297222 -0.4982065 -0.2516971 0.829737 -0.4981833 -0.251694 -0.8297373 -0.498183 -0.2516939 0.7646865 -0.4981764 -0.4087479 -0.7646921 -0.4981767 -0.408737 0.7646647 -0.4982316 -0.4087216 -0.7646585 -0.4982317 -0.4087331 0.6702329 -0.4982336 -0.5500466 -0.6702449 -0.4982329 -0.5500326 0.6702833 -0.4981446 -0.5500657 -0.6702709 -0.4981468 -0.5500788 0.5500777 -0.4981452 -0.670273 -0.550064 -0.4981469 -0.6702829 0.5500314 -0.4982358 -0.6702437 -0.5500466 -0.4982331 -0.6702333 0.4087215 -0.4982312 -0.7646649 -0.4087338 -0.4982325 -0.7646576 0.4087488 -0.4981761 -0.7646863 -0.4087368 -0.498176 -0.7646927 0.2517018 -0.4981827 -0.8297351 -0.251695 -0.4981814 -0.8297379 0.2516891 -0.498209 -0.8297231 -0.2516962 -0.4982101 -0.8297204 0.08498018 -0.4982161 -0.8628784 -0.08497834 -0.4982154 -0.862879 0.08497792 -0.498223 -0.8628748 -0.08497989 -0.4982242 -0.8628738</float_array>
          <technique_common>
            <accessor source="#Mesh7-mesh-normals-array" count="64" stride="3">
              <param name="X" type="float"/>
              <param name="Y" type="float"/>
              <param name="Z" type="float"/>
            </accessor>
          </technique_common>
        </source>
        <vertices id="Mesh7-mesh-vertices">
          <input semantic="POSITION" source="#Mesh7-mesh-positions"/>
        </vertices>
        <triangles material="Material_0_002-material" count="64">
          <input semantic="VERTEX" source="#Mesh7-mesh-vertices" offset="0"/>
          <input semantic="NORMAL" source="#Mesh7-mesh-normals" offset="1"/>
          <p>0 0 1 0 2 0 2 1 1 1 3 1 0 2 2 2 4 2 5 3 2 3 3 3 0 4 4 4 6 4 3 5 7 5 5 5 6 6 4 6 8 6 7 7 9 7 5 7 10 8 6 8 8 8 11 9 9 9 7 9 12 10 6 10 10 10 13 11 9 11 11 11 12 12 10 12 14 12 11 13 15 13 13 13 16 14 14 14 10 14 15 15 17 15 13 15 18 16 14 16 16 16 19 17 17 17 15 17 20 18 18 18 16 18 21 19 19 19 15 19 18 20 20 20 22 20 21 21 23 21 19 21 22 22 20 22 24 22 21 23 25 23 23 23 26 24 22 24 24 24 25 25 27 25 23 25 28 26 22 26 26 26 29 27 27 27 25 27 28 28 26 28 30 28 29 29 31 29 27 29 32 30 30 30 26 30 29 31 33 31 31 31 34 32 30 32 32 32 35 33 31 33 33 33 34 34 32 34 36 34 37 35 35 35 33 35 34 36 36 36 38 36 37 37 39 37 35 37 36 38 40 38 38 38 39 39 41 39 35 39 38 40 40 40 42 40 43 41 41 41 39 41 44 42 38 42 42 42 43 43 45 43 41 43 44 44 42 44 46 44 47 45 45 45 43 45 42 46 48 46 46 46 43 47 49 47 47 47 50 48 46 48 48 48 51 49 47 49 49 49 52 50 50 50 48 50 53 51 51 51 49 51 50 52 52 52 54 52 55 53 51 53 53 53 52 54 56 54 54 54 53 55 57 55 55 55 58 56 54 56 56 56 57 57 59 57 55 57 58 58 56 58 60 58 61 59 59 59 57 59 62 60 58 60 60 60 59 61 61 61 63 61 63 62 62 62 60 62 61 63 62 63 63 63</p>
        </triangles>
      </mesh>
    </geometry>
    <geometry id="Mesh6-mesh" name="Mesh6">
      <mesh>
        <source id="Mesh6-mesh-positions">
          <float_array id="Mesh6-mesh-positions-array" count="9">28.75 33 0 28.4825 33 0.9993 28.4825 33 -0.9993</float_array>
          <technique_common>
            <accessor source="#Mesh6-mesh-positions-array" count="3" stride="3">
              <param name="X" type="float"/>
              <param name="Y" type="float"/>
              <param name="Z" type="float"/>
            </accessor>
          </technique_common>
        </source>
        <source id="Mesh6-mesh-normals">
          <float_array id="Mesh6-mesh-normals-array" count="3">0 -1 0</float_array>
          <technique_common>
            <accessor source="#Mesh6-mesh-normals-array" count="1" stride="3">
              <param name="X" type="float"/>
              <param name="Y" type="float"/>
              <param name="Z" type="float"/>
            </accessor>
          </technique_common>
        </source>
        <vertices id="Mesh6-mesh-vertices">
          <input semantic="POSITION" source="#Mesh6-mesh-positions"/>
        </vertices>
        <triangles material="Material_0_002-material" count="1">
          <input semantic="VERTEX" source="#Mesh6-mesh-vertices" offset="0"/>
          <input semantic="NORMAL" source="#Mesh6-mesh-normals" offset="1"/>
          <p>0 0 1 0 2 0</p>
        </triangles>
      </mesh>
    </geometry>
    <geometry id="Mesh5-mesh" name="Mesh5">
      <mesh>
        <source id="Mesh5-mesh-positions">
          <float_array id="Mesh5-mesh-positions-array" count="9">27.7545 29.5 6.4759 27.9897 29.3087 5.5675 26.3657 29.3087 10.921</float_array>
          <technique_common>
            <accessor source="#Mesh5-mesh-positions-array" count="3" stride="3">
              <param name="X" type="float"/>
              <param name="Y" type="float"/>
              <param name="Z" type="float"/>
            </accessor>
          </technique_common>
        </source>
        <source id="Mesh5-mesh-normals">
          <float_array id="Mesh5-mesh-normals-array" count="3">-0.9380074 0.1979224 -0.2845502</float_array>
          <technique_common>
            <accessor source="#Mesh5-mesh-normals-array" count="1" stride="3">
              <param name="X" type="float"/>
              <param name="Y" type="float"/>
              <param name="Z" type="float"/>
            </accessor>
          </technique_common>
        </source>
        <vertices id="Mesh5-mesh-vertices">
          <input semantic="POSITION" source="#Mesh5-mesh-positions"/>
        </vertices>
        <triangles material="Material_0_002-material" count="1">
          <input semantic="VERTEX" source="#Mesh5-mesh-vertices" offset="0"/>
          <input semantic="NORMAL" source="#Mesh5-mesh-normals" offset="1"/>
          <p>0 0 1 0 2 0</p>
        </triangles>
      </mesh>
    </geometry>
    <geometry id="Mesh4-mesh" name="Mesh4">
      <mesh>
        <source id="Mesh4-mesh-positions">
          <float_array id="Mesh4-mesh-positions-array" count="9">26.3657 29.3087 10.921 23.7285 29.3087 15.8549 25.9836 29.5 11.7092</float_array>
          <technique_common>
            <accessor source="#Mesh4-mesh-positions-array" count="3" stride="3">
              <param name="X" type="float"/>
              <param name="Y" type="float"/>
              <param name="Z" type="float"/>
            </accessor>
          </technique_common>
        </source>
        <source id="Mesh4-mesh-normals">
          <float_array id="Mesh4-mesh-normals-array" count="3">-0.8678619 0.1778181 -0.4638929</float_array>
          <technique_common>
            <accessor source="#Mesh4-mesh-normals-array" count="1" stride="3">
              <param name="X" type="float"/>
              <param name="Y" type="float"/>
              <param name="Z" type="float"/>
            </accessor>
          </technique_common>
        </source>
        <vertices id="Mesh4-mesh-vertices">
          <input semantic="POSITION" source="#Mesh4-mesh-positions"/>
        </vertices>
        <triangles material="Material_0_002-material" count="1">
          <input semantic="VERTEX" source="#Mesh4-mesh-vertices" offset="0"/>
          <input semantic="NORMAL" source="#Mesh4-mesh-normals" offset="1"/>
          <p>0 0 1 0 2 0</p>
        </triangles>
      </mesh>
    </geometry>
    <geometry id="Mesh3-mesh" name="Mesh3">
      <mesh>
        <source id="Mesh3-mesh-positions">
          <float_array id="Mesh3-mesh-positions-array" count="9">23.7285 29.3087 15.8549 20.1795 29.3087 20.1795 23.2362 29.5 16.5024</float_array>
          <technique_common>
            <accessor source="#Mesh3-mesh-positions-array" count="3" stride="3">
              <param name="X" type="float"/>
              <param name="Y" type="float"/>
              <param name="Z" type="float"/>
            </accessor>
          </technique_common>
        </source>
        <source id="Mesh3-mesh-normals">
          <float_array id="Mesh3-mesh-normals-array" count="3">-0.7635563 0.1559558 -0.6266257</float_array>
          <technique_common>
            <accessor source="#Mesh3-mesh-normals-array" count="1" stride="3">
              <param name="X" type="float"/>
              <param name="Y" type="float"/>
              <param name="Z" type="float"/>
            </accessor>
          </technique_common>
        </source>
        <vertices id="Mesh3-mesh-vertices">
          <input semantic="POSITION" source="#Mesh3-mesh-positions"/>
        </vertices>
        <triangles material="Material_0_002-material" count="1">
          <input semantic="VERTEX" source="#Mesh3-mesh-vertices" offset="0"/>
          <input semantic="NORMAL" source="#Mesh3-mesh-normals" offset="1"/>
          <p>0 0 1 0 2 0</p>
        </triangles>
      </mesh>
    </geometry>
    <geometry id="Mesh2_001-mesh" name="Mesh2.001">
      <mesh>
        <source id="Mesh2_001-mesh-positions">
          <float_array id="Mesh2_001-mesh-positions-array" count="9">15.8549 29.3087 23.7285 19.6156 29.5 20.6756 20.1795 29.3087 20.1795</float_array>
          <technique_common>
            <accessor source="#Mesh2_001-mesh-positions-array" count="3" stride="3">
              <param name="X" type="float"/>
              <param name="Y" type="float"/>
              <param name="Z" type="float"/>
            </accessor>
          </technique_common>
        </source>
        <source id="Mesh2_001-mesh-normals">
          <float_array id="Mesh2_001-mesh-normals-array" count="3">-0.6286992 0.1334939 -0.7661049</float_array>
          <technique_common>
            <accessor source="#Mesh2_001-mesh-normals-array" count="1" stride="3">
              <param name="X" type="float"/>
              <param name="Y" type="float"/>
              <param name="Z" type="float"/>
            </accessor>
          </technique_common>
        </source>
        <vertices id="Mesh2_001-mesh-vertices">
          <input semantic="POSITION" source="#Mesh2_001-mesh-positions"/>
        </vertices>
        <triangles material="Material_0_002-material" count="1">
          <input semantic="VERTEX" source="#Mesh2_001-mesh-vertices" offset="0"/>
          <input semantic="NORMAL" source="#Mesh2_001-mesh-normals" offset="1"/>
          <p>0 0 1 0 2 0</p>
        </triangles>
      </mesh>
    </geometry>
    <geometry id="Mesh1_002-mesh" name="Mesh1.002">
      <mesh>
        <source id="Mesh1_002-mesh-positions">
          <float_array id="Mesh1_002-mesh-positions-array" count="9">15.8549 29.3087 23.7285 10.921 29.3087 26.3657 15.2579 29.5 24.0717</float_array>
          <technique_common>
            <accessor source="#Mesh1_002-mesh-positions-array" count="3" stride="3">
              <param name="X" type="float"/>
              <param name="Y" type="float"/>
              <param name="Z" type="float"/>
            </accessor>
          </technique_common>
        </source>
        <source id="Mesh1_002-mesh-normals">
          <float_array id="Mesh1_002-mesh-normals-array" count="3">-0.4685106 0.1104218 -0.8765301</float_array>
          <technique_common>
            <accessor source="#Mesh1_002-mesh-normals-array" count="1" stride="3">
              <param name="X" type="float"/>
              <param name="Y" type="float"/>
              <param name="Z" type="float"/>
            </accessor>
          </technique_common>
        </source>
        <vertices id="Mesh1_002-mesh-vertices">
          <input semantic="POSITION" source="#Mesh1_002-mesh-positions"/>
        </vertices>
        <triangles material="Material_0_002-material" count="1">
          <input semantic="VERTEX" source="#Mesh1_002-mesh-vertices" offset="0"/>
          <input semantic="NORMAL" source="#Mesh1_002-mesh-normals" offset="1"/>
          <p>0 0 1 0 2 0</p>
        </triangles>
      </mesh>
    </geometry>
  </library_geometries>
  <library_visual_scenes>
    <visual_scene id="Scene" name="Scene">
      <node id="link_6" name="link_6" type="NODE">
        <matrix sid="transform">0.001 0 0 0 0 0.001 0 0 0 0 0.001 0 0 0 0 1</matrix>
        <node id="Default" name="Default" type="NODE">
          <matrix sid="transform">-4.37114e-8 1 0 1006.9 -1 -4.37114e-8 0 0 0 0 1 1453.65 0 0 0 1</matrix>
          <instance_geometry url="#Mesh1_002-mesh" name="Default">
            <bind_material>
              <technique_common>
                <instance_material symbol="Material_0_002-material" target="#Material_0_002-material"/>
              </technique_common>
            </bind_material>
          </instance_geometry>
        </node>
        <node id="Default_001" name="Default.001" type="NODE">
          <matrix sid="transform">-4.37114e-8 1 0 1006.9 -1 -4.37114e-8 0 0 0 0 1 1453.65 0 0 0 1</matrix>
          <instance_geometry url="#Mesh2_001-mesh" name="Default.001">
            <bind_material>
              <technique_common>
                <instance_material symbol="Material_0_002-material" target="#Material_0_002-material"/>
              </technique_common>
            </bind_material>
          </instance_geometry>
        </node>
        <node id="Default_002" name="Default.002" type="NODE">
          <matrix sid="transform">-4.37114e-8 1 0 1006.9 -1 -4.37114e-8 0 0 0 0 1 1453.65 0 0 0 1</matrix>
          <instance_geometry url="#Mesh3-mesh" name="Default.002">
            <bind_material>
              <technique_common>
                <instance_material symbol="Material_0_002-material" target="#Material_0_002-material"/>
              </technique_common>
            </bind_material>
          </instance_geometry>
        </node>
        <node id="Default_003" name="Default.003" type="NODE">
          <matrix sid="transform">-4.37114e-8 1 0 1006.9 -1 -4.37114e-8 0 0 0 0 1 1453.65 0 0 0 1</matrix>
          <instance_geometry url="#Mesh4-mesh" name="Default.003">
            <bind_material>
              <technique_common>
                <instance_material symbol="Material_0_002-material" target="#Material_0_002-material"/>
              </technique_common>
            </bind_material>
          </instance_geometry>
        </node>
        <node id="Default_004" name="Default.004" type="NODE">
          <matrix sid="transform">-4.37114e-8 1 0 1006.9 -1 -4.37114e-8 0 0 0 0 1 1453.65 0 0 0 1</matrix>
          <instance_geometry url="#Mesh5-mesh" name="Default.004">
            <bind_material>
              <technique_common>
                <instance_material symbol="Material_0_002-material" target="#Material_0_002-material"/>
              </technique_common>
            </bind_material>
          </instance_geometry>
        </node>
        <node id="Default_005" name="Default.005" type="NODE">
          <matrix sid="transform">-4.37114e-8 1 0 1006.9 -1 -4.37114e-8 0 0 0 0 1 1453.65 0 0 0 1</matrix>
          <instance_geometry url="#Mesh6-mesh" name="Default.005">
            <bind_material>
              <technique_common>
                <instance_material symbol="Material_0_002-material" target="#Material_0_002-material"/>
              </technique_common>
            </bind_material>
          </instance_geometry>
        </node>
        <node id="Default_006" name="Default.006" type="NODE">
          <matrix sid="transform">-4.37114e-8 1 0 1006.9 -1 -4.37114e-8 0 0 0 0 1 1453.65 0 0 0 1</matrix>
          <instance_geometry url="#Mesh7-mesh" name="Default.006">
            <bind_material>
              <technique_common>
                <instance_material symbol="Material_0_002-material" target="#Material_0_002-material"/>
              </technique_common>
            </bind_material>
          </instance_geometry>
        </node>
        <node id="Default_007" name="Default.007" type="NODE">
          <matrix sid="transform">-4.37114e-8 1 0 1006.9 -1 -4.37114e-8 0 0 0 0 1 1453.65 0 0 0 1</matrix>
          <instance_geometry url="#Mesh8-mesh" name="Default.007">
            <bind_material>
              <technique_common>
                <instance_material symbol="Material_0_002-material" target="#Material_0_002-material"/>
              </technique_common>
            </bind_material>
          </instance_geometry>
        </node>
        <node id="Default_008" name="Default.008" type="NODE">
          <matrix sid="transform">-4.37114e-8 1 0 1006.9 -1 -4.37114e-8 0 0 0 0 1 1453.65 0 0 0 1</matrix>
          <instance_geometry url="#Mesh9-mesh" name="Default.008">
            <bind_material>
              <technique_common>
                <instance_material symbol="Material_0_002-material" target="#Material_0_002-material"/>
              </technique_common>
            </bind_material>
          </instance_geometry>
        </node>
        <node id="Default_009" name="Default.009" type="NODE">
          <matrix sid="transform">-4.37114e-8 1 0 1006.9 -1 -4.37114e-8 0 0 0 0 1 1453.65 0 0 0 1</matrix>
          <instance_geometry url="#Mesh10-mesh" name="Default.009">
            <bind_material>
              <technique_common>
                <instance_material symbol="Material_0_002-material" target="#Material_0_002-material"/>
              </technique_common>
            </bind_material>
          </instance_geometry>
        </node>
        <node id="Default_010" name="Default.010" type="NODE">
          <matrix sid="transform">-4.37114e-8 1 0 1006.9 -1 -4.37114e-8 0 0 0 0 1 1453.65 0 0 0 1</matrix>
          <instance_geometry url="#Mesh11-mesh" name="Default.010">
            <bind_material>
              <technique_common>
                <instance_material symbol="Material_0_002-material" target="#Material_0_002-material"/>
              </technique_common>
            </bind_material>
          </instance_geometry>
        </node>
        <node id="Default_011" name="Default.011" type="NODE">
          <matrix sid="transform">-4.37114e-8 1 0 1006.9 -1 -4.37114e-8 0 0 0 0 1 1453.65 0 0 0 1</matrix>
          <instance_geometry url="#Mesh12-mesh" name="Default.011">
            <bind_material>
              <technique_common>
                <instance_material symbol="Material_0_002-material" target="#Material_0_002-material"/>
              </technique_common>
            </bind_material>
          </instance_geometry>
        </node>
        <node id="Default_012" name="Default.012" type="NODE">
          <matrix sid="transform">-4.37114e-8 1 0 1006.9 -1 -4.37114e-8 0 0 0 0 1 1453.65 0 0 0 1</matrix>
          <instance_geometry url="#Mesh13-mesh" name="Default.012">
            <bind_material>
              <technique_common>
                <instance_material symbol="Material_0_002-material" target="#Material_0_002-material"/>
              </technique_common>
            </bind_material>
          </instance_geometry>
        </node>
        <node id="Default_013" name="Default.013" type="NODE">
          <matrix sid="transform">-4.37114e-8 1 0 1006.9 -1 -4.37114e-8 0 0 0 0 1 1453.65 0 0 0 1</matrix>
          <instance_geometry url="#Mesh14-mesh" name="Default.013">
            <bind_material>
              <technique_common>
                <instance_material symbol="Material_0_002-material" target="#Material_0_002-material"/>
              </technique_common>
            </bind_material>
          </instance_geometry>
        </node>
        <node id="Default_014" name="Default.014" type="NODE">
          <matrix sid="transform">-4.37114e-8 1 0 1006.9 -1 -4.37114e-8 0 0 0 0 1 1453.65 0 0 0 1</matrix>
          <instance_geometry url="#Mesh15-mesh" name="Default.014">
            <bind_material>
              <technique_common>
                <instance_material symbol="Material_0_002-material" target="#Material_0_002-material"/>
              </technique_common>
            </bind_material>
          </instance_geometry>
        </node>
        <node id="Default_015" name="Default.015" type="NODE">
          <matrix sid="transform">-4.37114e-8 1 0 1006.9 -1 -4.37114e-8 0 0 0 0 1 1453.65 0 0 0 1</matrix>
          <instance_geometry url="#Mesh16-mesh" name="Default.015">
            <bind_material>
              <technique_common>
                <instance_material symbol="Material_0_002-material" target="#Material_0_002-material"/>
              </technique_common>
            </bind_material>
          </instance_geometry>
        </node>
        <node id="Default_016" name="Default.016" type="NODE">
          <matrix sid="transform">-4.37114e-8 1 0 1006.9 -1 -4.37114e-8 0 0 0 0 1 1453.65 0 0 0 1</matrix>
          <instance_geometry url="#Mesh17-mesh" name="Default.016">
            <bind_material>
              <technique_common>
                <instance_material symbol="Material_0_002-material" target="#Material_0_002-material"/>
              </technique_common>
            </bind_material>
          </instance_geometry>
        </node>
        <node id="Default_017" name="Default.017" type="NODE">
          <matrix sid="transform">-4.37114e-8 1 0 1006.9 -1 -4.37114e-8 0 0 0 0 1 1453.65 0 0 0 1</matrix>
          <instance_geometry url="#Mesh18-mesh" name="Default.017">
            <bind_material>
              <technique_common>
                <instance_material symbol="Material_0_002-material" target="#Material_0_002-material"/>
              </technique_common>
            </bind_material>
          </instance_geometry>
        </node>
        <node id="Default_018" name="Default.018" type="NODE">
          <matrix sid="transform">-4.37114e-8 1 0 1006.9 -1 -4.37114e-8 0 0 0 0 1 1453.65 0 0 0 1</matrix>
          <instance_geometry url="#Mesh19-mesh" name="Default.018">
            <bind_material>
              <technique_common>
                <instance_material symbol="Material_0_002-material" target="#Material_0_002-material"/>
              </technique_common>
            </bind_material>
          </instance_geometry>
        </node>
        <node id="Default_019" name="Default.019" type="NODE">
          <matrix sid="transform">-4.37114e-8 1 0 1006.9 -1 -4.37114e-8 0 0 0 0 1 1453.65 0 0 0 1</matrix>
          <instance_geometry url="#Mesh20-mesh" name="Default.019">
            <bind_material>
              <technique_common>
                <instance_material symbol="Material_0_002-material" target="#Material_0_002-material"/>
              </technique_common>
            </bind_material>
          </instance_geometry>
        </node>
        <node id="Default_020" name="Default.020" type="NODE">
          <matrix sid="transform">-4.37114e-8 1 0 1006.9 -1 -4.37114e-8 0 0 0 0 1 1453.65 0 0 0 1</matrix>
          <instance_geometry url="#Mesh21-mesh" name="Default.020">
            <bind_material>
              <technique_common>
                <instance_material symbol="Material_0_002-material" target="#Material_0_002-material"/>
              </technique_common>
            </bind_material>
          </instance_geometry>
        </node>
        <node id="Default_021" name="Default.021" type="NODE">
          <matrix sid="transform">-4.37114e-8 1 0 1006.9 -1 -4.37114e-8 0 0 0 0 1 1453.65 0 0 0 1</matrix>
          <instance_geometry url="#Mesh22-mesh" name="Default.021">
            <bind_material>
              <technique_common>
                <instance_material symbol="Material_0_002-material" target="#Material_0_002-material"/>
              </technique_common>
            </bind_material>
          </instance_geometry>
        </node>
        <node id="Default_022" name="Default.022" type="NODE">
          <matrix sid="transform">-4.37114e-8 1 0 1006.9 -1 -4.37114e-8 0 0 0 0 1 1453.65 0 0 0 1</matrix>
          <instance_geometry url="#Mesh23-mesh" name="Default.022">
            <bind_material>
              <technique_common>
                <instance_material symbol="Material_0_002-material" target="#Material_0_002-material"/>
              </technique_common>
            </bind_material>
          </instance_geometry>
        </node>
        <node id="Default_023" name="Default.023" type="NODE">
          <matrix sid="transform">-4.37114e-8 1 0 1006.9 -1 -4.37114e-8 0 0 0 0 1 1453.65 0 0 0 1</matrix>
          <instance_geometry url="#Mesh24-mesh" name="Default.023">
            <bind_material>
              <technique_common>
                <instance_material symbol="Material_0_002-material" target="#Material_0_002-material"/>
              </technique_common>
            </bind_material>
          </instance_geometry>
        </node>
        <node id="Default_024" name="Default.024" type="NODE">
          <matrix sid="transform">-4.37114e-8 1 0 1006.9 -1 -4.37114e-8 0 0 0 0 1 1453.65 0 0 0 1</matrix>
          <instance_geometry url="#Mesh25-mesh" name="Default.024">
            <bind_material>
              <technique_common>
                <instance_material symbol="Material_0_002-material" target="#Material_0_002-material"/>
              </technique_common>
            </bind_material>
          </instance_geometry>
        </node>
        <node id="Default_025" name="Default.025" type="NODE">
          <matrix sid="transform">-4.37114e-8 1 0 1006.9 -1 -4.37114e-8 0 0 0 0 1 1453.65 0 0 0 1</matrix>
          <instance_geometry url="#Mesh26-mesh" name="Default.025">
            <bind_material>
              <technique_common>
                <instance_material symbol="Material_0_002-material" target="#Material_0_002-material"/>
              </technique_common>
            </bind_material>
          </instance_geometry>
        </node>
        <node id="Default_026" name="Default.026" type="NODE">
          <matrix sid="transform">-4.37114e-8 1 0 1006.9 -1 -4.37114e-8 0 0 0 0 1 1453.65 0 0 0 1</matrix>
          <instance_geometry url="#Mesh27-mesh" name="Default.026">
            <bind_material>
              <technique_common>
                <instance_material symbol="Material_0_002-material" target="#Material_0_002-material"/>
              </technique_common>
            </bind_material>
          </instance_geometry>
        </node>
        <node id="Default_027" name="Default.027" type="NODE">
          <matrix sid="transform">-4.37114e-8 1 0 1006.9 -1 -4.37114e-8 0 0 0 0 1 1453.65 0 0 0 1</matrix>
          <instance_geometry url="#Mesh28-mesh" name="Default.027">
            <bind_material>
              <technique_common>
                <instance_material symbol="Material_0_002-material" target="#Material_0_002-material"/>
              </technique_common>
            </bind_material>
          </instance_geometry>
        </node>
        <node id="Default_028" name="Default.028" type="NODE">
          <matrix sid="transform">-4.37114e-8 1 0 1006.9 -1 -4.37114e-8 0 0 0 0 1 1453.65 0 0 0 1</matrix>
          <instance_geometry url="#Mesh29-mesh" name="Default.028">
            <bind_material>
              <technique_common>
                <instance_material symbol="Material_0_002-material" target="#Material_0_002-material"/>
              </technique_common>
            </bind_material>
          </instance_geometry>
        </node>
        <node id="Default_029" name="Default.029" type="NODE">
          <matrix sid="transform">-4.37114e-8 1 0 1006.9 -1 -4.37114e-8 0 0 0 0 1 1453.65 0 0 0 1</matrix>
          <instance_geometry url="#Mesh30-mesh" name="Default.029">
            <bind_material>
              <technique_common>
                <instance_material symbol="Material_0_002-material" target="#Material_0_002-material"/>
              </technique_common>
            </bind_material>
          </instance_geometry>
        </node>
        <node id="Default_030" name="Default.030" type="NODE">
          <matrix sid="transform">-4.37114e-8 1 0 1006.9 -1 -4.37114e-8 0 0 0 0 1 1453.65 0 0 0 1</matrix>
          <instance_geometry url="#Mesh31-mesh" name="Default.030">
            <bind_material>
              <technique_common>
                <instance_material symbol="Material_0_002-material" target="#Material_0_002-material"/>
              </technique_common>
            </bind_material>
          </instance_geometry>
        </node>
        <node id="Default_031" name="Default.031" type="NODE">
          <matrix sid="transform">-4.37114e-8 1 0 1006.9 -1 -4.37114e-8 0 0 0 0 1 1453.65 0 0 0 1</matrix>
          <instance_geometry url="#Mesh32-mesh" name="Default.031">
            <bind_material>
              <technique_common>
                <instance_material symbol="Material_0_002-material" target="#Material_0_002-material"/>
              </technique_common>
            </bind_material>
          </instance_geometry>
        </node>
        <node id="Default_032" name="Default.032" type="NODE">
          <matrix sid="transform">-4.37114e-8 1 0 1006.9 -1 -4.37114e-8 0 0 0 0 1 1453.65 0 0 0 1</matrix>
          <instance_geometry url="#Mesh33-mesh" name="Default.032">
            <bind_material>
              <technique_common>
                <instance_material symbol="Material_0_002-material" target="#Material_0_002-material"/>
              </technique_common>
            </bind_material>
          </instance_geometry>
        </node>
        <node id="Default_033" name="Default.033" type="NODE">
          <matrix sid="transform">-4.37114e-8 1 0 1006.9 -1 -4.37114e-8 0 0 0 0 1 1453.65 0 0 0 1</matrix>
          <instance_geometry url="#Mesh34-mesh" name="Default.033">
            <bind_material>
              <technique_common>
                <instance_material symbol="Material_0_002-material" target="#Material_0_002-material"/>
              </technique_common>
            </bind_material>
          </instance_geometry>
        </node>
        <node id="Default_034" name="Default.034" type="NODE">
          <matrix sid="transform">-4.37114e-8 1 0 1006.9 -1 -4.37114e-8 0 0 0 0 1 1453.65 0 0 0 1</matrix>
          <instance_geometry url="#Mesh35-mesh" name="Default.034">
            <bind_material>
              <technique_common>
                <instance_material symbol="Material_0_002-material" target="#Material_0_002-material"/>
              </technique_common>
            </bind_material>
          </instance_geometry>
        </node>
        <node id="Default_035" name="Default.035" type="NODE">
          <matrix sid="transform">-4.37114e-8 1 0 1006.9 -1 -4.37114e-8 0 0 0 0 1 1453.65 0 0 0 1</matrix>
          <instance_geometry url="#Mesh36-mesh" name="Default.035">
            <bind_material>
              <technique_common>
                <instance_material symbol="Material_0_002-material" target="#Material_0_002-material"/>
              </technique_common>
            </bind_material>
          </instance_geometry>
        </node>
        <node id="Default_036" name="Default.036" type="NODE">
          <matrix sid="transform">-4.37114e-8 1 0 1006.9 -1 -4.37114e-8 0 0 0 0 1 1453.65 0 0 0 1</matrix>
          <instance_geometry url="#Mesh37-mesh" name="Default.036">
            <bind_material>
              <technique_common>
                <instance_material symbol="Material_0_002-material" target="#Material_0_002-material"/>
              </technique_common>
            </bind_material>
          </instance_geometry>
        </node>
        <node id="Default_037" name="Default.037" type="NODE">
          <matrix sid="transform">-4.37114e-8 1 0 1006.9 -1 -4.37114e-8 0 0 0 0 1 1453.65 0 0 0 1</matrix>
          <instance_geometry url="#Mesh38-mesh" name="Default.037">
            <bind_material>
              <technique_common>
                <instance_material symbol="Material_0_002-material" target="#Material_0_002-material"/>
              </technique_common>
            </bind_material>
          </instance_geometry>
        </node>
        <node id="Default_038" name="Default.038" type="NODE">
          <matrix sid="transform">-4.37114e-8 1 0 1006.9 -1 -4.37114e-8 0 0 0 0 1 1453.65 0 0 0 1</matrix>
          <instance_geometry url="#Mesh39-mesh" name="Default.038">
            <bind_material>
              <technique_common>
                <instance_material symbol="Material_0_002-material" target="#Material_0_002-material"/>
              </technique_common>
            </bind_material>
          </instance_geometry>
        </node>
        <node id="Default_039" name="Default.039" type="NODE">
          <matrix sid="transform">-4.37114e-8 1 0 1006.9 -1 -4.37114e-8 0 0 0 0 1 1453.65 0 0 0 1</matrix>
          <instance_geometry url="#Mesh40-mesh" name="Default.039">
            <bind_material>
              <technique_common>
                <instance_material symbol="Material_0_002-material" target="#Material_0_002-material"/>
              </technique_common>
            </bind_material>
          </instance_geometry>
        </node>
        <node id="Default_040" name="Default.040" type="NODE">
          <matrix sid="transform">-4.37114e-8 1 0 1006.9 -1 -4.37114e-8 0 0 0 0 1 1453.65 0 0 0 1</matrix>
          <instance_geometry url="#Mesh41-mesh" name="Default.040">
            <bind_material>
              <technique_common>
                <instance_material symbol="Material_0_002-material" target="#Material_0_002-material"/>
              </technique_common>
            </bind_material>
          </instance_geometry>
        </node>
        <node id="Default_041" name="Default.041" type="NODE">
          <matrix sid="transform">-4.37114e-8 1 0 1006.9 -1 -4.37114e-8 0 0 0 0 1 1453.65 0 0 0 1</matrix>
          <instance_geometry url="#Mesh42-mesh" name="Default.041">
            <bind_material>
              <technique_common>
                <instance_material symbol="Material_0_002-material" target="#Material_0_002-material"/>
              </technique_common>
            </bind_material>
          </instance_geometry>
        </node>
        <node id="Default_042" name="Default.042" type="NODE">
          <matrix sid="transform">-4.37114e-8 1 0 1006.9 -1 -4.37114e-8 0 0 0 0 1 1453.65 0 0 0 1</matrix>
          <instance_geometry url="#Mesh43-mesh" name="Default.042">
            <bind_material>
              <technique_common>
                <instance_material symbol="Material_0_002-material" target="#Material_0_002-material"/>
              </technique_common>
            </bind_material>
          </instance_geometry>
        </node>
      </node>
    </visual_scene>
  </library_visual_scenes>
  <scene>
    <instance_visual_scene url="#Scene"/>
  </scene>
</COLLADA>
