<?xml version="1.0" encoding="utf-8"?>
<COLLADA xmlns="http://www.collada.org/2005/11/COLLADASchema" version="1.4.1" xmlns:xsi="http://www.w3.org/2001/XMLSchema-instance">
  <asset>
    <contributor>
      <author>Blender User</author>
      <authoring_tool>Blender 3.4.1</authoring_tool>
    </contributor>
    <created>2026-09-02T02:04:27</created>
    <modified>2026-09-02T02:04:27</modified>
    <unit name="meter" meter="1"/>
    <up_axis>Z_UP</up_axis>
  </asset>
  <library_effects>
    <effect id="Material_0_006-effect">
      <profile_COMMON>
        <technique sid="common">
          <lambert>
            <emission>
              <color sid="emission">0 0 0 1</color>
            </emission>
            <diffuse>
              <color sid="diffuse">0.00303527 0.00303527 0.00303527 1</color>
            </diffuse>
            <index_of_refraction>
              <float sid="ior">1.45</float>
            </index_of_refraction>
          </lambert>
        </technique>
      </profile_COMMON>
    </effect>
  </library_effects>
  <library_images/>
  <library_materials>
    <material id="Material_0_006-material" name="Material_0.006">
      <instance_effect url="#Material_0_006-effect"/>
    </material>
  </library_materials>
  <library_geometries>
    <geometry id="Mesh1_006-mesh" name="Mesh1.006">
      <mesh>
        <source id="Mesh1_006-mesh-positions">
          <float_array id="Mesh1_006-mesh-positions-array" count="8562">-1.1 649 -48.8042 -1.0517 649 -48.7717 -1.1 642.9874 -56.4999 -0.9999 642.9534 -56.5 -1 649 -48.7607 -0.9482 649 -48.7717 -0.9 642.9874 -56.4999 -0.9 649 -48.8042 55.5 629.5 0 54.4323 643.0345 -10.9321 55.5 643.0345 0.08209997 54.4144 629.5 -11.0226 54.4144 629.5 11.0226 51.2384 643.0345 -21.5268 54.4003 643.0345 11.093 51.1992 629.5 -21.6216 54.3282 643.4534 -10.9846 54.7983 643.4534 8.2717 51.1992 629.5 21.6216 46.0406 643.0345 -31.2958 51.1299 643.4534 -21.5486 55.5 643.0345 0 51.1756 643.0345 21.6785 45.9781 629.5 -31.3897 51.0695 643.7952 -21.0118 55.1491 643.7952 0 52.9821 643.4534 16.3646 45.9781 629.5 31.3897 45.9357 643.4534 -31.2875 39.0385 643.0345 -39.8644 45.9979 643.7952 -30.7233 54.1586 643.7952 -10.5003 54.7983 643.4534 8.2717 45.9495 643.0345 31.4323 38.9516 629.5 -39.9515 40.5819 648.8187 -27.154 45.0626 648.8187 -18.5642 38.9516 629.5 39.9515 49.9989 643.4534 24.1037 38.9444 643.4534 -39.8285 39.137 643.7952 -39.2651 30.5005 643.0345 -46.9038 34.5187 648.8187 -34.7105 47.7904 648.8187 -9.268001 38.9225 643.0345 39.9805 45.913 643.4534 31.3216 30.3897 629.5 -46.978 39.9685 649 -27.0422 44.4475 649 -18.5533 47.189 649 -9.355001 55.1476 643.7952 0.411 40.8128 643.4534 37.8624 30.3897 629.5 46.978 45.5431 643.7952 31.4081 30.4237 643.4534 -46.8446 30.7479 643.7952 -46.3119 27.1039 648.8187 -40.9459 20.7542 643.0345 -52.1441 33.9233 649 -34.4973 48.0883 649 0.2008 48.6614 648.8187 0.381 30.3642 643.0345 46.9951 50.7563 643.7952 21.7718 20.6216 629.5 -52.1992 32.342 649 -22.75 35.5756 649 -20.5894 38.51 649 -8.2588 40.6707 649 -5.0253 53.999 643.7952 11.3067 20.6216 629.5 52.1992 34.8087 643.4534 43.5845 44.7724 648.8187 19.2688 38.5579 643.7952 39.8485 20.6999 643.4534 -52.0671 21.1501 643.7952 -51.5955 18.6195 648.8187 -45.6232 26.543 649 -40.6335 10.1735 643.0345 -55.3841 33.6814 649 -22.4836 25.9373 649 -30.5441 35.7831 649 -19.8895 34.8169 649 -21.7249 35.5756 649 -17.9106 39.6455 649 -7.5001 47.1109 649 9.749001 40.4042 649 -6.3647 40.5945 649 -4.2992 47.6424 648.8187 10.0155 54.7983 643.4534 8.2717 20.6027 643.0345 52.207 40.1604 648.8187 27.7889 24.9122 649 -33.019 10.0226 629.5 -55.4144 25.6709 649 -31.8835 25.6709 649 -29.2047 35.842 649 -19.25 34.8169 649 -16.7751 38.663 649 7.4897 40.4042 649 -3.6859 28.0303 643.4534 48.3644 10.0226 629.5 55.4144 39.7459 649 27.3765 44.2942 649 18.9245 33.982 648.8187 35.2514 10.1453 643.4534 -55.296 10.709 643.7952 -54.9147 9.388401 648.8187 -48.5642 18.1097 649 -45.2164 25.3718 649 -32.4518 23.7767 649 -33.7777 -0.9 642.9874 -56.4999 31.0026 649 -22.4836 37.1707 649 -8.5253 39.6455 649 -2.5504 39.4217 649 8.625101 52.9821 643.4534 16.3646 20.6243 643.4534 52.0986 10.0126 643.0345 55.4164 33.6399 649 34.7819 38.3993 643.7952 39.9777 -0.4181 643.3954 -56.4296 22.4373 649 -34.0441 -1 629.5 -56.5 -0.8359 643.0345 -56.4998 24.9122 649 -28.0692 33.6814 649 -16.0164 38.51 649 -1.7917 39.6882 649 9.9645 39.4217 649 11.3039 20.3924 643.7952 51.9143 12.7508 643.4534 54.7064 -1 629.5 56.5 32.7777 649 22.0979 32.019 649 25.9122 33.8485 648.8187 35.3602 26.2096 649 40.8575 -0.2577 643.5972 -56.3217 -0.238 648.8187 -49.657 8.9458 649 -48.0706 21.0979 649 -33.7777 -0.9999 642.9534 -56.5 29.8671 649 -21.7249 35.8313 649 -8.2588 37.5276 649 6.731 39.0736 649 11.9456 30.0665 643.7952 46.7717 -1 643.0345 56.5 37.5276 649 13.1981 33.0441 649 23.4373 32.7777 649 24.7767 31.4518 649 26.3717 21.75 649 33.342 26.4723 648.8187 41.3723 -0.178 643.7952 -56.1431 -0.178 643.7952 -56.1431 -0.3631 648.9626 -49.3555 10.304 649 -40.4217 12.1981 649 -38.5275 -1.1 642.9874 -56.4999 23.3952 649 -24.3952 30.8739 649 -13.2026 37.1707 649 -1.5253 38.663 649 12.4394 9.9038 643.7952 55.0802 4.5799 643.4534 56.1314 -12.0125 643.0345 55.4164 36.1882 649 13.4645 30.8835 649 26.6709 21.4836 649 34.6814 29.5441 649 26.9373 17.7391 649 45.3712 8.9646 649 -40.6881 10.9456 649 -40.0735 -0.5983 649 -49.087 11.4394 649 -39.663 12.4646 649 -37.1881 -12.0226 629.5 -55.4144 23.7767 649 -27.3105 29.1084 649 -20.5894 34.6958 649 -7.5001 32.342 649 -15.75 36.1882 649 6.4645 17.9171 648.8187 45.9188 -12.0226 629.5 55.4144 -3.7115 643.4534 56.3428 32.019 649 20.9624 20.7249 649 35.8169 28.2047 649 26.6709 19.5894 649 36.5756 7.6252 649 -40.4217 19.9625 649 -33.019 -12.1734 643.0345 -55.3841 22.4373 649 -27.0441 27.6857 649 -19.1672 32.8371 649 -6.7306 31.0026 649 -16.0164 33.5 649 0 8.642001 648.8187 48.7178 -22.6026 643.0345 52.207 -11.9444 643.4534 55.3361 34.8488 649 13.1981 21.4836 649 32.0026 8.552101 649 48.1503 18.8895 649 36.7831 -0.5983 649 -49.087 12.1981 649 -35.8488 -1.1641 643.0345 -56.4998 -22.6216 629.5 -52.1992 21.0979 649 -27.3105 26.7312 649.2283 -18.5294 28.842 649 -19.25 31.7111 649.2283 -6.5066 33.9371 649 -6.3647 29.8671 649 -16.7751 35.8313 649 -1.7917 34.8488 649 6.731 -1 643.7952 56.1491 -19.9406 643.4534 53.1331 -22.6216 629.5 52.1992 -11.9037 643.7952 55.0802 30.8835 649 20.2037 27.0693 649 25.9122 7.2589 649 39.51 18.25 649 36.842 6.4897 649 -39.663 19.2038 649 -31.8835 -9.4337 643.4534 -55.774 -22.7542 643.0345 -52.1441 18.1672 649 -28.6857 22.5834 649.2283 -23.5834 29.8132 649.2283 -12.7632 29.1084 649 -17.9106 32.352 649.2283 0 33.6707 649 -5.0253 34.6958 649 -2.5504 32.8371 649 6.7306 -1 648.8187 49.6628 4.5799 643.4534 56.1314 -1 649 49.0887 -32.3641 643.0345 46.9951 30.8739 649 13.2026 20.7249 649 30.8671 16.9106 649 36.5756 6.5002 649 40.6455 -0.9 649 -48.8042 12.2026 649 -31.8738 -1.5818 643.3954 -56.4296 -17.5213 643.4534 -53.9344 -32.3897 629.5 -46.978 19.9625 649 -28.0692 25.9219 649.8787 -17.9886 28.914 649.8787 -12.3908 30.7566 649.8787 -6.3168 31.3787 649.8787 0 33.9371 649 -3.6859 31.7111 649.2283 6.5066 33.7133 649 7.4897 -10.642 648.8187 48.7178 4.0253 649 41.6706 -32.3897 629.5 46.978 -27.5273 643.4534 49.7812 -22.3923 643.7952 51.9143 33.7133 649 12.4394 29.5441 649 19.9373 23.3952 649 24.3952 15.7752 649 35.8169 5.3647 649 41.4042 -0.9482 649 -48.7717 11.4394 649 -34.7133 18.9373 649 -30.5441 -1.7422 643.5972 -56.3217 -32.5005 643.0345 -46.9038 19.2038 649 -29.2047 17.5294 649.2283 -27.7311 21.8952 649.8787 -22.8952 30.7566 649.8787 6.3168 32.9546 649 8.625101 3.2993 649 41.5945 -40.9225 643.0345 39.9805 -19.9171 648.8187 45.9188 32.9546 649 11.3039 27.6857 649 19.1672 19.5894 649 30.1084 26.3106 649 24.7767 7.5253 649 38.1706 -3.5504 649 -40.6455 10.304 649 -33.9546 -40.9515 629.5 -39.9515 -25.2517 643.4534 -50.9286 25.3812 650.8519 -17.6273 28.3132 650.8519 -12.1419 30.1187 650.8519 -6.1899 30.7284 650.8519 0 30.1187 650.8519 6.1899 29.8132 649.2283 12.7632 32.6882 649 9.9645 -10.5521 649 48.1503 2.6859 649 41.4042 -34.5405 643.4534 45.3531 -40.9515 629.5 39.9515 -28.4722 648.8187 41.3723 28.2047 649 20.2037 18.1672 649 28.6857 26.0441 649 23.4373 15.0164 649 34.6814 -2.7917 649 -39.51 -1 649 -48.7607 8.9646 649 -33.6881 -41.0384 643.0345 -39.8644 -32.4577 643.4534 -46.8218 11.7633 649.2283 -30.8132 16.9887 649.8787 -26.9219 21.4354 650.8519 -22.4353 28.914 649.8787 12.3908 28.3132 650.8519 12.1419 -8.489601 649 39.663 1.5504 649 40.6455 -40.8285 643.4534 39.9444 -47.9495 643.0345 31.4323 -19.739 649 45.3712 -32.0665 643.7952 46.7717 27.0693 649 20.9624 26.7312 649.2283 18.5294 22.5834 649.2283 23.5834 18.25 649 29.842 26.3106 649 22.0979 7.2589 649 36.8312 5.731 649 -38.5275 -4.6858 649 -41.4042 5.7306 649 -33.8371 -47.978 629.5 -31.3897 -38.9836 643.4534 -41.7027 -32.7479 643.7952 -46.3119 25.1913 652 -17.5005 21.2739 652 -22.2739 28.1022 652 -12.0545 29.8948 652 -6.1453 29.8948 652 6.1453 28.1022 652 12.0545 25.9219 649.8787 17.9886 -9.625101 649 40.4217 -40.5578 643.7952 39.8485 -46.2554 643.4534 33.6721 -47.978 629.5 31.3897 -28.2095 649 40.8575 -35.9819 648.8187 35.2514 -27.5273 643.4534 49.7812 -12.3039 649 40.4217 17.5294 649.2283 27.7311 16.9106 649 30.1084 12.2026 649 31.8738 -2.5252 649 -38.1706 -1.0517 649 -48.7717 7.6252 649 -33.9546 -48.0406 643.0345 -31.2958 -23.1501 643.7952 -51.5955 5.5067 649.2283 -32.7111 11.3908 649.8787 -29.914 16.6274 650.8519 -26.3812 16.5005 652 -26.1913 30.5 652 0 25.3812 650.8519 17.6273 25.1913 652 17.5005 -10.9645 649 40.6881 0.7917 649 39.51 -53.1756 643.0345 21.6785 -23.0979 649 33.7777 -12.9455 649 40.0735 21.8952 649.8787 22.8952 16.9887 649.8787 26.9219 11.7633 649.2283 30.8132 15.7752 649 30.8671 14.75 649 33.342 6.5002 649 35.6958 5.4646 649 -37.1881 -1.1 649 -48.8042 6.4897 649 -34.7133 -53.1992 629.5 -21.6216 -44.6883 643.4534 -35.6819 -20.6194 648.8187 -45.6232 -17.5213 643.4534 -53.9344 -41.137 643.7952 -39.2651 -1 649 -34.5 25.1913 659 -17.5005 28.1022 659 -12.0545 21.2739 659 -22.2739 29.8948 659 -6.1453 28.1022 659 12.0545 30.5 659 0 25.1913 659 17.5005 21.4354 650.8519 22.4353 -7.7309 649 38.5275 -47.5431 643.7952 31.4081 -50.7039 643.4534 26.6718 -53.1992 629.5 21.6216 -14.1981 649 38.5275 -24.4373 649 34.0441 -35.6398 649 34.7819 -42.1603 648.8187 27.7889 -13.4394 649 39.663 11.3908 649.8787 29.914 15.0164 649 32.0026 5.7306 649 33.8371 -5.2992 649 -41.5945 5.731 649 -35.8488 -53.2383 643.0345 -21.5268 -29.1038 648.8187 -40.9459 -11.3884 648.8187 -48.5642 -22.7542 643.0345 -52.1441 -1 649.2283 -33.352 5.3168 649.8787 -31.7565 11.1419 650.8519 -29.3132 16.5005 659 -26.1913 29.8948 659 6.1453 21.2739 652 22.2739 21.2739 659 22.2739 0.5253 649 38.1706 -56.4003 643.0345 11.093 -14.4645 649 37.1881 -25.7767 649 33.7777 -26.9122 649 33.019 16.6274 650.8519 26.3812 11.1419 650.8519 29.3132 5.3168 649.8787 31.7565 5.3647 649 34.937 -2.7917 649 -36.8312 -1.4016 649 -49.087 -56.4143 629.5 -11.0226 -49.4485 643.4534 -28.8897 -28.5429 649 -40.6335 -40.9803 643.7952 -39.3967 -12.7089 643.7952 -54.9147 -20.1096 649 -45.2164 -7.7306 649 -33.8371 11.0546 652 -29.1022 11.0546 659 -29.1022 16.5005 652 26.1913 -7.4645 649 37.1881 -46.7723 648.8187 19.2688 -56.4143 629.5 11.0226 -54.0778 643.4534 19.0949 -21.9624 649 33.019 -41.7459 649 27.3765 -27.3717 649 32.4518 5.1899 650.8519 31.1187 5.5067 649.2283 32.7111 4.0253 649 34.6706 -3.5504 649 -35.6958 -6.0252 649 -41.6706 -56.4323 643.0345 -10.9321 -53.1611 643.4534 -21.4729 -35.9233 649 -34.4973 -36.3602 648.8187 -34.8437 -17.5213 643.4534 -53.9344 -1.762 648.8187 -49.657 -10.9457 649 -48.0706 -4.6858 649 -34.937 -7.5066 649.2283 -32.7111 -1 649.8787 -32.3787 5.1899 650.8519 -31.1187 16.5005 659 26.1913 -1 649 34.5 -52.7562 643.7952 21.7718 -57.4999 643.0345 0.08209997 -56.3041 643.4534 11.1051 -14.1981 649 35.8488 -34.342 649 22.75 -27.6709 649 31.8835 11.0546 652 29.1022 5.1454 652 30.8947 -1 650.8519 31.7284 -1 649.8787 32.3787 -1 649.2283 33.352 2.6859 649 34.937 -57.5 629.5 0 -55.746 643.4534 -13.5918 -53.0694 643.7952 -21.0118 -36.5187 648.8187 -34.7105 -23.6738 649 -34.068 -22.1576 649 -36.2764 -41.137 643.7952 -39.2651 -1.822 643.7952 -56.1431 -1.6368 648.9626 -49.3555 -9.2588 649 -39.51 -6.0252 649 -34.6706 -14.2026 649 -31.8738 5.1454 652 -30.8947 5.1454 659 -30.8947 0.7917 649 36.8312 -7.7309 649 35.8488 -50.7039 643.4534 26.6718 -49.6424 648.8187 10.0155 -46.2942 649 18.9245 -57.3347 643.4534 2.8752 -55.9989 643.7952 11.3067 -21.2037 649 31.8835 -27.9373 649 30.5441 -35.6813 649 22.4836 -1 652 31.5 -7.3646 649 -41.4042 -57.5 643.0345 0 -47.9979 643.7952 -30.7233 -41.9685 649 -27.0422 -23.6911 649 -32.7025 -23.1354 649 -35.323 -20.8895 649 -36.7831 -1.7422 643.5972 -56.3217 -8.500101 649 -40.6455 -18.269 649 -36.2274 -7.3646 649 -34.937 -8.500101 649 -35.6958 -13.7632 649.2283 -30.8132 -7.3167 649.8787 -31.7565 -1 650.8519 -31.7284 11.0546 659 29.1022 1.5504 649 35.6958 -7.7306 649 33.8371 -37.5755 649 20.5894 -14.2026 649 31.8738 -27.6709 649 29.2047 -36.8168 649 21.7249 -1 659 31.5 -7.1899 650.8519 31.1187 -7.1453 652 30.8947 -7.3167 649.8787 31.7565 -57.1473 643.4534 -5.4168 -56.1586 643.7952 -10.5003 -42.5819 648.8187 -27.154 -33.4517 649 -26.3717 -30.818 649 -26.8612 -19.5239 649 -36.7658 -9.4337 643.4534 -55.774 -9.5252 649 -38.1706 -9.2588 649 -36.8312 -20.1671 649 -28.6857 -1 652 -31.5 -1 659 -31.5 -8.489601 649 34.7133 -49.1108 649 9.749001 -50.6613 648.8187 0.381 -37.783 649 19.8895 -57.1473 643.4534 -5.4168 -57.1476 643.7952 0.411 -20.9373 649 30.5441 -13.4394 649 34.7133 -33.0026 649 22.4836 5.1454 659 30.8947 -7.1453 659 30.8947 -7.5066 649.2283 32.7111 -47.0626 648.8187 -18.5642 -34.4295 649 -25.4183 -32.1836 649 -26.8784 -46.4475 649 -18.5533 -29.5631 649 -26.3227 -44.6883 643.4534 -35.6819 -17.3156 649 -35.2496 -16.8089 649 -33.9815 -19.5293 649.2283 -27.7311 -18.3423 649 -30.4076 -13.3908 649.8787 -29.914 -7.1899 650.8519 -31.1187 -9.625101 649 33.9546 -41.1516 649 7.9107 -37.842 649 19.25 -57.1491 643.7952 0 -20.1671 649 28.6857 -12.3039 649 33.9546 -26.9122 649 28.0692 -13.0545 652 29.1022 -13.1419 650.8519 29.3132 -13.3908 649.8787 29.914 -13.7632 649.2283 30.8132 -49.7903 648.8187 -9.268001 -34.9679 649 -24.1633 -34.9852 649 -22.7978 -23.1844 649 -31.4343 -16.8261 649 -32.6159 -25.3952 649 -24.3952 -19.6105 649 -29.9009 -17.3646 649 -31.361 -7.1453 652 -30.8947 -7.1453 659 -30.8947 -10.9645 649 33.6881 -50.0882 649 0.2008 -39.8966 649 8.4491 -42.105 649 6.9329 -50.6628 648.8187 0 -37.5755 649 17.9106 -21.2037 649 29.2047 -31.8671 649 21.7249 -13.0545 659 29.1022 -49.189 649 -9.355001 -34.4785 649 -21.5297 -28.6097 649 -25.345 -24.5834 649.2283 -23.5834 -22.231 649 -30.4566 -18.9886 649.8787 -26.9219 -20.976 649 -29.9181 -13.1419 650.8519 -29.3132 -42.5945 649 4.2992 -50.6628 648.8187 0 -42.6117 649 5.6647 -19.5293 649.2283 27.7311 -21.9624 649 28.0692 -25.3952 649 24.3952 -18.6273 650.8519 26.3812 -18.5004 652 26.1913 -18.9886 649.8787 26.9219 -57.1473 643.4534 -5.4168 -50.0887 649 0 -41.0735 649 -11.9456 -38.8276 649 -13.4056 -29.6857 649 -19.1672 -13.0545 652 -29.1022 -13.0545 659 -29.1022 -42.056 649 3.0442 -36.8168 649 16.7751 -23.0979 649 27.3105 -25.7767 649 27.3105 -31.1084 649 20.5894 -18.5004 659 26.1913 -41.612 649 -10.6906 -40.0958 649 -12.899 -37.4621 649 -13.3884 -28.103 649 -24.0768 -28.6587 649 -21.4563 -28.7311 649.2283 -18.5294 -23.8952 649.8787 -22.8952 -18.6273 650.8519 -26.3812 -41.0783 649 2.0908 -38.5311 649 8.4663 -23.8952 649.8787 22.8952 -24.5834 649.2283 23.5834 -24.4373 649 27.0441 -29.6857 649 19.1672 -23.4353 650.8519 22.4353 -23.2738 659 22.2739 -41.6292 649 -9.325001 -33.5251 649 -20.5519 -28.1202 649 -22.7113 -29.6364 649 -20.5029 -32.8738 649 -13.2026 -18.5004 652 -26.1913 -18.5004 659 -26.1913 -40.1691 649 -7.0791 -35.6813 649 16.0164 -30.842 649 19.25 -23.2738 652 22.2739 -41.1225 649 -8.0569 -36.2071 649 -12.8499 -30.9046 649 -19.9962 -27.9219 649.8787 -17.9886 -31.8132 649.2283 -12.7632 -32.2701 649 -20.0134 -23.4353 650.8519 -22.4353 -39.8101 649 1.5842 -32.8738 649 13.2026 -27.3811 650.8519 17.6273 -27.9219 649.8787 17.9886 -28.7311 649.2283 18.5294 -31.1084 649 17.9106 -27.1913 652 17.5005 -27.1913 659 17.5005 -34.8371 649 -6.7306 -23.2738 652 -22.2739 -23.2738 659 -22.2739 -38.9142 649 -6.5407 -34.342 649 15.75 -37.2629 649 7.9597 -31.8132 649.2283 12.7632 -31.8671 649 16.7751 -35.2537 649 -11.8722 -30.914 649.8787 -12.3908 -27.3811 650.8519 -17.6273 -34.7643 649 -9.2385 -33.7111 649.2283 -6.5066 -38.4446 649 1.6014 -33.0026 649 16.0164 -34.8371 649 6.7306 -30.3132 650.8519 12.1419 -30.1022 652 12.0545 -30.914 649.8787 12.3908 -34.747 649 -10.604 -35.3027 649 -7.9835 -35.5 649 0 -27.1913 652 -17.5005 -27.1913 659 -17.5005 -36.2852 649 7.0063 -32.7565 649.8787 6.3168 -30.1022 659 12.0545 -32.7565 649.8787 -6.3168 -30.3132 650.8519 -12.1419 -36.2805 649 -7.0301 -37.5486 649 -6.5235 -34.3519 649.2283 0 -37.1896 649 2.1399 -33.7111 649.2283 6.5066 -35.7467 649 5.7513 -32.1187 650.8519 6.1899 -31.8947 652 6.1453 -31.8947 659 6.1453 -30.1022 652 -12.0545 -30.1022 659 -12.0545 -36.2362 649 3.1176 -35.7295 649 4.3858 -32.7283 650.8519 0 -33.3787 649.8787 0 -32.1187 650.8519 -6.1899 -32.5 652 0 -32.5 659 0 -31.8947 652 -6.1453 -31.8947 659 -6.1453 -32.5 652 0 -1.1 642.9874 -56.4999 -1.1641 643.0345 -56.4998 -1.822 643.7952 -56.1431 -1.5818 643.3954 -56.4296 -1.1 649 -48.8042 -1.7422 643.5972 -56.3217 -1.762 648.8187 -49.657 -1.4016 649 -49.087 -1.6368 648.9626 -49.3555 38.5579 643.7952 39.8485 30.0665 643.7952 46.7717 34.8087 643.4534 43.5845 55.1491 643.7952 0 55.1476 643.7952 0.411 54.7983 643.4534 8.2717 53.2843 638.7654 -10.7978 53.4336 638 -10.8275 54.5 638 0 50.1347 638.7654 -21.1807 54.3478 638.7654 0 49.7341 639.4142 -21.0148 50.2753 638 -21.2389 53.2843 638.7654 10.7978 52.8591 639.4142 -10.7132 44.6595 639.4142 -30.5087 45.02 638.7654 -30.7496 53.4336 629.5 -10.8275 53.4336 638 10.8275 53.9142 639.4142 0 44.12 639.8478 -30.1482 49.1347 639.8478 -20.7665 45.1466 638 -30.8341 50.2753 629.5 -21.2389 54.5 629.5 0 50.1347 638.7654 21.1807 52.8591 639.4142 10.7132 52.2227 639.8478 -10.5866 37.3714 639.8478 -38.3714 37.8302 639.4142 -38.8302 38.1368 638.7654 -39.1368 54.5 638 0 50.2753 638 21.2389 53.2654 639.8478 0 43.4837 640 -29.723 36.8302 640 -37.8302 48.4276 640 -20.4736 38.2444 638 -39.2444 45.1466 629.5 -30.8341 53.4336 629.5 10.8275 45.1466 638 30.8341 50.2753 629.5 21.2389 49.7341 639.4142 21.0148 52.2227 639.8478 10.5866 52.5 640 0 29.1482 639.8478 -45.12 29.5087 639.4142 -45.6595 51.472 640 -10.4373 29.7496 638.7654 -46.02 45.02 638.7654 30.7496 28.2175 640 -12.3935 25.2383 640 -17.8554 28.723 640 -44.4836 30.074 640 -6.4553 29.8342 638 -46.1466 38.2444 629.5 -39.2444 38.1368 638.7654 39.1368 45.1466 629.5 30.8341 44.6595 639.4142 30.5087 49.1347 639.8478 20.7665 51.472 640 10.4373 21.2507 640 -22.6312 19.7665 639.8478 -50.1347 19.4736 640 -49.4276 20.0148 639.4142 -50.7341 30.7363 640 -0.2691 20.1807 638.7654 -51.1347 38.2444 638 39.2444 38.2444 629.5 39.2444 48.4276 640 20.4736 16.408 640 -26.5372 52.5 640 0 20.239 638 -51.2753 29.8342 629.5 -46.1466 29.7496 638.7654 46.02 37.8302 639.4142 38.8302 44.12 639.8478 30.1482 28.4235 640 11.8963 9.4374 640 -52.472 9.5867 639.8478 -53.2227 10.8964 640 -29.4234 9.7133 639.4142 -53.8591 30.179 640 5.9275 9.797801 638.7654 -54.2843 29.8342 629.5 46.1466 29.8342 638 46.1466 43.4837 640 29.723 25.5372 640 17.408 9.8275 638 -54.4336 20.239 629.5 -51.2753 20.1807 638.7654 51.1347 29.5087 639.4142 45.6595 37.3714 639.8478 38.3714 -1 640 -53.5 4.9275 640 -31.1789 -1 639.8478 -54.2654 -1 639.4142 -54.9142 -1 638.7654 -55.3478 20.239 638 51.2753 36.8302 640 37.8302 21.6312 640 22.2506 -1 638 -55.5 9.8275 629.5 -54.4336 20.239 629.5 51.2753 9.8275 638 54.4336 20.0148 639.4142 50.7341 29.1482 639.8478 45.12 -11.5866 639.8478 -53.2227 -1.2691 640 -31.7362 -11.7132 639.4142 -53.8591 -11.7978 638.7654 -54.2843 9.797801 638.7654 54.2843 16.8555 640 26.2382 28.723 640 44.4836 -11.4373 640 -52.472 -11.8275 638 -54.4336 -1 629.5 -55.5 9.8275 629.5 54.4336 -1 638.7654 55.3478 9.7133 639.4142 53.8591 19.7665 639.8478 50.1347 -21.4735 640 -49.4276 -7.4553 640 -31.0739 -21.7664 639.8478 -50.1347 -22.0147 639.4142 -50.7341 -22.1806 638.7654 -51.1347 -1 629.5 55.5 -1 638 55.5 11.3936 640 29.2175 19.4736 640 49.4276 -22.2389 638 -51.2753 -11.8275 629.5 -54.4336 -11.7978 638.7654 54.2843 -1 639.4142 54.9142 9.5867 639.8478 53.2227 -30.723 640 -44.4836 -13.3935 640 -29.2175 -31.1482 639.8478 -45.12 -31.5087 639.4142 -45.6595 -31.7495 638.7654 -46.02 -11.8275 629.5 54.4336 -11.8275 638 54.4336 5.4554 640 31.0739 9.4374 640 52.472 -31.8341 638 -46.1466 -22.2389 629.5 -51.2753 -22.1806 638.7654 51.1347 -11.7132 639.4142 53.8591 -1 639.8478 54.2654 -18.8554 640 -26.2382 -38.8302 640 -37.8302 -39.3714 639.8478 -38.3714 -39.8302 639.4142 -38.8302 -40.1367 638.7654 -39.1368 -22.2389 629.5 51.2753 -22.2389 638 51.2753 -0.7309 640 31.7362 -1 640 53.5 -40.2444 638 -39.2444 -31.8341 629.5 -46.1466 -31.8341 638 46.1466 -22.0147 639.4142 50.7341 -11.5866 639.8478 53.2227 -23.6312 640 -22.2506 -46.12 639.8478 -30.1482 -46.6595 639.4142 -30.5087 -47.02 638.7654 -30.7496 -31.7495 638.7654 46.02 -6.9275 640 31.1789 -11.4373 640 52.472 -45.4836 640 -29.723 -47.1465 638 -30.8341 -40.2444 629.5 -39.2444 -31.8341 629.5 46.1466 -40.1367 638.7654 39.1368 -31.5087 639.4142 45.6595 -21.7664 639.8478 50.1347 -27.5372 640 -17.408 -50.4275 640 -20.4736 -51.1346 639.8478 -20.7665 -51.7341 639.4142 -21.0148 -52.1346 638.7654 -21.1807 -40.2444 629.5 39.2444 -40.2444 638 39.2444 -12.8963 640 29.4234 -21.4735 640 49.4276 -52.2753 638 -21.2389 -47.1465 629.5 -30.8341 -47.1465 638 30.8341 -39.8302 639.4142 38.8302 -31.1482 639.8478 45.12 -30.4234 640 -11.8963 -54.2226 639.8478 -10.5866 -54.859 639.4142 -10.7132 -55.2842 638.7654 -10.7978 -47.1465 629.5 30.8341 -47.02 638.7654 30.7496 -18.408 640 26.5372 -30.723 640 44.4836 -53.472 640 -10.4373 -55.4336 638 -10.8275 -52.2753 629.5 -21.2389 -52.2753 638 21.2389 -52.2753 629.5 21.2389 -46.6595 639.4142 30.5087 -39.3714 639.8478 38.3714 -32.1789 640 -5.9275 -55.2653 639.8478 0 -55.9142 639.4142 0 -56.3477 638.7654 0 -52.1346 638.7654 21.1807 -23.2506 640 22.6312 -38.8302 640 37.8302 -54.5 640 0 -56.5 638 0 -55.4336 629.5 -10.8275 -55.4336 629.5 10.8275 -55.2842 638.7654 10.7978 -46.12 639.8478 30.1482 -51.7341 639.4142 21.0148 -32.7362 640 0.2691 -53.472 640 10.4373 -54.2226 639.8478 10.5866 -54.859 639.4142 10.7132 -56.5 629.5 0 -55.4336 638 10.8275 -27.2382 640 17.8554 -45.4836 640 29.723 -51.1346 639.8478 20.7665 -32.0739 640 6.4553 -50.4275 640 20.4736 -30.2175 640 12.3935 -16.75 645.7 0 -15.537 645.6235 -6.0214 -15.5511 645.7 -6.0273 -16.7348 645.6235 0 -12.1261 645.6235 -11.1262 -15.5511 645.7 6.0273 -15.497 645.5586 -6.0048 -12.0955 645.5586 -11.0955 -12.1369 645.7 -11.1369 -15.537 645.6235 6.0214 -16.6914 645.5586 0 -7.0048 645.5586 -14.497 -7.0214 645.6235 -14.537 -12.1369 659 -11.1369 -12.1369 645.7 11.1369 -15.437 645.5152 -5.98 -12.0496 645.5152 -11.0496 -6.98 645.5152 -14.437 -7.0272 645.7 -14.5511 -15.5511 659 -6.0273 -12.1369 659 11.1369 -12.1261 645.6235 11.1262 -15.497 645.5586 6.0048 -16.6265 645.5152 0 -1 645.5152 -15.6265 -1 645.5586 -15.6914 -1 645.6235 -15.7348 -16.75 645.7 0 -7.0272 659 -14.5511 -7.0272 659 14.5511 -15.5511 659 6.0273 -7.0272 645.7 14.5511 -11.9955 645.5 -10.9955 -15.3663 645.5 -5.9507 -6.9507 645.5 -14.3663 -1 645.5 -15.55 -1 645.7 -15.75 -16.75 659 0 -7.0214 645.6235 14.537 -12.0955 645.5586 11.0955 -15.437 645.5152 5.98 -16.55 645.5 0 4.98 645.5152 -14.437 4.9508 645.5 -14.3663 5.0049 645.5586 -14.497 5.0215 645.6235 -14.537 -1 659 -15.75 -1 659 15.75 -1 645.7 15.75 -15.3663 645.5 5.9507 9.9955 645.5 10.9955 5.0273 645.7 -14.5511 5.0273 659 -14.5511 -1 645.6235 15.7348 -7.0048 645.5586 14.497 -12.0496 645.5152 11.0496 -11.9955 645.5 10.9955 4.9508 645.5 14.3663 9.9955 645.5 -10.9955 10.0497 645.5152 -11.0496 14.55 645.5 0 10.0955 645.5586 -11.0955 10.1262 645.6235 -11.1262 5.0273 659 14.5511 5.0273 645.7 14.5511 -6.9507 645.5 14.3663 -1 645.5 15.55 13.3664 645.5 5.9507 10.0497 645.5152 11.0496 10.137 645.7 -11.1369 10.137 659 -11.1369 5.0215 645.6235 14.537 -1 645.5586 15.6914 -6.98 645.5152 14.437 4.98 645.5152 14.437 13.4371 645.5152 -5.98 13.3664 645.5 -5.9507 14.6266 645.5152 0 13.4371 645.5152 5.98 13.497 645.5586 -6.0048 13.5371 645.6235 -6.0214 10.137 659 11.1369 10.1262 645.6235 11.1262 -1 645.5152 15.6265 10.0955 645.5586 11.0955 13.497 645.5586 6.0048 13.5511 645.7 -6.0273 10.137 645.7 11.1369 5.0049 645.5586 14.497 14.6914 645.5586 0 14.7348 645.6235 0 13.5511 659 -6.0273 13.5511 659 6.0273 13.5371 645.6235 6.0214 14.75 645.7 0 13.5511 645.7 6.0273 14.75 659 0 -0.178 643.7952 -56.1431 -0.9 642.9874 -56.4999 -0.9 649 -48.8042 -0.8359 643.0345 -56.4998 -0.238 648.8187 -49.657 -0.4181 643.3954 -56.4296 -0.5983 649 -49.087 -0.2577 643.5972 -56.3217 -0.3631 648.9626 -49.3555 49.9989 643.4534 24.1037 52.9821 643.4534 16.3646 50.7563 643.7952 21.7718 51.1756 643.0345 21.6785 40.8128 643.4534 37.8624 38.5579 643.7952 39.8485 34.8087 643.4534 43.5845 38.9225 643.0345 39.9805 10.0126 643.0345 55.4164 12.7508 643.4534 54.7064 4.5799 643.4534 56.1314 9.9038 643.7952 55.0802 4.5799 643.4534 56.1314 -1 643.7952 56.1491 -3.7115 643.4534 56.3428 -1 643.0345 56.5 -22.6026 643.0345 52.207 -19.9406 643.4534 53.1331 -27.5273 643.4534 49.7812 -22.3923 643.7952 51.9143 -27.5273 643.4534 49.7812 -32.0665 643.7952 46.7717 -34.5405 643.4534 45.3531 -32.3641 643.0345 46.9951 -46.2554 643.4534 33.6721 -47.5431 643.7952 31.4081 -50.7039 643.4534 26.6718 -47.9495 643.0345 31.4323 -53.1756 643.0345 21.6785 -50.7039 643.4534 26.6718 -54.0778 643.4534 19.0949 -52.7562 643.7952 21.7718 -56.4323 643.0345 -10.9321 -57.1473 643.4534 -5.4168 -55.746 643.4534 -13.5918 -56.1586 643.7952 -10.5003 -49.4485 643.4534 -28.8897 -47.9979 643.7952 -30.7233 -44.6883 643.4534 -35.6819 -48.0406 643.0345 -31.2958 -41.0384 643.0345 -39.8644 -44.6883 643.4534 -35.6819 -38.9836 643.4534 -41.7027 -41.137 643.7952 -39.2651 55.5 643.0345 0.08209997 55.5 643.0345 0 54.7983 643.4534 8.2717 52.9821 643.4534 16.3646 54.7983 643.4534 8.2717 53.999 643.7952 11.3067 54.4003 643.0345 11.093 30.3642 643.0345 46.9951 34.8087 643.4534 43.5845 28.0303 643.4534 48.3644 30.0665 643.7952 46.7717 -17.5213 643.4534 -53.9344 -9.4337 643.4534 -55.774 -12.1734 643.0345 -55.3841 -12.7089 643.7952 -54.9147 40.5945 649 -4.2992 40.6707 649 -5.0253 40.5945 653 -4.2992 40.6117 653 -5.6647 40.4042 649 -3.6859 40.4042 649 -6.3647 40.0561 653 -3.0442 40.1051 653 -6.9329 39.6455 649 -2.5504 39.6455 649 -7.5001 39.0783 653 -2.0908 39.1517 653 -7.9107 38.51 649 -1.7917 38.51 649 -8.2588 37.8101 653 -1.5842 37.8967 653 -8.4491 37.1707 649 -1.5253 37.1707 649 -8.5253 36.4446 653 -1.6014 36.5312 653 -8.4663 35.8313 649 -1.7917 35.8313 649 -8.2588 35.1896 653 -2.1399 35.263 653 -7.9597 34.6958 649 -2.5504 34.6958 649 -7.5001 34.2362 653 -3.1176 34.2853 653 -7.0063 33.9371 649 -3.6859 33.9371 649 -6.3647 33.7296 653 -4.3858 33.7468 653 -5.7513 33.6707 649 -5.0253 35.7831 649 -19.8895 35.5756 649 -20.5894 35.7831 653 -19.8895 35.2764 653 -21.1577 35.842 649 -19.25 34.8169 649 -21.7249 35.7659 653 -18.524 34.323 653 -22.1354 35.5756 649 -17.9106 33.6814 649 -22.4836 35.2274 653 -17.269 33.068 653 -22.6739 34.8169 649 -16.7751 32.342 649 -22.75 34.2497 653 -16.3156 31.7025 653 -22.6911 33.6814 649 -16.0164 31.0026 649 -22.4836 32.9815 653 -15.8089 30.4343 653 -22.1844 32.342 649 -15.75 29.8671 649 -21.7249 31.616 653 -15.8261 29.4566 653 -21.231 31.0026 649 -16.0164 29.1084 649 -20.5894 30.361 653 -16.3646 28.9181 653 -19.976 29.8671 649 -16.7751 28.842 649 -19.25 29.4076 653 -17.3423 28.9009 653 -18.6105 29.1084 649 -17.9106 39.0736 649 11.9456 39.4217 649 11.3039 39.0736 653 11.9456 39.612 653 10.6906 38.663 649 12.4394 39.6882 649 9.9645 38.0958 653 12.899 39.6293 653 9.325001 37.5276 649 13.1981 39.4217 649 8.625101 36.8277 653 13.4056 39.1226 653 8.0569 36.1882 649 13.4645 38.663 649 7.4897 35.4621 653 13.3884 38.1692 653 7.0791 34.8488 649 13.1981 37.5276 649 6.731 34.2071 653 12.8499 36.9142 653 6.5407 33.7133 649 12.4394 36.1882 649 6.4645 33.2537 653 11.8722 35.5487 653 6.5235 32.9546 649 11.3039 34.8488 649 6.731 32.7471 653 10.604 34.2805 653 7.0301 32.6882 649 9.9645 33.7133 649 7.4897 32.7643 653 9.2385 33.3028 653 7.9835 32.9546 649 8.625101 31.4518 649 26.3717 32.019 649 25.9122 31.4518 653 26.3717 32.4295 653 25.4183 30.8835 649 26.6709 32.7777 649 24.7767 30.1836 653 26.8784 32.968 653 24.1633 29.5441 649 26.9373 33.0441 649 23.4373 28.8181 653 26.8612 32.9852 653 22.7978 28.2047 649 26.6709 32.7777 649 22.0979 27.5631 653 26.3227 32.4786 653 21.5297 27.0693 649 25.9122 32.019 649 20.9624 26.6097 653 25.345 31.5252 653 20.5519 26.3106 649 24.7767 30.8835 649 20.2037 26.103 653 24.0768 30.2702 653 20.0134 26.0441 649 23.4373 29.5441 649 19.9373 26.1203 653 22.7113 28.9046 653 19.9962 26.3106 649 22.0979 28.2047 649 20.2037 26.6587 653 21.4563 27.6365 653 20.5029 27.0693 649 20.9624 18.8895 649 36.7831 19.5894 649 36.5756 18.8895 653 36.7831 20.1577 653 36.2764 18.25 649 36.842 20.7249 649 35.8169 17.524 653 36.7658 21.1354 653 35.323 16.9106 649 36.5756 21.4836 649 34.6814 16.269 653 36.2274 21.6739 653 34.068 15.7752 649 35.8169 21.75 649 33.342 15.3156 653 35.2496 21.6911 653 32.7025 15.0164 649 34.6814 21.4836 649 32.0026 14.8089 653 33.9815 21.1844 653 31.4343 14.75 649 33.342 20.7249 649 30.8671 14.8262 653 32.6159 20.231 653 30.4566 15.0164 649 32.0026 19.5894 649 30.1084 15.3646 653 31.361 18.9761 653 29.9181 15.7752 649 30.8671 18.25 649 29.842 16.3424 653 30.4076 17.6105 653 29.9009 16.9106 649 30.1084 3.2993 649 41.5945 4.0253 649 41.6706 3.2993 653 41.5945 4.6648 653 41.6117 2.6859 649 41.4042 5.3647 649 41.4042 2.0443 653 41.056 5.9329 653 41.105 1.5504 649 40.6455 6.5002 649 40.6455 1.0909 653 40.0783 6.9107 653 40.1517 0.7917 649 39.51 7.2589 649 39.51 0.5842 653 38.8101 7.4492 653 38.8967 0.5253 649 38.1706 7.5253 649 38.1706 0.6014 653 37.4446 7.4664 653 37.5311 0.7917 649 36.8312 7.2589 649 36.8312 1.1399 653 36.1896 6.9597 653 36.263 1.5504 649 35.6958 6.5002 649 35.6958 2.1176 653 35.2362 6.0063 653 35.2852 2.6859 649 34.937 5.3647 649 34.937 3.3858 653 34.7295 4.7513 653 34.7468 4.0253 649 34.6706 -12.9455 649 40.0735 -12.3039 649 40.4217 -12.9455 653 40.0735 -11.6905 653 40.612 -13.4394 649 39.663 -10.9645 649 40.6881 -13.8989 653 39.0958 -10.325 653 40.6292 -14.1981 649 38.5275 -9.625101 649 40.4217 -14.4056 653 37.8276 -9.0569 653 40.1226 -14.4645 649 37.1881 -8.489601 649 39.663 -14.3884 653 36.4621 -8.0791 653 39.1692 -14.1981 649 35.8488 -7.7309 649 38.5275 -13.8499 653 35.2071 -7.5406 653 37.9142 -13.4394 649 34.7133 -7.4645 649 37.1881 -12.8722 653 34.2537 -7.5234 653 36.5487 -12.3039 649 33.9546 -7.7309 649 35.8488 -11.604 653 33.7471 -8.0301 653 35.2805 -10.9645 649 33.6881 -8.489601 649 34.7133 -10.2385 653 33.7643 -8.9835 653 34.3027 -9.625101 649 33.9546 -27.3717 649 32.4518 -26.9122 649 33.019 -27.3717 653 32.4518 -26.4183 653 33.4295 -27.6709 649 31.8835 -25.7767 649 33.7777 -27.8784 653 31.1836 -25.1633 653 33.968 -27.9373 649 30.5441 -24.4373 649 34.0441 -27.8612 653 29.8181 -23.7978 653 33.9852 -27.6709 649 29.2047 -23.0979 649 33.7777 -27.3227 653 28.5631 -22.5296 653 33.4785 -26.9122 649 28.0692 -21.9624 649 33.019 -26.3449 653 27.6097 -21.5519 653 32.5251 -25.7767 649 27.3105 -21.2037 649 31.8835 -25.0768 653 27.103 -21.0134 653 31.2701 -24.4373 649 27.0441 -20.9373 649 30.5441 -23.7113 653 27.1202 -20.9962 653 29.9046 -23.0979 649 27.3105 -21.2037 649 29.2047 -22.4563 653 27.6587 -21.5029 653 28.6364 -21.9624 649 28.0692 -37.783 649 19.8895 -37.5755 649 20.5894 -37.783 653 19.8895 -37.2764 653 21.1577 -37.842 649 19.25 -36.8168 649 21.7249 -37.7658 653 18.524 -36.323 653 22.1354 -37.5755 649 17.9106 -35.6813 649 22.4836 -37.2274 653 17.269 -35.068 653 22.6739 -36.8168 649 16.7751 -34.342 649 22.75 -36.2496 653 16.3156 -33.7025 653 22.6911 -35.6813 649 16.0164 -33.0026 649 22.4836 -34.9814 653 15.8089 -32.4343 653 22.1844 -34.342 649 15.75 -31.8671 649 21.7249 -33.6159 653 15.8261 -31.4566 653 21.231 -33.0026 649 16.0164 -31.1084 649 20.5894 -32.3609 653 16.3646 -30.9181 653 19.976 -31.8671 649 16.7751 -30.842 649 19.25 -31.4075 653 17.3423 -30.9009 653 18.6105 -31.1084 649 17.9106 25.3718 649 -32.4518 24.9122 649 -33.019 25.3718 653 -32.4518 24.4184 653 -33.4295 25.6709 649 -31.8835 23.7767 649 -33.7777 25.8784 653 -31.1836 23.1634 653 -33.968 25.9373 649 -30.5441 22.4373 649 -34.0441 25.8612 653 -29.8181 21.7978 653 -33.9852 25.6709 649 -29.2047 21.0979 649 -33.7777 25.3227 653 -28.5631 20.5297 653 -33.4785 24.9122 649 -28.0692 19.9625 649 -33.019 24.345 653 -27.6097 19.5519 653 -32.5251 23.7767 649 -27.3105 19.2038 649 -31.8835 23.0768 653 -27.103 19.0135 653 -31.2701 22.4373 649 -27.0441 18.9373 649 -30.5441 21.7113 653 -27.1202 18.9963 653 -29.9046 21.0979 649 -27.3105 19.2038 649 -29.2047 20.4563 653 -27.6587 19.5029 653 -28.6364 19.9625 649 -28.0692 10.9456 649 -40.0735 10.304 649 -40.4217 10.9456 653 -40.0735 9.6906 653 -40.612 11.4394 649 -39.663 8.9646 649 -40.6881 11.899 653 -39.0958 8.3251 653 -40.6292 12.1981 649 -38.5275 7.6252 649 -40.4217 12.4056 653 -37.8276 7.0569 653 -40.1226 12.4646 649 -37.1881 6.4897 649 -39.663 12.3884 653 -36.4621 6.0792 653 -39.1692 12.1981 649 -35.8488 5.731 649 -38.5275 11.85 653 -35.2071 5.5407 653 -37.9142 11.4394 649 -34.7133 5.4646 649 -37.1881 10.8722 653 -34.2537 5.5235 653 -36.5487 10.304 649 -33.9546 5.731 649 -35.8488 9.604001 653 -33.7471 6.0301 653 -35.2805 8.9646 649 -33.6881 6.4897 649 -34.7133 8.2385 653 -33.7643 6.9835 653 -34.3027 7.6252 649 -33.9546 -5.2992 649 -41.5945 -6.0252 649 -41.6706 -5.2992 653 -41.5945 -6.6647 653 -41.6117 -4.6858 649 -41.4042 -7.3646 649 -41.4042 -4.0442 653 -41.056 -7.9329 653 -41.105 -3.5504 649 -40.6455 -8.500101 649 -40.6455 -3.0908 653 -40.0783 -8.9106 653 -40.1517 -2.7917 649 -39.51 -9.2588 649 -39.51 -2.5842 653 -38.8101 -9.4491 653 -38.8967 -2.5252 649 -38.1706 -9.5252 649 -38.1706 -2.6014 653 -37.4446 -9.4663 653 -37.5311 -2.7917 649 -36.8312 -9.2588 649 -36.8312 -3.1398 653 -36.1896 -8.9597 653 -36.263 -3.5504 649 -35.6958 -8.500101 649 -35.6958 -4.1176 653 -35.2362 -8.0063 653 -35.2852 -4.6858 649 -34.937 -7.3646 649 -34.937 -5.3857 653 -34.7295 -6.7513 653 -34.7468 -6.0252 649 -34.6706 -40.2444 629.5 39.2444 -40.9515 629.5 39.9515 -47.1465 629.5 30.8341 -31.8341 629.5 46.1466 -47.978 629.5 31.3897 -32.3897 629.5 46.978 -52.2753 629.5 21.2389 -22.2389 629.5 51.2753 -53.1992 629.5 21.6216 -22.6216 629.5 52.1992 -55.4336 629.5 10.8275 -11.8275 629.5 54.4336 -56.4143 629.5 11.0226 -12.0226 629.5 55.4144 -57.5 629.5 0 -1 629.5 56.5 -56.5 629.5 0 -1 629.5 55.5 -55.4336 629.5 -10.8275 9.8275 629.5 54.4336 -56.4143 629.5 -11.0226 10.0226 629.5 55.4144 -52.2753 629.5 -21.2389 20.239 629.5 51.2753 -53.1992 629.5 -21.6216 20.6216 629.5 52.1992 -47.978 629.5 -31.3897 30.3897 629.5 46.978 -47.1465 629.5 -30.8341 29.8342 629.5 46.1466 -40.9515 629.5 -39.9515 38.9516 629.5 39.9515 -40.2444 629.5 -39.2444 38.2444 629.5 39.2444 -32.3897 629.5 -46.978 45.1466 629.5 30.8341 -31.8341 629.5 -46.1466 45.9781 629.5 31.3897 -22.6216 629.5 -52.1992 50.2753 629.5 21.2389 -22.2389 629.5 -51.2753 51.1992 629.5 21.6216 -12.0226 629.5 -55.4144 53.4336 629.5 10.8275 -11.8275 629.5 -54.4336 54.4144 629.5 11.0226 -1 629.5 -56.5 54.5 629.5 0 -1 629.5 -55.5 55.5 629.5 0 10.0226 629.5 -55.4144 54.4144 629.5 -11.0226 9.8275 629.5 -54.4336 53.4336 629.5 -10.8275 20.6216 629.5 -52.1992 51.1992 629.5 -21.6216 20.239 629.5 -51.2753 50.2753 629.5 -21.2389 30.3897 629.5 -46.978 45.9781 629.5 -31.3897 29.8342 629.5 -46.1466 45.1466 629.5 -30.8341 38.9516 629.5 -39.9515 38.2444 629.5 -39.2444 -42.5945 649 4.2992 -42.6117 649 5.6647 -42.6117 653 5.6647 -42.105 653 6.9329 -42.5945 653 4.2992 -42.105 649 6.9329 -42.056 653 3.0442 -41.1516 653 7.9107 -42.056 649 3.0442 -41.1516 649 7.9107 -41.0783 649 2.0908 -39.8966 653 8.4491 -41.0783 653 2.0908 -39.8966 649 8.4491 -39.8101 649 1.5842 -38.5311 653 8.4663 -39.8101 653 1.5842 -38.5311 649 8.4663 -38.4446 649 1.6014 -37.2629 653 7.9597 -38.4446 653 1.6014 -37.2629 649 7.9597 -37.1896 649 2.1399 -36.2852 653 7.0063 -37.1896 653 2.1399 -36.2852 649 7.0063 -36.2362 649 3.1176 -35.7467 653 5.7513 -36.2362 653 3.1176 -35.7467 649 5.7513 -35.7295 649 4.3858 -35.7295 653 4.3858 -20.8895 649 -36.7831 -22.1576 649 -36.2764 -22.1576 653 -36.2764 -23.1354 653 -35.323 -20.8895 653 -36.7831 -23.1354 649 -35.323 -19.5239 649 -36.7658 -23.6738 653 -34.068 -19.5239 653 -36.7658 -23.6738 649 -34.068 -18.269 649 -36.2274 -23.6911 649 -32.7025 -18.269 653 -36.2274 -23.6911 653 -32.7025 -17.3156 649 -35.2496 -23.1844 649 -31.4343 -17.3156 653 -35.2496 -23.1844 653 -31.4343 -16.8089 649 -33.9815 -22.231 649 -30.4566 -16.8089 653 -33.9815 -22.231 653 -30.4566 -16.8261 649 -32.6159 -20.976 649 -29.9181 -16.8261 653 -32.6159 -20.976 653 -29.9181 -17.3646 649 -31.361 -19.6105 649 -29.9009 -17.3646 653 -31.361 -19.6105 653 -29.9009 -18.3423 653 -30.4076 -18.3423 649 -30.4076 -33.4517 649 -26.3717 -34.4295 649 -25.4183 -34.4295 653 -25.4183 -34.9679 653 -24.1633 -33.4517 653 -26.3717 -34.9679 649 -24.1633 -32.1836 653 -26.8784 -34.9852 653 -22.7978 -32.1836 649 -26.8784 -34.9852 649 -22.7978 -30.818 649 -26.8612 -34.4785 653 -21.5297 -30.818 653 -26.8612 -34.4785 649 -21.5297 -29.5631 649 -26.3227 -33.5251 653 -20.5519 -29.5631 653 -26.3227 -33.5251 649 -20.5519 -28.6097 649 -25.345 -32.2701 653 -20.0134 -28.6097 653 -25.345 -32.2701 649 -20.0134 -28.103 649 -24.0768 -30.9046 653 -19.9962 -28.103 653 -24.0768 -30.9046 649 -19.9962 -28.1202 649 -22.7113 -29.6364 653 -20.5029 -28.1202 653 -22.7113 -29.6364 649 -20.5029 -28.6587 649 -21.4563 -28.6587 653 -21.4563 -41.0735 649 -11.9456 -41.612 649 -10.6906 -41.612 653 -10.6906 -41.6292 649 -9.325001 -41.0735 653 -11.9456 -41.6292 653 -9.325001 -40.0958 649 -12.899 -41.1225 649 -8.0569 -40.0958 653 -12.899 -41.1225 653 -8.0569 -38.8276 653 -13.4056 -40.1691 649 -7.0791 -38.8276 649 -13.4056 -40.1691 653 -7.0791 -37.4621 649 -13.3884 -38.9142 653 -6.5407 -37.4621 653 -13.3884 -38.9142 649 -6.5407 -36.2071 649 -12.8499 -37.5486 653 -6.5235 -36.2071 653 -12.8499 -37.5486 649 -6.5235 -35.2537 653 -11.8722 -36.2805 653 -7.0301 -35.2537 649 -11.8722 -36.2805 649 -7.0301 -34.747 649 -10.604 -35.3027 653 -7.9835 -34.747 653 -10.604 -35.3027 649 -7.9835 -34.7643 649 -9.2385 -34.7643 653 -9.2385 -31.8947 659 -6.1453 -32.5 659 0 -32 659.5 0 -31.4043 659.5 6.0478 -31.4043 659.5 -6.0478 -31.8947 659 6.1453 -29.6402 659.5 -11.8632 -30.1022 659 12.0545 -30.1022 659 -12.0545 -29.6402 659.5 11.8632 -26.7755 659.5 -17.2227 -27.1913 659 17.5005 -27.1913 659 -17.5005 -26.7755 659.5 17.2227 -22.9203 659.5 -21.9203 -22.9203 659.5 21.9203 -23.2738 659 -22.2739 -23.2738 659 22.2739 -18.5004 659 -26.1913 -18.2227 659.5 25.7756 -18.2227 659.5 -25.7756 -18.5004 659 26.1913 -13.0545 659 -29.1022 -12.8632 659.5 28.6403 -12.8632 659.5 -28.6403 -13.0545 659 29.1022 -7.1453 659 -30.8947 -7.0478 659.5 30.4043 -7.0478 659.5 -30.4043 -7.1453 659 30.8947 -1 659 -31.5 -1 659.5 31 -1 659.5 -31 -1 659 31.5 5.1454 659 -30.8947 5.0478 659.5 30.4043 5.0478 659.5 -30.4043 5.1454 659 30.8947 10.8632 659.5 -28.6403 10.8632 659.5 28.6403 11.0546 659 -29.1022 11.0546 659 29.1022 16.2227 659.5 -25.7756 16.5005 659 26.1913 16.5005 659 -26.1913 16.2227 659.5 25.7756 21.2739 659 -22.2739 20.9203 659.5 21.9203 20.9203 659.5 -21.9203 21.2739 659 22.2739 24.7756 659.5 -17.2227 25.1913 659 17.5005 25.1913 659 -17.5005 24.7756 659.5 17.2227 28.1022 659 -12.0545 27.6403 659.5 11.8632 27.6403 659.5 -11.8632 28.1022 659 12.0545 29.8948 659 -6.1453 29.4044 659.5 6.0478 29.4044 659.5 -6.0478 29.8948 659 6.1453 30 659.5 0 30.5 659 0 1.7717 653.5 23.8519 2 653.5 25 1.7717 659.5 23.8519 2 659.5 25 1.1213 659.5 22.8787 1.7717 653.5 26.1481 1.1213 653.5 22.8787 1.7717 659.5 26.1481 0.1481 659.5 22.2284 1.1213 653.5 27.1213 0.1481 653.5 22.2284 1.1213 659.5 27.1213 -1 659.5 22 0.1481 659.5 27.7716 -1 653.5 22 0.1481 653.5 27.7716 -2.148 653.5 22.2284 -1 659.5 28 -2.148 659.5 22.2284 -1 653.5 28 -3.1213 653.5 22.8787 -2.148 659.5 27.7716 -3.1213 659.5 22.8787 -2.148 653.5 27.7716 -3.7716 653.5 23.8519 -3.1213 659.5 27.1213 -3.7716 659.5 23.8519 -3.1213 653.5 27.1213 -4 653.5 25 -3.7716 659.5 26.1481 -4 659.5 25 -3.7716 653.5 26.1481 -16.3679 646.5 -18.6344 -16.1776 646.5 -17.6777 -16.3679 659.5 -18.6344 -16.1776 659.5 -17.6777 -16.9099 659.5 -19.4454 -16.3679 646.5 -16.721 -16.9099 646.5 -19.4454 -16.3679 659.5 -16.721 -17.7209 659.5 -19.9874 -16.9099 646.5 -15.9099 -17.7209 646.5 -19.9874 -16.9099 659.5 -15.9099 -18.6776 659.5 -20.1777 -17.7209 646.5 -15.368 -18.6776 646.5 -20.1777 -17.7209 659.5 -15.368 -19.6344 646.5 -19.9874 -18.6776 646.5 -15.1777 -19.6344 659.5 -19.9874 -18.6776 659.5 -15.1777 -20.4454 646.5 -19.4454 -19.6344 659.5 -15.368 -20.4454 659.5 -19.4454 -19.6344 646.5 -15.368 -20.9873 646.5 -18.6344 -20.4454 659.5 -15.9099 -20.9873 659.5 -18.6344 -20.4454 646.5 -15.9099 -21.1776 646.5 -17.6777 -20.9873 659.5 -16.721 -21.1776 659.5 -17.6777 -20.9873 646.5 -16.721 1.3097 646.5 -25.9567 1.5 646.5 -25 1.3097 659.5 -25.9567 1.5 659.5 -25 0.7678 659.5 -26.7678 1.3097 646.5 -24.0433 0.7678 646.5 -26.7678 1.3097 659.5 -24.0433 -0.04329997 659.5 -27.3097 0.7678 659.5 -23.2322 -0.04329997 646.5 -27.3097 0.7678 646.5 -23.2322 -1 659.5 -27.5 -0.04329997 646.5 -22.6903 -1 646.5 -27.5 -0.04329997 659.5 -22.6903 -1.9567 646.5 -27.3097 -1 646.5 -22.5 -1.9567 659.5 -27.3097 -1 659.5 -22.5 -2.7677 646.5 -26.7678 -1.9567 646.5 -22.6903 -2.7677 659.5 -26.7678 -1.9567 659.5 -22.6903 -3.3097 646.5 -25.9567 -2.7677 646.5 -23.2322 -3.3097 659.5 -25.9567 -2.7677 659.5 -23.2322 -3.5 646.5 -25 -3.3097 659.5 -24.0433 -3.5 659.5 -25 -3.3097 646.5 -24.0433 18.9874 646.5 -18.6344 19.1777 646.5 -17.6777 18.9874 659.5 -18.6344 19.1777 659.5 -17.6777 18.4455 659.5 -19.4454 18.9874 646.5 -16.721 18.4455 646.5 -19.4454 18.9874 659.5 -16.721 17.6344 659.5 -19.9874 18.4455 646.5 -15.9099 17.6344 646.5 -19.9874 18.4455 659.5 -15.9099 16.6777 659.5 -20.1777 17.6344 646.5 -15.368 16.6777 646.5 -20.1777 17.6344 659.5 -15.368 15.721 659.5 -19.9874 16.6777 646.5 -15.1777 15.721 646.5 -19.9874 16.6777 659.5 -15.1777 14.9099 659.5 -19.4454 15.721 646.5 -15.368 14.9099 646.5 -19.4454 15.721 659.5 -15.368 14.368 646.5 -18.6344 14.9099 646.5 -15.9099 14.368 659.5 -18.6344 14.9099 659.5 -15.9099 14.1777 646.5 -17.6777 14.368 659.5 -16.721 14.1777 659.5 -17.6777 14.368 646.5 -16.721 26.3097 646.5 -0.9567 26.5 646.5 0 26.3097 659.5 -0.9567 26.5 659.5 0 25.7678 659.5 -1.7678 26.3097 646.5 0.9567 25.7678 646.5 -1.7678 26.3097 659.5 0.9567 24.9567 659.5 -2.3097 25.7678 646.5 1.7678 24.9567 646.5 -2.3097 25.7678 659.5 1.7678 24 659.5 -2.5 24.9567 659.5 2.3097 24 646.5 -2.5 24.9567 646.5 2.3097 23.0433 646.5 -2.3097 24 646.5 2.5 23.0433 659.5 -2.3097 24 659.5 2.5 22.2323 646.5 -1.7678 23.0433 659.5 2.3097 22.2323 659.5 -1.7678 23.0433 646.5 2.3097 21.6903 646.5 -0.9567 22.2323 659.5 1.7678 21.6903 659.5 -0.9567 22.2323 646.5 1.7678 21.5 646.5 0 21.6903 659.5 0.9567 21.5 659.5 0 21.6903 646.5 0.9567 18.9874 646.5 16.721 19.1777 646.5 17.6777 18.9874 659.5 16.721 19.1777 659.5 17.6777 18.4455 659.5 15.9099 18.9874 646.5 18.6344 18.4455 646.5 15.9099 18.9874 659.5 18.6344 17.6344 659.5 15.368 18.4455 646.5 19.4454 17.6344 646.5 15.368 18.4455 659.5 19.4454 16.6777 659.5 15.1777 17.6344 646.5 19.9874 16.6777 646.5 15.1777 17.6344 659.5 19.9874 15.721 659.5 15.368 16.6777 646.5 20.1777 15.721 646.5 15.368 16.6777 659.5 20.1777 14.9099 659.5 15.9099 15.721 646.5 19.9874 14.9099 646.5 15.9099 15.721 659.5 19.9874 14.368 646.5 16.721 14.9099 646.5 19.4454 14.368 659.5 16.721 14.9099 659.5 19.4454 14.1777 646.5 17.6777 14.368 659.5 18.6344 14.1777 659.5 17.6777 14.368 646.5 18.6344 -16.3679 646.5 16.721 -16.1776 646.5 17.6777 -16.3679 659.5 16.721 -16.1776 659.5 17.6777 -16.9099 659.5 15.9099 -16.3679 646.5 18.6344 -16.9099 646.5 15.9099 -16.3679 659.5 18.6344 -17.7209 659.5 15.368 -16.9099 646.5 19.4454 -17.7209 646.5 15.368 -16.9099 659.5 19.4454 -18.6776 659.5 15.1777 -17.7209 646.5 19.9874 -18.6776 646.5 15.1777 -17.7209 659.5 19.9874 -19.6344 646.5 15.368 -18.6776 646.5 20.1777 -19.6344 659.5 15.368 -18.6776 659.5 20.1777 -20.4454 646.5 15.9099 -19.6344 659.5 19.9874 -20.4454 659.5 15.9099 -19.6344 646.5 19.9874 -20.9873 646.5 16.721 -20.4454 659.5 19.4454 -20.9873 659.5 16.721 -20.4454 646.5 19.4454 -21.1776 646.5 17.6777 -20.9873 659.5 18.6344 -21.1776 659.5 17.6777 -20.9873 646.5 18.6344 -23.6903 646.5 -0.9567 -23.5 646.5 0 -23.6903 659.5 -0.9567 -23.5 659.5 0 -24.2322 659.5 -1.7678 -23.6903 646.5 0.9567 -24.2322 646.5 -1.7678 -23.6903 659.5 0.9567 -25.0433 659.5 -2.3097 -24.2322 646.5 1.7678 -25.0433 646.5 -2.3097 -24.2322 659.5 1.7678 -26 659.5 -2.5 -25.0433 659.5 2.3097 -26 646.5 -2.5 -25.0433 646.5 2.3097 -26.9567 646.5 -2.3097 -26 646.5 2.5 -26.9567 659.5 -2.3097 -26 659.5 2.5 -27.7677 646.5 -1.7678 -26.9567 659.5 2.3097 -27.7677 659.5 -1.7678 -26.9567 646.5 2.3097 -28.3097 646.5 -0.9567 -27.7677 659.5 1.7678 -28.3097 659.5 -0.9567 -27.7677 646.5 1.7678 -28.5 646.5 0 -28.3097 659.5 0.9567 -28.5 659.5 0 -28.3097 646.5 0.9567 29.4044 659.5 6.0478 26.3097 659.5 0.9567 25.7678 659.5 1.7678 30 659.5 0 24.9567 659.5 2.3097 26.5 659.5 0 24 659.5 2.5 26.3097 659.5 -0.9567 27.6403 659.5 11.8632 29.4044 659.5 -6.0478 23.0433 659.5 2.3097 25.7678 659.5 -1.7678 17.6344 659.5 15.368 24.9567 659.5 -2.3097 18.4455 659.5 15.9099 14.0131 659.5 6.2186 24 659.5 -2.5 24.7756 659.5 17.2227 22.2323 659.5 1.7678 16.6777 659.5 15.1777 27.6403 659.5 -11.8632 18.9874 659.5 16.721 21.6903 659.5 0.9567 15.721 659.5 15.368 23.0433 659.5 -2.3097 19.1777 659.5 17.6777 15.25 659.5 0 10.4905 659.5 11.4905 17.6344 659.5 -15.368 18.9874 659.5 18.6344 21.5 659.5 0 14.9099 659.5 15.9099 18.4455 659.5 -15.9099 14.0131 659.5 -6.2186 20.9203 659.5 21.9203 21.6903 659.5 -0.9567 14.368 659.5 16.721 24.7756 659.5 -17.2227 16.6777 659.5 -15.1777 22.2323 659.5 -1.7678 18.4455 659.5 19.4454 5.2186 659.5 15.013 18.9874 659.5 -16.721 15.721 659.5 -15.368 17.6344 659.5 19.9874 14.1777 659.5 17.6777 19.1777 659.5 -17.6777 10.4905 659.5 -11.4905 16.2227 659.5 25.7756 14.368 659.5 18.6344 18.9874 659.5 -18.6344 14.9099 659.5 -15.9099 16.6777 659.5 20.1777 1.7717 659.5 23.8519 20.9203 659.5 -21.9203 14.368 659.5 -16.721 15.721 659.5 19.9874 10.8632 659.5 28.6403 1.1213 659.5 22.8787 18.4455 659.5 -19.4454 5.2186 659.5 -15.013 14.9099 659.5 19.4454 2 659.5 25 0.1481 659.5 22.2284 17.6344 659.5 -19.9874 14.1777 659.5 -17.6777 5.0478 659.5 30.4043 -1 659.5 16.25 16.2227 659.5 -25.7756 14.368 659.5 -18.6344 1.7717 659.5 26.1481 -1 659.5 22 16.6777 659.5 -20.1777 1.3097 659.5 -24.0433 1.1213 659.5 27.1213 -2.148 659.5 22.2284 15.721 659.5 -19.9874 10.8632 659.5 -28.6403 0.7678 659.5 -23.2322 0.1481 659.5 27.7716 -7.2186 659.5 15.013 14.9099 659.5 -19.4454 1.5 659.5 -25 -0.04329997 659.5 -22.6903 -1 659.5 31 -3.1213 659.5 22.8787 5.0478 659.5 -30.4043 -1 659.5 -16.25 -1 659.5 28 -3.7716 659.5 23.8519 1.3097 659.5 -25.9567 -1 659.5 -22.5 -2.148 659.5 27.7716 -16.3679 659.5 18.6344 0.7678 659.5 -26.7678 -1.9567 659.5 -22.6903 -7.0478 659.5 30.4043 -16.1776 659.5 17.6777 -12.8632 659.5 28.6403 -0.04329997 659.5 -27.3097 -7.2186 659.5 -15.013 -3.1213 659.5 27.1213 -16.3679 659.5 16.721 -4 659.5 25 -16.9099 659.5 19.4454 -1 659.5 -31 -2.7677 659.5 -23.2322 -3.7716 659.5 26.1481 -12.4905 659.5 11.4905 -18.2227 659.5 25.7756 -1 659.5 -27.5 -3.3097 659.5 -24.0433 -16.9099 659.5 15.9099 -17.7209 659.5 19.9874 -1.9567 659.5 -27.3097 -16.3679 659.5 -18.6344 -17.7209 659.5 15.368 -18.6776 659.5 20.1777 -7.0478 659.5 -30.4043 -16.1776 659.5 -17.6777 -12.8632 659.5 -28.6403 -16.013 659.5 6.2186 -19.6344 659.5 19.9874 -2.7677 659.5 -26.7678 -16.3679 659.5 -16.721 -3.5 659.5 -25 -16.9099 659.5 -19.4454 -18.6776 659.5 15.1777 -22.9203 659.5 21.9203 -3.3097 659.5 -25.9567 -12.4905 659.5 -11.4905 -18.2227 659.5 -25.7756 -19.6344 659.5 15.368 -20.4454 659.5 19.4454 -16.9099 659.5 -15.9099 -17.7209 659.5 -19.9874 -25.0433 659.5 2.3097 -20.9873 659.5 18.6344 -17.7209 659.5 -15.368 -18.6776 659.5 -20.1777 -24.2322 659.5 1.7678 -29.6402 659.5 11.8632 -26.7755 659.5 17.2227 -16.013 659.5 -6.2186 -19.6344 659.5 -19.9874 -23.6903 659.5 0.9567 -26 659.5 2.5 -20.4454 659.5 15.9099 -21.1776 659.5 17.6777 -18.6776 659.5 -15.1777 -22.9203 659.5 -21.9203 -17.25 659.5 0 -31.4043 659.5 6.0478 -20.9873 659.5 16.721 -19.6344 659.5 -15.368 -20.4454 659.5 -19.4454 -23.5 659.5 0 -26.9567 659.5 2.3097 -25.0433 659.5 -2.3097 -20.9873 659.5 -18.6344 -23.6903 659.5 -0.9567 -27.7677 659.5 1.7678 -29.6402 659.5 -11.8632 -24.2322 659.5 -1.7678 -26.7755 659.5 -17.2227 -28.3097 659.5 0.9567 -26 659.5 -2.5 -20.4454 659.5 -15.9099 -21.1776 659.5 -17.6777 -32 659.5 0 -31.4043 659.5 -6.0478 -20.9873 659.5 -16.721 -28.5 659.5 0 -26.9567 659.5 -2.3097 -28.3097 659.5 -0.9567 -27.7677 659.5 -1.7678 -12.4905 659.5 -11.4905 -12.1369 659 -11.1369 -7.0272 659 -14.5511 -16.013 659.5 -6.2186 -7.2186 659.5 -15.013 -15.5511 659 -6.0273 -1 659 -15.75 -17.25 659.5 0 -1 659.5 -16.25 -16.75 659 0 5.0273 659 -14.5511 -16.013 659.5 6.2186 5.2186 659.5 -15.013 -15.5511 659 6.0273 10.137 659 -11.1369 -12.1369 659 11.1369 10.4905 659.5 -11.4905 -12.4905 659.5 11.4905 14.0131 659.5 -6.2186 -7.2186 659.5 15.013 13.5511 659 -6.0273 -7.0272 659 14.5511 15.25 659.5 0 -1 659.5 16.25 14.75 659 0 -1 659 15.75 13.5511 659 6.0273 5.2186 659.5 15.013 14.0131 659.5 6.2186 5.0273 659 14.5511 10.4905 659.5 11.4905 10.137 659 11.1369 -26 644.9979 0 -23.5 646.5 0 -23.6903 646.5 -0.9567 -23.6903 646.5 0.9567 -24.2322 646.5 -1.7678 -24.2322 646.5 1.7678 -25.0433 646.5 -2.3097 -25.0433 646.5 2.3097 -26 646.5 -2.5 -26 646.5 2.5 -26.9567 646.5 -2.3097 -26.9567 646.5 2.3097 -27.7677 646.5 -1.7678 -27.7677 646.5 1.7678 -28.3097 646.5 -0.9567 -28.3097 646.5 0.9567 -28.5 646.5 0 -18.6776 644.9979 17.6777 -16.9099 646.5 15.9099 -17.7209 646.5 15.368 -16.3679 646.5 16.721 -18.6776 646.5 15.1777 -16.1776 646.5 17.6777 -19.6344 646.5 15.368 -16.3679 646.5 18.6344 -20.4454 646.5 15.9099 -16.9099 646.5 19.4454 -20.9873 646.5 16.721 -17.7209 646.5 19.9874 -21.1776 646.5 17.6777 -18.6776 646.5 20.1777 -20.9873 646.5 18.6344 -19.6344 646.5 19.9874 -20.4454 646.5 19.4454 16.6777 644.9979 17.6777 18.4455 646.5 15.9099 17.6344 646.5 15.368 18.9874 646.5 16.721 16.6777 646.5 15.1777 19.1777 646.5 17.6777 15.721 646.5 15.368 18.9874 646.5 18.6344 14.9099 646.5 15.9099 18.4455 646.5 19.4454 14.368 646.5 16.721 17.6344 646.5 19.9874 14.1777 646.5 17.6777 16.6777 646.5 20.1777 14.368 646.5 18.6344 15.721 646.5 19.9874 14.9099 646.5 19.4454 24 644.9979 0 26.5 646.5 0 26.3097 646.5 -0.9567 26.3097 646.5 0.9567 25.7678 646.5 -1.7678 25.7678 646.5 1.7678 24.9567 646.5 -2.3097 24.9567 646.5 2.3097 24 646.5 -2.5 24 646.5 2.5 23.0433 646.5 -2.3097 23.0433 646.5 2.3097 22.2323 646.5 -1.7678 22.2323 646.5 1.7678 21.6903 646.5 -0.9567 21.6903 646.5 0.9567 21.5 646.5 0 16.6777 644.9979 -17.6777 18.9874 646.5 -18.6344 18.4455 646.5 -19.4454 19.1777 646.5 -17.6777 17.6344 646.5 -19.9874 18.9874 646.5 -16.721 16.6777 646.5 -20.1777 18.4455 646.5 -15.9099 15.721 646.5 -19.9874 17.6344 646.5 -15.368 14.9099 646.5 -19.4454 16.6777 646.5 -15.1777 14.368 646.5 -18.6344 15.721 646.5 -15.368 14.1777 646.5 -17.6777 14.9099 646.5 -15.9099 14.368 646.5 -16.721 -1 644.9979 -25 0.7678 646.5 -26.7678 -0.04329997 646.5 -27.3097 1.3097 646.5 -25.9567 -1 646.5 -27.5 1.5 646.5 -25 -1.9567 646.5 -27.3097 1.3097 646.5 -24.0433 -2.7677 646.5 -26.7678 0.7678 646.5 -23.2322 -3.3097 646.5 -25.9567 -0.04329997 646.5 -22.6903 -3.5 646.5 -25 -1 646.5 -22.5 -3.3097 646.5 -24.0433 -1.9567 646.5 -22.6903 -2.7677 646.5 -23.2322 -16.1776 646.5 -17.6777 -16.3679 646.5 -18.6344 -18.6776 644.9979 -17.6777 -16.9099 646.5 -19.4454 -16.3679 646.5 -16.721 -17.7209 646.5 -19.9874 -16.9099 646.5 -15.9099 -18.6776 646.5 -20.1777 -17.7209 646.5 -15.368 -19.6344 646.5 -19.9874 -18.6776 646.5 -15.1777 -20.4454 646.5 -19.4454 -19.6344 646.5 -15.368 -20.9873 646.5 -18.6344 -20.4454 646.5 -15.9099 -21.1776 646.5 -17.6777 -20.9873 646.5 -16.721 0.1481 653.5 22.2284 -1 653.5 22 -1 651.6974 25 -2.148 653.5 22.2284 1.1213 653.5 22.8787 -3.1213 653.5 22.8787 1.7717 653.5 23.8519 -3.7716 653.5 23.8519 2 653.5 25 -4 653.5 25 1.7717 653.5 26.1481 -3.7716 653.5 26.1481 1.1213 653.5 27.1213 -3.1213 653.5 27.1213 0.1481 653.5 27.7716 -2.148 653.5 27.7716 -1 653.5 28 -0.7309 640 31.7362 -6.9275 640 31.1789 -6.9275 629.5 31.1789 -12.8963 629.5 29.4234 -0.7309 629.5 31.7362 -12.8963 640 29.4234 5.4554 640 31.0739 -18.408 629.5 26.5372 5.4554 629.5 31.0739 -18.408 640 26.5372 11.3936 640 29.2175 -23.2506 629.5 22.6312 11.3936 629.5 29.2175 -23.2506 640 22.6312 16.8555 640 26.2382 -27.2382 629.5 17.8554 16.8555 629.5 26.2382 -27.2382 640 17.8554 21.6312 640 22.2506 -30.2175 629.5 12.3935 21.6312 629.5 22.2506 -30.2175 640 12.3935 25.5372 640 17.408 -32.0739 629.5 6.4553 25.5372 629.5 17.408 -32.0739 640 6.4553 28.4235 640 11.8963 -32.7362 629.5 0.2691 28.4235 629.5 11.8963 -32.7362 640 0.2691 30.179 640 5.9275 -32.1789 629.5 -5.9275 30.179 629.5 5.9275 -32.1789 640 -5.9275 30.7363 640 -0.2691 -30.4234 629.5 -11.8963 30.7363 629.5 -0.2691 -30.4234 640 -11.8963 30.074 640 -6.4553 -27.5372 629.5 -17.408 30.074 629.5 -6.4553 -27.5372 640 -17.408 28.2175 640 -12.3935 -23.6312 629.5 -22.2506 28.2175 629.5 -12.3935 -23.6312 640 -22.2506 25.2383 640 -17.8554 -18.8554 629.5 -26.2382 25.2383 629.5 -17.8554 -18.8554 640 -26.2382 21.2507 640 -22.6312 -13.3935 629.5 -29.2175 21.2507 629.5 -22.6312 -13.3935 640 -29.2175 16.408 640 -26.5372 -7.4553 629.5 -31.0739 16.408 629.5 -26.5372 -7.4553 640 -31.0739 10.8964 640 -29.4234 -1.2691 629.5 -31.7362 10.8964 629.5 -29.4234 -1.2691 640 -31.7362 6.9541 640 -30.7245 4.9275 629.5 -31.1789 6.9541 629.5 -30.7245 4.9275 640 -31.1789 9.2723 629.5 -54.0322 -1.4663 629.5 -54.998 4.9275 629.5 -31.1789 -1.2691 629.5 -31.7362 6.9541 629.5 -30.7245 -7.4553 629.5 -31.0739 19.616 629.5 -50.99 -12.1869 629.5 -53.8503 10.8964 629.5 -29.4234 -13.3935 629.5 -29.2175 29.1676 629.5 -45.9883 -22.4776 629.5 -50.6331 16.408 629.5 -26.5372 -18.8554 629.5 -26.2382 37.5598 629.5 -39.2192 -31.943 629.5 -45.4701 21.2507 629.5 -22.6312 -40.2192 629.5 -38.5597 44.4701 629.5 -30.943 -23.6312 629.5 -22.2506 25.2383 629.5 -17.8554 -46.9882 629.5 -30.1675 49.6331 629.5 -21.4777 -27.5372 629.5 -17.408 28.2175 629.5 -12.3935 -30.4234 629.5 -11.8963 52.8503 629.5 -11.1869 -51.99 629.5 -20.616 30.074 629.5 -6.4553 -55.0322 629.5 -10.2722 30.7363 629.5 -0.2691 -32.1789 629.5 -5.9275 53.998 629.5 -0.4663 -32.7362 629.5 0.2691 53.0322 629.5 10.2722 -55.998 629.5 0.4663 30.179 629.5 5.9275 -32.0739 629.5 6.4553 49.99 629.5 20.616 -54.8503 629.5 11.1869 28.4235 629.5 11.8963 -30.2175 629.5 12.3935 44.9883 629.5 30.1675 -51.6331 629.5 21.4777 25.5372 629.5 17.408 -27.2382 629.5 17.8554 21.6312 629.5 22.2506 -46.4701 629.5 30.943 38.2192 629.5 38.5597 -23.2506 629.5 22.6312 29.943 629.5 45.4701 -39.5597 629.5 39.2192 16.8555 629.5 26.2382 -18.408 629.5 26.5372 11.3936 629.5 29.2175 -31.1675 629.5 45.9883 20.4777 629.5 50.6331 -12.8963 629.5 29.4234 10.187 629.5 53.8503 -21.616 629.5 50.99 5.4554 629.5 31.0739 -11.2722 629.5 54.0322 -0.5337 629.5 54.998 -6.9275 629.5 31.1789 -0.7309 629.5 31.7362 -22.4776 629.5 -50.6331 -22.3842 629.3003 -50.6623 -22.4776 629.3003 -50.6331 -12.1869 629.5 -53.8503 -31.857 629.3003 -45.517 -12.1869 629.3003 -53.8503 -31.943 629.5 -45.4701 -12.0896 629.3003 -53.8607 -31.943 629.3003 -45.4701 -1.4663 629.5 -54.998 -40.1441 629.3003 -38.6225 -1.4663 629.3003 -54.998 -40.2192 629.5 -38.5597 -1.3688 629.3003 -54.9893 -40.2192 629.3003 -38.5597 9.2723 629.5 -54.0322 -40.2806 629.3003 -38.4836 9.2723 629.3003 -54.0322 -46.9882 629.3003 -30.1675 9.3661 629.3003 -54.0046 -46.9882 629.5 -30.1675 19.616 629.5 -50.99 -51.9446 629.3003 -20.7027 19.616 629.3003 -50.99 -51.99 629.5 -20.616 19.7027 629.3003 -50.9446 -51.99 629.3003 -20.616 29.1676 629.5 -45.9883 -55.0046 629.3003 -10.3661 29.1676 629.3003 -45.9883 -55.0322 629.5 -10.2722 29.2437 629.3003 -45.9268 -55.0322 629.3003 -10.2722 37.5598 629.5 -39.2192 -55.9892 629.3003 0.3688 37.5598 629.3003 -39.2192 -55.998 629.5 0.4663 37.6225 629.3003 -39.1441 -55.998 629.3003 0.4663 44.4701 629.5 -30.943 -54.8607 629.3003 11.0896 44.4701 629.3003 -30.943 -54.8503 629.5 11.1869 44.517 629.3003 -30.8571 -54.8503 629.3003 11.1869 49.6331 629.5 -21.4777 -51.6623 629.3003 21.3842 49.6331 629.3003 -21.4777 -51.6331 629.5 21.4777 49.6623 629.3003 -21.3842 -51.6331 629.3003 21.4777 52.8503 629.5 -11.1869 -46.517 629.3003 30.8571 52.8503 629.3003 -11.1869 -46.4701 629.5 30.943 52.8607 629.3003 -11.0896 -46.4701 629.3003 30.943 53.998 629.5 -0.4663 -39.6224 629.3003 39.1441 53.998 629.3003 -0.4663 -39.5597 629.5 39.2192 53.9893 629.3003 -0.3688 -39.5597 629.3003 39.2192 53.0322 629.5 10.2722 -31.2437 629.3003 45.9268 53.0322 629.3003 10.2722 -31.1675 629.5 45.9883 53.0046 629.3003 10.3661 -31.1675 629.3003 45.9883 49.99 629.5 20.616 -21.7027 629.3003 50.9446 49.99 629.3003 20.616 -21.616 629.5 50.99 49.9446 629.3003 20.7027 -21.616 629.3003 50.99 44.9883 629.5 30.1675 -11.3661 629.3003 54.0046 44.9883 629.3003 30.1675 -11.2722 629.5 54.0322 44.9268 629.3003 30.2437 -11.2722 629.3003 54.0322 38.2192 629.5 38.5597 -0.6311 629.3003 54.9893 38.2192 629.3003 38.5597 -0.5337 629.5 54.998 38.1441 629.3003 38.6225 -0.5337 629.3003 54.998 29.943 629.5 45.4701 10.0896 629.3003 53.8607 29.943 629.3003 45.4701 10.187 629.5 53.8503 29.8571 629.3003 45.517 10.187 629.3003 53.8503 20.4777 629.5 50.6331 20.3843 629.3003 50.6623 20.4777 629.3003 50.6331 33.7468 653 -5.7513 33.7296 653 -4.3858 34.2362 653 -3.1176 34.2853 653 -7.0063 40.1051 653 -6.9329 39.0783 653 -2.0908 35.263 653 -7.9597 40.0561 653 -3.0442 37.8101 653 -1.5842 37.8967 653 -8.4491 40.5945 653 -4.2992 36.4446 653 -1.6014 39.1517 653 -7.9107 36.5312 653 -8.4663 40.6117 653 -5.6647 35.1896 653 -2.1399 34.323 653 -22.1354 33.068 653 -22.6739 29.4566 653 -21.231 31.7025 653 -22.6911 35.2764 653 -21.1577 30.4343 653 -22.1844 28.9181 653 -19.976 28.9009 653 -18.6105 35.7659 653 -18.524 29.4076 653 -17.3423 35.7831 653 -19.8895 30.361 653 -16.3646 34.2497 653 -16.3156 32.9815 653 -15.8089 35.2274 653 -17.269 31.616 653 -15.8261 32.7643 653 9.2385 32.7471 653 10.604 33.2537 653 11.8722 33.3028 653 7.9835 38.0958 653 12.899 36.8277 653 13.4056 39.612 653 10.6906 35.4621 653 13.3884 39.0736 653 11.9456 39.1226 653 8.0569 34.2071 653 12.8499 39.6293 653 9.325001 34.2805 653 7.0301 35.5487 653 6.5235 36.9142 653 6.5407 38.1692 653 7.0791 27.6365 653 20.5029 26.6587 653 21.4563 26.1203 653 22.7113 30.2702 653 20.0134 31.5252 653 20.5519 28.9046 653 19.9962 31.4518 653 26.3717 32.968 653 24.1633 27.5631 653 26.3227 32.4295 653 25.4183 32.9852 653 22.7978 28.8181 653 26.8612 26.103 653 24.0768 32.4786 653 21.5297 30.1836 653 26.8784 26.6097 653 25.345 20.231 653 30.4566 18.9761 653 29.9181 21.1844 653 31.4343 17.6105 653 29.9009 16.3424 653 30.4076 21.6911 653 32.7025 18.8895 653 36.7831 21.6739 653 34.068 14.8262 653 32.6159 21.1354 653 35.323 15.3646 653 31.361 14.8089 653 33.9815 20.1577 653 36.2764 15.3156 653 35.2496 16.269 653 36.2274 17.524 653 36.7658 4.6648 653 41.6117 5.9329 653 41.105 7.4492 653 38.8967 6.9107 653 40.1517 7.4664 653 37.5311 6.0063 653 35.2852 6.9597 653 36.263 4.7513 653 34.7468 2.0443 653 41.056 3.3858 653 34.7295 3.2993 653 41.5945 2.1176 653 35.2362 1.1399 653 36.1896 0.5842 653 38.8101 0.6014 653 37.4446 1.0909 653 40.0783 -10.2385 653 33.7643 -11.604 653 33.7471 -12.8722 653 34.2537 -14.4056 653 37.8276 -14.3884 653 36.4621 -13.8989 653 39.0958 -13.8499 653 35.2071 -8.9835 653 34.3027 -11.6905 653 40.612 -8.0301 653 35.2805 -12.9455 653 40.0735 -9.0569 653 40.1226 -10.325 653 40.6292 -7.5234 653 36.5487 -7.5406 653 37.9142 -8.0791 653 39.1692 -21.5029 653 28.6364 -22.4563 653 27.6587 -23.7113 653 27.1202 -26.3449 653 27.6097 -25.0768 653 27.103 -22.5296 653 33.4785 -21.5519 653 32.5251 -27.3717 653 32.4518 -21.0134 653 31.2701 -27.8612 653 29.8181 -25.1633 653 33.968 -20.9962 653 29.9046 -27.3227 653 28.5631 -27.8784 653 31.1836 -26.4183 653 33.4295 -23.7978 653 33.9852 -31.4075 653 17.3423 -32.3609 653 16.3646 -33.6159 653 15.8261 -37.783 653 19.8895 -34.9814 653 15.8089 -33.7025 653 22.6911 -37.2274 653 17.269 -35.068 653 22.6739 -30.9009 653 18.6105 -37.7658 653 18.524 -36.2496 653 16.3156 -36.323 653 22.1354 -30.9181 653 19.976 -37.2764 653 21.1577 -32.4343 653 22.1844 -31.4566 653 21.231 18.9963 653 -29.9046 19.5029 653 -28.6364 19.0135 653 -31.2701 20.4563 653 -27.6587 21.7113 653 -27.1202 19.5519 653 -32.5251 23.0768 653 -27.103 25.3718 653 -32.4518 24.345 653 -27.6097 21.7978 653 -33.9852 25.3227 653 -28.5631 23.1634 653 -33.968 20.5297 653 -33.4785 25.8612 653 -29.8181 24.4184 653 -33.4295 25.8784 653 -31.1836 6.0301 653 -35.2805 6.9835 653 -34.3027 8.2385 653 -33.7643 10.8722 653 -34.2537 9.604001 653 -33.7471 5.5235 653 -36.5487 10.9456 653 -40.0735 5.5407 653 -37.9142 11.85 653 -35.2071 6.0792 653 -39.1692 12.3884 653 -36.4621 7.0569 653 -40.1226 12.4056 653 -37.8276 8.3251 653 -40.6292 11.899 653 -39.0958 9.6906 653 -40.612 -6.7513 653 -34.7468 -5.3857 653 -34.7295 -4.1176 653 -35.2362 -3.1398 653 -36.1896 -3.0908 653 -40.0783 -4.0442 653 -41.056 -2.5842 653 -38.8101 -6.6647 653 -41.6117 -2.6014 653 -37.4446 -7.9329 653 -41.105 -5.2992 653 -41.5945 -8.0063 653 -35.2852 -8.9597 653 -36.263 -9.4491 653 -38.8967 -9.4663 653 -37.5311 -8.9106 653 -40.1517 -35.3027 653 -7.9835 -34.7643 653 -9.2385 -35.2537 653 -11.8722 -34.747 653 -10.604 -36.2805 653 -7.0301 -38.9142 653 -6.5407 -37.5486 653 -6.5235 -41.1225 653 -8.0569 -40.0958 653 -12.899 -40.1691 653 -7.0791 -37.4621 653 -13.3884 -41.0735 653 -11.9456 -38.8276 653 -13.4056 -36.2071 653 -12.8499 -41.612 653 -10.6906 -41.6292 653 -9.325001 -28.6587 653 -21.4563 -28.1202 653 -22.7113 -28.103 653 -24.0768 -29.6364 653 -20.5029 -32.2701 653 -20.0134 -30.9046 653 -19.9962 -28.6097 653 -25.345 -33.4517 653 -26.3717 -29.5631 653 -26.3227 -33.5251 653 -20.5519 -30.818 653 -26.8612 -34.9679 653 -24.1633 -32.1836 653 -26.8784 -34.9852 653 -22.7978 -34.4295 653 -25.4183 -34.4785 653 -21.5297 -22.231 653 -30.4566 -22.1576 653 -36.2764 -23.1354 653 -35.323 -20.976 653 -29.9181 -23.6911 653 -32.7025 -19.6105 653 -29.9009 -23.1844 653 -31.4343 -23.6738 653 -34.068 -19.5239 653 -36.7658 -20.8895 653 -36.7831 -18.3423 653 -30.4076 -16.8261 653 -32.6159 -17.3646 653 -31.361 -18.269 653 -36.2274 -17.3156 653 -35.2496 -16.8089 653 -33.9815 -35.7467 653 5.7513 -35.7295 653 4.3858 -36.2852 653 7.0063 -36.2362 653 3.1176 -38.5311 653 8.4663 -37.1896 653 2.1399 -37.2629 653 7.9597 -42.5945 653 4.2992 -39.8966 653 8.4491 -38.4446 653 1.6014 -41.1516 653 7.9107 -39.8101 653 1.5842 -42.105 653 6.9329 -41.0783 653 2.0908 -42.6117 653 5.6647 -42.056 653 3.0442</float_array>
          <technique_common>
            <accessor source="#Mesh1_006-mesh-positions-array" count="2854" stride="3">
              <param name="X" type="float"/>
              <param name="Y" type="float"/>
              <param name="Z" type="float"/>
            </accessor>
          </technique_common>
        </source>
        <source id="Mesh1_006-mesh-normals">
          <float_array id="Mesh1_006-mesh-normals-array" count="7911">0.3826631 0.7280281 -0.5688093 0.2580692 0.7617443 -0.5942608 0.1299113 0.7813289 -0.6104493 -0.1296652 0.781352 -0.6104719 -0.2585515 0.7616421 -0.5941823 -0.3833419 0.7278065 -0.5686358 0.9953342 5.86021e-4 -0.09648722 0.995185 -5.94864e-4 0.09801399 0.9950494 5.19582e-4 0.09937977 0.9569394 -5.13013e-4 0.2902873 0.9951849 -6.60403e-4 -0.09801316 0.9574395 6.63461e-4 -0.2886332 0.9385485 0.1977906 -0.282853 0.9688422 0.2289002 -0.09460246 0.9050864 0.4175133 -0.08063071 0.9066317 0.4182248 0.05573982 0.843462 0.5312646 -0.07955998 0.9591734 -0.2661063 0.09578049 0.7218337 0.6587498 -0.2121438 0.5893439 0.7891004 -0.1731895 0.5891727 0.7892927 -0.1728946 0.6117494 0.7891064 -0.0554437 0.6115449 0.7892812 -0.05520957 0.6108626 0.7891136 0.06439608 0.5794867 0.8126891 0.06108665 0.9321606 0.2267506 -0.2822425 0.6106324 0.7892764 0.06458336 0.5867062 0.7891315 0.1817888 0.5206859 0.8383637 0.1613467 0.3095278 0.9504801 -0.02793258 0.2929492 0.9556577 0.02998918 0.2922242 0.955954 -0.02751344 0 1 0 0 1 -7.38646e-5 0 1 1.09144e-4 0 1 -5.75107e-5 0 1 4.18672e-6 0.9565971 4.43758e-4 0.2914136 0.8819244 -4.44206e-4 0.4713909 0.2991926 0.9501468 -0.08777856 0.3080525 0.9508119 0.03256577 0.28246 0.955345 0.08678829 0.2948449 0.9511651 0.09138709 0.280422 0.9562295 -0.08359867 0 1 5.89446e-6 0 1 -1.24729e-4 0 1 1.23967e-4 0 1 -9.15584e-6 0 1 8.02729e-5 0.9569398 -7.37762e-4 -0.2902858 0.8828144 7.3306e-4 -0.4697213 0.8119023 0.5295434 -0.245761 0.6642436 0.6621625 -0.3468738 0.5445047 0.7890888 -0.2843479 0.8792257 -0.3940089 0.2678041 0.8649636 0.2000993 -0.4602156 0.8598406 0.2244217 -0.4585947 0.5864957 0.7892592 0.181914 0.5402318 0.7891359 0.2922574 0.5369619 0.7920203 0.2904751 0 1 8.59235e-6 0 1 2.92817e-6 0 1 2.78968e-6 0 1 1.14568e-5 0 1 -2.18892e-5 0 1 -8.77295e-6 0 1 1.80308e-5 0 1 -1.94277e-5 0.1874851 0.98062 -0.05686837 0.1949787 0.9806193 -0.01921367 0.194989 0.9806174 -0.01921039 0 1 -1.13335e-5 0 1 1.75454e-5 0.1874792 0.9806219 -0.05685341 0.5334967 0.8301725 -0.1618486 0.5548152 0.830177 -0.0546475 0.5334616 0.8302031 -0.1618075 0.7968021 0.5537911 -0.2417064 0.8286462 0.5537897 -0.08162373 0.7968383 0.5537376 -0.2417097 0.9387319 0.194193 -0.2847308 0.9387226 0.1941277 -0.2848057 0 1 4.04089e-5 0 1 -1.20365e-5 0 1 -3.70728e-5 0.9569382 0 -0.290292 0.9951857 0 -0.09800738 0.9762369 0.1942057 -0.09615486 0.1949895 0.9806174 0.01919871 0.1949785 0.9806192 0.01921707 0 1 -4.50768e-6 0.1727798 0.980621 -0.09235531 0.1728016 0.9806187 -0.09233987 0.5547688 0.8302089 -0.05463325 0.5547717 0.8302065 0.05464321 0.4916512 0.8301994 -0.2627704 0.4916104 0.8302224 -0.2627741 0.8286864 0.5537322 -0.08160763 0.8286848 0.5537316 0.08162754 0.7343735 0.5537508 -0.3924993 0.7343581 0.553724 -0.3925659 0.865155 0.1941636 -0.4623931 0.865125 0.1941924 -0.4624372 0.8819253 0 -0.4713892 0.9762372 0.1942058 0.09615069 0.9762546 0.1941182 -0.09615129 0 1 -5.47198e-5 0.9951856 0 -0.09800881 0 1 5.80086e-5 0 1 1.23505e-5 0.9569367 0 -0.290297 0 1 -5.89687e-6 0 1 -1.71852e-5 0 1 4.45381e-5 0 1 -3.60626e-5 0.4788838 0.7893157 -0.384254 0.2774378 0.9497997 -0.1445986 0.2448658 0.9494448 -0.1964567 0.7583123 0.1941524 -0.6223081 0.6436771 0.5537289 -0.5282651 0.6436654 0.5537334 -0.5282747 0.7730118 0 -0.6343918 0 1 -4.04087e-5 0.1514595 0.9806156 -0.1243113 0.1514493 0.9806202 -0.1242876 0.1242918 0.9806203 -0.151445 0.4308977 0.8302254 -0.3536285 0.1242916 0.9806169 -0.1514663 0.353654 0.8301952 -0.4309348 0.2579603 0.9565075 -0.1361985 0.4309381 0.8302078 -0.3536206 0.3536615 0.8301743 -0.4309689 0.2258315 0.9568006 -0.1831197 0.2027318 0.9490878 -0.2411062 0.1852896 0.9570587 -0.2229495 0 1 2.10809e-5 0.4789317 0.7890789 -0.3846806 0.5282747 0.5537733 -0.6436311 0.5282366 0.5537103 -0.6437166 0.6223357 0.1942055 -0.7582761 0.6223126 0.1941345 -0.7583133 0.7583057 0.1941473 -0.6223177 0.6343874 0 -0.7730153 0.8819228 0 -0.4713939 0.7730121 0 -0.6343914 0 1 2.46119e-5 0.6343933 0 -0.7730104 0.751169 0.524627 -0.4006393 0 1 -6.56411e-6 0 1 1.5148e-5 0.8819243 -8.02095e-4 -0.4713906 0.7743343 8.1424e-4 -0.6327763 0.09235572 0.9806245 -0.1727603 0 1 -3.60628e-5 0.0923646 0.9806129 -0.1728214 0 1 5.57343e-6 0 1 3.28352e-5 0.3925319 0.5537402 -0.7343641 0.3925056 0.5537253 -0.7343893 0.4624278 0.1942068 -0.8651268 0.462409 0.1941464 -0.8651504 0.4713991 0 -0.88192 0 1 3.90633e-5 0 1 -3.20984e-5 0 1 3.70697e-5 0.05687791 0.9806101 -0.1875334 0.2628036 0.8301946 -0.4916413 0.05687433 0.9806302 -0.1874297 0.1618193 0.8302055 -0.5334541 0.2627823 0.8302192 -0.4916112 0.1618154 0.8301959 -0.5334703 0.2417256 0.5537683 -0.7968121 0.2417129 0.5537257 -0.7968455 0.284765 0.1941736 -0.9387255 0.2847487 0.1941792 -0.9387294 0.2902768 0 -0.9569428 0.471395 0 -0.8819223 0 1 1.68541e-4 0.2902806 0 -0.9569417 0 1 -9.21743e-6 0.01920342 0.98062 -0.1949763 0.01920634 0.980616 -0.1949961 0 1 3.68635e-4 0 1 4.99721e-6 0.05464136 0.8301762 -0.554817 0.05464464 0.8302062 -0.5547717 0.08162534 0.5537349 -0.8286826 0.081622 0.5537083 -0.8287008 0.09617042 0.1942141 -0.9762337 0.09615105 0.194193 -0.9762398 0.09802198 0 -0.9951843 0 1 -1.06037e-5 0.1525774 0.9487532 -0.2767444 0.1379565 0.9573495 -0.25387 0.09626334 0.9484536 -0.3019425 0.2964078 0.7893397 -0.5376665 0.2962628 0.7890568 -0.5381614 0 1 4.40666e-5 0 1 8.96556e-5 0 1 -1.16058e-5 0 0.9999999 -6.22302e-4 0 0.9999998 -7.97622e-4 0 0.9999995 0.001030147 0 1 -1.45236e-4 0 1 -1.18668e-5 0 1 1.17286e-5 0 1 -4.63472e-5 0 1 -4.08257e-5 0 1 4.45135e-5 0 1 -4.88326e-5 0 1 1.75459e-5 0 1 4.17542e-5 0 1 -8.7557e-5 0 1 4.53406e-5 0 1 2.09199e-5 0 1 -1.30217e-5 0 1 2.25384e-5 0 1 -3.99797e-5 0 1 7.77168e-5 -0.05464261 0.8301713 -0.5548243 -0.01920431 0.9806003 -0.1950749 -0.05687367 0.9806159 -0.1875045 -0.0546481 0.8302572 -0.554695 -0.01920562 0.9806422 -0.1948645 -0.05687469 0.9806055 -0.1875586 -0.08162665 0.5537307 -0.8286854 -0.08162063 0.5536949 -0.8287099 -0.1618189 0.8302089 -0.533449 -0.1618121 0.8301602 -0.5335269 0 1 1.71847e-5 -0.09616386 0.1942138 -0.9762344 -0.09615123 0.1941854 -0.9762414 -0.09802347 0 -0.9951841 -0.2417228 0.5537346 -0.7968363 -0.2417119 0.5537347 -0.7968395 -0.01346415 0.9919338 -0.1260398 -0.03942048 0.9488393 -0.3132894 -0.2847788 0.1942231 -0.9387111 -0.28475 0.1941898 -0.9387267 -0.2902774 0 -0.9569426 -0.04703372 0.9088737 -0.4144111 -0.06924933 0.789356 -0.6100178 -0.1861165 0.7890454 -0.585464 -0.1863723 0.7893462 -0.5849771 -0.0962637 0.9484496 -0.3019549 0 1 1.06099e-5 0 1 3.30649e-5 0 1 -1.09661e-4 -0.2627896 0.8301808 -0.4916721 -0.262801 0.8301932 -0.4916452 -0.3925298 0.5537466 -0.7343603 -0.3925305 0.5537351 -0.7343686 -0.09235745 0.9806159 -0.1728079 -0.1242906 0.9806207 -0.151443 -0.1242898 0.9806174 -0.1514645 -0.09236085 0.9806278 -0.1727389 0 1 -7.31429e-5 0 1 1.09867e-4 -0.3536617 0.8301875 -0.4309433 -0.3536483 0.8301877 -0.4309536 -0.5282696 0.553752 -0.6436536 -0.4624385 0.1942 -0.8651226 -0.4624053 0.1941951 -0.8651415 -0.471395 0 -0.8819223 -0.5282145 0.5537627 -0.6436897 -0.6223357 0.1942055 -0.7582761 -0.6223226 0.1941365 -0.7583044 -0.6343874 0 -0.7730153 -0.09802418 0 -0.9951841 -0.4713991 0 -0.88192 -0.2902799 0 -0.9569418 -0.6343933 0 -0.7730104 -0.4309285 0.8301919 -0.3536698 -0.4309343 0.830218 -0.353601 -0.1514503 0.980618 -0.1243035 -0.6436716 0.5538024 -0.5281949 -0.6436467 0.5537698 -0.5282594 0 1 -1.35808e-4 0 1 1.03322e-6 -0.7583135 0.1941503 -0.6223074 -0.7582895 0.1940854 -0.6223568 -0.7730063 0 -0.6343985 -0.1379505 0.9573103 -0.254021 0 1 1.18638e-5 0 1 1.1096e-5 0 1 -4.71857e-5 0 1 -3.16389e-5 0 1 -1.15922e-5 0 1 4.37209e-5 -0.7730065 0 -0.6343982 -0.1525796 0.9487678 -0.2766935 -0.08564305 0.9575662 -0.2751951 0 1 4.72224e-5 -0.2964044 0.7893368 -0.5376727 -0.395117 0.7890701 -0.4703732 -0.39516 0.7893203 -0.4699171 -0.1852954 0.9570939 -0.2227939 -0.2027307 0.9490883 -0.241105 -0.2258316 0.9567967 -0.1831402 0 1 -7.22878e-6 -0.3948983 0.7893102 -0.4701539 -0.3949607 0.7892695 -0.4701699 -0.4789326 0.7890805 -0.3846759 -0.4788838 0.7893157 -0.384254 -0.2962597 0.7890545 -0.5381667 -0.3004005 0.7823507 -0.545607 -0.3725088 0.658822 -0.6535983 -0.5174974 0.5448034 -0.6598377 -0.372343 0.8154132 -0.4432406 -0.4835057 0.2154766 -0.8484056 -0.4575119 -0.2586618 -0.8507508 -0.473557 9.52083e-4 -0.8807627 -0.6343956 -9.54884e-4 -0.773008 -0.636146 8.8108e-4 -0.7715682 -0.61496 -0.256666 -0.7456184 -0.6030477 0.2120991 -0.7689912 -0.335305 0.3791132 -0.8624637 -0.3183594 0.4777171 -0.8188002 -0.7730112 -8.80675e-4 -0.6343919 -0.7743294 8.09186e-4 -0.6327824 -0.7116901 -0.3941652 -0.5814904 0 1 2.74178e-5 -0.1655839 0.8374562 -0.5208157 -0.2448658 0.9494448 -0.1964567 -0.2579603 0.9565075 -0.1361985 0 1 -2.92629e-5 -0.5445066 0.7890871 -0.2843489 -0.5443878 0.7893036 -0.2839753 0 1 1.15854e-5 0 1 -1.09301e-5 0 1 2.28612e-5 -0.4713999 -0.00102806 -0.881919 0 1 -7.40503e-6 0 1 -6.87905e-6 0 1 6.7395e-6 0 1 -2.19743e-4 0 1 9.69653e-5 -0.1727876 0.9806208 -0.09234392 -0.8819202 -8.08605e-4 -0.4713982 -0.8828179 7.39418e-4 -0.469715 -0.8525205 -0.2599092 -0.4534931 -0.4254592 0.8379931 -0.3416902 -0.06888121 0.7890369 -0.6104723 -0.08539158 0.6482367 -0.7566356 -0.05418044 0.8395544 -0.5405674 -0.1514502 0.9806199 -0.1242886 -0.1727928 0.9806177 -0.09236729 -0.4916487 0.8302062 -0.2627531 -0.1874935 0.9806172 -0.05688643 -0.1874851 0.9806206 -0.0568552 -0.5334644 0.8301982 -0.1618228 -0.7343462 0.5537914 -0.3924933 -0.5334616 0.8302031 -0.1618075 -0.7968345 0.5537366 -0.2417244 -0.7968382 0.5537377 -0.2417097 -0.9387319 0.194193 -0.2847308 -0.865125 0.1941924 -0.4624372 -0.9387193 0.1942076 -0.2847625 -0.9569429 0 -0.2902765 -0.9569413 0 -0.2902815 0 1 6.79068e-5 0 1 -6.61214e-5 -0.1949786 0.9806194 -0.01920932 -0.1949719 0.9806213 -0.01918095 -0.4916412 0.8301886 -0.2628234 -0.5547759 0.8302037 -0.05464196 -0.5548113 0.8301792 -0.05465537 0 1 5.48317e-5 0 1 -3.03016e-5 0 1 1.09872e-4 -0.8286837 0.5537334 -0.08162486 -0.7343612 0.5537428 -0.3925338 -0.8286493 0.5537877 -0.08160728 -0.8651438 0.1940887 -0.4624457 -0.8819253 0 -0.4713892 -0.9762404 0.1941989 -0.09613311 -0.9762513 0.1941241 -0.09617316 0 1 -9.4004e-5 0 1 4.21516e-5 0 1 2.95593e-6 0 1 7.23695e-6 0 1 -1.09297e-5 0 1 1.09875e-5 -0.9951841 0 -0.09802418 -0.8819228 0 -0.4713939 -0.5548112 0.8301804 0.05463743 -0.5547751 0.8302034 0.05465179 -0.8286478 0.5537887 0.08161514 -0.8286854 0.5537319 0.0816192 -0.1949719 0.9806212 0.01918894 -0.9762539 0.1941261 0.09614282 -0.9762377 0.1941974 0.09616339 0 1 -6.79031e-5 0 1 3.30628e-5 -0.5334609 0.8302008 0.1618217 -0.5334652 0.8302005 0.1618086 -0.1949785 0.9806194 0.01920932 0 1 3.03019e-5 0 1 2.19735e-4 0 1 -1.34789e-5 -0.1874935 0.9806172 0.05688643 -0.9387296 0.194205 0.28473 -0.9387215 0.1941955 0.2847632 -0.9569429 0 0.2902765 -0.9951841 0 0.09802418 -0.1874851 0.9806206 0.0568552 -0.1727931 0.9806151 0.09239339 -0.1727866 0.9806221 0.09233188 0 1 8.35649e-6 0 1 -8.08252e-5 0 1 2.40729e-5 -0.7968421 0.553739 0.2416939 -0.4916508 0.8301996 0.2627701 -0.4916407 0.8301993 0.2627903 -0.734374 0.55375 0.3924996 -0.7968299 0.553736 0.2417408 -0.7343299 0.5537839 0.3925341 -0.8651254 0.1941935 0.4624358 -0.8651434 0.1940867 0.4624471 -0.8819251 0 0.4713895 -0.881923 0 0.4713936 -0.9569413 0 0.2902815 0 1 1.07873e-5 0 1 -2.48765e-5 0 1 5.75496e-6 0 1 -8.41027e-5 0 1 7.22891e-6 0 1 -4.33278e-6 0 1 -9.47051e-5 -0.2929505 0.9556565 0.03000992 -0.3080111 0.9508254 0.03256142 -0.6106387 0.7892721 0.06457477 -0.5867114 0.7891262 0.1817958 -0.5864942 0.7892598 0.1819166 -0.2948841 0.9511487 0.09143143 0 1 1.81316e-4 -0.3013327 0.9535183 0.001246273 -0.3011907 0.9535638 5.04865e-4 -0.3010729 0.95318 -0.02834117 -0.4309234 0.8302031 0.3536496 -0.4309395 0.8302065 0.3536219 -0.6436761 0.5537939 0.5281984 -0.6436309 0.5537683 0.5282801 -0.7730063 0 0.6343985 -0.1514502 0.9806199 0.1242886 0 1 1.80313e-5 -0.7583222 0.1940922 0.6223149 -0.5282624 0.5538216 0.6435997 -0.5282372 0.5537089 0.6437174 -0.6223357 0.1942055 0.7582761 -0.6223224 0.1941385 0.7583041 -0.758281 0.1941422 0.6223495 -0.6343874 0 0.7730153 -0.3536517 0.8301978 0.4309319 -0.1514503 0.980618 0.1243035 0 1 -7.41448e-5 0 1 9.0676e-5 -0.1242905 0.9806207 0.151443 -0.7730065 0 0.6343982 -0.6343933 0 0.7730104 0 1 -4.37784e-5 0 1 4.9397e-5 0 1 1.20182e-5 0 1 -5.97749e-5 -0.3925524 0.553762 0.7343367 -0.3925074 0.5537194 0.7343928 -0.462428 0.1941958 0.8651292 -0.4624035 0.1941944 0.8651425 -0.4713944 0 0.8819226 -0.3536585 0.8301775 0.4309651 -0.2627955 0.8301683 0.4916903 -0.1242898 0.9806174 0.1514645 -0.09235745 0.9806159 0.1728079 0 1 3.9979e-5 0 1 2.2539e-5 -0.4713997 0 0.8819198 0 1 1.47686e-5 0 1 -1.23492e-5 0 1 2.40989e-5 0 1 -1.50315e-5 0 1 -5.87995e-6 0 1 1.11958e-5 0 1 -2.46273e-5 -0.09236085 0.9806278 0.1727389 0 1 -7.48723e-5 0 1 -1.6048e-5 0 1 -3.70694e-5 -0.0568763 0.9806083 0.1875438 -0.2627936 0.8302032 0.4916322 -0.05687296 0.9806311 0.1874251 -0.1618196 0.8301817 0.5334911 -0.1618136 0.8302001 0.5334643 0 1 -1.69409e-4 -0.1408007 0.9541075 0.2642992 -0.1930702 0.9521818 0.2367992 -0.3879799 0.7892296 0.4760128 -0.2882862 0.7891693 0.5423127 -0.2881933 0.7892182 0.5422908 -0.1429178 0.9524779 0.2689987 -0.1774728 0.7891767 0.5879657 -0.1774265 0.7892038 0.5879432 -0.08769273 0.9528909 0.2903599 0 1 -1.20805e-5 -0.1888837 0.9544318 0.2310476 -0.2361754 0.9518247 0.1955782 -0.4730093 0.7892381 0.391619 -0.01920431 0.9806003 0.1950749 -0.01920562 0.9806422 0.1948645 -0.2417245 0.5537742 0.7968084 -0.2417078 0.5536888 0.7968727 -0.05464583 0.8302313 0.5547342 -0.05464524 0.8302022 0.5547778 -0.08162611 0.5537234 0.8286904 -0.2847746 0.1942047 0.9387162 -0.2847392 0.1941981 0.9387282 -0.2902768 0 0.9569428 -0.081622 0.5537081 0.8287009 0 1 9.16528e-5 0 1 1.17118e-5 -0.09616392 0.1942093 0.9762352 -0.09615111 0.1941899 0.9762404 -0.3881188 0.789158 0.4760185 -0.3748348 0.8050471 0.4597804 -0.09802347 0 0.9951841 0.09616386 0.1942138 0.9762344 0.09615528 0.1941885 0.9762402 0.09802198 0 0.9951843 0.08162629 0.5537368 0.8286814 -0.09802418 0 0.9951841 -0.2902806 0 0.9569417 0.05464202 0.8301753 0.5548183 0 1 -1.01024e-5 0 1 -6.41973e-5 0 1 7.41375e-5 0 1 -9.06802e-5 0.0980224 0 0.9951843 0.2847688 0.1941918 0.9387206 0.2847477 0.1941628 0.938733 0.2902774 0 0.9569426 0.08162266 0.553717 0.8286949 0.2417265 0.5537596 0.7968178 0.054645 0.8302224 0.5547475 0.1618149 0.8301887 0.5334818 0.01920539 0.9806363 0.1948941 0.01920431 0.9806004 0.195075 0 1 -1.94295e-5 0 1 1.99908e-5 0.05687791 0.9806101 0.1875334 0.2902799 0 0.9569418 0.4624368 0.1941618 0.865132 0.4624054 0.1941941 0.8651416 0.4713997 0 0.8819198 0.241712 0.5537346 0.7968397 0.3925281 0.5537523 0.734357 -0.05991905 0.7891914 0.6112175 -0.02947181 0.9534693 0.3000462 -0.05990374 0.7891892 0.6112217 0.1618217 0.8302226 0.533427 0.262789 0.8302198 0.4916069 0.09236198 0.9806137 0.1728185 0.05687433 0.9806302 0.1874297 -0.08698308 0.9537539 0.2877283 -0.02950686 0.9531675 0.3010005 0 1 -2.11887e-5 0 1 -3.38139e-5 0 1 7.40722e-5 0 1 -6.98954e-6 0 1 -3.43716e-5 0 1 9.36942e-5 0 1 -8.90772e-5 0 1 1.75457e-5 0.02950686 0.9531674 0.3010005 0.4713944 0 0.8819226 0 1 4.53352e-5 0 1 1.85359e-5 0 1 1.05596e-5 0 1 1.12521e-5 0 1 -2.11484e-5 0.05990374 0.7891892 0.6112218 0.05991864 0.7891945 0.6112135 0.1774247 0.7891995 0.5879497 0.08769237 0.9528869 0.2903731 0.2627985 0.8301967 0.4916405 0.09235835 0.9806268 0.1727456 0.1242916 0.9806169 0.1514663 0 1 -7.77118e-5 0 1 7.99574e-5 0.3536635 0.8301857 0.4309454 0.3536517 0.8301844 0.4309577 0.5282717 0.553747 0.6436562 0.3925095 0.5537129 0.7343966 0.5282527 0.5537502 0.643669 0.6223357 0.1942055 0.7582761 0.6343878 0 0.773015 0.6223224 0.1941385 0.7583041 0 1 3.82651e-5 0.0869863 0.9537504 0.287739 0.1429343 0.9525145 0.2688606 0.1774734 0.7891831 0.5879569 0.02947169 0.9534652 0.3000594 0 1 -1.11768e-5 0 1 8.01976e-5 0 1 -9.36963e-5 0 1 1.09452e-5 0 1 -3.34032e-5 0.6343929 0 0.7730109 0.430925 0.830195 0.3536669 0.4309099 0.8302391 0.3535811 0.6436727 0.5537375 0.5282616 0.6436699 0.5537247 0.5282784 0.1242918 0.9806203 0.151445 0.7583155 0.1941506 0.6223048 0.7583123 0.1941524 0.6223081 0 1 4.04074e-5 0 1 7.41472e-5 0.1514595 0.9806156 0.1243113 0.0531013 0.83884 0.5417821 0.140797 0.9540853 0.2643817 0.1930712 0.9521812 0.2368004 0.2881876 0.789217 0.5422956 0.288289 0.7891646 0.5423179 0.3879823 0.7892256 0.4760175 0.3881208 0.7891544 0.4760226 0.3880599 0.7892068 0.4759855 0.1888828 0.9544322 0.2310464 0.3878995 0.7891139 0.47627 0.4730088 0.7892388 0.3916186 0.2361794 0.9518407 0.1954963 0.2294518 0.9547475 0.1892331 0 1 4.22699e-5 0 1 -1.12317e-5 0.1711804 0.8056251 0.5671557 0.2836831 0.7967233 0.5336254 0.3537974 0.6184009 0.7017177 0.4407691 0.2034921 0.8742504 0.45599 -0.2511376 0.8538169 0.4709911 1.4935e-4 0.882138 0.4714028 -2.25768e-4 0.881918 0.6339035 2.17417e-4 0.7734121 0.5826472 -0.3941007 0.7107791 0.2545165 0.5870309 0.7685155 0.3063912 0.2235972 0.9252724 0.2797624 -0.264081 0.9230355 0.2900291 7.29474e-5 0.9570179 0.6343898 -2.92334e-4 0.7730132 0.7724925 3.0032e-4 0.6350238 0.7448723 -0.2651974 0.6122382 0 1 -4.20997e-5 0.7682839 0.2252675 0.5991616 0.6467063 0.5722553 0.5042768 0.4525582 0.8092915 0.3744843 0 1 2.73952e-5 0.1514493 0.9806202 0.1242876 0 1 -3.46485e-5 0.4731812 0.7891458 0.3915973 0.2610282 0.9550597 0.140447 0.2705503 0.9514984 0.1464698 0.7730121 0 0.6343914 0 1 3.43697e-5 0 1 -4.68477e-5 0 1 2.05617e-6 0 1 1.30212e-5 0 1 9.01565e-6 0 1 -3.99824e-5 0 1 3.8861e-5 0.1727798 0.980621 0.09235531 0.7730118 0 0.6343918 0.8522959 0.201768 0.4825778 0.7730115 -3.62775e-4 0.6343921 0.881447 3.76966e-4 0.4722829 0.1728016 0.9806187 0.09233987 0.2902881 -1.4622e-4 0.9569393 0.8651586 0.1941633 0.4623866 0.865125 0.1941924 0.4624372 0.8819251 0 0.4713895 0.9387319 0.194193 0.2847308 0.9387248 0.1941285 0.2847979 0.9569383 0 0.2902919 0.7343612 0.5537428 0.3925338 0.7968345 0.5537366 0.2417244 0.7343731 0.5537338 0.392524 0.4916415 0.8301882 0.2628235 0.5334644 0.8301982 0.1618228 0.881923 0 0.4713936 0.4916193 0.8302286 0.2627374 0.1874792 0.9806219 0.05685341 0.9569366 0 0.2902971 0 1 -8.08179e-5 0.9762547 0.1941179 0.09615135 0.7968031 0.553793 0.241699 0.8286485 0.5537891 0.08160495 0.5548111 0.8301804 0.05463743 0.5334934 0.8301743 0.1618501 0.1874851 0.98062 0.05686837 0 1 -2.30471e-5 0 1 3.88572e-5 0.9951856 0 0.09800881 0.9951857 0 0.09800738 0 1 -2.09822e-5 0 1 2.24253e-5 0 1 2.64019e-5 0 1 -1.30209e-5 0.54003 0.7892494 0.2923237 0 1 -7.37891e-6 0.8535096 -0.2500718 0.4571495 0.6738885 0.6327593 0.3814315 0.0980159 -7.45608e-5 0.9951848 0.5443832 0.7893075 -0.2839728 -0.05840319 0.8009501 0.595876 -0.09673535 0.6038064 0.7912396 -0.1187954 0.2055517 0.9714094 -0.09477746 -0.2520315 0.9630666 -0.09792363 0 0.995194 0.09792238 0 0.9951941 0.09000533 -0.3940301 0.91468 -0.09801524 -7.38414e-5 0.9951849 0.0980224 0 -0.9951843 0.5818848 0.6656011 -0.4673173 -0.2121236 0.6017038 0.7700364 -0.2588891 0.2222251 0.939996 -0.2798904 -0.2631685 0.9232571 -0.2900273 7.49846e-5 0.9570184 -0.2902881 -1.44031e-4 0.9569393 0.6612138 0.5195617 -0.541158 0.3951579 0.789325 -0.4699109 0.478134 0.6688308 -0.5692569 0.3951184 0.7890679 -0.4703759 -0.1727438 0.8016475 0.5722945 0.7544181 0.2223991 -0.6175695 0.6227106 0.2046211 -0.7552229 0.7730112 -8.80675e-4 -0.6343919 0.7582995 0.2021886 -0.6197595 0.6199572 0.2200618 -0.753144 0.5450367 0.5146546 -0.6618653 0.6361429 8.80871e-4 -0.7715709 0.6343923 -9.55384e-4 -0.7730107 0.4735571 9.52182e-4 -0.8807626 0.4634395 0.2067756 -0.8616656 0.4617178 0.217881 -0.8598515 0.4070569 0.5095751 -0.7580489 0.3570563 0.672199 -0.6485827 0.2234241 0.6754488 -0.702745 0.1861182 0.7890492 -0.5854583 0.1863707 0.7893434 -0.5849813 0.4713999 -0.00102806 -0.881919 0.2927959 0.001024007 -0.9561744 0.2863575 0.2090196 -0.9350457 0.2856648 0.2156175 -0.9337584 0.06924891 0.7893521 -0.610023 0.04703521 0.9088698 -0.4144197 0.03942114 0.9488302 -0.3133167 0.08565092 0.9576047 -0.2750587 0.01346445 0.9919568 -0.1258589 0.2525504 0.5044351 -0.8256898 0.08128833 0.679423 -0.7292302 0.08536332 0.648073 -0.7567791 0.1031588 0.211389 -0.9719429 0.2902879 -0.001094162 -0.9569388 0.1002498 0.001109659 -0.9949617 0.09977161 -0.1336526 -0.9859933 0.06888121 0.7890444 -0.6104624 0.09512281 0.4095906 -0.9072967 0.1005198 0.07656478 -0.9919847 0.0980162 -7.19121e-4 -0.9951846 9.99091e-4 0 -0.9999996 -9.97099e-4 0 -0.9999995 -0.09801536 -7.19116e-4 -0.9951847 -0.1002511 0.001110434 -0.9949616 -0.09977161 -0.1336526 -0.9859933 -0.09744274 -0.2576813 -0.961304 -0.08208435 0.09790325 -0.991805 -0.07219153 0.4250676 -0.9022783 -0.2902861 -0.001091957 -0.9569393 -0.2927941 0.001024007 -0.956175 -0.2691088 -0.3942298 -0.8787282 -0.2774392 0.9497942 -0.1446319 -0.2804219 0.9562287 -0.08360892 -0.5460531 0.7877268 -0.2851536 -0.2992408 0.9501292 -0.08780354 -0.5893482 0.7890967 -0.1731908 -0.683471 0.6448979 -0.3420147 -0.7874399 0.5597023 -0.2582089 -0.9569425 -7.32064e-4 -0.2902768 -0.8728377 0.2171056 -0.4370579 -0.9574373 6.57754e-4 -0.2886407 -0.9257083 -0.2553128 -0.2790693 -0.5891689 0.7892987 -0.1728811 -0.6113979 0.789219 -0.05767136 -0.6112992 0.7893048 -0.05754429 -0.2923454 0.9558989 -0.02813673 -0.612313 0.7906127 0.002128005 -0.6123052 0.7906176 0.002499341 -0.6108565 0.7891181 0.06439816 -0.8674585 0.4974995 0.00320357 -0.9427947 0.3326923 -0.02130842 -0.8761313 0.4816659 -0.01979869 -0.9329071 0.3601151 0.001241743 -0.9999992 0 0.001254498 -0.995184 -5.87929e-4 0.09802287 -0.9950504 5.12674e-4 0.09937071 -0.9606117 -0.2608231 0.09589868 -0.9681913 0.2188646 0.12126 -0.7700135 0.6306975 0.09643661 -0.2824257 0.9553637 0.08669489 -0.5597292 0.8121837 -0.164502 -0.5565866 0.8291295 -0.05249714 -0.7884832 0.5744857 0.2196826 -0.6062756 0.7926824 0.0639106 -0.9420709 0.2087764 0.2625167 -0.9569422 -5.20343e-4 0.2902783 -0.9565971 4.43351e-4 0.2914136 0 1 -2.20727e-5 -0.2610607 0.9550468 0.1404749 -0.9251695 -0.2543225 0.2817472 -0.9952644 0 -0.09720504 -0.9179523 -0.386429 -0.0896455 -0.5402334 0.7891363 0.2922528 -0.540025 0.7892538 0.292321 -0.5617274 0.8087957 0.1741027 -0.9289302 0.2103865 -0.304674 -0.8819216 -4.43797e-4 0.4713959 -0.8814457 3.6963e-4 0.4722855 -0.8101866 -0.3940412 0.4339694 -0.9951841 -6.68545e-4 -0.09802204 -0.2705916 0.9514832 0.1464922 -0.2294771 0.9547393 0.1892436 -0.4731736 0.7891481 0.3916019 -0.4789568 0.8387088 0.2591676 -0.7730111 -3.69044e-4 0.6343924 -0.7724918 2.95206e-4 0.6350248 -0.7455527 -0.2618558 0.6128481 -0.7375873 0.2205218 0.6382282 -0.5955606 0.6162479 0.5153117 -0.4650218 0.7972609 0.3848764 -0.6379314 0.2070616 0.7417339 -0.6343963 -2.96409e-4 0.7730081 -0.6339003 2.21695e-4 0.7734149 -0.5269093 0.5891878 0.6125558 -0.613231 -0.2532986 0.7481896 -0.4709945 1.52708e-4 0.8821362 -0.4713993 -2.2237e-4 0.8819199 -0.4329153 -0.394132 0.8107061 -0.2554928 0.8388761 0.4806353 0.5011862 0.6826456 -0.5317965 0.5002147 0.6827398 -0.5325896 0.5000374 0.682416 -0.5331708 0.4999063 0.6824632 -0.5332334 0.499931 0.6824722 -0.5331987 0.5000117 0.6824066 -0.5332069 0.5000771 0.6816862 -0.5340663 0.3441181 0.8387148 0.4220668 0.7293372 -0.6841492 0.002693474 -0.9762494 -0.1941471 0.09614604 -0.9762477 -0.1941472 0.09616339 -0.8286826 -0.5537372 0.08161157 -0.7968335 -0.553736 0.2417292 -0.7968127 -0.5537754 0.2417073 -0.8286525 -0.553782 0.0816127 -0.9387197 -0.1941727 0.2847847 -0.5547719 -0.8302054 0.05465596 -0.9387438 -0.194092 0.2847603 -0.5334427 -0.8302152 0.1618075 -0.9569397 0 0.2902868 -0.995185 0 0.09801495 -0.9951849 0 0.09801626 -0.5548066 -0.8301826 0.05464911 -0.1950243 -0.9806106 0.01920104 -0.1950182 -0.9806115 0.01920914 -0.187527 -0.9806113 0.05687868 -0.9569398 0 0.2902869 -0.8286489 -0.5537869 -0.08161544 -0.5334923 -0.8301722 0.1618646 -0.8286868 -0.5537323 -0.08160156 -0.4916695 -0.8301781 0.2628036 -0.4916291 -0.8302042 0.2627964 -0.9762476 -0.1941472 -0.09616518 -0.7343426 -0.5537758 0.3925219 -0.7343485 -0.5537742 0.392513 -0.1875399 -0.9806071 0.05690759 -0.5548059 -0.8301834 -0.05464476 -0.172836 -0.9806045 0.09242683 -0.5547726 -0.8302056 -0.05464571 -0.8651319 -0.1940949 0.4624652 -0.995185 0 -0.09801495 -0.8651474 -0.1941487 0.4624135 -0.9951849 0 -0.09801626 -0.1950243 -0.9806106 -0.01919734 0 -1 8.60865e-6 -0.1950182 -0.9806116 -0.01920539 0 -1 -7.23313e-6 -0.8819217 0 0.4713962 -0.8819238 0 0.4713921 0 -1 0 -0.187527 -0.9806113 -0.05687868 0 -1 1.44665e-5 0 -1 -4.30431e-6 0 -1 1.44665e-5 -0.1515043 -0.9806069 0.1243245 0 -1 -4.30436e-6 0 -1 8.60872e-6 -0.1514903 -0.9806082 0.1243322 -0.5334562 -0.8302032 -0.1618244 -0.17285 -0.9806051 0.09239411 -0.5334851 -0.8301855 -0.1618204 -0.7968502 -0.5537292 -0.2416898 -0.4309203 -0.8302123 0.3536316 -0.4309319 -0.8302056 0.3536332 -0.9762494 -0.1941471 -0.09614604 -0.6436251 -0.553754 0.5283023 -0.643657 -0.5537828 0.5282332 -0.9569397 0 -0.2902868 -0.9387197 -0.1941727 -0.2847847 -0.9569398 0 -0.2902869 -0.1875402 -0.980607 -0.05690765 -0.8819217 0 -0.4713962 -0.8651663 -0.1940959 -0.4624003 -0.9387515 -0.1940935 -0.2847338 -0.8651222 -0.1941504 -0.46246 -0.7968013 -0.5537865 -0.2417195 -0.7343397 -0.5537712 -0.3925338 -0.7343624 -0.5537833 -0.3924742 -0.1728344 -0.9806107 -0.09236365 -0.1728534 -0.9806062 -0.09237623 0 -1 8.60868e-6 -0.1515057 -0.9806041 -0.1243448 -0.1514877 -0.9806037 -0.1243708 0 -1 8.60862e-6 -0.4916351 -0.830204 -0.2627854 -0.430927 -0.8302222 -0.3536 -0.6436621 -0.5537768 -0.5282334 -0.4916605 -0.8301711 -0.2628421 -0.7582873 -0.1941363 -0.6223437 -0.8819238 0 -0.4713921 -0.7730072 0 -0.6343974 -0.1243235 -0.9806056 -0.1515135 -0.1243228 -0.9806043 -0.1515226 -0.4309342 -0.8302128 -0.3536135 -0.3536687 -0.8302286 -0.4308585 -0.6436222 -0.5537592 -0.5283003 -0.5282443 -0.5537943 -0.6436381 -0.7583398 -0.1941058 -0.6222891 -0.6344023 0 -0.7730032 -0.6222935 -0.1942009 -0.7583119 0 -1 -7.23321e-6 0 -1 2.89327e-5 -0.0923826 -0.9806169 -0.1727889 -0.0923826 -0.9806039 -0.1728627 -0.3536501 -0.8302085 -0.4309123 -0.2627952 -0.8302397 -0.4915699 -0.5282215 -0.5537616 -0.6436849 -0.3925617 -0.5538366 -0.7342754 -0.6222996 -0.1940932 -0.7583344 -0.4624055 -0.1942022 -0.8651397 -0.471392 0 -0.8819238 -0.7582873 -0.1941363 0.6223437 -0.7583181 -0.1940983 0.622318 0 -1 -8.60867e-6 0 -1 7.23316e-6 -0.05688852 -0.9806074 -0.1875445 0 -1 -8.6087e-6 -0.05688607 -0.9806191 -0.1874839 -0.1243224 -0.9805999 0.151552 -0.2627973 -0.830154 -0.4917135 -0.1243235 -0.9806056 0.1515135 -0.5282568 -0.5538131 0.6436115 -0.5282263 -0.5537614 0.6436811 -0.6222996 -0.1940932 0.7583344 -0.7730072 0 0.6343974 -0.6222935 -0.1942009 0.7583119 -0.6344023 0 0.7730032 -0.09238123 -0.9806045 0.1728602 -0.3536518 -0.8301911 0.4309445 -0.09238409 -0.9806163 0.1727917 -0.2627792 -0.8301797 0.4916797 -0.3536627 -0.8302353 0.4308506 -0.2628065 -0.8301931 0.4916422 -0.3925345 -0.5537965 0.7343202 -0.3925178 -0.5537839 0.7343387 -0.4624055 -0.1942022 0.8651397 -0.4624302 -0.194153 0.8651376 -0.471392 0 0.8819238 -0.4713963 0 0.8819215 0 -1 4.30433e-6 0 -1 -7.23322e-6 -0.0568875 -0.9805989 0.1875892 -0.05688679 -0.9806216 0.1874709 -0.1618313 -0.8301694 0.5335068 -0.1618199 -0.8301941 0.533472 -0.241715 -0.5537879 0.7968018 -0.2417255 -0.5537128 0.7968508 -0.284748 -0.1941303 0.9387397 -0.2847607 -0.1941646 0.9387287 -0.290284 0 0.9569406 -0.2902876 0 0.9569396 0 -1 -7.23319e-6 0 -1 -2.15215e-6 -0.01920807 -0.9806151 0.1950002 -0.01920771 -0.9805926 0.1951132 -0.05464214 -0.830245 0.5547141 -0.05463951 -0.8301647 0.5548344 -0.08161151 -0.5537006 0.828707 -0.08161282 -0.553777 0.8286558 -0.09616166 -0.1941801 0.9762414 -0.09615129 -0.194137 0.9762509 -0.09801518 0 0.995185 -0.09801584 0 0.9951849 0 -1 3.61659e-6 0 -1 -4.30434e-6 0.01920771 -0.9805858 0.1951479 0.01920837 -0.9806149 0.1950013 0.05464601 -0.8302047 0.5547738 0.05463576 -0.8301904 0.5547963 0.08160722 -0.5537661 0.8286636 0.0816183 -0.5537279 0.828688 0.09615045 -0.194131 0.9762522 0.09616243 -0.1941861 0.9762401 0.09801584 0 0.9951849 0.09801518 0 0.995185 0 -1 7.23325e-6 0.1618176 -0.8302009 0.5334618 0.1618368 -0.8301797 0.5334891 0.241725 -0.5537356 0.7968351 0.2417276 -0.5538264 0.7967711 0.2847458 -0.1941538 0.9387355 0.2847661 -0.194139 0.9387323 0 -1 -7.23319e-6 0.05688446 -0.9805913 0.1876301 0 -1 -8.60859e-6 0.0923798 -0.9805839 0.1729774 0.05688953 -0.9806258 0.1874482 0.09238225 -0.9806171 0.1727883 0.2627949 -0.8301573 0.491709 0.262794 -0.8302413 0.4915677 0.3924981 -0.5537592 0.7343679 0.3925426 -0.5537446 0.7343551 0.2902876 0 0.9569396 0.2902869 0 0.9569396 0.4624106 -0.1941398 0.8651511 0.4624297 -0.1942177 0.8651233 0.471392 0 0.8819238 0.4713963 0 0.8819215 0.1243233 -0.9806041 0.1515232 0.1243235 -0.9806056 0.1515135 0.3536501 -0.8302085 0.4309123 0.3536676 -0.8302298 0.4308573 0.528246 -0.5537035 0.6437147 0.5282261 -0.5537031 0.6437315 0.6223402 -0.1942144 0.7582701 0.6222839 -0.1941641 0.758329 0.6343971 0 0.7730074 0 -1 1.44662e-5 0 -1 -4.30434e-6 0.1514895 -0.9806137 0.1242898 0.151489 -0.9806028 0.1243754 0.4309368 -0.8302105 0.3536157 0.4309251 -0.830224 0.3535985 0.6436955 -0.5537277 0.528244 0.643663 -0.5537748 0.5282342 0.7582782 -0.1941921 0.6223374 0.7582956 -0.1940294 0.6223667 0.7730123 0 0.6343911 0 -1 -4.30436e-6 0.1728311 -0.9806091 0.09238684 0.1728369 -0.9806101 0.09236502 0.4916321 -0.8302063 0.2627838 0.4916162 -0.8302072 0.2628111 0.7343595 -0.5537884 0.3924726 0.7343769 -0.5536925 0.3925753 0.8651658 -0.1940376 0.4624257 0.8651403 -0.1941981 0.4624061 0.8819195 0 0.4714003 0.1875372 -0.9806078 0.05690675 0.1875526 -0.980606 0.05688643 0.5334393 -0.8302176 0.1618065 0.5334458 -0.8302162 0.1617921 0.796859 -0.5536957 0.241737 0.7968502 -0.5537292 0.2416898 0.9387196 -0.1942159 0.2847558 0.9387015 -0.1942888 0.2847655 0 -1 4.30434e-6 0.1950469 -0.9806059 0.01921194 0.1950476 -0.9806057 0.01920706 0.9569398 0 0.2902869 0.9569397 0 0.2902868 0.5547726 -0.8302056 0.05464571 0.5547455 -0.8302241 0.0546388 0.8286925 -0.5537215 0.08161669 0.8287024 -0.5537071 0.08161354 0.9762202 -0.194286 0.09616249 0.9762276 -0.1942578 0.0961439 0.9951849 0 0.09801626 0.995185 0 0.09801495 0 -1 4.30434e-6 0.1950469 -0.980606 -0.01920449 0.1950469 -0.9806059 -0.019207 0.554752 -0.830219 -0.05465108 0.5547656 -0.8302105 -0.05464076 0.8287127 -0.5536913 -0.08161866 0.8286826 -0.5537372 -0.08161157 0.976227 -0.1942585 -0.09614872 0.976222 -0.1942812 -0.09615409 0.9951849 0 -0.09801626 0.995185 0 -0.09801495 0 -1 -1.44665e-5 0.1875532 -0.9806059 -0.05688667 0.1875372 -0.9806078 -0.05690675 0.533446 -0.8302129 -0.1618085 0.5334367 -0.8302169 -0.1618186 0.7968407 -0.553712 -0.2417605 0.7968629 -0.5537092 -0.2416936 0.9387196 -0.1942159 -0.2847558 0.9386993 -0.1942842 -0.2847756 0.9569397 0 -0.2902868 0.9569398 0 -0.2902869 0.1728346 -0.9806048 -0.09242618 0.1728325 -0.980609 -0.09238481 0.4916216 -0.8302168 -0.2627706 0.4916313 -0.8302025 -0.2627975 0.7343869 -0.5537002 -0.3925457 0.7343474 -0.5537762 -0.3925125 0.865138 -0.1941972 -0.4624108 0.8651668 -0.194038 -0.4624239 0.8819195 0 -0.4714003 0 -1 3.61659e-6 0 -1 4.30433e-6 0.1514888 -0.980611 -0.1243118 0.1514903 -0.9806082 -0.1243322 0 -1 3.61656e-6 0.6436277 -0.553749 -0.5283044 0.6437297 -0.5537515 -0.5281773 0.430921 -0.8302117 -0.3536322 0.1243214 -0.9805862 -0.1516409 0.1243249 -0.9806189 -0.1514264 0.3536518 -0.8301911 -0.4309445 0.758301 -0.1940461 -0.622355 0.7582871 -0.1941796 -0.6223304 0.4309319 -0.8302056 -0.3536332 0.3536616 -0.8302364 -0.4308493 0.5282406 -0.5537161 -0.6437082 0.5282365 -0.5536952 -0.6437297 0.6223402 -0.1942144 -0.7582701 0.6222983 -0.1941696 -0.7583159 0.7730123 0 -0.6343911 0.6343971 0 -0.7730074 0.09237879 -0.9805845 -0.1729755 0.09238326 -0.9806166 -0.1727901 0.2627772 -0.8301825 -0.4916759 0.2628049 -0.8301954 -0.4916393 0.3925136 -0.5537088 -0.7343976 0.3925353 -0.5538072 -0.7343118 0.4624055 -0.1942022 -0.8651397 0.46243 -0.1941545 -0.8651373 0.471392 0 -0.8819238 0.4713963 0 -0.8819215 0 -1 3.61656e-6 0.05688685 -0.9805878 -0.187647 0.05688679 -0.9806216 -0.1874709 0.161831 -0.83017 -0.533506 0.1618202 -0.8301933 -0.5334728 0.2417151 -0.5537872 -0.7968021 0.2417432 -0.5537875 -0.7967934 0.2847458 -0.1941538 -0.9387355 0.284763 -0.1941369 -0.9387338 0.2902869 0 -0.9569396 0.2902876 0 -0.9569396 0 -1 2.15217e-6 0.01920783 -0.9805918 -0.1951172 0.01920837 -0.9806149 -0.1950013 0.05463892 -0.8301882 -0.5547993 0.05464345 -0.830216 -0.5547572 0.08161115 -0.5537057 -0.8287037 0.08161282 -0.553777 -0.8286558 0.09615045 -0.194131 -0.9762522 0.09616243 -0.194186 -0.9762401 0.09801518 0 -0.995185 0.09801584 0 -0.9951849 0 -1 -1.80829e-6 -0.01920795 -0.9806091 -0.1950306 -0.09615129 -0.194137 -0.9762509 -0.01920777 -0.9805926 -0.1951134 -0.05464565 -0.8302072 -0.5547701 -0.05463546 -0.8301927 -0.5547928 -0.08160698 -0.5537695 -0.8286613 -0.08161938 -0.5537226 -0.8286915 -0.1618179 -0.8302003 -0.5334627 -0.1618365 -0.8301802 -0.5334885 -0.2417303 -0.5537084 -0.7968523 -0.2417162 -0.5538052 -0.7967894 -0.2847457 -0.1941546 -0.9387353 -0.09616166 -0.1941801 -0.9762414 -0.284766 -0.1941413 -0.9387319 -0.290284 0 -0.9569406 -0.2902876 0 -0.9569396 -0.09801518 0 -0.995185 -0.09801584 0 -0.9951849 -0.4624348 -0.1941555 -0.8651346 -0.3924989 -0.5537566 -0.7343693 -0.4713963 0 -0.8819215 0.9625194 0.1920583 0.1914942 0.9626858 0.191209 0.1915078 0.9626727 0.1912103 -0.1915725 0.9625234 0.1920691 -0.1914635 0.8200837 0.5485911 -0.1628204 0.8200489 0.5485427 0.1631592 0.8205633 0.5476656 -0.1635187 0.5524847 0.826253 -0.1098489 0.5524735 0.8262843 0.1096688 0.55228 0.8263844 -0.1098901 0.1946311 0.9801028 -0.03895181 0.1947112 0.9801105 -0.03835481 0.1947112 0.9801105 0.03835481 0 1 -4.40125e-6 0.1649963 0.9801033 -0.1103342 0.1649963 0.9801033 0.1103342 0.4682086 0.8261108 -0.3135631 0.1650385 0.980036 0.1108685 0.194632 0.9801052 0.03888666 0.4684506 0.8265987 -0.3119117 0.4683433 0.8263919 0.31262 0.5522988 0.8263628 0.1099575 0.468348 0.8263888 0.3126212 0.6960248 0.548114 -0.4638109 0.6956194 0.5477696 0.4648249 0.8206067 0.5477204 0.1631166 0.6955956 0.5480325 0.4645506 0.8160222 0.1923385 -0.5450814 0.8157958 0.1922749 0.5454426 0.816172 0.1914185 0.5451812 0.8314648 0 0.5555775 0.831462 0 0.5555818 0.9807856 0 0.1950891 0.9807853 0 0.1950905 0.9807856 0 -0.1950891 0.9807853 0 -0.1950905 0.831462 0 -0.5555818 0.1102814 0.9801039 0.1650286 0.1650296 0.9799863 -0.1113201 0.1102595 0.979895 -0.1662788 0.3128277 0.8260752 -0.468763 0.1102284 0.9799536 0.1659544 0.6951888 0.5476877 -0.465565 0.3129953 0.8265305 0.4678474 0.4650731 0.548699 -0.6947205 0.312828 0.8260751 0.4687629 0.4644584 0.5479789 0.6956994 0.8159456 0.1913541 -0.5455425 0.4652244 0.5482842 0.6949467 0.5453118 0.1910511 -0.8161707 0.545404 0.1910825 0.8161018 0.8314648 0 -0.5555775 0.5452485 0.191634 0.8160763 0.5555681 0 -0.831471 0.1102458 0.9801169 -0.1649755 0.03870713 0.979883 -0.1957836 0.3129956 0.8265305 -0.4678475 0.1098331 0.8262322 -0.552519 0.4646096 0.547563 -0.6959259 0.1632509 0.5477293 -0.8205742 0.5453405 0.1916661 -0.8160073 0.1914724 0.1918256 -0.9625701 0.03874081 0.9803392 -0.1934797 -0.03872328 0.9799215 -0.1955872 0.1099247 0.8264759 -0.5521361 -0.1098073 0.8256309 -0.5534222 0.1630991 0.5484991 -0.8200901 -0.1632767 0.5490599 -0.8196793 0.1914744 0.1911647 -0.9627013 -0.1914489 0.191151 -0.9627091 0.1950942 0 -0.9807845 -0.1950885 0 -0.9807857 0.5555737 0 -0.8314675 -0.03873574 0.9803442 -0.1934546 -0.1103004 0.9798841 -0.1663162 -0.1102042 0.9801319 -0.1649131 -0.1098918 0.8269042 -0.551501 -0.3127936 0.8267036 -0.4676767 -0.1630717 0.547176 -0.8209788 -0.4652224 0.5482898 -0.6949436 -0.1914507 0.1917997 -0.9625796 -0.1950904 0 -0.9807853 -0.5555681 0 -0.831471 -0.5555737 0 -0.8314675 -0.5453135 0.1910358 -0.8161732 0.1950916 0 -0.9807851 -0.164878 0.9801928 -0.1097158 -0.164999 0.9801028 -0.110336 0 1 -3.36858e-6 -0.3131803 0.8263039 -0.468124 -0.4687677 0.8260447 -0.3129013 -0.4642826 0.5484617 -0.6954362 -0.6952046 0.5487494 -0.4642894 -0.8159456 0.1913541 -0.5455425 -0.5453389 0.1916814 -0.8160048 -0.8314704 0 -0.5555692 -0.831473 0 -0.5555652 0.5555737 0 0.8314675 0.5555681 0 0.831471 -0.1946498 0.980099 -0.03895556 0.03872662 0.9803536 0.1934092 -0.4687324 0.8259742 -0.3131398 0.0387234 0.9799215 0.1955875 -0.5528453 0.8259828 -0.1100662 -0.6948832 0.5482493 -0.4653602 0.1630722 0.5471718 0.8209815 -0.8200634 0.5485776 -0.1629685 -0.8166376 0.191448 -0.5444729 0.1632775 0.5490536 0.8196833 -0.9807853 0 -0.1950905 0.1914509 0.191794 0.9625808 -0.9807856 0 -0.1950891 -0.9627525 0.1908716 -0.1915091 -0.9626867 0.1911494 -0.1915634 -0.194467 0.9801608 -0.03830671 0 1 -1.21715e-5 -0.1944668 0.9801602 0.0383231 -0.5530514 0.8258479 -0.1100437 -0.5530592 0.8258491 0.1099955 -0.5528436 0.8259925 0.1100023 -0.8200489 0.5485427 -0.1631592 -0.8200639 0.5485458 0.1630727 -0.9626888 0.1911498 0.1915518 -0.9807853 0 0.1950905 -0.1946498 0.980099 0.03895556 -0.164999 0.9801028 0.110336 -0.4687676 0.8260447 0.3129013 -0.4687324 0.8259744 0.3131397 -0.8200345 0.5485652 0.1631563 -0.6952903 0.5485926 0.4643465 -0.9627525 0.1908716 0.1915091 -0.8166376 0.191448 0.5444729 -0.9807856 0 0.1950891 -0.8314703 0 0.5555694 -0.164878 0.9801928 0.1097158 -0.1101792 0.9799246 0.1661578 -0.3130158 0.8258439 0.4690449 -0.6947975 0.5484065 0.465303 -0.464895 0.5491862 0.6944546 -0.8159456 0.1913541 0.5455425 -0.5453135 0.1910358 0.8161732 -0.8314731 0 0.5555651 -0.1103261 0.9800918 0.165071 -0.0387187 0.9799214 0.1955889 -0.3129563 0.8271659 0.4667493 -0.1097463 0.8258443 0.5531159 -0.4646096 0.547563 0.6959259 -0.1632502 0.5477342 0.820571 -0.5453389 0.1916814 0.8160048 -0.1914723 0.1918294 0.9625694 -0.5555737 0 0.8314675 -0.5555681 0 0.831471 -0.03874015 0.9803398 0.1934763 0 1 2.85582e-6 -0.1099247 0.8264759 0.5521361 0.1099295 0.8269355 0.5514465 -0.1630983 0.5485047 0.8200864 -0.1914743 0.1911675 0.9627007 -0.1950904 0 0.9807853 -0.1950885 0 0.9807857 0.195092 0 0.9807851 0.1098087 0.825626 0.5534291 0.191449 0.1911491 0.9627094 0.1950939 0 0.9807847 -0.5000354 0.6824133 -0.5331761 -0.5013303 0.6828002 -0.5314621 -0.4999294 0.68247 -0.533203 -0.5000258 0.6827191 -0.5327936 -0.4998073 0.6829587 -0.5326915 -0.4995526 0.6822593 -0.5338254 -0.4999839 0.6820509 -0.5336879 0.8704258 0.3602895 0.3354855 0.821441 0.4742892 0.3166774 0.6521736 0.3261198 0.6843358 0.6051812 0.4799279 0.6351575 0.1507425 0.4796717 0.8644025 0.1619647 0.3334238 0.9287605 0.02395415 0.3423986 0.9392495 0.02242463 0.4751988 0.8795927 -0.3546552 0.4791008 0.8029209 -0.3799214 0.341169 0.8598043 -0.5031119 0.3344856 0.7968676 -0.4696602 0.4756014 0.7437894 -0.7908064 0.3493922 0.5025439 -0.7408803 0.4789041 0.4709006 -0.8033169 0.476102 0.3577833 -0.8631901 0.3273077 0.3844121 -0.8664873 0.4765872 -0.1485406 -0.9336386 0.3204718 -0.1600524 -0.7612273 0.3687027 -0.5334712 -0.719274 0.4780105 -0.5041338 -0.6380236 0.4767723 -0.6046604 -0.6889954 0.3149132 -0.652775 0.5125234 0.8586732 0 0.924532 0.3196575 0.2075086 0.8557553 0.4804205 0.1920388 0.5071624 0.4747115 0.7193298 0.5395888 0.3511295 0.7652138 -0.1949051 0.4771769 -0.8569214 -0.2108413 0.3100472 -0.9270473 0.9945381 0 0.1043743 0.9997802 0.01676017 0.01259368 0.9550794 0 0.2963501 0.9806382 -0.01672399 -0.1951135 0.9188749 0.01672452 0.3941944 0.9285184 0.01674163 -0.370909 0.8313567 -0.01676386 0.5554863 0.8313421 -0.01674687 -0.5555087 0.6980255 0.01672387 0.7158777 0.715889 0.0167225 -0.6980138 0.5554895 -0.0167557 0.8313547 0.555484 -0.01676356 -0.8313583 0.3709126 0.0167337 0.928517 0.3942031 0.01672512 -0.9188712 0.1950613 -0.01674067 0.9806482 0.1951343 -0.01673519 -0.9806337 -0.01259326 0.01673477 0.9997807 0.01259356 0.01675993 -0.9997802 -0.1950465 -0.01674926 0.9806511 -0.1951194 -0.01672989 -0.9806368 -0.3942645 0.01673668 0.9188446 -0.3709132 0.0167337 -0.9285169 -0.5554845 -0.01674401 0.8313584 -0.5554841 -0.01675552 -0.8313584 -0.7158536 0.01673346 0.69805 -0.6980533 0.01673221 -0.7158504 -0.8313542 -0.0167582 0.5554901 -0.8313368 -0.01673913 -0.5555168 -0.9285166 0.01673388 0.3709139 -0.9188423 0.01674485 -0.3942695 -0.9806517 -0.01674306 0.1950435 -0.9806514 -0.01674515 -0.1950449 -0.9997807 0.0167343 -0.01259368 0.9587535 0 -0.2842388 0.9284936 0.01674669 -0.3709707 0.9957849 0 -0.09171926 0.8313542 -0.01673382 -0.5554911 0.9997806 0.01673716 0.01259368 0.7158474 0.01675081 -0.6980559 0.9806507 -0.01674371 0.1950487 0.5554834 -0.01673007 -0.8313594 0.9188453 0.01674419 0.3942624 0.3942655 0.01674574 -0.9188441 0.8313577 -0.01672822 0.555486 0.195046 -0.01674383 -0.9806512 0.6980586 0.01675194 0.7158447 0.01259636 0.01673531 -0.9997806 0.5554833 -0.0167346 0.8313593 -0.1950487 -0.01674306 -0.9806507 0.3709769 0.01674544 0.9284912 -0.3709746 0.01674544 -0.9284921 0.195046 -0.01674288 0.9806512 -0.5554801 -0.01673442 -0.8313614 -0.01259374 0.01673507 0.9997807 -0.6980572 0.01675158 -0.7158461 -0.195046 -0.01674425 0.9806512 -0.8313577 -0.01672965 -0.555486 -0.3942591 0.01674628 0.9188468 -0.9188444 0.01674628 -0.3942648 -0.5554802 -0.01672917 0.8313616 -0.9806516 -0.01674449 -0.1950438 -0.7158488 0.01675182 0.6980544 -0.9997807 0.0167343 -0.01259154 -0.8313593 -0.0167346 0.5554834 -0.9806517 -0.01674377 0.1950433 -0.9284913 0.01674532 0.3709765 0.8789982 0 0.4768252 0.918871 0.01672375 0.3942036 0.7688989 0 0.6393705 0.9806374 -0.0167393 0.1951159 0.6980261 0.0167253 0.7158769 0.9997797 0.0167464 0.01266258 0.5555203 -0.01674896 0.8313343 0.9806366 -0.01675534 -0.1951185 0.3709351 0.01673823 0.928508 0.9284816 0.01672691 -0.3710016 0.1950482 -0.01674342 0.9806509 0.8313419 -0.01674759 -0.555509 -0.01259136 0.01673483 0.9997807 0.7158894 0.01672422 -0.6980134 -0.195046 -0.01674908 0.9806511 0.5555151 -0.0167582 -0.8313377 -0.3942684 0.01673686 0.9188429 0.394203 0.01673507 -0.918871 -0.5554852 -0.01674437 0.8313579 0.1951172 -0.01673293 -0.9806373 -0.7158532 0.01673382 0.6980503 0.01259291 0.01676011 -0.9997802 -0.8313595 -0.01675415 0.5554825 -0.1951172 -0.01673024 -0.9806373 -0.9285203 0.01673394 0.3709043 -0.3709126 0.01673197 -0.9285171 -0.9806507 -0.01674097 0.1950489 -0.5554893 -0.01675641 -0.831355 -0.9997808 0.01673293 -0.01259088 -0.6980589 0.01673305 -0.7158449 -0.9806514 -0.01674234 -0.1950449 -0.8313347 -0.01673626 -0.5555201 -0.9188451 0.01674425 -0.394263 0.6294808 0 0.7770161 0.698053 0.01675111 0.7158501 0.4658608 0 0.8848581 0.8313594 -0.01672971 0.5554834 0.3709746 0.01674515 0.9284921 0.9188444 0.01674419 0.3942648 0.195046 -0.01674306 0.9806512 0.9806516 -0.0167452 0.1950438 -0.01259094 0.01673549 0.9997807 0.9997807 0.01673358 0.01259088 -0.1950508 -0.01674419 0.9806503 0.9806518 -0.01674306 -0.1950433 -0.3942591 0.01674574 0.9188468 0.928508 0.01673716 -0.3709351 -0.5555162 -0.01673728 0.8313373 0.8313661 -0.01674228 -0.5554729 -0.7158574 0.01673328 0.698046 0.7158885 0.01674276 -0.6980139 -0.8313599 -0.01675552 0.5554819 0.5554832 -0.01674365 -0.8313592 -0.9284917 0.01672154 0.3709766 0.3942656 0.01673597 -0.9188442 -0.9806356 -0.01675397 0.1951239 0.1950438 -0.01674914 -0.9806515 -0.9997795 0.01674687 -0.01266765 0.01259261 0.01673454 -0.9997807 -0.9806368 -0.01673239 -0.1951191 -0.1950482 -0.01674324 -0.9806509 -0.9188748 0.01673567 -0.3941941 -0.3709976 0.01675033 -0.9284828 -0.8313625 -0.01675069 -0.555478 -0.5555163 -0.0167275 -0.8313375 -0.698014 0.01674175 -0.7158883 0.2842417 0 0.9587528 0.3709794 0.0167455 0.9284902 0.0917257 0 0.9957844 0.5554821 -0.01673406 0.8313602 -0.01266926 0.01674765 0.9997795 0.6980558 0.01675128 0.7158475 -0.1950509 -0.01671934 0.9806507 0.8313594 -0.01673007 0.5554834 -0.3942024 0.0167579 0.9188709 0.918846 0.01674604 0.3942611 -0.5555091 -0.01673662 0.8313421 0.9806512 -0.01674443 0.195046 -0.7158829 0.01674157 0.6980196 0.9997807 0.01673537 0.01259505 -0.8313233 -0.01673108 0.5555375 0.980651 -0.0167433 -0.1950476 -0.9284828 0.01675069 0.3709976 0.9284929 0.01674646 -0.3709726 -0.9806507 -0.0167427 0.1950487 0.8313593 -0.01673495 -0.5554833 -0.9997796 0.01674634 -0.01266533 0.715853 0.01675164 -0.6980501 -0.9806516 -0.01672488 -0.1950461 0.555482 -0.01672989 -0.8313602 -0.9188598 0.01675319 -0.3942284 0.3942875 0.01674085 -0.9188347 -0.8313232 -0.0167405 -0.5555374 0.1950411 -0.01674884 -0.9806521 -0.698017 0.01674205 -0.7158856 0.01259273 0.01673448 -0.9997807 -0.5555144 -0.0167275 -0.8313388 -0.1950482 -0.01674306 -0.9806509 -0.3709976 0.01675069 -0.9284828 -0.1042441 0 0.9945517 -0.01259636 0.01673477 0.9997806 -0.2963047 0 0.9550935 0.1950455 -0.0167433 0.9806514 -0.3942544 0.01674526 0.9188489 0.3710015 0.01674968 0.9284813 -0.5554834 -0.01673078 0.8313593 0.5554783 -0.0167216 0.8313629 -0.7158501 0.01675087 0.698053 0.6979796 0.01674973 0.7159218 -0.8313541 -0.01673489 0.555491 0.8313592 -0.01674365 0.5554832 -0.9284917 0.01674503 0.3709755 0.918848 0.0167362 0.3942568 -0.9806518 -0.01674294 0.1950433 0.9806504 -0.01674872 0.1950498 -0.9997807 0.01673519 -0.01259303 0.9997807 0.01673501 0.01259273 -0.9806514 -0.01674407 -0.1950446 0.9806507 -0.01674318 -0.1950487 -0.9188468 0.01674574 -0.3942591 0.9284828 0.01674997 -0.3709976 -0.8313343 -0.01673752 -0.5555207 0.831337 -0.01672714 -0.555517 -0.6980533 0.01673287 -0.7158504 0.7158885 0.01674205 -0.6980139 -0.5555283 -0.01674473 -0.8313291 0.5555374 -0.01674145 -0.8313232 -0.3709746 0.01674515 -0.9284921 0.3941977 0.01675778 -0.9188729 -0.1950466 -0.01674294 -0.9806511 0.1950455 -0.01671999 -0.9806517 0.01266896 0.01674634 -0.9997795 -0.476986 0 0.8789109 -0.3942685 0.01674586 0.9188427 -0.6391907 0 0.7690485 -0.1950454 -0.01674526 0.9806513 -0.7158447 0.0167523 0.6980586 -0.01259094 0.01673448 0.9997808 -0.8313611 -0.01673418 0.5554808 0.1950412 -0.01674306 0.9806522 -0.9284929 0.01674485 0.3709726 0.3709437 0.01673811 0.9285045 0.5554781 -0.01674145 0.8313627 -0.9997807 0.01673537 -0.01259368 0.698014 0.01674163 0.7158883 -0.9806487 -0.01674705 -0.1950585 0.8313592 -0.01674419 0.5554832 -0.9188461 0.01673591 -0.3942613 0.9188469 0.01673597 0.3942592 -0.8313583 -0.01674354 -0.5554845 0.9806511 -0.01674896 0.195046 -0.6980588 0.01673358 -0.7158449 0.9997807 0.01673471 0.01259511 -0.555478 -0.01675486 -0.8313624 0.9806479 -0.01674073 -0.1950626 -0.370912 0.01673376 -0.9285174 0.9284929 0.0167452 -0.3709726 -0.1951207 -0.01672947 -0.9806366 0.831361 -0.01673525 -0.5554807 0.01259076 0.01676011 -0.9997804 0.7158941 0.01674252 -0.6980082 0.1951164 -0.01673251 -0.9806374 0.5554819 -0.01675021 -0.8313601 0.3942019 0.01673567 -0.9188715 -0.7770161 0 0.6294808 -0.7158557 0.01675224 0.6980473 -0.8848557 0 0.4658654 -0.5554834 -0.01673042 0.8313593 -0.9284929 0.01674467 0.3709726 -0.3942591 0.01674544 0.9188468 -0.9806507 -0.01674306 0.1950487 -0.1950466 -0.01674497 0.9806511 -0.9997807 0.01673567 -0.01259505 -0.01259094 0.0167346 0.9997808 -0.9806512 -0.01674371 -0.195046 0.1950508 -0.01674324 0.9806503 -0.918847 0.01674568 -0.3942588 0.3709746 0.01674544 0.9284921 -0.8313603 -0.01672965 -0.5554821 0.5554782 -0.01673448 0.8313628 -0.698025 0.01675951 -0.7158772 -0.5554803 -0.01672047 -0.8313617 0.9188474 0.01674634 0.3942577 -0.1950433 -0.01674288 -0.9806518 0.9806514 -0.01674449 0.1950452 0.01259094 0.01673519 -0.9997807 0.9997807 0.01673537 0.01259368 0.1950481 -0.01674437 -0.9806507 0.9806518 -0.01674342 -0.1950433 0.3942615 0.01674592 -0.9188458 0.9284933 0.01674604 -0.3709716 0.5554834 -0.01672971 -0.8313594 0.8313602 -0.01673454 -0.555482 0.715853 0.016752 -0.6980501 -0.9587535 0 0.2842388 -0.9285169 0.01673245 0.370913 -0.9957709 0 0.09187239 -0.831359 -0.01675486 0.5554831 -0.9997802 0.01676225 -0.01259368 -0.7158421 0.0167343 0.6980618 -0.9806375 -0.01673305 -0.1951159 -0.5554884 -0.0167452 0.8313556 -0.9188718 0.01673769 -0.3942012 -0.3942655 0.01673561 0.9188442 -0.8313548 -0.01674914 -0.5554896 -0.195061 -0.01674669 0.9806482 -0.6980252 0.01674205 -0.7158775 -0.01259636 0.01673531 0.9997806 -0.5554885 -0.01673477 -0.8313559 0.1950466 -0.01674318 0.9806511 -0.3709769 0.01674473 -0.9284912 -0.195061 -0.01674032 -0.9806483 0.5554853 -0.0167346 0.8313581 0.01259356 0.01673465 -0.9997807 0.698046 0.01675134 0.715857 0.1950438 -0.01674908 -0.9806515 0.8313603 -0.01672965 0.5554821 0.3942632 0.01673632 -0.9188452 0.9188464 0.01674497 0.3942601 0.5554852 -0.01674401 -0.8313579 0.9806516 -0.01674449 0.1950438 0.715849 0.01673436 -0.6980547 0.9997807 0.0167343 0.01259154 0.831359 -0.01675486 -0.5554831 0.9806517 -0.01674377 -0.1950433 0.9285203 0.01673328 -0.3709043 0.7769547 0 -0.6295565 0.715856 0.0167334 -0.6980475 0.8849242 0 -0.4657352 0.5554781 -0.01674389 -0.8313627 0.9285161 0.01673394 -0.3709149 0.3942632 0.01673549 -0.9188452 0.9806507 -0.01674306 -0.1950487 0.1950465 -0.01674985 -0.980651 0.9997807 0.01673567 0.01259505 0.01258981 0.01673412 -0.9997808 -0.1950487 -0.01674318 -0.9806507 0.918847 0.01674604 0.3942588 -0.3709976 0.01674985 -0.9284828 -0.5555195 -0.01672732 -0.8313353 0.6980475 0.01675164 0.7158555 -0.698014 0.01674145 -0.7158883 0.5554853 -0.01673525 0.831358 -0.8313617 -0.01675069 -0.5554794 0.3709669 0.01674562 0.9284952 -0.9188738 0.01673495 -0.3941965 0.1950433 -0.01674288 0.9806518 -0.9806368 -0.01673269 -0.1951191 -0.01259094 0.01673519 0.9997807 -0.9997803 0.01676011 -0.01259505 -0.1950439 -0.01674401 0.9806517 -0.9806371 -0.01672917 0.1951186 -0.3942696 0.01674592 0.9188423 -0.9285166 0.01673316 0.3709139 -0.5555194 -0.01673746 0.8313351 -0.8313599 -0.0167548 0.5554819 0.476986 0 -0.8789109 0.3942685 0.01674562 -0.9188427 0.6392724 0 -0.7689803 0.1950454 -0.01674515 -0.9806513 0.7158449 0.01673376 -0.6980588 0.01259094 0.01673448 -0.9997808 0.8313607 -0.01675492 -0.5554805 -0.1950455 -0.0167433 -0.9806514 0.92852 0.01673293 -0.3709053 -0.3709207 0.01673299 -0.9285139 0.9806371 -0.01672917 -0.1951186 -0.555478 -0.01675522 -0.8313624 0.9997803 0.01676046 0.01259368 -0.6980588 0.01673376 -0.7158449 0.9806346 -0.01673489 0.1951298 -0.8313592 -0.01674395 -0.5554832 0.9188705 0.01672554 0.3942046 -0.9188489 0.01673614 -0.3942544 0.8313606 -0.01676422 0.5554804 -0.9806506 -0.01674908 -0.1950486 0.6980254 0.01672458 0.7158777 -0.9997807 0.01673471 -0.01259511 0.5555142 -0.01674759 0.8313385 -0.9806479 -0.0167405 0.1950626 0.370912 0.01674312 0.9285172 -0.92852 0.01673281 0.3709053 0.1951186 -0.01672428 0.9806371 -0.8313607 -0.01675564 0.5554805 -0.01259076 0.01675981 0.9997804 -0.715872 0.01672369 0.6980313 -0.1951207 -0.01673781 0.9806365 -0.5554869 -0.01676404 0.8313563 -0.3941979 0.01672571 0.9188734 0.1042441 0 -0.9945517 0.01259636 0.01673477 -0.9997806 0.2963047 0 -0.9550935 -0.1950455 -0.01674336 -0.9806514 0.3942544 0.0167452 -0.9188489 -0.3709746 0.01674467 -0.9284921 0.5555194 -0.01673829 -0.8313351 -0.5554782 -0.01673549 -0.8313628 0.7158448 0.01673281 -0.698059 -0.6980244 0.01674169 -0.7158783 0.831359 -0.01675575 -0.5554831 -0.8313592 -0.01674348 -0.5554832 0.9285207 0.01673281 -0.3709033 -0.918848 0.01673585 -0.3942568 0.980637 -0.01672995 -0.1951186 -0.9806504 -0.01674854 -0.1950498 0.9997802 0.01676011 0.0125944 -0.9997807 0.01673519 -0.01259273 0.9806373 -0.01673269 0.1951172 -0.9806507 -0.01674318 0.1950487 0.9188712 0.01673501 0.3942025 -0.928506 0.01673805 0.3709399 0.8313366 -0.01675838 0.5555167 -0.8313367 -0.01674783 0.5555168 0.6980199 0.01672357 0.7158831 -0.7158887 0.01672405 0.6980141 0.5555645 -0.01673746 0.831305 -0.555532 -0.0167551 0.8313264 0.3709976 0.01674997 0.9284828 -0.3942059 0.01674807 0.9188696 0.1950508 -0.0167433 0.9806503 -0.1950455 -0.01672488 0.9806516 -0.01266813 0.01674634 0.9997796 0 -1 -9.01932e-5 0 -1 1.10755e-5 0 -1 -1.12741e-5 0 -1 8.8595e-5 0 -1 -8.85968e-5 0 -1 8.85981e-5 0 -1 -8.86041e-5 0 -1 9.01955e-5 0 -1 -2.21486e-5 0 -1 -9.01914e-5 0 -1 -2.76864e-6 0 -1 9.01924e-5 0 -1 2.81846e-6 0 -1 -8.85981e-5 0 -1 9.02013e-5 0 -1 8.86041e-5 -0.9999207 0 -0.01259541 -0.9286234 0 0.3710237 -0.9999207 0 -0.01259541 -0.9189752 0 -0.3943157 -0.7159836 0 0.6981171 -0.7159839 0 0.6981168 -0.6981454 0 -0.715956 -0.3942531 0 0.919002 -0.6981567 0 -0.715945 -0.3942542 0 0.9190015 -0.3709644 0 -0.9286471 -0.01259535 0 0.9999207 0.01259499 0 -0.9999208 0.3709651 0 0.9286469 0.01259517 0 -0.9999207 0.3709639 0 0.9286473 0.3943157 0 -0.9189751 0.6981565 0 0.7159451 0.3943156 0 -0.9189751 0.7159369 0 -0.6981651 0.9189711 0 0.3943251 0.7159594 0 -0.698142 0.9189792 0 0.3943063 0.9286273 0 -0.371014 0.9999207 0 0.01259541 0.9286196 0 -0.3710333 0.9999207 0 0.01259541 -0.3710497 0 -0.9286131 -0.6981119 0 -0.7159887 -0.3710545 0 -0.9286111 -0.6981202 0 -0.7159806 0.01266431 0 -0.9999198 -0.9189991 0 -0.3942598 0.01266992 0 -0.9999198 -0.919004 0 -0.3942484 0.3942821 0 -0.9189895 -0.9999198 0 -0.01266801 0.3942855 0 -0.9189881 0.7159833 0 -0.6981175 -0.9286238 0 0.3710227 -0.928623 0 0.3710246 0.9286139 0 -0.3710477 -0.7159479 0 0.6981538 0.9286131 0 -0.3710497 -0.7159492 0 0.6981524 0.9999207 0 0.01259452 -0.3943168 0 0.9189747 -0.3943144 0 0.9189756 0.9189635 0 0.3943427 -0.01259255 0 0.9999208 0.918963 0 0.3943437 0.6981468 0 0.7159547 0.3710266 0 0.9286223 0.698158 0 0.7159438 -0.6981245 0 -0.7159764 -0.9190036 0 -0.3942493 -0.9999198 0 -0.01266807 0.01259452 0 -0.9999207 -0.9286096 0 0.3710584 -0.9286173 0 0.371039 0.3943468 0 -0.9189618 -0.7159958 0 0.6981046 0.394341 0 -0.9189642 -0.7159721 0 0.6981289 0.7159354 0 -0.6981667 0.715959 0 -0.6981423 0.9286277 0 -0.3710131 -0.01259565 0 0.9999207 0.9999207 0 0.01259404 0.3710213 0 0.9286244 0.9999207 0 0.01259404 0.9189752 0 0.3943154 -0.9189752 0 -0.3943154 -0.9999208 0 -0.01259171 -0.918971 0 -0.3943253 -0.6981573 0 -0.7159445 -0.9286134 0 0.3710487 -0.6981565 0 -0.7159451 -0.3709639 0 -0.9286473 -0.7159728 0 0.6981283 -0.7159951 0 0.6981053 0.01259535 0 -0.9999207 -0.394286 0 0.9189878 0.01259398 0 -0.9999208 -0.3942779 0 0.9189913 -0.01259452 0 0.9999207 0.3943248 0 -0.9189711 -0.0125938 0 0.9999207 0.3709877 0 0.9286379 0.7159367 0 -0.6981652 0.370987 0 0.9286381 0.698123 0 0.7159778 0.6981123 0 0.7159883 0.9999199 0 0.01266527 0.9189994 0 0.394259 0.9999199 0 0.01266527 0.9189993 0 0.3942593 -0.7054004 0.7053963 -0.06947189 -0.7053927 0.7054032 -0.06948053 -0.6783049 0.7053967 -0.2057137 -0.6782559 0.7054278 -0.2057683 -0.7053971 0.705396 0.06950944 -0.6250997 0.7054281 -0.3340982 -0.6250697 0.7054406 -0.334128 -0.7053942 0.7054041 0.06945729 -0.6782997 0.7053899 0.2057536 -0.678264 0.7054396 0.2057013 -0.5478798 0.7054302 -0.4496621 -0.5479016 0.7053673 -0.4497343 -0.6250939 0.7054262 0.3341128 -0.6250751 0.7054426 0.3341135 -0.4496663 0.7054063 -0.5479071 -0.5478798 0.7054302 0.4496621 -0.4496877 0.7053127 -0.5480101 -0.3341464 0.7053282 -0.6251866 -0.5479016 0.7053673 0.4497343 -0.4496518 0.70537 0.5479658 -0.3341553 0.7053734 -0.6251309 -0.205761 0.7053553 -0.6783335 -0.4496963 0.705342 0.5479653 -0.3341571 0.7053539 0.6251519 -0.2057483 0.7053912 -0.6783 -0.06947898 0.7053888 -0.7054072 -0.3341446 0.7053476 0.6251657 -0.2057581 0.7053608 0.6783287 -0.06948077 0.705395 -0.7054009 0.06947869 0.7053919 -0.7054042 -0.2057542 0.7053954 0.678294 -0.06948047 0.7053978 0.7053982 0.06947982 0.7054047 -0.7053913 0.2057437 0.7054172 -0.6782744 0.2057579 0.7053863 -0.6783023 -0.06947922 0.7053861 0.70541 0.06948077 0.7053949 0.705401 0.3341358 0.7053993 -0.6251121 0.3341538 0.705412 -0.6250882 0.06947773 0.7054015 0.7053947 0.2057428 0.7054138 0.6782783 0.4496685 0.705386 -0.5479314 0.2057579 0.7053863 0.6783023 0.3341481 0.705421 0.6250811 0.3341424 0.7053915 0.6251174 0.4496225 0.7054165 -0.54793 0.5478908 0.7054613 -0.4496 0.5479412 0.7054007 -0.4496337 0.4496582 0.7053594 0.5479741 0.6251315 0.7053701 -0.3341611 0.4496434 0.7054589 0.5478582 0.5478851 0.7054468 0.4496297 0.5479477 0.7054145 0.449604 0.6251456 0.7053624 -0.3341511 0.6783218 0.7053667 -0.2057603 0.6251197 0.7053648 0.3341944 0.6782932 0.7053883 -0.2057813 0.7053993 0.7053982 -0.06946343 0.7054011 0.705397 -0.06945794 0.6251569 0.7053678 0.3341185 0.6783242 0.7053598 0.2057765 0.6782931 0.705397 0.2057516 0.7054004 0.7053963 0.06947189 0.7053999 0.7053987 0.06945276 -0.9807966 0 0.1950339 -0.9807967 0 0.1950331 -0.8314187 0 0.5556464 -0.9807967 0 -0.1950331 -0.9807966 0 -0.1950339 -0.5555844 0 0.8314602 -0.8314187 0 -0.5556464 -0.5555954 0 0.8314529 -0.19511 0 0.9807814 -0.5555844 0 -0.8314602 -0.1951183 0 0.9807797 -0.5555924 0 -0.8314549 0.1951349 0 0.9807765 -0.1951141 0 -0.9807806 0.1951233 0 0.9807788 -0.1951183 0 -0.9807797 0.5555472 0 0.831485 0.1951317 0 -0.9807772 0.5555443 0 0.8314871 0.1951308 0 -0.9807773 0.8314589 0 0.5555864 0.5555443 0 -0.8314871 0.9807808 0 0.1951133 0.8314589 0 -0.5555864 0.9807809 0 0.1951125 0.9807809 0 -0.1951125 0.9807808 0 -0.1951133 -0.9807853 0 0.1950902 -0.9807853 0 0.1950907 -0.8314181 0 0.5556473 -0.9807853 0 -0.1950902 -0.8314211 0 0.5556429 -0.9807853 0 -0.1950907 -0.5556468 0 0.8314185 -0.8314523 0 -0.5555962 -0.555644 0 0.8314204 -0.8314508 0 -0.5555984 -0.1950886 0 0.9807857 -0.5555708 0 -0.8314693 -0.1950904 0 0.9807854 -0.5555753 0 -0.8314664 0.1950683 0 0.9807897 -0.1950927 0 -0.9807848 0.1950702 0 0.9807893 -0.1950909 0 -0.9807853 0.555644 0 0.8314204 0.1950725 0 -0.9807888 0.5556468 0 0.8314185 0.1950706 0 -0.9807892 0.8314678 0 0.555573 0.5555753 0 -0.8314664 0.831467 0 0.5555741 0.5555708 0 -0.8314693 0.9807853 0 0.1950902 0.8314997 0 -0.5555252 0.9807853 0 0.1950907 0.831499 0 -0.5555263 0.9807853 0 -0.1950902 0.9807853 0 -0.1950907 -0.9807854 0 0.1950897 -0.8314954 0 0.5555319 -0.9807854 0 -0.1950897 -0.831499 0 0.5555263 -0.5555296 0 0.8314968 -0.8314968 0 -0.5555296 -0.5555263 0 0.831499 -0.831499 0 -0.5555263 -0.1950932 0 0.9807848 -0.5555263 0 -0.831499 0.1950886 0 0.9807857 -0.1950951 0 -0.9807844 0.1950951 0 0.9807844 -0.1950886 0 -0.9807857 0.5555753 0 0.8314664 0.1950886 0 -0.9807857 0.5555785 0 0.8314641 0.1950951 0 -0.9807844 0.8314523 0 0.5555962 0.8314486 0 0.5556017 0.9807854 0 0.1950897 0.8314501 0 -0.5555995 0.8314523 0 -0.5555962 0.9807854 0 -0.1950897 -0.8314648 0 0.5555775 -0.8314656 0 0.5555763 -0.5555979 0 0.8314512 -0.5555995 0 0.8314501 -0.8314976 0 -0.5555285 0.1950904 0 0.9807854 0.5555995 0 0.8314501 0.1950927 0 -0.9807848 0.5555979 0 0.8314512 0.1950909 0 -0.9807853 0.5555263 0 -0.831499 0.9807849 0 0.1950925 0.9807851 0 0.1950919 0.9807849 0 -0.1950925 0.9807851 0 -0.1950919 -0.9807853 0 0.1950902 -0.8314965 0 0.5555301 -0.9807853 0 -0.1950902 -0.5555276 0 0.8314982 -0.8314965 0 -0.5555301 -0.1950903 0 0.9807854 -0.5555276 0 -0.8314982 -0.1950922 0 0.980785 0.1950903 0 0.9807854 -0.1950922 0 -0.980785 -0.1950903 0 -0.9807854 0.5555765 0 0.8314655 0.1950903 0 -0.9807854 0.8314521 0 0.5555966 0.5555765 0 -0.8314655 0.8314499 0 0.5555999 0.9807853 0 0.1950902 0.8314499 0 -0.5555999 0.8314521 0 -0.5555966 0.9807853 0 -0.1950902 -0.8314968 0 0.5555296 -0.8314976 0 0.5555285 -0.8314648 0 -0.5555775 -0.8314656 0 -0.5555763 -0.1950909 0 0.9807853 -0.5555979 0 -0.8314512 -0.1950927 0 0.9807848 -0.5555995 0 -0.8314501 0.1950909 0 0.9807853 -0.1950904 0 -0.9807854 0.1950927 0 0.9807848 0.5555263 0 0.831499 0.1950904 0 -0.9807854 0.8314997 0 0.5555252 0.5555995 0 -0.8314501 0.831499 0 0.5555263 0.5555979 0 -0.8314512 0.9807848 0 0.195093 0.8314678 0 -0.555573 0.9807851 0 0.1950913 0.831467 0 -0.5555741 0.9807848 0 -0.195093 0.9807851 0 -0.1950913 -0.8314501 0 0.5555995 -0.831453 0 0.555595 -0.5555753 0 0.8314664 -0.8314204 0 -0.555644 -0.5555708 0 0.8314693 -0.8314189 0 -0.5556462 -0.5556423 0 -0.8314214 -0.5556485 0 -0.8314175 0.1950706 0 0.9807892 0.1950725 0 0.9807888 0.5555708 0 0.8314693 0.1950702 0 -0.9807893 0.1950683 0 -0.9807897 0.5556485 0 -0.8314175 0.5556423 0 -0.8314214 -0.8314988 0 0.5555267 -0.8314988 0 -0.5555267 0.1950922 0 0.980785 0.555572 0 0.8314685 0.1950922 0 -0.980785 0.555572 0 -0.8314685 0 1 -2.31678e-5 0 1 2.24304e-5 0 1 -1.29561e-5 0 1 5.61285e-6 0 1 -5.46837e-5 0 1 -1.47695e-5 0 1 4.37125e-6 0 1 6.47812e-6 0 1 1.29561e-5 0 1 -1.00909e-5 0 1 6.05539e-5 0 1 -3.36137e-5 0 1 2.9605e-6 0 1 3.36137e-5 0 1 -6.05539e-5 0 1 -8.2798e-5 0 1 1.00909e-5 0 1 -3.02752e-5 0 1 8.16599e-5 0 1 -1.68388e-5 0 1 1.18419e-5 0 1 -1.19337e-4 0 1 1.211e-4 0 1 -1.04609e-5 0 1 1.81263e-5 0 1 3.02751e-5 0 1 1.47697e-5 0 1 8.2798e-5 0 1 -3.36461e-5 0 1 -4.083e-5 0 1 -1.18419e-5 0 1 2.24517e-5 0 1 -6.47803e-6 0 1 -1.211e-4 0 1 1.19337e-4 0 1 7.56882e-6 0 1 1.18156e-4 0 1 -1.29564e-5 0 1 -1.12153e-5 0 1 8.97151e-5 0 1 -6.90034e-5 0 1 1.29564e-5 0 1 8.74253e-6 0 1 -1.00909e-5 0 1 -6.05438e-5 0 1 5.3789e-5 0 1 -9.83953e-5 0 1 1.07573e-4 0 1 8.16539e-5 0 1 -6.12495e-5 0 1 -1.12154e-5 0 1 3.02717e-5 0 1 -1.51377e-5 0 1 -8.06767e-5 0 1 2.31654e-5 0 1 -3.64548e-5 0 1 -5.79199e-5 0 1 8.9723e-5 0 1 1.47704e-5 0 1 -4.3713e-6 0 1 8.97286e-5 0 1 -5.79147e-5 0 1 -3.06228e-5 0 1 -2.80644e-6 0 1 5.46837e-5 0 1 4.63317e-5 0 1 -6.72965e-5 0 1 5.52026e-5 0 1 -1.47695e-5 0 1 4.3713e-6 0 1 -5.0454e-6 0 1 -3.02717e-5 0 1 1.07569e-4 0 1 -5.92105e-6 0 1 8.1666e-5 0 1 -8.16539e-5 0 1 -1.10397e-4 0 1 -8.9723e-5 0 1 9.26719e-5 0 1 -1.07573e-4 0 1 1.21102e-4 0 1 -1.0461e-5 0 1 -4.73133e-5 0 1 1.26506e-5 0 1 -2.21529e-5 0 1 1.18292e-5 0 1 1.81262e-5 0 1 -8.19786e-5 0 1 8.49371e-5 0 1 -2.59161e-5 0 1 6.47904e-6 0 1 1.32669e-5 0 1 -9.47066e-5 0.3966238 0.7002767 0.5935505 0.5935806 0.7002616 0.3966054 0.3966385 0.700223 0.593604 0.5936468 0.7001774 0.3966548 0.1392852 0.7001869 0.7002414 0.7002482 0.7001827 0.1392722 0.1392844 0.7002058 0.7002226 0.7002147 0.7002127 0.1392895 -0.1392803 0.7002121 0.7002172 0.7002162 0.7002159 -0.1392659 -0.1393001 0.7002201 0.7002053 0.7002477 0.7001784 -0.1392961 -0.3966711 0.70019 0.5936212 0.5936471 0.7001772 -0.396655 -0.3966168 0.7001929 0.5936539 0.5935806 0.7002616 -0.3966054 -0.5936277 0.7002038 0.3966369 0.3966203 0.7002798 -0.5935492 -0.5935992 0.700236 0.396623 0.3966426 0.7002181 -0.593607 -0.7001808 0.7002527 0.1392589 0.1392906 0.7002007 -0.7002266 -0.700213 0.7002146 0.1392892 0.1392815 0.7002061 -0.7002229 -0.700213 0.7002146 -0.1392892 -0.1392844 0.7002058 -0.7002227 -0.7001808 0.7002527 -0.1392589 -0.1392868 0.7001782 -0.7002498 -0.5936005 0.7002371 -0.3966188 -0.3966711 0.70019 -0.5936212 -0.5936203 0.700194 -0.3966653 -0.3966168 0.7001929 -0.5936539 -0.5123559 0.8527122 0.1018495 -0.5123565 0.8527132 -0.1018387 -0.4343544 0.8526909 0.2902662 -0.4343539 0.8526913 -0.2902658 -0.2901953 0.8526921 0.4343996 -0.2901953 0.8526921 -0.4343996 -0.1019126 0.8527008 0.5123625 -0.1019126 0.8527008 -0.5123625 0.1019129 0.8527 0.5123637 0.1019126 0.8527008 -0.5123625 0.2902265 0.8527021 0.4343593 0.2902261 0.8527024 -0.4343587 0.4343308 0.8526787 0.2903375 0.4343419 0.8527003 -0.2902578 0.5123565 0.8527132 0.1018387 0.5123559 0.8527122 -0.1018495 -0.290226 0.8527023 0.434359 -0.4343422 0.8527001 0.2902577 -0.1019135 0.8527 0.5123637 -0.512356 0.8527135 0.1018388 0.1019034 0.8527054 0.5123566 -0.512356 0.8527135 -0.1018388 0.2902317 0.8527403 0.4342806 -0.4343184 0.8526759 -0.2903643 0.4343553 0.8526904 0.2902665 -0.290266 0.8526987 -0.4343395 0.5123566 0.8527131 0.1018389 -0.1019135 0.8527 -0.5123637 0.5123566 0.8527131 -0.1018389 0.1019033 0.8527055 -0.5123564 0.4343425 0.8526878 -0.2902933 0.2902715 0.8527368 -0.4342608 -0.2902005 0.8527082 0.4343643 -0.434355 0.8526906 0.2902663 0.1019132 0.8527007 0.5123624 0.2902063 0.852724 0.4343295 -0.4343425 0.8526878 -0.2902933 0.4343545 0.8526909 0.290266 -0.2902403 0.8527048 -0.4343446 0.5123563 0.8527133 0.1018388 0.5123563 0.8527133 -0.1018388 0.1019132 0.8527007 -0.5123624 0.2902403 0.8527048 -0.4343446 -0.4343549 0.8526905 0.2902665 -0.4343549 0.8526905 -0.2902665 -0.2901946 0.8526928 0.4343986 -0.2901946 0.8526928 -0.4343986 -0.1019129 0.8527 0.5123637 -0.1019129 0.8527 -0.5123637 0.1019126 0.8527008 0.5123625 0.2902271 0.8527013 0.4343602 0.2902268 0.8527016 -0.4343597 -0.4343425 0.8526878 0.2902933 -0.2902403 0.8527048 0.4343446 -0.4343553 0.8526904 -0.2902665 -0.290195 0.8526921 -0.4343997 0.2902404 0.8527045 0.4343448 0.4343427 0.8526876 0.2902935 0.1019132 0.8527008 -0.5123623 0.2902008 0.8527079 -0.4343649 0.4343545 0.8526909 -0.290266 -0.2902069 0.8527244 0.4343284 -0.4343528 0.8526917 0.2902666 -0.1019111 0.8526813 0.5123953 -0.5123573 0.8527128 0.1018388 0.1019134 0.8527002 0.5123631 -0.5123566 0.8527132 -0.1018386 0.2902272 0.8527021 0.4343588 -0.4343526 0.8526918 -0.2902665 0.434329 0.8526795 0.2903378 -0.290207 0.8527243 -0.4343287 0.5123573 0.8527128 0.1018388 -0.1019111 0.8526813 -0.5123952 0.5123566 0.8527132 -0.1018386 0.1019134 0.8527002 -0.5123631 0.4343289 0.8526796 -0.2903378 0.2902274 0.8527017 -0.4343591 -0.4343184 0.8526759 0.2903643 -0.2902666 0.8526979 0.4343405 -0.4343367 0.8526893 -0.2902976 -0.2902262 0.8527021 -0.4343593 0.1019034 0.8527054 0.5123565 0.2902715 0.8527368 0.4342608 0.1019034 0.8527054 -0.5123565 0.4343425 0.8526878 0.2902933 0.2902262 0.8527241 -0.4343159 0.4343553 0.8526904 -0.2902665 0.5123561 0.8527122 -0.1018496 -0.1019288 0.8526991 0.5123622 0.1019368 0.852692 0.5123723 -0.2902283 0.8526686 0.4344235 0.2902193 0.8526941 0.4343797 -0.4343328 0.8527057 0.2902554 0.4343599 0.8527064 0.290213 -0.5123667 0.8527064 0.1018447 0.5123634 0.8527011 0.1019045 -0.5123667 0.8527064 -0.1018447 0.5123634 0.8527011 -0.1019045 -0.4343328 0.8527055 -0.2902554 0.4343599 0.8527064 -0.290213 -0.2902286 0.8526684 -0.4344239 0.2902194 0.8526938 -0.4343799 -0.1019288 0.8526991 -0.5123622 0.1019368 0.852692 -0.5123723 -0.08957427 0 0.9959802 -0.08957493 0 0.9959802 0.1064502 0 0.9943181 0.1064504 0 0.994318 0.2983793 0 0.9544475 -0.282162 0 0.9593669 0.4788652 0 0.8778884 -0.2821629 0 0.9593666 -0.4638972 0 0.8858892 0.4788606 0 0.877891 0.6409276 0 0.7676014 -0.4638949 0 0.8858903 -0.6278194 0 0.7783591 0.6409313 0 0.7675984 0.7783585 0 0.6278202 -0.7676047 0 0.6409236 0.7783619 0 0.6278159 0.8858832 0 0.4639084 -0.7676082 0 0.6409195 -0.8778913 0 0.47886 0.8858832 0 0.4639083 0.9593663 0 0.2821636 -0.8778896 0 0.4788631 -0.9544475 0 0.2983791 0.9593674 0 0.2821602 0.9959802 0 0.08957445 -0.9544475 0 0.2983792 -0.9943178 0 0.1064527 0.9959802 0 0.08957445 0.9943179 0 -0.1064518 -0.9943178 0 0.1064527 -0.9959802 0 -0.08957445 0.9943178 0 -0.1064527 0.9544432 0 -0.2983928 -0.9959802 0 -0.0895754 -0.9593663 0 -0.2821636 0.9544421 0 -0.2983961 0.8778975 0 -0.4788486 -0.9593674 0 -0.2821602 -0.8858909 0 -0.4638937 0.877896 0 -0.4788513 0.7676082 0 -0.6409195 -0.8858894 0 -0.4638968 -0.7783619 0 -0.6278159 0.7676047 0 -0.6409236 0.6278122 0 -0.778365 -0.7783585 0 -0.6278202 -0.6409202 0 -0.7676075 0.6278085 0 -0.7783678 0.463904 0 -0.8858855 -0.4788638 0 -0.8778892 0.4639033 0 -0.8858859 0.313409 0 -0.9496182 0.2187849 0 -0.9757732 0.2187875 0 -0.9757725 -0.4788621 0 -0.8778902 -0.2983793 0 -0.9544475 -0.1064527 0 -0.9943178 -0.1064518 0 -0.9943179 0.08957493 0 -0.9959802 0.08957427 0 -0.9959802 0 1 1.95619e-6 0 1 -5.05585e-6 0 1 -6.78011e-6 0 1 -3.39004e-6 0 1 -1.9562e-6 0 1 -6.78008e-6 0 1 -3.91241e-6 0 1 -2.93427e-6 0 1 -1.35601e-5 0 1 5.86859e-6 0 1 -1.95619e-6 0 1 1.35601e-5 0 1 -1.35603e-5 0 1 -5.50881e-6 0 1 1.46715e-6 0 1 -1.46716e-6 0 1 1.9562e-6 0 1 -7.8248e-6 0 1 6.78016e-6 0 1 -1.95621e-6 0 1 -3.91239e-6 0 1 8.47511e-7 0 1 2.64847e-6 0 1 -3.39002e-6 0 1 1.95618e-6 0 1 -3.9124e-6 0 1 1.35603e-5 -0.2983417 0 -0.9544593 -0.4788734 0 -0.877884 -0.4787935 -1.41711e-5 -0.8779277 -0.2984485 7.08788e-6 -0.9544258 -0.2983043 0 -0.9544708 -0.4788317 0 -0.8779068 -0.6409502 0 -0.7675826 -0.640811 3.40091e-4 -0.7676987 -0.1061885 0 -0.994346 -0.1064178 -8.81133e-5 -0.9943215 -0.1064706 0 -0.9943159 -0.6414597 0 -0.7671567 -0.7782891 0 -0.6279062 -0.778298 8.58093e-5 -0.627895 -0.7784214 0 -0.6277423 0.08879363 0 -0.9960501 0.08957821 3.36835e-4 -0.9959798 0.08958619 0 -0.9959791 -0.8858993 0 -0.4638777 -0.885859 2.83452e-5 -0.4639546 0.2822351 0 -0.9593453 0.2821972 -5.66996e-5 -0.9593564 0.282173 0 -0.9593636 -0.8859576 0 -0.4637663 -0.9593657 0 -0.2821658 -0.9593532 5.66911e-5 -0.2822083 0.4637627 0 -0.8859595 0.4639528 7.08733e-6 -0.88586 0.4638157 0 -0.8859317 -0.9594082 0 -0.282021 -0.9959836 0 -0.0895366 -0.9959803 -1.70077e-4 -0.08957374 0.6285325 0 -0.7777833 0.6276441 -4.81745e-4 -0.7785003 0.6279562 0 -0.7782488 -0.9959507 0 -0.08990114 -0.994316 0 0.1064702 -0.9943162 -5.6692e-5 0.1064676 0.767709 0 -0.6407988 0.7676414 -2.83475e-5 -0.6408796 0.7674564 0 -0.6411013 -0.9943407 0 0.1062393 -0.9544372 0 0.2984122 -0.9544343 -1.70073e-4 0.298421 0.877642 0 -0.479317 0.8778596 2.2676e-4 -0.478918 0.8779398 0 -0.478771 -0.9545138 0 0.2981667 -0.8779398 0 0.478771 -0.8778596 2.2676e-4 0.478918 0.9545138 0 -0.2981667 0.9544343 -1.13382e-4 -0.298421 0.9544372 0 -0.2984122 -0.877642 0 0.479317 -0.7674564 0 0.6411013 -0.7676414 0 0.6408796 0.9943407 0 -0.1062393 0.9943162 -5.6692e-5 -0.1064676 0.994316 0 -0.1064702 -0.767709 0 0.6407988 -0.6277325 0 0.7784292 -0.6278658 -1.70088e-4 0.7783217 -0.6279602 0 0.7782454 -0.4638157 0 0.8859317 -0.4637664 1.4169e-5 0.8859575 -0.4637627 0 0.8859595 -0.282173 0 0.9593636 -0.2821972 8.85931e-5 0.9593564 -0.281918 0 0.9594385 -0.08958619 0 0.9959791 -0.08957821 2.92765e-4 0.9959798 -0.08886271 0 0.9960439 0.1064706 0 0.9943159 0.1064658 -1.41311e-4 0.9943163 0.106065 0 0.9943592 0.2984346 0 0.9544302 0.2983193 7.08481e-6 0.9544661 0.2983417 0 0.9544593 0.4788734 0 0.877884 0.4789841 1.98474e-4 0.8778237 0.4793239 0 0.8776382 0.6409502 0 0.7675826 0.640811 3.40091e-4 0.7676987 0.6414597 0 0.7671567 0.7782944 0 0.6278996 0.7784209 -1.98437e-4 0.6277427 0.7781593 0 0.6280669 0.8858993 0 0.4638777 0.885859 -2.83452e-5 0.4639546 0.8859576 0 0.4637663 0.9593657 0 0.2821658 0.9593532 5.66911e-5 0.2822083 0.9594082 0 0.282021 0.9959836 0 0.0895366 0.9959802 3.96846e-4 0.08957374 0.996042 0 0.08888489 0 1 1.8769e-5 0 1 -1.71008e-4 0 1 1.71059e-4 0 1 -8.68809e-5 0 1 1.32987e-4 0 1 -1.12742e-4 0 1 -1.06897e-5 0 1 1.66237e-5 0 1 8.55286e-5 0 1 8.55341e-5 0 1 -1.12613e-5 0 1 -2.70699e-5 0 1 -6.00583e-5 0 1 3.19312e-5 0 1 1.71061e-4 0 1 6.00621e-5 0 1 -1.7101e-4 0 1 8.55039e-5 0 1 -8.55304e-5 0 1 2.40229e-4 0 1 4.12882e-5 0 1 -3.25053e-5 0 1 -2.17192e-5 0 1 1.72811e-5 0 1 1.71033e-4 0 1 1.49305e-5 0 1 -3.25085e-5 0 1 -1.20118e-4 0 1 3.42183e-4 0 1 -6.00725e-5 0 1 6.50056e-5 0 1 -1.71074e-4 0 1 -1.20284e-5 0 1 1.71039e-4 0 1 -1.7107e-4 0 1 2.81848e-5 0 1 -3.84776e-5 0 1 2.81846e-5 0 1 -1.99304e-5 0 1 1.71071e-4 0 1 -2.81524e-5 0 1 -1.7106e-4 0 1 -1.71037e-4 0 1 -3.25063e-5 0 1 3.75356e-6 0 1 -1.20278e-5 0 1 1.06896e-5 0 1 -1.71061e-4 0 1 -4.34391e-5 0 1 4.81125e-5 0 1 6.50108e-5 0 1 -1.086e-5 0 1 -1.7105e-4 0 1 1.20124e-4 0 1 -3.7584e-5 0 1 6.00597e-5 0 1 -2.17189e-5 0 1 -5.63688e-5 0 1 2.40231e-4 0 1 1.71072e-4 0 1 -1.7106e-4 0 1 -4.81159e-5 0 1 2.17183e-5 0 1 -2.15864e-5 0 1 8.55075e-5 0 1 -1.71027e-4 0 1 6.00611e-5 0 1 -2.81855e-5 0 1 -3.00347e-5 0 1 1.71032e-4 0 1 -6.2337e-6 0 1 8.14473e-6 0 1 -2.40582e-5 0 1 1.0691e-5 0 1 -1.99296e-5 0 1 3.42114e-4 0 1 -4.98244e-6 0 1 1.71032e-4 0 1 -3.42136e-4 0 1 5.87921e-5 0 1 -6.00659e-5 0 1 1.40927e-5 0 1 3.42072e-4 0 1 -1.66226e-5 0 1 -6.50148e-5 0 1 2.0779e-6 0 1 -1.7616e-6 0 1 4.12883e-5 0 1 -8.55048e-5 0 1 -1.3535e-5 0 1 1.70994e-4 0 1 -3.2507e-5 0 1 -1.06888e-5 0 1 2.81849e-5 0 1 -1.66237e-5 0 1 -3.9004e-6 0 1 2.17196e-5 0 1 -3.25039e-5 0 1 -3.25067e-5</float_array>
          <technique_common>
            <accessor source="#Mesh1_006-mesh-normals-array" count="2637" stride="3">
              <param name="X" type="float"/>
              <param name="Y" type="float"/>
              <param name="Z" type="float"/>
            </accessor>
          </technique_common>
        </source>
        <vertices id="Mesh1_006-mesh-vertices">
          <input semantic="POSITION" source="#Mesh1_006-mesh-positions"/>
        </vertices>
        <triangles material="Material_0_006-material" count="3334">
          <input semantic="VERTEX" source="#Mesh1_006-mesh-vertices" offset="0"/>
          <input semantic="NORMAL" source="#Mesh1_006-mesh-normals" offset="1"/>
          <p>0 0 1 0 2 0 3 1 2 1 1 1 3 2 1 2 4 2 5 3 3 3 4 3 6 4 3 4 5 4 6 5 5 5 7 5 8 6 9 6 10 6 12 7 8 7 10 7 10 8 14 8 12 8 14 9 18 9 12 9 9 10 8 10 11 10 9 11 11 11 13 11 13 12 16 12 9 12 9 13 16 13 21 13 21 14 16 14 25 14 25 15 32 15 21 15 25 16 16 16 31 16 14 17 10 17 17 17 16 18 24 18 31 18 31 19 24 19 36 19 36 20 43 20 31 20 50 21 31 21 43 21 60 22 50 22 43 22 50 23 60 23 68 23 50 24 68 24 88 24 13 25 20 25 16 25 68 26 60 26 87 26 87 27 62 27 68 27 68 28 62 28 115 28 43 29 59 29 60 29 60 30 59 30 84 30 59 31 43 31 49 31 49 32 67 32 59 32 59 33 67 33 86 33 59 34 86 34 98 34 59 35 98 35 113 35 59 36 113 36 97 36 14 37 22 37 18 37 22 38 27 38 18 38 36 39 49 39 43 39 87 40 60 40 84 40 87 41 84 41 102 41 87 42 102 42 71 42 49 43 36 43 48 43 49 44 48 44 66 44 66 45 83 45 49 45 85 32 49 32 83 32 84 32 59 32 97 32 97 46 114 46 84 46 84 47 114 47 127 47 127 32 128 32 84 32 49 48 85 48 67 48 13 49 11 49 15 49 19 50 13 50 15 50 16 51 20 51 24 51 20 52 30 52 24 52 24 53 30 53 35 53 14 54 26 54 22 54 13 55 19 55 20 55 19 56 28 56 20 56 87 57 71 57 62 57 71 58 53 58 62 58 62 59 53 59 38 59 113 60 126 60 97 60 143 61 97 61 126 61 48 62 82 62 66 62 66 63 82 63 96 63 112 32 66 32 96 32 112 64 96 64 125 64 112 32 125 32 142 32 160 65 142 65 125 65 179 32 142 32 160 32 179 66 160 66 194 66 212 32 179 32 194 32 194 67 233 67 212 67 254 32 233 32 194 32 194 68 160 68 211 68 194 69 211 69 232 69 194 70 232 70 196 70 194 71 196 71 254 71 196 32 234 32 254 32 161 32 143 32 126 32 214 32 234 32 196 32 161 32 214 32 196 32 181 72 161 72 196 72 160 73 230 73 211 73 211 74 230 74 252 74 211 75 252 75 253 75 230 76 251 76 252 76 251 77 291 77 252 77 252 78 291 78 292 78 251 79 290 79 291 79 290 80 335 80 291 80 335 81 336 81 291 81 125 82 180 82 160 82 180 83 195 83 160 83 160 84 195 84 213 84 213 32 193 32 160 32 336 85 335 85 386 85 360 86 336 86 386 86 292 87 336 87 360 87 255 88 196 88 232 88 255 89 235 89 196 89 215 90 196 90 235 90 193 91 230 91 160 91 193 92 209 92 230 92 211 93 253 93 232 93 275 94 232 94 253 94 209 95 251 95 230 95 209 96 250 96 251 96 253 97 252 97 292 97 293 98 253 98 292 98 250 99 290 99 251 99 250 100 289 100 290 100 290 101 289 101 333 101 335 102 290 102 333 102 335 103 333 103 384 103 337 104 292 104 360 104 292 105 291 105 336 105 48 106 95 106 82 106 95 32 48 32 80 32 386 107 388 107 360 107 48 108 65 108 80 108 65 32 48 32 47 32 47 109 81 109 65 109 386 110 335 110 384 110 78 32 81 32 47 32 78 32 47 32 64 32 64 111 47 111 58 111 58 32 79 32 64 32 64 112 79 112 94 112 111 32 64 32 94 32 124 32 111 32 94 32 141 113 111 113 124 113 124 32 159 32 141 32 178 32 141 32 159 32 178 114 159 114 193 114 193 32 210 32 178 32 231 32 210 32 193 32 231 32 193 32 213 32 35 115 30 115 42 115 35 116 48 116 36 116 42 117 47 117 35 117 289 118 334 118 333 118 289 119 250 119 274 119 312 120 289 120 274 120 333 121 334 121 383 121 177 122 159 122 124 122 159 123 209 123 193 123 159 124 229 124 209 124 177 32 192 32 159 32 159 32 192 32 208 32 159 32 208 32 228 32 229 125 159 125 228 125 229 126 250 126 209 126 228 127 273 127 229 127 274 128 229 128 273 128 79 32 58 32 93 32 48 129 35 129 47 129 229 130 274 130 250 130 273 131 311 131 274 131 42 132 58 132 47 132 58 133 42 133 56 133 56 134 76 134 58 134 91 32 58 32 76 32 58 135 91 135 108 135 30 136 40 136 42 136 108 32 93 32 58 32 311 137 312 137 274 137 358 138 312 138 311 138 358 139 359 139 312 139 359 140 334 140 312 140 334 141 289 141 312 141 334 142 359 142 385 142 91 32 76 32 109 32 383 143 384 143 333 143 383 144 334 144 385 144 121 145 109 145 76 145 412 146 385 146 359 146 28 147 30 147 20 147 107 148 121 148 76 148 107 149 139 149 121 149 19 150 15 150 23 150 23 151 29 151 19 151 208 32 249 32 228 32 249 32 272 32 228 32 269 32 228 32 272 32 228 152 245 152 273 152 269 153 245 153 228 153 245 154 310 154 273 154 139 155 107 155 157 155 157 32 175 32 139 32 190 32 139 32 175 32 190 156 175 156 205 156 225 32 190 32 205 32 205 32 245 32 225 32 358 157 311 157 357 157 357 158 411 158 358 158 359 159 358 159 411 159 411 160 434 160 359 160 359 161 434 161 435 161 245 32 205 32 268 32 245 162 269 162 225 162 245 163 268 163 286 163 245 164 286 164 307 164 245 32 307 32 329 32 329 165 310 165 245 165 310 166 311 166 273 166 329 167 356 167 310 167 356 168 357 168 310 168 310 169 357 169 311 169 356 170 410 170 357 170 410 171 411 171 357 171 411 172 410 172 459 172 434 173 411 173 459 173 459 174 486 174 434 174 434 175 486 175 487 175 157 32 107 32 174 32 412 176 359 176 435 176 172 32 174 32 107 32 156 177 172 177 107 177 487 178 435 178 434 178 107 179 138 179 156 179 138 32 171 32 156 32 382 180 356 180 329 180 356 181 382 181 409 181 307 182 353 182 329 182 329 32 353 32 376 32 376 183 404 183 329 183 356 184 409 184 410 184 410 185 409 185 458 185 459 186 410 186 458 186 459 187 458 187 513 187 486 188 459 188 513 188 513 189 535 189 486 189 486 190 535 190 536 190 189 191 171 191 138 191 189 32 138 32 204 32 224 32 189 32 204 32 75 192 76 192 56 192 75 193 107 193 76 193 106 194 107 194 75 194 56 195 55 195 75 195 55 196 74 196 75 196 224 197 204 197 244 197 224 198 244 198 267 198 285 199 224 199 267 199 306 200 285 200 267 200 328 32 285 32 306 32 328 201 306 201 352 201 352 202 375 202 328 202 403 32 328 32 375 32 375 203 426 203 403 203 403 32 426 32 448 32 448 32 426 32 455 32 499 32 448 32 455 32 455 204 507 204 499 204 483 32 507 32 455 32 483 205 455 205 432 205 432 32 508 32 483 32 508 206 532 206 483 206 508 32 555 32 532 32 555 207 533 207 532 207 382 208 329 208 404 208 382 209 404 209 374 209 374 210 351 210 382 210 351 211 374 211 327 211 351 212 327 212 305 212 327 32 224 32 305 32 351 32 425 32 382 32 447 32 382 32 425 32 447 32 456 32 382 32 382 213 456 213 433 213 556 32 533 32 555 32 556 214 485 214 533 214 485 215 510 215 533 215 485 216 433 216 510 216 509 217 510 217 433 217 484 218 509 218 433 218 409 219 457 219 458 219 409 220 382 220 433 220 456 32 484 32 433 32 433 221 485 221 457 221 458 222 457 222 512 222 433 223 457 223 409 223 485 224 511 224 457 224 513 225 458 225 512 225 513 226 512 226 560 226 511 227 512 227 457 227 559 228 512 228 511 228 224 229 285 229 305 229 560 230 535 230 513 230 560 231 580 231 535 231 535 232 580 232 581 232 559 233 560 233 512 233 560 234 559 234 598 234 455 235 426 235 482 235 482 236 407 236 455 236 580 237 560 237 598 237 598 238 613 238 580 238 580 239 613 239 614 239 407 240 482 240 454 240 454 241 431 241 407 241 431 242 355 242 407 242 407 243 355 243 379 243 432 244 407 244 379 244 485 245 556 245 576 245 485 246 576 246 579 246 579 32 558 32 485 32 558 247 534 247 485 247 559 248 511 248 557 248 557 249 596 249 559 249 598 250 559 250 596 250 628 251 598 251 596 251 534 252 557 252 511 252 577 253 557 253 534 253 577 254 594 254 557 254 534 255 511 255 485 255 558 32 578 32 534 32 597 256 534 256 578 256 534 257 597 257 595 257 596 258 557 258 594 258 596 259 594 259 627 259 627 260 628 260 596 260 628 261 613 261 598 261 628 262 642 262 613 262 613 263 642 263 643 263 654 264 628 264 627 264 642 265 628 265 654 265 654 266 664 266 642 266 642 267 664 267 665 267 581 268 536 268 535 268 643 269 614 269 613 269 581 270 580 270 614 270 643 271 642 271 665 271 627 272 594 272 626 272 627 273 626 273 651 273 594 274 577 274 612 274 654 275 627 275 651 275 673 276 654 276 651 276 534 32 595 32 577 32 575 32 577 32 595 32 593 32 577 32 575 32 624 277 577 277 593 277 577 278 624 278 639 278 639 32 625 32 577 32 673 279 664 279 654 279 673 280 685 280 664 280 664 281 685 281 686 281 432 282 379 282 429 282 432 283 530 283 508 283 432 32 505 32 530 32 479 32 505 32 432 32 429 284 479 284 432 284 479 285 429 285 504 285 429 286 478 286 504 286 451 32 478 32 429 32 478 32 451 32 503 32 529 287 503 287 451 287 529 288 553 288 503 288 575 32 503 32 553 32 593 32 575 32 553 32 686 289 665 289 664 289 406 290 429 290 379 290 407 291 432 291 455 291 551 292 529 292 451 292 406 293 379 293 332 293 430 294 406 294 332 294 406 295 430 295 452 295 429 296 406 296 451 296 477 297 451 297 406 297 502 298 451 298 477 298 502 299 528 299 451 299 452 300 430 300 480 300 480 301 477 301 452 301 480 302 501 302 477 302 477 303 501 303 527 303 355 304 332 304 379 304 332 305 355 305 288 305 332 306 288 306 309 306 331 307 332 307 309 307 331 308 381 308 332 308 309 309 288 309 271 309 271 310 288 310 227 310 227 311 248 311 271 311 287 312 271 312 248 312 287 313 308 313 271 313 271 314 308 314 331 314 271 315 331 315 309 315 288 316 355 316 380 316 408 317 288 317 380 317 308 318 287 318 330 318 308 319 330 319 354 319 354 320 378 320 308 320 528 32 551 32 451 32 528 32 502 32 550 32 550 32 502 32 573 32 577 321 625 321 612 321 574 32 573 32 502 32 453 322 355 322 431 322 477 323 527 323 502 323 552 324 502 324 527 324 552 32 574 32 502 32 552 325 592 325 574 325 501 326 476 326 527 326 527 327 476 327 549 327 592 328 552 328 611 328 592 329 611 329 623 329 623 330 638 330 592 330 207 331 248 331 227 331 649 32 638 32 623 32 649 332 641 332 638 332 653 333 638 333 641 333 612 334 653 334 641 334 650 335 653 335 612 335 640 32 650 32 612 32 612 336 625 336 640 336 641 337 626 337 612 337 354 338 330 338 377 338 354 339 377 339 405 339 354 340 405 340 428 340 554 341 501 341 480 341 431 342 454 342 481 342 431 343 481 343 506 343 506 344 531 344 431 344 626 345 594 345 612 345 652 346 626 346 641 346 652 347 651 347 626 347 652 348 641 348 663 348 663 349 675 349 652 349 672 350 652 350 675 350 672 351 673 351 651 351 690 352 672 352 675 352 691 353 672 353 690 353 707 354 691 354 690 354 701 355 691 355 707 355 691 356 701 356 685 356 707 357 710 357 701 357 701 358 710 358 711 358 711 359 702 359 701 359 649 360 671 360 641 360 641 361 671 361 682 361 682 32 674 32 641 32 663 362 684 362 675 362 675 363 684 363 694 363 651 364 652 364 672 364 690 365 675 365 694 365 694 366 706 366 690 366 674 367 663 367 641 367 683 368 663 368 674 368 663 32 683 32 692 32 663 369 692 369 693 369 706 370 707 370 690 370 691 371 673 371 672 371 705 372 707 372 706 372 685 373 673 373 691 373 685 374 701 374 702 374 707 375 705 375 710 375 710 376 705 376 708 376 622 377 611 377 552 377 552 378 610 378 622 378 591 32 610 32 552 32 621 32 610 32 591 32 591 379 637 379 621 379 648 32 637 32 591 32 591 32 583 32 648 32 644 32 648 32 583 32 583 380 629 380 644 380 655 381 644 381 629 381 655 32 666 32 644 32 666 382 655 382 676 382 666 32 676 32 684 32 693 32 666 32 684 32 710 383 712 383 711 383 686 384 685 384 702 384 712 383 709 383 711 383 696 385 706 385 694 385 696 386 688 386 706 386 706 387 688 387 705 387 688 388 698 388 705 388 684 389 696 389 694 389 705 390 698 390 708 390 698 391 699 391 708 391 676 392 695 392 684 392 663 32 693 32 684 32 695 393 703 393 684 393 704 32 684 32 703 32 696 394 669 394 688 394 669 395 681 395 688 395 684 396 678 396 696 396 684 32 704 32 678 32 678 397 704 397 697 397 697 32 687 32 678 32 687 398 668 398 678 398 656 399 678 399 668 399 656 400 669 400 678 400 698 401 679 401 699 401 679 402 680 402 699 402 699 403 680 403 700 403 700 404 709 404 699 404 712 404 699 404 709 404 678 405 669 405 696 405 669 406 656 406 634 406 634 407 659 407 669 407 656 32 668 32 630 32 630 408 645 408 656 408 667 409 656 409 645 409 667 410 677 410 656 410 677 32 670 32 656 32 681 411 698 411 688 411 659 412 681 412 669 412 659 413 658 413 681 413 658 414 679 414 681 414 681 415 679 415 698 415 679 416 658 416 657 416 679 417 657 417 680 417 661 418 680 418 657 418 680 419 661 419 662 419 662 420 689 420 680 420 700 421 680 421 689 421 645 32 630 32 616 32 616 422 630 422 584 422 587 423 616 423 584 423 492 424 587 424 584 424 587 32 492 32 563 32 583 32 615 32 629 32 615 425 583 425 599 425 599 426 583 426 538 426 538 427 601 427 599 427 585 428 601 428 538 428 585 32 538 32 562 32 538 32 492 32 562 32 538 429 583 429 539 429 539 430 491 430 538 430 539 431 494 431 491 431 491 432 494 432 462 432 438 433 491 433 462 433 492 434 491 434 438 434 563 435 492 435 540 435 583 436 600 436 539 436 609 437 600 437 583 437 600 438 609 438 572 438 540 32 492 32 517 32 632 439 658 439 659 439 632 440 631 440 658 440 657 441 658 441 631 441 657 442 631 442 635 442 661 443 647 443 662 443 634 444 632 444 659 444 634 32 656 32 670 32 660 32 634 32 670 32 646 32 634 32 660 32 619 32 634 32 646 32 604 445 634 445 619 445 635 446 661 446 657 446 631 447 607 447 635 447 607 448 605 448 635 448 606 449 635 449 605 449 647 450 635 450 606 450 635 451 647 451 661 451 647 452 606 452 636 452 631 453 632 453 602 453 632 454 634 454 604 454 589 32 604 32 619 32 567 32 604 32 589 32 604 32 567 32 618 32 604 32 618 32 633 32 633 455 617 455 604 455 617 456 565 456 604 456 602 457 604 457 565 457 662 458 647 458 636 458 620 459 636 459 606 459 567 32 589 32 545 32 519 460 567 460 545 460 517 32 492 32 442 32 517 461 442 461 520 461 442 462 497 462 520 462 466 463 497 463 442 463 397 32 466 32 442 32 496 32 466 32 397 32 496 32 519 32 466 32 545 32 466 32 519 32 607 464 570 464 605 464 570 465 569 465 605 465 569 466 568 466 605 466 568 467 606 467 605 467 606 468 568 468 590 468 602 469 607 469 631 469 571 470 607 470 602 470 604 471 602 471 632 471 565 472 571 472 602 472 467 32 496 32 397 32 565 32 617 32 603 32 603 32 588 32 565 32 588 473 543 473 565 473 518 474 565 474 543 474 443 32 467 32 397 32 620 475 606 475 590 475 420 32 443 32 397 32 420 476 397 476 344 476 344 477 419 477 420 477 344 478 396 478 419 478 344 479 366 479 396 479 319 480 366 480 344 480 319 481 395 481 366 481 395 32 418 32 366 32 441 32 366 32 418 32 441 482 418 482 465 482 441 32 465 32 495 32 518 32 495 32 465 32 565 483 518 483 571 483 465 32 544 32 518 32 518 484 543 484 495 484 566 485 518 485 544 485 518 486 566 486 582 486 516 32 518 32 582 32 516 487 571 487 518 487 571 488 570 488 607 488 516 489 548 489 571 489 548 490 570 490 571 490 548 491 524 491 570 491 399 32 395 32 319 32 399 32 319 32 367 32 347 492 367 492 319 492 347 32 319 32 296 32 347 32 296 32 363 32 319 493 344 493 300 493 344 494 345 494 300 494 345 495 320 495 300 495 300 496 320 496 261 496 279 497 300 497 261 497 279 498 319 498 300 498 219 499 279 499 261 499 257 500 279 500 219 500 279 501 257 501 296 501 363 502 296 502 340 502 397 503 345 503 344 503 397 504 398 504 345 504 345 505 398 505 341 505 561 32 516 32 582 32 516 32 561 32 537 32 489 32 516 32 537 32 489 32 461 32 516 32 472 506 516 506 461 506 315 32 340 32 296 32 516 507 472 507 548 507 524 508 569 508 570 508 522 509 569 509 524 509 548 510 472 510 524 510 524 511 472 511 471 511 524 512 471 512 522 512 522 513 568 513 569 513 568 514 522 514 523 514 568 515 523 515 547 515 471 516 470 516 522 516 315 32 296 32 238 32 316 32 315 32 238 32 364 517 315 517 316 517 364 518 391 518 315 518 364 32 416 32 391 32 437 32 391 32 416 32 416 32 461 32 437 32 523 519 522 519 470 519 523 520 470 520 498 520 320 521 345 521 341 521 341 522 298 522 320 522 523 523 498 523 547 523 498 524 470 524 444 524 498 525 444 525 469 525 498 526 469 526 521 526 470 527 471 527 423 527 437 32 461 32 489 32 547 528 498 528 521 528 547 529 590 529 568 529 472 530 445 530 471 530 461 531 416 531 488 531 488 532 515 532 461 532 473 533 461 533 515 533 402 534 461 534 473 534 546 535 521 535 469 535 422 536 469 536 444 536 469 537 422 537 468 537 469 538 468 538 514 538 470 539 423 539 444 539 400 540 444 540 423 540 471 541 445 541 423 541 370 542 423 542 445 542 472 543 402 543 445 543 473 32 446 32 402 32 402 544 472 544 461 544 446 545 424 545 402 545 373 546 402 546 424 546 373 32 350 32 402 32 402 547 350 547 370 547 546 548 469 548 514 548 421 549 468 549 422 549 436 550 468 550 421 550 468 551 436 551 460 551 444 552 400 552 422 552 422 553 400 553 369 553 257 554 219 554 216 554 257 555 238 555 296 555 257 556 216 556 236 556 400 557 423 557 370 557 400 558 370 558 348 558 302 559 370 559 350 559 402 560 370 560 445 560 319 561 279 561 296 561 236 562 238 562 257 562 238 563 297 563 316 563 238 564 277 564 297 564 238 565 258 565 277 565 202 32 258 32 238 32 266 32 258 32 202 32 243 32 266 32 202 32 222 32 243 32 202 32 170 32 222 32 202 32 222 566 170 566 242 566 222 567 242 567 265 567 222 568 265 568 284 568 304 32 284 32 265 32 326 569 284 569 304 569 304 570 350 570 326 570 197 571 238 571 236 571 460 572 514 572 468 572 372 32 350 32 304 32 373 32 326 32 350 32 350 573 371 573 302 573 401 32 350 32 372 32 350 574 401 574 371 574 223 575 242 575 170 575 170 576 203 576 223 576 188 577 203 577 170 577 188 32 170 32 135 32 186 32 188 32 135 32 197 578 236 578 216 578 197 579 216 579 163 579 197 580 163 580 182 580 202 581 197 581 182 581 348 582 369 582 400 582 349 32 302 32 371 32 302 583 348 583 370 583 302 584 323 584 348 584 324 585 302 585 349 585 324 586 282 586 302 586 282 32 264 32 302 32 369 587 348 587 323 587 369 588 323 588 368 588 368 589 421 589 369 589 421 590 422 590 369 590 390 591 421 591 368 591 436 592 421 592 390 592 436 593 414 593 460 593 414 594 436 594 390 594 186 32 135 32 168 32 135 595 151 595 168 595 182 596 170 596 202 596 182 597 152 597 170 597 182 598 163 598 129 598 238 599 197 599 202 599 151 32 135 32 118 32 118 600 169 600 151 600 151 601 169 601 187 601 151 602 187 602 201 602 201 603 187 603 221 603 221 604 241 604 201 604 264 32 241 32 221 32 460 605 414 605 415 605 368 606 323 606 322 606 368 607 322 607 339 607 390 608 368 608 339 608 361 609 390 609 339 609 264 610 323 610 302 610 361 611 414 611 390 611 362 612 414 612 361 612 264 613 221 613 283 613 282 32 241 32 264 32 283 32 303 32 264 32 303 614 325 614 264 614 325 32 281 32 264 32 264 615 281 615 322 615 216 616 237 616 163 616 170 617 152 617 135 617 135 618 152 618 103 618 152 619 182 619 129 619 152 620 129 620 145 620 152 621 145 621 134 621 119 622 134 622 145 622 103 623 134 623 119 623 103 624 118 624 135 624 72 625 103 625 119 625 103 626 72 626 90 626 103 627 90 627 118 627 118 628 90 628 101 628 118 32 101 32 133 32 133 629 150 629 118 629 118 630 150 630 167 630 129 631 163 631 130 631 129 632 99 632 145 632 99 633 129 633 116 633 89 634 99 634 116 634 61 635 99 635 89 635 61 636 89 636 69 636 61 637 69 637 52 637 61 638 52 638 44 638 61 639 44 639 70 639 116 640 129 640 130 640 89 641 116 641 130 641 117 642 89 642 130 642 117 643 100 643 89 643 44 644 52 644 37 644 33 645 44 645 37 645 33 646 51 646 44 646 167 647 169 647 118 647 33 648 45 648 51 648 51 649 45 649 53 649 53 650 72 650 51 650 149 32 133 32 101 32 101 651 148 651 149 651 323 652 264 652 322 652 101 653 132 653 148 653 325 32 321 32 281 32 90 654 72 654 53 654 101 655 71 655 102 655 90 656 71 656 101 656 414 657 362 657 415 657 102 32 132 32 101 32 147 32 132 32 102 32 132 658 147 658 166 658 185 659 132 659 166 659 200 32 185 32 166 32 185 32 200 32 220 32 200 660 240 660 220 660 220 661 240 661 263 661 281 662 263 662 240 662 263 663 281 663 301 663 301 664 281 664 321 664 281 665 240 665 294 665 389 666 415 666 362 666 33 667 38 667 45 667 33 668 37 668 27 668 33 669 27 669 22 669 322 670 281 670 294 670 89 671 100 671 69 671 362 672 361 672 314 672 338 673 362 673 314 673 362 674 338 674 389 674 338 675 314 675 293 675 337 676 338 676 293 676 338 677 337 677 387 677 314 678 361 678 313 678 314 679 313 679 275 679 313 680 361 680 339 680 339 681 294 681 313 681 313 682 294 682 255 682 389 683 338 683 387 683 294 684 339 684 322 684 240 685 255 685 294 685 413 686 387 686 337 686 200 687 262 687 240 687 262 32 280 32 240 32 280 32 295 32 240 32 235 32 240 32 295 32 337 688 293 688 292 688 293 689 314 689 275 689 293 690 275 690 253 690 275 691 255 691 232 691 275 692 313 692 255 692 235 693 255 693 240 693 295 694 276 694 235 694 256 695 235 695 276 695 388 696 413 696 337 696 215 32 235 32 256 32 360 697 388 697 337 697 102 698 162 698 147 698 102 699 144 699 162 699 102 700 128 700 144 700 196 701 215 701 181 701 71 702 90 702 53 702 161 32 181 32 143 32 84 703 128 703 102 703 33 704 22 704 38 704 38 705 53 705 45 705 117 706 131 706 100 706 24 707 35 707 36 707 184 708 216 708 219 708 219 709 199 709 184 709 165 710 184 710 199 710 146 711 184 711 165 711 165 712 131 712 146 712 117 713 146 713 131 713 117 714 164 714 146 714 165 715 183 715 131 715 487 716 486 716 536 716 28 717 40 717 30 717 199 718 219 718 217 718 165 719 199 719 217 719 198 720 165 720 217 720 165 721 198 721 183 721 198 722 218 722 183 722 28 723 39 723 40 723 40 724 56 724 42 724 55 725 40 725 39 725 40 726 55 726 56 726 261 727 217 727 219 727 29 728 39 728 28 728 29 729 41 729 39 729 29 730 23 730 34 730 29 731 28 731 19 731 41 732 54 732 39 732 55 733 39 733 54 733 29 734 34 734 41 734 41 735 34 735 46 735 46 736 57 736 41 736 57 737 54 737 41 737 54 738 57 738 73 738 73 739 74 739 54 739 74 740 55 740 54 740 73 741 105 741 74 741 74 742 105 742 106 742 75 743 74 743 106 743 57 744 46 744 63 744 57 745 63 745 77 745 57 746 77 746 73 746 73 747 77 747 104 747 105 748 137 748 106 748 155 749 106 749 137 749 138 750 106 750 155 750 138 751 107 751 106 751 155 752 173 752 138 752 73 753 104 753 105 753 136 754 105 754 104 754 153 755 105 755 136 755 104 756 77 756 120 756 77 757 63 757 92 757 77 758 92 758 110 758 123 759 77 759 110 759 105 760 154 760 137 760 136 761 104 761 120 761 123 762 120 762 77 762 92 763 122 763 110 763 140 764 110 764 122 764 140 765 122 765 158 765 158 766 122 766 176 766 191 767 158 767 176 767 206 768 158 768 191 768 206 769 191 769 226 769 226 770 246 770 206 770 246 771 226 771 270 771 191 772 176 772 207 772 227 773 191 773 207 773 227 774 247 774 191 774 549 775 552 775 527 775 549 776 591 776 552 776 428 777 476 777 501 777 591 778 549 778 572 778 476 779 526 779 549 779 450 780 476 780 428 780 476 781 450 781 475 781 405 782 377 782 427 782 405 783 450 783 428 783 427 784 449 784 405 784 449 785 475 785 405 785 526 786 572 786 549 786 526 787 564 787 572 787 564 788 586 788 572 788 609 789 591 789 572 789 586 790 564 790 542 790 539 791 586 791 542 791 539 792 542 792 494 792 542 793 564 793 493 793 564 794 541 794 493 794 493 795 541 795 500 795 500 796 463 796 493 796 500 797 474 797 463 797 463 798 474 798 439 798 417 799 463 799 439 799 417 800 493 800 463 800 417 801 464 801 493 801 494 802 493 802 464 802 538 803 491 803 492 803 526 804 476 804 475 804 526 805 608 805 564 805 440 806 494 806 464 806 494 807 542 807 493 807 417 808 440 808 464 808 417 809 439 809 394 809 417 810 394 810 365 810 492 811 584 811 562 811 438 812 442 812 492 812 417 813 365 813 440 813 474 814 500 814 449 814 449 815 500 815 525 815 462 816 392 816 438 816 438 817 392 817 398 817 462 818 494 818 440 818 405 819 475 819 450 819 394 820 343 820 365 820 318 821 365 821 343 821 318 822 393 822 365 822 427 823 474 823 449 823 442 824 438 824 398 824 442 825 398 825 397 825 398 826 392 826 341 826 490 827 392 827 462 827 299 828 318 828 343 828 318 829 299 829 278 829 318 830 278 830 342 830 278 831 317 831 342 831 341 832 342 832 317 832 342 833 341 833 392 833 278 834 298 834 317 834 278 835 299 835 259 835 239 836 278 836 259 836 298 837 341 837 317 837 239 838 298 838 278 838 239 839 218 839 198 839 218 840 239 840 259 840 239 841 198 841 260 841 346 842 261 842 320 842 713 843 714 843 715 843 716 844 715 844 714 844 717 845 713 845 715 845 715 846 716 846 718 846 717 847 715 847 719 847 719 848 720 848 717 848 720 849 719 849 721 849 722 850 723 850 724 850 725 851 726 851 727 851 728 852 729 852 730 852 728 853 730 853 732 853 728 854 732 854 736 854 728 855 736 855 733 855 733 856 731 856 728 856 736 857 732 857 741 857 729 858 728 858 731 858 749 859 736 859 741 859 731 860 734 860 729 860 749 861 743 861 736 861 734 862 739 862 729 862 729 863 739 863 746 863 746 864 753 864 729 864 741 865 755 865 749 865 755 866 766 866 749 866 749 867 766 867 769 867 769 868 758 868 749 868 734 869 745 869 739 869 735 870 741 870 732 870 743 871 733 871 736 871 735 872 748 872 741 872 742 873 733 873 743 873 733 874 742 874 737 874 730 875 735 875 732 875 733 876 737 876 731 876 731 877 737 877 738 877 758 878 743 878 749 878 748 879 755 879 741 879 758 880 756 880 743 880 748 881 765 881 755 881 734 882 731 882 738 882 761 883 753 883 746 883 738 884 744 884 734 884 740 885 753 885 761 885 765 886 766 886 755 886 758 887 769 887 775 887 782 888 766 888 765 888 758 889 775 889 772 889 745 890 734 890 744 890 744 891 760 891 745 891 758 892 772 892 756 892 765 893 791 893 782 893 773 894 756 894 772 894 799 895 782 895 791 895 757 892 756 892 773 892 804 896 782 896 799 896 756 897 757 897 742 897 804 898 793 898 782 898 804 892 787 892 793 892 769 899 793 899 787 899 757 900 750 900 742 900 748 901 764 901 765 901 743 902 756 902 742 902 764 903 781 903 765 903 735 904 747 904 748 904 750 905 737 905 742 905 750 906 751 906 737 906 735 907 730 907 740 907 737 908 751 908 738 908 751 909 752 909 738 909 740 910 761 910 763 910 740 911 747 911 735 911 763 912 754 912 740 912 765 913 781 913 791 913 754 914 763 914 762 914 762 915 747 915 754 915 754 916 747 916 740 916 762 917 771 917 747 917 747 918 764 918 748 918 771 919 764 919 747 919 771 920 780 920 764 920 791 921 781 921 798 921 798 922 808 922 791 922 808 923 809 923 791 923 808 924 798 924 814 924 821 925 808 925 814 925 821 926 822 926 808 926 780 927 798 927 781 927 797 928 798 928 780 928 778 929 780 929 771 929 780 930 781 930 764 930 762 931 778 931 771 931 762 932 763 932 779 932 762 933 779 933 790 933 790 933 789 933 762 933 787 892 775 892 769 892 822 892 809 892 808 892 809 892 799 892 791 892 814 934 828 934 821 934 828 935 835 935 821 935 821 892 835 892 834 892 797 936 814 936 798 936 814 937 797 937 813 937 778 938 797 938 780 938 797 939 778 939 796 939 778 940 762 940 789 940 789 941 790 941 806 941 789 941 806 941 807 941 807 942 796 942 789 942 821 943 834 943 822 943 834 944 835 944 850 944 828 945 842 945 835 945 842 946 851 946 835 946 813 947 828 947 814 947 827 948 828 948 813 948 796 949 813 949 797 949 796 950 812 950 813 950 789 951 796 951 778 951 807 952 812 952 796 952 806 953 820 953 807 953 744 954 738 954 752 954 744 955 752 955 759 955 850 956 835 956 851 956 850 892 851 892 864 892 757 957 773 957 783 957 856 958 851 958 842 958 774 959 757 959 783 959 865 960 851 960 856 960 757 961 774 961 767 961 827 962 842 962 828 962 750 963 757 963 767 963 752 964 751 964 768 964 752 965 768 965 770 965 759 966 752 966 770 966 759 967 760 967 744 967 770 968 776 968 759 968 777 969 759 969 776 969 776 969 795 969 777 969 774 970 785 970 767 970 767 971 751 971 750 971 785 972 784 972 767 972 768 973 767 973 784 973 767 974 768 974 751 974 784 975 786 975 768 975 770 976 768 976 786 976 770 977 786 977 788 977 776 978 770 978 788 978 776 979 788 979 794 979 759 967 777 967 760 967 794 980 795 980 776 980 794 981 811 981 795 981 792 982 785 982 774 982 792 983 802 983 785 983 800 892 785 892 802 892 800 984 784 984 785 984 784 985 800 985 801 985 784 986 801 986 786 986 786 987 801 987 803 987 788 988 786 988 803 988 805 989 788 989 803 989 794 990 788 990 805 990 805 991 810 991 794 991 811 992 794 992 810 992 810 993 824 993 811 993 792 994 774 994 783 994 802 892 816 892 800 892 815 995 800 995 816 995 815 996 801 996 800 996 815 997 817 997 801 997 817 998 803 998 801 998 818 999 803 999 817 999 805 1000 803 1000 818 1000 818 1001 819 1001 805 1001 810 1002 805 1002 819 1002 810 1003 819 1003 823 1003 823 1004 824 1004 810 1004 823 1005 838 1005 824 1005 815 1006 816 1006 830 1006 830 1007 836 1007 815 1007 829 1008 815 1008 836 1008 829 1009 817 1009 815 1009 829 1010 818 1010 817 1010 831 1011 818 1011 829 1011 831 1012 819 1012 818 1012 819 1013 831 1013 832 1013 823 1014 819 1014 832 1014 832 1015 837 1015 823 1015 838 1016 823 1016 837 1016 837 1017 853 1017 838 1017 836 1018 830 1018 844 1018 836 892 844 892 843 892 831 1019 829 1019 845 1019 831 1020 845 1020 846 1020 832 1021 831 1021 846 1021 832 1022 846 1022 847 1022 837 1023 832 1023 847 1023 837 1024 847 1024 852 1024 843 1025 844 1025 858 1025 843 1026 829 1026 836 1026 843 1027 858 1027 857 1027 843 1028 857 1028 845 1028 845 1029 829 1029 843 1029 857 1030 859 1030 845 1030 846 1031 845 1031 859 1031 846 1032 859 1032 860 1032 847 1033 846 1033 860 1033 861 1034 847 1034 860 1034 852 1035 853 1035 837 1035 852 1036 867 1036 853 1036 852 1037 847 1037 861 1037 861 1038 866 1038 852 1038 867 1039 852 1039 866 1039 866 1040 881 1040 867 1040 871 892 857 892 858 892 871 892 872 892 857 892 859 1041 857 1041 872 1041 872 1042 873 1042 859 1042 860 1043 859 1043 873 1043 873 1044 874 1044 860 1044 861 1045 860 1045 874 1045 874 1046 875 1046 861 1046 866 1047 861 1047 875 1047 866 1048 875 1048 880 1048 880 1049 881 1049 866 1049 880 1049 894 1049 881 1049 885 1050 872 1050 871 1050 885 1051 892 1051 872 1051 872 1052 892 1052 886 1052 886 1053 873 1053 872 1053 874 1054 873 1054 886 1054 874 1055 886 1055 887 1055 875 1056 874 1056 887 1056 875 1057 887 1057 888 1057 880 1058 875 1058 888 1058 888 1059 893 1059 880 1059 894 1060 880 1060 893 1060 893 1060 909 1060 894 1060 899 892 892 892 885 892 899 1061 900 1061 892 1061 900 1062 886 1062 892 1062 900 1063 901 1063 886 1063 887 1064 886 1064 901 1064 887 1065 901 1065 902 1065 888 1066 887 1066 902 1066 888 1067 902 1067 903 1067 893 1068 888 1068 903 1068 893 1069 903 1069 908 1069 908 1070 909 1070 893 1070 908 1070 923 1070 909 1070 899 892 913 892 900 892 900 892 913 892 921 892 900 1071 914 1071 901 1071 900 1072 921 1072 914 1072 902 1073 901 1073 914 1073 915 1074 902 1074 914 1074 903 1075 902 1075 915 1075 916 1076 903 1076 915 1076 908 1077 903 1077 916 1077 908 1078 916 1078 922 1078 913 892 928 892 921 892 928 1079 935 1079 921 1079 929 1080 921 1080 935 1080 929 1081 914 1081 921 1081 923 1082 908 1082 922 1082 922 1083 937 1083 923 1083 915 1084 914 1084 929 1084 915 1085 929 1085 930 1085 916 1086 915 1086 930 1086 916 1087 930 1087 931 1087 922 1088 916 1088 931 1088 931 1089 936 1089 922 1089 922 1090 936 1090 946 1090 922 1091 946 1091 937 1091 942 892 935 892 928 892 942 1092 943 1092 935 1092 943 1093 929 1093 935 1093 943 1094 944 1094 929 1094 944 1095 930 1095 929 1095 944 1096 945 1096 930 1096 945 1097 931 1097 930 1097 945 1098 939 1098 931 1098 936 1099 931 1099 939 1099 936 1100 939 1100 947 1100 938 1101 936 1101 947 1101 936 1102 938 1102 946 1102 942 1103 951 1103 943 1103 952 892 943 892 951 892 943 1104 952 1104 944 1104 952 1105 950 1105 944 1105 944 1106 950 1106 945 1106 950 1107 941 1107 945 1107 939 1108 945 1108 941 1108 941 1109 932 1109 939 1109 924 1110 939 1110 932 1110 939 1111 924 1111 947 1111 924 1112 938 1112 947 1112 924 1113 925 1113 938 1113 951 892 953 892 952 892 952 892 953 892 949 892 952 1114 949 1114 950 1114 950 1115 949 1115 940 1115 940 1116 941 1116 950 1116 941 1117 940 1117 926 1117 941 1118 926 1118 932 1118 932 1119 926 1119 918 1119 924 1120 932 1120 918 1120 918 1121 910 1121 924 1121 925 1122 924 1122 910 1122 910 1122 917 1122 925 1122 949 1123 953 1123 948 1123 948 1124 934 1124 949 1124 949 1125 934 1125 940 1125 934 1126 927 1126 940 1126 934 1127 948 1127 933 1127 933 892 920 892 934 892 926 1128 911 1128 918 1128 911 1129 896 1129 918 1129 927 1130 926 1130 940 1130 934 1131 920 1131 927 1131 927 1132 920 1132 912 1132 912 1133 911 1133 927 1133 910 1134 918 1134 896 1134 910 1135 896 1135 905 1135 927 1136 911 1136 926 1136 912 1137 897 1137 911 1137 896 1138 911 1138 897 1138 896 1139 897 1139 889 1139 882 1140 896 1140 889 1140 896 1141 882 1141 905 1141 905 1142 917 1142 910 1142 904 1143 905 1143 882 1143 905 1142 904 1142 917 1142 933 892 919 892 920 892 907 892 920 892 919 892 882 1143 895 1143 904 1143 920 1144 907 1144 912 1144 907 1145 898 1145 912 1145 897 1146 912 1146 898 1146 898 1147 883 1147 897 1147 889 1148 897 1148 883 1148 889 1149 883 1149 868 1149 882 1150 889 1150 868 1150 882 1151 868 1151 877 1151 877 1152 876 1152 882 1152 882 1153 876 1153 895 1153 906 1154 907 1154 919 1154 906 892 891 892 907 892 891 1155 898 1155 907 1155 898 1156 891 1156 884 1156 898 1157 884 1157 883 1157 883 1158 884 1158 869 1158 868 1159 883 1159 869 1159 854 1160 868 1160 869 1160 863 1161 868 1161 854 1161 868 1162 863 1162 877 1162 876 1163 877 1163 863 1163 863 1164 862 1164 876 1164 906 892 890 892 891 892 879 1165 891 1165 890 1165 879 1166 884 1166 891 1166 879 1167 870 1167 884 1167 870 1168 869 1168 884 1168 855 1169 869 1169 870 1169 854 1170 869 1170 855 1170 855 1171 840 1171 854 1171 849 1172 854 1172 840 1172 863 1173 854 1173 849 1173 849 1174 862 1174 863 1174 849 1175 848 1175 862 1175 890 1176 878 1176 879 1176 878 892 865 892 879 892 870 1177 879 1177 865 1177 865 892 878 892 864 892 840 1178 826 1178 849 1178 856 1179 870 1179 865 1179 856 1180 855 1180 870 1180 841 1181 855 1181 856 1181 841 1182 840 1182 855 1182 840 1183 841 1183 833 1183 841 1184 856 1184 842 1184 841 1185 842 1185 827 1185 833 1186 841 1186 827 1186 833 1187 827 1187 812 1187 826 1188 833 1188 812 1188 826 1189 840 1189 833 1189 826 1190 812 1190 820 1190 820 1191 825 1191 826 1191 826 1192 825 1192 839 1192 826 1193 839 1193 848 1193 848 1194 849 1194 826 1194 851 892 865 892 864 892 812 1195 807 1195 820 1195 812 1196 827 1196 813 1196 820 1197 806 1197 825 1197 954 1198 955 1198 956 1198 955 1199 954 1199 957 1199 959 1200 957 1200 954 1200 959 1201 963 1201 957 1201 963 1202 964 1202 957 1202 957 1203 964 1203 960 1203 963 1204 976 1204 964 1204 976 1205 977 1205 964 1205 977 1206 969 1206 964 1206 976 1207 994 1207 977 1207 1003 1208 977 1208 994 1208 1003 1209 995 1209 977 1209 987 1210 977 1210 995 1210 1003 32 1010 32 995 32 1010 32 1019 32 995 32 1020 32 995 32 1019 32 995 1211 1020 1211 1011 1211 989 32 995 32 1011 32 995 32 989 32 988 32 988 32 986 32 995 32 1003 1212 994 1212 1010 1212 987 32 995 32 986 32 987 1213 986 1213 969 1213 994 1214 976 1214 993 1214 986 1215 970 1215 969 1215 977 1216 987 1216 969 1216 993 1217 1009 1217 994 1217 970 1218 960 1218 969 1218 969 1219 960 1219 964 1219 961 1220 960 1220 970 1220 976 1221 963 1221 975 1221 960 1222 961 1222 955 1222 957 1223 960 1223 955 1223 958 1224 955 1224 961 1224 963 1225 959 1225 968 1225 956 1226 955 1226 958 1226 958 1227 962 1227 956 1227 967 1228 956 1228 962 1228 956 1229 967 1229 973 1229 973 1230 981 1230 956 1230 973 1231 991 1231 981 1231 991 1232 959 1232 981 1232 959 1233 991 1233 984 1233 974 1234 959 1234 984 1234 986 1235 988 1235 970 1235 994 1236 1009 1236 1010 1236 1010 1237 1009 1237 1027 1237 993 1238 1008 1238 1009 1238 970 1239 988 1239 971 1239 975 1240 993 1240 976 1240 961 1241 970 1241 971 1241 975 1242 992 1242 993 1242 971 1243 965 1243 961 1243 958 1244 961 1244 965 1244 968 1245 975 1245 963 1245 965 1246 966 1246 958 1246 975 1247 968 1247 985 1247 962 1248 958 1248 966 1248 974 1249 968 1249 959 1249 966 1250 972 1250 962 1250 968 1251 974 1251 983 1251 1019 1252 1010 1252 1027 1252 1037 1253 1019 1253 1027 1253 1008 1254 1027 1254 1009 1254 1008 1255 1026 1255 1027 1255 992 1256 1008 1256 993 1256 992 1257 1007 1257 1008 1257 985 1258 992 1258 975 1258 1002 1259 992 1259 985 1259 1020 1260 1019 1260 1037 1260 1028 1261 1020 1261 1037 1261 1026 1262 1037 1262 1027 1262 1042 1263 1037 1263 1026 1263 1007 1264 1026 1264 1008 1264 1007 1265 1025 1265 1026 1265 1002 1266 1007 1266 992 1266 1018 1267 1007 1267 1002 1267 1001 1268 1002 1268 985 1268 1002 1269 1001 1269 1017 1269 983 1270 985 1270 968 1270 1011 1271 1020 1271 1028 1271 1022 1272 1011 1272 1028 1272 1004 1273 1011 1273 1022 1273 1037 1274 1042 1274 1028 1274 1028 1275 1042 1275 1038 1275 1042 1276 1026 1276 1025 1276 1042 1277 1025 1277 1036 1277 1018 1278 1025 1278 1007 1278 1017 1279 1018 1279 1002 1279 1035 1280 1018 1280 1017 1280 1035 1281 1041 1281 1018 1281 1036 1282 1018 1282 1041 1282 1001 1283 985 1283 983 1283 1004 1284 1022 1284 1032 1284 1021 1285 1004 1285 1032 1285 1021 32 1014 32 1004 32 1004 32 1014 32 997 32 1004 1286 997 1286 989 1286 1038 1287 1022 1287 1028 1287 1038 1288 1039 1288 1022 1288 1036 1289 1038 1289 1042 1289 1036 1290 1047 1290 1038 1290 1041 1291 1047 1291 1036 1291 1018 1292 1036 1292 1025 1292 1041 1293 1035 1293 1046 1293 1046 1294 1049 1294 1041 1294 967 1295 962 1295 972 1295 967 1296 972 1296 982 1296 1021 1297 1032 1297 1031 1297 988 1298 989 1298 971 1298 1022 1299 1039 1299 1032 1299 971 1300 989 1300 978 1300 1032 1301 1039 1301 1043 1301 1039 1302 1038 1302 1047 1302 965 1303 979 1303 966 1303 1039 1304 1047 1304 1044 1304 1047 1305 1041 1305 1049 1305 980 1306 966 1306 979 1306 1046 1307 1050 1307 1049 1307 972 1308 966 1308 980 1308 1049 1309 1050 1309 1048 1309 1049 1310 1044 1310 1047 1310 1048 1311 1044 1311 1049 1311 1021 1312 1031 1312 1014 1312 1014 1313 1012 1313 997 1313 1014 1314 1031 1314 1030 1314 1043 1315 1031 1315 1032 1315 1033 1316 1031 1316 1043 1316 1033 1317 1029 1317 1031 1317 1043 1318 1039 1318 1044 1318 1034 1319 1043 1319 1044 1319 1040 1320 1044 1320 1048 1320 1048 1321 1050 1321 1045 1321 1029 1322 1030 1322 1031 1322 1030 1323 1029 1323 1012 1323 1029 1324 1033 1324 1015 1324 1015 1325 1013 1325 1029 1325 1034 1326 1033 1326 1043 1326 1033 1327 1034 1327 1016 1327 1040 1328 1034 1328 1044 1328 1034 1329 1040 1329 1023 1329 1045 1330 1040 1330 1048 1330 1024 1331 1040 1331 1045 1331 1013 1332 1012 1332 1029 1332 1014 32 1030 32 1012 32 1012 1333 1013 1333 996 1333 1015 1334 998 1334 1013 1334 1016 1335 1015 1335 1033 1335 1016 1336 999 1336 1015 1336 1023 1337 1016 1337 1034 1337 1016 1338 1023 1338 1005 1338 1024 1339 1023 1339 1040 1339 1012 1340 996 1340 997 1340 978 1341 997 1341 996 1341 998 1342 996 1342 1013 1342 998 1343 979 1343 996 1343 999 1344 998 1344 1015 1344 999 1345 980 1345 998 1345 1005 1346 999 1346 1016 1346 990 1347 999 1347 1005 1347 1024 1348 1005 1348 1023 1348 1005 1349 1024 1349 1006 1349 989 1350 997 1350 978 1350 989 1351 1011 1351 1004 1351 979 1352 978 1352 996 1352 978 1353 965 1353 971 1353 980 1354 979 1354 998 1354 990 1355 980 1355 999 1355 1006 1356 990 1356 1005 1356 1000 1357 990 1357 1006 1357 990 1358 1000 1358 982 1358 965 1359 978 1359 979 1359 972 1360 980 1360 990 1360 982 1361 972 1361 990 1361 1051 1362 1052 1362 1053 1362 1051 1363 1054 1363 1052 1363 1055 1364 1051 1364 1053 1364 1054 1365 1051 1365 1056 1365 1053 1366 1057 1366 1055 1366 1058 1367 1056 1367 1051 1367 1059 1368 1055 1368 1057 1368 1060 1369 1061 1369 1062 1369 1063 1370 1061 1370 1060 1370 1064 1371 1065 1371 1066 1371 1067 1372 1064 1372 1066 1372 1068 1373 1069 1373 1070 1373 1071 1374 1070 1374 1069 1374 1072 1375 1073 1375 1074 1375 1075 1376 1072 1376 1074 1376 1076 1377 1077 1377 1078 1377 1079 1378 1078 1378 1077 1378 1080 1379 1081 1379 1082 1379 1083 1380 1080 1380 1082 1380 1084 1381 1085 1381 1086 1381 1087 1382 1084 1382 1086 1382 1088 1383 1089 1383 1090 1383 1091 1384 1090 1384 1089 1384 1092 1385 1093 1385 1094 1385 1095 1386 1094 1386 1093 1386 1096 1387 1097 1387 1098 1387 1096 1388 1098 1388 1099 1388 1100 1389 1101 1389 1102 1389 1103 1390 1102 1390 1101 1390 1104 1391 1105 1391 1106 1391 1107 1392 1108 1392 1109 1392 1110 1393 1108 1393 1107 1393 1111 1394 1112 1394 1113 1394 1113 1395 1112 1395 1114 1395 1115 1396 1116 1396 1117 1396 1118 1397 1116 1397 1115 1397 1119 1398 1120 1398 1121 1398 1122 1399 1121 1399 1120 1399 1119 1400 1121 1400 1123 1400 1120 1401 1124 1401 1122 1401 1123 1402 1121 1402 1125 1402 1122 1403 1124 1403 1126 1403 1127 1404 1123 1404 1125 1404 1124 1405 1128 1405 1126 1405 1129 1406 1127 1406 1125 1406 1130 1407 1126 1407 1128 1407 1131 1408 1127 1408 1129 1408 1128 1409 1132 1409 1130 1409 1133 1410 1131 1410 1129 1410 1130 1411 1132 1411 1134 1411 1135 1412 1131 1412 1133 1412 1132 1413 1136 1413 1134 1413 1135 1414 1133 1414 1137 1414 1138 1415 1134 1415 1136 1415 1139 1416 1135 1416 1137 1416 1136 1417 1140 1417 1138 1417 1137 1418 1141 1418 1139 1418 1138 1419 1140 1419 1142 1419 1143 1420 1139 1420 1141 1420 1140 1421 1144 1421 1142 1421 1145 1422 1143 1422 1141 1422 1146 1423 1142 1423 1144 1423 1147 1424 1143 1424 1145 1424 1144 1425 1148 1425 1146 1425 1147 1426 1145 1426 1149 1426 1148 1427 1150 1427 1146 1427 1151 1428 1147 1428 1149 1428 1148 1429 1151 1429 1150 1429 1150 1430 1151 1430 1149 1430 1152 1431 1153 1431 1154 1431 1155 1432 1154 1432 1153 1432 1152 1433 1154 1433 1156 1433 1153 1434 1157 1434 1155 1434 1156 1435 1154 1435 1158 1435 1155 1436 1157 1436 1159 1436 1160 1437 1156 1437 1158 1437 1157 1438 1161 1438 1159 1438 1162 1439 1160 1439 1158 1439 1163 1440 1159 1440 1161 1440 1164 1441 1160 1441 1162 1441 1161 1442 1165 1442 1163 1442 1166 1443 1164 1443 1162 1443 1163 1444 1165 1444 1167 1444 1168 1445 1164 1445 1166 1445 1165 1446 1169 1446 1167 1446 1168 1447 1166 1447 1170 1447 1171 1448 1167 1448 1169 1448 1172 1449 1168 1449 1170 1449 1169 1450 1173 1450 1171 1450 1170 1451 1174 1451 1172 1451 1171 1452 1173 1452 1175 1452 1176 1453 1172 1453 1174 1453 1173 1454 1177 1454 1175 1454 1178 1455 1176 1455 1174 1455 1179 1456 1175 1456 1177 1456 1180 1457 1176 1457 1178 1457 1177 1458 1181 1458 1179 1458 1180 1459 1178 1459 1182 1459 1181 1460 1183 1460 1179 1460 1184 1461 1180 1461 1182 1461 1181 1462 1184 1462 1183 1462 1183 1463 1184 1463 1182 1463 1185 1464 1186 1464 1187 1464 1188 1465 1187 1465 1186 1465 1185 1466 1187 1466 1189 1466 1186 1467 1190 1467 1188 1467 1189 1468 1187 1468 1191 1468 1188 1469 1190 1469 1192 1469 1193 1470 1189 1470 1191 1470 1190 1471 1194 1471 1192 1471 1195 1472 1193 1472 1191 1472 1196 1473 1192 1473 1194 1473 1197 1474 1193 1474 1195 1474 1194 1475 1198 1475 1196 1475 1199 1476 1197 1476 1195 1476 1196 1477 1198 1477 1200 1477 1201 1478 1197 1478 1199 1478 1198 1479 1202 1479 1200 1479 1201 1480 1199 1480 1203 1480 1204 1481 1200 1481 1202 1481 1205 1482 1201 1482 1203 1482 1202 1483 1206 1483 1204 1483 1203 1484 1207 1484 1205 1484 1204 1485 1206 1485 1208 1485 1209 1486 1205 1486 1207 1486 1206 1487 1210 1487 1208 1487 1211 1488 1209 1488 1207 1488 1212 1489 1208 1489 1210 1489 1213 1490 1209 1490 1211 1490 1210 1491 1214 1491 1212 1491 1213 1492 1211 1492 1215 1492 1214 1493 1216 1493 1212 1493 1217 1494 1213 1494 1215 1494 1214 1495 1217 1495 1216 1495 1216 1496 1217 1496 1215 1496 1218 1497 1219 1497 1220 1497 1221 1498 1220 1498 1219 1498 1218 1499 1220 1499 1222 1499 1219 1500 1223 1500 1221 1500 1222 1501 1220 1501 1224 1501 1221 1502 1223 1502 1225 1502 1226 1503 1222 1503 1224 1503 1223 1504 1227 1504 1225 1504 1228 1505 1226 1505 1224 1505 1229 1506 1225 1506 1227 1506 1230 1507 1226 1507 1228 1507 1227 1508 1231 1508 1229 1508 1232 1509 1230 1509 1228 1509 1229 1510 1231 1510 1233 1510 1234 1511 1230 1511 1232 1511 1231 1512 1235 1512 1233 1512 1234 1513 1232 1513 1236 1513 1237 1514 1233 1514 1235 1514 1238 1515 1234 1515 1236 1515 1235 1516 1239 1516 1237 1516 1236 1517 1240 1517 1238 1517 1237 1518 1239 1518 1241 1518 1242 1519 1238 1519 1240 1519 1239 1520 1243 1520 1241 1520 1244 1521 1242 1521 1240 1521 1245 1522 1241 1522 1243 1522 1246 1523 1242 1523 1244 1523 1243 1524 1247 1524 1245 1524 1246 1525 1244 1525 1248 1525 1247 1526 1249 1526 1245 1526 1250 1527 1246 1527 1248 1527 1247 1528 1250 1528 1249 1528 1249 1529 1250 1529 1248 1529 1251 1530 1252 1530 1253 1530 1254 1531 1253 1531 1252 1531 1251 1532 1253 1532 1255 1532 1252 1533 1256 1533 1254 1533 1255 1534 1253 1534 1257 1534 1254 1535 1256 1535 1258 1535 1259 1536 1255 1536 1257 1536 1256 1537 1260 1537 1258 1537 1261 1538 1259 1538 1257 1538 1262 1539 1258 1539 1260 1539 1263 1540 1259 1540 1261 1540 1260 1541 1264 1541 1262 1541 1265 1542 1263 1542 1261 1542 1262 1543 1264 1543 1266 1543 1267 1544 1263 1544 1265 1544 1264 1545 1268 1545 1266 1545 1267 1546 1265 1546 1269 1546 1270 1547 1266 1547 1268 1547 1271 1548 1267 1548 1269 1548 1268 1549 1272 1549 1270 1549 1269 1550 1273 1550 1271 1550 1270 1551 1272 1551 1274 1551 1275 1552 1271 1552 1273 1552 1272 1553 1276 1553 1274 1553 1277 1554 1275 1554 1273 1554 1278 1555 1274 1555 1276 1555 1279 1556 1275 1556 1277 1556 1276 1557 1280 1557 1278 1557 1279 1558 1277 1558 1281 1558 1280 1559 1282 1559 1278 1559 1283 1560 1279 1560 1281 1560 1280 1561 1283 1561 1282 1561 1282 1562 1283 1562 1281 1562 1284 1563 1285 1563 1286 1563 1287 1564 1286 1564 1285 1564 1284 1565 1286 1565 1288 1565 1285 1566 1289 1566 1287 1566 1288 1567 1286 1567 1290 1567 1287 1568 1289 1568 1291 1568 1292 1569 1288 1569 1290 1569 1289 1570 1293 1570 1291 1570 1294 1571 1292 1571 1290 1571 1295 1572 1291 1572 1293 1572 1296 1573 1292 1573 1294 1573 1293 1574 1297 1574 1295 1574 1298 1575 1296 1575 1294 1575 1295 1576 1297 1576 1299 1576 1300 1577 1296 1577 1298 1577 1297 1578 1301 1578 1299 1578 1300 1579 1298 1579 1302 1579 1303 1580 1299 1580 1301 1580 1304 1581 1300 1581 1302 1581 1301 1582 1305 1582 1303 1582 1302 1583 1306 1583 1304 1583 1303 1584 1305 1584 1307 1584 1308 1585 1304 1585 1306 1585 1305 1586 1309 1586 1307 1586 1310 1587 1308 1587 1306 1587 1311 1588 1307 1588 1309 1588 1312 1589 1308 1589 1310 1589 1309 1590 1313 1590 1311 1590 1312 1591 1310 1591 1314 1591 1313 1592 1315 1592 1311 1592 1316 1593 1312 1593 1314 1593 1313 1594 1316 1594 1315 1594 1315 1595 1316 1595 1314 1595 1317 1596 1318 1596 1319 1596 1320 1597 1319 1597 1318 1597 1317 1598 1319 1598 1321 1598 1318 1599 1322 1599 1320 1599 1321 1600 1319 1600 1323 1600 1320 1601 1322 1601 1324 1601 1325 1602 1321 1602 1323 1602 1322 1603 1326 1603 1324 1603 1327 1604 1325 1604 1323 1604 1328 1605 1324 1605 1326 1605 1329 1548 1325 1548 1327 1548 1326 1606 1330 1606 1328 1606 1331 1607 1329 1607 1327 1607 1328 1608 1330 1608 1332 1608 1333 1609 1329 1609 1331 1609 1330 1610 1334 1610 1332 1610 1333 1611 1331 1611 1335 1611 1336 1612 1332 1612 1334 1612 1337 1613 1333 1613 1335 1613 1334 1614 1338 1614 1336 1614 1335 1615 1339 1615 1337 1615 1336 1616 1338 1616 1340 1616 1341 1617 1337 1617 1339 1617 1338 1618 1342 1618 1340 1618 1343 1619 1341 1619 1339 1619 1344 1620 1340 1620 1342 1620 1345 1621 1341 1621 1343 1621 1342 1622 1346 1622 1344 1622 1345 1623 1343 1623 1347 1623 1346 1624 1348 1624 1344 1624 1349 1625 1345 1625 1347 1625 1346 1626 1349 1626 1348 1626 1348 1627 1349 1627 1347 1627 1350 1628 1351 1628 1352 1628 1353 1629 1352 1629 1351 1629 1350 1630 1352 1630 1354 1630 1351 1631 1355 1631 1353 1631 1354 1632 1352 1632 1356 1632 1353 1633 1355 1633 1357 1633 1358 1634 1354 1634 1356 1634 1355 1635 1359 1635 1357 1635 1360 1636 1358 1636 1356 1636 1361 1637 1357 1637 1359 1637 1362 1638 1358 1638 1360 1638 1359 1639 1363 1639 1361 1639 1364 1640 1362 1640 1360 1640 1361 1641 1363 1641 1365 1641 1366 1642 1362 1642 1364 1642 1363 1643 1367 1643 1365 1643 1366 1644 1364 1644 1368 1644 1369 1498 1365 1498 1367 1498 1370 1645 1366 1645 1368 1645 1367 1537 1371 1537 1369 1537 1368 1526 1372 1526 1370 1526 1369 1646 1371 1646 1373 1646 1374 1647 1370 1647 1372 1647 1371 1648 1375 1648 1373 1648 1376 1649 1374 1649 1372 1649 1377 1650 1373 1650 1375 1650 1378 1651 1374 1651 1376 1651 1375 1652 1379 1652 1377 1652 1378 1653 1376 1653 1380 1653 1379 1654 1381 1654 1377 1654 1382 1655 1378 1655 1380 1655 1379 1656 1382 1656 1381 1656 1381 1657 1382 1657 1380 1657 1383 1658 1384 1658 1385 1658 1386 1659 1385 1659 1384 1659 1383 1660 1385 1660 1387 1660 1384 1661 1388 1661 1386 1661 1387 1662 1385 1662 1389 1662 1386 1663 1388 1663 1390 1663 1391 1664 1387 1664 1389 1664 1388 1665 1392 1665 1390 1665 1393 1666 1391 1666 1389 1666 1394 1667 1390 1667 1392 1667 1395 1668 1391 1668 1393 1668 1392 1669 1396 1669 1394 1669 1397 1670 1395 1670 1393 1670 1394 1671 1396 1671 1398 1671 1399 1672 1395 1672 1397 1672 1396 1673 1400 1673 1398 1673 1399 1674 1397 1674 1401 1674 1402 1501 1398 1501 1400 1501 1403 1675 1399 1675 1401 1675 1400 1676 1404 1676 1402 1676 1401 1677 1405 1677 1403 1677 1402 1678 1404 1678 1406 1678 1407 1679 1403 1679 1405 1679 1404 1680 1408 1680 1406 1680 1409 1681 1407 1681 1405 1681 1410 1682 1406 1682 1408 1682 1411 1683 1407 1683 1409 1683 1408 1684 1412 1684 1410 1684 1411 1685 1409 1685 1413 1685 1412 1686 1414 1686 1410 1686 1415 1687 1411 1687 1413 1687 1412 1688 1415 1688 1414 1688 1414 1689 1415 1689 1413 1689 1416 1690 1417 1690 1418 1690 1419 1691 1418 1691 1417 1691 1416 1692 1418 1692 1420 1692 1417 1693 1421 1693 1419 1693 1420 1694 1418 1694 1422 1694 1419 1695 1421 1695 1423 1695 1424 1696 1420 1696 1422 1696 1421 1697 1425 1697 1423 1697 1426 1698 1424 1698 1422 1698 1427 1699 1423 1699 1425 1699 1428 1541 1424 1541 1426 1541 1425 1700 1429 1700 1427 1700 1430 1701 1428 1701 1426 1701 1427 1702 1429 1702 1431 1702 1432 1680 1428 1680 1430 1680 1429 1703 1433 1703 1431 1703 1432 1704 1430 1704 1434 1704 1435 1705 1431 1705 1433 1705 1436 1706 1432 1706 1434 1706 1433 1707 1437 1707 1435 1707 1434 1708 1438 1708 1436 1708 1435 1709 1437 1709 1439 1709 1440 1710 1436 1710 1438 1710 1437 1711 1441 1711 1439 1711 1442 1712 1440 1712 1438 1712 1443 1713 1439 1713 1441 1713 1444 1714 1440 1714 1442 1714 1441 1715 1445 1715 1443 1715 1444 1716 1442 1716 1446 1716 1445 1717 1447 1717 1443 1717 1448 1718 1444 1718 1446 1718 1445 1719 1448 1719 1447 1719 1447 1484 1448 1484 1446 1484 1449 1720 1450 1720 1451 1720 1452 1721 1451 1721 1450 1721 1449 1722 1451 1722 1453 1722 1450 1723 1454 1723 1452 1723 1453 1724 1451 1724 1455 1724 1452 1725 1454 1725 1456 1725 1457 1726 1453 1726 1455 1726 1454 1727 1458 1727 1456 1727 1459 1728 1457 1728 1455 1728 1460 1729 1456 1729 1458 1729 1461 1730 1457 1730 1459 1730 1458 1731 1462 1731 1460 1731 1463 1732 1461 1732 1459 1732 1460 1733 1462 1733 1464 1733 1465 1734 1461 1734 1463 1734 1462 1735 1466 1735 1464 1735 1465 1736 1463 1736 1467 1736 1468 1737 1464 1737 1466 1737 1469 1738 1465 1738 1467 1738 1466 1739 1470 1739 1468 1739 1467 1740 1471 1740 1469 1740 1468 1741 1470 1741 1472 1741 1473 1742 1469 1742 1471 1742 1470 1743 1474 1743 1472 1743 1475 1744 1473 1744 1471 1744 1476 1745 1472 1745 1474 1745 1477 1746 1473 1746 1475 1746 1474 1747 1478 1747 1476 1747 1477 1748 1475 1748 1479 1748 1478 1749 1480 1749 1476 1749 1481 1750 1477 1750 1479 1750 1478 1751 1481 1751 1480 1751 1480 1752 1481 1752 1479 1752 1482 1753 1483 1753 1484 1753 1485 1754 1484 1754 1483 1754 1482 1755 1484 1755 1486 1755 1483 1756 1487 1756 1485 1756 1486 1757 1484 1757 1488 1757 1485 1758 1487 1758 1489 1758 1490 1759 1486 1759 1488 1759 1487 1760 1491 1760 1489 1760 1492 1761 1490 1761 1488 1761 1493 1762 1489 1762 1491 1762 1494 1763 1490 1763 1492 1763 1491 1764 1495 1764 1493 1764 1496 1765 1494 1765 1492 1765 1493 1766 1495 1766 1497 1766 1498 1767 1494 1767 1496 1767 1495 1768 1499 1768 1497 1768 1498 1769 1496 1769 1500 1769 1501 1770 1497 1770 1499 1770 1502 1771 1498 1771 1500 1771 1499 1772 1503 1772 1501 1772 1500 1773 1504 1773 1502 1773 1501 1774 1503 1774 1505 1774 1506 1775 1502 1775 1504 1775 1503 1776 1507 1776 1505 1776 1508 1777 1506 1777 1504 1777 1509 1778 1505 1778 1507 1778 1510 1779 1506 1779 1508 1779 1507 1780 1511 1780 1509 1780 1510 1781 1508 1781 1512 1781 1511 1782 1513 1782 1509 1782 1514 1783 1510 1783 1512 1783 1511 1784 1514 1784 1513 1784 1513 1785 1514 1785 1512 1785 1515 892 1516 892 1517 892 1516 1786 1515 1786 1518 1786 1518 892 1520 892 1516 892 1519 892 1517 892 1516 892 1517 892 1519 892 1521 892 1520 892 1518 892 1522 892 1522 892 1524 892 1520 892 1523 892 1521 892 1519 892 1521 892 1523 892 1525 892 1524 892 1522 892 1526 892 1526 892 1528 892 1524 892 1527 892 1525 892 1523 892 1525 1787 1527 1787 1529 1787 1529 1788 1531 1788 1525 1788 1528 892 1526 892 1530 892 1531 892 1529 892 1533 892 1532 892 1530 892 1526 892 1530 892 1532 892 1534 892 1534 1789 1536 1789 1530 1789 1535 892 1533 892 1529 892 1533 892 1535 892 1537 892 1536 892 1534 892 1538 892 1538 1790 1540 1790 1536 1790 1539 892 1537 892 1535 892 1537 892 1539 892 1541 892 1541 892 1543 892 1537 892 1540 1791 1538 1791 1542 1791 1543 892 1541 892 1545 892 1545 892 1547 892 1543 892 1544 892 1542 892 1538 892 1542 1792 1544 1792 1546 1792 1547 892 1545 892 1549 892 1549 1793 1551 1793 1547 1793 1548 892 1546 892 1544 892 1546 892 1548 892 1550 892 1550 892 1552 892 1546 892 1551 892 1549 892 1553 892 1553 892 1555 892 1551 892 1552 892 1550 892 1554 892 1554 892 1556 892 1552 892 1555 892 1553 892 1557 892 1557 892 1559 892 1555 892 1556 892 1554 892 1558 892 1558 1794 1560 1794 1556 1794 1559 892 1557 892 1561 892 1561 892 1563 892 1559 892 1560 892 1558 892 1562 892 1562 892 1564 892 1560 892 1563 892 1561 892 1565 892 1565 1795 1567 1795 1563 1795 1564 1796 1562 1796 1566 1796 1567 892 1565 892 1569 892 1569 1797 1571 1797 1567 1797 1568 1798 1566 1798 1562 1798 1566 892 1568 892 1570 892 1571 1799 1569 1799 1573 1799 1573 1800 1575 1800 1571 1800 1572 892 1570 892 1568 892 1570 892 1572 892 1574 892 1575 1801 1573 1801 1577 1801 1577 892 1578 892 1575 892 1578 892 1577 892 1576 892 1576 892 1574 892 1572 892 1574 892 1576 892 1577 892 1579 1802 1580 1802 1581 1802 1581 1803 1580 1803 1582 1803 1581 1804 1583 1804 1579 1804 1580 1803 1584 1803 1582 1803 1579 1805 1583 1805 1585 1805 1586 1806 1582 1806 1584 1806 1587 1805 1579 1805 1585 1805 1584 1807 1588 1807 1586 1807 1589 1808 1587 1808 1585 1808 1586 1809 1588 1809 1590 1809 1585 1810 1591 1810 1589 1810 1588 1811 1592 1811 1590 1811 1593 1812 1589 1812 1591 1812 1594 1813 1590 1813 1592 1813 1595 1812 1593 1812 1591 1812 1592 1813 1596 1813 1594 1813 1597 1814 1593 1814 1595 1814 1594 1815 1596 1815 1598 1815 1595 1816 1599 1816 1597 1816 1596 1817 1600 1817 1598 1817 1601 1818 1597 1818 1599 1818 1602 1819 1598 1819 1600 1819 1603 1820 1601 1820 1599 1820 1600 1819 1604 1819 1602 1819 1605 1821 1601 1821 1603 1821 1606 1822 1602 1822 1604 1822 1603 1823 1607 1823 1605 1823 1608 1824 1606 1824 1604 1824 1609 1825 1605 1825 1607 1825 1610 1826 1606 1826 1608 1826 1610 1827 1609 1827 1607 1827 1608 1828 1609 1828 1610 1828 1611 1829 1612 1829 1613 1829 1613 1830 1612 1830 1614 1830 1613 1831 1615 1831 1611 1831 1612 1832 1616 1832 1614 1832 1611 1833 1615 1833 1617 1833 1618 1834 1614 1834 1616 1834 1617 1835 1615 1835 1619 1835 1616 1836 1620 1836 1618 1836 1621 1837 1617 1837 1619 1837 1620 1838 1622 1838 1618 1838 1619 1839 1623 1839 1621 1839 1618 1838 1622 1838 1624 1838 1625 1840 1621 1840 1623 1840 1622 1841 1626 1841 1624 1841 1627 1840 1625 1840 1623 1840 1628 1842 1624 1842 1626 1842 1629 1843 1625 1843 1627 1843 1626 1844 1630 1844 1628 1844 1627 1845 1631 1845 1629 1845 1628 1846 1630 1846 1632 1846 1633 1847 1629 1847 1631 1847 1630 1848 1634 1848 1632 1848 1635 1847 1633 1847 1631 1847 1636 1849 1632 1849 1634 1849 1637 1850 1633 1850 1635 1850 1634 1851 1638 1851 1636 1851 1635 1852 1639 1852 1637 1852 1638 1813 1640 1813 1636 1813 1641 1853 1637 1853 1639 1853 1638 1854 1642 1854 1640 1854 1642 1855 1637 1855 1641 1855 1641 1854 1640 1854 1642 1854 1643 1856 1644 1856 1645 1856 1645 1857 1644 1857 1646 1857 1645 1830 1647 1830 1643 1830 1644 1834 1648 1834 1646 1834 1643 1829 1647 1829 1649 1829 1650 1838 1646 1838 1648 1838 1651 1829 1643 1829 1649 1829 1648 1858 1652 1858 1650 1858 1653 1859 1651 1859 1649 1859 1650 1860 1652 1860 1654 1860 1649 1859 1655 1859 1653 1859 1652 1861 1656 1861 1654 1861 1657 1862 1653 1862 1655 1862 1658 1863 1654 1863 1656 1863 1659 1864 1657 1864 1655 1864 1656 1865 1660 1865 1658 1865 1661 1866 1657 1866 1659 1866 1658 1849 1660 1849 1662 1849 1659 1867 1663 1867 1661 1867 1660 1848 1664 1848 1662 1848 1665 1868 1661 1868 1663 1868 1666 1869 1662 1869 1664 1869 1667 1827 1665 1827 1663 1827 1664 1813 1668 1813 1666 1813 1669 1870 1665 1870 1667 1870 1670 1871 1666 1871 1668 1871 1667 1872 1671 1872 1669 1872 1672 1854 1670 1854 1668 1854 1673 1873 1669 1873 1671 1873 1674 1819 1670 1819 1672 1819 1674 1873 1673 1873 1671 1873 1672 1819 1673 1819 1674 1819 1675 1874 1676 1874 1677 1874 1676 1875 1678 1875 1677 1875 1677 1876 1679 1876 1675 1876 1680 1875 1677 1875 1678 1875 1675 1877 1679 1877 1681 1877 1678 1878 1682 1878 1680 1878 1681 1879 1679 1879 1683 1879 1680 1878 1682 1878 1684 1878 1681 1880 1683 1880 1685 1880 1682 1881 1686 1881 1684 1881 1687 1880 1681 1880 1685 1880 1684 1882 1686 1882 1688 1882 1689 1883 1687 1883 1685 1883 1690 1884 1688 1884 1686 1884 1691 1885 1689 1885 1685 1885 1686 1886 1692 1886 1690 1886 1693 1820 1689 1820 1691 1820 1690 1887 1692 1887 1694 1887 1693 1888 1691 1888 1695 1888 1692 1889 1696 1889 1694 1889 1695 1867 1697 1867 1693 1867 1698 1890 1694 1890 1696 1890 1699 1891 1693 1891 1697 1891 1696 1892 1700 1892 1698 1892 1697 1825 1701 1825 1699 1825 1700 1893 1702 1893 1698 1893 1697 1827 1703 1827 1701 1827 1704 1894 1702 1894 1700 1894 1703 1895 1705 1895 1701 1895 1706 1896 1702 1896 1704 1896 1706 1897 1705 1897 1703 1897 1706 1898 1704 1898 1705 1898 1707 1899 1708 1899 1709 1899 1709 1900 1711 1900 1707 1900 1711 1901 1713 1901 1707 1901 1707 1902 1713 1902 1715 1902 1709 1903 1708 1903 1710 1903 1717 1904 1715 1904 1713 1904 1719 1905 1715 1905 1717 1905 1710 1906 1708 1906 1712 1906 1712 1907 1714 1907 1710 1907 1714 1908 1716 1908 1710 1908 1719 1909 1717 1909 1721 1909 1719 1910 1721 1910 1723 1910 1718 1911 1716 1911 1714 1911 1718 1912 1720 1912 1716 1912 1725 1913 1723 1913 1721 1913 1720 1914 1718 1914 1722 1914 1721 1915 1727 1915 1725 1915 1725 1916 1727 1916 1729 1916 1718 1917 1724 1917 1722 1917 1722 1918 1724 1918 1726 1918 1727 1919 1731 1919 1729 1919 1733 1920 1729 1920 1731 1920 1728 1921 1726 1921 1724 1921 1730 1922 1726 1922 1728 1922 1731 1923 1735 1923 1733 1923 1733 1924 1735 1924 1737 1924 1728 1925 1732 1925 1730 1925 1732 1926 1734 1926 1730 1926 1737 1927 1735 1927 1739 1927 1741 1928 1737 1928 1739 1928 1736 1929 1734 1929 1732 1929 1736 1930 1738 1930 1734 1930 1741 1931 1739 1931 1743 1931 1745 1932 1741 1932 1743 1932 1741 1933 1745 1933 1747 1933 1736 1934 1740 1934 1738 1934 1742 1935 1738 1935 1740 1935 1747 1936 1745 1936 1749 1936 1751 1937 1747 1937 1749 1937 1744 1938 1742 1938 1740 1938 1744 1939 1746 1939 1742 1939 1751 1940 1749 1940 1753 1940 1744 1941 1748 1941 1746 1941 1750 1942 1746 1942 1748 1942 1746 1943 1750 1943 1752 1943 1753 1944 1749 1944 1755 1944 1757 1945 1753 1945 1755 1945 1759 1946 1753 1946 1757 1946 1750 1947 1754 1947 1752 1947 1759 1948 1757 1948 1761 1948 1750 1949 1756 1949 1754 1949 1758 1950 1754 1950 1756 1950 1758 1951 1760 1951 1754 1951 1757 1952 1763 1952 1761 1952 1765 1953 1761 1953 1763 1953 1758 1954 1762 1954 1760 1954 1763 1955 1767 1955 1765 1955 1767 1956 1769 1956 1765 1956 1769 1957 1770 1957 1765 1957 1758 1958 1764 1958 1762 1958 1764 1959 1766 1959 1762 1959 1768 1960 1766 1960 1764 1960 1768 1961 1770 1961 1766 1961 1770 1962 1769 1962 1766 1962 1771 1963 1772 1963 1773 1963 1773 1964 1772 1964 1774 1964 1771 1965 1773 1965 1775 1965 1774 1966 1772 1966 1776 1966 1775 1965 1777 1965 1771 1965 1774 1967 1776 1967 1778 1967 1779 1968 1777 1968 1775 1968 1780 1969 1778 1969 1776 1969 1777 1970 1779 1970 1781 1970 1778 1969 1780 1969 1782 1969 1781 1971 1779 1971 1783 1971 1784 1972 1782 1972 1780 1972 1783 1973 1785 1973 1781 1973 1784 1974 1780 1974 1786 1974 1785 1975 1783 1975 1787 1975 1788 1976 1784 1976 1786 1976 1787 1977 1783 1977 1789 1977 1790 1978 1788 1978 1786 1978 1789 1979 1791 1979 1787 1979 1788 1980 1790 1980 1792 1980 1791 1981 1789 1981 1793 1981 1792 1982 1790 1982 1794 1982 1791 1983 1793 1983 1795 1983 1794 1984 1796 1984 1792 1984 1795 1983 1793 1983 1797 1983 1798 1984 1796 1984 1794 1984 1797 1985 1799 1985 1795 1985 1798 1986 1800 1986 1796 1986 1799 1987 1797 1987 1801 1987 1800 1986 1798 1986 1802 1986 1802 1988 1799 1988 1801 1988 1802 1989 1801 1989 1800 1989 1803 1990 1804 1990 1805 1990 1805 1991 1804 1991 1806 1991 1803 1992 1805 1992 1807 1992 1806 1993 1804 1993 1808 1993 1807 1994 1809 1994 1803 1994 1806 1995 1808 1995 1810 1995 1811 1996 1809 1996 1807 1996 1812 1997 1810 1997 1808 1997 1809 1998 1811 1998 1813 1998 1810 1999 1812 1999 1814 1999 1813 2000 1811 2000 1815 2000 1814 2001 1812 2001 1816 2001 1815 2002 1817 2002 1813 2002 1818 2003 1814 2003 1816 2003 1817 2004 1815 2004 1819 2004 1820 2005 1818 2005 1816 2005 1819 2006 1815 2006 1821 2006 1822 2007 1818 2007 1820 2007 1821 2008 1823 2008 1819 2008 1822 2009 1820 2009 1824 2009 1823 2010 1821 2010 1825 2010 1824 2011 1820 2011 1826 2011 1823 2012 1825 2012 1827 2012 1828 2013 1824 2013 1826 2013 1827 2014 1825 2014 1829 2014 1830 2015 1828 2015 1826 2015 1829 2016 1831 2016 1827 2016 1828 2017 1830 2017 1832 2017 1831 2018 1829 2018 1833 2018 1832 2019 1830 2019 1834 2019 1834 2020 1831 2020 1833 2020 1834 2021 1833 2021 1832 2021 1835 2022 1836 2022 1837 2022 1837 1991 1836 1991 1838 1991 1835 2023 1837 2023 1839 2023 1838 2024 1836 2024 1840 2024 1839 2025 1841 2025 1835 2025 1838 1995 1840 1995 1842 1995 1843 2026 1841 2026 1839 2026 1842 2027 1840 2027 1844 2027 1841 2028 1843 2028 1845 2028 1846 2029 1844 2029 1840 2029 1845 2030 1843 2030 1847 2030 1844 2031 1846 2031 1848 2031 1847 2002 1849 2002 1845 2002 1850 2031 1844 2031 1848 2031 1849 2032 1847 2032 1851 2032 1852 2033 1850 2033 1848 2033 1851 2034 1847 2034 1853 2034 1854 2035 1850 2035 1852 2035 1853 2036 1855 2036 1851 2036 1854 2037 1852 2037 1856 2037 1855 2038 1853 2038 1857 2038 1854 2039 1856 2039 1858 2039 1855 2040 1857 2040 1859 2040 1860 2013 1858 2013 1856 2013 1859 2041 1857 2041 1861 2041 1860 2013 1862 2013 1858 2013 1861 2042 1863 2042 1859 2042 1860 2043 1864 2043 1862 2043 1863 2018 1861 2018 1865 2018 1864 2044 1860 2044 1866 2044 1866 2045 1863 2045 1865 2045 1866 2021 1865 2021 1864 2021 1867 1990 1868 1990 1869 1990 1869 1991 1868 1991 1870 1991 1867 2046 1869 2046 1871 2046 1870 1993 1868 1993 1872 1993 1871 2047 1873 2047 1867 2047 1870 1995 1872 1995 1874 1995 1875 2048 1873 2048 1871 2048 1876 2027 1874 2027 1872 2027 1873 2049 1875 2049 1877 2049 1874 2050 1876 2050 1878 2050 1877 2000 1875 2000 1879 2000 1878 2031 1876 2031 1880 2031 1879 2002 1881 2002 1877 2002 1882 2031 1878 2031 1880 2031 1881 2032 1879 2032 1883 2032 1884 2005 1882 2005 1880 2005 1881 2051 1883 2051 1885 2051 1886 2007 1882 2007 1884 2007 1885 2052 1883 2052 1887 2052 1886 2053 1884 2053 1888 2053 1887 2054 1889 2054 1885 2054 1886 2055 1888 2055 1890 2055 1889 2012 1887 2012 1891 2012 1892 2056 1890 2056 1888 2056 1891 2014 1887 2014 1893 2014 1892 2056 1894 2056 1890 2056 1893 2057 1895 2057 1891 2057 1892 2017 1896 2017 1894 2017 1895 2058 1893 2058 1897 2058 1896 2019 1892 2019 1898 2019 1898 2059 1895 2059 1897 2059 1898 2060 1897 2060 1896 2060 1899 2061 1900 2061 1901 2061 1901 2061 1900 2061 1902 2061 1899 2062 1901 2062 1903 2062 1902 2063 1900 2063 1904 2063 1903 2062 1905 2062 1899 2062 1902 2063 1904 2063 1906 2063 1907 2064 1905 2064 1903 2064 1908 2065 1906 2065 1904 2065 1905 2064 1907 2064 1909 2064 1906 2065 1908 2065 1910 2065 1909 2066 1907 2066 1911 2066 1912 2067 1910 2067 1908 2067 1911 2068 1913 2068 1909 2068 1912 2067 1908 2067 1914 2067 1913 2069 1911 2069 1915 2069 1916 2070 1912 2070 1914 2070 1915 2069 1911 2069 1917 2069 1918 2071 1912 2071 1916 2071 1917 2072 1919 2072 1915 2072 1918 2073 1916 2073 1920 2073 1919 2072 1917 2072 1921 2072 1920 2073 1916 2073 1922 2073 1919 2074 1921 2074 1923 2074 1924 2075 1920 2075 1922 2075 1923 2076 1921 2076 1925 2076 1926 2075 1924 2075 1922 2075 1925 2077 1927 2077 1923 2077 1924 2078 1926 2078 1928 2078 1927 2077 1925 2077 1929 2077 1928 2079 1926 2079 1930 2079 1930 2080 1927 2080 1929 2080 1930 2080 1929 2080 1928 2080 1931 1991 1932 1991 1933 1991 1933 1990 1932 1990 1934 1990 1931 2081 1933 2081 1935 2081 1934 1995 1932 1995 1936 1995 1935 2082 1937 2082 1931 2082 1934 1993 1936 1993 1938 1993 1939 2028 1937 2028 1935 2028 1940 2083 1938 2083 1936 2083 1937 2028 1939 2028 1941 2028 1938 2084 1940 2084 1942 2084 1941 2085 1939 2085 1943 2085 1942 2086 1940 2086 1944 2086 1943 2087 1945 2087 1941 2087 1946 2088 1942 2088 1944 2088 1945 2089 1943 2089 1947 2089 1948 2090 1946 2090 1944 2090 1945 2091 1947 2091 1949 2091 1950 2035 1946 2035 1948 2035 1949 2092 1947 2092 1951 2092 1950 2093 1948 2093 1952 2093 1951 2092 1953 2092 1949 2092 1950 2037 1952 2037 1954 2037 1953 2094 1951 2094 1955 2094 1956 2095 1954 2095 1952 2095 1955 2096 1951 2096 1957 2096 1956 2097 1958 2097 1954 2097 1957 2098 1959 2098 1955 2098 1956 2099 1960 2099 1958 2099 1959 2100 1957 2100 1961 2100 1960 2101 1956 2101 1962 2101 1962 2102 1959 2102 1961 2102 1962 2103 1961 2103 1960 2103 1963 1991 1964 1991 1965 1991 1965 1990 1964 1990 1966 1990 1963 2104 1965 2104 1967 2104 1966 1995 1964 1995 1968 1995 1967 2105 1969 2105 1963 2105 1966 1993 1968 1993 1970 1993 1971 2106 1969 2106 1967 2106 1972 2107 1970 2107 1968 2107 1969 2108 1971 2108 1973 2108 1970 2109 1972 2109 1974 2109 1973 2085 1971 2085 1975 2085 1974 2110 1972 2110 1976 2110 1975 2087 1977 2087 1973 2087 1978 2111 1974 2111 1976 2111 1977 2112 1975 2112 1979 2112 1980 2090 1978 2090 1976 2090 1979 2113 1975 2113 1981 2113 1982 2035 1978 2035 1980 2035 1981 2114 1983 2114 1979 2114 1982 2115 1980 2115 1984 2115 1983 2036 1981 2036 1985 2036 1984 2116 1980 2116 1986 2116 1983 2094 1985 2094 1987 2094 1988 2117 1984 2117 1986 2117 1987 2096 1985 2096 1989 2096 1990 2118 1988 2118 1986 2118 1989 2018 1991 2018 1987 2018 1988 2099 1990 2099 1992 2099 1991 2016 1989 2016 1993 2016 1992 2101 1990 2101 1994 2101 1994 2021 1991 2021 1993 2021 1994 2020 1993 2020 1992 2020 1995 2061 1996 2061 1997 2061 1997 2061 1996 2061 1998 2061 1995 2119 1997 2119 1999 2119 1998 2063 1996 2063 2000 2063 1999 2119 2001 2119 1995 2119 1998 2063 2000 2063 2002 2063 2003 2064 2001 2064 1999 2064 2004 2120 2002 2120 2000 2120 2001 2064 2003 2064 2005 2064 2002 2120 2004 2120 2006 2120 2005 2066 2003 2066 2007 2066 2008 2067 2006 2067 2004 2067 2007 2066 2009 2066 2005 2066 2008 2067 2004 2067 2010 2067 2009 2121 2007 2121 2011 2121 2012 2071 2008 2071 2010 2071 2011 2069 2007 2069 2013 2069 2014 2071 2008 2071 2012 2071 2013 2122 2015 2122 2011 2122 2016 2073 2014 2073 2012 2073 2015 2072 2013 2072 2017 2072 2016 2123 2012 2123 2018 2123 2015 2074 2017 2074 2019 2074 2016 2075 2018 2075 2020 2075 2019 2076 2017 2076 2021 2076 2022 2124 2020 2124 2018 2124 2021 2077 2023 2077 2019 2077 2020 2078 2022 2078 2024 2078 2023 2077 2021 2077 2025 2077 2024 2079 2022 2079 2026 2079 2026 2080 2023 2080 2025 2080 2026 2080 2025 2080 2024 2080 2027 2125 2028 2125 2029 2125 2027 2126 2029 2126 2031 2126 2031 32 2033 32 2027 32 2027 2127 2033 2127 2035 2127 2028 2128 2027 2128 2030 2128 2030 2129 2032 2129 2028 2129 2035 2130 2033 2130 2037 2130 2039 2131 2035 2131 2037 2131 2039 32 2041 32 2035 32 2041 2132 2044 2132 2035 2132 2032 32 2030 32 2034 32 2036 32 2034 32 2030 32 2038 32 2034 32 2036 32 2040 32 2038 32 2036 32 2040 32 2036 32 2043 32 2036 2133 2047 2133 2043 2133 2043 32 2047 32 2051 32 2051 32 2047 32 2055 32 2055 2134 2060 2134 2051 2134 2060 2135 2066 2135 2051 2135 2060 2136 2062 2136 2066 2136 2062 2137 2060 2137 2053 2137 2057 32 2062 32 2053 32 2057 32 2053 32 2049 32 2053 32 2042 32 2049 32 2042 2138 2045 2138 2049 2138 2042 2139 2037 2139 2045 2139 2044 2140 2041 2140 2048 2140 2052 32 2044 32 2048 32 2056 32 2044 32 2052 32 2061 32 2044 32 2056 32 2039 2141 2037 2141 2042 2141 2039 2142 2042 2142 2046 2142 2050 32 2046 32 2042 32 2050 32 2042 32 2054 32 2058 32 2050 32 2054 32 2058 2143 2054 2143 2063 2143 2056 32 2067 32 2061 32 2067 32 2071 32 2061 32 2061 2144 2071 2144 2075 2144 2068 2145 2063 2145 2054 2145 2068 2146 2072 2146 2063 2146 2072 2147 2068 2147 2076 2147 2080 2148 2076 2148 2068 2148 2084 2149 2076 2149 2080 2149 2076 32 2084 32 2088 32 2060 2150 2055 2150 2065 2150 2060 32 2065 32 2070 32 2060 32 2070 32 2074 32 2075 32 2088 32 2084 32 2075 32 2083 32 2088 32 2083 32 2075 32 2079 32 2079 32 2075 32 2071 32 2047 2151 2059 2151 2055 2151 2064 32 2059 32 2047 32 2064 2152 2069 2152 2059 2152 2064 2153 2073 2153 2069 2153 2078 32 2074 32 2070 32 2074 2154 2078 2154 2082 2154 2087 2155 2074 2155 2082 2155 2073 32 2064 32 2077 32 2081 32 2077 32 2064 32 2077 32 2081 32 2086 32 2086 32 2081 32 2091 32 2091 2156 2081 2156 2095 2156 2095 32 2099 32 2091 32 2099 32 2095 32 2103 32 2103 32 2095 32 2108 32 2104 2157 2108 2157 2095 2157 2108 32 2104 32 2096 32 2096 32 2104 32 2100 32 2096 32 2100 32 2087 32 2092 2158 2096 2158 2087 2158 2087 2159 2082 2159 2092 2159 2087 2160 2100 2160 2105 2160 2087 32 2105 32 2110 32 2110 32 2114 32 2087 32 2109 2161 2100 2161 2104 2161 2104 2162 2113 2162 2109 2162 2117 32 2109 32 2113 32 2113 2163 2121 2163 2117 2163 2114 32 2110 32 2118 32 2122 32 2114 32 2118 32 2127 32 2114 32 2122 32 2126 32 2121 32 2113 32 2126 32 2113 32 2132 32 2126 32 2132 32 2137 32 2141 32 2137 32 2132 32 2141 32 2132 32 2145 32 2150 32 2141 32 2145 32 2150 2164 2145 2164 2156 2164 2145 2165 2152 2165 2156 2165 2152 2166 2145 2166 2147 2166 2152 32 2147 32 2138 32 2142 2167 2138 2167 2147 2167 2142 2168 2127 2168 2138 2168 2133 2169 2138 2169 2127 2169 2127 2170 2122 2170 2133 2170 2127 2171 2142 2171 2146 2171 2151 2172 2127 2172 2146 2172 2151 32 2157 32 2127 32 2161 2173 2157 2173 2151 2173 2157 2174 2161 2174 2165 2174 2165 32 2170 32 2157 32 2153 32 2142 32 2147 32 2158 32 2153 32 2147 32 2153 32 2158 32 2162 32 2166 2175 2162 2175 2158 2175 2165 32 2176 32 2170 32 2181 2176 2170 2176 2176 2176 2181 32 2185 32 2170 32 2170 2177 2185 2177 2190 2177 2170 2178 2190 2178 2187 2178 2170 32 2187 32 2178 32 2166 2179 2158 2179 2171 2179 2158 2156 2177 2156 2171 2156 2177 2180 2182 2180 2171 2180 2182 32 2177 32 2186 32 2186 32 2177 32 2191 32 2191 2181 2195 2181 2186 2181 2198 2182 2195 2182 2191 2182 2198 32 2191 32 2194 32 2189 32 2194 32 2191 32 2189 2183 2181 2183 2194 2183 2189 2184 2185 2184 2181 2184 2193 32 2185 32 2189 32 2197 32 2193 32 2189 32 2193 32 2197 32 2200 32 2200 2185 2197 2185 2202 2185 2197 2186 2201 2186 2202 2186 2183 32 2178 32 2187 32 2178 2187 2183 2187 2172 2187 2148 32 2178 32 2172 32 2201 2188 2197 2188 2196 2188 2196 2189 2199 2189 2201 2189 2199 32 2196 32 2192 32 2196 32 2179 32 2192 32 2188 2190 2192 2190 2179 2190 2179 2191 2184 2191 2188 2191 2179 2192 2173 2192 2184 2192 2179 32 2168 32 2173 32 2168 2193 2163 2193 2173 2193 2159 2194 2163 2194 2168 2194 2148 2195 2163 2195 2159 2195 2163 32 2148 32 2167 32 2159 2196 2154 2196 2148 2196 2167 2197 2148 2197 2172 2197 2148 32 2154 32 2143 32 2135 2198 2148 2198 2143 2198 2143 2199 2139 2199 2135 2199 2139 2200 2129 2200 2135 2200 2129 32 2107 32 2135 32 2174 32 2159 32 2168 32 2168 32 2169 32 2174 32 2174 2201 2169 2201 2180 2201 2180 2202 2169 2202 2175 2202 2175 2203 2169 2203 2164 2203 2129 2204 2124 2204 2107 2204 2120 2205 2107 2205 2124 2205 2116 2206 2107 2206 2120 2206 2112 32 2107 32 2116 32 2102 2207 2107 2207 2112 2207 2094 2208 2107 2208 2102 2208 2164 32 2169 32 2155 32 2164 32 2155 32 2160 32 2149 32 2160 32 2155 32 2155 2144 2136 2144 2149 2144 2136 32 2144 32 2149 32 2136 32 2140 32 2144 32 2131 32 2140 32 2136 32 2136 32 2125 32 2131 32 2125 2209 2120 2209 2131 2209 2102 32 2098 32 2094 32 2090 32 2094 32 2098 32 2094 32 2090 32 2068 32 2068 2210 2090 2210 2085 2210 2125 2211 2116 2211 2120 2211 2130 32 2116 32 2125 32 2123 32 2130 32 2125 32 2134 32 2130 32 2123 32 2134 2212 2123 2212 2128 2212 2128 2213 2123 2213 2119 2213 2111 2214 2119 2214 2123 2214 2115 32 2119 32 2111 32 2115 32 2111 32 2106 32 2093 2215 2106 2215 2111 2215 2101 32 2106 32 2093 32 2097 32 2101 32 2093 32 2089 32 2097 32 2093 32 2084 2216 2089 2216 2093 2216 2080 32 2068 32 2085 32 2084 2217 2080 2217 2089 2217 2203 2218 2204 2218 2205 2218 2204 2219 2203 2219 2206 2219 2203 2220 2205 2220 2207 2220 2204 2221 2206 2221 2208 2221 2205 2222 2209 2222 2207 2222 2206 2223 2210 2223 2208 2223 2209 2224 2211 2224 2207 2224 2208 2225 2210 2225 2212 2225 2213 2226 2211 2226 2209 2226 2212 2227 2210 2227 2214 2227 2211 2228 2213 2228 2215 2228 2214 2229 2216 2229 2212 2229 2215 2230 2213 2230 2217 2230 2214 2231 2218 2231 2216 2231 2217 2232 2219 2232 2215 2232 2220 2233 2218 2233 2214 2233 2219 2234 2217 2234 2221 2234 2218 2235 2220 2235 2222 2235 2221 2236 2217 2236 2223 2236 2218 2237 2222 2237 2224 2237 2223 2238 2225 2238 2221 2238 2226 2239 2224 2239 2222 2239 2225 2240 2223 2240 2227 2240 2226 2241 2228 2241 2224 2241 2229 2242 2225 2242 2227 2242 2228 2243 2226 2243 2230 2243 2231 2244 2225 2244 2229 2244 2232 2245 2228 2245 2230 2245 2229 2246 2233 2246 2231 2246 2230 2247 2234 2247 2232 2247 2229 2248 2234 2248 2233 2248 2233 2249 2234 2249 2230 2249 2235 2250 2236 2250 2237 2250 2238 2251 2236 2251 2235 2251 2239 2252 2235 2252 2237 2252 2238 2253 2235 2253 2240 2253 2241 2254 2235 2254 2239 2254 2242 2255 2240 2255 2235 2255 2241 2256 2243 2256 2235 2256 2244 2257 2242 2257 2235 2257 2235 2258 2243 2258 2245 2258 2246 2259 2244 2259 2235 2259 2247 2260 2235 2260 2245 2260 2235 2261 2248 2261 2246 2261 2249 2262 2235 2262 2247 2262 2248 2263 2235 2263 2250 2263 2249 2264 2251 2264 2235 2264 2235 2265 2251 2265 2250 2265 2252 2266 2253 2266 2254 2266 2253 2267 2252 2267 2255 2267 2256 2268 2252 2268 2254 2268 2255 2269 2252 2269 2257 2269 2252 2270 2256 2270 2258 2270 2259 2271 2257 2271 2252 2271 2258 2272 2260 2272 2252 2272 2259 2273 2252 2273 2261 2273 2262 2274 2252 2274 2260 2274 2263 2275 2261 2275 2252 2275 2262 2276 2264 2276 2252 2276 2265 2277 2263 2277 2252 2277 2266 2278 2252 2278 2264 2278 2252 2279 2267 2279 2265 2279 2266 2280 2268 2280 2252 2280 2267 2281 2252 2281 2268 2281 2269 2282 2270 2282 2271 2282 2270 2283 2269 2283 2272 2283 2273 2268 2269 2268 2271 2268 2272 2269 2269 2269 2274 2269 2275 2284 2269 2284 2273 2284 2276 2271 2274 2271 2269 2271 2275 2285 2277 2285 2269 2285 2278 2286 2276 2286 2269 2286 2269 2287 2277 2287 2279 2287 2269 2288 2280 2288 2278 2288 2279 2289 2281 2289 2269 2289 2282 2277 2280 2277 2269 2277 2283 2290 2269 2290 2281 2290 2284 2291 2282 2291 2269 2291 2283 2280 2285 2280 2269 2280 2285 2292 2284 2292 2269 2292 2286 2250 2287 2250 2288 2250 2289 2251 2287 2251 2286 2251 2290 2293 2286 2293 2288 2293 2289 2294 2286 2294 2291 2294 2292 2295 2286 2295 2290 2295 2293 2296 2291 2296 2286 2296 2292 2297 2294 2297 2286 2297 2295 2298 2293 2298 2286 2298 2286 2299 2294 2299 2296 2299 2297 2259 2295 2259 2286 2259 2298 2300 2286 2300 2296 2300 2286 2301 2299 2301 2297 2301 2300 2262 2286 2262 2298 2262 2299 2263 2286 2263 2301 2263 2300 2264 2302 2264 2286 2264 2286 2265 2302 2265 2301 2265 2303 2302 2304 2302 2305 2302 2304 2269 2303 2269 2306 2269 2303 2303 2305 2303 2307 2303 2308 2271 2306 2271 2303 2271 2309 2268 2303 2268 2307 2268 2308 2304 2303 2304 2310 2304 2309 2284 2311 2284 2303 2284 2312 2305 2310 2305 2303 2305 2303 2306 2311 2306 2313 2306 2303 2277 2314 2277 2312 2277 2313 2307 2315 2307 2303 2307 2303 2308 2316 2308 2314 2308 2315 2289 2317 2289 2303 2289 2303 2309 2318 2309 2316 2309 2319 2290 2303 2290 2317 2290 2318 2310 2303 2310 2319 2310 2320 2311 2321 2311 2322 2311 2321 2312 2320 2312 2323 2312 2324 2313 2320 2313 2322 2313 2323 2314 2320 2314 2325 2314 2326 2315 2320 2315 2324 2315 2327 2316 2325 2316 2320 2316 2328 2317 2320 2317 2326 2317 2327 2318 2320 2318 2329 2318 2328 2319 2330 2319 2320 2319 2331 2320 2329 2320 2320 2320 2330 2321 2332 2321 2320 2321 2320 2322 2333 2322 2331 2322 2334 2323 2320 2323 2332 2323 2333 2324 2320 2324 2335 2324 2336 2325 2320 2325 2334 2325 2320 2326 2336 2326 2335 2326 2337 2269 2338 2269 2339 2269 2338 2327 2340 2327 2339 2327 2341 2271 2337 2271 2339 2271 2340 2328 2342 2328 2339 2328 2339 2329 2343 2329 2341 2329 2344 2268 2339 2268 2342 2268 2343 2330 2339 2330 2345 2330 2346 2331 2339 2331 2344 2331 2347 2277 2345 2277 2339 2277 2346 2332 2348 2332 2339 2332 2347 2333 2339 2333 2349 2333 2350 2334 2339 2334 2348 2334 2339 2335 2351 2335 2349 2335 2350 2276 2352 2276 2339 2276 2353 2336 2351 2336 2339 2336 2339 2337 2352 2337 2353 2337 2354 2338 2355 2338 2356 2338 2355 2339 2357 2339 2356 2339 2354 2340 2356 2340 2358 2340 2356 2341 2357 2341 2359 2341 2358 2342 2356 2342 2360 2342 2361 2343 2356 2343 2359 2343 2360 2344 2356 2344 2362 2344 2361 2345 2363 2345 2356 2345 2364 2346 2362 2346 2356 2346 2365 2347 2356 2347 2363 2347 2364 2348 2356 2348 2366 2348 2367 2349 2356 2349 2365 2349 2368 2350 2366 2350 2356 2350 2356 2351 2367 2351 2369 2351 2356 2352 2370 2352 2368 2352 2370 2353 2356 2353 2369 2353 2371 2354 2372 2354 2373 2354 2373 2355 2375 2355 2371 2355 2377 2356 2371 2356 2375 2356 2379 2357 2377 2357 2375 2357 2381 2358 2377 2358 2379 2358 2373 2359 2372 2359 2374 2359 2383 2358 2381 2358 2379 2358 2385 2360 2381 2360 2383 2360 2374 2361 2372 2361 2376 2361 2374 2362 2376 2362 2378 2362 2385 2363 2383 2363 2387 2363 2389 2364 2385 2364 2387 2364 2376 2365 2380 2365 2378 2365 2382 2366 2378 2366 2380 2366 2391 2367 2389 2367 2387 2367 2393 2368 2389 2368 2391 2368 2380 2366 2384 2366 2382 2366 2382 2369 2384 2369 2386 2369 2393 2370 2391 2370 2395 2370 2397 2371 2393 2371 2395 2371 2384 2372 2388 2372 2386 2372 2390 2373 2386 2373 2388 2373 2395 2374 2399 2374 2397 2374 2401 2375 2397 2375 2399 2375 2388 2376 2392 2376 2390 2376 2390 2377 2392 2377 2394 2377 2403 2378 2401 2378 2399 2378 2405 2379 2401 2379 2403 2379 2392 2380 2396 2380 2394 2380 2398 2381 2394 2381 2396 2381 2407 2382 2405 2382 2403 2382 2409 2383 2405 2383 2407 2383 2396 2384 2400 2384 2398 2384 2398 2385 2400 2385 2402 2385 2411 2386 2409 2386 2407 2386 2413 2387 2409 2387 2411 2387 2400 2388 2404 2388 2402 2388 2406 2389 2402 2389 2404 2389 2413 2390 2411 2390 2415 2390 2417 2391 2413 2391 2415 2391 2404 2392 2408 2392 2406 2392 2406 2393 2408 2393 2410 2393 2419 2394 2417 2394 2415 2394 2421 2395 2417 2395 2419 2395 2408 2396 2412 2396 2410 2396 2414 2397 2410 2397 2412 2397 2421 2398 2419 2398 2423 2398 2425 2399 2421 2399 2423 2399 2412 2400 2416 2400 2414 2400 2414 2401 2416 2401 2418 2401 2427 2402 2425 2402 2423 2402 2429 2403 2425 2403 2427 2403 2416 2401 2420 2401 2418 2401 2422 2404 2418 2404 2420 2404 2429 2405 2427 2405 2431 2405 2433 2406 2429 2406 2431 2406 2435 2406 2433 2406 2431 2406 2433 2407 2435 2407 2434 2407 2436 2408 2433 2408 2434 2408 2420 2409 2424 2409 2422 2409 2422 2410 2424 2410 2426 2410 2424 2410 2428 2410 2426 2410 2430 2411 2426 2411 2428 2411 2428 2412 2432 2412 2430 2412 2434 2413 2430 2413 2432 2413 2432 2414 2436 2414 2434 2414 2437 2415 2438 2415 2439 2415 2437 2416 2439 2416 2441 2416 2437 32 2441 32 2443 32 2443 32 2441 32 2445 32 2447 32 2443 32 2445 32 2447 2417 2445 2417 2449 2417 2447 32 2449 32 2451 32 2440 2418 2439 2418 2438 2418 2440 32 2438 32 2442 32 2438 2419 2444 2419 2442 2419 2446 32 2442 32 2444 32 2451 2420 2449 2420 2453 2420 2455 32 2451 32 2453 32 2444 32 2448 32 2446 32 2448 32 2450 32 2446 32 2450 32 2448 32 2452 32 2454 32 2450 32 2452 32 2450 32 2454 32 2456 32 2453 32 2457 32 2455 32 2459 32 2455 32 2457 32 2456 2421 2454 2421 2458 2421 2458 32 2460 32 2456 32 2457 32 2461 32 2459 32 2461 2422 2463 2422 2459 2422 2460 2423 2458 2423 2462 2423 2462 2424 2458 2424 2464 2424 2462 2425 2464 2425 2466 2425 2468 32 2462 32 2466 32 2465 2426 2463 2426 2461 2426 2467 2427 2463 2427 2465 2427 2463 32 2467 32 2469 32 2466 2428 2470 2428 2468 2428 2470 2429 2466 2429 2472 2429 2474 32 2470 32 2472 32 2467 2430 2471 2430 2469 2430 2476 32 2474 32 2472 32 2476 32 2478 32 2474 32 2476 32 2480 32 2478 32 2482 32 2478 32 2480 32 2473 32 2471 32 2467 32 2473 2431 2475 2431 2471 2431 2480 32 2484 32 2482 32 2486 32 2482 32 2484 32 2484 2432 2488 2432 2486 2432 2488 2433 2490 2433 2486 2433 2477 32 2475 32 2473 32 2477 2434 2479 2434 2475 2434 2490 2435 2488 2435 2492 2435 2492 32 2494 32 2490 32 2492 32 2496 32 2494 32 2494 32 2496 32 2498 32 2500 2436 2494 2436 2498 2436 2500 32 2498 32 2499 32 2500 2437 2499 2437 2501 2437 2499 2438 2497 2438 2501 2438 2499 2439 2495 2439 2497 2439 2491 32 2497 32 2495 32 2495 32 2493 32 2491 32 2493 32 2487 32 2491 32 2491 32 2487 32 2489 32 2483 32 2489 32 2487 32 2483 2440 2487 2440 2485 2440 2483 32 2485 32 2479 32 2479 2441 2481 2441 2483 2441 2477 32 2481 32 2479 32 2502 2442 2503 2442 2504 2442 2502 2443 2504 2443 2506 2443 2506 2444 2508 2444 2502 2444 2503 2445 2502 2445 2505 2445 2505 2446 2507 2446 2503 2446 2508 2447 2506 2447 2510 2447 2508 2448 2510 2448 2512 2448 2512 2449 2514 2449 2508 2449 2505 2450 2509 2450 2507 2450 2509 2451 2505 2451 2511 2451 2511 2452 2513 2452 2509 2452 2514 2453 2512 2453 2516 2453 2514 2454 2516 2454 2518 2454 2514 2455 2518 2455 2520 2455 2520 2456 2522 2456 2514 2456 2511 2457 2515 2457 2513 2457 2515 2458 2511 2458 2517 2458 2517 2459 2519 2459 2515 2459 2522 2460 2520 2460 2524 2460 2524 2461 2526 2461 2522 2461 2517 2462 2521 2462 2519 2462 2521 2463 2517 2463 2523 2463 2523 2464 2525 2464 2521 2464 2526 2465 2524 2465 2528 2465 2526 2466 2528 2466 2530 2466 2530 2467 2532 2467 2526 2467 2523 2468 2527 2468 2525 2468 2527 2469 2523 2469 2529 2469 2529 2470 2531 2470 2527 2470 2532 2471 2530 2471 2534 2471 2532 2472 2534 2472 2536 2472 2536 2473 2538 2473 2532 2473 2529 2474 2533 2474 2531 2474 2533 2475 2529 2475 2535 2475 2535 2476 2537 2476 2533 2476 2538 2477 2536 2477 2540 2477 2538 2478 2540 2478 2542 2478 2542 2479 2544 2479 2538 2479 2535 2480 2539 2480 2537 2480 2539 2481 2535 2481 2541 2481 2541 2482 2543 2482 2539 2482 2544 2483 2542 2483 2546 2483 2544 2484 2546 2484 2548 2484 2548 2485 2550 2485 2544 2485 2541 2486 2545 2486 2543 2486 2545 2487 2541 2487 2547 2487 2547 2488 2549 2488 2545 2488 2550 2489 2548 2489 2552 2489 2550 2490 2552 2490 2554 2490 2554 2491 2556 2491 2550 2491 2547 2492 2551 2492 2549 2492 2551 2493 2547 2493 2553 2493 2553 2494 2555 2494 2551 2494 2556 2495 2554 2495 2558 2495 2556 2496 2558 2496 2560 2496 2560 2497 2562 2497 2556 2497 2553 2498 2557 2498 2555 2498 2557 2499 2553 2499 2559 2499 2559 2500 2561 2500 2557 2500 2562 2501 2560 2501 2564 2501 2562 2502 2564 2502 2566 2502 2566 2503 2568 2503 2562 2503 2568 2504 2566 2504 2570 2504 2568 2505 2570 2505 2572 2505 2572 2506 2574 2506 2568 2506 2574 2507 2572 2507 2576 2507 2574 2508 2576 2508 2578 2508 2578 2509 2580 2509 2574 2509 2580 2510 2578 2510 2582 2510 2580 2511 2582 2511 2584 2511 2584 2512 2586 2512 2580 2512 2586 2513 2584 2513 2588 2513 2586 2514 2588 2514 2590 2514 2590 2515 2592 2515 2586 2515 2592 2516 2590 2516 2594 2516 2592 2517 2594 2517 2596 2517 2596 2518 2595 2518 2592 2518 2595 2519 2596 2519 2597 2519 2595 2520 2597 2520 2593 2520 2593 2521 2589 2521 2595 2521 2589 2522 2593 2522 2591 2522 2589 2523 2591 2523 2587 2523 2587 2524 2583 2524 2589 2524 2583 2525 2587 2525 2585 2525 2583 2526 2585 2526 2581 2526 2581 2527 2577 2527 2583 2527 2577 2528 2581 2528 2579 2528 2577 2529 2579 2529 2575 2529 2575 2530 2571 2530 2577 2530 2571 2531 2575 2531 2573 2531 2571 2532 2573 2532 2569 2532 2569 2533 2565 2533 2571 2533 2565 2534 2569 2534 2567 2534 2565 2535 2567 2535 2563 2535 2563 2536 2559 2536 2565 2536 2559 2537 2563 2537 2561 2537 2598 32 2599 32 2600 32 2598 2538 2600 2538 2601 2538 2601 32 2600 32 2602 32 2603 32 2602 32 2600 32 2604 32 2601 32 2602 32 2602 32 2603 32 2605 32 2606 32 2603 32 2600 32 2604 32 2602 32 2607 32 2605 32 2608 32 2602 32 2609 32 2606 32 2600 32 2607 2539 2602 2539 2610 2539 2607 32 2611 32 2604 32 2608 32 2612 32 2602 32 2600 2540 2613 2540 2609 2540 2614 32 2615 32 2616 32 2617 32 2616 32 2615 32 2614 2541 2616 2541 2618 2541 2616 32 2617 32 2619 32 2616 2542 2620 2542 2618 2542 2620 2543 2621 2543 2618 2543 2618 32 2621 32 2622 32 2621 32 2623 32 2622 32 2618 2544 2622 2544 2624 2544 2622 2545 2623 2545 2625 2545 2622 32 2625 32 2626 32 2626 32 2625 32 2627 32 2626 2546 2628 2546 2622 2546 2629 32 2627 32 2625 32 2630 2547 2631 2547 2632 2547 2630 2548 2632 2548 2633 2548 2632 32 2634 32 2633 32 2635 32 2634 32 2632 32 2633 2549 2634 2549 2636 2549 2632 2550 2637 2550 2635 2550 2636 32 2634 32 2638 32 2636 2551 2639 2551 2633 2551 2632 2552 2640 2552 2637 2552 2636 32 2641 32 2639 32 2633 32 2639 32 2642 32 2643 32 2642 32 2639 32 2639 2553 2644 2553 2643 2553 2644 2554 2639 2554 2645 2554 2646 2555 2647 2555 2648 2555 2646 32 2648 32 2649 32 2650 32 2649 32 2648 32 2651 32 2646 32 2649 32 2652 32 2650 32 2648 32 2652 32 2653 32 2650 32 2654 32 2652 32 2648 32 2652 2556 2655 2556 2653 2556 2656 32 2650 32 2653 32 2654 2557 2657 2557 2652 2557 2654 2558 2648 2558 2658 2558 2656 32 2659 32 2650 32 2660 32 2652 32 2657 32 2654 32 2658 32 2661 32 2662 32 2663 32 2664 32 2664 32 2663 32 2665 32 2664 2559 2665 2559 2666 2559 2666 2560 2667 2560 2664 2560 2668 2561 2667 2561 2666 2561 2667 32 2668 32 2669 32 2666 32 2670 32 2668 32 2671 32 2669 32 2668 32 2672 2562 2670 2562 2666 2562 2668 2563 2670 2563 2673 2563 2668 32 2674 32 2671 32 2668 2564 2673 2564 2675 2564 2675 2565 2676 2565 2668 2565 2677 2566 2668 2566 2676 2566 2678 2567 2679 2567 2680 2567 2681 32 2680 32 2679 32 2682 2568 2678 2568 2680 2568 2682 32 2683 32 2678 32 2682 2569 2684 2569 2683 2569 2678 32 2683 32 2685 32 2678 32 2685 32 2686 32 2686 32 2685 32 2687 32 2678 32 2686 32 2688 32 2686 32 2687 32 2689 32 2689 32 2690 32 2686 32 2686 2570 2690 2570 2691 2570 2691 32 2690 32 2692 32 2691 2571 2693 2571 2686 2571 2694 2572 2695 2572 2696 2572 2694 2573 2696 2573 2697 2573 2696 2574 2698 2574 2697 2574 2697 32 2699 32 2694 32 2700 32 2698 32 2696 32 2701 32 2694 32 2699 32 2702 32 2701 32 2699 32 2702 2575 2703 2575 2701 2575 2702 32 2699 32 2704 32 2702 2576 2705 2576 2703 2576 2702 2577 2706 2577 2705 2577 2705 32 2707 32 2703 32 2705 2578 2708 2578 2707 2578 2709 32 2708 32 2705 32 2710 2579 2711 2579 2712 2579 2710 32 2712 32 2713 32 2713 2580 2712 2580 2714 2580 2715 32 2710 32 2713 32 2710 2581 2715 2581 2716 2581 2715 32 2713 32 2717 32 2718 2582 2710 2582 2716 2582 2713 2583 2719 2583 2717 2583 2717 32 2720 32 2715 32 2721 32 2710 32 2718 32 2713 32 2722 32 2719 32 2717 2584 2719 2584 2723 2584 2717 2552 2724 2552 2720 2552 2715 32 2720 32 2725 32 2726 2585 2727 2585 2728 2585 2728 32 2729 32 2726 32 2728 2586 2730 2586 2729 2586 2729 32 2731 32 2726 32 2732 2587 2729 2587 2730 2587 2731 2588 2729 2588 2733 2588 2731 2589 2734 2589 2726 2589 2735 32 2729 32 2732 32 2730 2590 2736 2590 2732 2590 2737 2591 2733 2591 2729 2591 2731 2592 2738 2592 2734 2592 2739 32 2737 32 2729 32 2740 32 2738 32 2731 32 2740 32 2741 32 2738 32 2742 32 2743 32 2744 32 2744 2593 2743 2593 2745 2593 2744 32 2745 32 2746 32 2744 32 2746 32 2747 32 2747 32 2746 32 2748 32 2747 32 2748 32 2749 32 2749 2594 2748 2594 2750 2594 2747 2595 2749 2595 2751 2595 2749 32 2750 32 2752 32 2753 2596 2751 2596 2749 2596 2747 2597 2751 2597 2754 2597 2752 32 2755 32 2749 32 2749 2598 2756 2598 2753 2598 2757 32 2749 32 2755 32 2758 32 2759 32 2760 32 2758 2599 2760 2599 2761 2599 2762 32 2761 32 2760 32 2758 32 2761 32 2763 32 2764 32 2763 32 2761 32 2765 32 2763 32 2764 32 2764 2600 2761 2600 2766 2600 2765 32 2764 32 2767 32 2764 32 2766 32 2768 32 2767 32 2764 32 2769 32 2764 2601 2768 2601 2770 2601 2771 32 2769 32 2764 32 2764 2602 2770 2602 2772 2602 2764 2603 2773 2603 2771 2603 2774 32 2775 32 2776 32 2774 2604 2776 2604 2777 2604 2778 32 2774 32 2777 32 2778 2605 2779 2605 2774 2605 2778 2606 2777 2606 2780 2606 2781 32 2774 32 2779 32 2782 32 2780 32 2777 32 2781 32 2783 32 2774 32 2781 2607 2779 2607 2784 2607 2774 2608 2783 2608 2785 2608 2786 2609 2785 2609 2783 2609 2787 2610 2786 2610 2783 2610 2786 2611 2787 2611 2788 2611 2789 32 2787 32 2783 32 2790 32 2791 32 2792 32 2793 32 2792 32 2791 32 2790 32 2792 32 2794 32 2795 2612 2794 2612 2792 2612 2796 2613 2794 2613 2795 2613 2795 32 2792 32 2797 32 2792 2614 2798 2614 2797 2614 2795 2615 2797 2615 2799 2615 2800 32 2798 32 2792 32 2797 32 2798 32 2801 32 2802 2616 2798 2616 2800 2616 2800 32 2792 32 2803 32 2801 32 2804 32 2797 32 2805 32 2797 32 2804 32 2806 2617 2807 2617 2808 2617 2806 2618 2808 2618 2809 2618 2810 2619 2809 2619 2808 2619 2811 2620 2809 2620 2810 2620 2810 2621 2808 2621 2812 2621 2810 32 2812 32 2813 32 2813 2622 2812 2622 2814 2622 2810 2623 2813 2623 2815 2623 2814 32 2816 32 2813 32 2817 2624 2815 2624 2813 2624 2818 32 2813 32 2816 32 2815 2625 2817 2625 2819 2625 2813 2626 2820 2626 2817 2626 2821 32 2815 32 2819 32 2822 32 2823 32 2824 32 2823 32 2822 32 2825 32 2826 32 2822 32 2824 32 2823 32 2825 32 2827 32 2826 32 2828 32 2822 32 2829 32 2826 32 2824 32 2830 2627 2823 2627 2827 2627 2830 2628 2831 2628 2823 2628 2827 32 2832 32 2830 32 2832 32 2833 32 2830 32 2834 32 2833 32 2832 32 2830 2629 2833 2629 2835 2629 2836 32 2835 32 2833 32 2836 2630 2833 2630 2837 2630 2838 32 2839 32 2840 32 2840 32 2839 32 2841 32 2841 2631 2842 2631 2840 2631 2842 2632 2841 2632 2843 2632 2842 32 2844 32 2840 32 2845 2633 2842 2633 2843 2633 2845 2634 2846 2634 2842 2634 2843 32 2847 32 2845 32 2846 2635 2845 2635 2848 2635 2845 2636 2847 2636 2849 2636 2850 32 2848 32 2845 32 2849 32 2851 32 2845 32 2852 32 2850 32 2845 32 2853 32 2845 32 2851 32</p>
        </triangles>
      </mesh>
    </geometry>
  </library_geometries>
  <library_visual_scenes>
    <visual_scene id="Scene" name="Scene">
      <node id="link_6" name="link_6" type="NODE">
        <matrix sid="transform">0.001 0 0 0 0 0.001 0 0 0 0 0.001 0 0 0 0 1</matrix>
        <node id="Default" name="Default" type="NODE">
          <matrix sid="transform">-4.37114e-8 1 0 474.4987 -1 -4.37114e-8 0 -0.50005 0 0 1 1453.293 0 0 0 1</matrix>
          <instance_geometry url="#Mesh1_006-mesh" name="Default">
            <bind_material>
              <technique_common>
                <instance_material symbol="Material_0_006-material" target="#Material_0_006-material"/>
              </technique_common>
            </bind_material>
          </instance_geometry>
        </node>
      </node>
    </visual_scene>
  </library_visual_scenes>
  <scene>
    <instance_visual_scene url="#Scene"/>
  </scene>
</COLLADA>
