<?xml version="1.0" encoding="utf-8"?>
<COLLADA xmlns="http://www.collada.org/2005/11/COLLADASchema" version="1.4.1" xmlns:xsi="http://www.w3.org/2001/XMLSchema-instance">
  <asset>
    <contributor>
      <author>Blender User</author>
      <authoring_tool>Blender 3.4.1</authoring_tool>
    </contributor>
    <created>2026-08-17T02:04:44</created>
    <modified>2026-08-17T02:04:44</modified>
    <unit name="meter" meter="1"/>
    <up_axis>Z_UP</up_axis>
  </asset>
  <library_effects>
    <effect id="Material_2_006-effect">
      <profile_COMMON>
        <technique sid="common">
          <lambert>
            <emission>
              <color sid="emission">0 0 0 1</color>
            </emission>
            <diffuse>
              <color sid="diffuse">0.05612849 0.07036009 0.07421356 1</color>
            </diffuse>
            <index_of_refraction>
              <float sid="ior">1.45</float>
            </index_of_refraction>
          </lambert>
        </technique>
      </profile_COMMON>
    </effect>
    <effect id="Material_1_006-effect">
      <profile_COMMON>
        <technique sid="common">
          <lambert>
            <emission>
              <color sid="emission">0 0 0 1</color>
            </emission>
            <diffuse>
              <color sid="diffuse">1 1 1 1</color>
            </diffuse>
            <index_of_refraction>
              <float sid="ior">1.45</float>
            </index_of_refraction>
          </lambert>
        </technique>
      </profile_COMMON>
    </effect>
    <effect id="Material_0_006-effect">
      <profile_COMMON>
        <technique sid="common">
          <lambert>
            <emission>
              <color sid="emission">0 0 0 1</color>
            </emission>
            <diffuse>
              <color sid="diffuse">0.00303527 0.00303527 0.00303527 1</color>
            </diffuse>
            <index_of_refraction>
              <float sid="ior">1.45</float>
            </index_of_refraction>
          </lambert>
        </technique>
      </profile_COMMON>
    </effect>
  </library_effects>
  <library_images/>
  <library_materials>
    <material id="Material_2_006-material" name="Material_2.006">
      <instance_effect url="#Material_2_006-effect"/>
    </material>
    <material id="Material_1_006-material" name="Material_1.006">
      <instance_effect url="#Material_1_006-effect"/>
    </material>
    <material id="Material_0_006-material" name="Material_0.006">
      <instance_effect url="#Material_0_006-effect"/>
    </material>
  </library_materials>
  <library_geometries>
    <geometry id="Mesh3_006-mesh" name="Mesh3.006">
      <mesh>
        <source id="Mesh3_006-mesh-positions">
          <float_array id="Mesh3_006-mesh-positions-array" count="5238">2115.885 -22.9678 2415.64 2115.885 -26.2729 2416.826 2115.738 -26.2578 2416.852 2115.738 -28.8487 2419.205 2115.738 -22.9635 2415.669 2115.885 -28.8722 2419.187 2115.613 -28.7816 2419.255 2115.613 -26.2148 2416.923 2115.885 -19.4602 2415.808 2115.738 -30.3418 2422.371 2115.613 -30.2608 2422.391 2115.613 -22.9512 2415.751 2115.738 -19.4673 2415.837 2127.5 -21.6375 2415.541 2115.885 -30.3702 2422.364 2115.529 -30.1396 2422.421 2115.529 -28.6812 2419.329 2115.529 -26.1505 2417.03 2115.738 -16.3016 2417.33 2127.5 -18.1934 2416.226 2127.5 -25.0817 2416.226 2115.613 -30.4272 2425.855 2127.5 -29.9524 2421.097 2115.738 -30.5097 2425.867 2115.529 -30.3036 2425.836 2115.529 -22.9327 2415.875 2115.613 -19.4875 2415.917 2115.885 -16.2841 2417.306 2115.885 -26.2729 2416.826 2127.5 -28.0015 2418.177 2127.5 -30.6375 2424.541 2115.885 -30.5387 2425.871 2115.5 -29.9966 2422.457 2115.5 -28.5628 2419.417 2115.5 -26.0746 2417.156 2115.613 -16.3512 2417.397 2115.885 -13.923 2419.906 2127.5 -15.2736 2418.177 2127.5 -26.2729 2416.826 2115.529 -29.1483 2429.053 2115.613 -29.2554 2429.118 2115.738 -29.3269 2429.161 2115.5 -30.1579 2425.814 2115.5 -22.9109 2416.021 2115.529 -19.5177 2416.039 2115.738 -13.9481 2419.921 2115.5 -29.022 2428.978 2127.5 -29.9524 2427.985 2115.885 -29.352 2429.176 2115.5 -19.5534 2416.182 2115.529 -16.4255 2417.497 2115.613 -14.0197 2419.964 2127.5 -13.3226 2421.097 2115.885 -12.7364 2423.211 2115.529 -26.8496 2431.585 2115.613 -26.9239 2431.685 2115.885 -26.9909 2431.776 2115.738 -12.7654 2423.215 2115.5 -26.7619 2431.466 2115.738 -26.9735 2431.752 2127.5 -28.0015 2430.905 2115.5 -16.5131 2417.615 2115.529 -14.1267 2420.028 2115.613 -12.8479 2423.227 2127.5 -12.6375 2424.541 2115.885 -12.9049 2426.718 2115.529 -23.7573 2433.043 2115.613 -23.7875 2433.164 2127.5 -25.0817 2432.856 2115.885 -23.8148 2433.273 2115.5 -14.253 2420.104 2115.738 -12.9333 2426.711 2115.5 -23.7217 2432.9 2115.738 -23.8077 2433.245 2115.529 -12.9714 2423.246 2115.613 -13.0143 2426.691 2127.5 -13.3226 2427.985 2115.885 -14.4028 2429.894 2115.529 -20.3424 2433.207 2115.5 -20.3642 2433.061 2115.613 -20.3239 2433.331 2127.5 -21.6375 2433.541 2115.885 -20.3072 2433.442 2115.5 -13.1172 2423.268 2115.738 -14.4264 2429.877 2115.738 -20.3116 2433.413 2115.529 -13.1355 2426.661 2115.613 -14.4935 2429.827 2127.5 -15.2736 2430.905 2115.885 -17.0022 2432.256 2115.5 -17.2005 2431.926 2115.529 -17.1246 2432.052 2115.613 -17.0603 2432.159 2127.5 -18.1934 2432.856 2115.5 -13.2784 2426.625 2115.738 -17.0173 2432.23 2115.529 -14.5939 2429.753 2115.5 -14.7123 2429.665 2115.885 -1.5649 2412.625 2115.885 -5.069 2412.854 2115.738 -5.0614 2412.883 2115.885 -8.218501 2414.407 2115.738 -1.5687 2412.654 2115.738 -8.2006 2414.431 2115.613 -5.0398 2412.963 2115.885 1.7604 2413.753 2115.885 -10.5338 2417.048 2115.613 -8.1498 2414.497 2115.613 -1.5796 2412.737 2115.738 1.7457 2413.779 2127.5 0.7045 2413.233 2127.5 -9.1036 2415.184 2115.738 -10.5085 2417.062 2115.613 -10.4362 2417.104 2115.529 -8.073801 2414.596 2115.529 -5.0075 2413.084 2115.885 4.4006 2416.069 2127.5 3.6244 2415.184 2127.5 -2.7396 2412.548 2127.5 -6.1838 2413.233 2127.5 -11.0545 2418.104 2115.885 -11.6626 2420.373 2115.529 -10.328 2417.167 2115.529 -1.5959 2412.86 2115.613 1.704 2413.851 2115.738 4.3773 2416.087 2115.885 -5.069 2412.854 2115.613 -11.5508 2420.387 2115.738 -11.6336 2420.377 2115.529 -11.427 2420.404 2115.5 -7.9841 2414.713 2115.5 -4.9693 2413.226 2127.5 5.5753 2418.104 2115.885 5.9537 2419.218 2127.5 -5.069 2412.854 2127.5 -11.7396 2421.548 2115.885 -11.4329 2423.877 2115.5 -10.2004 2417.24 2115.5 -1.6151 2413.007 2115.529 1.6416 2413.959 2115.613 4.3111 2416.137 2115.738 5.9254 2419.226 2115.529 -11.2034 2423.815 2115.613 -11.324 2423.848 2115.738 -11.4046 2423.87 2115.5 -11.2809 2420.423 2115.5 1.5679 2414.087 2127.5 6.2604 2421.548 2115.885 6.1834 2422.723 2127.5 -11.0545 2424.992 2115.5 -11.0611 2423.778 2115.885 -9.8798 2427.027 2115.529 4.212 2416.214 2115.613 5.8448 2419.248 2115.738 6.1543 2422.719 2115.529 -9.6912 2426.882 2115.613 -9.7903 2426.958 2115.738 -9.8565 2427.009 2115.5 4.0951 2416.303 2127.5 5.5753 2424.992 2115.885 5.0546 2426.048 2127.5 -9.1036 2427.912 2115.5 -9.5744 2426.792 2115.885 -7.2396 2429.342 2115.529 5.7242 2419.28 2115.613 6.0716 2422.708 2115.738 5.0292 2426.033 2115.529 -7.1208 2429.136 2115.5 -7.0471 2429.009 2115.613 -7.1832 2429.244 2115.738 -7.225 2429.317 2115.5 5.5818 2419.318 2127.5 3.6244 2427.912 2115.885 2.7392 2428.688 2127.5 -6.1838 2429.863 2115.885 -3.9143 2430.471 2115.529 5.9478 2422.692 2115.613 4.957 2425.991 2115.738 2.7214 2428.665 2115.529 -3.8833 2430.235 2115.613 -3.8996 2430.359 2115.738 -3.9105 2430.442 2115.5 5.8017 2422.672 2127.5 0.7045 2429.863 2115.885 -0.4102 2430.241 2127.5 -2.7396 2430.548 2115.5 -3.8641 2430.089 2115.738 -0.4178 2430.213 2115.529 4.8488 2425.929 2115.613 2.6706 2428.599 2115.5 -0.5099 2429.869 2115.529 -0.4718 2430.011 2115.613 -0.4394 2430.132 2115.5 4.7212 2425.855 2115.5 2.5049 2428.383 2115.529 2.5946 2428.5 2115.885 16.4781 2414.217 2115.738 16.4776 2414.246 2115.885 19.9098 2414.962 2115.738 13.0333 2414.869 2115.738 19.8981 2414.989 2115.885 13.0226 2414.842 2115.613 13.0639 2414.946 2115.613 16.4762 2414.33 2115.885 22.7951 2416.964 2115.738 10.0895 2416.762 2115.613 10.1475 2416.822 2115.613 19.8648 2415.065 2127.5 22.685 2416.852 2115.738 22.774 2416.984 2115.885 10.0691 2416.741 2115.529 10.2342 2416.912 2115.529 13.1097 2415.063 2115.529 16.474 2414.454 2127.5 24.636 2419.771 2127.5 19.7652 2414.901 2115.885 24.6948 2419.917 2115.613 8.1709 2419.672 2127.5 12.8769 2414.901 2115.738 8.0944 2419.638 2115.529 8.2855 2419.721 2115.529 19.815 2415.179 2115.613 22.714 2417.041 2115.885 16.4781 2414.217 2115.738 24.6676 2419.927 2127.5 16.3211 2414.215 2127.5 9.9571 2416.852 2115.885 8.067501 2419.627 2115.5 13.1637 2415.199 2115.5 8.4206 2419.78 2115.5 19.7563 2415.315 2127.5 25.3211 2423.215 2127.5 16.4781 2414.217 2115.885 25.3197 2423.373 2115.529 7.5601 2423.062 2115.613 7.4352 2423.06 2115.738 7.3517 2423.059 2115.5 10.3366 2417.018 2115.5 16.4714 2414.602 2115.529 22.6242 2417.129 2115.613 24.5899 2419.958 2115.738 25.2904 2423.372 2127.5 8.0062 2419.771 2115.885 7.3224 2423.058 2115.5 7.7074 2423.065 2115.5 22.5182 2417.231 2127.5 24.636 2426.659 2115.885 24.5746 2426.804 2115.529 8.1684 2426.427 2115.613 8.0522 2426.473 2115.738 7.9746 2426.503 2115.5 8.3055 2426.373 2115.5 24.3366 2420.058 2115.529 24.4737 2420.004 2115.613 25.2069 2423.371 2115.738 24.5477 2426.792 2127.5 7.3211 2423.215 2115.885 7.9473 2426.514 2127.5 22.685 2429.579 2115.885 22.573 2429.689 2115.529 10.018 2429.302 2115.613 9.9281 2429.389 2115.738 9.868101 2429.447 2115.529 25.0821 2423.368 2115.613 24.4712 2426.759 2115.738 22.5526 2429.668 2115.5 10.124 2429.2 2127.5 8.0062 2426.659 2115.885 9.847001 2429.468 2115.5 24.9348 2423.365 2127.5 19.7652 2431.53 2115.885 19.6196 2431.589 2115.5 12.8858 2431.116 2115.529 12.8271 2431.251 2115.613 12.7773 2431.365 2115.738 12.744 2431.442 2115.5 24.2215 2426.651 2115.529 24.3567 2426.709 2115.613 22.4947 2429.608 2115.738 19.6088 2431.562 2127.5 9.9571 2429.579 2115.885 12.7323 2431.469 2127.5 16.3211 2432.215 2115.885 16.164 2432.214 2115.529 16.1681 2431.976 2115.613 16.166 2432.101 2115.738 16.1645 2432.185 2115.529 22.4079 2429.519 2115.613 19.5783 2431.484 2115.5 16.1707 2431.829 2127.5 12.8769 2431.53 2115.5 22.3055 2429.413 2115.5 19.4785 2431.231 2115.529 19.5325 2431.368 2115.885 60.9682 2438.867 2115.738 60.9596 2438.894 2115.885 64.0616 2440.529 2115.738 57.4771 2438.543 2115.738 64.0429 2440.551 2115.885 57.4743 2438.515 2115.613 57.4851 2438.627 2115.613 60.9352 2438.974 2115.738 66.2575 2443.262 2115.738 54.1254 2439.552 2115.613 54.1646 2439.626 2115.613 63.9898 2440.615 2115.885 66.2834 2443.248 2115.885 54.1116 2439.527 2115.529 54.2232 2439.737 2115.529 57.497 2438.751 2115.529 60.8987 2439.094 2115.613 66.1838 2443.301 2127.5 64.7008 2441.109 2115.738 67.2663 2446.614 2115.613 51.4793 2441.82 2127.5 54.8927 2439.158 2115.738 51.4149 2441.767 2115.529 51.5756 2441.9 2115.529 63.9104 2440.712 2127.5 66.6518 2444.029 2127.5 61.781 2439.158 2115.885 67.2954 2446.611 2127.5 58.3369 2438.473 2127.5 51.9729 2441.109 2115.885 51.3922 2441.748 2115.5 54.2924 2439.866 2115.5 51.6893 2441.993 2115.5 60.8556 2439.235 2115.529 66.0736 2443.36 2115.613 67.1832 2446.621 2115.885 60.9682 2438.867 2115.738 66.9156 2450.096 2115.529 49.9574 2444.911 2115.613 49.838 2444.875 2115.738 49.7582 2444.85 2115.5 57.5112 2438.898 2115.5 50.0983 2444.954 2115.5 63.8167 2440.825 2115.5 65.9435 2443.429 2127.5 67.3369 2447.473 2127.5 60.9682 2438.867 2115.885 66.9436 2450.104 2127.5 50.022 2444.029 2115.885 49.7301 2444.842 2115.5 66.9122 2446.647 2115.529 67.0589 2446.633 2115.613 66.8358 2450.072 2115.738 65.2589 2453.179 2115.529 49.6149 2448.313 2115.5 49.7615 2448.299 2115.613 49.4905 2448.325 2115.738 49.4075 2448.333 2127.5 66.6518 2450.917 2115.885 65.2815 2453.198 2127.5 49.3369 2447.473 2115.885 49.3783 2448.336 2115.5 66.5754 2449.992 2115.529 66.7163 2450.035 2115.613 65.1945 2453.126 2115.738 62.5484 2455.394 2115.5 50.7303 2451.518 2115.529 50.6002 2451.587 2115.613 50.4899 2451.645 2115.738 50.4162 2451.685 2127.5 64.7008 2453.837 2115.885 62.5621 2455.419 2127.5 50.022 2450.917 2115.885 50.3903 2451.698 2115.529 65.0981 2453.047 2115.613 62.5092 2455.32 2115.738 59.1967 2456.403 2115.529 52.7633 2454.234 2115.613 52.6839 2454.331 2115.738 52.6308 2454.395 2115.5 64.9844 2452.953 2127.5 61.781 2455.788 2115.885 59.1995 2456.432 2115.5 52.8571 2454.121 2127.5 51.9729 2453.837 2115.885 52.6122 2454.418 2115.5 62.3814 2455.08 2115.529 62.4505 2455.21 2115.613 59.1887 2456.32 2115.738 55.7141 2456.052 2115.5 55.8181 2455.712 2115.529 55.775 2455.853 2115.613 55.7385 2455.972 2127.5 58.3369 2456.473 2115.885 55.7055 2456.08 2127.5 54.8927 2455.788 2115.529 59.1767 2456.195 2115.5 59.1626 2456.049 2115.885 81.07 2473.461 2115.738 83.5612 2475.928 2115.885 83.5854 2475.911 2115.738 81.054 2473.486 2115.738 84.9429 2479.144 2115.613 81.0086 2473.555 2115.738 77.803 2472.189 2115.613 83.4924 2475.975 2115.885 84.9715 2479.138 2115.613 77.7878 2472.271 2115.885 77.8083 2472.16 2115.613 84.8612 2479.161 2127.5 84.4831 2477.565 2115.738 84.9887 2482.644 2115.529 77.76501 2472.394 2115.529 80.9405 2473.66 2115.613 74.3205 2472.316 2115.738 74.3031 2472.234 2115.529 83.3895 2476.046 2127.5 85.1682 2481.009 2127.5 82.5322 2474.645 2115.885 85.0175 2482.649 2115.529 74.3464 2472.438 2115.885 74.29701 2472.206 2115.529 84.7391 2479.187 2115.613 84.9066 2482.629 2115.885 81.07 2473.461 2115.738 83.6917 2485.895 2115.5 74.3771 2472.582 2115.5 80.8603 2473.784 2115.5 83.2681 2476.13 2115.613 71.1344 2473.685 2115.529 71.2052 2473.788 2127.5 76.1682 2472.009 2115.738 71.0872 2473.616 2127.5 84.4831 2484.453 2127.5 81.07 2473.461 2115.885 83.7162 2485.911 2115.5 77.7382 2472.539 2127.5 79.6124 2472.694 2127.5 72.7241 2472.694 2115.885 71.0706 2473.592 2115.5 84.595 2479.218 2115.529 84.7838 2482.606 2115.613 83.6217 2485.849 2115.738 81.2493 2488.402 2115.5 71.2886 2473.909 2115.529 68.8195 2476.237 2115.613 68.7148 2476.169 2115.738 68.6448 2476.123 2127.5 82.5322 2487.373 2115.885 81.2659 2488.426 2115.5 68.9431 2476.317 2127.5 69.8043 2474.645 2115.885 68.6202 2476.107 2115.5 84.63901 2482.579 2115.529 83.5169 2485.781 2115.613 81.20201 2488.333 2115.738 78.0333 2489.783 2115.529 67.5526 2479.412 2115.5 67.6975 2479.439 2115.613 67.4298 2479.39 2115.738 67.3477 2479.374 2115.5 83.3934 2485.701 2127.5 79.6124 2489.324 2115.885 78.0394 2489.812 2127.5 67.8533 2477.565 2115.885 67.3189 2479.369 2115.529 81.1313 2488.23 2115.613 78.01601 2489.702 2115.738 74.5334 2489.83 2115.529 67.5974 2482.831 2115.613 67.4752 2482.857 2115.738 67.3935 2482.874 2115.5 81.0478 2488.109 2127.5 76.1682 2490.009 2115.885 74.5281 2489.858 2115.5 67.7415 2482.8 2127.5 67.1682 2481.009 2115.885 67.3649 2482.88 2115.5 77.9594 2489.436 2115.529 77.99 2489.58 2115.613 74.5486 2489.748 2115.885 71.2665 2488.557 2115.5 69.0684 2485.889 2115.529 68.9469 2485.972 2115.613 68.844 2486.043 2115.738 68.7752 2486.09 2115.738 71.2824 2488.532 2127.5 72.7241 2489.324 2127.5 67.8533 2484.453 2115.885 68.7511 2486.107 2115.529 74.5714 2489.625 2115.613 71.3279 2488.463 2127.5 69.8043 2487.373 2115.529 71.3959 2488.357 2115.5 74.5983 2489.479 2115.5 71.4761 2488.234 2115.885 72.0823 2510.971 2115.738 75.4644 2510.048 2115.885 75.4621 2510.019 2115.738 72.0956 2510.998 2115.885 78.9494 2510.431 2115.613 72.1335 2511.072 2115.738 69.3468 2513.165 2127.5 76.1682 2509.991 2115.738 78.9403 2510.459 2115.613 69.4103 2513.219 2115.613 75.4709 2510.131 2115.885 69.3246 2513.146 2127.5 79.6124 2510.676 2127.5 72.7241 2510.676 2115.885 82.0133 2512.147 2115.529 69.5053 2513.3 2115.529 72.1902 2511.184 2115.738 67.6366 2516.219 2115.613 67.71601 2516.245 2115.885 72.0823 2510.971 2115.613 78.9145 2510.539 2115.738 81.9942 2512.169 2115.529 67.8347 2516.283 2115.529 75.4807 2510.256 2115.885 67.6087 2516.209 2127.5 82.5322 2512.627 2127.5 72.0823 2510.971 2115.738 84.1612 2514.918 2115.5 69.6173 2513.396 2115.5 75.4923 2510.402 2115.613 67.3084 2519.688 2127.5 67.8533 2515.547 2115.738 67.2252 2519.695 2115.529 67.4329 2519.678 2115.885 84.1873 2514.905 2127.5 69.8043 2512.627 2115.529 78.8759 2510.657 2115.613 81.94 2512.233 2115.5 67.9749 2516.329 2115.5 72.2571 2511.315 2115.5 78.8304 2510.798 2127.5 67.1682 2518.991 2115.885 67.19601 2519.697 2115.5 67.5798 2519.667 2127.5 84.4831 2515.547 2115.613 84.0868 2514.956 2115.738 85.1113 2518.287 2115.529 68.3609 2522.969 2115.613 68.2496 2523.025 2115.738 68.1753 2523.063 2115.885 85.1405 2518.285 2115.529 81.8589 2512.328 2127.5 67.8533 2522.435 2115.885 68.1492 2523.077 2115.5 68.4922 2522.902 2127.5 85.1682 2518.991 2115.5 81.7632 2512.44 2115.529 83.9755 2515.013 2115.613 85.0281 2518.293 2115.738 84.6999 2521.763 2115.529 70.4775 2525.654 2115.613 70.3964 2525.749 2115.738 70.3422 2525.812 2115.885 84.7277 2521.772 2115.5 83.8442 2515.08 2127.5 69.8043 2525.355 2115.885 70.3232 2525.834 2115.5 70.5732 2525.541 2127.5 84.4831 2522.435 2115.5 84.7567 2518.315 2115.529 84.9035 2518.303 2115.613 84.6205 2521.737 2115.738 82.9896 2524.817 2115.529 73.4605 2527.324 2115.613 73.4219 2527.443 2115.738 73.3961 2527.522 2115.5 73.50601 2527.184 2115.885 83.0119 2524.836 2127.5 72.7241 2527.306 2115.885 73.3871 2527.55 2127.5 82.5322 2525.355 2115.5 84.3616 2521.653 2115.529 84.5017 2521.698 2115.613 82.9261 2524.763 2115.738 80.2408 2526.984 2115.529 76.8557 2527.726 2115.613 76.8655 2527.851 2115.738 76.872 2527.934 2115.885 80.2541 2527.01 2115.5 76.8441 2527.579 2127.5 76.1682 2527.991 2115.885 76.8743 2527.963 2127.5 79.6124 2527.306 2115.529 82.8311 2524.682 2115.613 80.2029 2526.909 2115.529 80.1462 2526.798 2115.5 82.7191 2524.586 2115.5 80.0793 2526.667 2115.885 57.24 2543.594 2115.738 57.2436 2543.623 2115.885 60.742 2543.854 2115.738 53.9195 2544.719 2115.738 60.7342 2543.882 2115.885 53.9051 2544.693 2115.613 53.9606 2544.791 2115.613 57.2538 2543.706 2115.885 63.8778 2545.435 2115.738 51.2679 2547.003 2115.613 51.3336 2547.055 2115.613 60.7119 2543.963 2127.5 61.781 2544.212 2115.738 63.8598 2545.458 2115.885 51.2448 2546.986 2115.529 51.4321 2547.132 2115.529 54.0221 2544.9 2115.529 57.269 2543.83 2127.5 64.7008 2546.163 2127.5 58.3369 2543.527 2115.738 66.1446 2548.109 2115.613 49.7729 2550.152 2127.5 51.9729 2546.163 2115.885 49.6642 2550.122 2115.529 49.8932 2550.185 2115.529 60.6785 2544.083 2115.613 63.8084 2545.523 2115.885 66.1701 2548.095 2115.885 57.24 2543.594 2115.738 49.6924 2550.129 2127.5 54.8927 2544.212 2127.5 50.022 2549.082 2115.5 51.5482 2547.223 2115.5 54.0946 2545.029 2115.5 57.287 2543.976 2127.5 66.6518 2549.082 2127.5 57.24 2543.594 2115.613 66.0719 2548.151 2115.738 67.2407 2551.434 2115.529 49.6398 2553.594 2115.613 49.5159 2553.61 2127.5 49.3369 2552.527 2115.885 49.404 2553.624 2115.5 50.0352 2550.225 2115.5 60.6391 2544.225 2115.529 63.7315 2545.622 2115.885 67.2698 2551.43 2115.738 49.433 2553.62 2115.5 63.6408 2545.738 2127.5 67.3369 2552.527 2115.529 65.9632 2548.212 2115.613 67.1579 2551.444 2115.738 66.9813 2554.924 2115.529 50.7105 2556.842 2115.5 49.7861 2553.577 2115.613 50.6018 2556.903 2127.5 50.022 2555.971 2115.885 50.5037 2556.959 2115.885 67.0095 2554.932 2115.5 50.8388 2556.769 2115.738 50.5292 2556.944 2115.5 65.83501 2548.284 2127.5 66.6518 2555.971 2115.529 67.0339 2551.459 2115.613 66.9009 2554.902 2115.885 65.429 2558.068 2115.529 52.9422 2559.432 2115.613 52.8653 2559.53 2127.5 51.9729 2558.891 2115.885 52.7959 2559.619 2115.738 65.4059 2558.05 2115.5 53.0329 2559.315 2115.738 52.814 2559.595 2115.5 66.8877 2551.477 2127.5 64.7008 2558.891 2115.529 66.7805 2554.868 2115.613 65.3401 2557.998 2115.885 62.7687 2560.36 2115.529 55.9952 2560.97 2115.613 55.9619 2561.091 2127.5 54.8927 2560.842 2115.738 55.9396 2561.171 2115.738 62.7542 2560.334 2115.5 56.0346 2560.828 2115.885 55.9317 2561.199 2115.5 66.6385 2554.829 2127.5 61.781 2560.842 2115.529 65.2417 2557.921 2115.613 62.7132 2560.261 2115.885 59.4337 2561.459 2115.5 59.3868 2561.078 2115.529 59.4047 2561.224 2115.613 59.4199 2561.348 2127.5 58.3369 2561.527 2115.738 59.4301 2561.431 2115.5 65.1256 2557.831 2115.529 62.6516 2560.153 2115.5 62.5791 2560.025 2115.885 -68.2119 2532.75 2115.885 -71.4735 2534.051 2115.738 -68.2066 2532.778 2115.738 -71.4576 2534.075 2115.738 -64.7067 2532.824 2115.613 -71.4121 2534.145 2115.885 -73.9889 2536.501 2115.613 -68.1913 2532.86 2115.885 -64.7006 2532.795 2115.613 -73.89601 2536.565 2115.738 -73.9648 2536.518 2115.613 -64.72401 2532.906 2115.885 -61.4741 2534.182 2127.5 -66.5718 2532.599 2115.529 -73.79301 2536.635 2115.529 -71.3441 2534.25 2115.885 -75.3751 2539.728 2115.529 -68.1686 2532.983 2115.738 -61.4907 2534.206 2127.5 -63.1276 2533.283 2127.5 -70.0159 2533.283 2115.613 -75.2648 2539.751 2115.529 -75.1426 2539.777 2127.5 -74.8867 2538.154 2115.738 -75.3464 2539.734 2115.529 -64.75 2533.028 2115.613 -61.538 2534.274 2127.5 -60.2078 2535.235 2115.885 -59.0237 2536.697 2115.885 -71.4735 2534.051 2115.5 -74.9985 2539.808 2115.5 -71.2638 2534.374 2115.5 -68.1417 2533.128 2127.5 -72.9357 2535.235 2127.5 -75.5718 2541.599 2115.738 -75.3923 2543.233 2115.738 -59.0483 2536.713 2127.5 -71.4735 2534.051 2115.613 -75.3102 2543.218 2115.529 -75.1874 2543.196 2115.5 -73.6716 2536.719 2115.885 -75.4211 2543.239 2115.5 -64.7806 2533.172 2115.529 -61.6087 2534.377 2115.613 -59.1183 2536.758 2127.5 -58.2569 2538.154 2115.738 -57.7513 2539.964 2115.5 -75.0425 2543.168 2127.5 -74.8867 2545.043 2115.613 -74.0252 2546.439 2115.738 -74.0952 2546.484 2115.5 -61.6922 2534.499 2115.885 -57.7225 2539.958 2115.529 -73.9205 2546.371 2115.5 -73.7969 2546.29 2115.885 -74.1198 2546.5 2115.529 -59.2231 2536.826 2115.613 -57.8334 2539.979 2127.5 -57.5718 2541.599 2115.738 -57.7971 2543.464 2127.5 -72.9357 2547.963 2115.613 -71.6056 2548.923 2115.529 -71.5348 2548.82 2115.738 -71.6528 2548.991 2115.5 -59.3466 2536.906 2115.885 -57.7684 2543.47 2115.5 -71.4514 2548.698 2115.885 -71.6694 2549.016 2115.529 -57.9562 2540.002 2115.613 -57.8787 2543.446 2127.5 -58.2569 2545.043 2115.738 -59.1788 2546.679 2127.5 -70.0159 2549.914 2115.529 -68.3936 2550.169 2115.613 -68.4195 2550.291 2115.738 -68.4369 2550.373 2115.5 -58.101 2540.029 2115.885 -59.1546 2546.696 2115.885 -68.443 2550.402 2115.5 -68.3629 2550.025 2115.5 -58.145 2543.39 2115.529 -58.0009 2543.421 2115.613 -59.2476 2546.633 2127.5 -60.2078 2547.963 2115.738 -61.686 2549.122 2127.5 -66.5718 2550.599 2115.529 -64.97501 2550.214 2115.613 -64.9522 2550.337 2115.885 -64.9317 2550.448 2115.885 -61.67 2549.147 2115.738 -64.93701 2550.419 2115.5 -65.0018 2550.069 2115.5 -59.4719 2546.478 2115.529 -59.3505 2546.562 2115.613 -61.7314 2549.052 2127.5 -63.1276 2549.914 2115.529 -61.7995 2548.947 2115.5 -61.8797 2548.823 2115.885 -77.2893 2515.651 2115.738 -73.7981 2515.328 2115.885 -73.7953 2515.299 2115.738 -77.2807 2515.679 2115.738 -70.4465 2516.337 2115.613 -77.2563 2515.759 2115.738 -80.36401 2517.336 2115.613 -73.8061 2515.412 2115.885 -70.4327 2516.312 2115.613 -80.3109 2517.4 2115.885 -80.3826 2517.313 2115.613 -70.4856 2516.411 2127.5 -71.2138 2515.943 2115.738 -67.7359 2518.552 2115.529 -80.2315 2517.497 2115.529 -77.2198 2515.878 2115.738 -82.5786 2520.046 2115.613 -82.5049 2520.085 2115.529 -73.8181 2515.536 2127.5 -68.29401 2517.894 2127.5 -74.6579 2515.258 2115.885 -67.7133 2518.533 2115.529 -82.3946 2520.144 2115.885 -82.6045 2520.033 2115.529 -70.5443 2516.521 2115.613 -67.8003 2518.605 2115.885 -77.2893 2515.651 2115.738 -66.0792 2521.635 2115.5 -82.2645 2520.213 2115.5 -80.1377 2517.61 2115.5 -73.8322 2515.682 2115.613 -83.5043 2523.406 2127.5 -81.0219 2517.894 2115.738 -83.5873 2523.398 2115.529 -83.3799 2523.418 2127.5 -66.343 2520.813 2127.5 -77.2893 2515.651 2115.885 -66.0512 2521.626 2115.5 -77.1767 2516.019 2127.5 -78.1021 2515.943 2127.5 -82.9729 2520.813 2115.885 -83.6165 2523.395 2115.5 -70.6134 2516.651 2115.529 -67.8967 2518.684 2115.613 -66.15901 2521.659 2115.738 -65.7285 2525.117 2115.5 -83.2333 2523.432 2115.529 -83.0374 2526.82 2115.613 -83.1568 2526.856 2115.738 -83.2367 2526.881 2115.5 -68.0104 2518.778 2127.5 -65.6579 2524.258 2115.885 -65.6994 2525.121 2115.5 -82.8965 2526.777 2127.5 -83.6579 2524.258 2115.885 -83.2647 2526.889 2115.5 -66.4194 2521.739 2115.529 -66.2785 2521.696 2115.613 -65.8116 2525.11 2115.738 -66.7373 2528.469 2115.529 -81.4192 2529.831 2115.5 -81.3055 2529.738 2115.613 -81.5155 2529.911 2115.738 -81.5799 2529.964 2127.5 -66.343 2527.702 2115.885 -66.7114 2528.483 2127.5 -82.9729 2527.702 2115.885 -81.6026 2529.983 2115.5 -66.0826 2525.083 2115.529 -65.9359 2525.098 2115.613 -66.81101 2528.43 2115.738 -68.9519 2531.18 2115.529 -78.7716 2531.995 2115.613 -78.8302 2532.105 2115.738 -78.8694 2532.178 2127.5 -68.29401 2530.622 2115.885 -68.9332 2531.203 2115.5 -78.7024 2531.864 2127.5 -81.0219 2530.622 2115.885 -78.8832 2532.204 2115.5 -67.0513 2528.302 2115.529 -66.9213 2528.372 2115.613 -69.00501 2531.115 2115.738 -72.0352 2532.836 2115.5 -75.4837 2532.833 2115.529 -75.4978 2532.979 2115.613 -75.5097 2533.104 2115.738 -75.5177 2533.187 2127.5 -71.2138 2532.573 2115.885 -72.0266 2532.864 2127.5 -78.1021 2532.573 2115.885 -75.5205 2533.217 2115.5 -69.1781 2530.906 2115.529 -69.0844 2531.019 2115.613 -72.0596 2532.757 2115.529 -72.0961 2532.637 2127.5 -74.6579 2533.258 2115.5 -72.1392 2532.496 2115.885 -58.5465 2548.414 2115.885 -61.3231 2550.563 2115.738 -61.301 2550.583 2115.738 -63.0378 2553.622 2115.738 -58.5334 2548.44 2115.885 -63.0656 2553.612 2115.613 -62.9587 2553.648 2115.613 -61.238 2550.637 2115.885 -55.1585 2547.49 2115.885 -63.5088 2557.096 2115.613 -63.3963 2557.088 2115.613 -58.4961 2548.515 2115.738 -55.1564 2547.52 2127.5 -57.9748 2548.153 2127.5 -63.5307 2556.468 2115.738 -63.4795 2557.094 2115.529 -63.2717 2557.079 2115.529 -62.8402 2553.687 2115.529 -61.1437 2550.719 2115.885 -51.6749 2547.933 2127.5 -54.5307 2547.468 2127.5 -60.8946 2550.104 2127.5 -62.8456 2553.024 2127.5 -62.8456 2559.912 2115.885 -62.5851 2560.484 2115.613 -62.4842 2560.434 2115.529 -62.3724 2560.378 2115.529 -58.4404 2548.626 2115.613 -55.1506 2547.602 2115.738 -51.6842 2547.961 2115.885 -61.3231 2550.563 2115.738 -62.5589 2560.471 2115.5 -63.1247 2557.069 2115.5 -61.0325 2550.816 2115.5 -58.3747 2548.758 2127.5 -51.0865 2548.153 2115.885 -48.6262 2549.676 2127.5 -61.3231 2550.563 2127.5 -60.8946 2562.832 2115.885 -60.4352 2563.26 2115.529 -60.2793 2563.081 2115.613 -60.3612 2563.176 2115.5 -62.7005 2553.735 2115.5 -62.2405 2560.312 2115.529 -55.1419 2547.727 2115.613 -51.7107 2548.04 2115.738 -48.6454 2549.698 2115.738 -60.416 2563.238 2115.5 -60.1826 2562.97 2115.5 -55.1316 2547.874 2127.5 -48.1667 2550.104 2115.885 -46.4763 2552.452 2127.5 -57.9748 2564.783 2115.885 -57.3864 2565.003 2115.529 -57.311 2564.778 2115.5 -57.2643 2564.638 2115.613 -57.3506 2564.896 2115.5 -51.7971 2548.298 2115.529 -51.7504 2548.159 2115.613 -48.7001 2549.761 2115.738 -46.5025 2552.465 2115.738 -57.3771 2564.975 2127.5 -46.2158 2553.024 2115.738 -45.5818 2555.842 2127.5 -54.5307 2565.468 2115.885 -53.9029 2565.446 2115.529 -53.9195 2565.209 2115.613 -53.9107 2565.333 2115.529 -48.7821 2549.855 2115.613 -46.5772 2552.503 2115.885 -45.5526 2555.84 2115.738 -53.9049 2565.417 2115.5 -53.9297 2565.062 2115.5 -48.8787 2549.966 2127.5 -45.5307 2556.468 2115.613 -45.6651 2555.848 2115.738 -46.0236 2559.315 2127.5 -51.0865 2564.783 2115.885 -50.5149 2564.522 2115.5 -50.6867 2564.178 2115.529 -50.6209 2564.31 2115.613 -50.5652 2564.422 2115.529 -46.689 2552.558 2115.885 -45.9958 2559.324 2115.738 -50.528 2564.496 2115.5 -46.8208 2552.624 2127.5 -46.2158 2559.912 2115.529 -45.7897 2555.857 2115.613 -46.1027 2559.288 2115.738 -47.7604 2562.353 2127.5 -48.1667 2562.832 2115.885 -47.7383 2562.373 2115.529 -47.9177 2562.217 2115.613 -47.8234 2562.299 2115.5 -45.9367 2555.867 2115.5 -48.0289 2562.12 2115.529 -46.2212 2559.248 2115.5 -46.3609 2559.201 2115.885 -29.7943 2571.656 2115.738 -29.7677 2571.668 2115.885 -27.7178 2568.823 2115.885 -30.629 2575.067 2115.738 -27.698 2568.845 2115.738 -30.5997 2575.068 2115.613 -29.6921 2571.703 2115.885 -24.7157 2567.001 2115.885 -30.0948 2578.537 2115.613 -30.5163 2575.071 2115.613 -27.6417 2568.907 2127.5 -25.0817 2567.144 2115.738 -24.7057 2567.029 2127.5 -30.6375 2575.459 2115.738 -30.0672 2578.527 2115.613 -29.9888 2578.498 2115.529 -30.3915 2575.077 2115.529 -29.5789 2571.756 2127.5 -21.6375 2566.459 2127.5 -28.0015 2569.095 2115.738 -21.2462 2566.497 2127.5 -29.9524 2572.015 2127.5 -29.9524 2578.903 2115.885 -28.273 2581.539 2115.529 -29.8714 2578.456 2115.529 -27.5573 2568.999 2115.613 -24.6771 2567.107 2115.885 -21.245 2566.468 2115.885 -29.7943 2571.656 2115.613 -28.1899 2581.463 2115.738 -28.2514 2581.52 2115.529 -28.0978 2581.379 2115.5 -30.2443 2575.083 2115.5 -29.4454 2571.818 2115.5 -27.4577 2569.107 2127.5 -18.1934 2567.144 2127.5 -29.7943 2571.656 2115.613 -21.2499 2566.58 2115.738 -17.8464 2567.329 2127.5 -28.0015 2581.823 2115.885 -25.4411 2583.615 2115.5 -29.733 2578.406 2115.529 -24.6344 2567.225 2115.885 -17.834 2567.302 2115.529 -25.3407 2583.4 2115.613 -25.3934 2583.513 2115.738 -25.4287 2583.589 2115.5 -27.9892 2581.279 2115.5 -24.584 2567.364 2127.5 -15.2736 2569.095 2115.529 -21.2553 2566.705 2115.613 -17.8816 2567.404 2115.738 -15.0236 2569.399 2127.5 -25.0817 2583.774 2115.5 -25.2784 2583.267 2115.885 -22.0301 2584.45 2115.5 -21.2618 2566.852 2115.885 -15.002 2569.379 2115.529 -22.0197 2584.213 2115.613 -22.0252 2584.338 2115.738 -22.0288 2584.421 2127.5 -13.3226 2572.015 2115.5 -17.9967 2567.651 2115.529 -17.9344 2567.518 2115.613 -15.0852 2569.455 2115.885 -13.1803 2572.381 2127.5 -21.6375 2584.459 2115.5 -22.0133 2584.066 2115.738 -18.5694 2583.889 2115.738 -13.2078 2572.391 2115.885 -18.5594 2583.916 2115.529 -18.6406 2583.693 2115.5 -18.691 2583.554 2115.613 -18.5979 2583.81 2127.5 -12.6375 2575.459 2115.529 -15.1773 2569.539 2115.613 -13.2863 2572.419 2115.885 -12.6461 2575.852 2127.5 -18.1934 2583.774 2115.613 -15.6334 2582.011 2115.738 -15.577 2582.073 2115.5 -15.2859 2569.639 2115.738 -12.6754 2575.85 2115.885 -15.5572 2582.094 2115.5 -15.8173 2581.811 2115.529 -15.7178 2581.919 2127.5 -13.3226 2578.903 2115.5 -13.5421 2572.513 2115.529 -13.4036 2572.462 2115.613 -12.7588 2575.847 2115.885 -13.4808 2579.262 2127.5 -15.2736 2581.823 2115.529 -13.6962 2579.162 2115.613 -13.583 2579.215 2115.738 -13.5073 2579.25 2115.529 -12.8835 2575.841 2115.5 -13.8297 2579.1 2115.5 -13.0307 2575.835 2115.885 -11.6288 2577.044 2115.738 -11.5999 2577.049 2115.885 -10.4134 2573.75 2115.885 -11.4909 2580.553 2115.738 -10.3884 2573.765 2115.738 -11.4624 2580.546 2115.613 -11.5174 2577.062 2115.738 -8.0125 2571.195 2115.613 -11.3813 2580.527 2115.885 -10.0208 2583.742 2115.613 -10.3172 2573.809 2115.885 -8.0297 2571.171 2115.613 -9.9295 2583.676 2127.5 -11.0545 2581.896 2115.738 -9.9971 2583.725 2115.529 -11.2598 2580.498 2115.529 -11.3941 2577.082 2115.613 -7.9634 2571.262 2127.5 -9.1036 2572.088 2115.738 -4.8338 2569.729 2115.529 -9.8285 2583.603 2127.5 -11.7396 2578.452 2127.5 -9.1036 2584.816 2115.885 -7.4421 2586.125 2115.529 -10.2107 2573.874 2127.5 -6.1838 2570.137 2127.5 -11.0545 2575.008 2115.885 -4.8406 2569.701 2115.613 -7.3832 2586.03 2115.529 -7.3179 2585.923 2115.885 -11.6288 2577.044 2115.738 -7.4268 2586.101 2115.5 -9.7093 2583.516 2115.5 -11.1166 2580.463 2115.5 -10.0851 2573.951 2115.529 -7.89 2571.363 2115.613 -4.8143 2569.81 2115.885 -1.3317 2569.563 2115.5 -7.2409 2585.798 2127.5 -11.6288 2577.044 2127.5 -6.1838 2586.767 2115.885 -4.1475 2587.341 2115.5 -11.2485 2577.104 2115.5 -7.8034 2571.482 2115.738 -1.3363 2569.592 2127.5 -2.7396 2569.452 2115.529 -4.1103 2587.107 2115.613 -4.1299 2587.23 2115.738 -4.1429 2587.312 2115.5 -4.7507 2570.075 2115.529 -4.7851 2569.932 2115.613 -1.3493 2569.674 2115.738 1.9476 2570.803 2127.5 0.7045 2570.137 2115.5 -4.0873 2586.961 2127.5 -2.7396 2587.452 2115.885 -0.6386 2587.204 2115.885 1.9629 2570.778 2115.529 -0.6941 2586.972 2115.613 -0.6649 2587.094 2115.5 -0.7285 2586.829 2115.738 -0.6454 2587.175 2115.529 -1.3689 2569.798 2115.613 1.904 2570.874 2115.738 4.5178 2573.179 2127.5 3.6244 2572.088 2127.5 0.7045 2586.767 2115.885 2.5505 2585.733 2115.5 -1.3919 2569.943 2115.885 4.5415 2573.162 2115.529 2.4108 2585.541 2115.613 2.4842 2585.642 2115.738 2.5332 2585.709 2115.529 1.8387 2570.981 2115.613 4.4503 2573.228 2115.738 5.9832 2576.358 2127.5 5.5753 2575.008 2115.5 2.3242 2585.422 2127.5 3.6244 2584.816 2115.885 4.9342 2583.155 2115.5 1.7617 2571.107 2115.885 6.0117 2576.351 2115.5 4.6059 2582.953 2115.529 4.7315 2583.03 2115.613 4.838 2583.095 2115.738 4.9092 2583.139 2115.5 4.2301 2573.388 2115.529 4.3493 2573.302 2115.613 5.9021 2576.377 2115.885 6.1496 2579.86 2127.5 6.2604 2578.452 2127.5 5.5753 2581.896 2115.738 6.1206 2579.855 2115.529 5.9148 2579.823 2115.613 6.0382 2579.842 2115.529 5.7806 2576.407 2115.5 5.7693 2579.8 2115.5 5.6374 2576.441 2115.885 7.3882 2577.881 2115.738 7.4172 2577.877 2115.885 7.6484 2574.379 2115.738 8.513401 2581.202 2115.738 7.6766 2574.387 2115.885 8.4879 2581.216 2115.613 8.586001 2581.161 2115.613 7.5001 2577.867 2115.885 9.229001 2571.243 2115.738 10.7982 2583.854 2115.613 10.8495 2583.788 2115.613 7.7571 2574.409 2127.5 8.0062 2573.34 2115.738 9.2521 2571.261 2115.885 10.7801 2583.877 2115.529 10.9264 2583.689 2115.529 8.694701 2581.099 2115.529 7.624001 2577.852 2127.5 9.9571 2570.421 2127.5 7.3211 2576.785 2115.885 11.8893 2568.951 2115.613 13.9461 2585.349 2127.5 9.9571 2583.148 2115.738 13.9238 2585.429 2115.529 13.9794 2585.228 2115.529 7.8774 2574.443 2115.613 9.3178 2571.313 2115.885 7.3882 2577.881 2115.738 11.9037 2568.977 2127.5 8.0062 2580.229 2127.5 12.8769 2585.099 2115.885 13.9159 2585.457 2115.5 8.823 2581.027 2115.5 14.0188 2585.086 2115.5 8.0194 2574.482 2127.5 12.8769 2568.469 2127.5 7.3882 2577.881 2115.885 15.2242 2567.852 2115.529 17.3889 2585.481 2115.613 17.4042 2585.605 2115.738 17.4143 2585.688 2115.5 11.0171 2583.573 2115.5 17.371 2585.335 2115.5 7.7703 2577.835 2115.5 9.532401 2571.481 2115.529 9.4163 2571.39 2115.613 11.9448 2569.05 2115.738 15.2278 2567.881 2127.5 16.3211 2585.785 2115.885 17.4179 2585.718 2127.5 16.3211 2567.785 2115.738 18.7184 2568.14 2115.529 20.6358 2584.411 2115.613 20.6974 2584.52 2115.738 20.7384 2584.592 2115.529 12.0063 2569.158 2115.613 15.238 2567.964 2115.885 18.7262 2568.112 2115.5 20.5633 2584.283 2127.5 19.7652 2585.099 2115.885 20.7529 2584.618 2115.5 12.0788 2569.287 2127.5 19.7652 2568.469 2115.613 18.6961 2568.221 2115.738 21.844 2569.716 2115.529 23.2259 2582.179 2115.5 23.1098 2582.088 2115.613 23.3243 2582.256 2115.885 23.4132 2582.325 2115.5 15.2712 2568.234 2115.529 15.2532 2568.088 2115.885 21.862 2569.692 2115.738 23.3901 2582.308 2127.5 22.685 2583.148 2127.5 22.685 2570.421 2115.529 18.6627 2568.341 2115.613 21.7926 2569.781 2115.885 24.1543 2572.353 2115.529 24.7647 2579.126 2115.613 24.8851 2579.159 2115.885 24.9937 2579.189 2127.5 24.636 2580.229 2115.738 24.1288 2572.367 2115.5 24.6227 2579.087 2115.738 24.9655 2579.182 2115.5 18.6233 2568.483 2127.5 24.636 2573.34 2115.529 21.7157 2569.88 2115.613 24.0561 2572.408 2115.885 25.254 2575.687 2115.529 25.0181 2575.717 2115.613 25.1421 2575.701 2127.5 25.3211 2576.785 2115.738 25.2249 2575.691 2115.5 24.8719 2575.735 2115.5 21.625 2569.996 2115.529 23.9474 2572.469 2115.5 23.8192 2572.542 2115.885 74.7678 2491.81 2115.885 71.9178 2493.862 2115.738 74.7799 2491.837 2115.738 71.9393 2493.882 2115.738 78.1869 2491.035 2115.613 72.0003 2493.939 2115.738 70.0974 2496.858 2115.613 74.8145 2491.913 2115.885 78.1859 2491.005 2115.613 70.1756 2496.887 2115.885 70.07 2496.848 2115.613 78.1898 2491.118 2115.885 81.6519 2491.57 2127.5 75.0559 2491.685 2115.529 70.2926 2496.931 2115.529 72.0916 2494.024 2115.738 69.5348 2500.313 2115.613 69.6182 2500.31 2115.529 74.8663 2492.027 2115.738 81.6416 2491.597 2127.5 78.5 2491 2127.5 72.136 2493.636 2115.529 69.74301 2500.306 2115.885 69.5055 2500.314 2115.529 78.1942 2491.243 2115.613 81.6124 2491.676 2127.5 81.9442 2491.685 2115.885 84.638 2493.417 2115.885 71.9178 2493.862 2115.5 70.4306 2496.983 2115.5 74.9274 2492.161 2115.613 70.413 2503.686 2127.5 69.5 2500 2115.738 70.33701 2503.72 2115.529 70.5266 2503.634 2115.738 84.61801 2493.439 2127.5 71.9178 2493.862 2115.5 69.8902 2500.3 2115.5 72.1994 2494.125 2127.5 70.1851 2496.556 2127.5 70.1851 2503.444 2115.885 70.3103 2503.732 2115.5 70.6607 2503.572 2115.5 78.1993 2491.39 2115.529 81.5686 2491.793 2115.613 84.5611 2493.5 2127.5 84.86401 2493.636 2115.885 86.6897 2496.268 2115.529 72.5241 2506.408 2115.613 72.4389 2506.5 2115.738 72.38201 2506.561 2115.5 81.51701 2491.93 2115.738 86.663 2496.28 2127.5 72.136 2506.364 2115.885 72.36201 2506.582 2115.5 72.6246 2506.301 2115.529 84.4759 2493.592 2115.613 86.58701 2496.314 2127.5 86.8149 2496.556 2115.738 87.4652 2499.687 2115.529 75.4314 2508.207 2115.613 75.3876 2508.324 2115.738 75.3584 2508.403 2115.5 75.483 2508.07 2115.5 84.3754 2493.699 2115.885 87.4945 2499.686 2127.5 75.0559 2508.315 2115.885 75.3481 2508.43 2115.5 86.3393 2496.427 2115.529 86.4734 2496.366 2115.613 87.3818 2499.689 2127.5 87.5 2500 2115.885 86.9301 2503.152 2115.529 78.8058 2508.757 2115.613 78.8102 2508.882 2115.885 78.8141 2508.995 2115.738 86.9026 2503.142 2115.5 78.8007 2508.61 2115.738 78.8131 2508.965 2127.5 78.5 2509 2115.529 87.25701 2499.694 2115.613 86.8244 2503.112 2127.5 86.8149 2503.444 2115.885 85.0822 2506.138 2115.5 82.0726 2507.839 2115.529 82.1337 2507.973 2115.613 82.1855 2508.087 2115.738 82.2201 2508.163 2127.5 81.9442 2508.315 2115.5 87.1097 2499.699 2115.738 85.0608 2506.118 2115.885 82.2322 2508.189 2115.529 86.7074 2503.069 2115.613 84.9997 2506.061 2127.5 84.86401 2506.364 2115.5 84.8006 2505.875 2115.529 84.9084 2505.976 2115.5 86.5694 2503.017 2115.5 -74.6579 2484.742 2115.5 -78.1021 2484.057 2127.115 -78.1021 2484.057 2127.115 -81.0219 2482.106 2127.115 -74.6579 2484.742 2115.5 -81.0219 2482.106 2115.5 -71.2138 2484.057 2127.115 -82.9729 2479.186 2127.115 -71.2138 2484.057 2115.5 -82.9729 2479.186 2115.5 -68.29401 2482.106 2127.115 -83.6579 2475.742 2127.115 -68.29401 2482.106 2115.5 -83.6579 2475.742 2115.5 -66.343 2479.186 2127.115 -82.9729 2472.298 2127.115 -66.343 2479.186 2115.5 -82.9729 2472.298 2115.5 -65.6579 2475.742 2115.5 -81.2401 2469.604 2127.115 -65.6579 2475.742 2127.115 -81.2401 2469.604 2115.5 -66.343 2472.298 2127.115 -81.0219 2469.378 2127.115 -66.343 2472.298 2115.5 -81.0219 2469.378 2115.5 -68.29401 2469.378 2127.115 -78.1021 2467.427 2127.115 -68.29401 2469.378 2115.5 -78.1021 2467.427 2115.5 -71.2138 2467.427 2127.115 -74.6579 2466.742 2127.115 -71.2138 2467.427 2115.5 -74.6579 2466.742 2115.5 -54.5307 2452.531 2115.5 -57.9748 2451.847 2127.115 -57.9748 2451.847 2127.115 -60.8946 2449.896 2127.115 -54.5307 2452.531 2115.5 -60.8946 2449.896 2115.5 -51.0865 2451.847 2127.115 -62.8456 2446.976 2127.115 -51.0865 2451.847 2115.5 -62.8456 2446.976 2115.5 -48.1667 2449.896 2127.115 -63.5307 2443.531 2127.115 -48.1667 2449.896 2115.5 -63.5307 2443.531 2115.5 -46.2158 2446.976 2127.115 -62.8456 2440.088 2127.115 -46.2158 2446.976 2115.5 -62.8456 2440.088 2115.5 -45.5307 2443.531 2115.5 -61.1129 2437.394 2127.115 -45.5307 2443.531 2127.115 -61.1129 2437.394 2115.5 -46.2158 2440.088 2127.115 -60.8946 2437.168 2127.115 -46.2158 2440.088 2115.5 -60.8946 2437.168 2115.5 -48.1667 2437.168 2127.115 -57.9748 2435.217 2127.115 -48.1667 2437.168 2115.5 -57.9748 2435.217 2115.5 -51.0865 2435.217 2127.115 -54.5307 2434.532 2127.115 -51.0865 2435.217 2115.5 -54.5307 2434.532 2115.5 -66.5718 2467.401 2115.5 -70.0159 2466.716 2127.115 -70.0159 2466.716 2127.115 -72.9357 2464.765 2127.115 -66.5718 2467.401 2115.5 -72.9357 2464.765 2115.5 -63.1276 2466.716 2127.115 -74.8867 2461.845 2127.115 -63.1276 2466.716 2115.5 -74.8867 2461.845 2115.5 -60.2078 2464.765 2127.115 -75.5718 2458.401 2127.115 -60.2078 2464.765 2115.5 -75.5718 2458.401 2115.5 -58.2569 2461.845 2127.115 -74.8867 2454.957 2127.115 -58.2569 2461.845 2115.5 -74.8867 2454.957 2115.5 -57.5718 2458.401 2115.5 -73.15401 2452.263 2127.115 -57.5718 2458.401 2127.115 -73.15401 2452.263 2115.5 -58.2569 2454.957 2127.115 -72.9357 2452.037 2127.115 -58.2569 2454.957 2115.5 -72.9357 2452.037 2115.5 -60.2078 2452.037 2127.115 -70.0159 2450.086 2127.115 -60.2078 2452.037 2115.5 -70.0159 2450.086 2115.5 -63.1276 2450.086 2127.115 -66.5718 2449.401 2127.115 -63.1276 2450.086 2115.5 -66.5718 2449.401 2127.115 -75.5718 2458.401 2127.115 -74.8867 2454.957 2127.115 -72.9357 2452.037 2127.115 -66.5718 2449.401 2127.115 -70.0159 2450.086 2127.115 -58.2569 2454.957 2127.115 -74.8867 2461.845 2127.115 -60.2078 2452.037 2127.115 -66.5718 2467.401 2127.115 -63.1276 2450.086 2127.115 -58.2569 2461.845 2127.115 -72.9357 2464.765 2127.115 -57.5718 2458.401 2127.115 -63.1276 2466.716 2127.115 -70.0159 2466.716 2127.115 -60.2078 2464.765 2127.115 -62.8456 2440.088 2127.115 -60.8946 2437.168 2127.115 -54.5307 2434.532 2127.115 -57.9748 2435.217 2127.115 -60.8946 2449.896 2127.115 -54.5307 2452.531 2127.115 -62.8456 2446.976 2127.115 -57.9748 2451.847 2127.115 -48.1667 2449.896 2127.115 -63.5307 2443.531 2127.115 -45.5307 2443.531 2127.115 -51.0865 2451.847 2127.115 -48.1667 2437.168 2127.115 -46.2158 2446.976 2127.115 -51.0865 2435.217 2127.115 -46.2158 2440.088 2127.5 -29.9524 2421.097 2127.5 -28.0015 2418.177 2127.5 -25.0817 2416.226 2127.5 -30.6375 2424.541 2127.5 -21.6375 2433.541 2127.5 -28.0015 2430.905 2127.5 -18.1934 2416.226 2127.5 -29.9524 2427.985 2127.5 -25.0817 2432.856 2127.5 -21.6375 2415.541 2127.5 -13.3226 2421.097 2127.5 -15.2736 2418.177 2127.5 -13.3226 2427.985 2127.5 -12.6375 2424.541 2127.5 -15.2736 2430.905 2127.5 -18.1934 2432.856 2127.5 3.6244 2415.184 2127.5 -2.7396 2412.548 2127.5 0.7045 2413.233 2127.5 5.5753 2418.104 2127.5 5.5753 2424.992 2127.5 -9.1036 2427.912 2127.5 6.2604 2421.548 2127.5 0.7045 2429.863 2127.5 -11.0545 2418.104 2127.5 3.6244 2427.912 2127.5 -2.7396 2430.548 2127.5 -11.0545 2424.992 2127.5 -6.1838 2413.233 2127.5 -6.1838 2429.863 2127.5 -11.7396 2421.548 2127.5 -9.1036 2415.184 2127.5 24.636 2426.659 2127.5 22.685 2429.579 2127.5 25.3211 2423.215 2127.5 24.636 2419.771 2127.5 8.0062 2419.771 2127.5 16.3211 2432.215 2127.5 9.9571 2416.852 2127.5 19.7652 2431.53 2127.5 7.3211 2423.215 2127.5 16.3211 2414.215 2127.5 8.0062 2426.659 2127.5 12.8769 2414.901 2127.5 22.685 2416.852 2127.5 9.9571 2429.579 2127.5 19.7652 2414.901 2127.5 12.8769 2431.53 2127.5 64.7008 2441.109 2127.5 66.6518 2444.029 2127.5 67.3369 2447.473 2127.5 66.6518 2450.917 2127.5 54.8927 2455.788 2127.5 64.7008 2453.837 2127.5 51.9729 2453.837 2127.5 58.3369 2456.473 2127.5 49.3369 2447.473 2127.5 61.781 2455.788 2127.5 50.022 2450.917 2127.5 51.9729 2441.109 2127.5 58.3369 2438.473 2127.5 50.022 2444.029 2127.5 54.8927 2439.158 2127.5 61.781 2439.158 2127.5 84.4831 2477.565 2127.5 85.1682 2481.009 2127.5 84.4831 2484.453 2127.5 82.5322 2487.373 2127.5 76.1682 2490.009 2127.5 76.1682 2472.009 2127.5 79.6124 2489.324 2127.5 67.8533 2484.453 2127.5 79.6124 2472.694 2127.5 69.8043 2487.373 2127.5 67.8533 2477.565 2127.5 82.5322 2474.645 2127.5 72.7241 2489.324 2127.5 67.1682 2481.009 2127.5 69.8043 2474.645 2127.5 72.7241 2472.694 2127.115 -71.2138 2467.427 2127.115 -68.29401 2469.378 2127.115 -74.6579 2466.742 2127.115 -66.343 2472.298 2127.115 -65.6579 2475.742 2127.115 -74.6579 2484.742 2127.115 -82.9729 2479.186 2127.115 -68.29401 2482.106 2127.115 -81.0219 2469.378 2127.115 -81.0219 2482.106 2127.115 -71.2138 2484.057 2127.115 -66.343 2479.186 2127.115 -82.9729 2472.298 2127.115 -78.1021 2467.427 2127.115 -78.1021 2484.057 2127.115 -83.6579 2475.742 2127.5 76.1682 2509.991 2127.5 79.6124 2510.676 2127.5 82.5322 2512.627 2127.5 79.6124 2527.306 2127.5 84.4831 2515.547 2127.5 76.1682 2527.991 2127.5 85.1682 2518.991 2127.5 67.8533 2522.435 2127.5 84.4831 2522.435 2127.5 69.8043 2525.355 2127.5 67.8533 2515.547 2127.5 82.5322 2525.355 2127.5 72.7241 2527.306 2127.5 67.1682 2518.991 2127.5 69.8043 2512.627 2127.5 72.7241 2510.676 2127.5 51.9729 2546.163 2127.5 54.8927 2544.212 2127.5 58.3369 2543.527 2127.5 50.022 2549.082 2127.5 50.022 2555.971 2127.5 64.7008 2558.891 2127.5 49.3369 2552.527 2127.5 66.6518 2549.082 2127.5 51.9729 2558.891 2127.5 64.7008 2546.163 2127.5 67.3369 2552.527 2127.5 58.3369 2561.527 2127.5 61.781 2544.212 2127.5 66.6518 2555.971 2127.5 54.8927 2560.842 2127.5 61.781 2560.842 2127.5 -66.5718 2532.599 2127.5 -63.1276 2533.283 2127.5 -60.2078 2535.235 2127.5 -58.2569 2538.154 2127.5 -60.2078 2547.963 2127.5 -57.5718 2541.599 2127.5 -66.5718 2550.599 2127.5 -58.2569 2545.043 2127.5 -72.9357 2535.235 2127.5 -63.1276 2549.914 2127.5 -75.5718 2541.599 2127.5 -70.0159 2533.283 2127.5 -74.8867 2545.043 2127.5 -74.8867 2538.154 2127.5 -72.9357 2547.963 2127.5 -70.0159 2549.914 2127.5 -66.343 2520.813 2127.5 -65.6579 2524.258 2127.5 -68.29401 2517.894 2127.5 -66.343 2527.702 2127.5 -81.0219 2517.894 2127.5 -74.6579 2533.258 2127.5 -78.1021 2515.943 2127.5 -68.29401 2530.622 2127.5 -82.9729 2520.813 2127.5 -71.2138 2515.943 2127.5 -71.2138 2532.573 2127.5 -82.9729 2527.702 2127.5 -74.6579 2515.258 2127.5 -81.0219 2530.622 2127.5 -83.6579 2524.258 2127.5 -78.1021 2532.573 2127.5 -54.5307 2547.468 2127.5 -51.0865 2548.153 2127.5 -54.5307 2565.468 2127.5 -46.2158 2559.912 2127.5 -60.8946 2550.104 2127.5 -46.2158 2553.024 2127.5 -48.1667 2562.832 2127.5 -57.9748 2548.153 2127.5 -62.8456 2553.024 2127.5 -48.1667 2550.104 2127.5 -45.5307 2556.468 2127.5 -51.0865 2564.783 2127.5 -63.5307 2556.468 2127.5 -60.8946 2562.832 2127.5 -57.9748 2564.783 2127.5 -62.8456 2559.912 2127.5 -29.9524 2572.015 2127.5 -28.0015 2569.095 2127.5 -21.6375 2566.459 2127.5 -25.0817 2567.144 2127.5 -28.0015 2581.823 2127.5 -12.6375 2575.459 2127.5 -29.9524 2578.903 2127.5 -25.0817 2583.774 2127.5 -13.3226 2572.015 2127.5 -30.6375 2575.459 2127.5 -15.2736 2581.823 2127.5 -15.2736 2569.095 2127.5 -13.3226 2578.903 2127.5 -18.1934 2583.774 2127.5 -18.1934 2567.144 2127.5 -21.6375 2584.459 2127.5 5.5753 2575.008 2127.5 6.2604 2578.452 2127.5 5.5753 2581.896 2127.5 -6.1838 2586.767 2127.5 0.7045 2586.767 2127.5 -2.7396 2569.452 2127.5 3.6244 2584.816 2127.5 -2.7396 2587.452 2127.5 0.7045 2570.137 2127.5 -11.0545 2575.008 2127.5 3.6244 2572.088 2127.5 -11.7396 2578.452 2127.5 -9.1036 2572.088 2127.5 -11.0545 2581.896 2127.5 -6.1838 2570.137 2127.5 -9.1036 2584.816 2127.5 12.8769 2568.469 2127.5 16.3211 2567.785 2127.5 9.9571 2570.421 2127.5 22.685 2570.421 2127.5 8.0062 2580.229 2127.5 19.7652 2568.469 2127.5 24.636 2573.34 2127.5 8.0062 2573.34 2127.5 24.636 2580.229 2127.5 7.3211 2576.785 2127.5 25.3211 2576.785 2127.5 16.3211 2585.785 2127.5 12.8769 2585.099 2127.5 22.685 2583.148 2127.5 9.9571 2583.148 2127.5 19.7652 2585.099 2127.5 70.1851 2496.556 2127.5 72.136 2493.636 2127.5 78.5 2491 2127.5 75.0559 2491.685 2127.5 69.5 2500 2127.5 72.136 2506.364 2127.5 70.1851 2503.444 2127.5 78.5 2509 2127.5 75.0559 2508.315 2127.5 86.8149 2503.444 2127.5 86.8149 2496.556 2127.5 81.9442 2508.315 2127.5 84.86401 2493.636 2127.5 87.5 2500 2127.5 84.86401 2506.364 2127.5 81.9442 2491.685</float_array>
          <technique_common>
            <accessor source="#Mesh3_006-mesh-positions-array" count="1746" stride="3">
              <param name="X" type="float"/>
              <param name="Y" type="float"/>
              <param name="Z" type="float"/>
            </accessor>
          </technique_common>
        </source>
        <source id="Mesh3_006-mesh-normals">
          <float_array id="Mesh3_006-mesh-normals-array" count="7212">-0.1903973 -0.3307641 -0.9243073 -0.1924142 -0.3321191 -0.9234033 -0.1927739 0.04680323 -0.9801265 -0.01398116 0.04782682 -0.9987578 0.0139572 -0.195001 -0.9807038 -0.01400512 -0.3378468 -0.9410969 -0.5472983 -0.2829887 -0.7876433 -0.5494195 -0.2824233 -0.7863685 -0.5474987 0.0401566 -0.8358426 -0.8241895 -0.1922474 -0.5326843 -0.8268542 -0.1891906 -0.5296406 -0.8256915 0.02715247 -0.563468 -0.9803606 -0.06600445 -0.1858404 -0.980182 -0.06817793 -0.1859976 -0.9805034 0.009579062 -0.1962689 -0.9802199 0.009364366 -0.1976905 -0.9802323 -0.1338469 -0.1457041 -0.8256883 -0.3781189 -0.4186468 -0.9802202 0.08460229 -0.1789155 -0.8262378 0.239125 -0.5100493 -0.8253087 0.2419008 -0.5102447 -0.5467274 -0.5631127 -0.6196721 -0.5491119 0.3567594 -0.7557771 -0.8262567 0.02689939 -0.5626513 -0.5460667 0.3571874 -0.7577787 -0.5496394 0.0399363 -0.8344469 -0.1933186 0.4191669 -0.8870891 -0.1913004 -0.6611937 -0.7254151 -0.1919903 0.04720926 -0.9802607 0 -0.4502016 -0.8929269 -0.1915853 0.4179752 -0.888027 0 -0.615689 -0.7879892 -0.01400458 0.4266016 -0.9043312 -0.01398152 -0.6722998 -0.7401471 -0.9804871 -0.131765 -0.145888 -0.9801995 -0.1792927 -0.08404201 -0.9804484 0.08448749 -0.1777163 -0.8250488 -0.3807826 -0.4174914 -0.9801518 0.1476132 -0.1323361 -0.8257555 -0.5100821 -0.2407156 -0.980394 0.145603 -0.1327692 -0.8254228 0.4174705 -0.3799944 -0.8256255 0.4175577 -0.379458 -0.5487722 -0.5618382 -0.6190211 -0.5469065 0.6204494 -0.5620818 -0.5486362 -0.7560245 -0.3569669 -0.5477254 0.6187615 -0.5631441 -0.1929956 -0.6587833 -0.727157 -0.191285 0.7271011 -0.6593437 -0.19006 -0.8881184 -0.4184769 0.0139935 -0.8313883 -0.5555158 -0.1906395 0.7260428 -0.6606954 -0.01399284 -0.9043643 -0.4265321 -0.01398068 0.7401651 -0.6722798 -0.9808661 -0.1755744 -0.08411568 -0.9808247 -0.1946629 -0.009456038 -0.9799499 -0.1990196 -0.0094558 -0.9810302 0.1820667 -0.06657093 -0.8255077 -0.5104864 -0.2407091 -0.8264068 0.5297479 -0.1908381 -0.5480291 -0.7568022 -0.356251 -0.5479028 -0.8355782 -0.04014509 -0.8245553 -0.5651353 -0.02703088 -0.8265643 -0.5621901 -0.02709245 -0.8267118 -0.5293265 0.1906863 -0.9805335 -0.1846396 0.06680089 -0.5473548 -0.8359393 -0.04010504 -0.5474206 -0.7876827 0.2826428 -0.1911013 -0.980443 -0.04703128 -0.1920866 -0.9802429 -0.0471872 -0.190745 -0.9240393 0.3313124 -0.01399153 -0.9987501 -0.04798436 -0.1915139 -0.8875601 -0.4189983 0.01399457 -0.9806883 0.1950756 -0.0139932 -0.9410768 0.3379036 -0.9803946 -0.1456031 0.1327636 -0.979968 -0.1877257 0.06649804 -0.9801518 -0.1476132 0.1323363 -0.8249086 -0.5322601 0.1903293 -0.547716 -0.7875168 0.2825327 -0.548941 -0.6193293 0.5613333 -0.8250197 -0.4182127 0.3800532 -0.1919567 -0.9236178 0.3317875 -0.1929941 -0.7255838 0.660516 -0.1896874 -0.727135 0.6597678 0.01401746 -0.8313881 0.5555156 -0.9805688 -0.08356297 0.1774882 -0.9803329 -0.08463567 0.1782816 -0.8272433 -0.4151222 0.3786055 -0.8262498 -0.2391111 0.5100365 -0.5470996 -0.6199217 0.562476 -0.5483571 -0.3567206 0.7563432 -0.1908871 -0.4181751 0.8880832 -0.1915234 -0.419306 0.8874127 -0.01396948 -0.7401328 0.6723157 0.01400387 -0.555626 0.8313145 0.01399475 -0.980692 -0.1950573 -0.9806296 -0.009426176 0.1956446 -0.8234741 -0.2430392 0.5126622 -0.8251733 -0.02697587 0.5642352 -0.5486736 -0.3564512 0.7562406 -0.5517832 -0.04016274 0.8330199 -0.191322 -0.04694688 0.980404 -0.1897971 -0.04721665 0.9806874 -0.01405334 -0.4264737 0.9043908 0.01390933 -0.1950004 0.9807046 -0.9802394 -0.009420692 0.197591 -0.9805532 0.06667757 0.1845793 -0.8246051 -0.02722966 0.565053 -0.8253634 0.1907798 0.5313929 -0.545948 -0.04020625 0.8368538 -0.5482555 0.2832553 0.7868816 -0.1874568 0.3312975 0.9247173 -0.1934147 0.3310368 0.9235829 -0.0140289 -0.04796415 0.9987506 0.01392167 0.1950044 0.9807035 -0.9798949 0.1880658 -0.06661272 -0.9803606 0.06600445 0.1858404 -0.9806615 0.1301075 0.1462028 -0.980155 0.1341057 0.1459859 -0.8249483 0.1910306 0.5319471 -0.5486047 0.2826994 0.7868381 -0.5483565 0.5623958 0.6188831 -0.8247179 0.3802962 0.4185871 -0.8263102 0.3785654 0.4170129 -0.01402974 0.3377972 0.9411144 0.01398009 0.5556138 0.831323 -0.01396858 0.6723254 0.7401239 -0.1894149 0.6592381 0.7276862 -0.8251419 0.5108939 0.2410987 -0.9798904 0.1810239 0.08393692 -0.9809119 0.1753659 0.08401578 -0.5491786 0.5613709 0.6190847 -0.5486361 0.7560244 0.3569673 -0.1911391 0.8878965 0.4184564 -0.1931647 0.6607412 0.7253335 0.01400536 0.831371 0.5555413 -0.01400572 0.9043639 0.4265325 -0.980323 0.1971737 0.00945574 -0.8261107 0.5096876 0.2403329 -0.825592 0.5636172 0.02708399 -0.824987 0.564503 0.02707272 -0.5467231 0.7575754 0.356614 -0.1909871 0.8876326 0.4190852 -0.1908329 0.9804997 0.04693764 -0.5479909 0.8355197 0.04016017 0.01398408 0.9806888 0.1950742 -0.0140025 0.9987501 0.0479809 -0.9806166 0.1957085 0.009459793 -0.5480676 0.8354703 0.04014039 -0.5460988 0.7884949 -0.2829343 -0.1920915 0.9802417 0.04719322 -0.1919745 0.9238427 -0.3311501 0.01398611 0.9806914 -0.1950612 -0.01399993 0.9410802 -0.3378936 -0.5477197 0.787522 -0.2825109 -0.8254379 0.5313163 -0.1906707 -0.191065 0.92379 -0.3318226 0.01398134 0.831375 -0.555536 0.01400548 0.1950056 -0.9807022 0.01398056 0.5555679 -0.8313537 -0.1951572 -0.06399095 -0.9786823 -0.1903184 -0.06434792 -0.9796113 -0.1946294 0.3141876 -0.9291962 -0.0132032 0.321379 -0.9468587 0.01319164 0.1950077 -0.980713 -0.01319134 -0.06534624 -0.9977755 -0.548631 -0.05481642 -0.8342657 -0.5485289 -0.05468875 -0.8343413 -0.5485321 0.2679615 -0.7920286 -0.8249485 -0.03706562 -0.5639913 -0.8242852 -0.03693461 -0.564969 -0.824994 0.1820554 -0.5350146 -0.9804679 -0.01257008 -0.1962774 -0.9803497 -0.01306802 -0.1968342 -0.9805369 0.06373488 -0.1857024 -0.9802725 0.06330215 -0.1872395 -0.9803189 -0.08655589 -0.1774346 -0.9804586 -0.08743566 -0.1762276 -0.8269123 -0.2484574 -0.5044651 -0.9804772 0.1295129 -0.1479556 -0.8268146 0.370374 -0.423321 -0.824984 0.3725734 -0.4249595 -0.5481064 -0.3695569 -0.7503381 -0.5479905 0.5510843 -0.6292953 -0.8263829 0.1801106 -0.5335274 -0.5456807 0.5531557 -0.6294851 -0.546974 0.2698044 -0.7924804 -0.190115 0.6476466 -0.7378416 -0.1928702 -0.4330308 -0.880503 -0.1953688 0.6464861 -0.7374868 -0.193311 -0.4342055 -0.8798275 -0.1925414 0.3162495 -0.9289317 -0.01320856 0.6593228 -0.751744 0 -0.1304128 -0.9914599 0 -0.3214397 -0.9469301 -0.013215 -0.4422637 -0.8967878 -0.9805219 -0.1472721 -0.129953 -0.9801172 -0.149877 -0.1300281 -0.8252282 -0.2503568 -0.5062806 -0.9801599 0.1318689 -0.1479769 -0.9803959 0.1766555 -0.08727377 -0.8268925 0.5038011 -0.2498667 -0.8251183 0.5071828 -0.2488883 -0.5485078 -0.3703361 -0.7496602 -0.5479598 0.7500398 -0.370379 -0.5487447 -0.627945 -0.5518735 -0.8245959 -0.4265151 -0.3716538 -0.1930406 -0.7368955 -0.6478583 -0.5478452 0.7503706 -0.3698781 -0.1915094 -0.7381482 -0.646886 -0.1924984 0.8804032 -0.4333992 0.01322668 -0.55557 -0.8313646 -0.1912326 0.8800416 -0.4346919 -0.01321643 0.896781 -0.4422772 -0.9807999 -0.1844078 -0.06344503 -0.9802026 -0.1875513 -0.06346124 -0.8261216 -0.5334516 -0.1815288 -0.9800818 0.1783845 -0.08728581 -0.8259703 -0.4226343 -0.3730329 -0.9805923 0.1956342 -0.01288497 -0.8260354 0.5624071 -0.03692966 -0.8244967 0.5360857 0.181156 -0.5470836 0.7927472 0.2687962 -0.5479406 0.7920166 0.2692041 -0.5475463 0.8349846 -0.05471765 -0.191479 0.9296014 0.3149238 -0.1923045 0.9290072 0.316172 -0.1914407 0.979411 -0.06406778 -0.1917127 0.9793466 -0.06423681 -0.01323968 0.9468405 0.3214311 0.01322615 0.9807015 0.1950635 -0.9802438 0.1973726 -0.01288992 -0.9808891 0.1839772 0.06331765 -0.9799166 0.1890894 0.06331515 -0.9801172 0.149877 0.130028 -0.9805219 0.1472721 0.1299529 -0.8265199 0.4228706 0.3715449 -0.8246555 0.4256287 0.3725367 -0.8261162 0.5334154 0.1816599 -0.5488938 0.8340942 -0.05479437 -0.8243451 0.5648861 -0.03686553 -0.5474248 0.6285947 0.5524445 -0.5485369 0.6287651 0.551146 -0.1918924 0.7381439 0.6467773 -0.1927231 0.7372066 0.6475989 -0.01322948 0.9977714 -0.0654025 -0.0132147 0.7517901 0.6592701 -0.9805002 0.08576649 0.1768154 -0.8251178 0.2493218 0.5069705 -0.8256061 0.2501118 0.5057854 -0.5497239 0.3689928 0.7494318 -0.5472014 0.370715 0.7504273 -0.1931748 0.4341823 0.8798689 -0.1927975 0.4337944 0.8801429 -0.01319193 0.4422054 0.8968169 -0.9802441 0.08790928 0.1771822 -0.9802427 0.01264196 0.1973946 -0.825658 0.03668516 0.5629771 -0.82615 0.0371862 0.5622218 -0.5464143 0.05477923 0.8357216 -0.5460143 0.05492866 0.8359733 -0.1941832 0.06435614 0.978852 -0.189383 0.06406474 0.9798112 -0.01327508 0.06534612 0.9977744 0.01322412 0.9806987 -0.1950773 0.01321554 0.8313969 0.555522 -0.9804263 0.0130428 0.1964542 -0.9803082 -0.06410461 0.1867797 -0.9802456 -0.06290799 0.1875134 -0.8262059 -0.1805711 0.5336459 -0.8254186 -0.1821744 0.5343189 -0.5489539 -0.2691227 0.7913423 -0.5480012 -0.2680657 0.7923607 -0.1879538 -0.316358 0.9298339 -0.1918876 -0.3146986 0.9295935 -0.01326304 -0.3213788 0.9468579 0.01323884 0.555507 0.8314065 0.01322662 0.8314226 -0.5554832 0.01320242 0.5555568 -0.8313738 -0.9803303 -0.1300636 0.148446 -0.826703 -0.3695955 0.4242186 -0.8243989 -0.3742087 0.424658 -0.5469992 -0.5525999 0.6288285 -0.5474129 -0.5513336 0.6295797 -0.19336 -0.6470124 0.7375546 -0.1941001 -0.6467832 0.7375613 -0.0132277 -0.6592448 0.7518122 -0.9800815 -0.1321237 0.1482687 -0.9801996 -0.1777359 0.08728545 -0.9807603 -0.174616 0.08728456 -0.8258599 -0.5055382 0.2497733 -0.8245129 -0.5079758 0.2492772 -0.5494835 -0.7491431 0.3699359 -0.5471914 -0.750754 0.3700675 -0.1931376 -0.8802618 0.4334017 -0.1921268 -0.8798851 0.4346143 -0.01322388 -0.8968068 0.442225 -0.9805644 -0.1957737 0.01289433 -0.8258059 -0.5627428 0.03695178 -0.8243451 -0.5648861 0.03686541 -0.5480409 -0.8346613 0.05469626 -0.5478746 -0.8347676 0.05473983 -0.1913095 -0.9794307 0.06415826 -0.1912097 -0.979442 0.06428253 -0.01323014 -0.9977711 0.0654056 -0.9799369 -0.1988919 0.01287674 -0.5473026 -0.7925056 -0.2690626 -0.1914723 -0.9294772 -0.3152947 0.01321572 -0.8313931 0.5555277 0.0132631 -0.5555199 0.8313975 -0.5472232 -0.6294 -0.5517268 -0.825298 -0.5348533 -0.1811498 -0.5480684 -0.7921673 -0.2684999 -0.1910796 -0.9294261 -0.315683 -0.01323366 -0.9468404 -0.3214314 -0.01321494 -0.7518041 -0.6592541 0.01328736 0.1950045 0.9807124 0.01321518 -0.1950022 0.9807138 0.01322335 -0.9807012 0.1950655 0.0132271 -0.9806988 -0.195077 0.0132327 -0.8314191 -0.5554884 -0.1927762 0.2080685 -0.9589291 -0.1861835 -0.1754779 -0.9667178 -0.5486345 -0.1488218 -0.8227103 -0.5498905 -0.1485444 -0.8219216 -0.5512471 0.1769205 -0.8153685 -0.8260408 -0.1006825 -0.5545446 -0.8244244 -0.1003983 -0.5569962 -0.825486 0.1205019 -0.5514095 -0.9803042 -0.03542679 -0.1942905 -0.980432 -0.03494507 -0.1937319 -0.9804275 0.0419507 -0.1923598 -0.9803891 0.04178053 -0.192592 -0.9804943 -0.1056066 -0.1657657 -0.9802683 -0.1074942 -0.1658887 -0.8265215 -0.3036985 -0.4739509 -0.9805952 0.1104623 -0.1619604 -0.8271555 0.3193687 -0.462404 -0.8243642 0.3238669 -0.4642564 -0.8251962 0.1191284 -0.552141 -0.5470216 -0.4527075 -0.7041472 -0.5469509 0.4767836 -0.6881294 -0.545888 0.4781339 -0.6880366 -0.1928046 -0.1738022 -0.9657222 -0.5468899 0.1776596 -0.8181372 -0.1927501 0.5598366 -0.8058724 -0.1891942 -0.5318797 -0.8254149 -0.1891409 0.5592389 -0.8071416 -0.1881203 0.2087027 -0.9597156 -0.002525925 0.57 -0.8216408 0.002513945 0.5555667 -0.8314682 -0.002531886 0.2121813 -0.977227 0 0.2036784 -0.979038 0 0.01088482 -0.9999408 -0.002555906 -0.1779125 -0.9840431 0.002546787 -0.1952193 -0.9807564 -0.002498865 -0.5409994 -0.8410192 -0.980556 -0.1611334 -0.1120093 -0.8252503 -0.306386 -0.474436 -0.9803196 0.1131895 -0.1617456 -0.8259878 -0.4627218 -0.3219206 -0.9805012 0.1651797 -0.106458 -0.9804856 0.1650322 -0.1068294 -0.8261618 0.473357 -0.3055979 -0.5488065 -0.4517387 -0.7033802 -0.825479 0.4752184 -0.3045523 -0.5481379 -0.6872624 -0.4766713 -0.5491455 0.7031002 -0.4517625 -0.1914224 -0.5303282 -0.8258993 -0.5465937 0.7038331 -0.4537119 -0.191078 -0.8068432 -0.5590111 -0.1906826 0.8261801 -0.5301573 0.002497494 -0.5555651 -0.8314694 -0.1916502 0.8252279 -0.5312902 -0.002497553 -0.8216341 -0.5700099 -0.002521693 0.8410015 -0.5410268 -0.9801818 -0.1630401 -0.1125244 -0.9807494 -0.1907449 -0.04179757 -0.9798344 -0.1953748 -0.04187273 -0.826002 -0.4630707 -0.3213819 -0.9804409 0.1936673 -0.03505349 -0.8257755 0.5549628 -0.1005538 -0.8252128 0.555833 -0.1003681 -0.5490471 0.8224025 -0.1490011 -0.5480898 0.8230749 -0.148813 -0.1912273 0.9659444 -0.1743096 -0.191752 0.9657242 -0.1749513 -0.0025267 0.9840378 -0.1779419 -0.9801474 0.1951425 -0.0350793 -0.9802874 0.1931018 0.04181402 -0.9804137 0.1924732 0.04175209 -0.8256009 0.5513646 0.1199182 -0.8250425 0.5522423 0.1197216 -0.5474178 0.8178289 0.1774536 -0.5486713 0.8169314 0.1777161 -0.1915612 0.959213 0.2078818 -0.1919902 0.9590237 0.208359 -0.00252676 0.9772258 0.2121874 -0.980257 0.1627304 0.1123165 -0.826831 0.4615612 0.3214218 -0.824408 0.4651269 0.3225036 -0.5493904 0.6866939 0.4760482 -0.5468119 0.6878088 0.4774052 -0.1902748 0.8075734 0.5582301 -0.1939719 0.805695 0.5596699 -0.002499103 0.8216331 0.5700114 -0.9804038 0.1617567 0.1124423 -0.9804491 0.1063137 0.1655805 -0.9804201 0.1058077 0.1660755 -0.8253042 0.3046684 0.4754474 -0.8246436 0.3068662 0.47518 -0.5507344 0.4520533 0.7016691 -0.5475001 0.4522015 0.7041004 -0.1916934 0.5316175 0.825007 -0.1883664 0.5306597 0.8263888 -0.002554357 0.5409638 0.8410421 0.002549886 0.8314552 -0.5555859 0.002520024 0.9807798 -0.1951018 -0.9803822 0.03512173 0.1939516 -0.8252491 0.1000653 0.5558335 0.00252664 0.9807845 0.195078 -0.8242275 0.1009829 0.5571818 -0.5521788 0.1488441 0.8203318 -0.5503517 0.1482825 0.8216601 -0.1867193 0.1753894 0.9666305 -0.1892256 0.1739205 0.9664086 -0.002513945 0.1779116 0.9840433 0.002561867 0.8314495 0.5555946 -0.9802774 0.03508049 0.1944883 -0.9804254 -0.04183536 0.1923952 -0.980321 -0.04173642 0.1929481 -0.8246573 -0.1192944 0.5529099 -0.8260815 -0.1203123 0.5505583 -0.545514 -0.1778452 0.819015 -0.5466004 -0.6885287 -0.4766091 -0.5512471 -0.1769205 0.8153685 -0.1885086 -0.2089646 0.9595823 -0.1886929 -0.2077245 0.9598154 -0.1932473 -0.8058688 -0.5596703 -0.002557337 -0.2121124 0.977242 0.002546787 0.5556172 0.8314344 -0.9805961 -0.1104624 0.1619547 -0.8242807 -0.322626 0.4652676 -0.1947066 -0.5581591 0.8065654 -0.002479612 -0.5699568 0.821671 -0.9802436 -0.1134085 0.1620528 -0.980063 -0.1676164 0.1066837 -0.9806342 -0.1644061 0.10643 -0.8256098 -0.4741531 0.3058553 -0.8242666 -0.4767072 0.3055074 -0.8254007 -0.3217226 0.4639055 -0.54921 -0.4765957 0.6864583 -0.5477725 -0.703306 0.4531072 -0.545929 -0.4781186 0.6880146 -0.5484967 -0.7033444 0.4521705 -0.1922227 -0.8259397 0.5299755 -0.1931346 -0.8245365 0.5318258 -0.1935377 -0.5596302 0.8058271 -0.002507865 -0.8410515 0.5409493 -0.9804777 -0.1934803 0.03505778 -0.8264635 -0.5539602 0.1004304 -0.8252128 -0.555833 0.1003683 -0.5476219 -0.8233862 0.1488136 -0.5483919 -0.8228216 0.149101 -0.191119 -0.9659548 0.1743703 -0.1920921 -0.9656675 0.1748911 0.002537965 0.1950184 0.9807963 -0.002516269 -0.9840357 0.1779534 -0.980167 -0.1950483 0.03505635 -0.825194 -0.5520263 -0.1196743 -0.5478343 -0.8175517 -0.1774452 -0.1913975 -0.9592364 -0.2079246 -0.1915435 -0.9591091 -0.208377 -0.002521514 -0.9772258 -0.2121874 0.002537786 -0.555617 0.8314346 0.002572298 -0.1950191 0.9807961 -0.8260605 -0.550707 -0.1197749 -0.5479323 -0.8174149 -0.1777727 0.002575397 -0.831465 0.5555713 0.002531707 -0.9807841 0.1950796 0.002528309 -0.9807794 -0.1951037 0.002537965 -0.831463 -0.5555744 -0.1892893 0.4639443 -0.8654047 -0.1897946 0.09861874 -0.9768584 -0.5486454 0.08374303 -0.8318505 -0.5496198 0.08352524 -0.831229 -0.5497572 0.3960115 -0.7354876 -0.8243717 0.05687111 -0.5631848 -0.8250185 0.05650311 -0.5622739 -0.8242333 0.2683993 -0.4985995 -0.9803919 0.01961749 -0.1960792 -0.9804143 0.09300369 -0.1736034 -0.9804599 0.01991587 -0.1957088 -0.9804292 -0.05796122 -0.1881467 -0.8250125 -0.1628821 -0.5411321 -0.980338 0.0938903 -0.1735566 -0.9798079 0.1560581 -0.1249891 -0.9809686 0.1489834 -0.1245172 -0.8254544 0.4367075 -0.3576473 -0.8246909 0.4383749 -0.3573687 -0.8263711 0.2657244 -0.4964891 -0.5497061 -0.2400257 -0.8001318 -0.5464462 0.6489012 -0.5294563 -0.5481114 0.6476513 -0.5292654 -0.1892035 0.0983116 -0.9770041 -0.5488474 0.3957163 -0.7363256 -0.1912115 0.7611333 -0.6197696 -0.1889987 -0.2830846 -0.9402887 -0.1898656 0.4648234 -0.8648065 -0.1945422 0.7596412 -0.620563 -0.0109772 0.7743427 -0.6326713 0.01100152 0.5554841 -0.8314544 -0.01098924 0.4732319 -0.8808695 0 0.3378393 -0.9412039 0 0.1479263 -0.9889985 -0.01101309 0.1002432 -0.9949021 0.01103657 -0.1951395 -0.9807134 -0.01098865 -0.2882191 -0.9575015 -0.9803378 -0.05608862 -0.1891878 -0.9801746 -0.1262196 -0.15273 -0.979935 0.1910627 -0.05676645 -0.8260828 -0.1629429 -0.5394783 -0.9805687 0.187789 -0.05674761 -0.8254046 -0.3566191 -0.4376415 -0.8266974 0.5385757 -0.1628117 -0.5498412 -0.2413709 -0.7996342 -0.8250271 0.541157 -0.1627253 -0.5476384 -0.5297979 -0.6476159 -0.5472182 0.801467 -0.2412534 -0.1893295 -0.2823637 -0.9404388 -0.546685 0.8018048 -0.2413394 -0.1897091 -0.6211596 -0.7603757 0.01098948 -0.5554856 -0.8314536 -0.1931299 0.9396513 -0.2824119 -0.01101386 -0.6325801 -0.7744168 -0.1918398 0.939627 -0.2833701 -0.0109834 0.9575138 -0.2881783 -0.9804729 -0.1240124 -0.1526241 -0.9800838 -0.1753315 -0.09324586 -0.9800742 0.1976479 0.01974093 -0.8258698 -0.3568895 -0.436542 -0.9804546 0.1957517 0.01975423 -0.8258253 -0.4966502 -0.2671164 -0.9808753 -0.1707557 -0.09341377 -0.9798076 -0.1989657 -0.01973849 -0.8244213 -0.4990168 -0.2670427 -0.8258883 -0.5609876 -0.05658113 -0.5496984 -0.7354456 -0.3961712 -0.5477275 -0.737146 -0.3957403 -0.5483317 -0.832044 -0.08387762 -0.5481532 -0.5293428 -0.6475526 -0.1909877 -0.8652803 -0.4634801 -0.1940761 -0.8635924 -0.4653416 -0.1921274 -0.9764372 -0.09827286 -0.192076 -0.6207016 -0.7601556 -0.01095283 -0.8808488 -0.473271 0.01099115 -0.9807276 -0.1950706 -0.01097983 -0.9949093 -0.1001744 -0.9806897 -0.1945696 -0.01976305 -0.9800757 -0.1903472 0.05674374 -0.8246988 -0.5627468 -0.05646193 -0.8268493 -0.538361 0.1627506 -0.5472968 -0.8327313 -0.0838139 -0.5475598 -0.8012261 0.2412777 -0.1920826 -0.9764308 -0.09842276 -0.191834 -0.939883 0.2825237 0.0109902 -0.9807251 0.1950838 -0.01099014 -0.9575079 0.2881981 -0.9807041 -0.187049 0.05685365 -0.9807636 -0.1502255 0.1246396 -0.9798079 -0.1560581 0.1249891 -0.8244832 -0.542074 0.1624293 -0.5473431 -0.8014 0.241192 -0.5486139 -0.6467997 0.5297859 -0.8247445 -0.4390705 0.3563896 -0.1912929 -0.9397495 0.2833337 -0.1887165 -0.7606297 0.6211509 0.0109533 -0.8314235 0.5555313 -0.01097559 -0.7743966 0.6326054 0.01099461 -0.8314435 -0.5555006 -0.9802446 -0.09387421 0.1740924 -0.826237 -0.2658165 0.4966632 -0.826071 -0.4358482 0.3572716 -0.5467969 -0.6489239 0.5290661 -0.5484402 -0.3953857 0.7368063 -0.1948126 -0.7588415 0.6214562 -0.1940411 -0.4654724 0.8635297 0.0110194 -0.5554854 0.8314533 -0.010966 -0.4731794 0.8808979 -0.9804272 -0.09221839 0.1739494 -0.9802406 -0.0196923 0.1968269 -0.9802308 -0.02003055 0.1968412 -0.8252384 -0.2684396 0.4969123 -0.5486575 -0.3956305 0.7365131 -0.5469726 -0.08369624 0.8329562 -0.8260306 -0.05662602 0.5607738 -0.1892862 -0.4635826 0.8655992 -0.187458 -0.0983569 0.9773359 -0.1933771 -0.09831553 0.9761862 0.01098859 -0.1952093 0.9807001 -0.9803318 0.05720245 0.188885 -0.8263502 0.5603078 0.05657386 -0.8243963 0.5631874 0.05648761 -0.5482765 0.832093 0.08375149 -0.5482331 0.8321143 0.08382409 -0.1907926 0.9767095 0.09816706 -0.1913573 0.9765504 0.09865045 -0.01099884 0.9949079 0.1001869 -0.9809486 0.1704313 0.09323722 -0.8255198 0.4970457 0.2673254 -0.8247248 0.4986267 0.266834 -0.5490399 0.7358267 0.3963765 -0.5470734 0.7375222 0.3959441 -0.1912204 0.8651329 0.4636594 -0.1912874 0.864146 0.4654685 -0.01098805 0.8808646 0.4732409 -0.980071 0.1753603 0.09332627 -0.9801754 0.1262198 0.1527243 -0.9806472 0.1227322 0.1525387 -0.8236541 0.358883 0.4390866 -0.8268739 0.3557088 0.4356041 -0.5482569 0.5295423 0.6473016 -0.5474168 0.5296462 0.6479274 -0.1915549 0.6211585 0.7599138 -0.1891852 0.6213435 0.760356 -0.01103776 0.6325784 0.7744177 -0.8254789 0.1631981 0.5403251 -0.5469462 0.2414107 0.8016051 -0.5485396 0.2416186 0.8004529 -0.1933843 0.2826386 0.9395307 0.01098322 0.9807252 0.1950832 0.0109868 0.9807284 -0.1950672 0.01096439 0.8314304 -0.5555208 -0.8258486 -0.05626273 0.5610781 -0.8251425 0.1619438 0.5412154 -0.980457 0.05636477 0.1884868 -0.1927804 0.2826828 0.9396415 -0.01094084 0.2882879 0.9574813 0.01097708 0.8314076 0.5555546 0.01098954 0.5554869 0.8314527 -0.5484976 -0.08386605 0.8319356 -0.01101273 -0.1002405 0.9949023 0.01101279 0.1952139 0.9806989 -0.1943861 0.6836271 -0.7034686 -0.189599 0.6859027 -0.7025594 -0.1913354 0.3645993 -0.9112948 -0.5473355 0.3100945 -0.7773451 -0.5467857 0.3095847 -0.7779349 -0.8256842 0.2102711 -0.5234806 -0.825225 0.2082343 -0.5250164 -0.8264492 0.3933671 -0.4027954 -0.5460799 0.584677 -0.5999581 -0.9806334 0.07142406 -0.1823644 -0.9800847 0.1396072 -0.1412225 -0.9808076 0.1348338 -0.1408417 -0.9802827 0.07312589 -0.1835713 -0.9805685 -0.002574741 -0.1961606 -0.8262376 -0.007325649 -0.5632741 -0.9807727 0.1789395 -0.07788157 -0.8268471 0.5164185 -0.2227916 -0.8242947 0.5204854 -0.2227855 -0.8250236 0.3935322 -0.4055472 -0.5469719 -0.01096296 -0.8370793 -0.5477598 0.7688902 -0.3297985 -0.54786 0.7684934 -0.3305559 -0.5463924 0.5838165 -0.6005112 -0.1910682 0.3626587 -0.9121249 -0.1891493 -0.01280862 -0.9818648 -0.1912032 0.9021824 -0.3866631 -0.1911123 0.9017533 -0.3877077 -0.01482474 0.9187037 -0.3946694 0.01480728 0.8313772 -0.5555113 -0.01481968 0.6976758 -0.7162603 0 0.629265 -0.7771909 0 0.4658427 -0.8848677 -0.01484251 0.3705004 -0.9287137 0.01480698 0.1950002 -0.9806914 -0.014831 -0.01306837 -0.9998046 -0.9801677 -0.002557158 -0.1981533 -0.9803788 -0.07787555 -0.1810884 -0.9803764 -0.07806563 -0.1810193 -0.8249545 -0.007365643 -0.5651514 -0.9803484 0.1812905 -0.07778763 -0.980645 0.1957776 -0.002577245 -0.8259495 0.5636958 -0.007382571 -0.5486341 -0.01087588 -0.835992 -0.8248265 0.5653378 -0.007384598 -0.5472148 -0.330406 -0.7690175 -0.5477875 0.836546 -0.01094615 -0.8245404 -0.2245938 -0.5193176 -0.5472183 0.8369187 -0.01092529 -0.1929975 -0.01281529 -0.9811156 -0.1895407 -0.3879625 -0.9019753 0.01481926 -0.1950027 -0.9806908 -0.1910312 0.9815 -0.01283437 -0.01484292 -0.394709 -0.9186864 -0.1918956 0.9813309 -0.01288253 -0.01482164 0.9998044 -0.01309794 -0.9799749 -0.1439399 -0.1375885 -0.826573 -0.220996 -0.5176272 -0.825652 -0.4031805 -0.3946446 -0.9799734 0.1991119 -0.002581655 -0.9799927 0.1851644 0.07299637 -0.9808238 0.1806269 0.07320326 -0.9805438 0.1398003 0.1378036 -0.8256292 0.4041541 0.3936951 -0.8255507 0.4042351 0.3937768 -0.546306 0.6009365 0.5834597 -0.5485883 0.5989689 0.5833415 -0.5476303 0.7771838 0.3099783 -0.1915771 0.7030696 0.6848295 -0.1903145 0.9116532 0.3642377 -0.1928579 0.7030728 0.6844667 -0.01481872 0.7162553 0.697681 0.0148124 0.8313993 0.5554781 -0.9804356 0.1412289 0.1371148 -0.8262385 0.5230478 0.2091675 -0.8242778 0.5260943 0.2092633 -0.9804249 0.07776463 0.1808862 -0.9803174 0.07799357 0.1813694 -0.8259419 0.2218625 0.5182636 -0.8253497 0.2229809 0.5187268 -0.5493912 0.7760499 0.3097029 -0.5475661 0.3303247 0.7688024 -0.5476638 0.3303082 0.7687398 -0.191293 0.9118921 0.3631252 -0.01482063 0.9286851 0.3705732 -0.1933462 0.3876219 0.9013139 -0.1892606 0.3868708 0.9025029 -0.01487886 0.3946384 0.9187161 -0.98038 0.002543568 0.1971004 -0.8250123 0.007348954 0.5650669 -0.8249453 0.007454633 0.5651637 -0.5495938 0.01096951 0.8353602 -0.5512353 0.01105725 0.8342766 -0.1897944 0.01298147 0.9817381 -0.1927729 0.0128737 0.9811589 -0.01480698 0.01313716 0.9998041 -0.9805802 0.002573966 0.1961017 -0.980565 -0.07217621 0.1824358 -0.8256714 -0.2088236 0.5240796 -0.8250051 -0.2098286 0.5247273 -0.5469651 -0.3102613 0.7775392 -0.5481938 -0.3099869 0.7767829 -0.1929114 -0.3641816 0.9111295 -0.1910739 -0.3626694 0.9121193 -0.01484298 -0.3705179 0.9287068 0.01481831 0.5555616 0.8313435 -0.9802817 -0.07312583 0.183577 -0.9802168 -0.138337 0.1415562 -0.9807159 -0.1354045 0.1409327 -0.8254382 -0.3938853 0.404359 -0.8264443 -0.3933648 0.4028077 -0.5464335 -0.5846561 0.5996564 -0.5450778 -0.5844133 0.601125 -0.1929339 -0.6863997 0.7011647 -0.1943303 -0.6836348 0.7034766 -0.01479488 -0.6977069 0.7162305 0.01483076 0.9806768 0.1950718 0.01481175 0.9806792 -0.195061 0.01480692 0.1949982 0.9806919 -0.9808859 -0.1783428 0.0778262 -0.8264034 -0.517089 0.2228821 -0.8244395 -0.5203556 0.2225524 -0.8240559 -0.5664607 0.007376372 -0.5485098 -0.8360722 0.01096427 -0.5481546 -0.8363054 0.01094162 -0.5468786 -0.7690389 0.3309125 -0.1909601 -0.9815143 0.01280623 -0.1916063 -0.9813874 0.01287871 -0.1926116 -0.9013298 0.3879501 -0.01482206 -0.9998044 0.01309704 0.01483076 -0.9806763 0.1950747 -0.9802003 -0.1820943 0.07777637 -0.9797726 -0.2000974 0.002579212 -0.9806519 -0.1957427 0.002582907 -0.9807651 -0.1809839 -0.07310843 -0.8259794 -0.5234572 -0.2091667 -0.8245796 -0.5256813 -0.209112 -0.8266498 -0.5626681 0.00740391 -0.5479723 -0.7687144 0.3298556 -0.5485333 -0.7766278 -0.3097749 -0.5487351 -0.7764415 -0.3098847 -0.1916526 -0.9019994 0.3868676 -0.1907354 -0.9119896 -0.3631736 -0.1921033 -0.9113307 -0.3641052 -0.01481354 -0.9186818 0.3947207 -0.01482063 -0.9286851 -0.3705732 -0.9806918 -0.1392698 -0.1372864 -0.980068 -0.184778 -0.07296484 -0.8255567 -0.4042381 -0.3937611 -0.5463153 -0.6009469 -0.5834403 -0.5498883 -0.598353 -0.5827491 -0.1923208 -0.7032641 -0.6844212 -0.1897993 -0.7030763 -0.6853175 -0.01481914 -0.7162054 -0.6977322 0.01479542 -0.1950039 0.9806909 -0.1946235 -0.3864668 -0.901535 0.01482373 -0.9806786 -0.1950638 -0.5479505 -0.3299957 -0.7686697 0.01481819 -0.8313896 0.5554925 0.01480633 -0.5555617 0.8313435 0.01483702 -0.8313671 -0.5555256 0.01478242 -0.5555619 -0.8313438 -0.1924169 -0.2657102 -0.9446555 -0.1933508 -0.2667869 -0.9441612 -0.1968795 -0.6073548 -0.7696484 -0.547523 -0.5176241 -0.6574831 -0.5481721 -0.518032 -0.6566203 -0.8256461 -0.3488896 -0.4433787 -0.8247347 -0.3507049 -0.4436426 -0.8248841 -0.153953 -0.5439344 -0.5475094 -0.2273956 -0.8053104 -0.9804717 -0.120737 -0.1552351 -0.9804069 -0.1220586 -0.1546093 -0.9802377 -0.05434781 -0.1902117 -0.9802383 -0.05327552 -0.1905116 -0.9805565 -0.1708692 -0.09650266 -0.9801794 -0.1732044 -0.09616994 -0.980275 0.0232222 -0.1962696 -0.9803928 0.02300822 -0.1957052 -0.8268102 0.06589537 -0.558608 -0.8241797 0.06677651 -0.5623779 -0.8262425 -0.4911231 -0.2759013 -0.827032 -0.152343 -0.541119 -0.5484877 -0.7294321 -0.4087668 -0.5498519 0.09809118 -0.8294824 -0.5480646 0.09847992 -0.8306184 -0.1873547 -0.6084391 -0.771168 -0.5486586 -0.2267416 -0.8047124 -0.1880742 0.1156496 -0.9753221 -0.1894885 -0.8570467 -0.4791296 -0.1931689 0.1150325 -0.974399 -0.009480834 0.117556 -0.993021 0.009522974 -0.1950148 -0.9807541 -0.009528934 -0.2713424 -0.9624357 0 -0.4181232 -0.9083904 0 -0.5879542 -0.8088943 -0.009527564 -0.6191996 -0.7851759 0.009505569 -0.8313924 -0.5556045 -0.009506523 -0.8724008 -0.488699 -0.9801666 -0.1968206 -0.02313554 -0.9805905 0.09477102 -0.1716413 -0.8270717 0.2740117 -0.4907853 -0.8251239 -0.4931775 -0.2755841 -0.8264564 -0.5590663 -0.06644445 -0.5472575 -0.7302992 -0.4088672 -0.8240353 0.2778502 -0.4937257 -0.5473397 -0.8311198 -0.09828108 -0.5477237 0.4088932 -0.7299351 -0.5461926 0.4087092 -0.7311843 -0.1929962 -0.8558828 -0.4798097 -0.1931636 0.4802667 -0.8555886 -0.191178 -0.9747923 -0.115027 -0.1928846 0.4785024 -0.8566394 -0.009504854 0.4885782 -0.8724684 0.009522676 -0.9807391 -0.1950902 -0.009522259 -0.9930259 -0.1175117 -0.9803922 -0.1956909 -0.02316004 -0.980659 -0.1882596 0.05353933 -0.9804043 -0.1895645 0.05359846 -0.9801551 0.09781789 -0.1724174 -0.9802117 0.1558083 -0.1221017 -0.980817 0.1518653 -0.1222088 -0.8258379 0.4429882 -0.3489317 -0.8252185 0.4439106 -0.3492247 -0.545909 0.6580821 -0.5185668 -0.5489556 0.6564814 -0.5173781 -0.1914144 0.7712329 -0.6070918 -0.1909136 0.7710685 -0.6074582 -0.009504795 0.7852866 -0.6190596 -0.9801325 0.1910052 -0.05345481 -0.980676 0.188142 -0.05363923 -0.8269355 0.5410218 -0.1532096 -0.8237066 0.5459781 -0.1530213 -0.5492772 0.8040965 -0.2274277 -0.5481506 0.8049503 -0.2271254 -0.192093 0.9446893 -0.2658243 -0.1907082 0.9446185 -0.2670699 -0.009517252 0.962409 -0.2714377 -0.9800794 0.1972486 0.02318537 -0.9807104 0.1940888 0.02316707 -0.8264908 0.5590223 0.06638729 -0.8251857 0.5609591 0.06628441 -0.5478102 0.8308102 0.09827733 -0.5481358 0.8305822 0.09838908 -0.1912397 0.9747654 0.1151514 -0.1917783 0.9746414 0.1153051 -0.009516298 0.9930232 0.1175353 -0.9802945 0.1724064 0.09643006 -0.8270232 0.4896594 0.2761639 -0.8249541 0.4938372 0.2749102 -0.5471628 0.7301794 0.4092077 -0.5472526 0.7302927 0.4088854 -0.1931856 0.8563327 0.4789298 -0.19335 0.8552018 0.4808803 -0.009493291 0.8724511 0.4886093 0.009505689 0.8314036 -0.555588 0.009534358 0.5556008 -0.8313947 0.009480834 0.1950097 -0.9807556 -0.9801014 0.1735391 0.09636104 -0.9806503 0.1198868 0.1547649 -0.8248685 0.350176 0.4438118 -0.8250415 0.350607 0.4431495 -0.5473869 0.5171862 0.6579408 -0.5474541 0.5177926 0.6574077 -0.1912972 0.6091794 0.7696142 -0.1932121 0.6067889 0.7710229 -0.009558498 0.6190542 0.7852901 0.009520888 0.9807406 -0.1950827 0.00952202 0.980743 0.1950707 -0.9803303 0.1222947 0.1549083 -0.9803915 0.05413806 0.1894775 -0.9804008 0.05328261 0.1896718 -0.8258747 0.1523577 0.5428796 -0.8248841 0.153953 0.5439344 -0.8250722 -0.5611238 -0.066302 -0.5503121 0.2268964 0.8035389 -0.5460417 0.2272057 0.8063597 -0.5484798 -0.8303545 -0.09839481 -0.1933508 0.2667869 0.9441612 -0.1914827 0.2657607 0.9448311 -0.009528756 0.2714034 0.9624185 0.009527742 0.83148 0.555473 -0.9802893 -0.0234574 0.1961705 -0.8266001 -0.06635922 0.5588638 -0.8263698 -0.06603032 0.5592433 -0.8252513 -0.2769809 0.492181 -0.5488207 -0.4083192 0.7294322 -0.5459837 -0.4094877 0.7309047 -0.5452732 -0.09869408 0.8324282 -0.1901693 -0.4799797 0.8564199 -0.1945278 -0.4788187 0.8560909 -0.1905362 -0.1150954 0.9749097 -0.009504497 -0.4886342 0.8724371 0.009481132 -0.195016 0.9807543 -0.9802415 -0.02309596 0.1964515 -0.9804142 -0.09603118 0.1719477 -0.9808185 -0.1520498 0.1219677 -0.9804027 -0.09646528 0.1717702 -0.8255983 -0.443114 0.3493387 -0.8259123 -0.4423852 0.3495201 -0.825824 -0.2744923 0.4926142 -0.5474211 -0.09833663 0.8310596 -0.5482561 -0.6568418 0.5176621 -0.1970341 -0.1155003 0.9735693 -0.5472255 -0.6574177 0.5180214 -0.1896789 -0.7714478 0.6073634 -0.1929736 -0.770039 0.6081127 -0.009505033 -0.1175591 0.9930205 -0.009529292 -0.7852575 0.6190962 -0.979987 -0.1574276 0.1218277 -0.8240133 -0.5455536 0.1528838 -0.5481502 -0.8049497 0.2271289 -0.191036 -0.9449076 0.2658098 -0.1914324 -0.9444624 0.2671043 -0.009523272 -0.9624081 0.2714405 -0.8266305 -0.5414526 0.1533335 -0.5471283 -0.8055993 0.2272896 -0.1919023 -0.974595 -0.1154902 0.00946933 -0.5554901 0.8314693 0.009503901 -0.8314604 0.5555029 0.009498775 0.1950075 0.9807558 0.009505212 0.555494 0.8314663 0.00951004 -0.980742 0.1950765 -0.1891998 0.07257294 -0.9792532 -0.1861778 -0.3081243 -0.9329509 -0.5459697 -0.2627012 -0.7955534 -0.545976 -0.2624224 -0.7956411 -0.5460199 0.06194144 -0.8354794 -0.8269029 -0.1763831 -0.533967 -0.8249603 -0.1773279 -0.5366519 -0.8249447 0.04205507 -0.5636467 -0.9805056 -0.06091898 -0.1868094 -0.9804056 -0.06201356 -0.1869737 -0.9802382 0.0146476 -0.197278 -0.9801716 -0.1301636 -0.1494029 -0.8264554 -0.3670999 -0.4268599 -0.9806863 0.0146681 -0.1950368 -0.9803534 0.08876436 -0.1761485 -0.9804364 0.08816176 -0.1759886 -0.8262932 0.2528623 -0.5032896 -0.8247247 0.2552691 -0.5046454 -0.8256713 0.04161429 -0.5626145 -0.5454879 -0.5473755 -0.6346834 -0.5493341 0.3754048 -0.7465276 -0.5476201 0.3769829 -0.7469915 -0.1928623 -0.3059836 -0.9322974 -0.5465767 0.06196558 -0.8351134 -0.1887773 0.4422201 -0.876815 -0.1933339 -0.6410446 -0.7427543 -0.190782 0.4413251 -0.876832 -0.1936333 0.07287484 -0.9783636 -0.01280796 0.4501108 -0.892881 0.01270055 0.1951414 -0.9806929 -0.0127604 0.07396489 -0.9971793 0 -0.06153637 -0.9981049 0 -0.2544882 -0.967076 -0.01273745 -0.3129896 -0.9496712 0.01278442 -0.5555248 -0.8314018 -0.01275992 -0.6527323 -0.7574812 -0.9805586 -0.1273382 -0.1492982 -0.9805663 -0.1749756 -0.08873176 -0.9802281 -0.1769719 -0.08850902 -0.8244262 -0.3704219 -0.4279126 -0.9804048 0.149192 -0.1286399 -0.8263578 0.4256429 -0.3687288 -0.5501929 -0.5445977 -0.6330096 -0.5486088 -0.7466341 -0.3762525 -0.8248793 -0.5049239 -0.2542168 -0.8250635 0.4286537 -0.368139 -0.5482863 0.6329963 -0.5465326 -0.188883 -0.6406482 -0.7442399 -0.5469437 0.6346787 -0.5459265 -0.190007 -0.8768128 -0.4416975 -0.1913313 -0.8767806 -0.4411894 0.01276141 -0.8313835 -0.5555526 -0.1930394 0.7443156 -0.63932 -0.189086 0.7426999 -0.6423733 -0.01277196 0.757509 -0.6526998 -0.9808009 -0.1944639 -0.01461458 -0.9803055 -0.1969473 -0.01459503 -0.826617 -0.5612028 -0.04190599 -0.8257116 -0.5035547 -0.2542307 -0.9799899 0.1518294 -0.1287155 -0.9806327 0.1858608 -0.0617696 -0.9800164 0.1891086 -0.06169295 -0.9809025 0.1939501 0.01462244 -0.8259902 0.5621305 0.04183149 -0.8252572 0.5632087 0.04179137 -0.5471487 0.8347374 0.06198257 -0.5476424 0.8344138 0.06198018 -0.5479841 0.7943738 -0.2620761 -0.1914344 0.9788045 0.07276558 -0.1917969 0.9321146 -0.3072074 -0.1918554 0.978715 0.07285964 -0.01276051 0.9971678 0.07411843 0.01275944 0.9807077 -0.1950637 -0.8250452 0.5367535 -0.1766242 -0.8259397 0.5352615 -0.1769717 -0.9802765 0.19709 0.01461088 -0.9798073 0.179221 0.08864307 -0.9808977 0.173096 0.0887556 -0.8254248 0.5040215 0.2542366 -0.8251671 0.5048408 0.2534468 -0.5483812 0.7940784 -0.2621408 -0.5467538 0.7475841 0.3770655 -0.5486716 0.7463067 0.3768103 -0.1916257 0.9320821 -0.3074128 -0.1915773 0.8767751 0.4410937 -0.01277369 0.9496127 -0.3131656 -0.1928955 0.8759042 0.4422481 -0.01274788 0.8929281 0.4500191 -0.980314 0.1292436 0.1492676 -0.8258107 0.3665982 0.4285351 -0.8262191 0.3676296 0.4268612 -0.5481398 0.5462562 0.6333617 -0.5462645 0.5462645 0.6349726 -0.1920379 0.6410993 0.7430433 -0.194435 0.6396321 0.743684 -0.01273703 0.6526653 0.7575394 -0.9800931 0.1304156 0.1496974 -0.9805227 0.06154662 0.1865138 -0.8263393 0.1758277 0.5350214 -0.8248226 0.1772272 0.536897 -0.5495925 0.2616211 0.7934121 -0.5434699 0.2623648 0.797374 -0.1944952 0.307815 0.9313548 -0.1928024 0.3068153 0.9320363 -0.01271259 0.3131059 0.9496333 0.01275748 0.9807045 0.1950797 -0.9802348 0.06161355 0.1879996 -0.9803896 -0.01459199 0.1965286 -0.8260719 -0.0415709 0.5620297 -0.8249526 -0.04205542 0.5636354 -0.5500691 -0.06173944 0.8328339 -0.5460267 -0.0620591 0.835466 -0.1912604 -0.0728535 0.9788319 -0.192773 -0.07252156 0.9785599 -0.01276034 -0.0740363 0.997174 0.01277184 0.8314051 0.5555199 0.01273751 0.8313626 -0.5555845 0.0127843 0.5555316 -0.8313972 0.01273649 0.5555237 0.8314031 -0.9802271 -0.01483923 0.1973189 -0.9804297 -0.088593 0.1758095 -0.9804366 -0.08816176 0.1759872 -0.825645 -0.2532901 0.5041373 -0.9803591 -0.149613 0.1284992 -0.9806004 -0.1481952 0.1283012 -0.8259759 -0.4260671 0.3690944 -0.825063 -0.4286534 0.3681406 -0.8260601 -0.2546639 0.5027637 -0.5469851 -0.3763691 0.7477657 -0.5451748 -0.634797 0.5475556 -0.5469149 -0.3766793 0.7476609 -0.1925218 -0.4424938 0.8758623 -0.5469437 -0.6346787 0.5459265 -0.1912513 -0.7445803 0.6395491 -0.1931695 -0.4409779 0.8764839 -0.01273614 -0.45011 0.8928824 -0.1933463 -0.7426539 0.6411572 -0.01277381 -0.7574524 0.6527655 -0.9804571 -0.1867825 0.0617752 -0.8265737 -0.534298 0.1769232 -0.8253496 -0.5363351 0.1764735 -0.5476618 -0.7947652 0.2615624 -0.5470694 -0.7948872 0.2624297 -0.1930807 -0.9319857 0.3067941 -0.1921287 -0.9318705 0.3077405 -0.01275485 -0.94962 0.3131443 -0.9800164 -0.1891086 0.06169199 -0.8239959 -0.5650529 -0.04178565 -0.5488348 -0.8336253 -0.06204372 -0.5472801 -0.8346604 -0.06186008 -0.1906388 -0.9789689 -0.07264149 -0.1917487 -0.9787371 -0.07284343 -0.01275366 -0.9971703 -0.0740863 0.01273643 -0.555532 0.8313977 0.01273649 0.1951413 0.9806925 0.01279598 -0.1951361 0.9806928 -0.01276105 -0.8928915 -0.450091 0.01279592 -0.8314238 0.5554915 0.0127663 -0.9807043 0.1950803 -0.5486427 -0.7465693 -0.3763317 0.01275044 -0.9807077 -0.1950637 -0.1928603 -0.3625403 -0.9117946 -0.1933782 0.01284152 -0.9810403 -0.1937488 0.01281327 -0.9809676 -0.01481902 0.01306837 -0.9998049 0.0147714 -0.1950043 -0.9806912 -0.01486694 -0.3705126 -0.9287085 -0.1897346 -0.3645882 -0.9116339 -0.547337 -0.3100954 -0.7773436 -0.5477751 -0.3093443 -0.7773344 -0.8260546 -0.2093555 -0.5232631 -0.8261277 -0.2084732 -0.5234998 -0.8257347 0.007350742 -0.5640107 -0.5442772 0.01092684 -0.8388344 -0.9803404 -0.07279753 -0.1833939 -0.9805389 0.002593696 -0.1963077 -0.9803597 -0.07298451 -0.1832164 -0.9805793 -0.1356921 -0.1416047 -0.9801795 -0.1394644 -0.1407055 -0.8266687 -0.3923571 -0.4033296 -0.9802752 0.002593934 -0.1976206 -0.9803482 0.07791495 -0.1812365 -0.980486 0.07735586 -0.1807297 -0.8255333 0.2223006 -0.5187265 -0.8267194 0.2222872 -0.5168401 -0.5487161 -0.5826573 -0.5995175 -0.5449786 0.3309895 -0.7703534 -0.8255683 0.007458627 -0.564253 -0.1913239 -0.6835651 -0.7043678 -0.5474446 0.3297746 -0.7691251 -0.1911464 -0.6866426 -0.7014164 -0.1907777 0.3882386 -0.9015957 -0.5466536 0.01098036 -0.837287 -0.1936272 0.3867188 -0.9016414 0 -0.4658427 -0.8848677 -0.01484262 0.3947003 -0.9186902 0 -0.629265 -0.7771909 -0.0148428 -0.6977095 -0.7162271 -0.9802606 -0.1817669 -0.07778161 -0.8248053 -0.3948258 -0.4047332 -0.9805957 0.1394959 -0.1377427 -0.8256185 -0.5182996 -0.2229797 -0.8267249 0.402184 -0.3934133 -0.8249166 0.405821 -0.3934743 -0.5471059 -0.584451 -0.5992432 -0.5475595 0.6000205 -0.5832273 -0.5468187 -0.7693174 -0.3303635 -0.5498895 0.5983543 -0.5827467 -0.1923257 -0.9012362 -0.3883097 -0.1903672 0.7032117 -0.6850209 -0.1903111 -0.9023536 -0.3867038 -0.1874563 0.703425 -0.6856045 0.0148071 -0.8313647 -0.55553 -0.014867 0.7162019 -0.6977348 -0.9807928 -0.1789006 -0.07771891 -0.9804223 -0.1968901 -0.002582788 -0.980034 -0.1988136 -0.002578437 -0.8260232 -0.5178056 -0.2226279 -0.9800501 0.1433452 -0.1376736 -0.9808237 0.1806269 -0.07320374 -0.8258756 0.5236321 -0.2091385 -0.5477037 -0.7688379 -0.3300138 -0.5471948 -0.8369338 -0.01094007 -0.8251114 -0.564922 -0.007381856 -0.01483148 -0.9186815 -0.3947206 0.01481181 -0.9806799 -0.1950581 -0.01482266 -0.9998044 -0.01309591 -0.1919823 -0.9813139 -0.01288276 -0.8264029 -0.5226492 0.2095143 -0.826726 -0.562556 -0.00740242 -0.9799928 -0.1851645 0.07299542 -0.980934 -0.1801123 0.07299375 -0.5477361 -0.8365793 -0.01096516 -0.5491508 -0.7761583 0.3098577 -0.1909797 -0.9119211 0.3632171 -0.1915784 -0.9813932 -0.01285338 0.01481735 -0.9806776 0.195069 -0.01481366 -0.9286951 0.3705485 -0.9802405 -0.1426987 0.1369884 -0.824365 -0.5262306 0.2085757 -0.8261845 -0.4027408 0.3939787 -0.5467739 -0.7776341 0.3103606 -0.5453807 -0.600438 0.584837 -0.1921462 -0.9113537 0.3640253 -0.1924207 -0.70284 0.6848287 0.01480621 -0.8313869 0.5554968 -0.01481842 -0.7162418 0.6976948 -0.9806556 -0.1392804 0.1375347 -0.980412 -0.0775029 0.1810684 -0.9803478 -0.07822579 0.181105 -0.8255265 -0.4051896 0.3928455 -0.5453565 -0.6013863 0.5838843 -0.5476256 -0.3305485 0.7686637 -0.8249022 -0.2233318 0.5192873 -0.1928206 -0.7026828 0.6848775 -0.1928083 -0.3877955 0.9013544 0.01484286 -0.5555076 0.8313791 -0.01481938 -0.3946535 0.9187105 -0.9802383 -0.002522289 0.1978042 -0.9805034 -0.002579033 0.1964854 -0.8262957 -0.007324516 0.563189 -0.8261342 -0.2219608 0.5179149 -0.5461418 -0.3301165 0.7699041 -0.5450673 -0.01103824 0.8383198 -0.1961117 -0.3865346 0.9011832 -0.1927727 -0.01297503 0.9811577 -0.1969552 -0.01294839 0.980327 0.01479518 -0.1950667 0.9806784 -0.9804157 0.07265925 0.183046 -0.9804363 0.07284361 0.1828623 -0.8250447 -0.007482707 0.5650181 -0.5479512 -0.01108592 0.8364369 -0.5489439 0.3098741 0.7762981 -0.8260546 0.2093555 0.5232631 -0.1894592 0.3631118 0.9122802 -0.1933172 0.3643286 0.9109848 -0.01479506 -0.01320755 0.9998033 0.0148186 0.1950603 0.9806793 -0.9800242 0.1400035 0.1412498 -0.9798018 0.186182 -0.0729711 -0.8273613 0.3918544 0.402397 -0.8262119 0.2084262 0.5233857 -0.8245074 0.3951383 0.405035 -0.5460258 0.3104119 0.778139 -0.01484215 0.3705695 0.9286862 0.01484286 0.5555076 0.8313791 -0.01483082 0.6977096 0.7162272 -0.9805673 0.1359202 0.141469 -0.9808854 0.1783428 0.07783234 -0.9803484 0.1812905 0.07778763 -0.8259243 0.5178873 0.2228041 -0.5454788 0.5851157 0.6000772 -0.5480094 0.5829135 0.5999147 -0.5468141 0.7693108 0.3303865 -0.1929334 0.686398 0.7011665 -0.1914304 0.9013956 0.388382 -0.192991 0.9018621 0.3865222 -0.1926147 0.6839731 0.7036195 0.01484221 0.831404 0.5554702 -0.9807994 0.1950026 0.002578258 -0.8257188 0.5182098 0.2228165 -0.5478325 0.7684613 0.3306766 -0.8254224 0.5644676 0.007373511 -0.5471014 0.8369951 0.01091861 -0.1923459 0.981243 0.01285642 -0.191339 0.9814402 0.01283359 -0.01483148 0.9186815 0.3947206 0.01482331 0.980677 0.1950718 -0.8261768 0.5633626 0.007381677 -0.9799746 0.1991059 0.002580165 -0.5479583 0.8364341 0.01094359 -0.5478364 0.776966 -0.3101599 -0.1924672 0.9112316 -0.3641612 -0.01481759 0.9998049 0.0130701 0.01482826 0.980679 -0.195061 -0.5480867 0.7768453 -0.3100203 -0.8251881 0.5248613 -0.208771 -0.1903979 0.9120525 -0.3631927 -0.01482677 0.9286953 -0.3705473 0.01479536 0.83138 -0.5555073 0.01481825 0.5555657 -0.8313406 0.01477098 0.1949977 -0.9806926 -0.19233 -0.09813278 -0.9764114 -0.2005164 -0.09840154 -0.974736 -0.1969107 -0.4644122 -0.8634511 -0.5458388 -0.3972285 -0.7377462 -0.5485251 -0.3949004 -0.7370033 -0.8256414 -0.2682061 -0.4963686 -0.8259474 -0.2656894 -0.4972124 -0.8261521 -0.05660843 -0.5605964 -0.5476076 -0.08388817 -0.8325195 -0.9804776 -0.09271353 -0.1734013 -0.9802447 -0.09387421 -0.1740919 -0.9804243 -0.01993328 -0.1958851 -0.9802405 -0.0196923 -0.1968274 -0.979965 -0.1554563 -0.1245067 -0.8256483 -0.4368815 -0.3569867 -0.9804235 0.05619025 -0.1887131 -0.8265225 0.1618596 -0.5391308 -0.8250364 0.1638202 -0.5408124 -0.8247922 -0.05641663 -0.5626145 -0.5461097 -0.6496823 -0.5288452 -0.5450736 0.2411135 -0.8029689 -0.550549 0.2410303 -0.7992498 -0.1892934 -0.4639545 -0.8653984 -0.546017 -0.08391267 -0.8335612 -0.1897398 -0.760442 -0.6210693 -0.1897557 0.2837035 -0.9399495 -0.1928315 0.2818307 -0.9398871 -0.01099473 0.288285 -0.9574816 0.0109654 0.195013 -0.9807394 -0.01097691 -0.1001033 -0.9949165 0 -0.1476506 -0.9890396 0 -0.3381019 -0.9411095 -0.01099449 -0.473393 -0.8807829 0.01098859 -0.555589 -0.8313845 -0.01097697 -0.7743318 -0.6326845 -0.9807704 -0.1500016 -0.1248557 -0.9806799 -0.1872053 -0.05675548 -0.9802249 -0.1895298 -0.05690097 -0.9802267 0.05780565 -0.1892465 -0.9801232 0.1265311 -0.1528022 -0.9803978 0.1242484 -0.1529141 -0.8255965 0.3564761 -0.4373959 -0.8257377 -0.4365969 -0.3571282 -0.5485996 -0.6474968 -0.5289485 -0.8262359 0.3562668 -0.436358 -0.5475245 -0.8013263 -0.241025 -0.5481163 0.5291233 -0.6477631 -0.8258188 -0.540091 -0.1622495 -0.547034 0.5302309 -0.6477724 -0.1913563 -0.7600438 -0.6210606 -0.1900542 -0.940249 -0.2825087 -0.1897592 0.6213685 -0.7601925 -0.1903793 0.6210114 -0.7603292 -0.01103121 0.6326237 -0.7743809 0.0109561 -0.8314111 -0.5555499 -0.01099908 -0.9575068 -0.2882008 -0.9798077 -0.1989657 0.01973801 -0.9800173 0.1755936 -0.09345036 -0.980912 0.1705933 -0.09332591 -0.8258595 0.4965268 -0.2672405 -0.8260939 -0.5606842 0.05658882 -0.8254464 -0.5405296 -0.1626839 -0.8243955 -0.5631868 0.05650234 -0.9808343 -0.1938408 0.01975035 -0.9800449 -0.1755009 0.09333598 -0.8267042 -0.4950956 0.2672839 -0.5479974 -0.8322577 0.08394008 -0.5481145 -0.8322011 0.08373683 -0.5486626 -0.7363691 0.3958916 -0.5481281 -0.8008521 -0.2412292 -0.1913626 -0.9766041 0.09810668 -0.1920292 -0.9764197 0.09863728 -0.1912254 -0.8649984 0.4639081 -0.1925106 -0.9395014 -0.2833322 -0.01098793 -0.9949094 0.1001732 0.01098304 -0.9807308 0.1950556 -0.01098871 -0.8808485 0.4732708 -0.9806139 -0.1722142 0.09348088 -0.9805592 -0.1229339 0.1529412 -0.980007 -0.1279125 0.1523967 -0.8241171 -0.4994074 0.2672517 -0.5491292 -0.7359079 0.396102 -0.5470879 -0.5293723 0.6484288 -0.8256771 -0.3579196 0.4360629 -0.1926558 -0.863948 0.4652717 -0.1936273 -0.6217288 0.7589215 0.01101231 -0.8314313 0.5555185 -0.01098936 -0.6326254 0.7743801 -0.9803217 -0.05755722 0.1888298 -0.8253734 -0.1622333 0.5407766 -0.8259042 -0.3561934 0.4370452 -0.5470431 -0.5302397 0.6477575 -0.5449892 -0.2415615 0.8028916 -0.191192 -0.619982 0.7609651 -0.1933854 -0.2833464 0.9393173 0.01101297 -0.5555372 0.8314189 -0.01096469 -0.2882165 0.9575026 0.01099449 -0.980733 -0.1950435 -0.9804232 -0.05619025 0.188714 -0.9802655 0.01968002 0.1967034 -0.9806815 0.0198031 0.1946064 -0.8265737 -0.1630592 0.5386908 -0.5484762 -0.2406692 0.8007823 -0.5471845 0.08380144 0.8328064 -0.8261589 0.05660891 0.5605862 -0.1933831 -0.2823219 0.9396262 -0.1927888 0.0984447 0.9762896 0.01098889 -0.1950717 0.9807274 -0.01094114 0.100314 0.9948958 -0.9804737 0.09333163 0.1730914 -0.8258389 0.266419 0.4970023 -0.8257051 0.05616444 0.5612991 -0.5433833 0.0843181 0.8352396 -0.5483224 0.3956965 0.7367272 -0.1963423 0.09817117 0.9756086 -0.1909587 0.4634184 0.8653198 -0.1897539 0.4650832 0.8646914 0.01094126 0.1950787 0.9807266 -0.9803619 0.09260725 0.1741102 -0.9801698 0.1536377 0.1251506 -0.9801859 0.153832 0.1247857 -0.9809335 0.1858553 0.05681037 -0.979896 0.1912473 0.05681985 -0.980793 0.1940484 -0.01976251 -0.8269524 0.4346308 0.3567153 -0.8244457 0.4388179 0.357391 -0.548767 0.6468284 0.5295922 -0.5485996 0.6474968 0.5289485 -0.5475062 0.8012846 0.2412058 -0.825109 0.5411186 0.1624377 -0.1912115 0.7611333 0.6197696 -0.1912931 0.9397505 0.2833304 -0.1904461 0.9401535 0.2825628 -0.8255552 0.5403371 0.1627715 -0.5484806 0.8006504 0.241098 -0.548658 0.8318287 -0.08387839 -0.1908209 0.9766775 -0.09843009 -0.1915872 0.9765366 -0.09834027 -0.1909726 0.7601825 0.6210088 -0.01099497 0.7743536 0.6326577 0.01100647 0.8314258 0.5555268 -0.01098942 0.9575141 0.2881772 0.01097726 0.9807241 0.195089 -0.9798027 0.1989897 -0.01974135 -0.8260933 0.5606837 -0.05660194 -0.8249028 0.2682596 0.4975662 -0.5474604 0.8326252 -0.08380138 -0.8246996 0.5627473 -0.05644714 -0.5480859 0.7367022 -0.3960705 -0.192873 0.8642197 -0.4646767 -0.548772 0.3957782 0.7363484 -0.01101356 0.4731785 0.8808978 -0.01100176 0.9949099 -0.100166 0.01099419 0.9807282 -0.1950677 -0.8247248 0.4986267 -0.266834 -0.5478282 0.73667 -0.3964867 -0.1912207 0.8651343 -0.4636564 -0.0109784 0.8808099 -0.4733431 0.01101297 0.555535 0.8314202 0.01097065 0.555594 -0.8313815 0.01098906 0.8314107 -0.5555497 -0.1936896 -0.5998902 -0.7762835 -0.1886608 -0.6024338 -0.775552 -0.1927928 -0.2576751 -0.9468023 -0.008690834 -0.2629945 -0.9647583 0.008672535 -0.5556017 -0.8314034 -0.008667409 -0.6121418 -0.7907006 -0.5461665 -0.5124987 -0.6626064 -0.5499284 -0.5112632 -0.6604459 -0.5482743 -0.2203479 -0.8067479 -0.8250334 -0.347083 -0.44593 -0.8251081 -0.3453773 -0.4471144 -0.8250337 -0.1490345 -0.5450763 -0.9806031 -0.118449 -0.1561651 -0.9804145 -0.05134576 -0.1901348 -0.9800871 -0.1237384 -0.1553002 -0.9808111 -0.1686375 -0.09783095 -0.9802888 -0.1716921 -0.09775412 -0.8263446 -0.4886881 -0.2798905 -0.9805597 -0.05196964 -0.1892135 -0.9804223 0.02510112 -0.1952998 -0.9804001 0.02446156 -0.1954929 -0.8264455 0.07099848 -0.5585225 -0.8249411 0.07151705 -0.5606761 -0.5451598 -0.7281373 -0.4154721 -0.550711 0.1053115 -0.828026 -0.8261688 -0.1478835 -0.5436688 -0.543391 0.1058675 -0.8327775 -0.5466392 -0.2198747 -0.8079856 -0.1905515 0.1239093 -0.9738258 -0.1931071 -0.8522712 -0.4861516 -0.1933274 0.1235986 -0.973318 -0.1892119 -0.2587489 -0.9472318 -0.008690834 0.1261072 -0.9919786 0 -0.7311627 -0.6822032 0 -0.8503859 -0.5261594 -0.008679032 -0.8681674 -0.4961957 -0.9800683 -0.1970977 -0.02487391 -0.8255195 -0.4901262 -0.279811 -0.9804229 0.09674048 -0.1715006 -0.8262847 -0.5587236 -0.07128542 -0.825928 0.2796965 -0.4895027 -0.8259626 0.2803726 -0.4890574 -0.5480567 -0.7257542 -0.4158301 -0.5474734 0.4150686 -0.7266298 -0.5470348 -0.8304384 -0.1054764 -0.1929576 -0.8516114 -0.487366 -0.5500782 0.4139572 -0.7252954 -0.1923761 -0.9734695 -0.1238892 -0.1869604 0.4884346 -0.8523366 -0.1918395 -0.9735973 -0.1237173 0.008691012 -0.9807463 -0.1950934 -0.1928953 0.4859478 -0.8524355 -0.008690893 0.4962323 -0.8681463 -0.9807544 -0.1936548 -0.02487188 -0.9807266 -0.1883592 0.05192482 -0.9802179 -0.1910219 0.05180221 -0.9803292 0.09863591 -0.1709553 -0.8246551 -0.5611447 -0.07113909 -0.9806589 0.1537144 -0.1211611 -0.8268083 0.4441691 -0.3451115 -0.5471835 -0.8303381 -0.1054942 -0.5480189 -0.8069958 0.2200757 -0.8246291 -0.5458917 0.1482875 -0.1930213 -0.946547 0.2584408 -0.1916133 -0.9469047 0.258178 -0.008690714 -0.991967 -0.1261985 0.008690834 -0.9807482 0.195083 -0.8255856 -0.4455847 0.3462123 -0.8262746 -0.5433555 0.148443 -0.9808072 -0.1531299 0.1207004 -0.5471857 -0.8075961 0.2199464 -0.5476136 -0.660913 0.5131407 -0.1918666 -0.7755346 0.6014426 -0.1916454 -0.7758848 0.6010614 -0.008690953 -0.9647475 0.2630341 0.008709013 -0.8314206 0.5555753 -0.9802508 -0.09883272 0.1712912 -0.9798302 -0.1592162 0.120761 -0.8261385 -0.4461526 0.3441554 -0.8264055 -0.27935 0.4888944 -0.5468198 -0.6625291 0.5119017 -0.5483126 -0.4150172 0.7260262 -0.1928908 -0.4859365 0.8524429 -0.19147 -0.4879696 0.8516014 -0.00869137 -0.7906289 0.612234 0.008666515 -0.5556058 0.8314008 -0.9804583 -0.09665423 0.1713467 -0.9804056 -0.02421945 0.1954949 -0.9804725 -0.02518951 0.1950366 -0.8253591 -0.2808118 0.4898235 -0.5459365 -0.4159961 0.7272556 -0.5497758 -0.1052737 0.828652 -0.8224881 -0.07196772 0.564211 -0.1945089 -0.1235297 0.9730913 -0.1861977 -0.124287 0.9746196 -0.008666396 -0.4962738 0.8681229 0.008720993 -0.1950159 0.9807613 -0.9804091 0.05217033 0.189938 -0.8244818 0.1481902 0.5461405 -0.826093 -0.07106369 0.5590353 -0.5512281 -0.1054503 0.8276642 -0.5520206 0.2192186 0.8044977 -0.1856385 0.2580375 0.9481324 -0.1897782 0.2586193 0.9471539 -0.008667111 -0.1261102 0.9919784 0.008714795 0.1950064 0.9807633 -0.9803888 0.05182886 0.1901359 -0.980301 0.1205925 0.1564205 -0.9803234 0.1218037 0.1553387 -0.8248152 0.1496154 0.5452477 -0.5464819 0.2202284 0.8079958 -0.5465399 0.5126354 0.6621928 -0.8250387 0.3470852 0.445918 -0.1892346 0.6010376 0.7764949 -0.1933854 0.6006104 0.7758024 -0.008786439 0.2630556 0.9647407 0.008660554 0.5556038 0.8314022 -0.9808112 0.1686375 0.09783047 -0.9802154 0.1721284 0.09772276 -0.825986 0.4891902 0.2800719 -0.8269805 0.3439706 0.4447332 -0.8258755 0.4895712 0.2797318 -0.547477 0.5119751 0.6619294 -0.008691728 0.6120967 0.7907353 0.008703172 0.8314344 0.5555546 -0.008679449 0.8681501 0.496226 -0.8264373 0.5585012 0.07125985 -0.9805572 0.1946502 0.02487969 -0.5451598 0.7281373 0.4154721 -0.5495028 0.7249946 0.4152463 -0.5473645 0.8302245 0.1054492 -0.1931071 0.8522712 0.4861516 -0.1919298 0.9735568 0.1238967 -0.1910458 0.973777 0.1235316 0.008691012 0.9807474 0.1950876 -0.1929572 0.85144 0.4876653 -0.9806251 0.1889198 -0.05180501 -0.9802324 0.1962805 0.02487087 -0.9799585 0.1923311 -0.05186694 -0.8246554 0.5611448 0.0711354 -0.5486841 0.8293303 0.1056271 -0.824553 0.5459982 -0.1483183 -0.5478425 0.8071284 -0.2200285 -0.192019 0.9466399 -0.258847 -0.1900458 0.9474479 -0.2573422 -0.008690297 0.991967 0.1261984 0.008696973 0.9807467 -0.1950905 -0.8270248 0.542159 -0.1486399 -0.9802246 0.1571502 -0.1202644 -0.5479826 0.8070002 -0.2201496 -0.5508843 0.659933 -0.5108962 -0.1901938 0.7768743 -0.6002441 -0.192208 0.7751858 -0.6017833 -0.008690953 0.9647475 -0.2630341 0.008693635 0.8314586 -0.5555188 -0.8249375 0.4475523 -0.3452175 -0.5461852 0.6621561 -0.5130606 -0.008690834 0.7906544 -0.6122011 0.008666515 0.5556058 -0.8314008 0.008708775 0.1950101 -0.9807626 0.008643209 -0.1950111 -0.9807629 -0.1930296 -0.7906789 -0.5810047 -0.1919494 -0.9532558 -0.2333642 -0.1910896 -0.953593 -0.2326912 -0.5471543 -0.8130217 -0.1990428 -0.5474759 -0.8128492 -0.1988624 -0.5455404 -0.6763207 -0.4949507 -0.8254092 -0.5483753 -0.1341058 -0.8262962 -0.5470119 -0.1342118 -0.8248071 -0.4561145 -0.3341453 -0.9806412 -0.1901144 -0.0468977 -0.9801648 -0.1600672 -0.1168572 -0.9803218 -0.1591809 -0.1167504 -0.9801083 -0.1928727 -0.04677593 -0.9805659 -0.1938835 0.02999937 -0.9799115 -0.1971653 0.02999091 -0.8261454 -0.5568653 0.08593571 -0.9804404 -0.1017255 -0.1684893 -0.8255046 -0.2918718 -0.4830663 -0.8256802 -0.2931209 -0.4820088 -0.8263277 -0.4538339 -0.3334928 -0.5480228 -0.8267422 0.1271554 -0.5480744 -0.4344097 -0.7147747 -0.5480931 -0.4334669 -0.7153324 -0.1923003 -0.9698625 0.149625 -0.5476987 -0.6747115 -0.4947631 -0.1902205 -0.5105515 -0.8385425 -0.1915214 -0.9701276 0.1489033 -0.1914582 -0.508478 -0.83952 -0.1927549 -0.791884 -0.5794528 -0.005853712 -0.5188187 -0.8548642 0.005841672 -0.555609 -0.8314233 -0.005850791 -0.806429 -0.591302 0 -0.819147 -0.5735838 0 -0.9152477 -0.4028917 -0.005877733 -0.9713231 -0.2376907 0.005874276 -0.9807733 -0.1950621 -0.9806191 -0.1670061 0.1024465 -0.980263 -0.1692823 0.1021172 -0.8254597 -0.5578969 0.08583432 -0.9804044 -0.1023715 -0.1683077 -0.9804271 -0.03002309 -0.1945802 -0.9802585 -0.03001081 -0.1954291 -0.825928 -0.08546179 -0.5572606 -0.5483413 -0.8264854 0.1274511 -0.5474258 -0.7156335 0.4338133 -0.8250336 -0.4836281 0.2922731 -0.8261634 -0.08574283 -0.5568684 -0.5463789 -0.1274306 -0.8277871 -0.192942 -0.8385557 0.5095074 -0.5486183 -0.1273578 -0.8263159 -0.1895277 -0.8398681 0.5086264 -0.193377 -0.1492164 -0.9697112 -0.005863845 -0.9883421 0.1521371 -0.1926108 -0.1488821 -0.9699152 0.00587213 -0.980765 0.1951043 -0.005806148 -0.1520491 -0.9883559 -0.9802318 -0.1181002 0.1587389 -0.8260334 -0.4813407 0.2932237 -0.825204 -0.3335521 0.4558305 -0.9805589 0.0470668 -0.1904965 -0.9804272 0.04601806 -0.1914288 -0.9803861 0.1169888 -0.1586092 -0.825118 0.332366 -0.4568514 -0.8249446 0.3356671 -0.454746 -0.5480136 0.4952837 -0.6740735 -0.5464765 0.4940746 -0.6762054 -0.5456675 0.1994596 -0.8139182 -0.1913785 0.5815677 -0.7906665 -0.1892046 0.2332597 -0.95383 -0.195254 0.5790116 -0.7915943 -0.00582093 0.5912749 -0.8064491 0.005850672 0.555612 -0.8314212 -0.9804578 0.1161586 -0.1587756 -0.8261411 0.1340584 -0.5472835 -0.8254861 0.1342219 -0.5482312 -0.9802631 0.1692823 -0.1021168 -0.9804496 0.1681212 -0.1022448 -0.8263499 0.4808226 -0.293182 -0.8247261 0.4839017 -0.2926879 -0.5512939 0.1978884 -0.8105031 -0.5484142 0.7150799 -0.4334776 -0.5488057 0.7143232 -0.4342288 -0.1897923 0.233519 -0.9536498 -0.1904946 0.8397768 -0.5084159 -0.1924821 0.8385076 -0.5097603 -0.005898714 0.2376875 -0.9713239 -0.005846798 0.8548818 -0.51879 -0.9808654 0.1923627 -0.02999383 -0.8259924 0.557087 -0.08596992 -0.8242819 0.559639 -0.08581095 -0.548877 0.8261447 -0.1273546 -0.5478233 0.8268679 -0.1271976 -0.1919839 0.9700198 -0.1490098 -0.1909963 0.9701514 -0.149421 -0.005871534 0.988345 -0.1521182 -0.9799699 0.1968799 -0.02995365 -0.980641 0.1901143 0.04690349 -0.826447 0.5467931 0.1341745 -0.8244569 0.5498391 0.1339699 -0.5474272 0.8128965 0.1988033 -0.5484644 0.8121942 0.1988156 -0.190434 0.9536931 0.2328184 -0.1928423 0.9530858 0.2333225 -0.005872011 0.9713212 0.237699 0.005866169 0.8314235 -0.5556085 -0.9798208 0.1943141 0.04683279 -0.9801655 0.1600673 0.1168515 -0.9806973 0.156989 0.1165645 -0.8258117 0.4544432 0.333941 -0.826617 0.4539773 0.3325796 -0.5469295 0.6752202 0.4949201 -0.5468508 0.6756314 0.4944457 -0.1924173 0.7917492 0.5797489 -0.1876633 0.7915306 0.5816028 -0.005934953 0.8064212 0.5913118 0.005913853 0.1950213 -0.9807812 0.005901753 -0.1950116 -0.9807832 0.005863428 0.9807736 -0.1950609 -0.9802904 0.1021136 0.169126 -0.8253284 0.2921004 0.4832293 -0.8261948 0.2927364 0.4813603 -0.8249469 0.08601117 0.5586276 -0.5473545 0.1273301 0.8271579 -0.5486611 0.1269012 0.8263577 -0.5472779 0.4342029 0.7155101 -0.1913982 0.1498475 0.9700065 -0.1927902 0.1487635 0.9698977 -0.1918205 0.5088219 0.839229 -0.005862951 0.1521148 0.9883455 0.00583291 0.1951524 0.9807556 -0.9803735 0.1028996 0.1681653 -0.9805109 0.02982038 0.1941887 -0.9803946 0.03016716 0.1947215 -0.980407 -0.04724848 0.1912319 -0.9801222 -0.04637026 0.1929001 -0.826415 -0.1337245 0.5469517 -0.8248866 -0.1349468 0.5489549 -0.8241228 0.0858615 0.5598657 -0.5485137 0.4335826 0.7149398 -0.5488272 -0.198696 0.8119783 -0.5512833 -0.1978846 0.8105113 -0.1906703 0.5098151 0.8388882 -0.1933705 -0.2333461 0.952973 -0.005856513 0.5188083 0.8548706 -0.185624 -0.2334222 0.9544936 -0.005904614 -0.2377584 0.9713064 -0.9805316 -0.1152997 0.1589462 -0.8260659 -0.3334578 0.4543359 -0.5485153 -0.4938522 0.6747155 -0.5485965 -0.4944832 0.6741871 -0.1862055 -0.5809613 0.7923455 -0.1903499 -0.5798206 0.7921965 -0.005925774 -0.5912896 0.8064376 -0.00587809 -0.8548697 0.5188095 0.005872189 0.9807649 0.1951044 0.005865693 -0.1951481 0.9807563 0.005842149 0.5555096 0.8314896 0.005857706 0.8314854 0.5555158 -0.5488545 -0.7143746 0.4340827 0.005833208 -0.5555065 0.8314917 0.005865216 -0.8315034 0.5554887 -0.1933195 -0.9201266 -0.3405801 -0.1914225 -0.9807508 0.03854095 -0.1914365 -0.9807496 0.03850185 -0.5473814 -0.8362383 0.03285193 -0.547703 -0.8360297 0.03280216 -0.5482492 -0.7845474 -0.2896694 -0.825338 -0.5642052 0.02212989 -0.8260506 -0.5631588 0.02219742 -0.8247029 -0.5308433 -0.1951171 -0.9805979 -0.1958771 0.007748723 -0.9800035 -0.1988306 0.007724761 -0.9802877 -0.1854065 -0.06826734 -0.9808865 -0.18222 -0.06824743 -0.9798999 -0.1815726 0.08262956 -0.9799209 -0.1474392 -0.1342265 -0.9807268 -0.1428617 -0.1332877 -0.8248941 -0.415218 -0.3835932 -0.824695 -0.415614 -0.3835926 -0.8269426 -0.5102207 0.2363073 -0.8259773 -0.5286881 -0.1955778 -0.547692 -0.7597931 0.3503543 -0.5506514 -0.6131339 -0.5664361 -0.5451377 -0.6157062 -0.5689736 -0.5474004 -0.7852547 -0.2893579 -0.1921196 -0.8909897 0.4113726 -0.1932419 -0.7209411 -0.6655085 -0.1904361 -0.8917983 0.4104024 -0.1906501 -0.9211807 -0.3392328 -0.1893846 -0.7204043 -0.6671965 -0.01432859 -0.7342298 -0.6787499 0.0142799 -0.8314067 -0.5554808 -0.01429313 -0.9380918 -0.3460919 0 -0.9624602 -0.2714233 0 -0.9969169 -0.0784651 -0.01428639 -0.9991267 0.03926587 0.01428526 -0.9806873 0.1950603 -0.9807386 -0.1770559 0.08248066 -0.9801371 -0.1358021 0.1445307 -0.9802287 -0.08361405 -0.1793334 -0.9805543 -0.08122932 -0.178648 -0.8258739 -0.2354829 -0.5123284 -0.8238684 -0.5150365 0.2365974 -0.8246848 -0.3837552 0.415484 -0.5485389 -0.7593718 0.3499423 -0.8247613 -0.2375464 -0.5131673 -0.5493705 -0.5671101 0.6136597 -0.5467209 -0.3506771 -0.7603433 -0.5499604 -0.3495511 -0.7585234 -0.191066 -0.6659485 0.7211147 -0.1898342 -0.6662811 0.7211328 -0.01429301 -0.9080507 0.4186164 -0.1897076 -0.4119633 -0.8912335 0.01431578 -0.8314067 0.5554801 -0.1892879 -0.4101238 -0.8921708 -0.0142917 -0.4186737 -0.9080244 -0.9806521 -0.1317872 0.1447535 -0.9803355 -0.06795245 0.1852696 -0.9803007 -0.06903523 0.1850532 -0.8261801 -0.3823844 0.4137736 -0.9805219 -0.007603704 -0.1962627 -0.8246727 -0.02206683 -0.5651795 -0.8261561 -0.0221461 -0.5630059 -0.5486356 -0.03277349 -0.835419 -0.5461045 -0.03285145 -0.8370727 -0.9803658 -0.007887125 -0.1970299 -0.1893106 -0.03859919 -0.9811583 -0.1927745 -0.03834635 -0.9804936 -0.01428049 -0.03913891 -0.9991317 -0.9802644 0.06807386 -0.1856008 -0.8262272 0.195028 -0.5285004 -0.8249259 0.1957773 -0.5302534 -0.5522592 0.2883394 -0.7822214 -0.5434009 0.2904384 -0.78763 -0.189748 0.3404303 -0.9209251 -0.189225 0.3394919 -0.921379 -0.01434063 0.3459832 -0.9381312 -0.9802901 0.0681855 -0.1854242 -0.9803494 0.1337653 -0.1449895 -0.9803926 0.1335521 -0.1448941 -0.8265227 0.3814767 -0.4139274 -0.8266495 0.3821399 -0.4130614 -0.5473025 0.5681894 -0.6145086 -0.5470837 0.5681917 -0.6147013 -0.1913938 0.6670911 -0.7199708 -0.1905773 0.6663396 -0.7208827 -0.01431703 0.6787074 -0.7342693 -0.9807719 0.1768177 -0.0825957 -0.8269426 0.5102207 -0.2363073 -0.8239771 0.5152224 -0.2358125 -0.5470317 0.7601854 -0.3505347 -0.5478815 0.759754 -0.3501425 -0.1904339 0.8917883 -0.4104252 -0.1930111 0.8908203 -0.4113225 -0.01428008 0.9080508 -0.4186167 0.01424509 -0.5554627 -0.8314194 0.01429229 -0.1949965 -0.9806999 0.01430469 0.1950011 -0.9806988 -0.9800304 0.1809144 -0.08252638 -0.9803376 0.1971766 -0.007737278 -0.9806119 0.1958073 -0.00774002 -0.8267414 0.562145 -0.02217352 -0.825114 0.5645329 -0.02212727 -0.5472909 0.836299 -0.03281319 -0.5472185 0.8363457 -0.03283244 -0.1920186 0.9806362 -0.03849172 -0.1915341 0.9807291 -0.03854054 -0.01429641 0.9991265 -0.03926873 0.01429259 0.5554493 -0.8314277 -0.9799667 0.1871293 0.06817638 -0.9808869 0.1822201 0.06824177 -0.8264766 0.5280066 0.1953093 -0.8249268 0.5303101 0.19562 -0.5483283 0.7845294 0.2895682 -0.5487544 0.7844673 0.2889286 -0.1909506 0.9209123 0.3397919 -0.5477525 -0.5681973 0.6141002 -0.1912019 0.9207392 0.3401195 -0.01428538 0.9381077 0.3460488 0.01425594 0.8314073 -0.5554808 -0.8275948 -0.1934885 0.5269243 -0.9806529 0.1431328 0.1335405 -0.8251211 0.4142796 0.3841196 -0.1932383 0.7209277 0.6655241 -0.1929611 0.7198936 0.6667228 -0.01428061 0.7342331 0.6787474 -0.9801927 0.1459441 0.1338753 -0.9802379 0.08313798 0.1795046 -0.9804768 0.08218985 0.1786339 -0.8255462 0.2352855 0.5129468 -0.8250675 0.416085 0.3822789 -0.5467815 0.6148639 0.5683066 -0.8247612 0.2375464 0.5131674 -0.5493627 0.3501946 0.7586597 -0.548668 0.3499158 0.7592908 -0.5488868 0.6136264 0.5676143 -0.1932945 0.4116802 0.8905934 -0.1895966 0.4109001 0.8917478 -0.0143041 0.4186142 0.9080515 -0.9803909 0.007628977 0.196915 -0.8246706 0.02218735 0.5651781 -0.8261539 0.02226442 0.5630045 -0.5475404 0.03281468 0.8361357 -0.5486356 0.03277349 0.835419 0.01429188 0.9806853 -0.1950695 -0.1933781 0.0385245 0.9803677 -0.1927745 0.03834635 0.9804935 -0.01423257 0.03913897 0.9991324 -0.9804273 0.007874906 0.1967239 -0.8237056 -0.1963927 0.5319202 -0.5487987 -0.2883993 0.7846311 -0.189748 -0.3404302 0.9209251 -0.1897084 -0.3387702 0.9215452 -0.01430398 -0.3461151 0.9380831 0.0142799 0.8314069 0.5554806 0.01428675 0.9806872 0.1950607 0.01431602 0.5554946 0.8313969 -0.5468549 -0.2903988 0.7852504 -0.01429349 -0.6786549 0.7343183 0.01434057 0.1950017 0.9806981 0.01430428 -0.1949957 0.9806998 0.01424449 -0.5555124 0.8313863 -0.1914312 -0.9787883 -0.07299107 -0.1912921 -0.932317 0.3069077 -0.547724 -0.7944802 0.2622971 -0.5472431 -0.7949625 0.2618391 -0.547969 -0.8342005 -0.06196457 -0.8250767 -0.5366912 0.1766664 -0.8256802 -0.5356805 0.1769142 -0.8249924 -0.5635946 -0.04181927 -0.9806111 -0.1860051 0.06167733 -0.9799774 -0.1892914 0.06175202 -0.9803055 -0.1969473 -0.01459515 -0.9805692 -0.1956295 -0.01460176 -0.9804797 -0.1489091 0.1283965 -0.9803591 -0.149613 0.1284988 -0.825143 -0.4270646 0.369804 -0.98003 -0.1780195 -0.08860224 -0.9806644 -0.1744264 -0.08872932 -0.8264932 -0.5021395 -0.2544894 -0.8240497 -0.5063867 -0.2539977 -0.8255544 -0.5627685 -0.04185116 -0.5497681 -0.6326099 0.5454905 -0.5485675 -0.7466581 -0.3762651 -0.5489967 -0.7460451 -0.3768547 -0.1917968 -0.9321144 0.3072082 -0.5479621 -0.8342041 -0.06197744 -0.1898419 -0.8770301 -0.4413368 -0.1902801 -0.7442836 0.6401838 -0.1915509 -0.8761629 -0.4423199 -0.1911928 -0.9788617 -0.07263141 -0.01275992 -0.8929111 -0.4500522 0.0127626 -0.9807069 -0.195067 -0.01275849 -0.9971695 -0.07409733 0 -0.9981327 0.06108331 0 -0.967056 0.2545641 -0.01275998 -0.9496266 0.3131239 0.01276087 -0.831398 0.555531 -0.0127722 -0.7575227 0.6526839 -0.9803438 -0.08956956 0.1757936 -0.9803101 -0.129259 -0.1492793 -0.8257157 -0.3672525 -0.4281579 -0.8250634 -0.4286536 0.3681394 -0.8253952 -0.2534536 0.5044642 -0.8244258 -0.3704217 -0.4279133 -0.5489367 -0.5452272 -0.633558 -0.5482504 -0.6340311 0.545368 -0.5462304 -0.3763077 0.7483481 -0.190645 -0.7428179 0.6417757 -0.5483313 -0.5464662 -0.6330146 -0.1904174 -0.4419381 0.8766025 -0.1908333 -0.6411569 -0.7433038 -0.01276099 -0.4499866 0.8929442 -0.1911123 -0.6401336 -0.7441136 -0.01276093 -0.6526644 -0.7575398 -0.9804365 -0.08816176 0.1759878 -0.9802728 -0.01476091 0.197098 -0.8257581 -0.2545806 0.5033014 -0.9804688 -0.128775 -0.1486538 -0.8250229 -0.04156434 0.5635687 -0.9804056 -0.06201356 -0.1869738 -0.9802798 -0.06126743 -0.1878777 -0.8250186 0.04168462 -0.5635662 -0.824949 0.04193645 -0.5636492 -0.5496028 0.06187736 -0.8331314 -0.5486292 0.0620473 -0.8337603 -0.5490142 -0.261216 -0.7939456 -0.1861986 0.07308292 -0.9797903 -0.1915514 -0.3079962 -0.9319049 -0.19246 0.07248294 -0.9786243 -0.1899366 -0.3065018 -0.9327276 -0.0127843 0.07403337 -0.9971739 0.01273643 -0.1950033 -0.98072 -0.9801774 0.01485818 -0.1975644 -0.8258299 -0.1760616 -0.5357307 -0.8260548 -0.177147 -0.5350256 -0.9802007 0.08946275 -0.1766438 -0.826 0.2527197 -0.5038419 -0.5459694 -0.262701 -0.7955538 -0.8250943 0.2550253 -0.5041644 -0.5459632 0.3771488 -0.7481197 -0.5492604 0.3757545 -0.7464058 -0.1950864 0.442196 -0.8754451 -0.01278477 -0.3131138 -0.9496296 -0.1910296 0.4414082 -0.8767362 -0.01276051 0.4500437 -0.8929155 -0.9804297 0.088593 -0.1758092 -0.980068 0.1515366 -0.1284663 -0.9805373 0.1478587 -0.1291684 -0.8256924 0.4272813 -0.3683245 -0.8256677 0.4279837 -0.3675636 -0.5471325 0.6339191 -0.5466194 -0.5469442 0.6346793 -0.5459252 -0.1922383 0.7439946 -0.6399347 -0.1935476 0.7423745 -0.6414199 -0.0127241 0.7575096 -0.6527002 -0.9805633 0.1862197 -0.06178861 -0.8271421 0.5334537 -0.1768139 -0.8250742 0.5366896 -0.176683 -0.54668 0.7953382 -0.2618748 -0.5482749 0.7941961 -0.2620062 -0.1916269 0.9321882 -0.3070905 -0.1917968 0.9321141 -0.307209 -0.01275575 0.949612 -0.3131683 0.01276075 0.1950089 -0.9807186 -0.9803797 0.1872081 -0.0617156 -0.9802861 0.1970424 0.01460808 -0.9804201 0.1963747 0.01461249 -0.8266782 0.561115 0.04187154 -0.8242999 0.5646117 0.04175394 -0.5484355 0.833886 0.06207007 -0.5473973 0.8345738 0.06199204 -0.19131 0.9788387 0.07263183 -0.1916412 0.9787548 0.07288944 -0.01276355 0.9971676 0.07412141 0.0127359 0.5555813 -0.8313647 0.01273596 -0.5555756 -0.8313685 0.01273691 -0.8313983 -0.5555312 0.01273673 0.8313854 -0.5555503 -0.9798467 0.1790482 0.08855742 -0.9810311 0.1723825 0.08866912 -0.9804096 0.1281327 0.149596 -0.8268797 0.3663748 0.4266609 -0.8244315 0.3704243 0.4279001 -0.8244263 0.5058898 0.2537652 -0.5483893 0.5454735 0.6338202 -0.5483232 0.5464581 0.6330288 -0.5484437 0.7466954 0.3763716 -0.1914546 0.6412802 0.7430377 -0.1894236 0.8765486 0.4424718 -0.1923084 0.6398734 0.7440293 -0.01275992 0.6527335 0.7574803 0.0127604 0.8313919 0.5555401 -0.8252546 0.5041582 0.254518 -0.9801706 0.1301635 0.1494088 -0.9800671 0.06299012 0.1884166 -0.9804308 0.06103467 0.1871638 -0.8265875 0.1757145 0.5346751 -0.54917 0.7459126 0.3768644 -0.8259162 0.1780645 0.5349353 -0.5475829 0.262094 0.7946445 -0.5461032 0.2618303 0.7957488 -0.1913337 0.8767915 0.4411667 -0.192582 0.3074222 0.9318819 -0.01278406 0.8929222 0.4500297 -0.1951881 0.3068379 0.9315322 -0.01271259 0.3131057 0.9496333 -0.9803896 -0.01459199 0.1965287 -0.8261535 -0.04192346 0.5618833 -0.5496028 -0.06187736 0.8331314 -0.5460311 -0.06194269 0.8354719 -0.1939894 -0.07275599 0.978302 -0.1927717 -0.0726369 0.9785515 -0.01273626 -0.07417637 0.9971638 0.01277238 0.5555272 0.8314003 -0.5478356 -0.3771519 0.746748 -0.1921707 -0.4416662 0.8763569 0.01278436 0.1951412 0.9806919 0.0127654 0.9807076 -0.1950637 0.0127424 0.9807052 0.1950774 0.012784 -0.1951356 0.9806929 -0.1892545 -0.5733299 -0.7971673 -0.1897913 -0.2251446 -0.9556617 -0.1913357 -0.2249312 -0.9554039 -0.004788517 -0.2292098 -0.9733653 0.004839003 -0.5556057 -0.8314319 -0.004788577 -0.5841952 -0.8115991 -0.1934398 -0.5728795 -0.7964862 -0.548521 -0.4888181 -0.678367 -0.5485338 -0.4889259 -0.6782788 -0.8242917 -0.3323757 -0.4583334 -0.8272304 -0.326641 -0.4571604 -0.8246092 -0.1298354 -0.5506021 -0.5512127 -0.1913258 -0.8121325 -0.9804067 -0.1145426 -0.1602583 -0.9802433 -0.04521954 -0.1925573 -0.9803006 -0.11614 -0.1597569 -0.9801154 -0.1692569 -0.1035656 -0.8253915 -0.4793843 -0.2981938 -0.9804978 -0.04519325 -0.1912636 -0.9805691 0.03186845 -0.1935685 -0.9802595 0.03111934 -0.1952509 -0.8264673 0.09026259 -0.5557019 -0.8236985 0.09152203 -0.5595932 -0.5484914 -0.710883 -0.4402303 -0.5482836 0.1343624 -0.8254283 -0.8265623 -0.1285349 -0.5479725 -0.1932843 -0.834468 -0.5160468 -0.5486356 0.1343597 -0.8251949 -0.5469384 -0.1917145 -0.8149257 -0.1912831 0.1582897 -0.9686874 -0.1906546 0.1572846 -0.968975 0 -0.7187959 -0.6952211 -0.004812359 0.1607357 -0.9869858 0 -0.8410674 -0.5409304 -0.004812538 -0.8503422 -0.5262083 -0.9806203 -0.1663379 -0.1035163 -0.9808996 -0.1919151 -0.0316962 -0.9798402 -0.1972501 -0.03171122 -0.9804165 0.1028952 -0.1679175 -0.8251266 -0.4806815 -0.2968356 -0.8251414 0.2965446 -0.4808359 -0.826514 0.2969398 -0.4782274 -0.5478895 -0.7118836 -0.4393621 -0.5471627 0.4402411 -0.7118995 -0.5485531 -0.82519 -0.1347262 -0.8242326 -0.5589623 -0.0905649 -0.5472182 0.4407627 -0.7115339 -0.1910349 -0.8346184 -0.5166411 -0.1945099 0.5167673 -0.833737 -0.1917507 -0.9686955 -0.1576729 0.004812359 -0.9807739 -0.1950881 -0.191091 0.5157603 -0.8351501 -0.004818081 -0.9869848 -0.1607417 -0.004788637 0.5261579 -0.8503735 -0.9805157 -0.1911759 0.04517734 -0.9803526 0.1043347 -0.1674013 -0.9801676 0.1613931 -0.114995 -0.9805268 0.1590812 -0.1151543 -0.8256895 0.4572159 -0.3304401 -0.8259428 -0.5564044 -0.09073418 -0.8258652 -0.5488349 0.1293327 -0.9807908 -0.189768 0.04514062 -0.8254614 -0.5494378 0.1293509 -0.8256895 -0.4572159 0.3304401 -0.9806671 -0.1583456 0.1149729 -0.5476995 -0.8144015 0.1917691 -0.9800901 -0.161705 0.1152173 -0.5467931 -0.8150592 0.1915619 -0.547126 -0.6791909 0.4892371 -0.1914429 -0.9553799 0.2249425 -0.1923269 -0.9551543 0.2251462 -0.1919303 -0.7971566 0.5724545 -0.004794836 -0.9733676 0.2291997 0.00480175 -0.8314846 0.5555271 -0.004788339 -0.8115602 0.5842493 -0.9802755 -0.1045364 0.1677269 -0.8263924 -0.4567903 0.3292694 -0.8269363 -0.2951629 0.4785974 -0.5473068 -0.8260884 -0.1342881 -0.5470551 -0.6796179 0.4887233 -0.5455706 -0.4414697 0.7123603 -0.1929497 -0.7959177 0.5738341 -0.1933899 -0.5170131 0.8338453 0.0048123 -0.5555499 0.8314694 -0.004788696 -0.5261592 0.8503726 -0.9803046 -0.1033627 0.1682827 -0.9801725 -0.03189927 0.1955619 -0.9802793 -0.03162187 0.1950709 -0.8255426 -0.2970055 0.4798615 -0.5487498 -0.4395597 0.7110984 -0.5465849 -0.1346564 0.8265063 -0.8261261 -0.09094965 0.5560971 -0.1909134 -0.5158519 0.8351341 -0.1893735 -0.1575649 0.9691807 -0.1969415 -0.1579248 0.9676125 0.004857301 -0.1951565 0.9807602 -0.1916126 -0.9687005 -0.1578094 -0.9803844 0.04543977 0.1917857 -0.8254856 -0.09049385 0.5571216 -0.8259077 0.128755 0.548907 -0.5486356 -0.1343597 0.8251949 -0.5479069 0.191991 0.8142098 -0.1961668 0.2251321 0.9543764 -0.004788398 -0.1608008 0.9869753 0.004884064 0.1951485 0.9807616 -0.00483632 0.2292771 0.9733492 -0.9803946 0.04504776 0.1918258 -0.9805985 0.1139774 0.1594862 -0.8247233 0.1297972 0.5504401 -0.8259849 0.3289751 0.4577384 -0.5458298 0.1917141 0.8156688 -0.5471099 0.489279 0.6791737 -0.1892076 0.2249159 0.9558313 -0.1911447 0.5733469 0.7967039 0.004806637 -0.9807716 0.1951002 0.004776477 0.555559 0.8314635 -0.004788756 0.5841572 0.8116264 -0.9804821 0.1143249 0.1599529 -0.9800379 0.169584 0.1037648 -0.8260213 0.3296507 0.4571864 -0.8260238 0.4790853 0.2969209 -0.8244298 0.4816593 0.2971864 -0.826675 0.5552942 0.09086757 -0.9806866 0.1930015 0.03168928 -0.9802778 0.1950703 0.03167176 -0.549922 0.7100021 0.439867 -0.5476768 0.7117641 0.4398205 -0.548883 0.8249763 0.1346913 -0.1913968 0.8346565 0.5164453 -0.1910324 0.8346074 0.5166597 -0.1912986 0.9688261 0.1574203 -0.004783749 0.8503513 0.5261935 0.004818558 0.9807709 0.195103 -0.004812777 0.9869859 0.1607354 -0.9805917 0.1908072 -0.04508441 -0.8242326 0.5589623 0.0905649 -0.8256736 0.5491076 -0.1293989 -0.9807304 0.165623 0.1036183 -0.824373 0.5510838 -0.1292899 -0.5476336 0.825878 0.1342503 -0.5472052 0.4893097 0.6790748 -0.1922659 0.9685316 0.1580519 -0.1915308 0.9553356 -0.2250553 -0.1906682 0.9556607 -0.224407 -0.5484422 0.8139107 -0.1917308 0.004800379 0.9807723 -0.1950968 -0.9807168 0.1901291 -0.04522836 -0.547773 0.8142895 -0.1920354 -0.547126 0.6791909 -0.4892371 -0.1912316 0.7972674 -0.572534 -0.004806399 0.9733733 -0.2291755 -0.1911684 0.5734475 0.7966259 0.004821538 0.8314629 -0.5555596 -0.0047881 0.8115889 -0.5842093 -0.5470551 0.6796179 -0.4887233 -0.8263919 0.45679 -0.329271 -0.1929505 0.795921 -0.5738293 0.004836261 0.8314785 0.555536 0.004836082 0.5556174 -0.831424 0.00482428 0.1950823 -0.9807751 0.00483638 -0.195091 -0.9807733 0 -0.1950823 0.9807869 0 -0.5555522 0.8314817 0 -0.1950771 0.9807879 0 -0.5555853 0.8314597 0 0.1950886 0.9807857 0 -0.831467 0.5555742 0 0.1950817 0.980787 0 -0.8314818 0.5555522 0 0.5555866 0.8314586 0 -0.9807896 0.195069 0 0.5555522 0.8314817 0 -0.9807899 0.1950674 0 0.8314818 0.5555522 0 -0.9807908 -0.1950628 0 0.831467 0.5555742 0 -0.9807932 -0.1950507 0 0.9807848 0.1950933 0 -0.8410079 -0.541023 0 0.9807833 0.1951007 0 -0.8410065 -0.5410253 0 0.9807869 -0.1950824 0 -0.7195312 -0.6944602 0 0.9807857 -0.1950887 0 -0.7195306 -0.6944608 0 0.8314596 -0.5555853 0 -0.5555522 -0.8314817 0 0.8314449 -0.5556074 0 -0.5555853 -0.8314597 0 0.5555853 -0.8314597 0 -0.1950766 -0.9807881 0 0.5555536 -0.8314808 0 -0.1950829 -0.9807869 0 0.1950875 -0.9807859 0 0.1950829 -0.9807868 0 -0.1950247 0.9807984 0 -0.1950132 0.9808006 0 0.195019 0.9807995 0 0.195008 0.9808017 0 0.5555853 0.8314597 0 -0.9807857 0.1950887 0 -0.9807875 0.1950795 0 0.8314942 0.5555335 0 -0.9807802 -0.1951162 0 0.8314808 0.5555536 0 -0.980782 -0.195107 0 0.9807875 0.1950795 0 -0.8410444 -0.5409662 0 0.9807857 0.1950887 0 -0.8410382 -0.5409758 0 0.980782 -0.195107 0 -0.7186124 -0.6954109 0 0.9807802 -0.1951162 0 -0.7186119 -0.6954115 0 0.8314512 -0.5555978 0 -0.5556516 -0.8314154 0 0.8314424 -0.555611 0 -0.5556681 -0.8314042 0 0.5556681 -0.8314042 0 -0.1949499 -0.9808133 0 0.5556516 -0.8314154 0 -0.1949557 -0.9808121 0 0.1949505 -0.9808132 0 0.1949442 -0.9808143 0 -0.1950881 0.9807858 0 -0.1950823 0.980787 0 0.1950823 0.9807869 0 -0.8314698 0.5555701 0 0.1950766 0.9807881 0 -0.9807833 0.1951007 0 -0.9807841 0.1950961 0 -0.9807851 -0.1950916 0 -0.9807869 -0.1950824 0 0.9807853 0.1950904 0 -0.8410258 -0.5409951 0 0.9807838 0.1950979 0 -0.8410228 -0.5409997 0 0.9807875 -0.1950795 0 -0.7193473 -0.6946506 0 0.9807862 -0.1950858 0 -0.7193634 -0.6946339 0 0.8314734 -0.5555646 0 0.8314573 -0.5555889 0 -0.1950823 -0.980787 0 0.5555522 -0.8314817 0 -0.1950881 -0.9807858 0 0.1950823 -0.9807869 0 0.1950766 -0.9807881 1 -2.06954e-4 0 1 0 0 1 1.5753e-5 0 1 -2.06922e-4 0 1 -1.81686e-5 0 1 7.26533e-5 0 1 8.5253e-6 0 1 -2.06932e-4 0 1 -2.06996e-4 0 1 7.26691e-5 0 1 -3.12896e-5 0 1 2.0674e-4 0 1 3.86309e-5 0 1 -2.06782e-4 0 1 5.17384e-5 0 1 -7.26744e-5 0 1 9.43752e-6 0 1 -4.2277e-5 0 1 -5.1717e-5 0 1 -2.90698e-4 0 1 -9.65922e-6 0 1 5.16956e-5 0 1 5.25607e-5 0 1 2.06911e-4 0 1 -1.55344e-4 0 1 1.55408e-4 0 1 -1.30497e-5 0 1 1.45328e-4 0 1 1.45349e-4 0 1 3.40994e-5 0 1 -7.26956e-5 0 1 3.40971e-5 0 1 -1.45328e-4 0 1 2.06954e-4 0 1 1.57307e-4 0 1 -7.26586e-5 0 1 3.41018e-5 0 1 -7.26639e-5 0 1 5.17598e-5 0 1 -1.4537e-4 0 1 -1.88756e-5 0 1 1.4537e-4 0 1 -5.17384e-5 0 1 2.069e-4 0 1 2.06996e-4 0 1 8.52515e-6 0 1 2.07039e-4 0 1 1.45307e-4 0 1 1.19743e-5 0 1 -7.26797e-5 0 1 -4.02244e-5 0 1 -1.0352e-4 0 1 5.8214e-5 0 1 -7.27061e-5 0 1 4.02253e-5 0 1 2.06922e-4 0 1 -3.41041e-5 0 1 7.27061e-5 0 1 2.41138e-5 0 1 9.08694e-5 0 1 -1.57319e-4 0 1 -5.17598e-5 0 1 1.81739e-5 0 1 -7.86534e-5 0 1 -1.81712e-5 0</float_array>
          <technique_common>
            <accessor source="#Mesh3_006-mesh-normals-array" count="2404" stride="3">
              <param name="X" type="float"/>
              <param name="Y" type="float"/>
              <param name="Z" type="float"/>
            </accessor>
          </technique_common>
        </source>
        <vertices id="Mesh3_006-mesh-vertices">
          <input semantic="POSITION" source="#Mesh3_006-mesh-positions"/>
        </vertices>
        <triangles material="Material_2_006-material" count="2594">
          <input semantic="VERTEX" source="#Mesh3_006-mesh-vertices" offset="0"/>
          <input semantic="NORMAL" source="#Mesh3_006-mesh-normals" offset="1"/>
          <p>0 0 1 0 2 0 2 1 4 1 0 1 0 2 4 2 8 2 0 3 8 3 13 3 20 4 0 4 13 4 28 5 0 5 20 5 2 6 7 6 4 6 7 7 11 7 4 7 12 8 4 8 11 8 7 9 17 9 11 9 17 10 25 10 11 10 26 11 11 11 25 11 17 12 34 12 25 12 25 13 34 13 43 13 43 14 49 14 25 14 25 15 49 15 44 15 34 16 17 16 33 16 7 17 16 17 17 17 49 18 50 18 44 18 44 19 50 19 35 19 44 20 35 20 26 20 6 21 7 21 2 21 26 22 35 22 18 22 25 23 44 23 26 23 26 24 18 24 12 24 11 25 26 25 12 25 12 26 18 26 8 26 1 27 3 27 2 27 4 28 12 28 8 28 20 29 38 29 28 29 8 30 18 30 27 30 28 31 38 31 29 31 8 32 27 32 19 32 5 33 28 33 29 33 16 34 33 34 17 34 16 35 32 35 33 35 50 36 49 36 61 36 7 37 6 37 16 37 61 38 70 38 50 38 16 39 6 39 15 39 70 40 62 40 50 40 50 41 62 41 51 41 50 42 51 42 35 42 3 43 6 43 2 43 35 44 51 44 45 44 3 45 10 45 6 45 35 46 45 46 18 46 5 47 3 47 1 47 18 48 45 48 36 48 9 49 3 49 5 49 29 50 22 50 5 50 36 51 27 51 18 51 14 52 5 52 22 52 27 53 36 53 37 53 16 54 15 54 32 54 24 55 32 55 15 55 24 56 42 56 32 56 62 57 70 57 74 57 15 58 6 58 10 58 74 59 63 59 62 59 10 60 3 60 9 60 21 61 10 61 9 61 10 62 21 62 24 62 24 63 15 63 10 63 24 64 21 64 39 64 39 65 46 65 24 65 9 66 23 66 21 66 23 67 40 67 21 67 23 68 9 68 14 68 14 69 31 69 23 69 41 70 23 70 31 70 31 71 14 71 30 71 5 72 14 72 9 72 47 73 31 73 30 73 48 74 31 74 47 74 46 75 39 75 54 75 46 76 42 76 24 76 58 77 46 77 54 77 40 78 39 78 21 78 40 79 23 79 41 79 55 80 40 80 41 80 54 81 40 81 55 81 48 82 41 82 31 82 48 83 56 83 41 83 59 84 41 84 56 84 47 85 60 85 48 85 66 86 58 86 54 86 58 87 66 87 72 87 54 88 39 88 40 88 66 89 54 89 55 89 55 90 41 90 59 90 67 91 55 91 59 91 69 92 59 92 56 92 73 93 59 93 69 93 56 94 48 94 60 94 68 95 56 95 60 95 22 96 30 96 14 96 79 97 72 97 66 97 66 98 55 98 67 98 78 99 66 99 67 99 67 100 59 100 73 100 80 101 67 101 73 101 82 102 73 102 69 102 85 103 73 103 82 103 69 104 56 104 68 104 68 105 81 105 69 105 78 106 79 106 66 106 78 107 90 107 79 107 67 108 80 108 78 108 91 109 78 109 80 109 73 110 85 110 80 110 92 111 80 111 85 111 82 112 89 112 85 112 95 113 85 113 89 113 82 114 69 114 81 114 93 115 82 115 81 115 70 116 83 116 74 116 91 117 90 117 78 117 91 118 96 118 90 118 97 119 90 119 96 119 92 120 91 120 80 120 95 121 92 121 85 121 87 122 92 122 95 122 92 123 87 123 96 123 91 124 92 124 96 124 89 125 82 125 93 125 93 126 88 126 89 126 89 127 88 127 77 127 77 128 84 128 89 128 96 129 87 129 86 129 96 130 94 130 97 130 96 131 86 131 94 131 95 132 84 132 87 132 84 133 75 133 87 133 71 134 84 134 77 134 84 135 95 135 89 135 77 136 88 136 76 136 65 137 77 137 76 137 86 138 83 138 94 138 86 139 87 139 75 139 74 140 86 140 75 140 75 141 63 141 74 141 75 142 84 142 71 142 77 143 65 143 71 143 57 144 71 144 65 144 71 145 57 145 63 145 76 146 64 146 65 146 53 147 65 147 64 147 74 148 83 148 86 148 63 149 75 149 71 149 57 150 51 150 63 150 65 151 53 151 57 151 45 152 57 152 53 152 52 153 53 153 64 153 36 154 53 154 52 154 51 155 57 155 45 155 51 156 62 156 63 156 36 157 45 157 53 157 52 158 37 158 36 158 19 159 13 159 8 159 19 160 27 160 37 160 98 161 99 161 100 161 100 162 102 162 98 162 98 163 102 163 105 163 98 164 105 164 110 164 118 165 98 165 110 165 126 166 98 166 118 166 100 167 104 167 102 167 104 168 108 168 102 168 109 169 102 169 108 169 104 170 115 170 108 170 115 171 123 171 108 171 124 172 108 172 123 172 115 173 131 173 123 173 123 174 131 174 138 174 138 175 146 175 123 175 123 176 146 176 139 176 115 177 114 177 131 177 130 178 131 178 114 178 104 179 114 179 115 179 152 180 139 180 146 180 139 181 152 181 140 181 139 182 140 182 124 182 107 183 104 183 100 183 124 184 140 184 125 184 123 185 139 185 124 185 124 186 125 186 109 186 108 187 124 187 109 187 109 188 125 188 116 188 99 189 101 189 100 189 116 190 105 190 109 190 100 191 101 191 103 191 102 192 109 192 105 192 105 193 116 193 117 193 118 194 134 194 126 194 126 195 134 195 119 195 101 196 126 196 119 196 114 197 122 197 130 197 122 198 137 198 130 198 104 199 107 199 114 199 158 200 152 200 146 200 164 201 152 201 158 201 152 202 164 202 153 202 152 203 153 203 140 203 103 204 107 204 100 204 140 205 153 205 141 205 103 206 113 206 107 206 122 207 107 207 113 207 101 208 106 208 103 208 140 209 141 209 125 209 112 210 103 210 106 210 125 211 141 211 133 211 119 212 111 212 101 212 116 213 125 213 133 213 116 214 133 214 132 214 129 215 137 215 122 215 145 216 137 216 129 216 129 217 122 217 113 217 158 218 171 218 164 218 114 219 107 219 122 219 164 220 171 220 176 220 176 221 165 221 164 221 177 222 165 222 176 222 165 223 177 223 166 223 166 224 154 224 165 224 154 225 153 225 165 225 154 226 166 226 160 226 148 227 154 227 160 227 141 228 154 228 148 228 148 229 133 229 141 229 148 230 160 230 159 230 147 231 148 231 159 231 171 232 182 232 176 232 176 233 182 233 188 233 193 234 188 234 182 234 188 235 193 235 194 235 195 236 188 236 194 236 195 237 189 237 188 237 188 238 189 238 177 238 176 239 188 239 177 239 153 240 154 240 141 240 153 241 164 241 165 241 178 242 177 242 189 242 177 243 178 243 166 243 166 244 178 244 173 244 173 245 160 245 166 245 133 246 148 246 147 246 160 247 173 247 172 247 191 248 195 248 194 248 195 249 191 249 192 249 192 250 189 250 195 250 187 251 189 251 192 251 178 252 189 252 187 252 178 253 187 253 184 253 173 254 178 254 184 254 184 255 183 255 173 255 194 256 190 256 191 256 191 257 190 257 179 257 191 258 179 258 180 258 192 259 191 259 180 259 192 260 180 260 181 260 187 261 192 261 181 261 187 262 181 262 175 262 175 263 184 263 187 263 184 264 175 264 185 264 147 265 132 265 133 265 172 266 159 266 160 266 179 267 190 267 186 267 186 268 168 268 179 268 179 269 168 269 167 269 179 270 167 270 169 270 169 271 180 271 179 271 180 272 169 272 170 272 170 273 181 273 180 273 181 274 170 274 175 274 175 275 170 275 163 275 175 276 163 276 174 276 173 277 183 277 172 277 117 278 116 278 132 278 117 279 110 279 105 279 168 280 155 280 167 280 167 281 155 281 156 281 167 282 156 282 169 282 169 283 157 283 170 283 169 284 156 284 157 284 170 285 157 285 163 285 163 286 157 286 151 286 163 287 151 287 161 287 155 288 168 288 162 288 150 289 155 289 162 289 142 290 155 290 150 290 155 291 142 291 143 291 155 292 143 292 156 292 156 293 143 293 144 293 156 294 144 294 157 294 157 295 144 295 151 295 136 296 151 296 144 296 151 297 136 297 149 297 142 298 150 298 129 298 129 299 127 299 142 299 143 300 142 300 127 300 128 301 143 301 127 301 143 302 128 302 144 302 144 303 128 303 136 303 136 304 128 304 121 304 136 305 121 305 135 305 145 306 129 306 150 306 112 307 128 307 127 307 128 308 112 308 121 308 161 309 151 309 149 309 161 310 174 310 163 310 113 311 103 311 112 311 113 312 127 312 129 312 127 313 113 313 112 313 106 314 121 314 112 314 121 315 106 315 120 315 106 316 101 316 111 316 185 317 183 317 184 317 185 318 175 318 174 318 135 319 149 319 136 319 135 320 121 320 120 320 111 321 120 321 106 321 196 322 197 322 198 322 197 323 196 323 199 323 199 324 202 324 197 324 202 325 203 325 197 325 197 326 203 326 200 326 203 327 202 327 212 327 203 328 212 328 213 328 203 329 213 329 207 329 212 330 228 330 213 330 238 331 213 331 228 331 230 332 213 332 238 332 213 333 230 333 221 333 212 334 211 334 228 334 211 335 237 335 228 335 212 336 202 336 211 336 230 337 239 337 221 337 221 338 239 338 222 338 222 339 207 339 221 339 213 340 221 340 207 340 199 341 206 341 202 341 207 342 222 342 209 342 209 343 200 343 207 343 199 344 196 344 201 344 203 345 207 345 200 345 200 346 209 346 204 346 205 347 199 347 201 347 204 348 198 348 200 348 197 349 200 349 198 349 198 350 204 350 208 350 215 351 198 351 208 351 223 352 198 352 215 352 215 353 232 353 223 353 223 354 232 354 225 354 201 355 223 355 225 355 225 356 218 356 201 356 210 357 201 357 218 357 211 358 229 358 237 358 211 359 202 359 206 359 239 360 230 360 245 360 220 361 211 361 206 361 252 362 239 362 245 362 252 363 253 363 239 363 239 364 253 364 240 364 206 365 199 365 205 365 239 366 240 366 222 366 217 367 206 367 205 367 222 368 240 368 224 368 201 369 210 369 205 369 222 370 224 370 209 370 219 371 205 371 210 371 209 372 224 372 216 372 218 373 226 373 210 373 216 374 204 374 209 374 227 375 210 375 226 375 204 376 216 376 214 376 220 377 229 377 211 377 234 378 229 378 220 378 244 379 229 379 234 379 206 380 217 380 220 380 253 381 252 381 263 381 253 382 263 382 254 382 253 383 254 383 240 383 240 384 241 384 224 384 240 385 254 385 241 385 224 386 241 386 233 386 216 387 224 387 233 387 216 388 233 388 231 388 269 389 263 389 252 389 269 390 276 390 263 390 263 391 276 391 277 391 277 392 264 392 263 392 254 393 263 393 264 393 255 394 254 394 264 394 254 395 255 395 241 395 241 396 255 396 247 396 233 397 241 397 247 397 233 398 247 398 246 398 277 399 276 399 287 399 277 400 287 400 278 400 278 401 264 401 277 401 264 402 278 402 265 402 265 403 255 403 264 403 255 404 265 404 259 404 259 405 247 405 255 405 247 406 259 406 258 406 287 407 276 407 291 407 287 408 291 408 292 408 293 409 287 409 292 409 293 410 288 410 287 410 287 411 288 411 278 411 279 412 278 412 288 412 278 413 279 413 265 413 265 414 279 414 271 414 271 415 259 415 265 415 259 416 271 416 270 416 214 417 208 417 204 417 214 418 216 418 231 418 284 419 293 419 292 419 293 420 284 420 285 420 246 421 231 421 233 421 285 422 288 422 293 422 286 423 288 423 285 423 286 424 279 424 288 424 279 425 286 425 283 425 271 426 279 426 283 426 283 427 282 427 271 427 246 428 247 428 258 428 289 429 284 429 292 429 284 430 289 430 272 430 272 431 273 431 284 431 284 432 273 432 274 432 285 433 284 433 274 433 285 434 274 434 275 434 205 435 219 435 217 435 286 436 285 436 275 436 286 437 275 437 281 437 281 438 283 438 286 438 210 439 227 439 219 439 283 440 281 440 290 440 270 441 258 441 259 441 272 442 260 442 273 442 273 443 260 443 261 443 281 444 275 444 268 444 281 445 268 445 280 445 260 446 272 446 266 446 266 447 251 447 260 447 251 448 248 448 260 448 260 449 248 449 249 449 260 450 249 450 261 450 261 451 274 451 273 451 274 452 261 452 262 452 261 453 249 453 250 453 262 454 275 454 274 454 261 455 250 455 262 455 262 456 250 456 257 456 268 457 262 457 257 457 275 458 262 458 268 458 268 459 257 459 267 459 234 460 248 460 251 460 248 461 234 461 235 461 248 462 235 462 249 462 249 463 235 463 236 463 249 464 236 464 250 464 250 465 236 465 243 465 243 466 257 466 250 466 271 467 282 467 270 467 257 468 243 468 256 468 244 469 234 469 251 469 235 470 234 470 217 470 235 471 219 471 236 471 236 472 219 472 227 472 243 473 236 473 227 473 243 474 227 474 242 474 290 475 281 475 280 475 290 476 282 476 283 476 220 477 217 477 234 477 219 478 235 478 217 478 267 479 280 479 268 479 267 480 257 480 256 480 242 481 256 481 243 481 242 482 227 482 226 482 294 483 295 483 296 483 295 484 294 484 297 484 297 485 300 485 295 485 295 486 300 486 301 486 295 487 301 487 298 487 301 488 300 488 309 488 310 489 301 489 309 489 301 490 310 490 305 490 327 491 310 491 309 491 310 492 327 492 318 492 327 493 309 493 335 493 309 494 325 494 335 494 309 495 300 495 308 495 327 496 337 496 318 496 337 497 338 497 318 497 338 498 328 498 318 498 318 499 328 499 311 499 311 500 305 500 318 500 310 501 318 501 305 501 297 502 304 502 300 502 305 503 311 503 302 503 302 504 298 504 305 504 299 505 297 505 294 505 301 506 305 506 298 506 298 507 302 507 296 507 303 508 297 508 299 508 295 509 298 509 296 509 306 510 296 510 302 510 296 511 306 511 312 511 320 512 296 512 312 512 330 513 296 513 320 513 320 514 340 514 330 514 330 515 340 515 322 515 299 516 330 516 322 516 322 517 315 517 299 517 307 518 299 518 315 518 309 519 308 519 325 519 308 520 326 520 325 520 338 521 344 521 328 521 308 522 300 522 304 522 345 523 328 523 344 523 317 524 308 524 304 524 328 525 345 525 329 525 304 526 297 526 303 526 328 527 329 527 311 527 314 528 304 528 303 528 311 529 329 529 313 529 299 530 307 530 303 530 311 531 313 531 302 531 316 532 303 532 307 532 315 533 323 533 307 533 302 534 313 534 306 534 324 535 307 535 323 535 306 536 313 536 321 536 306 537 321 537 319 537 317 538 326 538 308 538 317 539 336 539 326 539 356 540 345 540 344 540 304 541 314 541 317 541 356 542 357 542 345 542 317 543 314 543 332 543 332 544 336 544 317 544 336 545 332 545 349 545 333 546 332 546 314 546 348 547 332 547 333 547 316 548 333 548 314 548 333 549 316 549 334 549 350 550 333 550 334 550 303 551 316 551 314 551 334 552 316 552 324 552 343 553 334 553 324 553 351 554 334 554 343 554 307 555 324 555 316 555 343 556 324 556 342 556 342 557 354 557 343 557 355 558 343 558 354 558 332 559 348 559 349 559 360 560 349 560 348 560 348 561 333 561 350 561 361 562 348 562 350 562 350 563 334 563 351 563 362 564 350 564 351 564 343 565 355 565 351 565 363 566 351 566 355 566 366 567 355 567 354 567 367 568 355 568 366 568 348 569 361 569 360 569 371 570 360 570 361 570 377 571 360 571 371 571 361 572 350 572 362 572 362 573 351 573 363 573 372 574 362 574 363 574 362 575 372 575 371 575 367 576 363 576 355 576 373 577 363 577 367 577 366 578 378 578 367 578 379 579 367 579 378 579 342 580 324 580 323 580 371 581 384 581 377 581 385 582 371 582 372 582 371 583 361 583 362 583 363 584 373 584 372 584 386 585 372 585 373 585 379 586 373 586 367 586 383 587 373 587 379 587 389 588 379 588 378 588 388 589 379 589 389 589 385 590 384 590 371 590 385 591 390 591 384 591 384 592 390 592 391 592 386 593 385 593 372 593 383 594 386 594 373 594 383 595 382 595 386 595 386 596 382 596 390 596 379 597 388 597 383 597 376 598 383 598 388 598 370 599 383 599 376 599 389 600 387 600 388 600 390 601 380 601 391 601 345 602 357 602 346 602 345 603 346 603 329 603 329 604 331 604 313 604 329 605 346 605 331 605 313 606 331 606 321 606 341 607 321 607 331 607 321 608 341 608 339 608 357 609 356 609 368 609 368 610 358 610 357 610 346 611 357 611 358 611 347 612 346 612 358 612 346 613 347 613 331 613 331 614 347 614 341 614 341 615 347 615 353 615 341 616 353 616 352 616 356 617 374 617 368 617 368 618 374 618 380 618 368 619 380 619 381 619 368 620 381 620 369 620 369 621 358 621 368 621 358 622 369 622 359 622 359 623 347 623 358 623 347 624 359 624 353 624 365 625 353 625 359 625 353 626 365 626 364 626 381 627 382 627 369 627 370 628 369 628 382 628 369 629 370 629 359 629 359 630 370 630 365 630 352 631 339 631 341 631 319 632 321 632 339 632 319 633 312 633 306 633 390 634 385 634 386 634 390 635 382 635 381 635 390 636 381 636 380 636 376 637 365 637 370 637 365 638 376 638 375 638 352 639 353 639 364 639 375 640 364 640 365 640 383 641 370 641 382 641 388 642 387 642 376 642 376 643 387 643 375 643 392 644 393 644 394 644 395 645 393 645 392 645 398 646 395 646 392 646 398 647 401 647 395 647 401 648 397 648 395 648 397 649 401 649 406 649 397 650 406 650 407 650 397 651 407 651 399 651 397 652 399 652 393 652 407 653 406 653 421 653 422 654 407 654 421 654 407 655 422 655 410 655 430 656 421 656 406 656 420 657 430 657 406 657 406 658 401 658 414 658 416 659 410 659 422 659 410 660 416 660 403 660 403 661 399 661 410 661 407 662 410 662 399 662 398 663 408 663 401 663 399 664 403 664 396 664 396 665 393 665 399 665 395 666 397 666 393 666 398 667 392 667 402 667 409 668 398 668 402 668 393 669 396 669 394 669 400 670 394 670 396 670 394 671 400 671 404 671 412 672 394 672 404 672 418 673 394 673 412 673 412 674 428 674 418 674 418 675 428 675 431 675 402 676 418 676 431 676 431 677 425 677 402 677 415 678 402 678 425 678 406 679 414 679 420 679 424 680 420 680 414 680 420 681 424 681 438 681 414 682 401 682 408 682 416 683 422 683 434 683 434 684 435 684 416 684 416 685 435 685 417 685 408 686 398 686 409 686 416 687 417 687 403 687 423 688 408 688 409 688 403 689 417 689 405 689 408 690 423 690 424 690 403 691 405 691 396 691 402 692 415 692 409 692 426 693 409 693 415 693 425 694 432 694 415 694 396 695 405 695 400 695 433 696 415 696 432 696 400 697 405 697 413 697 400 698 413 698 411 698 424 699 444 699 438 699 424 700 414 700 408 700 424 701 423 701 439 701 435 702 434 702 447 702 447 703 455 703 435 703 455 704 448 704 435 704 448 705 455 705 460 705 460 706 449 706 448 706 436 707 448 707 449 707 437 708 436 708 449 708 436 709 437 709 419 709 417 710 436 710 419 710 419 711 437 711 429 711 429 712 413 712 419 712 429 713 437 713 443 713 429 714 443 714 442 714 442 715 427 715 429 715 455 716 466 716 460 716 435 717 448 717 436 717 435 718 436 718 417 718 460 719 466 719 472 719 460 720 472 720 473 720 460 721 473 721 461 721 461 722 449 722 460 722 417 723 419 723 405 723 449 724 461 724 450 724 450 725 437 725 449 725 405 726 419 726 413 726 413 727 429 727 427 727 437 728 450 728 443 728 457 729 443 729 450 729 443 730 457 730 456 730 484 731 473 731 472 731 484 732 474 732 473 732 473 733 474 733 461 733 462 734 461 734 474 734 461 735 462 735 450 735 450 736 462 736 457 736 468 737 457 737 462 737 457 738 468 738 467 738 484 739 472 739 488 739 487 740 484 740 488 740 484 741 487 741 485 741 485 742 474 742 484 742 480 743 474 743 485 743 480 744 462 744 474 744 462 745 480 745 475 745 468 746 462 746 475 746 475 747 481 747 468 747 442 748 443 748 456 748 489 749 487 749 488 749 487 750 489 750 476 750 477 751 487 751 476 751 487 752 477 752 478 752 485 753 487 753 478 753 485 754 478 754 479 754 480 755 485 755 479 755 480 756 479 756 475 756 475 757 479 757 483 757 475 758 483 758 486 758 411 759 413 759 427 759 411 760 404 760 400 760 467 761 456 761 457 761 476 762 463 762 477 762 477 763 463 763 464 763 464 764 478 764 477 764 463 765 453 765 464 765 464 766 453 766 454 766 464 767 454 767 465 767 465 768 479 768 478 768 465 769 454 769 459 769 459 770 471 770 465 770 471 771 483 771 479 771 471 772 459 772 470 772 470 773 482 773 471 773 476 774 469 774 463 774 452 775 463 775 469 775 452 776 451 776 463 776 439 777 451 777 452 777 451 778 439 778 440 778 451 779 440 779 453 779 463 780 451 780 453 780 478 781 464 781 465 781 453 782 440 782 441 782 453 783 441 783 454 783 479 784 465 784 471 784 454 785 441 785 446 785 459 786 454 786 446 786 483 787 471 787 482 787 459 788 446 788 458 788 439 789 444 789 424 789 452 790 444 790 439 790 440 791 439 791 423 791 426 792 440 792 423 792 440 793 426 793 441 793 441 794 426 794 433 794 433 795 446 795 441 795 446 796 433 796 445 796 468 797 481 797 467 797 433 798 426 798 415 798 470 799 459 799 458 799 409 800 426 800 423 800 486 801 483 801 482 801 486 802 481 802 475 802 445 803 458 803 446 803 445 804 433 804 432 804 490 805 491 805 492 805 493 806 491 806 490 806 493 807 490 807 496 807 496 808 499 808 493 808 493 809 499 809 495 809 495 810 499 810 505 810 506 811 495 811 505 811 495 812 506 812 500 812 495 813 500 813 491 813 506 814 505 814 518 814 506 815 518 815 529 815 529 816 519 816 506 816 506 817 519 817 513 817 505 818 512 818 518 818 512 819 528 819 518 819 519 820 530 820 513 820 530 821 526 821 513 821 513 822 526 822 510 822 510 823 500 823 513 823 505 824 499 824 512 824 506 825 513 825 500 825 496 826 508 826 499 826 500 827 510 827 498 827 498 828 491 828 500 828 501 829 496 829 490 829 493 830 495 830 491 830 491 831 498 831 494 831 507 832 496 832 501 832 494 833 492 833 491 833 492 834 494 834 497 834 503 835 492 835 497 835 509 836 492 836 503 836 503 837 516 837 509 837 509 838 516 838 525 838 501 839 509 839 525 839 525 840 521 840 501 840 514 841 501 841 521 841 528 842 512 842 533 842 530 843 541 843 526 843 526 844 541 844 527 844 512 845 499 845 508 845 523 846 512 846 508 846 508 847 496 847 507 847 526 848 527 848 510 848 520 849 508 849 507 849 510 850 527 850 511 850 510 851 511 851 498 851 501 852 514 852 507 852 498 853 511 853 504 853 522 854 507 854 514 854 494 855 498 855 504 855 494 856 504 856 502 856 521 857 531 857 514 857 532 858 514 858 531 858 523 859 533 859 512 859 537 860 533 860 523 860 544 861 533 861 537 861 546 862 541 862 530 862 541 863 546 863 554 863 541 864 554 864 547 864 541 865 547 865 535 865 541 866 535 866 527 866 527 867 517 867 511 867 527 868 535 868 517 868 511 869 517 869 504 869 524 870 504 870 517 870 504 871 524 871 515 871 554 872 559 872 547 872 547 873 559 873 560 873 560 874 548 874 547 874 535 875 547 875 548 875 536 876 535 876 548 876 535 877 536 877 517 877 517 878 536 878 524 878 524 879 536 879 540 879 524 880 540 880 534 880 560 881 559 881 571 881 560 882 571 882 572 882 560 883 572 883 561 883 561 884 548 884 560 884 548 885 561 885 549 885 549 886 536 886 548 886 536 887 549 887 540 887 553 888 540 888 549 888 540 889 553 889 545 889 583 890 572 890 571 890 583 891 573 891 572 891 572 892 573 892 561 892 562 893 561 893 573 893 561 894 562 894 549 894 549 895 562 895 553 895 567 896 553 896 562 896 553 897 567 897 558 897 534 898 515 898 524 898 502 899 504 899 515 899 502 900 497 900 494 900 583 901 571 901 586 901 585 902 583 902 586 902 583 903 585 903 584 903 584 904 573 904 583 904 574 905 573 905 584 905 574 906 562 906 573 906 562 907 574 907 567 907 567 908 574 908 578 908 578 909 570 909 567 909 534 910 540 910 545 910 558 911 545 911 553 911 587 912 585 912 586 912 585 913 587 913 579 913 575 914 585 914 579 914 585 915 575 915 576 915 584 916 585 916 576 916 508 917 520 917 523 917 584 918 576 918 577 918 574 919 584 919 577 919 507 920 522 920 520 920 574 921 577 921 578 921 578 922 577 922 581 922 578 923 581 923 582 923 567 924 570 924 558 924 566 925 575 925 579 925 564 926 576 926 575 926 575 927 563 927 564 927 563 928 551 928 564 928 564 929 551 929 552 929 564 930 552 930 565 930 565 931 577 931 576 931 565 932 552 932 556 932 556 933 569 933 565 933 569 934 581 934 577 934 569 935 556 935 568 935 568 936 580 936 569 936 566 937 563 937 575 937 550 938 563 938 566 938 550 939 544 939 537 939 557 940 550 940 566 940 550 941 537 941 538 941 550 942 538 942 551 942 563 943 550 943 551 943 576 944 564 944 565 944 551 945 538 945 539 945 577 946 565 946 569 946 551 947 539 947 552 947 552 948 539 948 543 948 556 949 552 949 543 949 581 950 569 950 580 950 556 951 543 951 555 951 550 952 557 952 544 952 538 953 537 953 520 953 538 954 522 954 539 954 539 955 522 955 532 955 532 956 543 956 539 956 543 957 532 957 542 957 523 958 520 958 537 958 522 959 538 959 520 959 532 960 522 960 514 960 568 961 556 961 555 961 542 962 555 962 543 962 582 963 581 963 580 963 582 964 570 964 578 964 542 965 532 965 531 965 588 966 589 966 590 966 589 967 588 967 591 967 591 968 594 968 589 968 594 969 595 969 589 969 589 970 595 970 592 970 595 971 594 971 604 971 595 972 604 972 605 972 595 973 605 973 599 973 604 974 621 974 605 974 622 975 605 975 621 975 605 976 622 976 613 976 604 977 620 977 621 977 604 978 594 978 603 978 622 979 632 979 613 979 632 980 636 980 613 980 636 981 633 981 613 981 613 982 633 982 614 982 614 983 599 983 613 983 605 984 613 984 599 984 591 985 598 985 594 985 599 986 614 986 601 986 601 987 592 987 599 987 591 988 588 988 593 988 595 989 599 989 592 989 592 990 601 990 596 990 597 991 591 991 593 991 596 992 590 992 592 992 589 993 592 993 590 993 590 994 596 994 600 994 607 995 590 995 600 995 616 996 590 996 607 996 607 997 624 997 616 997 616 998 624 998 618 998 593 999 616 999 618 999 618 1000 610 1000 593 1000 602 1001 593 1001 610 1001 604 1002 603 1002 620 1002 612 1003 620 1003 603 1003 612 1004 631 1004 620 1004 603 1005 594 1005 598 1005 633 1006 636 1006 638 1006 633 1007 638 1007 625 1007 598 1008 591 1008 597 1008 609 1009 598 1009 597 1009 598 1010 609 1010 612 1010 633 1011 625 1011 614 1011 614 1012 625 1012 608 1012 593 1013 602 1013 597 1013 614 1014 608 1014 601 1014 602 1015 611 1015 597 1015 617 1016 597 1016 611 1016 610 1017 619 1017 602 1017 601 1018 608 1018 596 1018 596 1019 608 1019 615 1019 596 1020 615 1020 606 1020 627 1021 631 1021 612 1021 627 1022 642 1022 631 1022 612 1023 609 1023 627 1023 612 1024 603 1024 598 1024 638 1025 636 1025 649 1025 651 1026 638 1026 649 1026 661 1027 651 1027 649 1027 651 1028 661 1028 663 1028 663 1029 652 1029 651 1029 639 1030 651 1030 652 1030 640 1031 639 1031 652 1031 639 1032 640 1032 626 1032 625 1033 639 1033 626 1033 626 1034 640 1034 634 1034 634 1035 615 1035 626 1035 634 1036 640 1036 646 1036 634 1037 646 1037 637 1037 637 1038 623 1038 634 1038 638 1039 639 1039 625 1039 638 1040 651 1040 639 1040 663 1041 661 1041 673 1041 663 1042 673 1042 683 1042 663 1043 683 1043 675 1043 663 1044 675 1044 664 1044 664 1045 652 1045 663 1045 625 1046 626 1046 608 1046 652 1047 664 1047 658 1047 658 1048 640 1048 652 1048 608 1049 626 1049 615 1049 640 1050 658 1050 653 1050 615 1051 634 1051 623 1051 653 1052 646 1052 640 1052 646 1053 653 1053 650 1053 684 1054 675 1054 683 1054 684 1055 676 1055 675 1055 675 1056 676 1056 664 1056 670 1057 664 1057 676 1057 664 1058 670 1058 658 1058 658 1059 670 1059 665 1059 665 1060 653 1060 658 1060 653 1061 665 1061 662 1061 684 1062 683 1062 685 1062 679 1063 684 1063 685 1063 684 1064 679 1064 680 1064 680 1065 676 1065 684 1065 682 1066 676 1066 680 1066 670 1067 676 1067 682 1067 670 1068 682 1068 677 1068 665 1069 670 1069 677 1069 677 1070 674 1070 665 1070 637 1071 646 1071 650 1071 685 1072 678 1072 679 1072 679 1073 678 1073 666 1073 679 1074 666 1074 667 1074 680 1075 679 1075 667 1075 680 1076 667 1076 669 1076 682 1077 680 1077 669 1077 682 1078 669 1078 672 1078 677 1079 682 1079 672 1079 677 1080 672 1080 681 1080 662 1081 650 1081 653 1081 606 1082 615 1082 623 1082 606 1083 600 1083 596 1083 665 1084 674 1084 662 1084 678 1085 671 1085 666 1085 671 1086 659 1086 666 1086 659 1087 654 1087 666 1087 666 1088 654 1088 655 1088 654 1089 659 1089 647 1089 654 1090 647 1090 641 1090 654 1091 641 1091 643 1091 654 1092 643 1092 655 1092 655 1093 667 1093 666 1093 667 1094 655 1094 660 1094 655 1095 643 1095 648 1095 660 1096 669 1096 667 1096 669 1097 660 1097 657 1097 655 1098 648 1098 660 1098 660 1099 648 1099 657 1099 657 1100 672 1100 669 1100 672 1101 657 1101 668 1101 657 1102 648 1102 645 1102 657 1103 645 1103 656 1103 627 1104 641 1104 647 1104 641 1105 627 1105 628 1105 641 1106 628 1106 643 1106 643 1107 628 1107 635 1107 643 1108 635 1108 648 1108 648 1109 635 1109 645 1109 630 1110 645 1110 635 1110 645 1111 630 1111 644 1111 642 1112 627 1112 647 1112 628 1113 627 1113 609 1113 617 1114 628 1114 609 1114 628 1115 617 1115 635 1115 635 1116 617 1116 630 1116 630 1117 617 1117 611 1117 630 1118 611 1118 629 1118 656 1119 668 1119 657 1119 681 1120 674 1120 677 1120 681 1121 672 1121 668 1121 611 1122 602 1122 619 1122 656 1123 645 1123 644 1123 629 1124 644 1124 630 1124 597 1125 617 1125 609 1125 629 1126 611 1126 619 1126 686 1127 687 1127 688 1127 688 1128 690 1128 686 1128 686 1129 690 1129 694 1129 686 1130 694 1130 699 1130 706 1131 686 1131 699 1131 715 1132 686 1132 706 1132 689 1133 688 1133 687 1133 689 1134 691 1134 688 1134 691 1135 693 1135 688 1135 691 1136 701 1136 693 1136 701 1137 703 1137 693 1137 697 1138 693 1138 703 1138 693 1139 697 1139 690 1139 718 1140 703 1140 701 1140 718 1141 711 1141 703 1141 701 1142 717 1142 718 1142 700 1143 717 1143 701 1143 726 1144 717 1144 700 1144 700 1145 701 1145 691 1145 711 1146 718 1146 728 1146 711 1147 728 1147 737 1147 737 1148 729 1148 711 1148 711 1149 729 1149 712 1149 711 1150 712 1150 697 1150 691 1151 689 1151 695 1151 697 1152 712 1152 704 1152 703 1153 711 1153 697 1153 689 1154 687 1154 692 1154 697 1155 704 1155 690 1155 696 1156 689 1156 692 1156 690 1157 704 1157 698 1157 690 1158 688 1158 693 1158 698 1159 694 1159 690 1159 706 1160 723 1160 715 1160 694 1161 698 1161 705 1161 715 1162 723 1162 719 1162 692 1163 715 1163 719 1163 716 1164 726 1164 700 1164 691 1165 695 1165 700 1165 742 1166 729 1166 737 1166 700 1167 695 1167 708 1167 729 1168 742 1168 730 1168 729 1169 730 1169 712 1169 696 1170 695 1170 689 1170 712 1171 730 1171 722 1171 696 1172 707 1172 695 1172 712 1173 722 1173 704 1173 692 1174 702 1174 696 1174 704 1175 722 1175 714 1175 710 1176 696 1176 702 1176 698 1177 704 1177 714 1177 719 1178 709 1178 692 1178 698 1179 714 1179 713 1179 700 1180 708 1180 716 1180 725 1181 716 1181 708 1181 716 1182 725 1182 733 1182 708 1183 695 1183 707 1183 737 1184 750 1184 742 1184 742 1185 750 1185 754 1185 754 1186 743 1186 742 1186 707 1187 696 1187 710 1187 724 1188 707 1188 710 1188 707 1189 724 1189 725 1189 702 1190 692 1190 709 1190 709 1191 720 1191 702 1191 727 1192 702 1192 720 1192 727 1193 721 1193 702 1193 725 1194 724 1194 739 1194 725 1195 708 1195 707 1195 725 1196 740 1196 733 1196 739 1197 740 1197 725 1197 710 1198 721 1198 724 1198 721 1199 735 1199 724 1199 736 1200 721 1200 727 1200 721 1201 710 1201 702 1201 734 1202 727 1202 720 1202 741 1203 727 1203 734 1203 752 1204 740 1204 739 1204 735 1205 739 1205 724 1205 748 1206 739 1206 735 1206 735 1207 721 1207 736 1207 747 1208 735 1208 736 1208 727 1209 741 1209 736 1209 749 1210 736 1210 741 1210 734 1211 746 1211 741 1211 753 1212 741 1212 746 1212 739 1213 748 1213 752 1213 752 1214 748 1214 759 1214 752 1215 759 1215 765 1215 748 1216 735 1216 747 1216 747 1217 736 1217 749 1217 760 1218 747 1218 749 1218 759 1219 747 1219 760 1219 753 1220 749 1220 741 1220 761 1221 749 1221 753 1221 758 1222 753 1222 746 1222 764 1223 753 1223 758 1223 765 1224 759 1224 772 1224 765 1225 772 1225 777 1225 772 1226 759 1226 760 1226 759 1227 748 1227 747 1227 760 1228 749 1228 761 1228 773 1229 760 1229 761 1229 753 1230 764 1230 761 1230 764 1231 774 1231 761 1231 776 1232 761 1232 774 1232 758 1233 771 1233 764 1233 772 1234 782 1234 777 1234 782 1235 783 1235 777 1235 760 1236 773 1236 772 1236 761 1237 776 1237 773 1237 780 1238 773 1238 776 1238 780 1239 782 1239 773 1239 775 1240 776 1240 774 1240 770 1241 776 1241 775 1241 774 1242 764 1242 771 1242 781 1243 774 1243 771 1243 783 1244 782 1244 778 1244 750 1245 762 1245 754 1245 779 1246 782 1246 780 1246 782 1247 772 1247 773 1247 780 1248 768 1248 779 1248 770 1249 780 1249 776 1249 775 1250 774 1250 781 1250 781 1251 769 1251 775 1251 775 1252 769 1252 763 1252 778 1253 782 1253 779 1253 779 1254 767 1254 778 1254 767 1255 766 1255 778 1255 779 1256 768 1256 767 1256 770 1257 768 1257 780 1257 770 1258 757 1258 768 1258 757 1259 755 1259 768 1259 757 1260 770 1260 763 1260 763 1261 751 1261 757 1261 745 1262 757 1262 751 1262 763 1263 770 1263 775 1263 763 1264 769 1264 756 1264 754 1265 766 1265 767 1265 767 1266 768 1266 755 1266 755 1267 757 1267 745 1267 755 1268 743 1268 754 1268 743 1269 755 1269 745 1269 751 1270 738 1270 745 1270 732 1271 745 1271 738 1271 751 1272 763 1272 756 1272 756 1273 744 1273 751 1273 754 1274 767 1274 755 1274 754 1275 762 1275 766 1275 745 1276 732 1276 743 1276 732 1277 730 1277 743 1277 714 1278 732 1278 738 1278 738 1279 751 1279 744 1279 731 1280 738 1280 744 1280 730 1281 732 1281 722 1281 730 1282 742 1282 743 1282 722 1283 732 1283 714 1283 714 1284 738 1284 731 1284 731 1285 713 1285 714 1285 705 1286 698 1286 713 1286 705 1287 699 1287 694 1287 784 1288 785 1288 786 1288 787 1289 785 1289 784 1289 787 1290 784 1290 790 1290 790 1291 793 1291 787 1291 787 1292 793 1292 789 1292 789 1293 793 1293 798 1293 799 1294 789 1294 798 1294 789 1295 799 1295 791 1295 789 1296 791 1296 785 1296 799 1297 798 1297 813 1297 799 1298 813 1298 822 1298 799 1299 822 1299 814 1299 802 1300 799 1300 814 1300 798 1301 812 1301 813 1301 798 1302 793 1302 806 1302 814 1303 808 1303 802 1303 802 1304 808 1304 795 1304 795 1305 791 1305 802 1305 799 1306 802 1306 791 1306 790 1307 801 1307 793 1307 791 1308 795 1308 788 1308 788 1309 785 1309 791 1309 794 1310 790 1310 784 1310 787 1311 789 1311 785 1311 800 1312 790 1312 794 1312 785 1313 788 1313 786 1313 792 1314 786 1314 788 1314 786 1315 792 1315 796 1315 804 1316 786 1316 796 1316 810 1317 786 1317 804 1317 804 1318 820 1318 810 1318 810 1319 820 1319 823 1319 794 1320 810 1320 823 1320 823 1321 816 1321 794 1321 807 1322 794 1322 816 1322 798 1323 806 1323 812 1323 818 1324 812 1324 806 1324 818 1325 830 1325 812 1325 826 1326 808 1326 814 1326 834 1327 808 1327 826 1327 827 1328 808 1328 834 1328 808 1329 827 1329 809 1329 806 1330 793 1330 801 1330 801 1331 790 1331 800 1331 808 1332 809 1332 795 1332 815 1333 801 1333 800 1333 795 1334 809 1334 797 1334 801 1335 815 1335 818 1335 795 1336 797 1336 788 1336 794 1337 807 1337 800 1337 817 1338 800 1338 807 1338 788 1339 797 1339 792 1339 792 1340 797 1340 805 1340 792 1341 805 1341 803 1341 816 1342 824 1342 807 1342 825 1343 807 1343 824 1343 818 1344 837 1344 830 1344 840 1345 827 1345 834 1345 840 1346 841 1346 827 1346 827 1347 841 1347 828 1347 818 1348 815 1348 831 1348 818 1349 806 1349 801 1349 832 1350 831 1350 815 1350 831 1351 837 1351 818 1351 837 1352 831 1352 845 1352 844 1353 831 1353 832 1353 817 1354 832 1354 815 1354 832 1355 817 1355 833 1355 846 1356 832 1356 833 1356 800 1357 817 1357 815 1357 833 1358 817 1358 825 1358 839 1359 833 1359 825 1359 847 1360 833 1360 839 1360 807 1361 825 1361 817 1361 839 1362 825 1362 838 1362 838 1363 850 1363 839 1363 851 1364 839 1364 850 1364 831 1365 844 1365 845 1365 856 1366 845 1366 844 1366 861 1367 845 1367 856 1367 844 1368 832 1368 846 1368 846 1369 833 1369 847 1369 857 1370 846 1370 847 1370 856 1371 846 1371 857 1371 839 1372 851 1372 847 1372 858 1373 847 1373 851 1373 862 1374 851 1374 850 1374 863 1375 851 1375 862 1375 868 1376 861 1376 856 1376 869 1377 856 1377 857 1377 856 1378 844 1378 846 1378 857 1379 847 1379 858 1379 870 1380 857 1380 858 1380 863 1381 858 1381 851 1381 871 1382 858 1382 863 1382 862 1383 874 1383 863 1383 875 1384 863 1384 874 1384 838 1385 825 1385 824 1385 868 1386 856 1386 869 1386 879 1387 868 1387 869 1387 868 1388 879 1388 881 1388 857 1389 870 1389 869 1389 858 1390 871 1390 870 1390 878 1391 870 1391 871 1391 878 1392 879 1392 870 1392 863 1393 875 1393 871 1393 867 1394 871 1394 875 1394 880 1395 875 1395 874 1395 873 1396 875 1396 880 1396 881 1397 879 1397 876 1397 877 1398 879 1398 878 1398 879 1399 869 1399 870 1399 867 1400 878 1400 871 1400 867 1401 866 1401 878 1401 873 1402 867 1402 875 1402 860 1403 867 1403 873 1403 855 1404 867 1404 860 1404 880 1405 872 1405 873 1405 879 1406 877 1406 876 1406 877 1407 865 1407 876 1407 865 1408 864 1408 876 1408 853 1409 864 1409 865 1409 853 1410 852 1410 864 1410 841 1411 852 1411 853 1411 877 1412 866 1412 865 1412 865 1413 866 1413 854 1413 855 1414 854 1414 866 1414 854 1415 855 1415 843 1415 842 1416 854 1416 843 1416 854 1417 842 1417 853 1417 843 1418 855 1418 849 1418 849 1419 836 1419 843 1419 829 1420 843 1420 836 1420 853 1421 865 1421 854 1421 843 1422 829 1422 842 1422 829 1423 828 1423 842 1423 821 1424 829 1424 836 1424 811 1425 829 1425 821 1425 860 1426 849 1426 855 1426 849 1427 860 1427 859 1427 859 1428 848 1428 849 1428 836 1429 849 1429 848 1429 835 1430 836 1430 848 1430 840 1431 852 1431 841 1431 853 1432 842 1432 841 1432 878 1433 866 1433 877 1433 828 1434 829 1434 811 1434 828 1435 841 1435 842 1435 809 1436 828 1436 811 1436 821 1437 805 1437 811 1437 867 1438 855 1438 866 1438 873 1439 872 1439 860 1439 821 1440 836 1440 835 1440 835 1441 819 1441 821 1441 827 1442 828 1442 809 1442 809 1443 811 1443 797 1443 797 1444 811 1444 805 1444 805 1445 821 1445 819 1445 860 1446 872 1446 859 1446 803 1447 796 1447 792 1447 803 1448 805 1448 819 1448 882 1449 883 1449 884 1449 884 1450 886 1450 882 1450 882 1451 886 1451 890 1451 882 1452 890 1452 895 1452 903 1453 882 1453 895 1453 912 1454 882 1454 903 1454 884 1455 889 1455 886 1455 889 1456 893 1456 886 1456 894 1457 886 1457 893 1457 889 1458 900 1458 893 1458 900 1459 909 1459 893 1459 910 1460 893 1460 909 1460 916 1461 909 1461 900 1461 909 1462 916 1462 926 1462 900 1463 915 1463 916 1463 915 1464 900 1464 899 1464 915 1465 899 1465 924 1465 900 1466 889 1466 899 1466 926 1467 916 1467 931 1467 926 1468 931 1468 939 1468 939 1469 940 1469 926 1469 926 1470 940 1470 927 1470 926 1471 927 1471 910 1471 884 1472 888 1472 889 1472 910 1473 927 1473 911 1473 909 1474 926 1474 910 1474 910 1475 911 1475 894 1475 893 1476 910 1476 894 1476 894 1477 911 1477 901 1477 884 1478 883 1478 885 1478 901 1479 890 1479 894 1479 886 1480 894 1480 890 1480 890 1481 901 1481 902 1481 903 1482 919 1482 912 1482 912 1483 919 1483 904 1483 887 1484 912 1484 904 1484 899 1485 914 1485 924 1485 889 1486 888 1486 899 1486 950 1487 940 1487 939 1487 899 1488 888 1488 898 1488 940 1489 950 1489 941 1489 940 1490 941 1490 927 1490 885 1491 888 1491 884 1491 927 1492 941 1492 928 1492 885 1493 892 1493 888 1493 887 1494 885 1494 883 1494 927 1495 928 1495 911 1495 887 1496 891 1496 885 1496 911 1497 928 1497 918 1497 897 1498 885 1498 891 1498 904 1499 896 1499 887 1499 901 1500 911 1500 918 1500 901 1501 918 1501 917 1501 899 1502 898 1502 914 1502 908 1503 914 1503 898 1503 925 1504 914 1504 908 1504 939 1505 955 1505 950 1505 898 1506 888 1506 892 1506 950 1507 955 1507 964 1507 964 1508 951 1508 950 1508 892 1509 885 1509 897 1509 907 1510 892 1510 897 1510 892 1511 907 1511 908 1511 891 1512 906 1512 897 1512 913 1513 897 1513 906 1513 891 1514 887 1514 896 1514 896 1515 905 1515 891 1515 908 1516 907 1516 922 1516 908 1517 898 1517 892 1517 922 1518 930 1518 908 1518 897 1519 913 1519 907 1519 913 1520 923 1520 907 1520 921 1521 913 1521 906 1521 929 1522 913 1522 921 1522 906 1523 891 1523 905 1523 920 1524 906 1524 905 1524 937 1525 930 1525 922 1525 930 1526 925 1526 908 1526 923 1527 922 1527 907 1527 936 1528 922 1528 923 1528 923 1529 913 1529 929 1529 938 1530 923 1530 929 1530 921 1531 935 1531 929 1531 943 1532 929 1532 935 1532 921 1533 906 1533 920 1533 920 1534 934 1534 921 1534 922 1535 936 1535 937 1535 936 1536 948 1536 937 1536 937 1537 948 1537 954 1537 936 1538 923 1538 938 1538 938 1539 929 1539 943 1539 949 1540 938 1540 943 1540 948 1541 938 1541 949 1541 947 1542 943 1542 935 1542 953 1543 943 1543 947 1543 935 1544 921 1544 934 1544 946 1545 935 1545 934 1545 954 1546 948 1546 961 1546 962 1547 948 1547 949 1547 948 1548 936 1548 938 1548 949 1549 943 1549 953 1549 963 1550 949 1550 953 1550 947 1551 960 1551 953 1551 966 1552 953 1552 960 1552 947 1553 935 1553 946 1553 946 1554 959 1554 947 1554 961 1555 948 1555 962 1555 962 1556 974 1556 961 1556 974 1557 977 1557 961 1557 949 1558 963 1558 962 1558 953 1559 966 1559 963 1559 975 1560 963 1560 966 1560 975 1561 974 1561 963 1561 973 1562 966 1562 960 1562 971 1563 966 1563 973 1563 960 1564 947 1564 959 1564 972 1565 960 1565 959 1565 977 1566 974 1566 978 1566 977 1567 978 1567 979 1567 978 1568 974 1568 975 1568 974 1569 962 1569 963 1569 975 1570 970 1570 978 1570 971 1571 975 1571 966 1571 973 1572 960 1572 972 1572 972 1573 968 1573 973 1573 973 1574 968 1574 965 1574 978 1575 970 1575 969 1575 978 1576 969 1576 976 1576 971 1577 970 1577 975 1577 971 1578 958 1578 970 1578 958 1579 957 1579 970 1579 958 1580 971 1580 965 1580 965 1581 952 1581 958 1581 945 1582 958 1582 952 1582 965 1583 968 1583 956 1583 965 1584 971 1584 973 1584 964 1585 976 1585 969 1585 976 1586 979 1586 978 1586 976 1587 964 1587 967 1587 969 1588 970 1588 957 1588 957 1589 958 1589 945 1589 957 1590 951 1590 964 1590 951 1591 957 1591 945 1591 933 1592 945 1592 952 1592 942 1593 945 1593 933 1593 952 1594 965 1594 956 1594 956 1595 944 1595 952 1595 964 1596 969 1596 957 1596 964 1597 955 1597 967 1597 945 1598 942 1598 951 1598 942 1599 941 1599 951 1599 928 1600 942 1600 933 1600 933 1601 918 1601 928 1601 933 1602 952 1602 944 1602 932 1603 933 1603 944 1603 941 1604 950 1604 951 1604 941 1605 942 1605 928 1605 918 1606 933 1606 932 1606 932 1607 917 1607 918 1607 902 1608 901 1608 917 1608 902 1609 895 1609 890 1609 980 1610 981 1610 982 1610 980 1611 983 1611 981 1611 983 1612 985 1612 981 1612 985 1613 989 1613 981 1613 989 1614 986 1614 981 1614 981 1615 986 1615 984 1615 989 1616 996 1616 986 1616 986 1617 996 1617 997 1617 986 1618 997 1618 990 1618 997 1619 996 1619 1013 1619 997 1620 1013 1620 1014 1620 1005 1621 997 1621 1014 1621 1012 1622 1013 1622 996 1622 996 1623 1004 1623 1012 1623 1004 1624 1021 1624 1012 1624 996 1625 989 1625 1004 1625 1014 1626 1022 1626 1005 1626 1005 1627 1022 1627 1006 1627 1006 1628 990 1628 1005 1628 997 1629 1005 1629 990 1629 985 1630 995 1630 989 1630 990 1631 1006 1631 992 1631 992 1632 984 1632 990 1632 983 1633 988 1633 985 1633 986 1634 990 1634 984 1634 984 1635 992 1635 987 1635 994 1636 985 1636 988 1636 987 1637 982 1637 984 1637 981 1638 984 1638 982 1638 982 1639 987 1639 991 1639 999 1640 982 1640 991 1640 1008 1641 982 1641 999 1641 999 1642 1016 1642 1008 1642 1008 1643 1016 1643 1001 1643 983 1644 1008 1644 1001 1644 1001 1645 993 1645 983 1645 1011 1646 1021 1646 1004 1646 1011 1647 1027 1647 1021 1647 1004 1648 989 1648 995 1648 1028 1649 1022 1649 1014 1649 1022 1650 1028 1650 1036 1650 1022 1651 1036 1651 1030 1651 1022 1652 1030 1652 1017 1652 995 1653 985 1653 994 1653 1009 1654 995 1654 994 1654 995 1655 1009 1655 1011 1655 1022 1656 1017 1656 1006 1656 1006 1657 1017 1657 1000 1657 988 1658 1003 1658 994 1658 1006 1659 1000 1659 992 1659 1010 1660 994 1660 1003 1660 992 1661 1000 1661 987 1661 988 1662 983 1662 993 1662 987 1663 1000 1663 1007 1663 993 1664 1002 1664 988 1664 987 1665 1007 1665 998 1665 1011 1666 1034 1666 1027 1666 1011 1667 1004 1667 995 1667 1011 1668 1009 1668 1024 1668 1030 1669 1036 1669 1042 1669 1043 1670 1030 1670 1042 1670 1043 1671 1042 1671 1055 1671 1055 1672 1044 1672 1043 1672 1031 1673 1043 1673 1044 1673 1032 1674 1031 1674 1044 1674 1031 1675 1032 1675 1018 1675 1017 1676 1031 1676 1018 1676 1018 1677 1032 1677 1023 1677 1023 1678 1007 1678 1018 1678 1023 1679 1032 1679 1037 1679 1023 1680 1037 1680 1029 1680 1029 1681 1015 1681 1023 1681 1055 1682 1042 1682 1061 1682 1030 1683 1031 1683 1017 1683 1030 1684 1043 1684 1031 1684 1055 1685 1061 1685 1067 1685 1055 1686 1067 1686 1068 1686 1055 1687 1068 1687 1056 1687 1056 1688 1044 1688 1055 1688 1017 1689 1018 1689 1000 1689 1044 1690 1056 1690 1049 1690 1049 1691 1032 1691 1044 1691 1000 1692 1018 1692 1007 1692 1032 1693 1049 1693 1045 1693 1045 1694 1037 1694 1032 1694 1007 1695 1023 1695 1015 1695 1037 1696 1045 1696 1041 1696 1075 1697 1068 1697 1067 1697 1075 1698 1069 1698 1068 1698 1068 1699 1069 1699 1056 1699 1062 1700 1056 1700 1069 1700 1056 1701 1062 1701 1049 1701 1049 1702 1062 1702 1057 1702 1057 1703 1045 1703 1049 1703 1045 1704 1057 1704 1054 1704 1075 1705 1067 1705 1077 1705 1077 1706 1072 1706 1075 1706 1072 1707 1073 1707 1075 1707 1073 1708 1069 1708 1075 1708 1069 1709 1073 1709 1074 1709 1062 1710 1069 1710 1074 1710 1062 1711 1074 1711 1070 1711 1057 1712 1062 1712 1070 1712 1070 1713 1066 1713 1057 1713 1029 1714 1037 1714 1041 1714 1077 1715 1076 1715 1072 1715 1072 1716 1076 1716 1064 1716 1065 1717 1072 1717 1064 1717 1072 1718 1065 1718 1059 1718 1073 1719 1072 1719 1059 1719 1073 1720 1059 1720 1060 1720 1074 1721 1073 1721 1060 1721 1074 1722 1060 1722 1063 1722 1070 1723 1074 1723 1063 1723 1070 1724 1063 1724 1071 1724 998 1725 1007 1725 1015 1725 998 1726 991 1726 987 1726 1054 1727 1041 1727 1045 1727 1064 1728 1051 1728 1065 1728 1065 1729 1051 1729 1053 1729 1053 1730 1059 1730 1065 1730 1051 1731 1039 1731 1053 1731 1053 1732 1039 1732 1040 1732 1053 1733 1040 1733 1048 1733 1048 1734 1060 1734 1059 1734 1048 1735 1040 1735 1035 1735 1050 1736 1048 1736 1035 1736 1050 1737 1063 1737 1060 1737 1050 1738 1035 1738 1046 1738 1046 1739 1058 1739 1050 1739 1064 1740 1052 1740 1051 1740 1038 1741 1051 1741 1052 1741 1052 1742 1047 1742 1038 1742 1038 1743 1047 1743 1034 1743 1024 1744 1038 1744 1034 1744 1038 1745 1024 1745 1025 1745 1038 1746 1025 1746 1039 1746 1051 1747 1038 1747 1039 1747 1059 1748 1053 1748 1048 1748 1039 1749 1025 1749 1026 1749 1039 1750 1026 1750 1040 1750 1060 1751 1048 1751 1050 1751 1040 1752 1026 1752 1035 1752 1063 1753 1050 1753 1058 1753 1020 1754 1035 1754 1026 1754 1035 1755 1020 1755 1033 1755 1024 1756 1034 1756 1011 1756 1025 1757 1024 1757 1009 1757 1010 1758 1025 1758 1009 1758 1025 1759 1010 1759 1026 1759 1026 1760 1010 1760 1020 1760 1020 1761 1010 1761 1003 1761 1020 1762 1003 1762 1019 1762 1003 1763 988 1763 1002 1763 1057 1764 1066 1764 1054 1764 1046 1765 1035 1765 1033 1765 1071 1766 1063 1766 1058 1766 1071 1767 1066 1767 1070 1767 994 1768 1010 1768 1009 1768 1019 1769 1033 1769 1020 1769 1019 1770 1003 1770 1002 1770 1078 1771 1079 1771 1080 1771 1079 1772 1078 1772 1081 1772 1083 1773 1079 1773 1081 1773 1083 1774 1086 1774 1079 1774 1084 1775 1079 1775 1086 1775 1079 1776 1084 1776 1082 1776 1084 1777 1086 1777 1093 1777 1093 1778 1094 1778 1084 1778 1084 1779 1094 1779 1088 1779 1093 1780 1111 1780 1094 1780 1094 1781 1111 1781 1120 1781 1094 1782 1120 1782 1112 1782 1102 1783 1094 1783 1112 1783 1093 1784 1110 1784 1111 1784 1121 1785 1102 1785 1112 1785 1121 1786 1113 1786 1102 1786 1102 1787 1113 1787 1095 1787 1095 1788 1088 1788 1102 1788 1093 1789 1086 1789 1098 1789 1094 1790 1102 1790 1088 1790 1083 1791 1090 1791 1086 1791 1088 1792 1095 1792 1085 1792 1085 1793 1082 1793 1088 1793 1084 1794 1088 1794 1082 1794 1081 1795 1087 1795 1083 1795 1082 1796 1085 1796 1080 1796 1092 1797 1083 1797 1087 1797 1079 1798 1082 1798 1080 1798 1089 1799 1080 1799 1085 1799 1080 1800 1089 1800 1096 1800 1104 1801 1080 1801 1096 1801 1108 1802 1080 1802 1104 1802 1104 1803 1117 1803 1108 1803 1108 1804 1117 1804 1099 1804 1081 1805 1108 1805 1099 1805 1099 1806 1091 1806 1081 1806 1093 1807 1098 1807 1110 1807 1098 1808 1116 1808 1110 1808 1127 1809 1113 1809 1121 1809 1127 1810 1128 1810 1113 1810 1113 1811 1128 1811 1114 1811 1098 1812 1086 1812 1090 1812 1107 1813 1098 1813 1090 1813 1090 1814 1083 1814 1092 1814 1113 1815 1114 1815 1095 1815 1106 1816 1090 1816 1092 1816 1095 1817 1114 1817 1097 1817 1095 1818 1097 1818 1085 1818 1087 1819 1101 1819 1092 1819 1109 1820 1092 1820 1101 1820 1087 1821 1081 1821 1091 1821 1085 1822 1097 1822 1089 1822 1091 1823 1100 1823 1087 1823 1105 1824 1089 1824 1097 1824 1089 1825 1105 1825 1103 1825 1107 1826 1116 1826 1098 1826 1124 1827 1116 1827 1107 1827 1132 1828 1116 1828 1124 1828 1090 1829 1106 1829 1107 1829 1140 1830 1128 1830 1127 1830 1128 1831 1140 1831 1129 1831 1128 1832 1129 1832 1114 1832 1114 1833 1122 1833 1097 1833 1114 1834 1129 1834 1122 1834 1127 1835 1146 1835 1140 1835 1097 1836 1122 1836 1115 1836 1105 1837 1097 1837 1115 1837 1105 1838 1115 1838 1123 1838 1140 1839 1146 1839 1151 1839 1151 1840 1141 1840 1140 1840 1129 1841 1140 1841 1141 1841 1130 1842 1129 1842 1141 1842 1129 1843 1130 1843 1122 1843 1122 1844 1130 1844 1115 1844 1135 1845 1115 1845 1130 1845 1115 1846 1135 1846 1131 1846 1151 1847 1146 1847 1158 1847 1164 1848 1151 1848 1158 1848 1151 1849 1164 1849 1165 1849 1151 1850 1165 1850 1152 1850 1152 1851 1141 1851 1151 1851 1141 1852 1152 1852 1142 1852 1142 1853 1130 1853 1141 1853 1130 1854 1142 1854 1135 1854 1135 1855 1142 1855 1147 1855 1135 1856 1147 1856 1143 1856 1173 1857 1165 1857 1164 1857 1173 1858 1166 1858 1165 1858 1165 1859 1166 1859 1152 1859 1153 1860 1152 1860 1166 1860 1152 1861 1153 1861 1142 1861 1142 1862 1153 1862 1147 1862 1159 1863 1147 1863 1153 1863 1147 1864 1159 1864 1154 1864 1103 1865 1096 1865 1089 1865 1103 1866 1105 1866 1123 1866 1131 1867 1123 1867 1115 1867 1164 1868 1175 1868 1173 1868 1173 1869 1175 1869 1174 1869 1174 1870 1171 1870 1173 1870 1173 1871 1171 1871 1172 1871 1172 1872 1166 1872 1173 1872 1170 1873 1166 1873 1172 1873 1153 1874 1166 1874 1170 1874 1153 1875 1170 1875 1167 1875 1159 1876 1153 1876 1167 1876 1167 1877 1168 1877 1159 1877 1131 1878 1135 1878 1143 1878 1171 1879 1174 1879 1160 1879 1161 1880 1171 1880 1160 1880 1171 1881 1161 1881 1162 1881 1172 1882 1171 1882 1162 1882 1172 1883 1162 1883 1163 1883 1170 1884 1172 1884 1163 1884 1170 1885 1163 1885 1157 1885 1092 1886 1109 1886 1106 1886 1167 1887 1170 1887 1157 1887 1167 1888 1157 1888 1169 1888 1154 1889 1143 1889 1147 1889 1107 1890 1106 1890 1124 1890 1160 1891 1148 1891 1161 1891 1161 1892 1148 1892 1149 1892 1163 1893 1150 1893 1157 1893 1145 1894 1157 1894 1150 1894 1157 1895 1145 1895 1156 1895 1155 1896 1148 1896 1160 1896 1138 1897 1148 1897 1155 1897 1136 1898 1148 1898 1138 1898 1148 1899 1136 1899 1137 1899 1149 1900 1162 1900 1161 1900 1162 1901 1149 1901 1150 1901 1148 1902 1137 1902 1149 1902 1149 1903 1137 1903 1139 1903 1149 1904 1139 1904 1150 1904 1150 1905 1163 1905 1162 1905 1150 1906 1139 1906 1145 1906 1145 1907 1139 1907 1134 1907 1145 1908 1134 1908 1144 1908 1138 1909 1124 1909 1136 1909 1136 1910 1124 1910 1125 1910 1136 1911 1125 1911 1137 1911 1137 1912 1125 1912 1126 1912 1137 1913 1126 1913 1139 1913 1159 1914 1168 1914 1154 1914 1139 1915 1126 1915 1134 1915 1119 1916 1134 1916 1126 1916 1134 1917 1119 1917 1133 1917 1124 1918 1138 1918 1132 1918 1125 1919 1124 1919 1106 1919 1125 1920 1109 1920 1126 1920 1126 1921 1109 1921 1119 1921 1119 1922 1109 1922 1101 1922 1119 1923 1101 1923 1118 1923 1169 1924 1157 1924 1156 1924 1169 1925 1168 1925 1167 1925 1144 1926 1156 1926 1145 1926 1109 1927 1125 1927 1106 1927 1101 1928 1087 1928 1100 1928 1144 1929 1134 1929 1133 1929 1118 1930 1133 1930 1119 1930 1118 1931 1101 1931 1100 1931 1176 1932 1177 1932 1178 1932 1177 1933 1176 1933 1179 1933 1179 1934 1182 1934 1177 1934 1177 1935 1182 1935 1183 1935 1177 1936 1183 1936 1180 1936 1183 1937 1182 1937 1192 1937 1193 1938 1183 1938 1192 1938 1183 1939 1193 1939 1187 1939 1193 1940 1192 1940 1208 1940 1193 1941 1208 1941 1219 1941 1193 1942 1219 1942 1210 1942 1201 1943 1193 1943 1210 1943 1192 1944 1191 1944 1208 1944 1191 1945 1217 1945 1208 1945 1192 1946 1182 1946 1191 1946 1220 1947 1201 1947 1210 1947 1220 1948 1221 1948 1201 1948 1201 1949 1221 1949 1202 1949 1202 1950 1187 1950 1201 1950 1193 1951 1201 1951 1187 1951 1179 1952 1186 1952 1182 1952 1187 1953 1202 1953 1189 1953 1189 1954 1180 1954 1187 1954 1181 1955 1179 1955 1176 1955 1183 1956 1187 1956 1180 1956 1180 1957 1189 1957 1184 1957 1185 1958 1179 1958 1181 1958 1184 1959 1178 1959 1180 1959 1177 1960 1180 1960 1178 1960 1178 1961 1184 1961 1188 1961 1195 1962 1178 1962 1188 1962 1203 1963 1178 1963 1195 1963 1195 1964 1212 1964 1203 1964 1203 1965 1212 1965 1205 1965 1181 1966 1203 1966 1205 1966 1205 1967 1198 1967 1181 1967 1190 1968 1181 1968 1198 1968 1191 1969 1209 1969 1217 1969 1231 1970 1221 1970 1220 1970 1221 1971 1231 1971 1222 1971 1191 1972 1182 1972 1186 1972 1200 1973 1191 1973 1186 1973 1221 1974 1222 1974 1202 1974 1202 1975 1222 1975 1204 1975 1186 1976 1179 1976 1185 1976 1197 1977 1186 1977 1185 1977 1181 1978 1190 1978 1185 1978 1202 1979 1204 1979 1189 1979 1199 1980 1185 1980 1190 1980 1189 1981 1204 1981 1196 1981 1198 1119 1206 1119 1190 1119 1207 1982 1190 1982 1206 1982 1184 1983 1189 1983 1196 1983 1184 1984 1196 1984 1194 1984 1200 1985 1209 1985 1191 1985 1209 1986 1200 1986 1218 1986 1186 1987 1197 1987 1200 1987 1220 1988 1237 1988 1231 1988 1200 1989 1197 1989 1214 1989 1231 1990 1237 1990 1245 1990 1246 1991 1231 1991 1245 1991 1246 976 1245 976 1251 976 1251 1992 1239 1992 1246 1992 1232 1993 1246 1993 1239 1993 1227 1994 1232 1994 1239 1994 1232 1995 1227 1995 1223 1995 1222 1996 1232 1996 1223 1996 1223 1997 1227 1997 1213 1997 1204 1998 1223 1998 1213 1998 1213 1999 1227 1999 1233 1999 1213 2000 1196 2000 1204 2000 1213 2001 1233 2001 1226 2001 1226 2002 1211 2002 1213 2002 1245 2003 1261 2003 1251 2003 1231 2004 1246 2004 1232 2004 1231 2005 1232 2005 1222 2005 1251 2006 1261 2006 1263 2006 1251 2007 1263 2007 1252 2007 1222 2008 1223 2008 1204 2008 1252 2009 1239 2009 1251 2009 1239 2010 1252 2010 1240 2010 1240 2011 1227 2011 1239 2011 1227 2012 1240 2012 1233 2012 1196 2013 1213 2013 1211 2013 1247 2014 1233 2014 1240 2014 1233 2015 1247 2015 1238 2015 1263 2016 1261 2016 1271 2016 1263 2017 1271 2017 1273 2017 1272 2018 1263 2018 1273 2018 1272 2019 1264 2019 1263 2019 1263 2020 1264 2020 1252 2020 1258 2021 1252 2021 1264 2021 1252 2022 1258 2022 1240 2022 1240 2023 1258 2023 1253 2023 1253 2024 1247 2024 1240 2024 1247 2025 1253 2025 1250 2025 1273 2026 1266 2026 1272 2026 1266 2027 1267 2027 1272 2027 1267 2028 1264 2028 1272 2028 1264 2029 1267 2029 1269 2029 1269 2030 1258 2030 1264 2030 1258 2031 1269 2031 1265 2031 1253 2032 1258 2032 1265 2032 1265 2033 1262 2033 1253 2033 1226 2034 1233 2034 1238 2034 1270 2035 1266 2035 1273 2035 1270 2036 1259 2036 1266 2036 1266 2037 1259 2037 1254 2037 1266 2038 1254 2038 1255 2038 1267 2039 1266 2039 1255 2039 1267 2040 1255 2040 1260 2040 1269 2041 1267 2041 1260 2041 1269 2042 1260 2042 1265 2042 1265 2043 1260 2043 1256 2043 1265 2044 1256 2044 1268 2044 1250 2045 1238 2045 1247 2045 1194 2046 1196 2046 1211 2046 1194 2047 1188 2047 1184 2047 1253 2048 1262 2048 1250 2048 1259 2049 1242 2049 1254 2049 1242 2050 1241 2050 1254 2050 1241 2051 1242 2051 1228 2051 1241 2052 1228 2052 1229 2052 1241 2053 1229 2053 1243 2053 1243 2054 1255 2054 1254 2054 1243 2055 1229 2055 1230 2055 1243 2056 1230 2056 1248 2056 1248 2057 1260 2057 1255 2057 1248 2058 1230 2058 1244 2058 1244 2059 1256 2059 1248 2059 1244 2060 1230 2060 1236 2060 1244 2061 1236 2061 1249 2061 1249 2062 1257 2062 1244 2062 1254 2063 1241 2063 1243 2063 1234 2064 1228 2064 1242 2064 1234 2065 1218 2065 1228 2065 1218 2066 1214 2066 1228 2066 1228 2067 1214 2067 1215 2067 1255 2068 1243 2068 1248 2068 1228 2069 1215 2069 1229 2069 1229 2070 1215 2070 1216 2070 1229 2071 1216 2071 1230 2071 1260 2072 1248 2072 1256 2072 1230 2073 1216 2073 1225 2073 1256 2074 1244 2074 1257 2074 1225 2075 1236 2075 1230 2075 1236 2076 1225 2076 1235 2076 1214 2077 1218 2077 1200 2077 1215 2078 1214 2078 1197 2078 1199 2079 1215 2079 1197 2079 1215 2080 1199 2080 1216 2080 1216 2081 1199 2081 1207 2081 1225 2082 1216 2082 1207 2082 1225 2083 1207 2083 1224 2083 1249 2084 1236 2084 1235 2084 1185 2085 1199 2085 1197 2085 1190 2086 1207 2086 1199 2086 1224 2087 1235 2087 1225 2087 1268 2088 1262 2088 1265 2088 1268 2089 1256 2089 1257 2089 1224 2090 1207 2090 1206 2090 1274 2091 1275 2091 1276 2091 1276 2092 1278 2092 1274 2092 1274 2093 1278 2093 1282 2093 1274 2094 1282 2094 1287 2094 1295 2095 1274 2095 1287 2095 1302 2096 1274 2096 1295 2096 1277 2097 1276 2097 1275 2097 1277 2098 1279 2098 1276 2098 1279 2099 1281 2099 1276 2099 1279 2100 1289 2100 1281 2100 1289 2101 1292 2101 1281 2101 1285 2102 1281 2102 1292 2102 1281 2103 1285 2103 1278 2103 1304 2104 1292 2104 1289 2104 1292 2105 1304 2105 1298 2105 1289 2106 1312 2106 1304 2106 1312 2107 1289 2107 1303 2107 1279 2108 1288 2108 1289 2108 1298 2109 1304 2109 1317 2109 1298 2110 1317 2110 1325 2110 1325 2111 1318 2111 1298 2111 1298 2112 1318 2112 1299 2112 1298 2113 1299 2113 1285 2113 1283 2114 1279 2114 1277 2114 1285 2115 1299 2115 1293 2115 1292 2116 1298 2116 1285 2116 1277 2117 1275 2117 1280 2117 1285 2118 1293 2118 1278 2118 1278 2119 1276 2119 1281 2119 1278 2120 1293 2120 1286 2120 1286 2121 1282 2121 1278 2121 1295 2122 1310 2122 1302 2122 1282 2123 1286 2123 1294 2123 1302 2124 1310 2124 1313 2124 1284 2125 1302 2125 1313 2125 1288 2126 1303 2126 1289 2126 1288 2127 1296 2127 1303 2127 1296 2128 1311 2128 1303 2128 1318 2129 1325 2129 1330 2129 1279 2130 1283 2130 1288 2130 1318 2131 1330 2131 1319 2131 1318 2132 1319 2132 1299 2132 1280 2133 1283 2133 1277 2133 1299 2134 1319 2134 1309 2134 1280 2135 1291 2135 1283 2135 1296 2136 1283 2136 1291 2136 1299 2137 1309 2137 1293 2137 1280 2138 1275 2138 1284 2138 1293 2139 1309 2139 1301 2139 1290 2140 1280 2140 1284 2140 1313 2141 1306 2141 1284 2141 1286 2142 1293 2142 1301 2142 1297 2143 1284 2143 1306 2143 1286 2144 1301 2144 1300 2144 1296 2145 1316 2145 1311 2145 1330 2146 1325 2146 1338 2146 1338 2147 1342 2147 1330 2147 1330 2148 1342 2148 1343 2148 1343 2149 1331 2149 1330 2149 1288 2150 1283 2150 1296 2150 1308 2151 1296 2151 1291 2151 1308 2152 1316 2152 1296 2152 1291 2153 1305 2153 1308 2153 1308 2154 1305 2154 1322 2154 1322 2155 1316 2155 1308 2155 1305 2156 1291 2156 1290 2156 1329 2157 1316 2157 1322 2157 1290 2158 1307 2158 1305 2158 1307 2159 1323 2159 1305 2159 1307 2160 1290 2160 1297 2160 1297 2161 1315 2161 1307 2161 1324 2162 1307 2162 1315 2162 1315 2163 1297 2163 1314 2163 1327 2164 1315 2164 1314 2164 1328 2165 1315 2165 1327 2165 1329 2166 1322 2166 1337 2166 1323 2167 1322 2167 1305 2167 1334 2168 1322 2168 1323 2168 1291 2169 1280 2169 1290 2169 1323 2170 1307 2170 1324 2170 1335 2171 1323 2171 1324 2171 1328 2172 1324 2172 1315 2172 1336 2173 1324 2173 1328 2173 1327 2174 1340 2174 1328 2174 1341 2175 1328 2175 1340 2175 1322 2176 1334 2176 1337 2176 1347 2177 1337 2177 1334 2177 1351 2178 1337 2178 1347 2178 1334 2179 1323 2179 1335 2179 1335 2180 1324 2180 1336 2180 1348 2181 1335 2181 1336 2181 1347 2182 1335 2182 1348 2182 1328 2183 1341 2183 1336 2183 1349 2184 1336 2184 1341 2184 1352 2185 1336 2185 1349 2185 1353 2186 1341 2186 1340 2186 1284 2187 1297 2187 1290 2187 1358 2188 1351 2188 1347 2188 1347 2189 1334 2189 1335 2189 1359 2190 1347 2190 1348 2190 1348 2191 1336 2191 1352 2191 1360 2192 1348 2192 1352 2192 1361 2193 1352 2193 1349 2193 1349 2194 1341 2194 1353 2194 1353 2195 1362 2195 1349 2195 1365 2196 1349 2196 1362 2196 1358 2197 1347 2197 1359 2197 1358 2198 1359 2198 1369 2198 1348 2199 1360 2199 1359 2199 1370 2200 1359 2200 1360 2200 1352 2201 1361 2201 1360 2201 1367 2202 1360 2202 1361 2202 1365 2203 1361 2203 1349 2203 1364 2204 1361 2204 1365 2204 1306 2205 1314 2205 1297 2205 1368 2206 1365 2206 1362 2206 1357 2207 1365 2207 1368 2207 1370 2208 1369 2208 1359 2208 1369 2209 1370 2209 1371 2209 1367 2210 1370 2210 1360 2210 1366 2211 1370 2211 1367 2211 1367 2212 1355 2212 1366 2212 1366 2213 1355 2213 1354 2213 1366 2214 1354 2214 1363 2214 1366 2215 1363 2215 1371 2215 1364 2216 1355 2216 1367 2216 1364 2217 1350 2217 1355 2217 1350 2218 1344 2218 1355 2218 1350 2219 1364 2219 1357 2219 1346 2220 1350 2220 1357 2220 1333 2221 1350 2221 1346 2221 1357 2222 1356 2222 1346 2222 1346 2223 1356 2223 1345 2223 1339 2224 1346 2224 1345 2224 1354 2225 1342 2225 1363 2225 1354 2226 1355 2226 1344 2226 1343 2227 1354 2227 1344 2227 1370 2228 1366 2228 1371 2228 1344 2229 1331 2229 1343 2229 1344 2230 1350 2230 1333 2230 1364 2231 1367 2231 1361 2231 1346 2232 1339 2232 1333 2232 1339 2233 1321 2233 1333 2233 1326 2234 1333 2234 1321 2234 1333 2235 1326 2235 1331 2235 1345 2236 1332 2236 1339 2236 1343 2237 1342 2237 1354 2237 1331 2238 1344 2238 1333 2238 1326 2239 1319 2239 1331 2239 1309 2240 1326 2240 1321 2240 1321 2241 1339 2241 1332 2241 1365 2242 1357 2242 1364 2242 1320 2243 1321 2243 1332 2243 1301 2244 1321 2244 1320 2244 1319 2245 1326 2245 1309 2245 1319 2246 1330 2246 1331 2246 1301 2247 1309 2247 1321 2247 1368 2248 1356 2248 1357 2248 1320 2249 1300 2249 1301 2249 1294 2250 1286 2250 1300 2250 1294 2251 1287 2251 1282 2251 1372 2252 1373 2252 1374 2252 1375 2253 1374 2253 1373 2253 1376 2254 1372 2254 1374 2254 1373 2255 1377 2255 1375 2255 1378 2256 1372 2256 1376 2256 1375 2257 1377 2257 1379 2257 1376 2258 1380 2258 1378 2258 1377 2259 1381 2259 1379 2259 1382 2260 1378 2260 1380 2260 1383 2261 1379 2261 1381 2261 1384 2262 1382 2262 1380 2262 1381 2263 1385 2263 1383 2263 1384 2264 1386 2264 1382 2264 1387 2265 1383 2265 1385 2265 1388 2266 1386 2266 1384 2266 1385 2267 1389 2267 1387 2267 1386 2268 1388 2268 1390 2268 1389 2269 1391 2269 1387 2269 1388 2270 1392 2270 1390 2270 1391 2271 1393 2271 1387 2271 1394 2272 1390 2272 1392 2272 1393 2273 1391 2273 1395 2273 1396 2274 1394 2274 1392 2274 1391 2275 1397 2275 1395 2275 1398 2276 1394 2276 1396 2276 1397 2277 1399 2277 1395 2277 1400 2278 1398 2278 1396 2278 1397 2279 1401 2279 1399 2279 1402 2280 1398 2280 1400 2280 1399 2281 1401 2281 1403 2281 1402 2282 1400 2282 1404 2282 1401 2283 1405 2283 1403 2283 1405 2284 1402 2284 1404 2284 1404 2285 1403 2285 1405 2285 1406 2286 1407 2286 1408 2286 1409 2253 1408 2253 1407 2253 1410 2287 1406 2287 1408 2287 1407 2255 1411 2255 1409 2255 1412 2288 1406 2288 1410 2288 1409 2257 1411 2257 1413 2257 1410 2289 1414 2289 1412 2289 1411 2259 1415 2259 1413 2259 1416 2290 1412 2290 1414 2290 1417 2291 1413 2291 1415 2291 1418 2262 1416 2262 1414 2262 1415 2292 1419 2292 1417 2292 1418 2293 1420 2293 1416 2293 1421 2294 1417 2294 1419 2294 1422 2295 1420 2295 1418 2295 1419 2296 1423 2296 1421 2296 1420 2297 1422 2297 1424 2297 1423 2298 1425 2298 1421 2298 1422 2299 1426 2299 1424 2299 1425 2300 1427 2300 1421 2300 1428 2301 1424 2301 1426 2301 1427 2302 1425 2302 1429 2302 1430 2303 1428 2303 1426 2303 1425 2304 1431 2304 1429 2304 1432 2305 1428 2305 1430 2305 1431 2306 1433 2306 1429 2306 1434 2307 1432 2307 1430 2307 1431 2308 1435 2308 1433 2308 1436 2309 1432 2309 1434 2309 1433 2310 1435 2310 1437 2310 1436 2311 1434 2311 1438 2311 1435 2312 1439 2312 1437 2312 1439 2313 1436 2313 1438 2313 1438 2314 1437 2314 1439 2314 1440 2315 1441 2315 1442 2315 1443 2253 1442 2253 1441 2253 1444 2316 1440 2316 1442 2316 1441 2255 1445 2255 1443 2255 1446 2317 1440 2317 1444 2317 1443 2318 1445 2318 1447 2318 1444 2319 1448 2319 1446 2319 1445 2259 1449 2259 1447 2259 1450 2290 1446 2290 1448 2290 1451 2320 1447 2320 1449 2320 1452 2262 1450 2262 1448 2262 1449 2321 1453 2321 1451 2321 1452 2293 1454 2293 1450 2293 1455 2322 1451 2322 1453 2322 1456 2295 1454 2295 1452 2295 1453 2323 1457 2323 1455 2323 1454 2324 1456 2324 1458 2324 1457 2325 1459 2325 1455 2325 1456 2326 1460 2326 1458 2326 1459 2327 1461 2327 1455 2327 1462 2328 1458 2328 1460 2328 1461 2329 1459 2329 1463 2329 1464 2330 1462 2330 1460 2330 1459 2331 1465 2331 1463 2331 1466 2332 1462 2332 1464 2332 1465 2277 1467 2277 1463 2277 1468 2333 1466 2333 1464 2333 1465 2279 1469 2279 1467 2279 1470 2280 1466 2280 1468 2280 1467 2334 1469 2334 1471 2334 1470 2335 1468 2335 1472 2335 1469 2336 1473 2336 1471 2336 1473 2337 1470 2337 1472 2337 1472 2338 1471 2338 1473 2338 1474 2339 1475 2339 1476 2339 1474 2340 1476 2340 1477 2340 1477 2340 1476 2340 1478 2340 1479 2340 1474 2340 1477 2340 1479 2341 1480 2341 1474 2341 1481 2340 1479 2340 1477 2340 1479 2340 1482 2340 1480 2340 1483 2340 1481 2340 1477 2340 1479 2340 1484 2340 1482 2340 1485 2340 1480 2340 1482 2340 1479 2342 1486 2342 1484 2342 1484 2343 1487 2343 1482 2343 1482 2340 1488 2340 1485 2340 1487 2340 1484 2340 1489 2340 1490 2344 1491 2344 1492 2344 1492 2340 1491 2340 1493 2340 1492 2340 1494 2340 1490 2340 1495 2340 1494 2340 1492 2340 1490 2340 1494 2340 1496 2340 1497 2340 1494 2340 1495 2340 1492 2345 1498 2345 1495 2345 1496 2346 1499 2346 1490 2346 1492 2340 1500 2340 1498 2340 1495 2340 1498 2340 1501 2340 1500 2340 1492 2340 1502 2340 1500 2339 1503 2339 1498 2339 1504 2340 1502 2340 1492 2340 1500 2347 1502 2347 1505 2347 1506 2340 1507 2340 1508 2340 1508 2348 1509 2348 1506 2348 1510 2349 1509 2349 1508 2349 1511 2340 1509 2340 1510 2340 1508 2340 1512 2340 1510 2340 1513 2340 1509 2340 1511 2340 1510 2350 1514 2350 1511 2350 1512 2340 1508 2340 1515 2340 1512 2351 1516 2351 1510 2351 1517 2340 1516 2340 1512 2340 1510 2340 1516 2340 1518 2340 1518 2340 1516 2340 1519 2340 1518 2340 1520 2340 1510 2340 1521 2352 1510 2352 1520 2352 1522 2353 1523 2353 1524 2353 1523 2354 1522 2354 1525 2354 1526 2340 1523 2340 1525 2340 1523 2355 1526 2355 1527 2355 1528 2340 1526 2340 1525 2340 1526 2340 1529 2340 1527 2340 1523 2356 1527 2356 1530 2356 1526 2340 1531 2340 1529 2340 1532 2340 1527 2340 1529 2340 1533 2340 1530 2340 1527 2340 1523 2340 1530 2340 1534 2340 1527 2357 1532 2357 1535 2357 1533 2340 1536 2340 1530 2340 1530 2340 1537 2340 1534 2340 1538 2340 1539 2340 1540 2340 1540 2358 1539 2358 1541 2358 1539 2340 1542 2340 1541 2340 1542 2359 1539 2359 1543 2359 1542 2340 1544 2340 1541 2340 1539 2360 1545 2360 1543 2360 1543 2361 1546 2361 1542 2361 1541 2340 1544 2340 1547 2340 1548 2340 1546 2340 1543 2340 1544 2340 1549 2340 1547 2340 1541 2340 1547 2340 1550 2340 1551 2340 1548 2340 1543 2340 1550 2340 1547 2340 1552 2340 1553 2340 1551 2340 1543 2340 1554 2362 1555 2362 1556 2362 1556 2340 1557 2340 1554 2340 1554 2340 1557 2340 1558 2340 1559 2340 1558 2340 1557 2340 1560 2340 1554 2340 1558 2340 1559 2340 1561 2340 1558 2340 1560 2340 1562 2340 1554 2340 1559 2340 1563 2340 1561 2340 1560 2342 1564 2342 1562 2342 1565 2340 1554 2340 1562 2340 1554 2340 1565 2340 1566 2340 1567 2340 1565 2340 1562 2340 1565 2363 1568 2363 1566 2363 1554 2364 1566 2364 1569 2364 1570 2340 1571 2340 1572 2340 1572 2340 1573 2340 1570 2340 1574 2340 1570 2340 1573 2340 1570 2340 1574 2340 1575 2340 1574 2340 1573 2340 1576 2340 1575 2365 1574 2365 1577 2365 1575 2366 1578 2366 1570 2366 1579 2367 1577 2367 1574 2367 1577 2368 1580 2368 1575 2368 1570 2340 1578 2340 1581 2340 1574 2340 1582 2340 1579 2340 1577 2340 1583 2340 1580 2340 1580 2369 1584 2369 1575 2369 1575 2340 1584 2340 1585 2340 1586 2340 1587 2340 1588 2340 1587 2340 1589 2340 1588 2340 1589 2340 1590 2340 1588 2340 1591 2340 1588 2340 1590 2340 1592 2340 1588 2340 1591 2340 1593 2340 1591 2340 1590 2340 1592 2370 1594 2370 1588 2370 1595 2340 1592 2340 1591 2340 1591 2340 1593 2340 1596 2340 1590 2340 1597 2340 1593 2340 1594 2371 1592 2371 1598 2371 1588 2340 1594 2340 1599 2340 1600 2340 1595 2340 1591 2340 1592 2372 1601 2372 1598 2372 1602 2340 1603 2340 1604 2340 1604 2340 1605 2340 1602 2340 1606 2340 1605 2340 1604 2340 1607 2340 1602 2340 1605 2340 1608 2373 1605 2373 1606 2373 1607 2340 1609 2340 1602 2340 1605 2374 1608 2374 1610 2374 1611 2340 1609 2340 1607 2340 1609 2375 1612 2375 1602 2375 1605 2340 1610 2340 1613 2340 1607 2340 1614 2340 1611 2340 1612 2340 1609 2340 1615 2340 1612 2376 1616 2376 1602 2376 1602 2340 1616 2340 1617 2340 1618 2377 1619 2377 1620 2377 1621 2378 1618 2378 1620 2378 1621 2340 1620 2340 1622 2340 1622 2379 1620 2379 1623 2379 1624 2340 1621 2340 1622 2340 1623 2340 1620 2340 1625 2340 1626 2340 1622 2340 1623 2340 1620 2380 1627 2380 1625 2380 1623 2376 1625 2376 1628 2376 1629 2340 1626 2340 1623 2340 1627 2381 1620 2381 1630 2381 1623 2382 1628 2382 1631 2382 1626 2353 1629 2353 1632 2353 1623 2381 1633 2381 1629 2381 1634 2340 1635 2340 1636 2340 1636 2340 1637 2340 1634 2340 1637 2340 1638 2340 1634 2340 1638 2376 1637 2376 1639 2376 1640 2340 1634 2340 1638 2340 1639 2383 1641 2383 1638 2383 1640 2384 1642 2384 1634 2384 1643 2385 1640 2385 1638 2385 1642 2340 1640 2340 1644 2340 1634 2340 1642 2340 1645 2340 1646 2340 1644 2340 1640 2340 1644 2339 1647 2339 1642 2339 1648 2386 1646 2386 1640 2386 1640 2340 1649 2340 1648 2340 1650 2340 1651 2340 1652 2340 1651 2340 1653 2340 1652 2340 1652 2340 1653 2340 1654 2340 1654 2387 1653 2387 1655 2387 1654 2340 1656 2340 1652 2340 1655 2388 1653 2388 1657 2388 1655 2389 1658 2389 1654 2389 1652 2340 1656 2340 1659 2340 1655 2340 1657 2340 1660 2340 1655 2340 1661 2340 1658 2340 1659 2340 1656 2340 1662 2340 1655 2348 1663 2348 1661 2348 1664 2340 1658 2340 1661 2340 1663 2390 1655 2390 1665 2390 1666 2340 1667 2340 1668 2340 1668 2340 1667 2340 1669 2340 1670 2340 1666 2340 1668 2340 1667 2391 1671 2391 1669 2391 1672 2340 1668 2340 1669 2340 1666 2340 1670 2340 1673 2340 1670 2340 1668 2340 1674 2340 1675 2340 1671 2340 1667 2340 1671 2340 1676 2340 1669 2340 1668 2340 1672 2340 1677 2340 1674 2340 1668 2340 1678 2340 1668 2340 1679 2340 1678 2340 1680 2340 1679 2340 1668 2340 1678 2339 1679 2339 1681 2339 1682 2392 1683 2392 1684 2392 1684 2340 1683 2340 1685 2340 1684 2340 1686 2340 1682 2340 1687 2340 1686 2340 1684 2340 1682 2340 1686 2340 1688 2340 1689 2393 1686 2393 1687 2393 1690 2340 1687 2340 1684 2340 1688 2394 1691 2394 1682 2394 1687 2395 1692 2395 1689 2395 1690 2396 1684 2396 1693 2396 1687 2340 1694 2340 1692 2340 1689 2340 1692 2340 1695 2340 1696 2340 1693 2340 1684 2340 1695 2340 1697 2340 1689 2340 1698 2340 1699 2340 1700 2340 1698 2397 1700 2397 1701 2397 1701 2340 1700 2340 1702 2340 1703 2340 1698 2340 1701 2340 1702 2340 1700 2340 1704 2340 1702 2340 1705 2340 1701 2340 1698 2398 1703 2398 1706 2398 1703 2340 1701 2340 1707 2340 1698 2340 1706 2340 1708 2340 1707 2399 1701 2399 1709 2399 1703 2374 1707 2374 1710 2374 1701 2348 1711 2348 1709 2348 1710 2400 1712 2400 1703 2400 1711 2340 1701 2340 1713 2340 1714 2340 1715 2340 1716 2340 1717 2340 1716 2340 1715 2340 1717 2340 1718 2340 1716 2340 1717 2353 1715 2353 1719 2353 1718 2340 1717 2340 1720 2340 1716 2340 1718 2340 1721 2340 1720 2340 1722 2340 1718 2340 1721 2340 1718 2340 1723 2340 1724 2340 1722 2340 1720 2340 1725 2340 1718 2340 1722 2340 1718 2401 1725 2401 1726 2401 1725 2340 1722 2340 1727 2340 1726 2340 1728 2340 1718 2340 1727 2381 1729 2381 1725 2381 1730 2340 1731 2340 1732 2340 1732 2340 1731 2340 1733 2340 1734 2402 1730 2402 1732 2402 1735 2340 1734 2340 1732 2340 1734 2340 1735 2340 1736 2340 1737 2340 1735 2340 1732 2340 1738 2340 1735 2340 1737 2340 1737 2340 1732 2340 1739 2340 1732 2340 1740 2340 1739 2340 1739 2403 1741 2403 1737 2403 1742 2340 1740 2340 1732 2340 1740 2346 1743 2346 1739 2346 1741 2340 1739 2340 1744 2340 1745 2340 1742 2340 1732 2340</p>
        </triangles>
      </mesh>
    </geometry>
    <geometry id="Mesh2_006-mesh" name="Mesh2.006">
      <mesh>
        <source id="Mesh2_006-mesh-positions">
          <float_array id="Mesh2_006-mesh-positions-array" count="111">2081.3 106.2938 2507.271 2081.3 108.2507 2507.35 2083.3 108.2507 2507.35 2083.3 106.2938 2507.271 2084.448 106.303 2507.043 2084.446 108.2659 2507.123 2085.421 106.3291 2506.394 2085.42 108.3066 2506.475 2086.072 106.3681 2505.421 2086.071 108.3604 2505.502 2086.3 106.4142 2504.274 2086.3 108.4126 2504.354 2083.3 108.4915 2501.355 2081.3 106.5346 2501.277 2083.3 106.5346 2501.277 2081.3 108.4915 2501.355 2083.3 106.5346 2501.277 2081.3 106.2938 2507.271 2083.3 106.2938 2507.271 2081.3 106.5346 2501.277 2084.448 106.5254 2501.505 2084.448 106.303 2507.043 2085.421 106.4993 2502.154 2085.421 106.3291 2506.394 2086.072 106.3681 2505.421 2086.072 106.4603 2503.127 2086.3 106.4142 2504.274 2083.3 108.4915 2501.355 2083.3 106.5346 2501.277 2084.448 106.5254 2501.505 2084.448 108.4884 2501.583 2085.421 106.4993 2502.154 2085.421 108.477 2502.234 2086.072 106.4603 2503.127 2086.071 108.4527 2503.204 2086.3 106.4142 2504.274 2086.3 108.4126 2504.354</float_array>
          <technique_common>
            <accessor source="#Mesh2_006-mesh-positions-array" count="37" stride="3">
              <param name="X" type="float"/>
              <param name="Y" type="float"/>
              <param name="Z" type="float"/>
            </accessor>
          </technique_common>
        </source>
        <source id="Mesh2_006-mesh-normals">
          <float_array id="Mesh2_006-mesh-normals-array" count="84">0 0.04001563 -0.9991991 -0.194299 0.03925389 -0.9801567 -0.1948583 0.03951406 -0.9800352 -0.5554615 0.03307074 -0.8308843 -0.5550392 0.03382068 -0.8311364 -0.8314655 0.02212846 -0.5551357 -0.831245 0.0224092 -0.5554545 -0.980838 0.007597386 -0.1946774 -0.9807569 0.007709443 -0.1950809 0 -0.04014009 0.9991941 0 -0.04013979 0.9991942 0 0.9991944 0.04013347 0 0.9991941 0.04013997 1.77212e-5 0.9991945 0.04012972 -1.91799e-5 0.9991952 0.04011231 2.82859e-6 0.9991946 0.04012638 0 0.9991952 0.0401135 8.84557e-5 0.9991954 0.04010909 -1.63587e-4 0.9991924 0.04018115 0 0.9991942 0.04013782 -0.1948795 -0.03938198 0.9800363 -0.1948142 -0.03938478 0.9800491 -0.5554438 -0.03322893 0.8308899 -0.5554102 -0.0334084 0.8309053 -0.8316981 -0.0222184 0.5547835 -0.8310866 -0.02212482 0.5557027 -0.9808393 -0.008159697 0.194648 -0.9807333 -0.007697701 0.1952</float_array>
          <technique_common>
            <accessor source="#Mesh2_006-mesh-normals-array" count="28" stride="3">
              <param name="X" type="float"/>
              <param name="Y" type="float"/>
              <param name="Z" type="float"/>
            </accessor>
          </technique_common>
        </source>
        <vertices id="Mesh2_006-mesh-vertices">
          <input semantic="POSITION" source="#Mesh2_006-mesh-positions"/>
        </vertices>
        <triangles material="Material_1_006-material" count="29">
          <input semantic="VERTEX" source="#Mesh2_006-mesh-vertices" offset="0"/>
          <input semantic="NORMAL" source="#Mesh2_006-mesh-normals" offset="1"/>
          <p>0 0 1 0 2 0 2 0 3 0 0 0 3 1 2 1 4 1 5 2 4 2 2 2 6 3 4 3 5 3 7 4 6 4 5 4 7 5 8 5 6 5 7 6 9 6 8 6 10 7 8 7 9 7 10 8 9 8 11 8 12 9 13 9 14 9 13 10 12 10 15 10 16 11 17 11 18 11 16 12 19 12 17 12 20 13 16 13 18 13 18 14 21 14 20 14 21 15 22 15 20 15 23 16 22 16 21 16 24 17 22 17 23 17 25 18 22 18 24 18 26 19 25 19 24 19 27 20 28 20 29 20 29 21 30 21 27 21 29 22 31 22 30 22 30 23 31 23 32 23 32 24 31 24 33 24 33 25 34 25 32 25 33 26 35 26 34 26 36 27 34 27 35 27</p>
        </triangles>
      </mesh>
    </geometry>
    <geometry id="Mesh1_006-mesh" name="Mesh1.006">
      <mesh>
        <source id="Mesh1_006-mesh-positions">
          <float_array id="Mesh1_006-mesh-positions-array" count="9138">2081.3 104.25 2500 2081.3 106.2938 2507.271 2081.3 106.5346 2501.277 2081.3 102.2469 2520.338 2081.3 108.4915 2501.355 2081.3 108.2507 2507.35 2081.3 106.7054 2480.348 2081.3 104.7856 2528.146 2081.3 102.2469 2479.662 2081.3 96.3144 2539.895 2081.3 100.8903 2460.082 2081.3 97.3639 2547.88 2081.3 96.3144 2460.105 2081.3 86.6807 2557.918 2081.3 91.2657 2441.324 2081.3 86.26601 2565.806 2081.3 86.6807 2442.082 2081.3 73.7159 2573.716 2081.3 78.1951 2424.781 2081.3 71.9109 2581.247 2081.3 73.7159 2426.284 2081.3 57.9182 2586.681 2081.3 62.1721 2411.079 2081.3 54.8405 2593.62 2081.3 57.9182 2413.319 2081.3 39.8947 2596.314 2081.3 43.8015 2400.734 2081.3 35.6994 2602.459 2081.3 39.8947 2403.686 2081.3 20.3382 2602.247 2081.3 23.7771 2394.137 2081.3 15.2105 2607.428 2081.3 20.3382 2397.753 2081.3 0 2604.25 2081.3 2.8549 2391.538 2081.3 -5.8528 2608.342 2081.3 0 2395.75 2081.3 -20.3382 2602.247 2081.3 -18.175 2393.033 2081.3 -26.6951 2605.165 2081.3 -20.3382 2397.753 2081.3 -39.8947 2596.314 2081.3 -38.5188 2398.567 2081.3 -46.5295 2598.017 2081.3 -39.8947 2403.686 2081.3 -57.9182 2586.681 2081.3 -57.4081 2407.932 2081.3 -64.6069 2587.167 2081.3 -57.9182 2413.319 2081.3 -73.7159 2573.716 2081.3 -74.1298 2420.772 2081.3 -80.24501 2573.027 2081.3 -73.7159 2426.284 2081.3 -86.6807 2557.918 2081.3 -88.0525 2436.604 2081.3 -92.8532 2556.13 2081.3 -86.6807 2442.082 2081.3 -96.3144 2539.895 2081.3 -98.6506 2454.83 2081.3 -101.9554 2537.113 2081.3 -96.3144 2460.105 2081.3 -102.2469 2520.338 2081.3 -105.5238 2474.761 2081.3 -107.208 2516.694 2081.3 -102.2469 2479.662 2081.3 -104.25 2500 2081.3 -108.4126 2495.646 2081.3 108.4915 2501.355 2083.3 108.4915 2501.355 2081.3 106.7054 2480.348 2084.448 108.4884 2501.583 2087.9 106.4152 2478.833 2085.421 108.477 2502.234 2081.3 100.8903 2460.082 2086.071 108.4527 2503.204 2087.9 100.2409 2458.479 2087.9 108.5 2500 2081.3 91.2657 2441.324 2086.3 108.4126 2504.354 2087.9 90.2145 2439.721 2087.9 106.4152 2521.167 2081.3 78.1951 2424.781 2086.071 108.3604 2505.502 2087.9 76.7211 2423.279 2085.42 108.3066 2506.475 2081.3 62.1721 2411.079 2084.446 108.2659 2507.123 2087.9 60.2794 2409.785 2081.3 104.7856 2528.146 2081.3 43.8015 2400.734 2083.3 108.2507 2507.35 2087.9 100.2409 2541.521 2087.9 41.5212 2399.759 2081.3 108.2507 2507.35 2081.3 97.3639 2547.88 2081.3 23.7771 2394.137 2087.9 90.2145 2560.279 2087.9 21.1673 2393.585 2081.3 86.26601 2565.806 2081.3 2.8549 2391.538 2087.9 76.7211 2576.721 2087.9 0 2391.5 2081.3 71.9109 2581.247 2081.3 -18.175 2393.033 2087.9 60.2794 2590.215 2087.9 -21.1673 2393.585 2081.3 54.8405 2593.62 2081.3 -38.5188 2398.567 2087.9 41.5212 2600.241 2087.9 -41.5212 2399.759 2081.3 35.6994 2602.459 2081.3 -57.4081 2407.932 2087.9 21.1673 2606.415 2087.9 -60.2794 2409.785 2081.3 15.2105 2607.428 2081.3 -74.1298 2420.772 2087.9 0 2608.5 2087.9 -76.7211 2423.279 2081.3 0 2608.5 2081.3 -88.0525 2436.604 2081.3 -5.8528 2608.342 2087.9 -90.2145 2439.721 2087.9 -21.1673 2606.415 2081.3 -98.6506 2454.83 2081.3 -26.6951 2605.165 2087.9 -100.2409 2458.479 2087.9 -41.5212 2600.241 2081.3 -105.5238 2474.761 2081.3 -46.5295 2598.017 2087.9 -106.4152 2478.833 2087.9 -60.2794 2590.215 2081.3 -108.4126 2495.646 2081.3 -64.6069 2587.167 2087.9 -108.5 2500 2087.9 -76.7211 2576.721 2081.3 -107.208 2516.694 2081.3 -80.24501 2573.027 2087.9 -106.4152 2521.167 2087.9 -90.2145 2560.279 2081.3 -101.9554 2537.113 2081.3 -92.8532 2556.13 2087.9 -100.2409 2541.521 2116.117 12.2271 2561.469 2116.5 12.2419 2561.544 2116.5 0 2562.75 2116.117 23.9843 2557.903 2116.117 0 2562.674 2115.793 23.9013 2557.703 2116.5 24.0134 2557.973 2116.5 -12.2419 2561.544 2115.793 12.1848 2561.257 2115.793 34.6993 2551.931 2116.117 34.8197 2552.111 2118.813 12.2419 2561.544 2116.117 -12.2271 2561.469 2115.793 0 2562.457 2115.576 34.5191 2551.661 2115.576 23.7771 2557.403 2116.5 34.862 2552.175 2118.813 24.0134 2557.973 2118.813 0 2562.75 2116.117 -23.9843 2557.903 2115.576 12.1215 2560.939 2115.793 44.1638 2544.164 2115.576 43.9344 2543.934 2116.117 44.3171 2544.317 2119.5 23.9177 2557.742 2116.5 0 2562.75 2115.793 -12.1848 2561.257 2116.5 -24.0134 2557.973 2115.576 0 2562.133 2115.5 43.6638 2543.664 2115.5 23.6307 2557.05 2118.813 34.862 2552.175 2116.5 44.3709 2544.371 2119.5 34.7231 2551.967 2119.5 12.1931 2561.299 2118.813 -24.0134 2557.973 2116.117 -34.8197 2552.111 2115.793 -23.9013 2557.703 2115.5 12.0468 2560.563 2115.576 51.6614 2534.519 2115.793 51.9312 2534.699 2115.5 34.3065 2551.343 2116.5 52.1747 2534.862 2127 23.9177 2557.742 2118.813 0 2562.75 2127 12.1931 2561.299 2118.813 -12.2419 2561.544 2115.576 -12.1215 2560.939 2118.813 -34.862 2552.175 2116.5 -34.862 2552.175 2115.5 0 2561.75 2116.117 52.1114 2534.82 2115.5 51.3432 2534.307 2118.813 44.3709 2544.371 2119.5 44.1942 2544.194 2127 34.7231 2551.967 2119.5 0 2562.5 2127 0 2562.5 2115.5 -12.0468 2560.563 2119.5 -34.7231 2551.967 2119.5 -23.9177 2557.742 2116.117 -44.3171 2544.317 2115.793 -34.6993 2551.931 2115.576 -23.7771 2557.403 2115.576 57.4031 2523.777 2115.793 57.7028 2523.901 2115.5 57.0496 2523.631 2127 44.1942 2544.194 2118.813 52.1747 2534.862 2116.5 57.9734 2524.013 2119.5 -12.1931 2561.299 2119.5 0 2562.5 2115.5 -23.6307 2557.05 2119.5 -44.1942 2544.194 2118.813 -44.3709 2544.371 2116.5 -44.3709 2544.371 2115.5 -34.3065 2551.343 2116.117 57.9031 2523.984 2115.5 60.5635 2512.047 2115.5 -51.3432 2534.307 2127 51.9669 2534.723 2127 -34.7231 2551.967 2127 -44.1942 2544.194 2127 -23.9177 2557.742 2116.5 -52.1747 2534.862 2115.793 -44.1638 2544.164 2115.576 -34.5191 2551.661 2115.576 60.9388 2512.121 2115.793 61.257 2512.185 2115.5 60.5635 2487.953 2115.5 -60.5635 2487.953 2119.5 51.9669 2534.723 2118.813 57.9734 2524.013 2116.5 61.5443 2512.242 2127 -12.1931 2561.299 2118.813 -52.1747 2534.862 2119.5 -51.9669 2534.723 2116.117 -52.1114 2534.82 2115.5 -43.6638 2543.664 2116.117 61.4696 2512.227 2115.5 61.75 2500 2115.5 51.3432 2465.693 2115.5 -60.5635 2512.047 2115.5 -51.3432 2465.693 2127 57.7425 2523.917 2127 -51.9669 2534.723 2118.813 -57.9734 2524.013 2116.5 -57.9734 2524.013 2115.793 -51.9312 2534.699 2115.576 -43.9344 2543.934 2115.576 -51.6614 2534.519 2115.576 62.1327 2500 2115.793 62.4571 2500 2115.576 60.9388 2487.879 2115.5 57.0496 2476.369 2115.5 -57.0496 2523.631 2115.5 -61.75 2500 2115.5 -57.0496 2476.369 2119.5 57.7425 2523.917 2118.813 61.5443 2512.242 2116.5 62.75 2500 2119.5 -57.7425 2523.917 2116.117 -57.9031 2523.984 2116.117 62.6739 2500 2115.5 0 2438.25 2115.576 51.6614 2465.481 2115.576 -60.9388 2512.121 2115.576 -60.9388 2487.879 2115.576 -51.6614 2465.481 2119.5 61.2991 2512.193 2127 -57.7425 2523.917 2118.813 -61.5443 2512.242 2116.5 -61.5443 2512.242 2115.793 -57.7028 2523.901 2115.576 -57.4031 2523.777 2115.793 61.257 2487.815 2115.576 57.4031 2476.223 2115.5 34.3065 2448.657 2115.5 -34.3065 2448.657 2115.5 43.6638 2456.336 2115.576 -62.1327 2500 2115.576 -57.4031 2476.223 2115.5 -43.6638 2456.336 2127 61.2991 2512.193 2118.813 62.75 2500 2116.117 61.4696 2487.773 2127 -61.2991 2512.193 2116.117 -61.4696 2512.227 2115.5 12.0468 2439.436 2115.5 -12.0468 2439.436 2115.793 57.7028 2476.099 2115.576 43.9344 2456.065 2115.793 -61.257 2512.185 2115.793 -62.4571 2500 2115.793 -61.257 2487.815 2115.793 -57.7028 2476.099 2115.793 -51.9312 2465.301 2115.576 -43.9344 2456.065 2119.5 62.5 2500 2116.5 61.5443 2487.758 2119.5 -61.2991 2512.193 2118.813 -62.75 2500 2116.5 -62.75 2500 2115.576 34.5191 2448.339 2115.576 0 2437.867 2115.5 23.6307 2442.95 2115.5 -23.6307 2442.95 2115.576 -34.5191 2448.339 2115.793 51.9312 2465.301 2115.793 -44.1638 2455.836 2127 62.5 2500 2118.813 61.5443 2487.758 2116.117 57.9031 2476.016 2127 -62.5 2500 2116.117 -62.6739 2500 2115.576 12.1215 2439.061 2115.576 -12.1215 2439.061 2115.793 44.1638 2455.836 2116.117 -61.4696 2487.773 2116.117 -57.9031 2476.016 2116.117 -52.1114 2465.18 2116.117 -44.3171 2455.683 2115.793 -34.6993 2448.069 2119.5 61.2991 2487.807 2116.5 57.9734 2475.987 2119.5 -62.5 2500 2118.813 -61.5443 2487.758 2116.5 -61.5443 2487.758 2115.576 23.7771 2442.597 2115.793 12.1848 2438.743 2115.576 -23.7771 2442.597 2115.793 0 2437.543 2116.117 52.1114 2465.18 2115.793 34.6993 2448.069 2116.117 -34.8197 2447.889 2115.793 -23.9013 2442.297 2127 61.2991 2487.807 2118.813 57.9734 2475.987 2119.5 57.7425 2476.082 2119.5 -61.2991 2487.807 2127 -61.2991 2487.807 2115.793 23.9013 2442.297 2115.793 -12.1848 2438.743 2116.117 44.3171 2455.683 2116.5 -57.9734 2475.987 2116.5 -52.1747 2465.138 2116.5 -44.3709 2455.629 2116.117 -23.9843 2442.097 2116.5 52.1747 2465.138 2119.5 -57.7425 2476.082 2118.813 -57.9734 2475.987 2116.117 23.9843 2442.097 2116.117 12.2271 2438.53 2116.117 0 2437.326 2116.117 34.8197 2447.889 2116.5 -34.862 2447.825 2116.117 -12.2271 2438.53 2127 57.7425 2476.082 2118.813 52.1747 2465.138 2119.5 51.9669 2465.277 2127 -57.7425 2476.082 2116.5 44.3709 2455.629 2118.813 -52.1747 2465.138 2118.813 -44.3709 2455.629 2118.813 -34.862 2447.825 2116.5 -24.0134 2442.027 2116.5 -12.2419 2438.456 2119.5 -51.9669 2465.277 2127 -51.9669 2465.277 2116.5 34.862 2447.825 2116.5 12.2419 2438.456 2116.5 0 2437.25 2118.813 -24.0134 2442.027 2127 51.9669 2465.277 2118.813 44.3709 2455.629 2119.5 44.1942 2455.805 2116.5 24.0134 2442.027 2119.5 -44.1942 2455.805 2119.5 -34.7231 2448.033 2118.813 -12.2419 2438.456 2118.813 0 2437.25 2127 -44.1942 2455.805 2118.813 34.862 2447.825 2118.813 24.0134 2442.027 2118.813 12.2419 2438.456 2119.5 -23.9177 2442.258 2127 44.1942 2455.805 2119.5 34.7231 2448.033 2127 -34.7231 2448.033 2127 -23.9177 2442.258 2119.5 -12.1931 2438.701 2119.5 12.1931 2438.701 2119.5 23.9177 2442.258 2127 -12.1931 2438.701 2119.5 0 2437.5 2127 34.7231 2448.033 2127 0 2437.5 2127 12.1931 2438.701 2127 23.9177 2442.258 2116 0 2568.5 2115.809 -13.3711 2567.221 2116 -13.3637 2567.184 2115.809 0 2568.538 2115.809 -26.2284 2563.321 2115.809 13.3711 2567.221 2115.646 -13.3923 2567.327 2115.646 -26.2699 2563.421 2116 -26.2138 2563.286 2116 13.3637 2567.184 2115.646 0 2568.646 2115.646 -38.1379 2557.077 2128 -26.2138 2563.286 2115.809 -38.0777 2556.987 2115.809 26.2284 2563.321 2115.646 13.3923 2567.327 2115.538 -26.3319 2563.571 2115.538 -13.4239 2567.487 2115.538 -38.228 2557.212 2128 -38.0566 2556.956 2128 -13.3637 2567.184 2116 -38.0566 2556.956 2116 26.2138 2563.286 2115.538 0 2568.809 2115.646 -48.5404 2548.54 2115.538 -48.6551 2548.655 2128 0 2568.5 2115.809 -48.4637 2548.464 2115.809 38.0777 2556.987 2128 26.2138 2563.286 2115.646 26.2699 2563.421 2115.538 13.4239 2567.487 2115.5 -38.3343 2557.371 2115.5 -13.4612 2567.674 2115.5 0 2569 2128 -48.4368 2548.437 2116 0 2568.5 2116 -48.4368 2548.437 2116 38.0566 2556.956 2128 13.3637 2567.184 2128 38.0566 2556.956 2115.5 -26.4052 2563.748 2115.538 -57.2123 2538.228 2115.646 -57.0774 2538.138 2115.5 -48.7904 2548.79 2116 -56.9557 2538.057 2115.809 48.4637 2548.464 2115.646 38.1379 2557.077 2115.538 26.3319 2563.571 2115.5 13.4612 2567.674 2115.5 -27.4577 2569.107 2115.5 -17.9967 2567.651 2115.5 -4.7507 2570.075 2115.5 -57.3714 2538.334 2115.809 -56.9873 2538.078 2115.5 -46.8208 2552.624 2128 -56.9557 2538.057 2116 48.4368 2548.437 2115.5 12.0788 2569.287 2115.5 -29.4454 2571.818 2115.5 -24.584 2567.364 2115.5 -15.2859 2569.639 2115.5 -21.2618 2566.852 2115.5 -1.3919 2569.943 2115.5 -7.8034 2571.482 2115.538 -63.5709 2526.332 2115.646 -63.421 2526.27 2115.5 -48.8787 2549.966 2115.5 -45.9367 2555.867 2115.5 -51.7971 2548.298 2116 -63.2857 2526.214 2128 -63.2857 2526.214 2128 48.4368 2548.437 2116 56.9557 2538.057 2115.646 48.5404 2548.54 2115.538 38.228 2557.212 2115.5 26.4052 2563.748 2115.5 15.2712 2568.234 2115.5 9.532401 2571.481 2115.5 -48.0289 2562.12 2115.5 -13.5421 2572.513 2115.5 1.7617 2571.107 2115.5 -63.7477 2526.405 2115.809 -63.3209 2526.228 2115.5 -46.3609 2559.201 2115.5 -58.101 2540.029 2115.809 56.9873 2538.078 2115.5 38.3343 2557.371 2115.5 -48.8902 2573.169 2115.5 -10.0851 2573.951 2115.5 -59.3466 2536.906 2115.5 -67.6742 2513.461 2115.538 -67.4865 2513.424 2115.646 -67.3274 2513.392 2115.5 -58.145 2543.39 2128 -67.1838 2513.364 2115.809 -67.2211 2513.371 2128 56.9557 2538.057 2116 63.2857 2526.214 2115.646 57.0774 2538.138 2115.538 48.6551 2548.655 2115.5 48.8902 2573.169 2115.5 18.6233 2568.483 2115.5 4.2301 2573.388 2115.5 -50.6867 2564.178 2115.5 -30.2443 2575.083 2115.5 -13.0307 2575.835 2115.5 -61.6922 2534.499 2115.5 -66.4194 2521.739 2115.5 -55.1316 2547.874 2116 -67.1838 2513.364 2115.809 63.3209 2526.228 2115.5 48.7904 2548.79 2115.5 53.0329 2559.315 2115.5 33.6761 2581.302 2115.5 21.625 2569.996 2115.5 8.0194 2574.482 2115.5 -53.9297 2565.062 2115.5 -33.6761 2581.302 2115.5 -11.2485 2577.104 2115.5 -64.7806 2533.172 2115.5 -66.0826 2525.083 2115.5 -68.0104 2518.778 2115.538 -68.8087 2500 2115.646 -68.6464 2500 2115.5 -59.4719 2546.478 2128 -68.5 2500 2115.809 -68.5381 2500 2128 63.2857 2526.214 2116 67.1838 2513.364 2115.646 63.421 2526.27 2115.538 57.2123 2538.228 2115.5 57.3714 2538.334 2115.5 49.7861 2553.577 2115.5 56.0346 2560.828 2115.5 50.8388 2556.769 2115.538 48.9965 2573.329 2115.5 23.8192 2572.542 2115.5 5.6374 2576.441 2115.5 -57.2643 2564.638 2115.538 -48.9965 2573.329 2115.5 -29.733 2578.406 2115.5 -13.8297 2579.1 2115.5 -67.0513 2528.302 2115.5 -70.6134 2516.651 2115.5 -69 2500 2115.5 -58.3747 2548.758 2116 -68.5 2500 2115.809 67.2211 2513.371 2115.5 51.5482 2547.223 2115.5 50.0352 2550.225 2115.5 59.3868 2561.078 2115.538 62.3607 2562.361 2115.538 33.7494 2581.478 2115.5 24.8719 2575.735 2115.5 7.7703 2577.835 2115.5 -62.2254 2562.225 2115.538 -33.7494 2581.478 2115.538 -62.3607 2562.361 2115.5 -27.9892 2581.279 2115.5 -11.1166 2580.463 2115.5 -69.1781 2530.906 2115.5 -73.8322 2515.682 2115.5 -67.6742 2486.539 2115.538 -67.4865 2486.576 2115.646 -67.3274 2486.608 2115.5 -61.8797 2548.823 2128 -67.1838 2486.636 2116 -67.1838 2486.636 2128 67.1838 2513.364 2115.809 68.5381 2500 2115.646 67.3274 2513.392 2115.538 63.5709 2526.332 2115.5 54.0946 2545.029 2115.5 62.2254 2562.225 2115.646 49.0866 2573.463 2115.646 33.8114 2581.628 2115.538 17.2053 2586.497 2115.5 24.6227 2579.087 2115.5 5.7693 2579.8 2115.5 -60.1826 2562.97 2115.646 -49.0866 2573.463 2115.538 -17.2053 2586.497 2115.646 -62.4754 2562.475 2115.5 -25.2784 2583.267 2115.5 -15.8173 2581.811 2115.5 -68.1417 2533.128 2115.5 -74.6579 2484.742 2115.5 -77.1767 2516.019 2115.809 -67.2211 2486.629 2115.5 -61.0325 2550.816 2116 68.5 2500 2115.5 63.7477 2526.405 2115.5 57.287 2543.976 2115.5 62.5791 2560.025 2115.5 73.1693 2548.89 2115.646 62.4754 2562.475 2115.646 17.2369 2586.656 2115.5 17.1679 2586.309 2115.5 23.1098 2582.088 2115.5 8.823 2581.027 2115.5 -73.1693 2548.89 2115.5 -62.2405 2560.312 2115.646 -33.8114 2581.628 2115.5 -17.1679 2586.309 2115.646 -73.4633 2549.087 2115.5 -9.7093 2583.516 2115.5 -72.1392 2532.496 2115.538 -63.5709 2473.668 2115.5 -71.2138 2484.057 2115.5 -78.1021 2484.057 2115.5 -88 2500 2115.646 -63.421 2473.73 2115.5 -65.0018 2550.069 2128 -63.2857 2473.786 2116 -63.2857 2473.786 2128 68.5 2500 2116 67.1838 2486.636 2115.646 68.6464 2500 2115.538 67.4865 2513.424 2115.5 67.6742 2513.461 2115.5 63.6408 2545.738 2115.5 60.6391 2544.225 2115.5 65.1256 2557.831 2115.538 73.3284 2548.996 2115.809 49.1468 2573.553 2115.809 33.8529 2581.728 2115.809 17.2581 2586.762 2115.646 0 2588.354 2115.5 20.5633 2584.283 2115.5 0 2588 2115.5 4.6059 2582.953 2115.5 -63.1247 2557.069 2115.538 -73.3284 2548.996 2115.809 -49.1468 2573.553 2115.809 -62.552 2562.552 2115.646 -17.2369 2586.656 2115.809 -73.5534 2549.147 2115.5 -22.0133 2584.066 2115.5 -71.2638 2534.374 2115.5 -63.7477 2473.595 2115.5 -68.29401 2482.106 2115.5 -86.3091 2517.168 2115.809 -63.3209 2473.771 2115.5 -62.7005 2553.735 2115.809 67.2211 2486.629 2115.5 67.9749 2516.329 2115.5 73.50601 2527.184 2115.5 66.6385 2554.829 2115.538 81.4782 2533.749 2115.646 73.4633 2549.087 2115.809 62.552 2562.552 2115.809 0 2588.462 2115.538 0 2588.191 2115.5 17.371 2585.335 2115.5 14.0188 2585.086 2115.5 11.0171 2583.573 2115.5 -68.3629 2550.025 2115.538 -81.4782 2533.749 2115.809 -33.8529 2581.728 2115.5 -4.0873 2586.961 2115.646 -81.62801 2533.811 2115.809 -81.7282 2533.853 2115.5 -18.691 2583.554 2115.5 -7.2409 2585.798 2115.5 -75.4837 2532.833 2115.5 -66.343 2479.186 2115.5 -57.3714 2461.666 2115.5 -86.3091 2482.832 2115.538 -88.1913 2500 2115.5 -80.1377 2517.61 2115.538 -57.2123 2461.772 2115.646 -57.0774 2461.862 2128 -56.9557 2461.943 2115.809 -56.9873 2461.922 2128 67.1838 2486.636 2115.809 63.3209 2473.771 2115.646 67.3274 2486.608 2115.538 68.8087 2500 2115.5 69.6173 2513.396 2115.5 67.5798 2519.667 2115.5 81.3014 2533.676 2115.5 70.5732 2525.541 2115.5 66.8877 2551.477 2116 49.168 2573.585 2116 62.579 2562.579 2116 33.8675 2581.763 2116 17.2655 2586.799 2115.809 -17.2581 2586.762 2115.5 2.3242 2585.422 2115.5 -71.4514 2548.698 2115.5 -81.3014 2533.676 2116 -49.168 2573.585 2116 -62.579 2562.579 2116 -73.5851 2549.168 2115.5 -0.7285 2586.829 2115.5 -73.6716 2536.719 2115.5 -65.6579 2475.742 2115.5 -60.2078 2464.765 2115.5 -81.0219 2482.106 2115.538 -86.4968 2517.205 2115.5 -82.2645 2520.213 2116 -56.9557 2461.943 2116 63.2857 2473.786 2115.5 69 2500 2115.5 72.2571 2511.315 2115.5 68.4922 2522.902 2115.5 76.8441 2527.579 2115.5 65.83501 2548.284 2115.5 86.3091 2517.168 2115.646 81.62801 2533.811 2115.809 73.5534 2549.147 2116 73.5851 2549.168 2116 0 2588.5 2116 -17.2655 2586.799 2115.5 -73.7969 2546.29 2115.646 -86.6559 2517.237 2115.5 -75.0425 2543.168 2116 -33.8675 2581.763 2115.809 -86.7622 2517.258 2116 -81.7633 2533.867 2115.5 -66.343 2472.298 2115.5 -63.1276 2466.716 2115.5 -58.2569 2461.845 2115.538 -48.6551 2451.345 2115.538 -86.4968 2482.795 2115.5 -82.9729 2479.186 2115.646 -88.3536 2500 2115.5 -83.2333 2523.432 2115.646 -48.5404 2451.459 2128 -48.4368 2451.563 2115.809 -48.4637 2451.536 2128 63.2857 2473.786 2115.809 56.9873 2461.922 2115.646 63.421 2473.73 2115.538 67.4865 2486.576 2115.5 67.6742 2486.539 2115.5 70.6607 2503.572 2115.5 72.6246 2506.301 2115.5 80.0793 2526.667 2115.538 86.4968 2517.205 2115.5 84.3616 2521.653 2128 49.168 2573.585 2128 33.8675 2581.763 2128 62.579 2562.579 2128 17.2655 2586.799 2115.5 -82.8965 2526.777 2115.5 -74.9985 2539.808 2128 -62.579 2562.579 2128 -49.168 2573.585 2128 -73.5851 2549.168 2128 -81.7633 2533.867 2115.5 -78.7024 2531.864 2115.5 -57.5718 2458.401 2115.5 -48.7904 2451.209 2115.646 -86.6559 2482.763 2115.538 -81.4782 2466.251 2115.5 -83.6579 2475.742 2116 -48.4368 2451.563 2116 56.9557 2461.943 2115.5 70.4306 2496.983 2115.5 69.8902 2500.3 2115.5 75.483 2508.07 2115.5 82.7191 2524.586 2115.538 88.1913 2500 2115.5 84.7567 2518.315 2115.646 86.6559 2517.237 2115.809 81.7282 2533.853 2128 73.5851 2549.168 2128 0 2588.5 2128 -33.8675 2581.763 2115.809 -88.4619 2500 2115.5 -81.3055 2529.738 2116 -86.7995 2517.266 2128 -86.7995 2517.266 2115.5 -66.5718 2467.401 2115.5 -51.0865 2451.847 2115.5 -38.3343 2442.629 2115.646 -81.62801 2466.189 2115.5 -81.3014 2466.323 2115.5 -82.9729 2472.298 2115.809 -86.7622 2482.742 2115.538 -38.228 2442.788 2115.646 -38.1379 2442.923 2128 -38.0566 2443.044 2116 -38.0566 2443.044 2128 56.9557 2461.943 2115.809 48.4637 2451.536 2115.646 57.0774 2461.862 2115.538 63.5709 2473.668 2115.5 72.1994 2494.125 2115.5 75.4923 2510.402 2115.5 88 2500 2115.5 83.8442 2515.08 2116 81.7633 2533.867 2116 0 2588.5 2128 -17.2655 2586.799 2116 -88.5 2500 2115.5 -68.29401 2469.378 2115.5 -54.5307 2452.531 2115.5 -48.1667 2449.896 2115.809 -81.7282 2466.147 2115.646 -73.4633 2450.913 2115.5 -73.1693 2451.11 2115.809 -38.0777 2443.013 2116 48.4368 2451.563 2115.5 63.7477 2473.595 2115.5 71.4761 2488.234 2115.5 78.8007 2508.61 2115.5 86.5694 2503.017 2115.5 86.3091 2482.832 2115.646 88.3536 2500 2115.5 84.8006 2505.875 2115.809 86.7622 2517.258 2128 81.7633 2533.867 2128 -88.5 2500 2115.5 -70.0159 2466.716 2115.5 -58.2569 2454.957 2115.538 -26.3319 2436.429 2115.5 -46.2158 2446.976 2115.809 -73.5534 2450.853 2115.538 -73.3284 2451.003 2115.5 -74.8867 2454.957 2115.5 -81.0219 2469.378 2116 -86.7995 2482.734 2115.646 -26.2699 2436.579 2128 -26.2138 2436.714 2116 -26.2138 2436.714 2128 48.4368 2451.563 2115.646 48.5404 2451.459 2116 38.0566 2443.044 2115.538 57.2123 2461.772 2115.5 67.7415 2482.8 2115.5 57.3714 2461.666 2115.5 69.0684 2485.889 2115.5 74.9274 2492.161 2115.5 78.8304 2510.798 2115.5 87.1097 2499.699 2115.538 86.4968 2482.795 2115.5 86.3393 2496.427 2115.5 81.7632 2512.44 2116 86.7995 2517.266 2128 -86.7995 2482.734 2115.5 -71.2138 2467.427 2115.5 -57.9748 2451.847 2115.5 -26.4052 2436.252 2115.5 -45.5307 2443.531 2116 -81.7633 2466.132 2115.809 -62.552 2437.448 2115.646 -62.4754 2437.525 2115.5 -72.9357 2452.037 2115.5 -75.5718 2458.401 2115.538 -62.3607 2437.639 2115.5 -78.1021 2467.427 2115.809 -26.2284 2436.679 2115.809 38.0777 2443.013 2115.5 67.6975 2479.439 2115.5 62.3814 2455.08 2115.5 74.5983 2489.479 2115.5 82.0726 2507.839 2115.538 81.4782 2466.251 2115.5 84.3754 2493.699 2115.646 86.6559 2482.763 2115.809 88.4619 2500 2116 88.5 2500 2128 86.7995 2517.266 2115.5 -72.9357 2464.765 2115.5 -60.2078 2452.037 2115.5 -13.4612 2432.326 2115.5 -29.022 2428.978 2115.5 -46.2158 2440.088 2116 -73.5851 2450.832 2115.5 -70.0159 2450.086 2115.5 -74.8867 2461.845 2115.5 -62.2254 2437.775 2128 -81.7633 2466.132 2115.538 -13.4239 2432.513 2115.646 -13.3923 2432.673 2128 -13.3637 2432.816 2116 -13.3637 2432.816 2128 38.0566 2443.044 2115.538 48.6551 2451.345 2115.646 38.1379 2442.923 2116 26.2138 2436.714 2115.5 68.9431 2476.317 2115.5 59.1626 2456.049 2115.5 71.2886 2473.909 2115.5 78.1993 2491.39 2115.5 81.3014 2466.323 2115.5 83.3934 2485.701 2115.5 -74.6579 2466.742 2115.5 -60.8946 2449.896 2115.5 -20.3642 2433.061 2115.5 -48.1667 2437.168 2115.5 -26.7619 2431.466 2128 -73.5851 2450.832 2116 -62.579 2437.421 2115.809 -49.1468 2426.447 2115.646 -49.0866 2426.537 2115.5 -62.8456 2440.088 2115.5 -48.8902 2426.831 2115.809 -13.3711 2432.779 2115.809 26.2284 2436.679 2115.5 48.7904 2451.209 2115.5 55.8181 2455.712 2115.5 74.3771 2472.582 2115.5 77.9594 2489.436 2115.5 84.595 2479.218 2115.5 73.1693 2451.11 2115.646 81.62801 2466.189 2115.5 81.0478 2488.109 2115.5 84.63901 2482.579 2115.809 86.7622 2482.742 2128 88.5 2500 2115.5 -63.1276 2450.086 2115.5 -23.7217 2432.9 2115.5 -17.2005 2431.926 2115.5 0 2431 2128 -62.579 2437.421 2115.538 -48.9965 2426.671 2115.5 -63.5307 2443.531 2115.5 -57.9748 2435.217 2115.5 -60.8946 2437.168 2115.538 0 2431.191 2115.646 0 2431.354 2128 0 2431.5 2115.809 0 2431.462 2128 26.2138 2436.714 2115.538 38.228 2442.788 2115.646 26.2699 2436.579 2116 13.3637 2432.816 2115.5 38.3343 2442.629 2115.5 52.8571 2454.121 2115.5 64.9844 2452.953 2115.5 81.51701 2491.93 2115.5 83.2681 2476.13 2115.538 73.3284 2451.003 2116 86.7995 2482.734 2115.5 -62.8456 2446.976 2115.5 -14.7123 2429.665 2115.5 -3.8641 2430.089 2115.5 -30.1579 2425.814 2115.5 -51.0865 2435.217 2116 -49.168 2426.415 2128 -49.168 2426.415 2115.809 -33.8529 2418.271 2115.646 -33.8114 2418.372 2115.5 -66.5718 2449.401 2115.5 -33.6761 2418.698 2115.5 -54.5307 2434.532 2116 0 2431.5 2115.809 13.3711 2432.779 2115.5 49.7615 2448.299 2115.5 50.7303 2451.518 2115.5 80.8603 2473.784 2115.5 66.5754 2449.992 2115.538 62.3607 2437.639 2115.809 81.7282 2466.147 2115.646 73.4633 2450.913 2128 86.7995 2482.734 2115.5 -9.5744 2426.792 2115.5 -7.0471 2429.009 2115.5 -0.5099 2429.869 2115.538 13.4239 2432.513 2115.538 -33.7494 2418.522 2115.646 13.3923 2432.673 2128 13.3637 2432.816 2115.538 26.3319 2436.429 2115.5 50.0983 2444.954 2115.5 77.7382 2472.539 2115.5 66.9122 2446.647 2115.5 62.2254 2437.775 2116 81.7633 2466.132 2115.5 -13.2784 2426.625 2115.5 2.5049 2428.383 2115.5 13.4612 2432.326 2115.5 -29.9966 2422.457 2128 -33.8675 2418.237 2116 -33.8675 2418.237 2115.809 -17.2581 2413.238 2115.646 -17.2369 2413.344 2115.538 -17.2053 2413.503 2115.5 26.4052 2436.252 2115.5 51.6893 2441.993 2115.5 65.9435 2443.429 2115.5 48.8902 2426.831 2115.646 62.4754 2437.525 2115.809 73.5534 2450.853 2116 73.5851 2450.832 2128 81.7633 2466.132 2115.5 -11.0611 2423.778 2115.5 10.124 2429.2 2115.5 -28.5628 2419.417 2115.5 -17.1679 2413.691 2115.5 63.8167 2440.825 2115.5 57.5112 2438.898 2115.538 48.9965 2426.671 2115.5 -13.1172 2423.268 2115.5 8.3055 2426.373 2115.5 12.8858 2431.116 2115.5 -26.0746 2417.156 2128 -17.2655 2413.201 2116 -17.2655 2413.201 2115.809 0 2411.538 2115.646 0 2411.646 2115.5 -22.9109 2416.021 2115.5 0 2412 2115.5 33.6761 2418.698 2115.5 16.1707 2431.829 2115.5 54.2924 2439.866 2115.5 60.8556 2439.235 2115.646 49.0866 2426.537 2115.809 62.552 2437.448 2128 73.5851 2450.832 2115.5 -11.2809 2420.423 2115.5 4.7212 2425.855 2115.538 0 2411.809 2115.5 -19.5534 2416.182 2115.5 -4.9693 2413.226 2115.5 24.2215 2426.651 2115.5 19.4785 2431.231 2115.538 33.7494 2418.522 2116 62.579 2437.421 2115.5 -14.253 2420.104 2115.5 7.7074 2423.065 2128 0 2411.5 2116 0 2411.5 2115.809 17.2581 2413.238 2115.646 17.2369 2413.344 2115.5 -16.5131 2417.615 2115.538 17.2053 2413.503 2115.5 -7.9841 2414.713 2115.5 -1.6151 2413.007 2115.5 22.3055 2429.413 2115.5 24.9348 2423.365 2115.646 33.8114 2418.372 2115.809 49.1468 2426.447 2128 62.579 2437.421 2115.5 -10.2004 2417.24 2115.5 5.8017 2422.672 2116 17.2655 2413.201 2115.5 17.1679 2413.691 2115.5 1.5679 2414.087 2115.5 24.3366 2420.058 2116 49.168 2426.415 2115.5 8.4206 2419.78 2128 17.2655 2413.201 2115.809 33.8529 2418.271 2116 33.8675 2418.237 2115.5 13.1637 2415.199 2115.5 22.5182 2417.231 2115.5 19.7563 2415.315 2128 49.168 2426.415 2115.5 5.5818 2419.318 2128 33.8675 2418.237 2115.5 16.4714 2414.602 2115.5 4.0951 2416.303 2115.5 10.3366 2417.018 2113.727 22.4354 2387.209 2113.727 0 2385 2111.896 0 2386.83 2113.727 -22.4354 2387.209 2111.896 22.0783 2389.005 2111.896 -22.0783 2389.005 2109.396 21.9477 2389.662 2111.896 43.3082 2395.445 2111.896 -43.3082 2395.445 2109.396 0 2387.5 2109.396 43.0519 2396.063 2113.727 44.0086 2393.753 2113.727 -44.0086 2393.753 2109.396 -43.0519 2396.063 2109.396 -21.9477 2389.662 2101.5 21.9477 2389.662 2101.5 0 2387.5 2111.896 62.8738 2405.903 2113.727 63.8906 2404.381 2119.5 36.2856 2380.383 2119.5 -36.2856 2380.383 2113.727 -63.8906 2404.381 2109.396 -62.5017 2406.459 2101.5 43.0519 2396.063 2109.396 62.5017 2406.459 2119.5 58.9246 2389.76 2119.5 24.3863 2377.402 2119.5 47.8354 2384.515 2119.5 -24.3863 2377.402 2119.5 -47.8354 2384.515 2111.896 -62.8738 2405.903 2119.5 -58.9246 2389.76 2101.5 -21.9477 2389.662 2101.5 -43.0519 2396.063 2111.896 80.0232 2419.977 2119.5 69.4463 2396.066 2119.5 12.2521 2375.602 2119.5 -12.2521 2375.602 2111.896 -80.0232 2419.977 2119.5 -69.4463 2396.066 2101.5 -62.5017 2406.459 2101.5 62.5017 2406.459 2109.396 79.5495 2420.45 2113.727 81.3173 2418.683 2119.5 79.2992 2403.374 2113.727 0 2385 2113.727 -81.3173 2418.683 2119.5 -79.2992 2403.374 2109.396 -79.5495 2420.45 2101.5 -79.5495 2420.45 2109.396 93.5403 2437.498 2113.727 95.61901 2436.109 2119.5 0 2375 2113.727 -95.61901 2436.109 2109.396 -93.5403 2437.498 2101.5 79.5495 2420.45 2111.896 94.0973 2437.126 2101.5 93.5403 2437.498 2119.5 96.6263 2420.701 2119.5 88.3883 2411.612 2111.896 -94.0973 2437.126 2119.5 -96.6263 2420.701 2119.5 -88.3883 2411.612 2101.5 -93.5403 2437.498 2109.396 103.9364 2456.948 2101.5 103.9364 2456.948 2111.896 104.5553 2456.692 2119.5 103.9337 2430.553 2111.896 -104.5553 2456.692 2119.5 -103.9337 2430.553 2109.396 -103.9364 2456.948 2101.5 -103.9364 2456.948 2113.727 106.2461 2455.991 2119.5 110.2402 2441.075 2113.727 -106.2461 2455.991 2119.5 -110.2402 2441.075 2109.396 110.3383 2478.052 2111.896 110.9953 2477.922 2111.896 -110.9953 2477.922 2109.396 -110.3383 2478.052 2101.5 -110.3383 2478.052 2101.5 110.3383 2478.052 2113.727 112.7903 2477.564 2119.5 115.4849 2452.165 2113.727 -112.7903 2477.564 2119.5 -115.4849 2452.165 2109.396 112.5 2500 2119.5 119.6175 2463.714 2111.896 113.1699 2500 2119.5 -119.6175 2463.714 2111.896 -113.1699 2500 2109.396 -112.5 2500 2101.5 -112.5 2500 2101.5 112.5 2500 2119.5 122.5982 2475.614 2113.727 115 2500 2119.5 -122.5982 2475.614 2113.727 -115 2500 2111.896 110.9953 2522.078 2109.396 110.3383 2521.947 2119.5 124.3981 2487.748 2113.727 112.7903 2522.436 2119.5 -124.3981 2487.748 2111.896 -110.9953 2522.078 2113.727 -112.7903 2522.436 2101.5 -110.3383 2521.947 2101.5 110.3383 2521.947 2119.5 124.3981 2512.252 2119.5 125 2500 2109.396 -110.3383 2521.947 2119.5 -125 2500 2119.5 -124.3981 2512.252 2111.896 104.5553 2543.308 2113.727 106.2461 2544.008 2109.396 103.9364 2543.052 2119.5 122.5982 2524.386 2113.727 -106.2461 2544.008 2111.896 -104.5553 2543.308 2119.5 -122.5982 2524.386 2101.5 -103.9364 2543.052 2119.5 119.6175 2536.286 2101.5 103.9364 2543.052 2119.5 -119.6175 2536.286 2109.396 -103.9364 2543.052 2113.727 95.61901 2563.891 2111.896 94.0973 2562.874 2119.5 115.4849 2547.835 2109.396 93.5403 2562.501 2111.896 -94.0973 2562.874 2119.5 -115.4849 2547.835 2101.5 -93.5403 2562.501 2119.5 110.2402 2558.925 2101.5 93.5403 2562.501 2113.727 -95.61901 2563.891 2119.5 -110.2402 2558.925 2109.396 -93.5403 2562.501 2119.5 103.9337 2569.446 2111.896 80.0232 2580.023 2101.5 79.5495 2579.55 2111.896 -80.0232 2580.023 2101.5 -79.5495 2579.55 2119.5 96.6263 2579.299 2113.727 81.3173 2581.317 2109.396 79.5495 2579.55 2113.727 -81.3173 2581.317 2119.5 -103.9337 2569.446 2109.396 -79.5495 2579.55 2111.896 62.8738 2594.097 2109.396 62.5017 2593.54 2111.896 -62.8738 2594.097 2119.5 -96.6263 2579.299 2109.396 -62.5017 2593.54 2101.5 -62.5017 2593.54 2119.5 88.3883 2588.388 2113.727 63.8906 2595.619 2101.5 62.5017 2593.54 2113.727 -63.8906 2595.619 2119.5 -88.3883 2588.388 2119.5 79.2992 2596.626 2109.396 43.0519 2603.936 2111.896 43.3082 2604.555 2101.5 43.0519 2603.936 2119.5 -79.2992 2596.626 2111.896 -43.3082 2604.555 2101.5 -43.0519 2603.936 2119.5 69.4463 2603.934 2113.727 44.0086 2606.246 2119.5 -69.4463 2603.934 2113.727 -44.0086 2606.246 2109.396 -43.0519 2603.936 2101.5 21.9477 2610.338 2111.896 22.0783 2610.995 2119.5 58.9246 2610.24 2113.727 22.4354 2612.79 2119.5 -58.9246 2610.24 2113.727 -22.4354 2612.79 2111.896 -22.0783 2610.995 2101.5 -21.9477 2610.338 2109.396 21.9477 2610.338 2119.5 36.2856 2619.617 2119.5 47.8354 2615.485 2119.5 -47.8354 2615.485 2119.5 -36.2856 2619.617 2109.396 -21.9477 2610.338 2101.5 0 2612.5 2109.396 0 2612.5 2111.896 0 2613.17 2119.5 24.3863 2622.598 2119.5 -24.3863 2622.598 2109.396 0 2612.5 2113.727 0 2615 2119.5 12.2521 2624.398 2119.5 -12.2521 2624.398 2113.727 0 2615 2119.5 0 2625 2109.5 97.7039 2505.543 2109.5 100 2506 2128 100 2506 2109.5 102.2961 2505.543 2128 97.7039 2505.543 2128 102.2961 2505.543 2128 95.7574 2504.243 2109.5 104.2426 2504.243 2109.5 95.7574 2504.243 2128 104.2426 2504.243 2128 94.4567 2502.296 2109.5 105.5433 2502.296 2109.5 94.4567 2502.296 2128 105.5433 2502.296 2128 94 2500 2109.5 106 2500 2109.5 94 2500 2128 106 2500 2128 94.4567 2497.704 2109.5 105.5433 2497.704 2109.5 94.4567 2497.704 2128 105.5433 2497.704 2128 95.7574 2495.757 2109.5 104.2426 2495.757 2109.5 95.7574 2495.757 2128 104.2426 2495.757 2128 97.7039 2494.457 2109.5 102.2961 2494.457 2109.5 97.7039 2494.457 2128 102.2961 2494.457 2128 100 2494 2109.5 100 2494 2109.5 84.3064 2555.543 2109.5 86.6025 2556 2128 86.6025 2556 2109.5 88.8986 2555.543 2128 84.3064 2555.543 2128 88.8986 2555.543 2128 82.3599 2554.243 2109.5 90.8452 2554.243 2109.5 82.3599 2554.243 2128 90.8452 2554.243 2128 81.0593 2552.296 2109.5 92.1458 2552.296 2109.5 81.0593 2552.296 2128 92.1458 2552.296 2128 80.6025 2550 2109.5 92.6025 2550 2109.5 80.6025 2550 2128 92.6025 2550 2128 81.0593 2547.704 2109.5 92.1458 2547.704 2109.5 81.0593 2547.704 2128 92.1458 2547.704 2128 82.3599 2545.757 2109.5 90.8452 2545.757 2109.5 82.3599 2545.757 2128 90.8452 2545.757 2128 84.3064 2544.457 2109.5 88.8986 2544.457 2109.5 84.3064 2544.457 2128 88.8986 2544.457 2128 86.6025 2544 2109.5 86.6025 2544 2109.5 47.7039 2592.146 2109.5 50 2592.602 2128 50 2592.602 2109.5 52.2961 2592.146 2128 47.7039 2592.146 2128 52.2961 2592.146 2128 45.7574 2590.845 2109.5 54.2426 2590.845 2109.5 45.7574 2590.845 2128 54.2426 2590.845 2128 44.4567 2588.899 2109.5 55.5433 2588.899 2109.5 44.4567 2588.899 2128 55.5433 2588.899 2128 44 2586.602 2109.5 56 2586.602 2109.5 44 2586.602 2128 56 2586.602 2128 44.4567 2584.306 2109.5 55.5433 2584.306 2109.5 44.4567 2584.306 2128 55.5433 2584.306 2128 45.7574 2582.36 2109.5 54.2426 2582.36 2109.5 45.7574 2582.36 2128 54.2426 2582.36 2128 47.7039 2581.059 2109.5 52.2961 2581.059 2109.5 47.7039 2581.059 2128 52.2961 2581.059 2128 50 2580.602 2109.5 50 2580.602 2109.5 -52.2961 2592.146 2109.5 -50 2592.602 2128 -50 2592.602 2109.5 -47.7039 2592.146 2128 -52.2961 2592.146 2128 -47.7039 2592.146 2128 -54.2426 2590.845 2109.5 -45.7574 2590.845 2109.5 -54.2426 2590.845 2128 -45.7574 2590.845 2128 -55.5433 2588.899 2109.5 -44.4567 2588.899 2109.5 -55.5433 2588.899 2128 -44.4567 2588.899 2128 -56 2586.602 2109.5 -44 2586.602 2109.5 -56 2586.602 2128 -44 2586.602 2128 -55.5433 2584.306 2109.5 -44.4567 2584.306 2109.5 -55.5433 2584.306 2128 -44.4567 2584.306 2128 -54.2426 2582.36 2109.5 -45.7574 2582.36 2109.5 -54.2426 2582.36 2128 -45.7574 2582.36 2128 -52.2961 2581.059 2109.5 -47.7039 2581.059 2109.5 -52.2961 2581.059 2128 -47.7039 2581.059 2128 -50 2580.602 2109.5 -50 2580.602 2109.5 -88.8986 2555.543 2109.5 -86.6025 2556 2128 -86.6025 2556 2109.5 -84.3064 2555.543 2128 -88.8986 2555.543 2128 -84.3064 2555.543 2128 -90.8452 2554.243 2109.5 -82.3599 2554.243 2109.5 -90.8452 2554.243 2128 -82.3599 2554.243 2128 -92.1458 2552.296 2109.5 -81.0593 2552.296 2109.5 -92.1458 2552.296 2128 -81.0593 2552.296 2128 -92.6025 2550 2109.5 -80.6025 2550 2109.5 -92.6025 2550 2128 -80.6025 2550 2128 -92.1458 2547.704 2109.5 -81.0593 2547.704 2109.5 -92.1458 2547.704 2128 -81.0593 2547.704 2128 -90.8452 2545.757 2109.5 -82.3599 2545.757 2109.5 -90.8452 2545.757 2128 -82.3599 2545.757 2128 -88.8986 2544.457 2109.5 -84.3064 2544.457 2109.5 -88.8986 2544.457 2128 -84.3064 2544.457 2128 -86.6025 2544 2109.5 -86.6025 2544 2109.5 -102.2961 2505.543 2109.5 -100 2506 2128 -100 2506 2109.5 -97.7039 2505.543 2128 -102.2961 2505.543 2128 -97.7039 2505.543 2128 -104.2426 2504.243 2109.5 -95.7574 2504.243 2109.5 -104.2426 2504.243 2128 -95.7574 2504.243 2128 -105.5433 2502.296 2109.5 -94.4567 2502.296 2109.5 -105.5433 2502.296 2128 -94.4567 2502.296 2128 -106 2500 2109.5 -94 2500 2109.5 -106 2500 2128 -94 2500 2128 -105.5433 2497.704 2109.5 -94.4567 2497.704 2109.5 -105.5433 2497.704 2128 -94.4567 2497.704 2128 -104.2426 2495.757 2109.5 -95.7574 2495.757 2109.5 -104.2426 2495.757 2128 -95.7574 2495.757 2128 -102.2961 2494.457 2109.5 -97.7039 2494.457 2109.5 -102.2961 2494.457 2128 -97.7039 2494.457 2128 -100 2494 2109.5 -100 2494 2109.5 -88.8986 2455.543 2109.5 -86.6025 2456 2128 -86.6025 2456 2109.5 -84.3064 2455.543 2128 -88.8986 2455.543 2128 -84.3064 2455.543 2128 -90.8452 2454.243 2109.5 -82.3599 2454.243 2109.5 -90.8452 2454.243 2128 -82.3599 2454.243 2128 -92.1458 2452.296 2109.5 -81.0593 2452.296 2109.5 -92.1458 2452.296 2128 -81.0593 2452.296 2128 -92.6025 2450 2109.5 -80.6025 2450 2109.5 -92.6025 2450 2128 -80.6025 2450 2128 -92.1458 2447.704 2109.5 -81.0593 2447.704 2109.5 -92.1458 2447.704 2128 -81.0593 2447.704 2128 -90.8452 2445.757 2109.5 -82.3599 2445.757 2109.5 -90.8452 2445.757 2128 -82.3599 2445.757 2128 -88.8986 2444.457 2109.5 -84.3064 2444.457 2109.5 -88.8986 2444.457 2128 -84.3064 2444.457 2128 -86.6025 2444 2109.5 -86.6025 2444 2109.5 -52.2961 2418.941 2109.5 -50 2419.397 2128 -50 2419.397 2109.5 -47.7039 2418.941 2128 -52.2961 2418.941 2128 -47.7039 2418.941 2128 -54.2426 2417.64 2109.5 -45.7574 2417.64 2109.5 -54.2426 2417.64 2128 -45.7574 2417.64 2128 -55.5433 2415.694 2109.5 -44.4567 2415.694 2109.5 -55.5433 2415.694 2128 -44.4567 2415.694 2128 -56 2413.397 2109.5 -44 2413.397 2109.5 -56 2413.397 2128 -44 2413.397 2128 -55.5433 2411.101 2109.5 -44.4567 2411.101 2109.5 -55.5433 2411.101 2128 -44.4567 2411.101 2128 -54.2426 2409.155 2109.5 -45.7574 2409.155 2109.5 -54.2426 2409.155 2128 -45.7574 2409.155 2128 -52.2961 2407.854 2109.5 -47.7039 2407.854 2109.5 -52.2961 2407.854 2128 -47.7039 2407.854 2128 -50 2407.397 2109.5 -50 2407.397 2109.5 0 2406 2128 2.2961 2405.543 2128 0 2406 2109.5 2.2961 2405.543 2109.5 -2.2961 2405.543 2128 4.2426 2404.243 2128 -2.2961 2405.543 2109.5 4.2426 2404.243 2128 -4.2426 2404.243 2109.5 5.5433 2402.296 2109.5 -4.2426 2404.243 2128 5.5433 2402.296 2128 -5.5433 2402.296 2109.5 6 2400 2109.5 -5.5433 2402.296 2128 6 2400 2128 -6 2400 2109.5 5.5433 2397.704 2109.5 -6 2400 2128 5.5433 2397.704 2128 -5.5433 2397.704 2109.5 4.2426 2395.757 2109.5 -5.5433 2397.704 2128 4.2426 2395.757 2128 -4.2426 2395.757 2109.5 2.2961 2394.456 2109.5 -4.2426 2395.757 2128 2.2961 2394.456 2128 -2.2961 2394.456 2109.5 0 2394 2109.5 -2.2961 2394.456 2128 0 2394 2109.5 47.7039 2418.941 2109.5 50 2419.397 2128 50 2419.397 2109.5 52.2961 2418.941 2128 47.7039 2418.941 2128 52.2961 2418.941 2128 45.7574 2417.64 2109.5 54.2426 2417.64 2109.5 45.7574 2417.64 2128 54.2426 2417.64 2128 44.4567 2415.694 2109.5 55.5433 2415.694 2109.5 44.4567 2415.694 2128 55.5433 2415.694 2128 44 2413.397 2109.5 56 2413.397 2109.5 44 2413.397 2128 56 2413.397 2128 44.4567 2411.101 2109.5 55.5433 2411.101 2109.5 44.4567 2411.101 2128 55.5433 2411.101 2128 45.7574 2409.155 2109.5 54.2426 2409.155 2109.5 45.7574 2409.155 2128 54.2426 2409.155 2128 47.7039 2407.854 2109.5 52.2961 2407.854 2109.5 47.7039 2407.854 2128 52.2961 2407.854 2128 50 2407.397 2109.5 50 2407.397 2109.5 84.3064 2455.543 2109.5 86.6025 2456 2128 86.6025 2456 2109.5 88.8986 2455.543 2128 84.3064 2455.543 2128 88.8986 2455.543 2128 82.3599 2454.243 2109.5 90.8452 2454.243 2109.5 82.3599 2454.243 2128 90.8452 2454.243 2128 81.0593 2452.296 2109.5 92.1458 2452.296 2109.5 81.0593 2452.296 2128 92.1458 2452.296 2128 80.6025 2450 2109.5 92.6025 2450 2109.5 80.6025 2450 2128 92.6025 2450 2128 81.0593 2447.704 2109.5 92.1458 2447.704 2109.5 81.0593 2447.704 2128 92.1458 2447.704 2128 82.3599 2445.757 2109.5 90.8452 2445.757 2109.5 82.3599 2445.757 2128 90.8452 2445.757 2128 84.3064 2444.457 2109.5 88.8986 2444.457 2109.5 84.3064 2444.457 2128 88.8986 2444.457 2128 86.6025 2444 2109.5 86.6025 2444 2081.3 20.3382 2397.753 2081.3 0 2395.75 2095 0 2395.75 2081.3 -20.3382 2397.753 2095 20.3382 2397.753 2095 -20.3382 2397.753 2081.3 39.8947 2403.686 2081.3 -39.8947 2403.686 2095 39.8947 2403.686 2095 -39.8947 2403.686 2095 57.9182 2413.319 2081.3 -57.9182 2413.319 2081.3 57.9182 2413.319 2095 -57.9182 2413.319 2095 73.7159 2426.284 2081.3 -73.7159 2426.284 2081.3 73.7159 2426.284 2095 -73.7159 2426.284 2095 86.6807 2442.082 2081.3 -86.6807 2442.082 2081.3 86.6807 2442.082 2095 -86.6807 2442.082 2095 96.3144 2460.105 2081.3 -96.3144 2460.105 2081.3 96.3144 2460.105 2095 -96.3144 2460.105 2095 102.2469 2479.662 2081.3 -102.2469 2479.662 2081.3 102.2469 2479.662 2095 -102.2469 2479.662 2095 104.25 2500 2081.3 -104.25 2500 2081.3 104.25 2500 2095 -104.25 2500 2095 102.2469 2520.338 2081.3 -102.2469 2520.338 2081.3 102.2469 2520.338 2095 -102.2469 2520.338 2081.3 96.3144 2539.895 2081.3 -96.3144 2539.895 2095 96.3144 2539.895 2095 -96.3144 2539.895 2081.3 86.6807 2557.918 2081.3 -86.6807 2557.918 2095 86.6807 2557.918 2095 -86.6807 2557.918 2095 73.7159 2573.716 2081.3 -73.7159 2573.716 2081.3 73.7159 2573.716 2095 -73.7159 2573.716 2095 57.9182 2586.681 2081.3 -57.9182 2586.681 2081.3 57.9182 2586.681 2095 -57.9182 2586.681 2095 39.8947 2596.314 2081.3 -39.8947 2596.314 2081.3 39.8947 2596.314 2095 -39.8947 2596.314 2095 20.3382 2602.247 2081.3 -20.3382 2602.247 2081.3 20.3382 2602.247 2095 -20.3382 2602.247 2095 0 2604.25 2081.3 0 2604.25 2128 -12.3882 2562.28 2128 -24.3004 2558.666 2127 -12.1931 2561.299 2127 -23.9177 2557.742 2128 0 2563.5 2127 -34.7231 2551.967 2127 0 2562.5 2128 -35.2787 2552.798 2127 12.1931 2561.299 2127 -44.1942 2544.194 2128 12.3882 2562.28 2128 -44.9013 2544.901 2128 24.3004 2558.666 2128 -52.7983 2535.279 2127 23.9177 2557.742 2127 -51.9669 2534.723 2127 34.7231 2551.967 2128 -58.6663 2524.3 2128 35.2787 2552.798 2127 -57.7425 2523.917 2127 44.1942 2544.194 2128 -62.2799 2512.388 2128 44.9013 2544.901 2127 -61.2991 2512.193 2128 52.7983 2535.279 2128 -63.5 2500 2127 51.9669 2534.723 2127 -62.5 2500 2128 58.6663 2524.3 2127 -61.2991 2487.807 2127 57.7425 2523.917 2128 -62.2799 2487.612 2128 62.2799 2512.388 2127 -57.7425 2476.082 2127 61.2991 2512.193 2128 -58.6663 2475.699 2128 63.5 2500 2127 -51.9669 2465.277 2127 62.5 2500 2128 -52.7983 2464.721 2127 61.2991 2487.807 2127 -44.1942 2455.805 2128 62.2799 2487.612 2128 -44.9013 2455.099 2127 57.7425 2476.082 2128 -35.2787 2447.202 2128 58.6663 2475.699 2127 -34.7231 2448.033 2127 51.9669 2465.277 2128 -24.3004 2441.333 2128 52.7983 2464.721 2127 -23.9177 2442.258 2127 44.1942 2455.805 2127 -12.1931 2438.701 2128 44.9013 2455.099 2128 -12.3882 2437.72 2128 35.2787 2447.202 2128 0 2436.5 2127 34.7231 2448.033 2127 0 2437.5 2128 24.3004 2441.333 2127 12.1931 2438.701 2127 23.9177 2442.258 2128 12.3882 2437.72 2128 12.3882 2437.72 2128 0 2431.5 2128 13.3637 2432.816 2128 0 2436.5 2128 24.3004 2441.333 2128 -12.3882 2437.72 2128 26.2138 2436.714 2128 -13.3637 2432.816 2128 38.0566 2443.044 2128 -24.3004 2441.333 2128 35.2787 2447.202 2128 -26.2138 2436.714 2128 44.9013 2455.099 2128 -38.0566 2443.044 2128 48.4368 2451.563 2128 -35.2787 2447.202 2128 52.7983 2464.721 2128 -44.9013 2455.099 2128 56.9557 2461.943 2128 -48.4368 2451.563 2128 63.2857 2473.786 2128 -52.7983 2464.721 2128 58.6663 2475.699 2128 -56.9557 2461.943 2128 62.2799 2487.612 2128 -63.2857 2473.786 2128 67.1838 2486.636 2128 -58.6663 2475.699 2128 63.5 2500 2128 -62.2799 2487.612 2128 68.5 2500 2128 -67.1838 2486.636 2128 67.1838 2513.364 2128 -63.5 2500 2128 62.2799 2512.388 2128 -68.5 2500 2128 63.2857 2526.214 2128 -67.1838 2513.364 2128 58.6663 2524.3 2128 -62.2799 2512.388 2128 52.7983 2535.279 2128 -63.2857 2526.214 2128 56.9557 2538.057 2128 -58.6663 2524.3 2128 48.4368 2548.437 2128 -52.7983 2535.279 2128 44.9013 2544.901 2128 -56.9557 2538.057 2128 38.0566 2556.956 2128 -48.4368 2548.437 2128 35.2787 2552.798 2128 -44.9013 2544.901 2128 24.3004 2558.666 2128 -38.0566 2556.956 2128 26.2138 2563.286 2128 -35.2787 2552.798 2128 13.3637 2567.184 2128 -24.3004 2558.666 2128 12.3882 2562.28 2128 -26.2138 2563.286 2128 0 2568.5 2128 -13.3637 2567.184 2128 0 2563.5 2128 -12.3882 2562.28 2128 -17.2655 2586.799 2128 0 2588.5 2128 -4.2426 2595.757 2128 -2.2961 2594.457 2128 -5.5433 2597.704 2128 0 2594 2128 -6 2600 2128 2.2961 2594.457 2128 -24.1912 2621.617 2128 4.2426 2595.757 2128 -5.5433 2602.296 2128 -35.9953 2618.661 2128 17.2655 2586.799 2128 -12.1541 2623.403 2128 -45.7574 2590.845 2128 5.5433 2597.704 2128 -4.2426 2604.243 2128 -47.4527 2614.561 2128 -44.4567 2588.899 2128 6 2600 2128 -2.2961 2605.543 2128 -47.7039 2592.146 2128 -33.8675 2581.763 2128 24.1912 2621.617 2128 0 2624 2128 -50 2592.602 2128 -44 2586.602 2128 35.9953 2618.661 2128 5.5433 2602.296 2128 0 2606 2128 -58.4532 2609.358 2128 -44.4567 2584.306 2128 45.7574 2590.845 2128 12.1541 2623.403 2128 2.2961 2605.543 2128 -52.2961 2592.146 2128 -45.7574 2582.36 2128 44.4567 2588.899 2128 47.4527 2614.561 2128 4.2426 2604.243 2128 -54.2426 2590.845 2128 -49.168 2573.585 2128 33.8675 2581.763 2128 47.7039 2592.146 2128 -68.8907 2603.102 2128 -47.7039 2581.059 2128 44 2586.602 2128 50 2592.602 2128 -55.5433 2588.899 2128 -50 2580.602 2128 44.4567 2584.306 2128 58.4532 2609.358 2128 -78.6648 2595.853 2128 -52.2961 2581.059 2128 45.7574 2582.36 2128 52.2961 2592.146 2128 -56 2586.602 2128 -54.2426 2582.36 2128 49.168 2573.585 2128 54.2426 2590.845 2128 -55.5433 2584.306 2128 -62.579 2562.579 2128 47.7039 2581.059 2128 68.8907 2603.102 2128 -87.6812 2587.681 2128 50 2580.602 2128 55.5433 2588.899 2128 52.2961 2581.059 2128 78.6648 2595.853 2128 -84.3064 2555.543 2128 54.2426 2582.36 2128 56 2586.602 2128 -82.3599 2554.243 2128 -95.8533 2578.665 2128 62.579 2562.579 2128 55.5433 2584.306 2128 -73.5851 2549.168 2128 -86.6025 2556 2128 87.6812 2587.681 2128 -81.0593 2552.296 2128 -88.8986 2555.543 2128 -80.6025 2550 2128 -103.1022 2568.891 2128 84.3064 2555.543 2128 -81.0593 2547.704 2128 -90.8452 2554.243 2128 82.3599 2554.243 2128 95.8533 2578.665 2128 -82.3599 2545.757 2128 -109.3582 2558.453 2128 73.5851 2549.168 2128 86.6025 2556 2128 -81.7633 2533.867 2128 -92.1458 2552.296 2128 81.0593 2552.296 2128 88.8986 2555.543 2128 -84.3064 2544.457 2128 -92.6025 2550 2128 80.6025 2550 2128 103.1022 2568.891 2128 -86.6025 2544 2128 -114.5611 2547.453 2128 81.0593 2547.704 2128 90.8452 2554.243 2128 -88.8986 2544.457 2128 -92.1458 2547.704 2128 82.3599 2545.757 2128 109.3582 2558.453 2128 -86.7995 2517.266 2128 -90.8452 2545.757 2128 81.7633 2533.867 2128 92.1458 2552.296 2128 -118.6606 2535.995 2128 84.3064 2544.457 2128 92.6025 2550 2128 86.6025 2544 2128 114.5611 2547.453 2128 -121.6174 2524.191 2128 88.8986 2544.457 2128 92.1458 2547.704 2128 -100 2506 2128 86.7995 2517.266 2128 90.8452 2545.757 2128 -97.7039 2505.543 2128 -102.2961 2505.543 2128 118.6606 2535.995 2128 -95.7574 2504.243 2128 -123.4029 2512.154 2128 -88.5 2500 2128 -104.2426 2504.243 2128 121.6174 2524.191 2128 -94.4567 2502.296 2128 -105.5433 2502.296 2128 100 2506 2128 -94 2500 2128 -124 2500 2128 97.7039 2505.543 2128 102.2961 2505.543 2128 -94.4567 2497.704 2128 -106 2500 2128 95.7574 2504.243 2128 123.4029 2512.154 2128 -95.7574 2495.757 2128 -105.5433 2497.704 2128 88.5 2500 2128 104.2426 2504.243 2128 -86.7995 2482.734 2128 -123.4029 2487.846 2128 94.4567 2502.296 2128 105.5433 2502.296 2128 -97.7039 2494.457 2128 -104.2426 2495.757 2128 94 2500 2128 124 2500 2128 -100 2494 2128 -102.2961 2494.457 2128 94.4567 2497.704 2128 106 2500 2128 -121.6174 2475.809 2128 95.7574 2495.757 2128 105.5433 2497.704 2128 -118.6606 2464.005 2128 86.7995 2482.734 2128 123.4029 2487.846 2128 -90.8452 2454.243 2128 97.7039 2494.457 2128 104.2426 2495.757 2128 -114.5611 2452.547 2128 -88.8986 2455.543 2128 100 2494 2128 102.2961 2494.457 2128 -92.1458 2452.296 2128 -81.7633 2466.132 2128 121.6174 2475.809 2128 -92.6025 2450 2128 -86.6025 2456 2128 118.6606 2464.005 2128 -109.3582 2441.547 2128 -84.3064 2455.543 2128 90.8452 2454.243 2128 -92.1458 2447.704 2128 -82.3599 2454.243 2128 114.5611 2452.547 2128 88.8986 2455.543 2128 -90.8452 2445.757 2128 -73.5851 2450.832 2128 92.1458 2452.296 2128 81.7633 2466.132 2128 -103.1022 2431.109 2128 -81.0593 2452.296 2128 92.6025 2450 2128 86.6025 2456 2128 -88.8986 2444.457 2128 -80.6025 2450 2128 109.3582 2441.547 2128 84.3064 2455.543 2128 -95.8533 2421.335 2128 -81.0593 2447.704 2128 92.1458 2447.704 2128 82.3599 2454.243 2128 -86.6025 2444 2128 -82.3599 2445.757 2128 90.8452 2445.757 2128 73.5851 2450.832 2128 -84.3064 2444.457 2128 -62.579 2437.421 2128 103.1022 2431.109 2128 81.0593 2452.296 2128 -87.6812 2412.319 2128 88.8986 2444.457 2128 80.6025 2450 2128 95.8533 2421.335 2128 81.0593 2447.704 2128 -55.5433 2415.694 2128 86.6025 2444 2128 82.3599 2445.757 2128 -78.6648 2404.147 2128 -54.2426 2417.64 2128 84.3064 2444.457 2128 62.579 2437.421 2128 -56 2413.397 2128 -49.168 2426.415 2128 87.6812 2412.319 2128 -55.5433 2411.101 2128 -52.2961 2418.941 2128 -68.8907 2396.897 2128 -50 2419.397 2128 55.5433 2415.694 2128 -54.2426 2409.155 2128 -47.7039 2418.941 2128 54.2426 2417.64 2128 78.6648 2404.147 2128 -58.4532 2390.642 2128 -45.7574 2417.64 2128 49.168 2426.415 2128 56 2413.397 2128 -52.2961 2407.854 2128 -33.8675 2418.237 2128 52.2961 2418.941 2128 55.5433 2411.101 2128 -50 2407.397 2128 -44.4567 2415.694 2128 50 2419.397 2128 68.8907 2396.897 2128 -47.4527 2385.439 2128 -44 2413.397 2128 47.7039 2418.941 2128 54.2426 2409.155 2128 -47.7039 2407.854 2128 -44.4567 2411.101 2128 45.7574 2417.64 2128 58.4532 2390.642 2128 -45.7574 2409.155 2128 -17.2655 2413.201 2128 33.8675 2418.237 2128 52.2961 2407.854 2128 -35.9953 2381.339 2128 44.4567 2415.694 2128 50 2407.397 2128 44 2413.397 2128 47.4527 2385.439 2128 -24.1912 2378.383 2128 44.4567 2411.101 2128 47.7039 2407.854 2128 -6 2400 2128 17.2655 2413.201 2128 45.7574 2409.155 2128 -5.5433 2397.704 2128 -5.5433 2402.296 2128 35.9953 2381.339 2128 -12.1541 2376.597 2128 -4.2426 2404.243 2128 -4.2426 2395.757 2128 0 2411.5 2128 24.1912 2378.383 2128 -2.2961 2394.456 2128 -2.2961 2405.543 2128 6 2400 2128 0 2376 2128 0 2406 2128 5.5433 2397.704 2128 5.5433 2402.296 2128 0 2394 2128 2.2961 2405.543 2128 12.1541 2376.597 2128 4.2426 2404.243 2128 2.2961 2394.456 2128 4.2426 2395.757 2115.5 -2.2961 2605.543 2115.5 0 2606 2128 0 2606 2128 2.2961 2605.543 2128 -2.2961 2605.543 2115.5 2.2961 2605.543 2128 -4.2426 2604.243 2128 4.2426 2604.243 2115.5 -4.2426 2604.243 2115.5 4.2426 2604.243 2128 -5.5433 2602.296 2115.5 5.5433 2602.296 2115.5 -5.5433 2602.296 2128 5.5433 2602.296 2128 -6 2600 2115.5 6 2600 2115.5 -6 2600 2128 6 2600 2128 -5.5433 2597.704 2115.5 5.5433 2597.704 2115.5 -5.5433 2597.704 2128 5.5433 2597.704 2128 -4.2426 2595.757 2115.5 4.2426 2595.757 2115.5 -4.2426 2595.757 2128 4.2426 2595.757 2128 -2.2961 2594.457 2115.5 2.2961 2594.457 2115.5 -2.2961 2594.457 2128 2.2961 2594.457 2128 0 2594 2115.5 0 2594 2127 24.3863 2622.598 2127 12.2521 2624.398 2128 12.1541 2623.403 2128 0 2624 2128 24.1912 2621.617 2127 0 2625 2127 36.2856 2619.617 2128 -12.1541 2623.403 2128 35.9953 2618.661 2127 -12.2521 2624.398 2127 47.8354 2615.485 2128 -24.1912 2621.617 2128 47.4527 2614.561 2127 -24.3863 2622.598 2127 58.9246 2610.24 2128 -35.9953 2618.661 2128 58.4532 2609.358 2127 -36.2856 2619.617 2127 69.4463 2603.934 2128 -47.4527 2614.561 2128 68.8907 2603.102 2127 -47.8354 2615.485 2127 79.2992 2596.626 2128 -58.4532 2609.358 2128 78.6648 2595.853 2127 -58.9246 2610.24 2128 87.6812 2587.681 2127 -69.4463 2603.934 2127 88.3883 2588.388 2128 -68.8907 2603.102 2128 95.8533 2578.665 2127 -79.2992 2596.626 2127 96.6263 2579.299 2128 -78.6648 2595.853 2128 103.1022 2568.891 2128 -87.6812 2587.681 2127 103.9337 2569.446 2127 -88.3883 2588.388 2128 109.3582 2558.453 2127 -96.6263 2579.299 2127 110.2402 2558.925 2128 -95.8533 2578.665 2127 115.4849 2547.835 2127 -103.9337 2569.446 2128 114.5611 2547.453 2128 -103.1022 2568.891 2128 118.6606 2535.995 2127 -110.2402 2558.925 2127 119.6175 2536.286 2128 -109.3582 2558.453 2127 122.5982 2524.386 2127 -115.4849 2547.835 2128 121.6174 2524.191 2128 -114.5611 2547.453 2127 124.3981 2512.252 2127 -119.6175 2536.286 2128 123.4029 2512.154 2128 -118.6606 2535.995 2128 124 2500 2127 -122.5982 2524.386 2127 125 2500 2128 -121.6174 2524.191 2127 124.3981 2487.748 2127 -124.3981 2512.252 2128 123.4029 2487.846 2128 -123.4029 2512.154 2128 121.6174 2475.809 2128 -124 2500 2127 122.5982 2475.614 2127 -125 2500 2127 119.6175 2463.714 2128 -123.4029 2487.846 2128 118.6606 2464.005 2127 -124.3981 2487.748 2128 114.5611 2452.547 2128 -121.6174 2475.809 2127 115.4849 2452.165 2127 -122.5982 2475.614 2128 109.3582 2441.547 2127 -119.6175 2463.714 2127 110.2402 2441.075 2128 -118.6606 2464.005 2127 103.9337 2430.553 2127 -115.4849 2452.165 2128 103.1022 2431.109 2128 -114.5611 2452.547 2127 96.6263 2420.701 2128 -109.3582 2441.547 2128 95.8533 2421.335 2127 -110.2402 2441.075 2127 88.3883 2411.612 2128 -103.1022 2431.109 2128 87.6812 2412.319 2127 -103.9337 2430.553 2127 79.2992 2403.374 2127 -96.6263 2420.701 2128 78.6648 2404.147 2128 -95.8533 2421.335 2127 69.4463 2396.066 2127 -88.3883 2411.612 2128 68.8907 2396.897 2128 -87.6812 2412.319 2128 58.4532 2390.642 2127 -79.2992 2403.374 2127 58.9246 2389.76 2128 -78.6648 2404.147 2127 47.8354 2384.515 2127 -69.4463 2396.066 2128 47.4527 2385.439 2128 -68.8907 2396.897 2127 36.2856 2380.383 2128 -58.4532 2390.642 2128 35.9953 2381.339 2127 -58.9246 2389.76 2128 24.1912 2378.383 2127 -47.8354 2384.515 2127 24.3863 2377.402 2128 -47.4527 2385.439 2127 12.2521 2375.602 2127 -36.2856 2380.383 2128 12.1541 2376.597 2128 -35.9953 2381.339 2128 0 2376 2127 -24.3863 2377.402 2127 0 2375 2128 -24.1912 2378.383 2127 -12.2521 2375.602 2128 -12.1541 2376.597 2127 0 2625 2127 12.2521 2624.398 2119.5 0 2625 2119.5 12.2521 2624.398 2119.5 -12.2521 2624.398 2127 24.3863 2622.598 2127 -12.2521 2624.398 2119.5 24.3863 2622.598 2119.5 -24.3863 2622.598 2127 36.2856 2619.617 2127 -24.3863 2622.598 2119.5 36.2856 2619.617 2119.5 -36.2856 2619.617 2127 47.8354 2615.485 2127 -36.2856 2619.617 2119.5 47.8354 2615.485 2119.5 -47.8354 2615.485 2127 58.9246 2610.24 2127 -47.8354 2615.485 2119.5 58.9246 2610.24 2127 -58.9246 2610.24 2127 69.4463 2603.934 2119.5 -58.9246 2610.24 2119.5 69.4463 2603.934 2127 -69.4463 2603.934 2119.5 79.2992 2596.626 2119.5 -69.4463 2603.934 2127 79.2992 2596.626 2127 -79.2992 2596.626 2127 88.3883 2588.388 2119.5 -79.2992 2596.626 2119.5 88.3883 2588.388 2127 -88.3883 2588.388 2119.5 96.6263 2579.299 2119.5 -88.3883 2588.388 2127 96.6263 2579.299 2127 -96.6263 2579.299 2119.5 103.9337 2569.446 2119.5 -96.6263 2579.299 2127 103.9337 2569.446 2127 -103.9337 2569.446 2119.5 110.2402 2558.925 2119.5 -103.9337 2569.446 2127 110.2402 2558.925 2127 -110.2402 2558.925 2119.5 115.4849 2547.835 2119.5 -110.2402 2558.925 2127 115.4849 2547.835 2127 -115.4849 2547.835 2119.5 119.6175 2536.286 2119.5 -115.4849 2547.835 2127 119.6175 2536.286 2127 -119.6175 2536.286 2119.5 122.5982 2524.386 2119.5 -119.6175 2536.286 2127 122.5982 2524.386 2127 -122.5982 2524.386 2127 124.3981 2512.252 2119.5 -122.5982 2524.386 2119.5 124.3981 2512.252 2127 -124.3981 2512.252 2127 125 2500 2119.5 -124.3981 2512.252 2119.5 125 2500 2127 -125 2500 2119.5 124.3981 2487.748 2119.5 -125 2500 2127 124.3981 2487.748 2127 -124.3981 2487.748 2119.5 122.5982 2475.614 2119.5 -124.3981 2487.748 2127 122.5982 2475.614 2127 -122.5982 2475.614 2127 119.6175 2463.714 2119.5 -122.5982 2475.614 2119.5 119.6175 2463.714 2127 -119.6175 2463.714 2127 115.4849 2452.165 2119.5 -119.6175 2463.714 2119.5 115.4849 2452.165 2127 -115.4849 2452.165 2119.5 110.2402 2441.075 2119.5 -115.4849 2452.165 2127 110.2402 2441.075 2127 -110.2402 2441.075 2119.5 103.9337 2430.553 2119.5 -110.2402 2441.075 2127 103.9337 2430.553 2127 -103.9337 2430.553 2127 96.6263 2420.701 2119.5 -103.9337 2430.553 2119.5 96.6263 2420.701 2127 -96.6263 2420.701 2127 88.3883 2411.612 2119.5 -96.6263 2420.701 2119.5 88.3883 2411.612 2127 -88.3883 2411.612 2119.5 79.2992 2403.374 2119.5 -88.3883 2411.612 2127 79.2992 2403.374 2127 -79.2992 2403.374 2119.5 69.4463 2396.066 2119.5 -79.2992 2403.374 2127 69.4463 2396.066 2127 -69.4463 2396.066 2119.5 58.9246 2389.76 2119.5 -69.4463 2396.066 2127 58.9246 2389.76 2127 -58.9246 2389.76 2119.5 47.8354 2384.515 2119.5 -58.9246 2389.76 2127 47.8354 2384.515 2127 -47.8354 2384.515 2119.5 36.2856 2380.383 2119.5 -47.8354 2384.515 2127 36.2856 2380.383 2127 -36.2856 2380.383 2119.5 24.3863 2377.402 2119.5 -36.2856 2380.383 2127 24.3863 2377.402 2127 -24.3863 2377.402 2119.5 12.2521 2375.602 2119.5 -24.3863 2377.402 2127 12.2521 2375.602 2127 -12.2521 2375.602 2119.5 0 2375 2119.5 -12.2521 2375.602 2127 0 2375 2101.5 0 2610 2101.5 -21.4599 2607.886 2101.5 0 2612.5 2101.5 -21.9477 2610.338 2101.5 21.9477 2610.338 2101.5 -43.0519 2603.936 2101.5 21.4599 2607.886 2101.5 -42.0952 2601.627 2101.5 43.0519 2603.936 2101.5 -62.5017 2593.54 2101.5 42.0952 2601.627 2101.5 -61.1127 2591.461 2101.5 62.5017 2593.54 2101.5 -77.7817 2577.781 2101.5 61.1127 2591.461 2101.5 -79.5495 2579.55 2101.5 77.7817 2577.781 2101.5 -91.4617 2561.112 2101.5 79.5495 2579.55 2101.5 -93.5403 2562.501 2101.5 91.4617 2561.112 2101.5 -103.9364 2543.052 2101.5 93.5403 2562.501 2101.5 -101.6267 2542.095 2101.5 103.9364 2543.052 2101.5 -110.3383 2521.947 2101.5 101.6267 2542.095 2101.5 -107.8864 2521.459 2101.5 110.3383 2521.947 2101.5 -112.5 2500 2101.5 107.8864 2521.459 2101.5 -110 2500 2101.5 112.5 2500 2101.5 -107.8864 2478.54 2101.5 110 2500 2101.5 -110.3383 2478.052 2101.5 107.8864 2478.54 2101.5 -101.6267 2457.905 2101.5 110.3383 2478.052 2101.5 -103.9364 2456.948 2101.5 101.6267 2457.905 2101.5 -91.4617 2438.887 2101.5 103.9364 2456.948 2101.5 -93.5403 2437.498 2101.5 91.4617 2438.887 2101.5 -79.5495 2420.45 2101.5 93.5403 2437.498 2101.5 -77.7817 2422.218 2101.5 79.5495 2420.45 2101.5 -62.5017 2406.459 2101.5 77.7817 2422.218 2101.5 -61.1127 2408.538 2101.5 62.5017 2406.459 2101.5 -42.0952 2398.373 2101.5 61.1127 2408.538 2101.5 -43.0519 2396.063 2101.5 42.0952 2398.373 2101.5 -21.4599 2392.114 2101.5 43.0519 2396.063 2101.5 -21.9477 2389.662 2101.5 21.4599 2392.114 2101.5 0 2387.5 2101.5 21.9477 2389.662 2101.5 0 2390 2101.5 0 2390 2101.5 -21.4599 2392.114 2092.9 -21.4599 2392.114 2092.9 -42.0952 2398.373 2092.9 0 2390 2101.5 -42.0952 2398.373 2101.5 21.4599 2392.114 2092.9 -61.1127 2408.538 2092.9 21.4599 2392.114 2101.5 -61.1127 2408.538 2101.5 42.0952 2398.373 2092.9 -77.7817 2422.218 2092.9 42.0952 2398.373 2101.5 -77.7817 2422.218 2101.5 61.1127 2408.538 2092.9 -91.4617 2438.887 2092.9 61.1127 2408.538 2101.5 -91.4617 2438.887 2101.5 77.7817 2422.218 2092.9 -101.6267 2457.905 2092.9 77.7817 2422.218 2101.5 -101.6267 2457.905 2101.5 91.4617 2438.887 2092.9 -107.8864 2478.54 2092.9 91.4617 2438.887 2101.5 -107.8864 2478.54 2101.5 101.6267 2457.905 2092.9 -110 2500 2092.9 101.6267 2457.905 2101.5 -110 2500 2101.5 107.8864 2478.54 2092.9 -107.8864 2521.459 2092.9 107.8864 2478.54 2101.5 -107.8864 2521.459 2101.5 110 2500 2092.9 -101.6267 2542.095 2092.9 110 2500 2101.5 -101.6267 2542.095 2101.5 107.8864 2521.459 2092.9 -91.4617 2561.112 2092.9 107.8864 2521.459 2101.5 -91.4617 2561.112 2092.9 101.6267 2542.095 2092.9 -77.7817 2577.781 2101.5 101.6267 2542.095 2101.5 -77.7817 2577.781 2092.9 91.4617 2561.112 2092.9 -61.1127 2591.461 2101.5 91.4617 2561.112 2101.5 -61.1127 2591.461 2101.5 77.7817 2577.781 2092.9 -42.0952 2601.627 2092.9 77.7817 2577.781 2101.5 -42.0952 2601.627 2101.5 61.1127 2591.461 2092.9 -21.4599 2607.886 2092.9 61.1127 2591.461 2101.5 -21.4599 2607.886 2101.5 42.0952 2601.627 2101.5 0 2610 2092.9 42.0952 2601.627 2092.9 0 2610 2101.5 21.4599 2607.886 2092.9 21.4599 2607.886 2092.9 -21.4599 2607.886 2092.9 0 2612.5 2092.9 -21.9477 2610.338 2092.9 0 2610 2092.9 -43.0519 2603.936 2092.9 21.9477 2610.338 2092.9 -42.0952 2601.627 2092.9 21.4599 2607.886 2092.9 -62.5017 2593.54 2092.9 43.0519 2603.936 2092.9 -61.1127 2591.461 2092.9 42.0952 2601.627 2092.9 -77.7817 2577.781 2092.9 62.5017 2593.54 2092.9 -79.5495 2579.55 2092.9 61.1127 2591.461 2092.9 -91.4617 2561.112 2092.9 77.7817 2577.781 2092.9 -93.5403 2562.501 2092.9 79.5495 2579.55 2092.9 -103.9364 2543.052 2092.9 91.4617 2561.112 2092.9 -101.6267 2542.095 2092.9 93.5403 2562.501 2092.9 -110.3383 2521.947 2092.9 103.9364 2543.052 2092.9 -107.8864 2521.459 2092.9 101.6267 2542.095 2092.9 -112.5 2500 2092.9 110.3383 2521.947 2092.9 -110 2500 2092.9 107.8864 2521.459 2092.9 -107.8864 2478.54 2092.9 112.5 2500 2092.9 -110.3383 2478.052 2092.9 110 2500 2092.9 -101.6267 2457.905 2092.9 107.8864 2478.54 2092.9 -103.9364 2456.948 2092.9 110.3383 2478.052 2092.9 -91.4617 2438.887 2092.9 101.6267 2457.905 2092.9 -93.5403 2437.498 2092.9 103.9364 2456.948 2092.9 -79.5495 2420.45 2092.9 91.4617 2438.887 2092.9 -77.7817 2422.218 2092.9 93.5403 2437.498 2092.9 -62.5017 2406.459 2092.9 79.5495 2420.45 2092.9 -61.1127 2408.538 2092.9 77.7817 2422.218 2092.9 -42.0952 2398.373 2092.9 62.5017 2406.459 2092.9 -43.0519 2396.063 2092.9 61.1127 2408.538 2092.9 -21.4599 2392.114 2092.9 42.0952 2398.373 2092.9 -21.9477 2389.662 2092.9 43.0519 2396.063 2092.9 0 2387.5 2092.9 21.4599 2392.114 2092.9 0 2390 2092.9 21.9477 2389.662 2092.9 0 2612.5 2092.9 21.9477 2610.338 2087.9 0 2612.5 2087.9 21.9477 2610.338 2087.9 -21.9477 2610.338 2092.9 43.0519 2603.936 2092.9 -21.9477 2610.338 2087.9 43.0519 2603.936 2092.9 -43.0519 2603.936 2092.9 62.5017 2593.54 2087.9 -43.0519 2603.936 2087.9 62.5017 2593.54 2092.9 -62.5017 2593.54 2087.9 79.5495 2579.55 2087.9 -62.5017 2593.54 2092.9 79.5495 2579.55 2092.9 -79.5495 2579.55 2092.9 93.5403 2562.501 2087.9 -79.5495 2579.55 2087.9 93.5403 2562.501 2092.9 -93.5403 2562.501 2092.9 103.9364 2543.052 2087.9 -93.5403 2562.501 2087.9 103.9364 2543.052 2092.9 -103.9364 2543.052 2087.9 110.3383 2521.947 2087.9 -103.9364 2543.052 2092.9 110.3383 2521.947 2092.9 -110.3383 2521.947 2087.9 112.5 2500 2087.9 -110.3383 2521.947 2092.9 112.5 2500 2092.9 -112.5 2500 2087.9 110.3383 2478.052 2087.9 -112.5 2500 2092.9 110.3383 2478.052 2092.9 -110.3383 2478.052 2087.9 103.9364 2456.948 2087.9 -110.3383 2478.052 2092.9 103.9364 2456.948 2092.9 -103.9364 2456.948 2092.9 93.5403 2437.498 2087.9 -103.9364 2456.948 2087.9 93.5403 2437.498 2092.9 -93.5403 2437.498 2092.9 79.5495 2420.45 2087.9 -93.5403 2437.498 2087.9 79.5495 2420.45 2092.9 -79.5495 2420.45 2087.9 62.5017 2406.459 2087.9 -79.5495 2420.45 2092.9 62.5017 2406.459 2092.9 -62.5017 2406.459 2087.9 43.0519 2396.063 2087.9 -62.5017 2406.459 2092.9 43.0519 2396.063 2087.9 -43.0519 2396.063 2087.9 21.9477 2389.662 2092.9 -43.0519 2396.063 2092.9 21.9477 2389.662 2087.9 -21.9477 2389.662 2087.9 0 2387.5 2092.9 -21.9477 2389.662 2092.9 0 2387.5 2087.9 0 2608.5 2087.9 -21.1673 2606.415 2087.9 0 2612.5 2087.9 -21.9477 2610.338 2087.9 21.9477 2610.338 2087.9 -43.0519 2603.936 2087.9 21.1673 2606.415 2087.9 -41.5212 2600.241 2087.9 43.0519 2603.936 2087.9 -62.5017 2593.54 2087.9 41.5212 2600.241 2087.9 -60.2794 2590.215 2087.9 62.5017 2593.54 2087.9 -76.7211 2576.721 2087.9 60.2794 2590.215 2087.9 -79.5495 2579.55 2087.9 76.7211 2576.721 2087.9 -90.2145 2560.279 2087.9 79.5495 2579.55 2087.9 -93.5403 2562.501 2087.9 90.2145 2560.279 2087.9 -103.9364 2543.052 2087.9 93.5403 2562.501 2087.9 -100.2409 2541.521 2087.9 103.9364 2543.052 2087.9 -110.3383 2521.947 2087.9 100.2409 2541.521 2087.9 -106.4152 2521.167 2087.9 110.3383 2521.947 2087.9 -112.5 2500 2087.9 106.4152 2521.167 2087.9 -108.5 2500 2087.9 112.5 2500 2087.9 -106.4152 2478.833 2087.9 108.5 2500 2087.9 -110.3383 2478.052 2087.9 106.4152 2478.833 2087.9 -100.2409 2458.479 2087.9 110.3383 2478.052 2087.9 -103.9364 2456.948 2087.9 100.2409 2458.479 2087.9 -90.2145 2439.721 2087.9 103.9364 2456.948 2087.9 -93.5403 2437.498 2087.9 90.2145 2439.721 2087.9 -79.5495 2420.45 2087.9 93.5403 2437.498 2087.9 -76.7211 2423.279 2087.9 79.5495 2420.45 2087.9 -62.5017 2406.459 2087.9 76.7211 2423.279 2087.9 -60.2794 2409.785 2087.9 62.5017 2406.459 2087.9 -41.5212 2399.759 2087.9 60.2794 2409.785 2087.9 -43.0519 2396.063 2087.9 41.5212 2399.759 2087.9 -21.1673 2393.585 2087.9 43.0519 2396.063 2087.9 -21.9477 2389.662 2087.9 21.1673 2393.585 2087.9 0 2387.5 2087.9 21.9477 2389.662 2087.9 0 2391.5 2095 0 2550 2095 9.7545 2549.039 2085 0 2550 2085 9.7545 2549.039 2085 -9.7545 2549.039 2095 19.1342 2546.194 2095 -9.7545 2549.039 2085 19.1342 2546.194 2085 -19.1342 2546.194 2095 27.7785 2541.573 2095 -19.1342 2546.194 2085 27.7785 2541.573 2085 -27.7785 2541.573 2085 35.3553 2535.355 2095 -27.7785 2541.573 2095 35.3553 2535.355 2095 -35.3553 2535.355 2085 41.5735 2527.779 2085 -35.3553 2535.355 2095 41.5735 2527.779 2095 -41.5735 2527.779 2085 46.194 2519.134 2085 -41.5735 2527.779 2095 46.194 2519.134 2095 -46.194 2519.134 2085 49.0393 2509.754 2085 -46.194 2519.134 2095 49.0393 2509.754 2095 -49.0393 2509.754 2085 50 2500 2085 -49.0393 2509.754 2095 50 2500 2095 -50 2500 2085 49.0393 2490.246 2085 -50 2500 2095 49.0393 2490.246 2095 -49.0393 2490.246 2085 46.194 2480.865 2085 -49.0393 2490.246 2095 46.194 2480.865 2095 -46.194 2480.865 2095 41.5735 2472.221 2085 -46.194 2480.865 2085 41.5735 2472.221 2085 -41.5735 2472.221 2095 35.3553 2464.645 2095 -41.5735 2472.221 2085 35.3553 2464.645 2085 -35.3553 2464.645 2085 27.7785 2458.426 2095 -35.3553 2464.645 2095 27.7785 2458.426 2095 -27.7785 2458.426 2095 19.1342 2453.806 2085 -27.7785 2458.426 2085 19.1342 2453.806 2085 -19.1342 2453.806 2095 9.7545 2450.961 2095 -19.1342 2453.806 2085 9.7545 2450.961 2085 -9.7545 2450.961 2095 0 2450 2095 -9.7545 2450.961 2085 0 2450 2095 0 2550 2095 -9.7545 2549.039 2095 -20.3382 2602.247 2095 -39.8947 2596.314 2095 0 2604.25 2095 -19.1342 2546.194 2095 9.7545 2549.039 2095 -27.7785 2541.573 2095 20.3382 2602.247 2095 -57.9182 2586.681 2095 39.8947 2596.314 2095 -73.7159 2573.716 2095 19.1342 2546.194 2095 -35.3553 2535.355 2095 27.7785 2541.573 2095 -41.5735 2527.779 2095 57.9182 2586.681 2095 -86.6807 2557.918 2095 73.7159 2573.716 2095 -96.3144 2539.895 2095 35.3553 2535.355 2095 -46.194 2519.134 2095 41.5735 2527.779 2095 -49.0393 2509.754 2095 86.6807 2557.918 2095 -102.2469 2520.338 2095 96.3144 2539.895 2095 -50 2500 2095 46.194 2519.134 2095 -104.25 2500 2095 49.0393 2509.754 2095 -102.2469 2479.662 2095 102.2469 2520.338 2095 -49.0393 2490.246 2095 50 2500 2095 -96.3144 2460.105 2095 104.25 2500 2095 -46.194 2480.865 2095 102.2469 2479.662 2095 -41.5735 2472.221 2095 49.0393 2490.246 2095 -86.6807 2442.082 2095 96.3144 2460.105 2095 -73.7159 2426.284 2095 46.194 2480.865 2095 -35.3553 2464.645 2095 86.6807 2442.082 2095 -27.7785 2458.426 2095 41.5735 2472.221 2095 -57.9182 2413.319 2095 35.3553 2464.645 2095 -19.1342 2453.806 2095 73.7159 2426.284 2095 -39.8947 2403.686 2095 27.7785 2458.426 2095 -20.3382 2397.753 2095 57.9182 2413.319 2095 -9.7545 2450.961 2095 39.8947 2403.686 2095 0 2395.75 2095 19.1342 2453.806 2095 0 2450 2095 9.7545 2450.961 2095 20.3382 2397.753 2109.5 94.4567 2497.704 2109.5 95.7574 2495.757 2109.5 97.7039 2494.457 2109.5 100 2494 2109.5 94 2500 2109.5 106 2500 2109.5 100 2506 2109.5 105.5433 2497.704 2109.5 105.5433 2502.296 2109.5 94.4567 2502.296 2109.5 102.2961 2494.457 2109.5 102.2961 2505.543 2109.5 97.7039 2505.543 2109.5 104.2426 2495.757 2109.5 104.2426 2504.243 2109.5 95.7574 2504.243 2109.5 81.0593 2547.704 2109.5 82.3599 2545.757 2109.5 84.3064 2544.457 2109.5 86.6025 2544 2109.5 80.6025 2550 2109.5 92.6025 2550 2109.5 86.6025 2556 2109.5 92.1458 2547.704 2109.5 92.1458 2552.296 2109.5 81.0593 2552.296 2109.5 88.8986 2544.457 2109.5 88.8986 2555.543 2109.5 84.3064 2555.543 2109.5 90.8452 2545.757 2109.5 90.8452 2554.243 2109.5 82.3599 2554.243 2109.5 44.4567 2584.306 2109.5 45.7574 2582.36 2109.5 47.7039 2581.059 2109.5 50 2580.602 2109.5 44 2586.602 2109.5 50 2592.602 2109.5 44.4567 2588.899 2109.5 56 2586.602 2109.5 47.7039 2592.146 2109.5 55.5433 2584.306 2109.5 55.5433 2588.899 2109.5 45.7574 2590.845 2109.5 52.2961 2581.059 2109.5 52.2961 2592.146 2109.5 54.2426 2582.36 2109.5 54.2426 2590.845 2109.5 -55.5433 2584.306 2109.5 -54.2426 2582.36 2109.5 -52.2961 2581.059 2109.5 -50 2580.602 2109.5 -56 2586.602 2109.5 -50 2592.602 2109.5 -55.5433 2588.899 2109.5 -44 2586.602 2109.5 -52.2961 2592.146 2109.5 -44.4567 2584.306 2109.5 -44.4567 2588.899 2109.5 -54.2426 2590.845 2109.5 -47.7039 2581.059 2109.5 -47.7039 2592.146 2109.5 -45.7574 2582.36 2109.5 -45.7574 2590.845 2109.5 -92.1458 2547.704 2109.5 -90.8452 2545.757 2109.5 -88.8986 2544.457 2109.5 -86.6025 2544 2109.5 -92.6025 2550 2109.5 -80.6025 2550 2109.5 -86.6025 2556 2109.5 -81.0593 2547.704 2109.5 -81.0593 2552.296 2109.5 -92.1458 2552.296 2109.5 -84.3064 2544.457 2109.5 -84.3064 2555.543 2109.5 -88.8986 2555.543 2109.5 -82.3599 2545.757 2109.5 -82.3599 2554.243 2109.5 -90.8452 2554.243 2109.5 -105.5433 2497.704 2109.5 -104.2426 2495.757 2109.5 -102.2961 2494.457 2109.5 -100 2494 2109.5 -106 2500 2109.5 -94 2500 2109.5 -100 2506 2109.5 -94.4567 2497.704 2109.5 -94.4567 2502.296 2109.5 -105.5433 2502.296 2109.5 -97.7039 2494.457 2109.5 -97.7039 2505.543 2109.5 -102.2961 2505.543 2109.5 -95.7574 2495.757 2109.5 -95.7574 2504.243 2109.5 -104.2426 2504.243 2109.5 -92.1458 2447.704 2109.5 -90.8452 2445.757 2109.5 -88.8986 2444.457 2109.5 -86.6025 2444 2109.5 -92.6025 2450 2109.5 -80.6025 2450 2109.5 -86.6025 2456 2109.5 -81.0593 2447.704 2109.5 -81.0593 2452.296 2109.5 -92.1458 2452.296 2109.5 -84.3064 2444.457 2109.5 -84.3064 2455.543 2109.5 -88.8986 2455.543 2109.5 -82.3599 2445.757 2109.5 -82.3599 2454.243 2109.5 -90.8452 2454.243 2109.5 -55.5433 2411.101 2109.5 -54.2426 2409.155 2109.5 -52.2961 2407.854 2109.5 -50 2407.397 2109.5 -56 2413.397 2109.5 -50 2419.397 2109.5 -55.5433 2415.694 2109.5 -44 2413.397 2109.5 -52.2961 2418.941 2109.5 -44.4567 2411.101 2109.5 -44.4567 2415.694 2109.5 -54.2426 2417.64 2109.5 -47.7039 2407.854 2109.5 -47.7039 2418.941 2109.5 -45.7574 2409.155 2109.5 -45.7574 2417.64 2109.5 -5.5433 2397.704 2109.5 -4.2426 2395.757 2109.5 -2.2961 2394.456 2109.5 0 2394 2109.5 -6 2400 2109.5 6 2400 2109.5 0 2406 2109.5 5.5433 2397.704 2109.5 5.5433 2402.296 2109.5 -5.5433 2402.296 2109.5 2.2961 2394.456 2109.5 2.2961 2405.543 2109.5 -2.2961 2405.543 2109.5 4.2426 2395.757 2109.5 4.2426 2404.243 2109.5 -4.2426 2404.243 2109.5 44.4567 2411.101 2109.5 45.7574 2409.155 2109.5 47.7039 2407.854 2109.5 50 2407.397 2109.5 44 2413.397 2109.5 50 2419.397 2109.5 44.4567 2415.694 2109.5 56 2413.397 2109.5 47.7039 2418.941 2109.5 55.5433 2411.101 2109.5 55.5433 2415.694 2109.5 45.7574 2417.64 2109.5 52.2961 2407.854 2109.5 52.2961 2418.941 2109.5 54.2426 2409.155 2109.5 54.2426 2417.64 2109.5 81.0593 2447.704 2109.5 82.3599 2445.757 2109.5 84.3064 2444.457 2109.5 86.6025 2444 2109.5 80.6025 2450 2109.5 92.6025 2450 2109.5 86.6025 2456 2109.5 92.1458 2447.704 2109.5 92.1458 2452.296 2109.5 81.0593 2452.296 2109.5 88.8986 2444.457 2109.5 88.8986 2455.543 2109.5 84.3064 2455.543 2109.5 90.8452 2445.757 2109.5 90.8452 2454.243 2109.5 82.3599 2454.243 2115.5 -5.5433 2597.704 2115.5 -4.2426 2595.757 2115.5 -2.2961 2594.457 2115.5 0 2594 2115.5 -6 2600 2115.5 6 2600 2115.5 0 2606 2115.5 5.5433 2597.704 2115.5 5.5433 2602.296 2115.5 -5.5433 2602.296 2115.5 2.2961 2594.457 2115.5 2.2961 2605.543 2115.5 -2.2961 2605.543 2115.5 4.2426 2595.757 2115.5 4.2426 2604.243 2115.5 -4.2426 2604.243 2085 -27.7785 2458.426 2085 -35.3553 2464.645 2085 -19.1342 2453.806 2085 -41.5735 2472.221 2085 50 2500 2085 9.7545 2450.961 2085 19.1342 2546.194 2085 0 2450 2085 46.194 2480.865 2085 -19.1342 2546.194 2085 46.194 2519.134 2085 -9.7545 2450.961 2085 49.0393 2490.246 2085 35.3553 2464.645 2085 -50 2500 2085 0 2550 2085 35.3553 2535.355 2085 49.0393 2509.754 2085 41.5735 2472.221 2085 27.7785 2458.426 2085 -49.0393 2490.246 2085 -46.194 2519.134 2085 -9.7545 2549.039 2085 9.7545 2549.039 2085 27.7785 2541.573 2085 41.5735 2527.779 2085 19.1342 2453.806 2085 -46.194 2480.865 2085 -49.0393 2509.754 2085 -35.3553 2535.355 2085 -41.5735 2527.779 2085 -27.7785 2541.573</float_array>
          <technique_common>
            <accessor source="#Mesh1_006-mesh-positions-array" count="3046" stride="3">
              <param name="X" type="float"/>
              <param name="Y" type="float"/>
              <param name="Z" type="float"/>
            </accessor>
          </technique_common>
        </source>
        <source id="Mesh1_006-mesh-normals">
          <float_array id="Mesh1_006-mesh-normals-array" count="7716">-1 1.39466e-4 0 -1 0 0 -1 9.01256e-5 0 -1 -6.01448e-5 0 -1 -6.95906e-5 0 -1 2.47576e-5 0 -1 -2.44582e-5 0 -1 6.21905e-5 0 -1 -5.55859e-5 0 -1 -2.03513e-5 0 -1 4.88427e-5 0 -1 -3.28912e-5 0 -1 7.60126e-5 0 -1 4.07579e-5 0 -1 1.13877e-5 0 -1 -1.08211e-5 0 -1 -4.08124e-5 0 -1 1.14275e-5 0 -1 -2.04351e-5 0 -1 2.43007e-5 0 -1 4.30071e-5 0 -1 -2.14371e-5 0 -1 2.05002e-5 0 -1 1.15441e-5 0 -1 1.02686e-5 0 -1 1.15827e-5 0 -1 1.02855e-5 0 -1 -2.12456e-5 0 -1 -6.01453e-6 0 -1 2.33081e-5 0 -1 -2.11854e-5 0 -1 -3.61316e-5 0 -1 -1.50002e-6 0 -1 1.29298e-6 0 -1 2.09571e-5 0 -1 4.21461e-5 0 -1 2.33199e-5 0 -1 -2.3892e-5 0 -1 -4.70345e-5 0 -1 -2.10177e-5 0 -1 7.0743e-5 0 -1 -2.0774e-5 0 -1 -1.19167e-5 0 -1 1.04091e-5 0 -1 -3.56582e-5 0 -1 3.13002e-5 0 -1 2.37107e-5 0 -1 -2.09157e-5 0 0 0.9964039 -0.08473086 0.01993566 0.9960453 -0.08658158 0.02378249 0.9959122 -0.08714014 -0.02104985 0.9609979 -0.2757536 0.06556719 0.9945818 -0.08067184 0.1440854 0.9869649 -0.07169252 -0.1936773 0.9763403 -0.09617066 0.02609658 0.9992188 0.02967721 0.2077738 0.9734661 0.09588521 0.2402614 0.9663555 0.09182471 0.08671027 0.9898217 0.112846 0.03918796 0.9918706 0.1210668 -0.08407902 0.9850298 0.1504896 0.07050627 0.9545556 0.289573 0.01968181 0.985904 0.1661505 0 0.986402 0.1643509 -0.06869411 0.9337806 0.3511909 0.06956201 0.8797731 0.470277 0.02361905 0.9566704 -0.2902136 -0.02332174 0.8894838 -0.4563712 -0.06775087 0.8483005 0.5251631 0.06862467 0.7711952 0.6328892 0.02591663 0.8816155 -0.4712563 -0.02564966 0.7843927 -0.619734 -0.06676197 0.7307687 0.6793527 0.06761884 0.6329189 0.7712597 0.02820593 0.7726871 -0.6341601 -0.02783793 0.6496743 -0.7597029 -0.0657435 0.585641 0.8079 0.06647133 0.4703251 0.8799863 0.03044283 0.6340848 -0.772664 -0.03008097 0.4904437 -0.8709537 -0.06460058 0.4183631 0.9059796 0.06536483 0.2896297 0.9549043 0.03257513 0.4711349 -0.8814595 -0.03224623 0.3127456 -0.9492895 0.03460276 0.2901069 -0.9563686 -0.03434121 0.1232455 -0.991782 -0.06347191 0.2352356 0.9698637 0.06420284 0.09782463 0.9931306 0.03681772 0.09794527 -0.9945105 -0.03635889 -0.07089626 -0.9968208 0 0.07029026 0.9975267 0 -0.02697968 0.999636 0.06297206 -0.09782809 0.9932091 0.03873372 -0.09793788 -0.9944385 -0.03826355 -0.2623186 -0.9642225 -0.06091767 -0.1504307 0.986742 0.06171399 -0.289694 0.9551277 0.04064923 -0.2900328 -0.956153 -0.04022383 -0.4438264 -0.8952096 -0.05970281 -0.338447 0.9390896 0.06034392 -0.4705302 0.8803181 0.04258561 -0.4709509 -0.881131 -0.04218447 -0.6085058 -0.7924275 -0.05823647 -0.5137313 0.8559724 0.05900293 -0.6332608 0.7716861 0.04451483 -0.6337376 -0.7722662 -0.0440098 -0.7502281 -0.6597129 -0.05699223 -0.6696272 0.7405075 0.05757641 -0.7717185 0.6333527 -0.05547076 -0.8002479 0.5970983 0.05612468 -0.8805194 0.4706759 -0.05398225 -0.9006907 0.4310945 0.05462199 -0.9555065 0.289869 -0.05244243 -0.9671371 0.2487883 0.05304509 -0.9937831 0.09788614 -0.05084753 -0.9970752 0.0570572 0.05142486 -0.9938676 -0.09789127 -0.04920554 -0.9893685 -0.1368539 0.04975455 -0.9557499 -0.2899428 -0.04748469 -0.9443103 -0.3256126 0.04804897 -0.880892 -0.4708723 -0.04574584 -0.86357 -0.5021495 0.0462892 -0.7721774 -0.6337189 0.1929051 -0.09614729 -0.9764955 0.193912 -0.09624308 -0.9762865 0.5550755 -0.08162873 -0.827785 0.5530644 -0.2415598 -0.7973511 0.5550312 -0.2418058 -0.7959086 0.1939148 -0.2847614 -0.9387801 0.5541511 -0.08146262 -0.8284205 0.1936959 -0.2846434 -0.9388611 0.8298747 -0.0547856 -0.5552538 0 -0.2902989 -0.9569361 0.8296831 -0.1621054 -0.5341797 0 -0.09802556 -0.995184 0 -0.09800857 -0.9951856 0.829433 -0.05475097 -0.5559167 0.9806532 -0.01912105 -0.1948173 0.980664 -0.05676871 -0.1872844 0.9807244 -0.01920342 -0.1944505 1 0 0 0 -0.2902675 -0.9569455 -0.3403168 -0.2729489 -0.8998242 -0.3403629 -0.2729449 -0.8998079 -0.3403163 -0.09219616 -0.9357804 0 -0.2902863 -0.9569399 0 -0.09801679 -0.9951848 0 -0.09802204 -0.9951843 0 -0.2902864 -0.9569398 0.9807025 -0.09235602 -0.172317 0.9806911 -0.09212052 -0.1725072 0.9807244 0.01920342 -0.1944505 1 1.15335e-5 0 1 9.59435e-6 0 0.9807143 -0.05675429 -0.1870256 0.8293683 0.05475795 -0.5560126 0.8295292 -0.2632526 -0.4925237 0.829943 0.05475318 -0.5551549 0.5545104 0.08166569 -0.8281601 0.8296194 -0.1621118 -0.5342767 0.8296331 -0.2631544 -0.492401 0.554036 -0.3920663 -0.7343897 0.1936871 0.09620773 -0.9763347 0.5543478 -0.3926635 -0.7338351 0.193758 -0.4623429 -0.8652728 0 0.09800857 -0.9951856 0.1952376 -0.4624691 -0.8648727 -0.3403648 -0.09214121 -0.9357681 0 -0.4713908 -0.8819245 -0.3403648 0.09214121 -0.9357681 -0.3403163 0.09219616 -0.9357804 -0.3406733 -0.4431925 -0.8291695 0 0.09802204 -0.9951843 -0.3407351 -0.4432611 -0.8291075 0 -0.4713913 -0.8819243 0 -0.4714078 -0.8819153 1 -1.91887e-5 0 0.9806532 0.01912105 -0.1948173 1 1.36612e-4 0 0.980664 0.05676871 -0.1872844 0.8295918 0.1623114 -0.5342589 0.1931296 0.09615731 -0.9764501 0.8296831 0.1621054 -0.5341798 0.1939148 0.2847614 -0.9387801 0.5539 0.2420248 -0.7966297 0 0.09802556 -0.995184 0 0.2902675 -0.9569455 0 0.2902989 -0.9569361 0 0.09801679 -0.9951848 -0.3403629 0.2729449 -0.8998079 0 0.2902863 -0.9569399 0.9807143 0.05675429 -0.1870256 0.9806911 0.09212052 -0.1725072 0.8297512 0.2629919 -0.4922888 0.554706 0.0814138 -0.8280537 0.5541768 0.2414276 -0.7966185 0.5550564 0.3922126 -0.7335405 0.1938623 0.2847154 -0.9388049 0 0.4713908 -0.8819245 0.1953761 0.4625006 -0.8648246 -0.3403168 0.2729489 -0.8998242 -0.3407681 0.4430858 -0.8291876 0 0.2902864 -0.9569398 0 0.4714078 -0.8819153 0.9807025 0.09235602 -0.172317 0.980591 0.1248851 -0.151146 0.8293893 0.2633906 -0.4926852 0.829639 0.3541542 -0.431595 0.8295105 0.3541499 -0.4318452 0.5535562 0.3923762 -0.734586 0.5532488 0.5287326 -0.6437062 0.1939215 0.462397 -0.8652072 0.1947808 0.6218318 -0.7585419 0 0.6344103 -0.7729966 0 0.63441 -0.7729968 -0.3406733 0.4431925 -0.8291695 -0.340764 0.5964614 -0.7267143 0 0.4713913 -0.8819243 0 0.6343769 -0.773024 1 -2.73224e-4 0 0.9807848 0.1234236 -0.1510886 0.9808072 0.1503849 -0.1241036 0.8300151 0.4309852 -0.3540154 0.5541959 0.5279618 -0.6435242 0.5544254 0.6434275 -0.5278387 0.1954699 0.622056 -0.7581808 0.1944555 0.7582951 -0.6222344 0 0.7730389 -0.6343587 0 0.6343772 -0.7730237 0 0.7730199 -0.6343819 -0.3400539 0.7268162 -0.5967425 -0.3403216 0.5964609 -0.7269221 0.9805236 0.1521932 -0.1241399 0.9806085 0.1729263 -0.09221488 1 -1.36649e-4 0 1 3.51673e-5 0 0.8296105 0.431694 -0.3540999 0.8299666 0.491832 -0.263167 0.8293996 0.4927779 -0.2631849 0.8295265 0.534438 -0.1620549 0.8298168 0.5339834 -0.1620683 0.9806322 0.1874555 -0.05675286 0.9808104 0.1717966 -0.092179 0.9805654 0.1878032 -0.05675768 0.980717 0.1944914 -0.01916861 0.8295725 0.5557121 -0.05471497 0.8296917 0.5555318 -0.05473768 0.5540643 0.734184 -0.3924113 0.5541976 0.7965634 -0.2415611 0.5541226 0.7342023 -0.3922948 0.1946096 0.8650141 -0.4624692 0.1942359 0.9386976 -0.2848142 0.1937108 0.8651871 -0.4625231 0 0.8819296 -0.4713813 0 0.9569368 -0.2902967 0 0.8819293 -0.4713817 0.554129 0.7965348 -0.241813 0.5537119 0.8287093 -0.08151179 0.1941669 0.9387732 -0.2846127 0.1943067 0.9762132 -0.0961914 0.1930993 0.7585462 -0.6223507 0 0.9569371 -0.2902957 0 0.9951854 -0.09801137 -0.3403178 0.8292801 -0.4432588 -0.3403846 0.8292518 -0.4432603 0 0.8819274 -0.4713853 0 0.9569402 -0.2902854 0 0.9569362 -0.2902985 -0.3405637 0.899734 -0.2729378 -0.3404478 0.8997879 -0.2729049 0 0.7730202 -0.6343815 0 0.995185 -0.09801512 0 0.9951846 -0.09801858 -0.3404338 0.9357433 -0.09213775 0.9807957 0.1940943 -0.019167 0.9807996 0.1940746 0.01916509 0.8298864 0.5552396 0.05474919 0.5533486 0.6439631 -0.5283152 0.5545044 0.8281692 -0.08161336 0.5539597 0.8285416 0.08153241 0.1941491 0.9762461 -0.09617531 0.1941763 0.9762377 0.09620559 0 0.7729831 -0.6344267 0 0.9951853 -0.09801244 0 0.9951853 0.09801244 -0.3405154 0.9357113 -0.0921607 -0.3405729 0.935689 0.09217542 -0.3402497 0.726996 -0.5964118 0 0.995185 0.09801447 0.9805561 0.1953009 0.01916646 0.9805791 0.1877298 0.05676299 1 -1.36631e-4 0 0.8296449 0.555603 0.05472439 0.8295265 0.534438 0.1620553 0.8297411 0.5340931 0.1620934 0.5545753 0.8281221 0.08160954 0.5543992 0.7963908 0.2416673 0.5542733 0.796487 0.2416393 0.1940927 0.9762651 0.09609693 0.9807838 0.1866586 0.05676162 0.9805036 0.1735123 0.09222942 0.9807947 0.1718662 0.09221637 0.8293761 0.492788 0.2632401 0.5537903 0.7345781 0.3920603 0.1939445 0.9387566 0.2848186 0.1940203 0.9387817 0.2846845 0 0.9951854 0.09801137 0 0.9569371 0.2902957 0 0.9569368 0.2902967 0 0.8819296 0.4713813 0 0.8819293 0.4713817 0.1934449 0.8653831 0.4622677 -0.3405368 0.9357037 0.09215909 -0.3403975 0.899791 0.2729576 -0.340224 0.8998774 0.2728889 -0.3404129 0.8292111 0.4433151 0 0.9951854 0.09801095 0 0.9569398 0.2902866 0 0.9569365 0.2902972 0 0.8819274 0.4713853 0.9806154 0.1515042 0.1242569 1 -6.83247e-5 0 1 1.91872e-5 0 0.8296567 0.4924414 0.2630047 0.830015 0.430985 0.3540157 0.8296106 0.4316941 0.3540995 0.5543336 0.733918 0.3925285 0.5538594 0.6437186 0.5280779 0.1944263 0.8649322 0.4626995 0.1940033 0.7580803 0.6226372 0 0.7729831 0.6344267 0 0.7730389 0.6343587 -0.3401256 0.8293415 0.4432916 -0.3404399 0.7267083 0.5966539 0 0.881918 0.471403 0 0.7730373 0.6343606 0.9807166 0.1510699 0.1239876 0.9807534 0.1235237 0.151211 0.829639 0.3541542 0.431595 0.553566 0.6437768 0.5283144 0.5537795 0.5287451 0.6432394 0.1945684 0.7582702 0.6222296 0 0.63441 0.7729968 0 0.6344103 0.7729966 0.1945282 0.6221291 0.7583629 0 0.7730199 0.6343819 0 0.6343772 0.7730237 0 0.6343769 0.773024 -0.3400217 0.5964567 0.7270658 -0.3402497 0.726996 0.5964118 0.9806362 0.1247101 0.150997 0.9806908 0.09242397 0.1723469 0.8297676 0.3541845 0.4313225 0.8293774 0.2633334 0.4927361 0.8297379 0.2631064 0.4922502 1 -1.15351e-5 0 0.5544356 0.5273699 0.643803 0.5541445 0.3927274 0.7339544 0.1947055 0.4623238 0.8650702 0 0.4713908 0.8819245 -0.3407003 0.5964429 0.7267594 0 0.4714078 0.8819153 0 0.4713913 0.8819243 -0.3410619 0.4431204 0.8290483 0.9806911 0.09212052 0.1725072 0.9807572 0.05650281 0.1868765 0.8293635 0.1622222 0.5346403 0.5549187 0.3917894 0.7338709 0.5539 0.2420248 0.7966296 0.1947315 0.6220816 0.7583497 0.1944549 0.4625425 0.8650098 0.1936959 0.2846434 0.9388611 0 0.2902675 0.9569455 -0.3403919 0.272941 0.899798 -0.3410761 0.4431818 0.8290098 0 0.2903059 0.9569339 0 0.2903057 0.956934 0.8296831 0.1621054 0.5341797 0.980664 0.05676871 0.1872844 0.9806848 0.01910555 0.1946594 0.8298794 0.0546835 0.5552569 0.5552656 0.2411349 0.7959486 0.5539445 0.0817027 0.8285351 0.1931304 0.2848063 0.9389281 0.1929032 0.09624809 0.976486 0 0.2902989 0.9569361 0 0.09802556 0.995184 -0.3400709 0.2730754 0.8998786 0 0.09799575 0.9951869 0 0.098001 0.9951863 -0.3407509 0.09211397 0.9356302 0.9806907 0.01932293 0.1946086 0.9806912 -0.01929694 0.1946087 1 1.15351e-5 0 0.8294341 0.05472528 0.5559175 0.829624 -0.05472069 0.5556345 0.8296911 -0.05468791 0.5555375 0.5547187 0.0814256 0.8280441 0.5539444 -0.0817027 0.828535 0.1946979 0.09612697 0.9761416 0.1944697 -0.09621775 0.9761781 0 0.09800857 0.9951856 0 -0.09802556 0.995184 0 -0.09799575 0.9951869 0 -0.098001 0.9951863 -0.3407505 -0.0921275 0.9356291 -0.3399319 0.09220975 0.9359187 0.9806823 -0.0191068 0.1946718 0.980664 -0.05676871 0.1872844 0.8295918 -0.1623114 0.5342589 0.8294259 -0.1622163 0.5345451 0.5547187 -0.08142566 0.8280441 0.1931296 -0.09615731 0.9764501 0.1931304 -0.2848063 0.9389281 0.5539 -0.2420248 0.7966297 0 -0.09800857 0.9951856 0 -0.2902675 0.9569455 0 -0.2902989 0.9569361 -0.3399319 -0.09220975 0.9359187 -0.3399669 -0.2730864 0.8999147 0 -0.2903057 0.956934 0.9807572 -0.05650281 0.1868765 0.9806911 -0.09212052 0.1725072 0.193916 -0.2846832 0.9388035 0.5553112 -0.2412081 0.7958945 0.5539253 -0.392568 0.7342052 0.5550557 -0.3919057 0.7337051 0.1944549 -0.4625425 0.8650098 0 -0.4713908 0.8819245 -0.3403919 -0.272941 0.899798 -0.3411537 -0.4430199 0.8290643 0 -0.2903059 0.9569339 0 -0.4714078 0.8819153 1 -1.91872e-5 0 0.9806908 -0.09242397 0.1723469 0.9806362 -0.1247101 0.150997 0.8298887 -0.2627204 0.492202 0.8296535 -0.3546297 0.4311764 0.8297674 -0.3539077 0.43155 0.8293581 -0.2635861 0.4926334 0.5538156 -0.5284936 0.6434151 0.1947055 -0.4623238 0.8650702 0.1944976 -0.6221482 0.7583552 0 -0.6344103 0.7729966 -0.3409435 -0.4431464 0.8290832 0 -0.4713913 0.8819243 0 -0.6343769 0.773024 0 -0.6343772 0.7730237 -0.3400217 -0.5964567 0.7270658 0.9807534 -0.1235237 0.151211 0.9807166 -0.1510699 0.1239876 0.9806154 -0.1515042 0.1242569 0.8297218 -0.4316519 0.3538903 0.5538672 -0.5276098 0.6440954 0.5530016 -0.6444879 0.5280385 0.1946189 -0.6221072 0.7583577 0.1944555 -0.7582951 0.6222344 0 -0.63441 0.7729968 0 -0.7729836 0.634426 0 -0.773037 0.634361 0 -0.7730202 0.6343815 -0.3404399 -0.7267083 0.5966539 -0.3408292 -0.5964579 0.7266867 -0.340083 -0.7270207 0.5964767 1 6.83247e-5 0 0.9804511 -0.1738035 0.09223914 1 1.36631e-4 0 0.8299055 -0.4310234 0.3542258 0.8296319 -0.4924531 0.2630608 0.8295282 -0.4926096 0.263095 0.8295265 -0.534438 0.1620549 0.8298168 -0.5339834 0.1620683 0.9807838 -0.1866586 0.05676162 0.9807947 -0.1718662 0.09221637 -0.3402097 -0.8293146 0.4432772 -0.3404129 -0.8292111 0.4433151 -0.3402302 -0.899867 0.2729156 0 -0.9569368 0.2902967 0 -0.9569371 0.2902957 0.1939969 -0.9387799 0.2847061 0.1940265 -0.9387627 0.2847427 0.5539765 -0.7967042 0.2416037 0.1944507 -0.8649442 0.4626668 0.1935744 -0.8653915 0.4621975 0 -0.8819296 0.4713813 0 -0.881918 0.471403 0 -0.9569402 0.2902854 0 -0.9569362 0.2902985 0.9805654 -0.1878032 0.05675768 0.980558 -0.1952909 0.01916551 0.8299502 -0.5551452 0.05473989 0.8296596 -0.5555793 0.05474239 0.5546198 -0.7336754 0.3925778 0.554697 -0.7961727 0.241703 0.5540215 -0.8285005 0.08153104 0.1941501 -0.9762483 0.09615164 0.5535075 -0.7347444 0.3921483 0.1940033 -0.7580803 0.6226372 0 -0.9951854 0.09801137 0 -0.8819293 0.4713817 -0.3403975 -0.899791 0.2729576 0 -0.8819274 0.4713853 0 -0.995185 0.09801512 0 -0.9951855 0.0980103 -0.3405729 -0.935689 0.09217542 0.9807977 -0.1940845 0.01916605 0.9807957 -0.1940943 -0.019167 0.8299183 -0.5551924 -0.05474454 0.5545468 -0.6430168 0.5282115 0.5545044 -0.8281692 0.08161336 0.5539597 -0.8285416 -0.08153241 0.1941491 -0.9762461 0.09617531 0 -0.7730384 0.6343594 0 -0.9951853 0.09801244 0 -0.9951853 -0.09801244 0 -0.9951854 -0.09801137 0.1942865 -0.976216 -0.09620344 -0.3405154 -0.9357113 0.0921607 -0.3404338 -0.9357433 -0.09213775 0 -0.995185 -0.09801447 0.9806997 -0.1945789 -0.01916825 0.9805881 -0.1876868 -0.05674999 1 1.36649e-4 0 0.8294321 -0.5559219 -0.05471205 0.8295265 -0.534438 -0.1620553 0.829685 -0.534173 -0.1621177 0.5544334 -0.8282162 -0.08161878 0.5539128 -0.7967854 -0.2414822 0.1941614 -0.9762437 -0.09617507 0.194188 -0.9387791 -0.2845784 0 -0.9569371 -0.2902957 0.5546993 -0.7961303 -0.2418372 0 -0.9569368 -0.2902967 -0.3405154 -0.9357113 -0.0921607 -0.3404558 -0.8997747 -0.2729387 0.9806322 -0.1874555 -0.05675286 0.9808104 -0.1717966 -0.092179 0.8297112 -0.4921668 -0.2633465 0.5537903 -0.7345781 -0.3920603 0.1941685 -0.9386849 -0.284902 0 -0.8819296 -0.4713813 0 -0.8819293 -0.4713817 0.1937279 -0.8652504 -0.4623972 -0.3404161 -0.8998109 -0.2728687 -0.3404129 -0.8292111 -0.4433151 0 -0.9951846 -0.09801924 0 -0.9569398 -0.2902866 0 -0.9569365 -0.2902972 1 -3.51673e-5 0 0.9806085 -0.1729263 -0.09221488 0.9805236 -0.1521932 -0.1241399 0.8296567 -0.4924414 -0.2630047 0.830015 -0.430985 -0.3540157 0.8296106 -0.4316941 -0.3540995 0.5543336 -0.733918 -0.3925285 0.5549905 -0.643136 -0.5276001 0.1946812 -0.8650687 -0.4623368 0.1930993 -0.7585462 -0.6223507 0 -0.7730384 -0.6343594 0 -0.7729836 -0.634426 -0.3403178 -0.8292801 -0.4432588 -0.3400539 -0.7268162 -0.5967425 0 -0.8819274 -0.4713853 0.980591 -0.1248851 -0.151146 0.9808072 -0.1503849 -0.1241036 0.8295275 -0.3541647 -0.4318004 0.829639 -0.3541542 -0.431595 0.5529969 -0.6440691 -0.5285543 0.553691 -0.5287825 -0.6432849 0.1945945 -0.6220645 -0.7583988 0.1942073 -0.7584763 -0.6220911 0 -0.6344103 -0.7729966 0 -0.63441 -0.7729968 0 -0.7730202 -0.6343815 0 -0.7730199 -0.6343819 0 -0.6343772 -0.7730237 -0.3402497 -0.726996 -0.5964118 0.9807848 -0.1234236 -0.1510886 0.5536273 -0.5282015 -0.6438168 0.195231 -0.6222988 -0.758043 0 -0.6343769 -0.773024 -0.3403602 -0.5963912 -0.7269612 -0.3407491 -0.5964201 -0.7267553 0.1968777 -0.09616529 0.9757006 0.191074 -0.2851182 0.9392542 0.1969141 -0.2849288 0.9381047 0 -0.2902789 0.9569422 0 -0.2902788 0.9569422 0 -0.09801363 0.9951851 0 0.09801363 0.9951851 0 0.2902788 0.9569422 0 0.2902789 0.9569422 0.1969141 0.2849288 0.9381047 0.191074 0.2851182 0.9392542 0.1969311 0.0962277 0.9756836 0.1910874 0.09610348 0.9768571 0.5517658 0.08164638 0.829993 0.5532244 -0.08160799 0.8290253 0.5538268 -0.08169686 0.8286142 0.5552833 0.0814737 0.8276609 0.8301366 0.05468297 0.5548722 0.8304522 -0.05469375 0.5543986 0.8304522 0.05469375 0.5543986 0.9808505 0.01881951 0.1938506 0.9807376 0.01937627 0.1943669 1 -5.31519e-5 0 0.9807376 -0.01937627 0.1943669 1 2.90563e-5 0 1 -6.61026e-5 0 1 4.41501e-5 0 0.5538984 0.2412138 0.7968767 0.5532442 -0.2416725 0.7971922 0.1910868 -0.09613239 0.9768544 0.8298625 -0.05472296 0.5552781 0.5511749 0.24207 0.7985038 0.8304384 -0.1618462 0.5330833 0.9808505 -0.01881951 0.1938506 0.8303425 0.1622375 0.5331138 0.9807263 -0.05681031 0.1869453 0.8314086 0.1610854 0.5318002 0.9807788 0.05658417 0.1867384 1 -3.52734e-5 0 0.9807448 0.05663871 0.1869004 1 1.12625e-4 0 1 -1.11508e-4 0 1 4.1336e-5 0 1 -4.54256e-5 0 1 1.63185e-5 0 1 -1.41595e-5 0 1 1.66268e-5 0 1 6.06208e-5 0 1 -1.85515e-5 0 0.9808674 -0.05649888 -0.1862986 0.9807044 -0.05662399 -0.1871171 0.8307917 -0.1612849 -0.532703 0.8295539 -0.05475169 -0.5557361 0.8307562 -0.0544241 -0.5539695 0.9806975 -0.01911771 -0.1945941 0.8302807 -0.1617655 -0.5333536 0.5537087 -0.2417957 -0.7968322 0.553718 -0.08161568 -0.8286949 0.5505141 -0.2422956 -0.7988911 0.1942152 -0.2843866 -0.9388316 0.1951434 -0.2850713 -0.9384315 0 -0.2902745 -0.9569435 0 -0.09804135 -0.9951825 0.9808641 -0.01922118 -0.1937428 0.9806986 0.01906305 -0.1945943 0.9808641 0.01922118 -0.1937428 0.8302765 0.05464631 -0.5546664 0.552589 -0.0816456 -0.8294454 0.553718 0.08161568 -0.8286949 0.1909117 -0.09608554 -0.9768932 0.1941084 -0.09633207 -0.9762388 0.1941086 0.09632313 -0.9762396 0 0.09804135 -0.9951825 1 1.8557e-5 0 0 -0.290266 -0.9569461 1 4.0843e-5 0 0.9806433 0.0931462 0.1722283 1 5.10308e-5 0 1 3.57255e-5 0 1 -9.23745e-5 0 0.1925168 0.4626371 0.8653926 1 1.1525e-5 0 0.9807546 -0.09223759 -0.1720834 0.980869 -0.09181118 -0.1716594 0.8305333 -0.2622861 -0.4913458 0.8296987 -0.2626217 -0.4925749 0.5538592 -0.3925818 -0.7342476 0.9809092 -0.1231947 -0.1504669 0.8302977 -0.3537266 -0.4306779 0.8298661 -0.3533324 -0.4318317 0.5523739 -0.529262 -0.6440224 0.553696 -0.5283182 -0.643662 0.192157 -0.6216163 -0.7593872 0.1961382 -0.6230273 -0.7572098 0.198284 -0.4619303 -0.8644674 0 -0.6344066 -0.7729995 0 -0.4713866 -0.8819268 0 -0.6344069 -0.7729994 1 -2.04069e-5 0 1 7.35987e-6 0 0.9808984 -0.1502801 -0.1235082 0.9807276 -0.1246293 -0.1504693 0.9809538 -0.1499325 -0.1234903 0.8296077 -0.4316753 -0.3541293 0.8297247 -0.4316889 -0.3538385 0.5505755 -0.3932682 -0.7363469 0.5538919 -0.643562 -0.5282346 0.5537149 -0.6436936 -0.5282598 0.1943655 -0.7577941 -0.6228725 0.1941349 -0.462226 -0.8652508 0.1945427 -0.7584763 -0.6219863 0.9808691 0.09106999 0.172053 0.9808189 0.1236773 0.1506592 0.9807209 0.1241324 0.1509234 0.8304034 0.2623575 0.491527 0.8305591 0.3533976 0.4304438 0.8305735 0.2625942 0.4911131 0.5532426 0.3926237 0.73469 0.5524762 0.5284327 0.6446153 0.5524225 0.3928641 0.7351784 0.1954686 0.4625592 0.8647722 0 0.4714044 0.8819172 0 0.6343969 0.7730075 0.1940442 0.6224341 0.7582367 1 3.33342e-5 0 0 -0.4713864 -0.8819269 0 -0.7729993 -0.6344069 0 -0.772999 -0.6344073 0.9804199 0.1532371 0.1236734 0.830035 0.353366 0.4314792 0.8299621 0.4314012 0.3536323 0.8301805 0.4307399 0.3539258 0.5533767 0.528088 0.6441252 0.5529655 0.6438844 0.5288119 0.1939818 0.6222341 0.7584167 0.1953393 0.7582301 0.6220368 0 0.6343961 0.7730082 0 0.4714137 0.8819122 0.1940177 0.7581617 0.6225336 0 0.7730075 0.634397 0 0.8819243 0.4713911 0.193234 0.8654496 0.4622313 0.5521925 0.6444727 0.528903 0.194179 0.8648436 0.4629687 0.553452 0.7344598 0.3927591 0.8295032 0.4927742 0.262865 0.5537445 0.7343618 0.3925302 0.8306729 0.4906488 0.2631472 0.9808077 0.1719908 0.09184497 1 -6.3484e-5 0 1 -1.08987e-4 0 1 1.53304e-4 0 0.9807174 0.1724992 0.09185636 0.9810672 0.1490983 0.1235993 1 4.7846e-5 0 0.9809243 -0.171254 -0.09197753 0.9806181 -0.1729756 -0.09202075 1 -1.83967e-4 0 0.1942785 -0.865002 -0.4626312 0.1951785 -0.8650218 -0.4622152 0.5537783 -0.734132 -0.392912 0 0.9569398 0.2902866 0.194082 0.9388615 0.284379 0.1947325 0.9385958 0.2848111 0.5533328 0.7970295 0.2420059 0.55221 0.797802 0.242025 0.829815 0.5340408 0.161888 0.8308172 0.532556 0.1616384 0.9811017 0.185029 0.0566017 0.9806617 0.1873592 0.05656158 1 -1.77607e-5 0 1 2.01511e-4 0 0.8309142 -0.4906387 -0.2624027 0.9805648 -0.1878448 -0.05663108 0.9808655 -0.1862771 -0.05660223 0.8307429 -0.5325745 -0.1619589 0.5530595 0.08164179 -0.829132 0.8298622 -0.4921141 -0.2629686 0.8302474 -0.5333991 -0.1617868 0.8289793 -0.5566149 -0.05452787 0.8305346 -0.5542816 -0.05462902 1 7.91202e-5 0 0.5523145 -0.8296273 -0.08165413 1 4.02091e-5 0 0.5527306 -0.7974086 -0.2421333 1 -1.5055e-4 0 0.9809684 -0.1932255 -0.01910763 0.980881 -0.1936678 -0.01911097 0.5526739 -0.8293809 -0.08172464 0.1950352 -0.9760453 -0.09642064 0.1941555 -0.9762589 -0.09603196 0.193788 -0.9389491 -0.2842904 0 -0.9951848 -0.09801626 0 -0.9569377 -0.2902934 1 1.36007e-4 0 1 -6.69703e-5 0 1 1.73837e-4 0 0.9804368 -0.1959052 0.01910156 0.9808139 -0.1940088 0.01910465 0.5533108 -0.7971463 -0.2416715 0.5527341 -0.7350555 -0.3926557 0.8311639 -0.5533343 0.05466145 0.8299161 -0.5552115 0.05458647 0.5521138 -0.8297598 0.08166605 0.5525152 -0.8294899 0.08169162 0.19507 -0.9760383 0.09641993 0.1941555 -0.9762589 0.09603196 0 -0.9569406 -0.290284 0.1946378 -0.9384325 -0.2854133 0 -0.8819269 -0.4713861 0 -0.8819271 -0.4713857 1 -1.41683e-4 0 0.8300622 0.554991 0.05460697 0.8306925 0.5540432 0.05464643 0.1945966 0.9761548 0.09619778 1 7.20929e-5 0 1 -1.82083e-4 0 0 -0.9951848 0.09801626 1 3.13578e-4 0 0.9806424 0.1948733 0.01910573 0.9806442 0.1948644 -0.01910489 0.8307567 0.5539466 -0.05465114 0.9809213 0.1934652 0.01909989 0.830308 0.5546189 -0.05464869 0.1945977 0.9761602 0.09614145 0.5525155 0.8294892 0.08169746 0.1943145 0.9762303 -0.09600156 0.194521 0.9761554 -0.09634518 0.5521166 0.8297578 -0.08166599 0 0.9951847 0.09801805 0 0.9951848 0.09801656 1 3.70563e-5 0 1 2.3067e-5 0 1 -1.08178e-4 0 1 3.7103e-5 0 0.5524635 0.8295314 -0.08162009 0.1947325 0.9385958 -0.2848111 0 0.9951848 -0.09801656 0 0.9951849 -0.09801566 0 0.9569402 -0.2902852 0.5524001 0.7976627 -0.2420507 0.5527094 0.829355 0.08174926 0.5527269 0.797474 -0.2419262 0.8306041 0.5328403 -0.1617966 0.8299227 0.5339072 -0.1617764 0.9810467 0.1853285 -0.05657565 0.9808438 0.1938574 -0.01910066 0.9803586 0.188931 -0.05658698 1 -2.51193e-4 0 1 -9.44822e-5 0 1 7.85916e-5 0 1 -9.67188e-5 0 1 1.84928e-4 0 1 1.50015e-4 0 1 5.16903e-5 0 1 -7.47272e-5 0 0.9808875 -0.1861708 0.05656993 1 -2.87219e-4 0 0.1942154 -0.9387082 0.2847934 0.1947647 -0.9385693 0.284876 1 5.6127e-5 0 0 0.9569398 -0.2902866 0 0.8819189 -0.4714012 0.1944318 0.8655616 -0.4615187 0.194179 0.8648436 -0.4629687 0.1930955 0.9390478 -0.2844355 0.552935 0.7347626 -0.392921 0.5526247 0.7353474 -0.3922629 0.829674 0.4923511 -0.263119 0.8302963 0.4914758 -0.262792 0.9811562 0.1699875 -0.09185141 0.9807174 0.1724992 -0.09185636 0.9810672 0.1490983 -0.1235993 1 3.77796e-5 0 1 -6.44371e-5 0 0.9805349 0.1527913 -0.1233137 0.5539991 0.6433538 -0.5283758 0.5521924 0.6444725 -0.5289033 1 -5.56731e-5 0 1 2.22321e-4 0 1 4.10509e-5 0 1 2.43356e-5 0 0.9808781 0.1233528 -0.1505402 0.8297165 0.4312735 -0.3543641 0.8296307 0.3542748 -0.4315118 0.8301951 0.3532428 -0.4312722 0.5532367 0.527897 -0.644402 0.8296854 0.4318507 -0.3537331 0.1947237 0.7580713 -0.6224234 0.1969297 0.7578811 -0.6219608 0.19548 0.6222532 -0.7580162 0 0.7730075 -0.634397 1 1.19517e-5 0 0.9807276 -0.1246293 0.1504693 0.9807795 -0.1511451 0.1233971 0.9809099 -0.1501036 0.1236313 0.981012 -0.1708634 0.09176778 0.9807014 -0.1725848 0.09186613 0.8307464 -0.4298967 0.3536232 0.8305828 -0.4911675 0.2624627 0.8296204 -0.4320018 0.3537015 0.5521661 -0.644165 0.5293053 0.5535346 -0.7345865 0.3924057 0.5537151 -0.6436938 0.5282593 0.191969 -0.7586247 0.6226046 0.1951038 -0.7584807 0.6218051 0 -0.7730066 0.6343981 0 -0.8819189 0.4714013 0 -0.8819227 0.471394 0 -0.7730069 0.6343978 1 -1.58932e-4 0 1 2.29169e-5 0 0.9808652 -0.1233353 0.1506386 0.8290829 -0.3551549 0.4318411 0.8307762 -0.3525822 0.4306933 0.5543145 -0.5277536 0.6435927 0.5509523 -0.5301616 0.6445 0.1927631 -0.6220144 0.7589074 0.197389 -0.6221793 0.7575821 0 -0.6343957 0.7730085 0 -0.6343954 0.7730088 0.1933588 -0.8649045 0.4631983 0.1943014 -0.4614659 0.8656191 0.1918067 -0.4633404 0.8651739 0 -0.4713866 0.8819268 0 -0.471401 0.8819191 0.9809505 0.1224322 -0.1508192 0.9809256 0.09093683 -0.1718014 0.9807571 0.0928747 -0.1717263 0.552942 0.5291595 -0.6436191 0.5538751 0.3923282 -0.7343711 0.5505282 0.3935155 -0.7362502 0.1927241 0.6214979 -0.7593404 0.1940329 0.4626938 -0.8650237 0 0.6343961 -0.7730082 0 0.6343969 -0.7730075 1 3.5324e-5 0 1 3.50022e-6 0 0.8303474 -0.5332241 0.1618499 0.9807616 -0.1868117 0.05664139 0.552128 -0.7978271 0.2421294 0.8297179 -0.492245 0.2631791 0.1949836 -0.865312 0.4617538 0.5529761 -0.7346022 0.3931631 0.9808987 -0.09210681 0.1713311 0.980885 -0.09086579 0.1720699 1 -3.61193e-5 0 1 -1.53846e-4 0 1 3.08034e-5 0 1 2.81595e-5 0 0.9808674 -0.05649888 0.1862986 0 -0.9569408 0.290283 0 -0.9569406 0.290284 0.8298655 -0.2627401 0.4922305 0.8309546 -0.2630069 0.4902468 0.9806148 -0.05675393 0.1875466 0.5510486 -0.3930169 0.7361271 0.8307917 -0.1612849 0.5327029 0.830999 -0.1614545 0.5323281 0.5510214 -0.24194 0.7986493 0.5535366 -0.3932417 0.7341378 0.5536487 -0.2422212 0.7967447 0.1919888 -0.2845137 0.9392509 0.191852 -0.2854667 0.9389896 0.9808077 0.05658948 -0.1865845 1 1.14443e-4 0 1 -1.17647e-5 0 0.8301402 0.2623064 -0.4919986 0.8310441 0.1615919 -0.532216 0.8304884 0.1614838 -0.5331153 0.5524185 0.2417864 -0.79773 0.8309061 0.2624869 -0.4906077 0.1925168 0.4626371 -0.8653926 0.1954796 0.2850123 -0.9383794 1 7.99584e-5 0 0 0.2902567 -0.9569489 0 0.4714232 -0.8819072 0 0.2902677 -0.9569455 0 0.09801363 -0.9951851 0.1969311 0.0962277 -0.9756836 0 0.4714233 -0.8819072 0.1925116 0.2850366 -0.9389854 0.1910874 0.09610348 -0.9768571 0.5538268 0.08169686 -0.8286142 0.5522109 0.2418713 -0.7978481 0.5521911 0.08167517 -0.8297073 0.8301366 0.05468297 -0.5548722 0.8299884 0.05478459 -0.5550838 0.9808511 0.0187962 -0.1938508 0.9807944 0.01934796 -0.1940832 0.9807833 0.05672717 -0.1866716 1 -2.3928e-5 0 1 -1.12007e-4 0 0 -0.2902832 0.9569409 0 -0.2902831 0.9569408 1 5.18296e-5 0 1 -1.11882e-4 0 0.8293115 -0.05459827 0.5561129 0.8317026 -0.05458045 0.5525323 0.554192 -0.08154124 0.8283855 0.1941959 -0.09594202 0.9762598 0.5521152 -0.08171993 0.8297533 0.1918836 -0.09635269 0.9766764 1 -2.13383e-5 0 0 -0.09801363 -0.9951851 0.1954964 -0.09625589 -0.9759693 0.1925252 -0.09607601 -0.9765775 0.5548598 -0.08158332 -0.8279341 0.5511553 -0.08174228 -0.8303891 0.8301366 -0.05468297 -0.5548722 0.8299894 -0.0547614 -0.5550844 0.9808505 -0.01881951 -0.1938506 0.9807944 -0.01934796 -0.1940832 0 -0.0980274 0.9951837 1 8.6408e-5 0 0.9806986 -0.01906305 0.1945943 1 -9.86582e-5 0 0.9808035 -0.0191971 0.1940513 1 3.85564e-5 0 0.9807754 0.01926523 0.1941865 0.9806975 0.01911771 0.1945941 0.552589 0.0816456 0.8294454 0.1918832 0.09637504 0.9766743 0.553718 0.08161568 0.8286949 0 0.0980274 0.9951837 1 -5.65579e-5 0 1 2.12296e-5 0 1 3.49504e-5 0 1 -1.47458e-5 0 1 -2.92694e-5 0 1 8.88257e-5 0 0.9808674 0.05649888 0.1862986 0.830753 0.0544964 0.5539672 0.9806148 0.05675393 0.1875466 0.8300706 0.1615964 0.5337316 0.8302764 0.05464631 0.5546664 0.8317132 0.1611444 0.5313056 0.5533394 0.241867 0.7970672 0.5521231 0.241987 0.7978737 0.1919888 0.2845137 0.9392509 0.1924406 0.285243 0.9389373 0.1936178 0.09601575 0.9763674 0.5538984 -0.2412138 -0.7968767 0.5511749 -0.24207 -0.7985038 0 -0.2902566 -0.9569489 0.1925116 -0.2850366 -0.9389854 0.1954796 -0.2850123 -0.9383794 0 0.2902831 0.9569408 0 0.2902832 0.9569409 1 -4.42948e-5 0 1 -5.55247e-5 0 1 -6.95507e-5 0 1 1.96676e-4 0 1 2.14029e-5 0 1 -7.53466e-5 0 0.9808016 -0.05655604 -0.1866276 0.980825 -0.05643141 -0.186542 0.8308495 -0.1620082 -0.5323932 0.8311415 -0.2623029 -0.4903073 0.8299693 -0.2626619 -0.4920973 0.9809256 -0.09093683 -0.1718014 0.9807571 -0.0928747 -0.1717263 0.8304446 -0.1615103 -0.5331756 0.1925168 -0.4626371 -0.8653926 0.5532329 -0.3925745 -0.7347236 0.1940329 -0.4626938 -0.8650237 0.1927241 -0.6214979 -0.7593404 0.5539733 -0.5282752 -0.6434586 0 -0.4714232 -0.8819072 0 -0.4714233 -0.8819072 0 -0.6343969 -0.7730075 0.5511735 -0.3932697 -0.7358987 0.5523434 -0.5285227 -0.6446554 0.8305336 -0.3525286 -0.4312047 0.8295546 -0.3546199 -0.4313748 0.9809133 -0.1228735 -0.1507024 0.980825 -0.1238968 -0.1504394 1 -2.32992e-4 0 1 2.02069e-5 0 0 -0.2902678 -0.9569455 0.980885 0.09086579 0.1720699 0.1918067 0.4633404 0.8651739 0 0.4713864 0.8819269 0 0.4714011 0.881919 0.9809314 0.09181702 0.1712987 0.8308586 0.2625509 0.4906539 0.8301679 0.2631957 0.4914767 0.9808652 0.1233353 0.1506386 1 -3.21378e-5 0 1 4.30886e-5 0 1 -3.14762e-4 0 0.8299784 0.3537243 0.4312946 0.5521824 0.3926919 0.7354508 0.552042 0.3932329 0.7352671 0.8298867 0.3540076 0.4312385 0.5515701 0.5295999 0.6444335 0.5535369 0.5285953 0.6435713 0.1931324 0.6221872 0.7586718 0.197389 0.6221793 0.7575821 0.1943014 0.4614659 0.8656191 0 -0.6343961 -0.7730082 0 -0.7730075 -0.634397 0.1966243 -0.7577242 -0.6222484 0.19548 -0.6222532 -0.7580162 0.1940177 -0.7581617 -0.6225336 0.5513992 -0.645286 -0.5287392 0.5547866 -0.6425411 -0.5285385 0.8294969 -0.4319362 -0.3540709 0.8301805 -0.4307399 -0.3539258 0.9810672 -0.1490983 -0.1235993 1 -2.63352e-5 0 0.9810938 -0.1703428 -0.09186083 0.9807174 -0.1724992 -0.09185636 1 -3.3373e-4 0 0.8303455 -0.4913375 -0.2628953 0.553452 -0.7344598 -0.3927591 0.1944188 -0.8655735 -0.4615017 1 8.68751e-5 0 1 -4.96919e-5 0 0.194179 -0.8648436 -0.4629687 0.1940145 -0.9387319 -0.2848525 0.5532396 -0.7971561 -0.2418023 0 -0.8819189 -0.4714012 0 -0.9569398 -0.2902866 0.5521085 -0.7356492 -0.3924239 0.5516924 -0.7981299 -0.2421244 0.8305997 -0.5327963 -0.1619637 0.8298328 -0.4920842 -0.2631173 0.8299276 -0.5339499 -0.1616101 0.9811297 -0.1848937 -0.05656027 0.9805349 -0.1527913 -0.1233137 0.9803586 -0.188931 -0.05658698 1 1.67799e-4 0 1 1.91241e-4 0 1 -8.95305e-5 0 1 6.11247e-5 0 1 -7.76217e-5 0 1 2.04761e-4 0 0.9806914 0.1726511 0.09184813 0.981012 0.1708634 0.09176778 0.9809099 0.1501036 0.1236313 0.9807705 0.1512457 0.1233456 1 3.61468e-4 0 0.9807276 0.1246293 0.1504693 0.8300241 0.4307278 0.3543071 0.5519097 0.6444732 0.5291976 0.8304458 0.4308589 0.3531581 0.5537149 0.6436936 0.5282598 0.5521721 0.7350718 0.393415 0.5543338 0.7341177 0.3921547 0.1944731 0.8647109 0.4630934 0.1935074 0.8655769 0.4618782 0 0.8819231 0.4713936 0 0.7730066 0.6343981 0 0.7730069 0.6343978 0 0.8819186 0.4714018 0.191969 0.7586247 0.6226046 0.1951038 0.7584807 0.6218051 0 0.6343954 0.7730088 0 0.6343957 0.7730085 0.8301881 0.4915936 0.2629134 0.8302231 0.4916405 0.2627155 0.8307035 0.5326309 0.161976 0.8304272 0.5331424 0.1617089 0.5529901 0.7972003 0.2422265 0.5518869 0.7981311 0.2416769 0.1942154 0.9387082 0.2847934 0.1947647 0.9385693 0.284876 0.9999987 0.001679956 0 0 0.9569406 0.290284 0 0.9569408 0.290283 0 -0.9569402 -0.2902852 1 -6.90036e-5 0 1 -3.75683e-5 0 1 1.96387e-5 0 1 -2.28428e-4 0 0.9805585 0.187875 0.0566402 0.9804354 0.1959121 0.01910227 0.9809684 0.1932255 0.01910763 0.8306337 -0.5541292 -0.05466914 0.8306925 -0.5540432 -0.05464643 0.9808875 0.1861708 0.05656993 0 -0.9951847 -0.09801805 0.1937515 -0.9389498 -0.2843128 0.194521 -0.9761554 -0.09634518 0.1943145 -0.9762303 -0.09600156 0.8300493 0.5550111 0.05459827 0.8305459 0.5542649 0.05462735 0.5522142 0.8296934 0.08166062 0.5527116 0.8293561 0.08172219 0.19507 0.9760383 0.09641993 0.1941555 0.9762589 0.09603196 0.8300042 0.555078 -0.05460429 0.8298935 0.5552449 -0.05458974 0.5531742 0.8290376 -0.08182287 0.551829 0.8299592 -0.08156353 0 0.9951848 0.09801626 0.1950352 0.9760453 -0.09642064 0.1940215 0.9762949 -0.09593671 0.9806459 -0.1948555 -0.019104 0.5521245 -0.829755 -0.08164209 0 0.9951848 -0.09801626 0 -0.9951851 -0.09801417 0.9806442 -0.1948644 0.01910489 1 -4.55083e-5 0 0.980916 -0.1934918 -0.01910251 0.5529292 -0.8292074 0.08175861 0.5520759 -0.8297869 0.08164525 0.552758 -0.8293291 -0.08168166 0.1945977 -0.9761602 0.09614145 0 -0.9951848 0.09801656 0.9808796 0.1936748 -0.01911163 1 5.74251e-5 0 1 -1.19405e-4 0 0.9807616 0.1868117 -0.05664139 0.9808655 0.1862771 -0.05660223 0.9810641 0.1927389 -0.01910811 0.8306403 0.5328062 -0.1617231 0.8298864 0.533913 -0.1619427 0.5527699 0.7974653 -0.2418565 0.5532715 0.7970896 -0.241948 0.1946378 0.9384325 -0.2854133 0.193788 0.9389491 -0.2842904 0.9808508 -0.1938219 0.01909714 0.9810275 -0.1854217 0.05660414 0.9806617 -0.1873592 0.05656158 1 -2.4024e-4 0 1 2.06601e-4 0 0.8307507 -0.5539541 0.05466407 0.8306041 -0.5328403 0.1617966 0.8301129 -0.5549159 0.05459958 0.5518817 -0.7979911 0.2421503 0.1945966 -0.9761548 0.09619778 0.1944686 -0.9388141 0.2842717 0 -0.9951847 0.09801805 0 0.9569408 -0.290283 0 0.9569374 -0.2902945 0.9807174 -0.1724992 0.09185636 1 -2.22469e-4 0 0.9809066 -0.171435 0.09182804 0.9810672 -0.1490983 0.1235993 0.9804199 -0.1532371 0.1236734 1 8.07204e-5 0 0.8300648 -0.4917798 0.2629545 0.8307233 -0.4301165 0.3534104 0.8297976 -0.4921889 0.2630323 0.5532288 -0.734664 0.3926917 0.5529657 -0.6438845 0.5288117 0.5539684 -0.734157 0.3925971 0.194179 -0.8648436 0.4629687 0.1934937 -0.8653947 0.4622253 0 -0.8819243 0.4713911 0 -0.7730075 0.634397 0.195495 -0.7581029 0.6221429 1 -5.83703e-5 0 1 -3.02663e-5 0 1 -6.95701e-5 0 1 9.57579e-5 0 1 4.3852e-5 0 0.5532432 -0.7971462 0.2418267 0.1940145 -0.9387319 0.2848525 1 -6.00312e-5 0 1 3.51124e-5 0 1 -7.42721e-5 0 1 -5.7095e-5 0 1 7.99297e-5 0 0.1937588 -0.7582189 0.6225447 0.1940442 -0.6224341 0.7582367 0.1939818 -0.6222341 0.7584167 0.5525817 -0.5281724 0.6447383 0.5521924 -0.6444725 0.5289033 0.5533767 -0.528088 0.6441252 0.8305591 -0.3533977 0.4304435 0.829182 -0.432487 0.3541359 0.8301951 -0.3532428 0.4312722 0.9808269 -0.1237213 0.150571 0.980765 -0.1237135 0.1509803 1 -8.50051e-5 0 1 -3.58835e-5 0 1 2.02298e-5 0 0 -0.9569398 0.2902866 0 -0.9569402 0.2902852 0.8300312 -0.5337526 0.1617295 0 0.8819269 -0.4713861 0 0.8819271 -0.4713857 1 -3.12305e-4 0 1 1.90658e-4 0 0.9806568 0.1727824 -0.09197133 0.9809243 0.171254 -0.09197753 0.8304408 0.4912958 -0.2626716 0.8302231 0.4916405 -0.2627155 0.5533087 0.7346645 -0.3925783 0.553203 0.7345242 -0.3929893 0.1942785 0.865002 -0.4626312 0.9999998 7.63504e-4 0 0 0.772999 -0.6344073 0 0.7729993 -0.6344069 0.9809538 0.1499325 -0.1234903 0.1949065 0.8651418 -0.4621052 0.1943655 0.7577941 -0.6228725 0.82997 0.4312589 -0.3537875 0.8294178 0.4319794 -0.3542033 0.5537491 0.6433225 -0.528676 1 8.79121e-5 0 0 0.6344069 -0.7729994 0 0.6344066 -0.7729995 1 -1.97941e-4 0 0.9807276 0.1246293 -0.1504693 0.9808189 0.1507874 -0.1235211 0.9809092 0.1231947 -0.1504669 0.8301503 0.3534533 -0.431186 0.8300141 0.3536058 -0.4313232 0.5523737 0.5292618 -0.6440228 0.1939929 0.7586511 -0.6219447 0.1927264 0.6216809 -0.75919 0.5545142 0.6432827 -0.5279219 0.5536961 0.5283184 -0.6436616 0 -0.4714137 0.8819122 0 -0.4714044 0.8819172 0 -0.6343969 0.7730075 0 -0.6343961 0.7730082 0.1954686 -0.4625592 0.8647722 0.5538751 -0.3923282 0.7343711 0.5517902 -0.3931588 0.7354956 1 -4.18673e-5 0 1 -1.82795e-5 0 0.9808691 -0.09106999 0.172053 0.9806433 -0.0931462 0.1722283 1 2.38231e-5 0 0 0.4713866 -0.8819268 0.1941349 0.462226 -0.8652508 0.1942152 0.2843866 -0.9388316 0.194077 0.2853394 -0.938571 0 0.2902746 -0.9569434 0.198641 0.4619559 -0.8643718 0.5505755 0.3932682 -0.7363469 0.5510214 0.24194 -0.7986493 0.5546825 0.3922953 -0.7337791 0.8299105 0.2632498 -0.4918825 0.8307917 0.1612849 -0.5327029 0.8298689 0.2623414 -0.4924374 0.980869 0.09181118 -0.1716594 0.9807701 0.092413 -0.1719007 1 -5.96161e-5 0 0 0.2902659 -0.956946 1 7.397e-5 0 1 -5.8842e-5 0 1 2.45821e-5 0 0.9807044 0.05662399 -0.1871171 0.9808674 0.05649888 -0.1862986 0.8300368 0.05449295 -0.5550401 0.8302806 0.1617655 -0.5333536 0.5536487 0.2422212 -0.7967447 0.191967 0.09612804 -0.9766822 0.1961382 0.6230273 -0.7572098 1 3.59919e-5 0 1 -7.54262e-5 0 0.8309016 -0.2623509 0.490688 0.8310441 -0.1615919 0.532216 0.8301141 -0.2624631 0.4919592 0.1925168 -0.4626371 0.8653926 0 0.4713864 -0.8819269 1 1.62075e-4 0 0.9807288 -0.05661946 0.1869906 0.5511525 -0.2419867 0.7985445 0 0.9569402 0.2902852 0.553135 -0.7972216 0.2418252 0.9999999 5.62984e-4 0 1 4.09635e-5 0 1 -1.02811e-4 0 0.8302474 -0.5333991 0.1617868 -0.7052507 0.06948137 -0.7055451 -0.70543 0.06947928 -0.705366 -0.7052878 0.2058169 -0.6783868 -0.7054612 0.2056868 -0.6782459 -0.8773058 0.1393134 -0.4592673 -0.8657574 0.1215935 -0.485468 -0.8657694 0.07342863 -0.4950269 -0.8773016 0.04704326 -0.4776282 -0.2576455 0.09472858 -0.9615848 -0.2575428 0.2805108 -0.9246543 -0.2577991 0.09470659 -0.9615459 0 0.09801357 -0.9951851 0 0.09801912 -0.9951846 -0.8657572 0.1686024 -0.4712089 -0.257773 0.2804676 -0.9246032 -0.2576463 0.4554746 -0.8521509 -0.7052797 0.334227 -0.6251983 -0.7052507 -0.06948137 -0.7055451 -0.70543 -0.06947928 -0.705366 -0.865764 0.02456307 -0.4998494 -0.7053763 0.334136 -0.625138 -0.865764 -0.02456307 -0.4998494 -0.8773086 0.2262479 -0.4232513 -0.8773016 -0.04704326 -0.4776282 0 0.290274 -0.9569436 0 0.2902945 -0.9569374 0 0.471377 -0.8819319 -0.2578997 -0.09472197 -0.9615174 -0.2575434 -0.09471327 -0.9616137 0 -0.09801357 -0.9951851 0 -0.09801912 -0.9951846 -0.8657529 0.2139607 -0.4524298 -0.865769 0.2572602 -0.4292568 -0.2576175 0.4554576 -0.8521688 -0.25765 0.6129566 -0.7469276 -0.7052878 -0.2058169 -0.6783868 -0.257773 -0.2804676 -0.9246032 0 0.4714119 -0.8819133 0 0.6343873 -0.7730154 -0.2575428 -0.2805108 -0.9246543 -0.8657694 -0.07342863 -0.4950269 -0.705262 0.4498074 -0.5479772 -0.8657574 -0.1215935 -0.485468 -0.7054255 0.4496277 -0.547914 -0.8773058 -0.1393134 -0.4592673 -0.8773089 0.3044539 -0.3709946 0 -0.290274 -0.9569436 0 -0.2902945 -0.9569374 -0.8657691 0.298108 -0.4019649 -0.8657551 0.3360998 -0.3708167 0 0.6344001 -0.7730049 0 0.7730182 -0.6343839 0 0.7730185 -0.6343835 -0.2577483 0.7468826 -0.6129699 -0.2575477 -0.4554666 -0.8521851 -0.7054612 -0.2056868 -0.6782459 -0.2577218 0.6129888 -0.7468764 -0.2576667 0.7468658 -0.6130249 -0.7053763 -0.334136 -0.625138 -0.7053653 0.5480114 -0.4496034 -0.7052797 -0.334227 -0.6251983 -0.2577733 -0.4554585 -0.8521212 -0.705262 -0.4498074 -0.5479772 -0.25765 -0.6129566 -0.7469276 -0.2576628 -0.6130104 -0.7468791 0 -0.6343868 -0.7730159 0 -0.6344007 -0.7730044 0 -0.4714119 -0.8819133 -0.8773086 -0.2262479 -0.4232513 -0.865769 -0.2572602 -0.4292568 -0.8657691 -0.298108 -0.4019649 -0.8773098 -0.3044506 -0.3709951 -0.8657434 -0.213979 -0.4524392 -0.705412 -0.4496062 -0.5479491 -0.7053884 -0.5478926 -0.449712 -0.7053653 -0.5480114 -0.4496034 -0.2576667 -0.7468658 -0.6130249 -0.8657551 -0.3360998 -0.3708167 -0.86577 -0.3707919 -0.3360888 -0.2578079 -0.7468626 -0.6129693 0 -0.7730185 -0.6343835 0 -0.471377 -0.8819319 0 -0.7730182 -0.6343839 -0.8657572 -0.1686024 -0.4712089 -0.7053261 -0.6252142 -0.3340994 -0.2576941 -0.8521109 -0.4555225 -0.2576696 -0.8521443 -0.4554741 0 -0.8819192 -0.4714006 -0.8773085 -0.370985 -0.3044668 -0.8657729 -0.4019591 -0.2981045 -0.8657708 -0.4292418 -0.2572793 -0.8773064 -0.423263 -0.2262349 0 -0.8819292 -0.471382 -0.2576193 -0.9246364 -0.2804993 0 -0.9569388 -0.2902901 -0.7053761 -0.6251069 -0.3341948 -0.7052804 -0.6784165 -0.205744 -0.8657761 -0.4523825 -0.2139675 -0.8657723 -0.4711843 -0.1685937 -0.8772966 -0.4592822 -0.1393219 0 -0.9569424 -0.2902783 -0.2576639 -0.9246309 -0.2804766 -0.2576482 -0.9615855 -0.09471404 0 -0.9951841 -0.09802401 -0.7054575 -0.6782221 -0.2057782 -0.7053522 -0.7054438 -0.06947916 0 -0.9951851 -0.09801381 -0.8657597 -0.4854609 -0.121605 -0.8657687 -0.4950286 -0.07342624 -0.8773115 -0.4776104 -0.04704183 -0.25763 -0.961592 -0.0946986 -0.25763 -0.961592 0.0946986 -0.2577141 -0.9615668 0.09472566 0 -0.9951842 0.09802258 -0.7053728 -0.7054231 -0.06948035 -0.7053728 -0.7054231 0.06948035 0 -0.995185 0.09801524 -0.8657743 -0.4998317 -0.02455526 -0.8657714 -0.4998371 0.0245555 -0.2576944 -0.9246221 0.2804775 -0.2576513 -0.9246283 0.2804968 -0.257675 -0.8521108 0.4555338 -0.2576327 -0.8521539 0.455477 0 -0.8819192 0.4714006 -0.2579208 -0.7468134 0.6129819 -0.2575781 -0.7469728 0.6129316 0 -0.7730001 0.6344059 0 -0.9569424 0.2902783 -0.7052835 -0.6252213 0.3341761 -0.705418 -0.6250998 0.3341193 -0.7052727 -0.6784192 0.2057617 -0.7054154 -0.6782622 0.2057904 -0.8773029 -0.4592707 0.1393206 -0.8657849 -0.4711623 0.1685907 -0.8657644 -0.4524043 0.213968 -0.865762 -0.4854588 0.1215975 -0.8773097 -0.4232576 0.226232 -0.7053384 -0.7054578 0.06947779 -0.865762 -0.4292511 0.2572931 -0.8657591 -0.4019783 0.2981188 -0.8773085 -0.370985 0.3044668 -0.705357 -0.5479101 0.4497401 0 -0.7730185 0.6343835 0 -0.9569425 0.2902776 -0.8657549 -0.4950522 0.07342976 -0.8773158 -0.4776023 0.04704242 -0.2576208 -0.6129651 0.7469307 0 -0.6343873 0.7730154 -0.7052968 -0.5480641 0.4496467 -0.7052619 -0.4498074 0.5479773 0 -0.6344001 0.7730049 -0.8657703 -0.3708009 0.3360782 -0.8657655 -0.3360878 0.3708035 -0.8773217 -0.3044402 0.3709757 -0.257777 -0.6129351 0.7469014 -0.2575191 -0.4554904 0.852181 -0.2578034 -0.4554345 0.8521249 0 -0.471377 0.8819319 -0.7053233 -0.4497023 0.5479843 0 -0.4714119 0.8819133 -0.8657618 -0.2981331 0.4019615 -0.8657728 -0.2572669 0.4292451 -0.8773049 -0.22624 0.4232633 -0.705488 -0.3340836 0.62504 -0.2577705 -0.280499 0.9245944 -0.2576706 -0.2805009 0.9246217 0 -0.2902843 0.9569405 -0.7052112 -0.3342592 0.6252585 -0.7053215 -0.2057579 0.6783697 0 -0.2902945 0.9569374 -0.8657668 -0.2139505 0.4524081 -0.8657572 -0.1686024 0.4712089 -0.2575193 -0.09469819 0.9616217 -0.2576711 -0.09471416 0.9615793 0 -0.09801357 0.9951851 0 -0.09801912 0.9951846 -0.7053564 -0.2057971 0.6783215 -0.8773049 -0.1393204 0.4592668 -0.8657588 -0.12158 0.4854688 -0.8657543 -0.07345271 0.4950498 -0.877312 -0.04703432 0.4776104 -0.7053614 -0.06948596 0.7054339 -0.865764 -0.02456307 0.4998494 -0.865764 0.02456307 0.4998494 -0.8773117 0.04704153 0.4776102 -0.7053852 -0.0694766 0.7054111 -0.7053852 0.0694766 0.7054111 -0.7053614 0.06948596 0.7054339 0 0.09801357 0.9951851 -0.2576459 0.09471172 0.9615863 -0.2575434 0.09471327 0.9616137 0 0.09801912 0.9951846 -0.8657538 0.07345962 0.4950495 -0.8657588 0.12158 0.4854688 -0.877304 0.1393275 0.4592663 -0.7053589 0.2057241 0.678341 -0.7053564 0.2057971 0.6783215 -0.2577705 0.280499 0.9245944 -0.2576706 0.2805009 0.9246217 0 0.2902843 0.9569405 0 0.2902945 0.9569374 -0.705488 0.3340836 0.62504 -0.7052112 0.3342592 0.6252585 -0.8657572 0.1686024 0.4712089 -0.8657599 0.2139556 0.452419 -0.2577188 0.4554721 0.8521304 -0.2575476 0.4554664 0.8521853 0 0.471377 0.8819319 0 0.4714119 0.8819133 -0.7053233 0.4497023 0.5479843 -0.7052619 0.4498074 0.5479773 -0.257777 0.6129351 0.7469014 -0.2576736 0.6129676 0.7469103 0 0.6343868 0.7730159 -0.8772987 0.2262565 0.4232673 -0.8657724 0.2572571 0.4292517 -0.8657654 0.2981296 0.4019568 0 0.6344007 0.7730044 -0.2575259 0.7469758 0.6129499 -0.705357 0.5479101 0.4497401 -0.7052968 0.5480641 0.4496467 -0.8773205 0.3044404 0.3709782 -0.865773 0.3360715 0.3708007 -0.8657612 0.3708157 0.3360854 0 0.7730001 0.6344059 0 0.7730185 0.6343835 -0.2579208 0.7468134 0.6129819 -0.2576057 0.8521593 0.4554822 0 0.8819192 0.4714006 -0.7053261 0.6252142 0.3340994 -0.8773085 0.370985 0.3044668 -0.8657574 0.4019807 0.2981206 -0.865762 0.4292511 0.2572931 -0.8773097 0.4232576 0.226232 -0.2576624 0.8521183 0.4555265 -0.2576513 0.9246283 0.2804968 0 0.9569425 0.2902776 -0.705352 0.62514 0.3341833 -0.7052462 0.6784492 0.2057539 -0.2576944 0.9246221 0.2804775 -0.8657644 0.4524043 0.213968 -0.8657821 0.4711676 0.1685902 -0.8773029 0.4592707 0.1393206 -0.7054284 0.6782475 0.2057941 -0.7053522 0.7054438 0.06947916 -0.25763 0.961592 0.0946986 -0.8657661 0.4854511 0.1215991 -0.8657549 0.4950522 0.07342976 -0.8773083 0.4776164 0.04704242 -0.2577141 0.9615668 0.09472566 0 0.9951841 0.09802401 0 0.9951851 0.09801381 0 0.9569424 0.2902783 -0.7053728 0.7054231 0.06948035 -0.7053728 0.7054231 -0.06948035 -0.7053406 0.7054556 -0.06947755 -0.25763 0.961592 -0.0946986 -0.2576562 0.9615834 -0.0947138 0 0.9951842 -0.09802258 -0.8657735 0.4998332 0.02455532 -0.8657714 0.4998371 -0.0245555 0 0.995185 -0.09801524 -0.2576639 0.9246309 -0.2804766 -0.2576193 0.9246364 -0.2804993 0 0.9569386 -0.2902907 -0.7054621 0.6782154 -0.2057844 -0.8773158 0.4776023 -0.04704242 -0.8657687 0.4950286 -0.07342624 -0.8657597 0.4854609 -0.121605 0 0.9569425 -0.2902776 -0.2576431 0.8521491 -0.4554801 -0.257675 0.8521108 -0.4555338 -0.7053024 0.6783902 -0.2057555 -0.7053761 0.6251069 -0.3341948 0 0.8819192 -0.4714006 -0.8772954 0.459285 -0.1393206 -0.8657813 0.4711679 -0.1685928 -0.8657698 0.4523934 -0.2139694 0 0.8819292 -0.471382 -0.8773097 0.4232576 -0.226232 -0.7053261 0.6252142 -0.3340994 -0.8657708 0.4292418 -0.2572793 -0.8657729 0.4019591 -0.2981045 -0.8773096 0.3709819 -0.3044672 -0.86577 0.3707919 -0.3360888 -0.7054244 0.5478582 -0.4496975 0 0.195116 -0.9807803 0 -0.1951171 -0.98078 0 0.1951171 -0.98078 0 0.5555533 -0.831481 0 -0.5555508 -0.8314827 0 0.5555508 -0.8314827 0 0.8314871 -0.5555441 0 -0.8314898 -0.5555402 0 0.8314898 -0.5555402 0 0.9807853 -0.1950904 0 -0.9807834 -0.1951001 0 0.9807834 -0.1951001 0 -0.9807842 -0.1950958 0 0.9807877 0.1950786 0 -0.9807877 0.1950786 0 0.9807888 0.1950732 0 0.8314898 0.5555402 0 -0.8314898 0.5555402 0 0.8314871 0.5555441 0 0.5554805 0.8315295 0 -0.5554727 0.8315348 0 0.5554754 0.831533 0 -0.5554805 0.8315295 0 0.1951171 0.98078 0 -0.1951171 0.98078 0 0.195116 0.9807803 0 -0.5555273 -0.8314984 0 -0.5555325 -0.8314949 0 0.8315054 -0.5555168 0 -0.8315106 -0.555509 0 0.8315106 -0.555509 0 0.9807778 -0.1951284 0 -0.9807845 -0.1950948 0 0.9807748 -0.1951435 0 -0.9807831 -0.1951013 0 0.980779 0.195122 0 -0.9807866 0.195084 0 0.9807812 0.1951112 0 -0.9807888 0.1950732 0 0.8315106 0.555509 0 -0.8315106 0.555509 0 0.8315054 0.5555168 0 0.5554832 0.8315279 0 -0.5554545 0.8315469 0 0.5554727 0.8315348 0 -0.5554571 0.8315452 0 0.1948161 -0.9808399 0 -0.1948161 -0.9808399 0 0.1948155 -0.9808399 0 0.5556923 -0.8313881 0 -0.555691 -0.831389 0 0.5556897 -0.8313898 0 -0.5556897 -0.8313898 0 0.831455 -0.5555923 0 -0.8314563 -0.5555903 0 -0.831455 -0.5555923 0 0.9807919 -0.195057 0 -0.9807919 -0.195057 0 0.9807925 -0.1950543 0 0.9807848 0.1950931 0 -0.9807834 0.1951001 0 0.9807834 0.1951001 0 -0.9807842 0.1950958 0 0.831455 0.5555923 0 -0.831455 0.5555923 0 -0.8314563 0.5555903 0 0.5556196 0.8314368 0 -0.5556196 0.8314368 0 0.5556222 0.831435 0 -0.5556209 0.8314358 0 0.1951165 0.9807801 0 -0.1948155 -0.9808399 0 0.555691 -0.831389 0 -0.5556923 -0.8313881 0 0.8314563 -0.5555903 0 -0.9807925 -0.1950543 0 0.9807842 0.1950958 0 -0.9807839 0.1950975 0 0.8314563 0.5555903 0 0.5556209 0.8314358 0 -0.5556222 0.831435 0 -0.1951165 0.9807801 0 -0.195116 -0.9807803 0 0.5555273 -0.8314984 0 0.5555325 -0.8314949 0 -0.5555533 -0.831481 0 -0.8315054 -0.5555168 0 -0.9807769 -0.1951327 0 0.9807823 -0.1951056 0 -0.9807756 -0.1951392 0 0.9807866 0.195084 0 -0.980779 0.195122 0 -0.9807812 0.1951112 0 -0.8315054 0.5555168 0 0.5554623 0.8315417 0 -0.5554754 0.831533 0 0.5554493 0.8315504 0 -0.195116 0.9807803 0 -0.8314871 -0.5555441 0 0.9807842 -0.1950958 0 -0.8314871 0.5555441 0 -0.5554832 0.8315279 0 -0.1951165 -0.9807801 0 0.5556209 -0.8314358 0 -0.5556222 -0.831435 0 0.5556196 -0.8314368 0 -0.5556196 -0.8314368 0 0.8314214 -0.5556424 0 -0.831427 -0.5556339 0 0.831427 -0.5556339 0 -0.8314201 -0.5556444 0 0.9807877 -0.1950786 0 -0.9807877 -0.1950786 0 -0.9807882 -0.1950759 0 0.9807919 0.195057 0 -0.9807925 0.1950543 0 -0.9807919 0.195057 0 0.8314201 0.5556444 0 -0.831427 0.5556339 0 0.8314284 0.555632 0 -0.8314201 0.5556444 0 0.1950168 0.9808 0 -0.1950162 0.9808001 0 -0.1950168 0.9808 0 -0.1951168 -0.98078 0 0.1951168 -0.98078 0 -0.5555508 -0.8314827 0 -0.83149 -0.5555397 0 0.5555508 -0.8314827 0 -0.8314903 -0.5555392 0 0.83149 -0.5555397 0 -0.9807834 -0.1950998 0 0.8314903 -0.5555392 0 -0.9807843 -0.1950955 0 0.9807843 -0.1950955 0 -0.9807877 0.1950783 0 0.9807834 -0.1950998 0 0.9807877 0.1950783 0 -0.8314903 0.5555392 0 -0.83149 0.5555397 0 0.8314903 0.5555392 0 -0.5556209 0.8314357 0 0.83149 0.5555397 0 0.5556209 0.8314357 0 -0.1949161 0.98082 0 0.1949161 0.98082 0 0.1951165 -0.9807801 0 0.5556222 -0.831435 0 -0.5556209 -0.8314358 0 0.8314201 -0.5556444 0 -0.8314284 -0.555632 0 0.9807882 -0.1950759 0 0.9807925 0.1950543 0 0.831427 0.5556339 0 -0.8314214 0.5556424 0 0.1950162 0.9808001 0 -0.09801876 0.9951847 0 -0.09802222 0.9951843 0 -0.2902843 0.9569405 0 -0.2902842 0.9569405 0 -0.4714032 0.8819178 0 -0.4713814 0.8819296 0 0.09801876 0.9951847 0 0.09802222 0.9951843 0 -0.6344092 0.7729974 0 -0.6343923 0.7730113 0 0.2902843 0.9569405 0 0.2902842 0.9569405 0 -0.7730141 0.6343889 0 -0.7730033 0.6344021 0 0.4713816 0.8819295 0 0.4714031 0.8819179 0 -0.8819232 0.4713931 0 -0.8819229 0.4713938 0 0.6343925 0.7730111 0 0.634409 0.7729976 0 -0.9569434 0.2902747 0 -0.9569364 0.2902979 0 0.7730029 0.6344026 0 0.7730145 0.6343883 0 -0.995185 0.09801518 0 -0.9951847 0.09801876 0 0.8819232 0.4713931 0 0.8819229 0.4713938 0 -0.9951851 -0.09801328 0 -0.9951845 -0.09802061 0 0.9569364 0.2902979 0 0.9569434 0.2902747 0 -0.9569388 -0.2902902 0 0.9951847 0.09801787 0 0.9951848 0.09801602 0 -0.9569411 -0.2902824 0 -0.8819229 -0.4713938 0 0.9951844 -0.0980215 0 0.9951853 -0.09801244 0 -0.8819232 -0.4713931 0 -0.7730145 -0.6343883 0 -0.7730029 -0.6344026 0 0.9569388 -0.2902902 0 0.9569411 -0.2902824 0 -0.6344007 -0.7730045 0 -0.6343842 -0.773018 0 0.8819229 -0.4713938 0 0.8819232 -0.4713931 0 -0.4714139 -0.8819122 0 -0.4713924 -0.8819237 0 0.7730033 -0.6344021 0 0.7730141 -0.6343889 0 -0.2902842 -0.9569405 0 -0.2902843 -0.9569405 0 0.634384 -0.7730181 0 0.6344009 -0.7730043 0 -0.09802222 -0.9951843 0 -0.09801876 -0.9951847 0 0.4713922 -0.8819237 0 0.4714141 -0.881912 0 0.09801876 -0.9951847 0 0.09802222 -0.9951843 0 0.2902843 -0.9569405 0 0.2902842 -0.9569405 0.7053557 0.2057565 -0.6783345 0.7056893 0.06947946 -0.7051066 0.7053465 0.2057731 -0.678339 0.7053124 0.3341619 -0.6251962 0.7053496 0.06946706 -0.7054476 0.7053496 -0.06946706 -0.7054476 0.7056893 -0.06947946 -0.7051066 0.7055898 0.3340044 -0.6249673 0.7054458 0.4496595 -0.5478619 0.7053557 -0.2057565 -0.6783345 0.7053569 0.449738 -0.5479119 0.7053881 0.5478937 -0.4497113 0.7053894 0.5479395 -0.4496533 0.7053855 -0.2057619 -0.6783019 0.7053124 -0.3341619 -0.6251962 0.7055763 -0.3340323 -0.6249677 0.7053992 0.6250936 -0.3341708 0.7053525 0.6251468 -0.3341698 0.7054458 -0.4496595 -0.5478619 0.705329 -0.4497557 -0.5479333 0.7053163 0.6783758 -0.2057552 0.7055143 0.6781705 -0.2057535 0.7053881 -0.5478937 -0.4497113 0.7054119 0.7053841 -0.06948125 0.7053563 0.7054411 -0.06946617 0.7053894 -0.5479395 -0.4496533 0.7054305 -0.6250784 -0.3341329 0.7054545 0.7053415 0.06947863 0.7053667 -0.6251344 -0.3341631 0.7053163 -0.6783758 -0.2057552 0.7053151 0.7054819 0.06946897 0.7053588 0.678321 0.2057906 0.7054791 -0.6782051 -0.2057597 0.7054187 -0.705377 -0.0694819 0.7053582 0.678336 0.2057431 0.7053667 0.6251344 0.3341631 0.7053421 -0.7054551 -0.0694676 0.7054545 -0.7053415 0.06947863 0.7053291 -0.7054681 0.0694676 0.7054445 0.6250661 0.3341264 0.7053753 0.5479504 0.4496622 0.705344 -0.6783327 0.2058027 0.7053303 -0.6783626 0.2057511 0.7053934 0.547884 0.4497147 0.7052172 0.4498262 0.5480193 0.7055174 0.4494792 0.5479176 0.7053383 -0.6251593 0.3341765 0.7055109 -0.6249955 0.3341184 0.7054781 0.3340567 0.6250655 0.7055503 0.3340613 0.6249815 0.7053753 -0.5479504 0.4496622 0.7053881 -0.5478937 0.4497113 0.7054869 0.2057196 0.6782093 0.7052128 -0.4498373 0.5480159 0.7052928 0.2057747 0.6783944 0.705466 0.06950128 0.7053278 0.7054646 0.0694279 0.7053366 0.7055174 -0.4494792 0.5479176 0.7054781 -0.3340567 0.6250655 0.7054646 -0.0694279 0.7053366 0.705466 -0.06950128 0.7053278 0.7052439 -0.2057888 0.6784409 0.70546 -0.2057403 0.678231 0.7055503 -0.3340613 0.6249815 1 9.38994e-6 0 1 1.81063e-5 0 1 -9.38994e-6 0 1 1.61527e-5 0 1 -1.81063e-5 0 0 0.1950165 -0.9808 0 -0.1950165 -0.9808 0 0.5556209 -0.8314359 0 -0.5556209 -0.8314359 0 0.8314909 -0.5555384 0 -0.8314909 -0.5555384 0 0.8314912 -0.555538 0 -0.8314912 -0.555538 0 0.9807845 -0.1950944 0 -0.9807832 -0.1951008 0 0.9807832 -0.1951008 0 -0.9807845 -0.1950944 0 0.9807883 0.1950753 0 -0.9807871 0.1950817 0 0.9807871 0.1950817 0 -0.9807883 0.1950753 0 0.8314912 0.555538 0 -0.8314912 0.555538 0 0.8314909 0.5555384 0 -0.8314909 0.5555384 0 0.5554824 0.8315283 0 -0.5554709 0.831536 0 0.5554709 0.831536 0 -0.5554824 0.8315283 0 0.1951168 0.9807801 0 -0.1951168 0.9807801 0.7065649 0.103826 0.6999902 0.7066295 0.1038025 0.6999285 0.7066161 0.1719239 0.6863934 0.7065113 0.1719583 0.6864927 0.706506 0.2384434 0.6663289 0.7065156 0.03472942 0.7068449 0.7067325 0.03472268 0.7066283 0.7066293 -0.03472381 0.7067314 0.7067027 0.238345 0.6661553 0.7065129 0.3025498 0.6397681 0.7066197 -0.03472822 0.7067409 0.70669 -0.1037937 0.6998686 0.7066999 0.3024678 0.6396004 0.7065867 0.3638831 0.6068973 0.7065048 -0.1038348 0.7000495 0.7066269 -0.1719436 0.6863774 0.7065171 0.3638222 0.6070149 0.7066314 0.4214777 0.568356 0.7065067 -0.1719504 0.6864994 0.706743 -0.2383441 0.666113 0.7068368 0.4214228 0.5681415 0.7067474 0.4751014 0.5242011 0.7066144 0.4752072 0.5242846 0.7064649 -0.2384322 0.6663764 0.70651 -0.3025953 0.6397498 0.7067171 0.5241965 0.4751516 0.7064912 0.5244035 0.4752591 0.7067626 -0.3023511 0.6395862 0.7066157 -0.3637854 0.6069222 0.7064817 -0.3638194 0.6070577 0.7064388 0.5685583 0.4215279 0.7067618 0.5682032 0.4214651 0.7066314 -0.4214777 0.568356 0.7068368 -0.4214228 0.5681415 0.7066817 0.6068547 0.3637697 0.7067742 0.6067981 0.3636842 0.7067474 -0.4751014 0.5242011 0.7066265 0.6396727 0.3024863 0.7066144 -0.4752072 0.5242846 0.7066037 -0.5243198 0.4751842 0.7066463 -0.5242493 0.4751986 0.7066397 0.6396327 0.3025402 0.7066404 0.6662091 0.2383798 0.7065932 0.6662614 0.2383736 0.7064374 -0.5685135 0.4215908 0.7067575 -0.5682221 0.421447 0.7066704 0.686335 0.171934 0.7066875 -0.6068907 0.3636985 0.7066292 -0.6069152 0.363771 0.7067325 0.6862794 0.1719007 0.706595 0.6999632 0.1038036 0.7066583 -0.6396311 0.3024999 0.7066397 -0.6396327 0.3025402 0.7067692 0.6997851 0.1038184 0.7066203 0.7067409 0.03471463 0.7067368 0.7066242 0.03471964 0.7066355 -0.6662218 0.2383585 0.7066403 -0.6662089 0.2383807 0.7067368 0.7066242 -0.03471964 0.7066704 -0.686335 0.171934 0.7067257 -0.6862869 0.171899 0.706595 -0.6999632 0.1038036 0.7067408 -0.6998131 0.1038226 0.7066239 -0.7067374 0.03471446 0.7067368 -0.7066242 0.03471964 0.7067372 -0.7066237 -0.03472 0.7066243 -0.706737 -0.0347141 0.7067692 -0.6997851 -0.1038184 0.7066301 -0.6999282 -0.1038005 0.7067267 -0.6862802 -0.1719212 0.7066749 -0.6863321 -0.1719272 0.7065882 -0.6662741 -0.2383529 0.7066688 -0.6661823 -0.2383702 0.7066965 -0.6395813 -0.3025159 0.7065355 -0.6397574 -0.3025196 0.7066292 -0.6069152 -0.363771 0.7067187 -0.6068491 -0.3637073 0.7067618 -0.5682032 -0.4214651 0.706692 -0.56832 -0.4214249 0.706604 -0.52432 -0.4751835 0.7067384 -0.5241807 -0.4751372 0.7066144 -0.4752072 -0.5242846 0.7066953 -0.475152 -0.5242256 0.7066311 -0.4214775 -0.5683566 0.7064976 -0.4216525 -0.5683929 0.7065171 -0.3638222 -0.6070149 0.7065867 -0.3638831 -0.6068973 0.7066025 -0.3024655 -0.6397089 0.7068511 -0.3024496 -0.6394418 0.7067305 -0.2383553 -0.6661222 0.7066293 -0.2383823 -0.6662199 0.7066196 -0.1719231 -0.6863901 0.7066127 -0.171947 -0.6863912 0.7065157 -0.1038192 -0.7000408 0.7067306 -0.1038017 -0.6998265 0.706743 -0.03471827 -0.7066181 0.7066197 -0.03472822 -0.7067408 0.7066197 0.03472822 -0.7067408 0.706743 0.03471827 -0.7066181 0.706651 0.1037994 -0.6999073 0.7066177 0.1038182 -0.699938 0.7067323 0.1718956 -0.6862807 0.7065131 0.1719712 -0.6864876 0.7066234 0.2383969 -0.666221 0.7067305 0.2383553 -0.6661222 0.7068079 0.3024564 -0.6394863 0.7066258 0.3025016 -0.6396662 0.7066157 0.3637854 -0.6069222 0.7065171 0.3638222 -0.6070149 0.7064976 0.4216525 -0.5683929 0.7066646 0.4213848 -0.5683836 0.7067474 0.4751014 -0.5242011 0.7066355 0.475193 -0.5242689 0.7067597 0.524165 -0.4751229 0.706604 0.52432 -0.4751835 0.7066663 0.5683759 -0.4213926 0.7067618 0.5682032 -0.4214651 0.7067173 0.6068243 -0.3637514 0.7066313 0.6069392 -0.3637266 0.7065355 0.6397574 -0.3025196 0.7066965 0.6395813 -0.3025159 0.7066497 0.6662085 -0.2383538 0.7066403 0.6662089 -0.2383807 0.7066749 0.6863321 -0.1719272 0.7067267 0.6862802 -0.1719212 0.7066301 0.6999282 -0.1038005 0.7067692 0.6997851 -0.1038184 0.706631 0.7067303 -0.0347141 0 0.04907935 0.9987949 0 -0.04907935 0.9987949 0 -0.1467354 0.9891758 0 -0.1467405 0.9891751 0 0.1467406 0.989175 0 0.1467353 0.9891759 0 -0.2429686 0.9700342 0 0.2429686 0.9700342 0 -0.3369062 0.9415382 0 -0.3369064 0.9415382 0 0.3369062 0.9415382 0 0.3369064 0.9415382 0 -0.4275374 0.9039978 0 0.4275374 0.9039978 0 0.4275197 0.9040061 0 -0.4275197 0.9040061 0 -0.5140898 0.8577364 0 0.5140898 0.8577364 0 0.5141057 0.8577269 0 -0.5141057 0.8577269 0 -0.5957076 0.8032014 0 0.5957213 0.8031913 0 -0.5957201 0.8031922 0 -0.6715415 0.740967 0 0.5957064 0.8032023 0 0.6715415 0.740967 0 0.6715655 0.7409453 0 -0.6715655 0.7409453 0 -0.7409453 0.6715653 0 0.7409645 0.6715443 0 -0.7409639 0.6715449 0 -0.8031991 0.5957107 0 0.7409447 0.6715661 0 0.8031991 0.5957107 0 -0.8577314 0.5140983 0 0.8577314 0.5140983 0 -0.9039902 0.4275534 0 0.9039902 0.4275534 0 -0.9039906 0.4275523 0 -0.9415407 0.3368993 0 0.9039906 0.4275523 0 0.9415456 0.3368859 0 -0.9415456 0.3368859 0 -0.9700307 0.2429826 0 0.9415407 0.3368993 0 0.9700307 0.2429826 0 -0.9700304 0.2429839 0 -0.9891766 0.1467304 0 0.9700304 0.2429839 0 0.9891766 0.1467304 0 0.9891764 0.1467317 0 -0.9891764 0.1467317 0 -0.9987955 0.04906749 0 -0.9987956 0.04906541 0 -0.9987955 -0.04906749 0 -0.9987956 -0.04906541 0 -0.9891774 -0.1467255 0 -0.9891766 -0.1467304 0 -0.9700304 -0.2429839 0 -0.9700282 -0.2429926 0 -0.9415407 -0.3368993 0 -0.9415456 -0.3368859 0 -0.9039906 -0.4275523 0 -0.9039902 -0.4275534 0 -0.8577314 -0.5140983 0 -0.8577425 -0.5140795 0 -0.8031991 -0.5957107 0 -0.7409447 -0.6715661 0 -0.7409453 -0.6715653 0 -0.6715422 -0.7409664 0 -0.6715648 -0.7409458 0 -0.5957064 -0.8032023 0 -0.5957213 -0.8031913 0 -0.5140901 -0.8577362 0 -0.5141054 -0.8577271 0 -0.4275545 -0.9039897 0 -0.4275374 -0.9039978 0 -0.3368876 -0.941545 0 -0.3368874 -0.941545 0 -0.2429886 -0.9700292 0 -0.1467197 -0.9891781 0 -0.1467198 -0.9891782 0 -0.04907935 -0.9987949 0 0.04907935 -0.9987949 0 0.1467198 -0.9891782 0 0.1467197 -0.9891781 0 0.2429886 -0.9700292 0 0.3368874 -0.941545 0 0.3368876 -0.941545 0 0.4275547 -0.9039896 0 0.4275372 -0.9039979 0 0.5140898 -0.8577364 0 0.5141057 -0.8577269 0 0.5957076 -0.8032014 0 0.5957201 -0.8031922 0 0.6715415 -0.740967 0 0.6715655 -0.7409453 0 0.7409453 -0.6715653 0 0.7409447 -0.6715661 0 0.8031991 -0.5957107 0 0.8577314 -0.5140983 0 0.8577425 -0.5140795 0 0.9039902 -0.4275534 0 0.9039906 -0.4275523 0 0.9415456 -0.3368859 0 0.9415407 -0.3368993 0 0.9700282 -0.2429926 0 0.9700304 -0.2429839 0 0.9891775 -0.1467242 0 0.9891764 -0.1467317 0 0.9987955 -0.04906749 0 0.9987956 -0.04906541 0 0.9987956 0.04906541 0 0.9987955 0.04906749 -1 1.77979e-5 0 -1 1.77968e-5 0 -1 -1.82038e-5 0 -1 -1.77968e-5 0 -1 1.77979e-5 0 -1 1.82038e-5 0 -1 -1.77979e-5 0 -1 -7.28034e-5 0 -1 7.28034e-5 0 -1 -6.22887e-5 0 -1 6.22887e-5 0 -1 8.18867e-5 0 -1 -8.18867e-5 0 -1 8.89997e-6 0 -1 -8.89997e-6 0 -1 8.89806e-6 0 -1 2.27542e-5 0 -1 -8.89806e-6 0 -1 -2.22471e-5 0 -1 2.27525e-5 0 -1 -2.27542e-5 0 -1 2.22471e-5 0 -1 -2.22479e-5 0 -1 -2.27525e-5 0 -1 2.22479e-5 0 -1 2.22487e-5 0 -1 -2.22487e-5 0 -1 2.27517e-5 0 -1 -2.27517e-5 0 -1 2.22463e-5 0 -1 -2.22463e-5 0 -1 -8.89854e-6 0 -1 8.89854e-6 0 -1 -8.89885e-6 0 -1 -1.82043e-5 0 -1 8.89885e-6 0 -1 8.89933e-5 0 -1 -7.28027e-5 0 -1 1.82043e-5 0 -1 -8.89933e-5 0 -1 7.28027e-5 0 -1 -1.77982e-5 0 -1 1.77982e-5 0 -1 1.82035e-5 0 -1 -1.82035e-5 0 -1 3.55923e-5 0 -1 -1.77951e-5 0 -1 -1.82014e-5 0 -1 1.77961e-5 0 0 -0.09802466 -0.995184 0 0.09802466 -0.995184 0 0.2902673 -0.9569457 0 -0.2902673 -0.9569457 0 0.2902673 -0.9569457 0 0.4714022 -0.8819183 0 -0.2902673 -0.9569457 0 -0.4714022 -0.8819183 0 0.6343935 -0.7730104 0 -0.6343935 -0.7730104 0 0.6343931 -0.7730106 0 0.7730004 -0.6344057 0 -0.6343931 -0.7730106 0 -0.7730174 -0.634385 0 0.773018 -0.6343842 0 0.8819159 -0.4714069 0 -0.773001 -0.6344049 0 -0.8819252 -0.4713894 0 0.8819255 -0.4713889 0 0.9569413 -0.2902818 0 -0.8819161 -0.4714064 0 -0.9569413 -0.2902818 0 0.956941 -0.2902824 0 0.9951847 -0.09801816 0 -0.956941 -0.2902824 0 -0.9951847 -0.09801816 0 0.9951847 -0.09801751 0 0.9951847 0.09801751 0 -0.9951847 -0.09801751 0 -0.9951847 0.09801751 0 0.9951847 0.09801816 0 0.956941 0.2902824 0 0.9569413 0.2902818 0 -0.9951847 0.09801816 0 -0.956941 0.2902824 0 0.8819161 0.4714064 0 0.8819159 0.4714069 0 -0.9569413 0.2902818 0 -0.8819161 0.4714064 0 0.773001 0.6344049 0 -0.8819159 0.4714069 0 -0.773018 0.6343842 0 0.7730174 0.634385 0 0.6343931 0.7730106 0 -0.7730004 0.6344057 0 -0.6343931 0.7730106 0 0.6343935 0.7730104 0 0.4714022 0.8819183 0 -0.6343935 0.7730104 0 -0.4714022 0.8819183 0 0.2902866 0.9569398 0 -0.290277 0.9569427 0 0.290277 0.9569427 0 0.09802466 0.995184 0 -0.2902866 0.9569398 0 -0.09802466 0.995184 1 -1.77987e-5 0 1 3.55923e-5 0 1 1.82038e-5 0 1 -1.77979e-5 0 1 1.81999e-5 0 1 -9.10042e-5 0 1 1.81996e-5 0 1 -1.77968e-5 0 1 4.44919e-5 0 1 2.72956e-5 0 1 -1.82038e-5 0 1 1.77979e-5 0 1 -7.11997e-5 0 1 -7.11845e-5 0 1 -5.00592e-5 0 1 -1.81999e-5 0 1 9.10042e-5 0 1 -4.44919e-5 0 1 4.89437e-5 0 1 -4.5505e-5 0 1 -2.72956e-5 0 1 7.11997e-5 0 1 4.44959e-5 0 1 7.11845e-5 0 1 5.00592e-5 0 1 -4.89437e-5 0 1 4.44974e-5 0 1 -4.55034e-5 0 1 4.5505e-5 0 1 -4.44959e-5 0 1 4.8942e-5 0 1 9.55675e-5 0 1 -4.44974e-5 0 1 -7.11883e-5 0 1 -7.11908e-5 0 1 4.55034e-5 0 1 -4.8942e-5 0 1 7.11946e-5 0 1 -9.10034e-5 0 1 -9.55675e-5 0 1 7.11883e-5 0 1 1.82027e-5 0 1 7.11908e-5 0 1 -1.77982e-5 0 1 1.82035e-5 0 1 -7.11946e-5 0 1 -1.77951e-5 0 1 -1.77972e-5 0 1 9.10034e-5 0 1 -1.82027e-5 0 1 1.77982e-5 0 1 -1.82035e-5 0 1 1.77961e-5 0 1 1.77951e-5 0 0 0.09801977 0.9951846 0 -0.09801101 0.9951853 0 -0.09801977 0.9951846 0 0.09801101 0.9951853 0 -0.2903036 0.9569347 0 0.2903036 0.9569347 0 0.2902874 0.9569396 0 -0.2902874 0.9569396 0 -0.4713952 0.8819221 0 0.4713952 0.8819221 0 0.4713954 0.881922 0 -0.4713954 0.881922 0 -0.6343894 0.7730138 0 0.6343894 0.7730138 0 -0.7730215 0.6343799 0 0.7730215 0.6343799 0 0.772993 0.6344146 0 -0.772993 0.6344146 0 -0.8819084 0.471421 0 0.8819084 0.471421 0 0.881924 0.4713915 0 -0.881924 0.4713915 0 -0.9569421 0.2902792 0 0.9569421 0.2902792 0 -0.9951843 0.09802234 0 0.9951849 0.09801542 0 -0.9951848 0.0980165 0 -0.9951848 -0.0980165 0 0.9951842 0.09802341 0 0.9951842 -0.09802341 0 -0.9951843 -0.09802234 0 -0.9569421 -0.2902792 0 0.9951849 -0.09801542 0 0.9569361 -0.2902988 0 -0.9569361 -0.2902988 0 -0.881924 -0.4713915 0 0.9569421 -0.2902792 0 0.881924 -0.4713915 0 0.8819084 -0.471421 0 -0.8819084 -0.471421 0 -0.772993 -0.6344146 0 0.772993 -0.6344146 0 0.7730215 -0.6343799 0 -0.7730215 -0.6343799 0 -0.6344106 -0.7729964 0 0.6343894 -0.7730138 0 -0.6343894 -0.7730138 0 -0.4713954 -0.881922 0 -0.4713952 -0.8819221 0 0.6344106 -0.7729964 0 0.4713954 -0.881922 0 -0.2902874 -0.9569396 0 -0.2902711 -0.9569445 0 0.4713952 -0.8819221 0 0.2902874 -0.9569396 0 -0.09801101 -0.9951853 0 -0.09801977 -0.9951846 0 0.09801977 -0.9951846 0 0.09801101 -0.9951853 0 0.2902711 -0.9569445 -1 -1.11233e-5 0 -1 1.15345e-5 0 -1 -1.1124e-5 0 -1 -1.15345e-5 0 -1 1.1124e-5 0 -1 6.91986e-5 0 -1 -6.91986e-5 0 -1 4.44969e-5 0 -1 -4.44969e-5 0 -1 -4.44959e-5 0 -1 4.44959e-5 0 -1 6.92026e-5 0 -1 2.22469e-5 0 -1 -6.92026e-5 0 -1 -2.22469e-5 0 -1 -4.44939e-5 0 -1 4.44939e-5 0 -1 -4.61361e-5 0 -1 4.61361e-5 0 -1 -6.67408e-5 0 -1 6.67408e-5 0 -1 2.30691e-5 0 -1 -2.30691e-5 0 -1 -4.44919e-5 0 -1 4.44919e-5 0 -1 -4.44978e-5 0 -1 4.44978e-5 0 -1 2.30662e-5 0 -1 -2.30662e-5 0 -1 1.11232e-5 0 -1 1.15335e-5 0 -1 -1.1123e-5 0 0 0.09803766 0.9951828 0 -0.09803766 0.9951828 0 -0.2902767 0.9569428 0 0.2902767 0.9569428 0 -0.471384 0.881928 0 -0.4713991 0.88192 0 0.4713996 0.8819199 0 0.4713836 0.8819283 0 -0.634396 0.7730083 0 0.634396 0.7730083 0 -0.7730047 0.6344004 0 0.7730047 0.6344004 0 -0.773005 0.6344 0 -0.8819163 0.4714062 0 0.773005 0.6344 0 0.8819251 0.4713896 0 -0.8819254 0.4713891 0 -0.9569437 0.2902739 0 0.8819166 0.4714057 0 0.9569437 0.2902739 0 -0.9569438 0.2902733 0 -0.9951853 0.09801173 0 0.9569438 0.2902733 0 0.995185 0.0980156 0 -0.995185 0.0980156 0 -0.9951853 -0.09801173 0 0.9951853 0.09801173 0 0.995185 -0.0980156 0 -0.995185 -0.0980156 0 -0.9569438 -0.2902733 0 0.9951853 -0.09801173 0 0.9569438 -0.2902733 0 -0.9569437 -0.2902739 0 -0.8819166 -0.4714057 0 -0.8819074 -0.4714227 0 0.9569437 -0.2902739 0 0.8819077 -0.4714222 0 0.8819163 -0.4714062 0 -0.773005 -0.6344 0 -0.7730047 -0.6344004 0 0.773005 -0.6344 0 0.7730047 -0.6344004 0 -0.6344079 -0.7729985 0 0.6344199 -0.7729887 0 -0.6344199 -0.7729887 0 -0.4713836 -0.8819283 0 -0.4713996 -0.8819199 0 0.6344079 -0.7729985 0 0.4713991 -0.88192 0 0.471384 -0.881928 0 -0.2902767 -0.9569428 0 0.2902767 -0.9569428 0 -0.09801298 -0.9951851 0 0.09801298 -0.9951851 -1 -1.77019e-6 0 -1 1.77017e-6 0 -1 5.53624e-6 0 -1 -7.08065e-6 0 -1 2.95264e-5 0 -1 -1.41617e-5 0 -1 -1.77017e-6 0 -1 7.3816e-6 0 -1 1.41613e-5 0 -1 7.08075e-6 0 -1 7.38142e-6 0 -1 -2.95264e-5 0 -1 7.08085e-6 0 -1 -7.08075e-6 0 -1 2.95273e-5 0 -1 -7.38182e-6 0 -1 1.41615e-5 0 -1 7.08055e-6 0 -1 5.5364e-6 0 -1 1.77016e-6 0 -1 -1.41614e-5 0 -1 -1.38406e-5 0 -1 1.23912e-5 0 -1 1.47634e-5 0 -1 -2.95255e-5 0 -1 1.41617e-5 0 -1 -7.38142e-6 0 -1 7.38148e-6 0 -1 -7.3816e-6 0 1 -2.32775e-4 0 1 -4.08697e-5 0 1 -4.08898e-5 0 1 4.08898e-5 0 0.9999999 4.65116e-4 0 0.9999999 -4.65116e-4 0 1 -2.32558e-4 0 1 -4.08764e-5 0 1 4.08764e-5 0 1 -1.63425e-4 0 0.9999999 4.65658e-4 0 1 1.63425e-4 0 0.9999999 -4.65766e-4 0 0.9999999 4.65766e-4 0 1 -2.32666e-4 0 1 4.08831e-5 0 0.9999999 4.65333e-4 0 0.9999999 -4.65224e-4 0 1 -1.63506e-4 0 1 8.17394e-5 0 1 4.08497e-5 0 0.9999999 -4.65333e-4 0 1 -1.63479e-4 0 1 4.08697e-5 0 1 8.17528e-5 0 1 -4.08831e-5 0 0.9999999 -4.65441e-4 0 1 8.17261e-5 0 1 -8.17261e-5 0 -1 -3.38241e-6 0 -1 1.75908e-5 0 -1 -2.60688e-5 0 -1 -1.46327e-5 0 -1 5.36452e-5 0 -1 7.03631e-5 0 -1 1.40726e-4 0 -1 -2.08377e-4 0 -1 -5.21159e-5 0 -1 2.08409e-4 0 -1 -5.36452e-5 0 -1 4.16753e-4 0</float_array>
          <technique_common>
            <accessor source="#Mesh1_006-mesh-normals-array" count="2572" stride="3">
              <param name="X" type="float"/>
              <param name="Y" type="float"/>
              <param name="Z" type="float"/>
            </accessor>
          </technique_common>
        </source>
        <vertices id="Mesh1_006-mesh-vertices">
          <input semantic="POSITION" source="#Mesh1_006-mesh-positions"/>
        </vertices>
        <triangles material="Material_0_006-material" count="3708">
          <input semantic="VERTEX" source="#Mesh1_006-mesh-vertices" offset="0"/>
          <input semantic="NORMAL" source="#Mesh1_006-mesh-normals" offset="1"/>
          <p>0 0 1 0 2 0 2 1 4 1 0 1 4 2 6 2 0 2 0 3 6 3 8 3 3 4 1 4 0 4 3 5 5 5 1 5 5 6 3 6 7 6 10 7 8 7 6 7 8 8 10 8 12 8 9 9 7 9 3 9 7 10 9 10 11 10 14 11 12 11 10 11 12 12 14 12 16 12 13 13 11 13 9 13 11 1 13 1 15 1 18 14 16 14 14 14 16 15 18 15 20 15 17 16 15 16 13 16 15 1 17 1 19 1 22 17 20 17 18 17 20 1 22 1 24 1 21 18 19 18 17 18 19 19 21 19 23 19 22 1 26 1 24 1 28 20 24 20 26 20 25 1 23 1 21 1 23 1 25 1 27 1 26 1 30 1 28 1 30 21 32 21 28 21 27 22 25 22 29 22 29 1 31 1 27 1 32 23 30 23 34 23 32 1 34 1 36 1 31 24 29 24 33 24 31 1 33 1 35 1 34 25 38 25 36 25 36 1 38 1 40 1 35 26 33 26 37 26 37 1 39 1 35 1 42 1 40 1 38 1 40 27 42 27 44 27 37 1 41 1 39 1 39 28 41 28 43 28 46 29 44 29 42 29 44 30 46 30 48 30 45 31 43 31 41 31 43 32 45 32 47 32 50 1 48 1 46 1 48 1 50 1 52 1 49 33 47 33 45 33 47 34 49 34 51 34 54 1 52 1 50 1 52 35 54 35 56 35 53 36 51 36 49 36 51 37 53 37 55 37 58 38 56 38 54 38 56 39 58 39 60 39 62 40 60 40 58 40 60 1 62 1 64 1 57 41 55 41 53 41 55 42 57 42 59 42 61 43 59 43 57 43 59 44 61 44 63 44 65 45 63 45 61 45 63 46 65 46 66 46 66 1 64 1 62 1 64 47 66 47 65 47 67 48 68 48 69 48 68 49 70 49 69 49 69 50 70 50 71 50 71 51 73 51 69 51 72 52 71 52 70 52 71 53 72 53 74 53 76 54 71 54 74 54 74 55 78 55 76 55 78 56 80 56 76 56 82 57 80 57 78 57 84 58 80 58 82 58 86 59 80 59 84 59 80 60 86 60 88 60 88 61 91 61 80 61 90 62 88 62 86 62 90 63 93 63 88 63 88 64 94 64 91 64 96 65 91 65 94 65 73 66 71 66 75 66 73 67 75 67 77 67 98 68 96 68 94 68 98 69 100 69 96 69 75 70 79 70 77 70 77 71 79 71 81 71 98 72 102 72 100 72 104 73 100 73 102 73 81 74 79 74 83 74 83 75 85 75 81 75 106 76 104 76 102 76 106 77 108 77 104 77 83 78 87 78 85 78 87 79 89 79 85 79 108 80 106 80 110 80 110 81 112 81 108 81 87 82 92 82 89 82 95 83 89 83 92 83 92 84 97 84 95 84 95 85 97 85 99 85 110 86 114 86 112 86 114 87 116 87 112 87 97 88 101 88 99 88 103 89 99 89 101 89 118 90 116 90 114 90 116 91 118 91 120 91 122 92 116 92 120 92 101 93 105 93 103 93 103 94 105 94 107 94 120 95 124 95 122 95 126 96 122 96 124 96 105 97 109 97 107 97 111 98 107 98 109 98 124 99 128 99 126 99 130 100 126 100 128 100 109 101 113 101 111 101 111 102 113 102 115 102 132 103 130 103 128 103 134 104 130 104 132 104 113 105 117 105 115 105 119 106 115 106 117 106 132 107 136 107 134 107 138 108 134 108 136 108 140 109 138 109 136 109 141 110 138 110 140 110 140 111 139 111 141 111 137 112 141 112 139 112 139 113 135 113 137 113 133 114 137 114 135 114 131 115 133 115 135 115 129 116 133 116 131 116 131 117 127 117 129 117 125 118 129 118 127 118 123 119 125 119 127 119 121 120 125 120 123 120 123 121 119 121 121 121 117 122 121 122 119 122 142 123 143 123 144 123 144 124 146 124 142 124 150 125 142 125 146 125 147 126 142 126 150 126 147 127 145 127 142 127 143 128 142 128 145 128 155 129 150 129 146 129 145 130 148 130 143 130 162 131 150 131 155 131 148 132 153 132 143 132 162 133 157 133 150 133 143 134 153 134 160 134 160 135 167 135 143 135 162 136 155 136 170 136 180 137 162 137 170 137 162 138 180 138 172 138 170 139 192 139 180 139 192 140 183 140 180 140 148 141 159 141 153 141 159 142 166 142 153 142 176 143 153 143 166 143 153 144 176 144 186 144 166 145 187 145 176 145 176 146 187 146 199 146 199 147 213 147 176 147 166 148 185 148 187 148 183 140 172 140 180 140 172 149 183 149 156 149 172 150 156 150 157 150 170 151 200 151 192 151 218 152 192 152 200 152 221 153 192 153 218 153 192 140 221 140 194 140 172 154 157 154 162 154 170 155 155 155 168 155 156 156 147 156 157 156 168 157 189 157 170 157 146 158 154 158 155 158 157 159 147 159 150 159 156 160 151 160 147 160 151 161 145 161 147 161 149 162 146 162 144 162 145 163 151 163 152 163 152 164 148 164 145 164 149 165 167 165 160 165 158 166 148 166 152 166 176 167 198 167 186 167 159 168 148 168 158 168 212 169 186 169 198 169 158 168 173 168 159 168 188 170 186 170 212 170 159 171 173 171 175 171 212 172 213 172 199 172 166 173 159 173 175 173 185 174 166 174 175 174 175 175 197 175 185 175 183 176 192 176 194 176 189 177 200 177 170 177 183 178 194 178 171 178 189 179 214 179 200 179 168 180 179 180 189 180 154 181 146 181 149 181 179 182 205 182 189 182 149 183 161 183 154 183 154 184 161 184 168 184 149 185 160 185 188 185 200 140 214 140 218 140 149 186 188 186 177 186 177 187 169 187 149 187 212 188 199 188 236 188 212 189 202 189 188 189 212 190 236 190 225 190 214 191 189 191 205 191 205 192 228 192 214 192 204 193 205 193 179 193 155 194 154 194 168 194 161 195 179 195 168 195 161 196 178 196 179 196 149 197 169 197 161 197 169 198 177 198 190 198 169 198 190 198 191 198 169 199 191 199 178 199 177 200 188 200 202 200 177 201 202 201 201 201 225 202 202 202 212 202 202 203 225 203 223 203 214 204 228 204 218 204 240 205 218 205 228 205 205 206 204 206 228 206 228 207 204 207 227 207 227 208 251 208 228 208 179 209 178 209 204 209 178 210 203 210 204 210 169 211 178 211 161 211 178 212 191 212 203 212 191 213 190 213 216 213 216 214 217 214 191 214 177 215 201 215 190 215 215 216 190 216 201 216 202 217 223 217 201 217 201 218 223 218 224 218 240 219 221 219 218 219 240 220 228 220 251 220 240 221 251 221 252 221 227 222 250 222 251 222 203 223 227 223 204 223 203 224 239 224 227 224 191 225 217 225 203 225 217 226 226 226 203 226 217 227 216 227 237 227 224 228 215 228 201 228 215 229 224 229 238 229 238 230 237 230 215 230 190 231 215 231 216 231 221 232 240 232 252 232 252 233 257 233 221 233 221 234 257 234 244 234 232 235 221 235 244 235 252 236 251 236 250 236 252 237 250 237 275 237 276 238 252 238 275 238 276 239 275 239 294 239 268 240 276 240 294 240 257 241 276 241 268 241 257 242 252 242 276 242 244 243 257 243 268 243 244 140 258 140 232 140 244 244 268 244 258 244 268 245 294 245 295 245 295 246 282 246 268 246 250 247 264 247 275 247 289 248 275 248 264 248 239 249 264 249 250 249 239 250 249 250 264 250 274 251 264 251 249 251 226 252 249 252 239 252 248 253 249 253 226 253 249 254 248 254 273 254 226 255 237 255 248 255 289 256 294 256 275 256 316 257 294 257 289 257 264 258 274 258 289 258 304 259 289 259 274 259 226 260 239 260 203 260 249 261 273 261 274 261 274 262 273 262 303 262 237 263 238 263 248 263 238 264 263 264 248 264 247 265 263 265 238 265 263 265 247 265 272 265 263 266 272 266 288 266 263 267 288 267 302 267 273 268 263 268 302 268 273 269 248 269 263 269 238 270 224 270 247 270 302 271 288 271 315 271 315 272 327 272 302 272 302 273 327 273 303 273 268 274 282 274 258 274 258 275 282 275 269 275 296 276 282 276 295 276 227 277 239 277 250 277 294 278 316 278 295 278 295 279 316 279 320 279 304 280 316 280 289 280 329 281 316 281 304 281 217 282 237 282 226 282 303 283 304 283 274 283 304 284 303 284 328 284 273 285 302 285 303 285 327 286 341 286 303 286 215 287 237 287 216 287 327 288 315 288 342 288 269 289 232 289 258 289 259 290 232 290 269 290 232 291 259 291 245 291 245 140 194 140 232 140 282 292 296 292 269 292 269 293 296 293 297 293 269 294 297 294 283 294 296 295 295 295 320 295 296 296 321 296 297 296 320 297 321 297 296 297 329 298 320 298 316 298 259 299 269 299 283 299 259 300 270 300 245 300 259 301 283 301 270 301 283 302 297 302 298 302 297 303 321 303 322 303 329 304 321 304 320 304 321 305 329 305 346 305 304 306 328 306 329 306 329 307 328 307 352 307 352 308 346 308 329 308 346 309 352 309 364 309 346 310 364 310 347 310 346 311 347 311 322 311 303 312 341 312 328 312 351 313 328 313 341 313 351 314 352 314 328 314 351 315 369 315 352 315 327 316 342 316 341 316 341 317 342 317 362 317 362 318 351 318 341 318 351 319 362 319 370 319 270 320 284 320 245 320 245 140 243 140 194 140 245 321 284 321 280 321 280 322 266 322 245 322 270 323 283 323 298 323 270 324 298 324 311 324 311 325 299 325 270 325 298 326 297 326 322 326 298 327 322 327 323 327 321 328 346 328 322 328 347 329 323 329 322 329 347 330 364 330 365 330 365 331 348 331 347 331 364 332 352 332 369 332 369 333 379 333 364 333 351 334 370 334 369 334 369 335 370 335 383 335 284 336 270 336 299 336 284 337 299 337 309 337 299 338 311 338 324 338 311 339 298 339 323 339 336 340 311 340 323 340 347 341 348 341 323 341 348 342 365 342 366 342 348 343 366 343 357 343 348 344 357 344 336 344 383 345 379 345 369 345 379 346 383 346 390 346 379 347 390 347 380 347 379 348 380 348 365 348 365 349 364 349 379 349 284 350 309 350 280 350 308 351 280 351 309 351 280 140 308 140 291 140 299 352 324 352 309 352 309 353 324 353 337 353 309 354 337 354 332 354 280 355 291 355 266 355 336 356 324 356 311 356 349 357 324 357 336 357 336 358 357 358 349 358 357 359 366 359 374 359 374 359 367 359 357 359 366 360 365 360 380 360 380 361 390 361 391 361 391 362 387 362 380 362 380 363 387 363 374 363 308 364 309 364 332 364 308 365 332 365 318 365 332 366 337 366 344 366 324 367 349 367 337 367 337 368 349 368 358 368 323 369 348 369 336 369 349 370 357 370 367 370 349 371 367 371 368 371 367 372 374 372 381 372 381 373 374 373 387 373 366 374 380 374 374 374 387 375 391 375 395 375 387 376 395 376 392 376 318 377 332 377 344 377 318 378 291 378 308 378 291 379 318 379 306 379 318 380 344 380 333 380 337 381 358 381 344 381 344 382 358 382 355 382 368 383 358 383 349 383 358 384 368 384 373 384 367 385 381 385 368 385 368 386 381 386 382 386 387 387 392 387 381 387 392 388 395 388 398 388 398 389 396 389 392 389 382 390 392 390 396 390 306 391 266 391 291 391 266 140 243 140 245 140 290 392 266 392 306 392 279 393 266 393 290 393 318 394 333 394 306 394 333 395 331 395 306 395 331 396 317 396 306 396 333 397 344 397 355 397 333 398 355 398 354 398 373 399 355 399 358 399 355 400 373 400 372 400 382 401 373 401 368 401 386 402 373 402 382 402 399 403 396 403 398 403 399 404 393 404 396 404 393 405 382 405 396 405 381 406 392 406 382 406 306 407 317 407 290 407 317 408 307 408 290 408 331 409 343 409 317 409 343 410 330 410 317 410 354 411 331 411 333 411 372 412 354 412 355 412 372 413 353 413 354 413 354 414 353 414 331 414 290 140 307 140 279 140 386 415 372 415 373 415 372 416 386 416 385 416 385 417 378 417 372 417 386 418 382 418 393 418 393 419 394 419 386 419 393 420 399 420 400 420 307 421 317 421 330 421 330 422 305 422 307 422 372 423 378 423 353 423 353 424 343 424 331 424 353 425 356 425 343 425 343 426 356 426 335 426 378 427 371 427 353 427 378 428 385 428 384 428 386 429 394 429 385 429 385 430 394 430 389 430 400 431 394 431 393 431 394 432 400 432 397 432 279 433 243 433 266 433 307 434 305 434 279 434 281 435 279 435 305 435 330 436 335 436 305 436 305 437 335 437 319 437 319 438 293 438 305 438 335 439 330 439 343 439 356 440 345 440 335 440 371 441 356 441 353 441 371 442 363 442 356 442 378 428 384 428 371 428 371 443 384 443 376 443 385 444 389 444 384 444 394 445 397 445 389 445 389 446 397 446 388 446 388 447 377 447 389 447 377 448 376 448 389 448 281 449 305 449 293 449 281 450 293 450 267 450 243 451 281 451 267 451 319 452 310 452 293 452 345 453 319 453 335 453 345 454 334 454 319 454 356 455 363 455 345 455 363 456 350 456 345 456 376 457 363 457 371 457 363 458 376 458 360 458 377 459 388 459 375 459 377 460 375 460 361 460 361 461 360 461 377 461 376 462 384 462 389 462 360 463 376 463 377 463 243 464 279 464 281 464 267 465 256 465 243 465 243 466 256 466 231 466 267 467 293 467 310 467 267 468 310 468 292 468 278 469 267 469 292 469 278 470 292 470 277 470 255 471 278 471 277 471 256 472 278 472 255 472 256 473 267 473 278 473 339 474 360 474 361 474 340 475 339 475 361 475 313 476 339 476 340 476 326 477 339 477 313 477 326 478 313 478 301 478 301 479 314 479 326 479 314 480 301 480 287 480 287 481 292 481 314 481 334 482 326 482 314 482 350 483 326 483 334 483 339 484 326 484 350 484 359 485 340 485 361 485 340 486 359 486 338 486 340 487 338 487 325 487 231 140 194 140 243 140 231 488 256 488 255 488 231 489 255 489 242 489 242 140 220 140 231 140 255 490 277 490 254 490 254 491 253 491 255 491 310 492 314 492 292 492 287 493 277 493 292 493 265 494 277 494 287 494 262 495 287 495 301 495 334 496 314 496 310 496 350 497 334 497 345 497 301 498 313 498 286 498 350 499 360 499 339 499 340 500 325 500 313 500 361 501 375 501 359 501 325 502 338 502 312 502 312 503 300 503 325 503 286 504 325 504 300 504 255 505 253 505 242 505 242 506 253 506 229 506 230 507 253 507 254 507 319 508 334 508 310 508 277 509 265 509 254 509 254 510 265 510 241 510 262 511 265 511 287 511 363 512 360 512 350 512 286 513 262 513 301 513 262 514 286 514 261 514 262 515 261 515 235 515 241 516 262 516 235 516 325 517 286 517 313 517 300 518 271 518 286 518 300 519 312 519 285 519 242 520 229 520 220 520 208 521 220 521 229 521 220 522 208 522 194 522 253 523 230 523 229 523 229 524 230 524 207 524 229 525 207 525 206 525 230 526 254 526 241 526 241 527 219 527 230 527 241 528 265 528 262 528 235 529 219 529 241 529 235 530 261 530 234 530 230 531 219 531 207 531 234 532 211 532 235 532 261 533 286 533 271 533 260 534 261 534 271 534 208 535 229 535 206 535 208 536 206 536 181 536 206 537 207 537 182 537 207 538 219 538 193 538 219 539 235 539 211 539 211 540 234 540 210 540 211 541 210 541 184 541 211 542 184 542 193 542 260 543 234 543 261 543 260 544 233 544 234 544 300 545 285 545 271 545 271 546 285 546 246 546 246 547 260 547 271 547 231 548 220 548 194 548 194 549 208 549 181 549 194 140 221 140 232 140 181 550 171 550 194 550 181 551 206 551 182 551 181 552 182 552 163 552 163 553 164 553 181 553 182 554 207 554 193 554 182 555 193 555 165 555 219 556 211 556 193 556 184 557 165 557 193 557 184 558 210 558 195 558 195 559 174 559 184 559 233 560 210 560 234 560 210 561 233 561 196 561 260 562 246 562 233 562 233 562 246 562 222 562 171 563 156 563 183 563 171 564 181 564 164 564 164 565 151 565 156 565 164 566 163 566 151 566 163 567 182 567 165 567 152 568 163 568 165 568 165 569 158 569 152 569 184 570 174 570 165 570 174 571 173 571 158 571 174 572 195 572 173 572 222 573 196 573 233 573 196 574 222 574 209 574 196 575 209 575 175 575 195 576 210 576 196 576 171 577 164 577 156 577 152 578 151 578 163 578 174 579 158 579 165 579 175 580 209 580 197 580 195 581 196 581 173 581 173 582 196 582 175 582 401 583 402 583 403 583 402 584 405 584 403 584 409 585 403 585 405 585 403 586 409 586 413 586 413 587 421 587 403 587 421 588 427 588 403 588 427 588 437 588 403 588 427 589 440 589 437 589 410 589 437 589 440 589 440 590 430 590 410 590 410 591 430 591 423 591 423 592 415 592 410 592 410 593 415 593 406 593 406 594 401 594 410 594 401 595 406 595 404 595 406 596 411 596 404 596 404 597 411 597 407 597 407 598 402 598 404 598 406 599 416 599 411 599 411 600 416 600 424 600 424 601 418 601 411 601 416 602 432 602 424 602 424 603 432 603 435 603 450 604 435 604 432 604 435 140 450 140 459 140 459 140 479 140 435 140 479 140 482 140 435 140 482 605 464 605 435 605 453 140 435 140 464 140 435 140 453 140 434 140 434 606 418 606 435 606 504 607 482 607 479 607 504 140 479 140 517 140 517 140 539 140 504 140 517 140 556 140 539 140 556 140 580 140 539 140 459 608 450 608 478 608 601 140 580 140 556 140 632 609 580 609 601 609 406 610 415 610 416 610 407 611 408 611 402 611 402 612 401 612 404 612 411 613 418 613 407 613 415 614 431 614 416 614 418 615 417 615 407 615 435 616 418 616 424 616 431 617 432 617 416 617 434 618 417 618 418 618 431 619 449 619 432 619 465 140 434 140 453 140 449 620 450 620 432 620 434 621 465 621 481 621 449 622 477 622 450 622 481 623 462 623 434 623 452 140 434 140 462 140 434 624 452 624 442 624 490 625 481 625 465 625 481 626 490 626 507 626 490 140 520 140 507 140 520 140 543 140 507 140 601 627 657 627 632 627 690 628 632 628 657 628 690 140 657 140 656 140 631 629 690 629 656 629 690 140 631 140 696 140 631 630 661 630 696 630 656 631 599 631 631 631 655 140 599 140 656 140 599 140 655 140 630 140 515 140 599 140 630 140 599 632 515 632 578 632 515 633 554 633 578 633 578 634 554 634 598 634 578 635 598 635 629 635 578 636 629 636 654 636 631 637 578 637 654 637 554 638 577 638 598 638 577 639 628 639 598 639 598 640 628 640 653 640 577 641 627 641 628 641 627 642 687 642 628 642 687 643 688 643 628 643 687 644 746 644 688 644 688 645 746 645 770 645 770 645 796 645 688 645 578 646 631 646 599 646 583 647 631 647 654 647 605 648 631 648 583 648 654 649 629 649 637 649 629 650 598 650 653 650 653 651 689 651 629 651 653 652 628 652 688 652 653 653 688 653 714 653 715 654 653 654 714 654 715 655 796 655 770 655 605 140 661 140 631 140 665 656 661 656 605 656 687 657 744 657 746 657 605 658 607 658 665 658 607 140 605 140 586 140 561 140 607 140 586 140 561 140 543 140 520 140 586 140 543 140 561 140 477 659 449 659 488 659 477 660 478 660 450 660 503 140 478 140 477 140 503 140 477 140 516 140 516 140 477 140 538 140 515 661 538 661 477 661 555 140 538 140 515 140 555 140 515 140 579 140 515 140 600 140 579 140 488 140 502 140 477 140 586 662 605 662 664 662 423 663 429 663 415 663 502 140 515 140 477 140 630 664 600 664 515 664 502 665 537 665 515 665 515 666 537 666 554 666 537 667 577 667 554 667 537 668 576 668 577 668 576 669 627 669 577 669 502 670 553 670 537 670 553 671 576 671 537 671 553 672 597 672 576 672 626 673 576 673 597 673 652 674 626 674 597 674 686 675 626 675 652 675 626 676 686 676 685 676 627 677 626 677 685 677 686 678 743 678 685 678 685 679 743 679 744 679 686 680 745 680 743 680 514 140 502 140 488 140 502 681 514 681 535 681 535 140 552 140 502 140 552 140 575 140 502 140 514 682 488 682 536 682 488 140 534 140 536 140 575 140 552 140 595 140 624 140 575 140 595 140 596 140 575 140 624 140 553 683 575 683 596 683 553 684 502 684 575 684 596 685 625 685 553 685 597 686 553 686 625 686 625 687 651 687 597 687 576 688 626 688 627 688 651 689 652 689 597 689 712 690 652 690 651 690 712 691 713 691 652 691 687 692 627 692 685 692 713 693 686 693 652 693 476 694 488 694 449 694 501 695 488 695 476 695 488 696 501 696 513 696 449 697 448 697 476 697 476 698 448 698 475 698 448 699 449 699 431 699 429 700 448 700 431 700 447 701 448 701 429 701 429 702 431 702 415 702 429 703 423 703 439 703 439 704 423 704 441 704 439 705 441 705 458 705 447 706 439 706 458 706 488 707 513 707 534 707 551 140 534 140 513 140 744 708 687 708 685 708 745 709 686 709 713 709 713 710 769 710 745 710 550 140 551 140 513 140 513 711 501 711 533 711 476 712 475 712 501 712 475 713 500 713 501 713 500 714 532 714 501 714 447 715 475 715 448 715 475 716 447 716 487 716 439 717 447 717 429 717 474 718 447 718 458 718 441 719 473 719 458 719 430 720 441 720 423 720 474 721 487 721 447 721 474 722 458 722 473 722 473 722 498 722 474 722 474 723 498 723 499 723 487 724 474 724 499 724 487 725 500 725 475 725 499 726 512 726 487 726 487 727 512 727 500 727 500 728 531 728 532 728 512 729 531 729 500 729 531 730 573 730 532 730 573 731 533 731 532 731 533 732 550 732 513 732 533 140 574 140 550 140 574 733 533 733 594 733 623 140 594 140 533 140 622 734 623 734 533 734 573 735 593 735 533 735 533 736 501 736 532 736 533 140 593 140 622 140 648 140 622 140 593 140 682 140 622 140 648 140 622 140 682 140 596 140 709 140 622 140 596 140 684 140 709 140 596 140 596 737 649 737 684 737 596 738 650 738 625 738 596 739 682 739 650 739 596 740 624 740 649 740 713 741 712 741 768 741 768 742 795 742 713 742 712 743 651 743 711 743 498 723 529 723 499 723 530 744 499 744 529 744 530 745 512 745 499 745 530 746 549 746 512 746 549 747 531 747 512 747 549 748 572 748 531 748 572 749 573 749 531 749 620 750 573 750 572 750 621 751 573 751 620 751 573 752 621 752 593 752 593 140 621 140 647 140 647 140 681 140 593 140 707 140 593 140 681 140 683 140 593 140 707 140 648 753 593 753 683 753 708 140 682 140 648 140 740 140 682 140 708 140 764 140 682 140 740 140 682 140 764 140 742 140 682 754 742 754 710 754 650 755 651 755 625 755 710 756 650 756 682 756 710 757 741 757 650 757 741 758 711 758 650 758 629 759 689 759 637 759 650 760 711 760 651 760 741 761 767 761 711 761 710 140 742 140 766 140 741 762 765 762 767 762 766 140 794 140 710 140 767 763 765 763 812 763 813 764 710 764 794 764 814 765 767 765 812 765 710 766 813 766 810 766 768 767 767 767 814 767 710 768 810 768 793 768 710 769 765 769 741 769 765 770 710 770 793 770 814 771 812 771 864 771 865 772 814 772 864 772 814 773 865 773 842 773 814 774 842 774 795 774 865 775 866 775 842 775 842 776 866 776 815 776 841 140 813 140 794 140 860 140 813 140 841 140 837 140 860 140 841 140 860 777 837 777 809 777 837 778 792 778 809 778 809 140 792 140 763 140 865 775 914 775 866 775 706 140 763 140 792 140 706 140 739 140 763 140 838 140 793 140 810 140 838 140 840 140 793 140 793 779 840 779 811 779 811 780 765 780 793 780 765 781 811 781 839 781 680 140 647 140 621 140 621 140 706 140 680 140 767 782 768 782 711 782 711 783 768 783 712 783 765 784 839 784 812 784 812 785 839 785 863 785 864 786 812 786 863 786 864 787 863 787 913 787 913 788 865 788 864 788 913 789 938 789 865 789 815 790 795 790 842 790 795 791 768 791 814 791 795 792 815 792 769 792 795 793 769 793 713 793 706 140 621 140 739 140 739 794 621 794 738 794 572 795 619 795 620 795 619 796 679 796 620 796 530 797 571 797 549 797 621 798 705 798 738 798 738 799 705 799 762 799 914 800 865 800 938 800 938 800 960 800 914 800 705 801 761 801 762 801 621 802 679 802 705 802 705 803 679 803 737 803 678 804 679 804 619 804 679 805 621 805 620 805 679 806 678 806 736 806 705 140 737 140 761 140 571 807 530 807 592 807 571 808 572 808 549 808 571 809 592 809 618 809 618 810 646 810 571 810 619 811 571 811 646 811 530 812 570 812 592 812 570 813 617 813 592 813 737 814 791 814 761 814 791 815 737 815 808 815 791 140 808 140 836 140 859 140 836 140 808 140 836 816 859 816 888 816 737 140 835 140 808 140 888 817 859 817 907 817 888 140 907 140 935 140 646 818 678 818 619 818 646 819 618 819 677 819 618 820 592 820 617 820 617 821 676 821 618 821 618 822 676 822 704 822 646 823 677 823 678 823 572 824 571 824 619 824 677 825 735 825 678 825 736 826 678 826 735 826 736 827 735 827 790 827 790 828 737 828 736 828 737 829 679 829 736 829 807 830 737 830 790 830 737 831 807 831 833 831 833 832 835 832 737 832 911 833 935 833 907 833 862 834 935 834 911 834 862 140 811 140 840 140 911 835 890 835 862 835 833 836 807 836 857 836 807 140 885 140 857 140 807 837 887 837 885 837 862 838 890 838 811 838 811 839 861 839 839 839 811 140 890 140 912 140 908 140 811 140 912 140 889 840 811 840 908 840 938 841 913 841 958 841 958 842 973 842 938 842 887 843 807 843 858 843 906 140 887 140 858 140 676 844 733 844 704 844 760 845 704 845 733 845 704 846 760 846 734 846 704 847 734 847 677 847 618 848 704 848 677 848 677 849 734 849 735 849 734 850 789 850 735 850 789 851 790 851 735 851 832 852 790 852 789 852 832 853 834 853 790 853 790 854 834 854 807 854 858 140 934 140 906 140 934 140 889 140 906 140 834 855 832 855 882 855 834 140 858 140 807 140 886 140 858 140 834 140 834 856 905 856 886 856 834 857 933 857 905 857 882 858 904 858 834 858 734 859 788 859 789 859 830 860 789 860 788 860 834 861 904 861 933 861 954 862 933 862 904 862 953 863 954 863 904 863 953 140 904 140 932 140 953 864 932 864 969 864 882 865 932 865 904 865 882 866 832 866 830 866 882 867 830 867 883 867 929 868 882 868 883 868 856 869 830 869 788 869 830 870 832 870 789 870 788 871 734 871 760 871 788 872 760 872 806 872 788 873 806 873 831 873 760 874 787 874 806 874 787 874 829 874 806 874 984 140 969 140 932 140 986 875 984 875 932 875 984 140 986 140 1010 140 996 140 1010 140 986 140 996 140 986 140 972 140 957 876 972 876 986 876 909 877 972 877 957 877 909 878 957 878 937 878 909 879 937 879 861 879 861 880 889 880 909 880 959 881 937 881 957 881 937 882 959 882 910 882 959 883 957 883 987 883 987 884 988 884 959 884 988 885 958 885 959 885 1013 886 988 886 987 886 989 887 988 887 1013 887 1013 888 1023 888 989 888 1023 889 1014 889 989 889 989 890 1014 890 990 890 990 891 973 891 989 891 1023 892 1038 892 1014 892 972 893 909 893 985 893 909 140 971 140 985 140 956 140 971 140 909 140 934 894 956 894 909 894 985 140 995 140 972 140 995 140 1011 140 972 140 997 895 957 895 986 895 987 896 957 896 997 896 987 897 997 897 1012 897 1013 898 987 898 1012 898 1037 899 1013 899 1012 899 1037 900 1023 900 1013 900 1037 901 1045 901 1023 901 1011 140 996 140 972 140 1038 902 1023 902 1045 902 1045 903 1053 903 1038 903 988 904 989 904 958 904 1045 905 1037 905 1048 905 1048 906 1049 906 1045 906 1049 907 1053 907 1045 907 1049 908 1055 908 1053 908 929 909 932 909 882 909 932 910 929 910 968 910 983 911 932 911 968 911 856 912 883 912 830 912 883 913 856 913 903 913 883 914 903 914 930 914 831 915 856 915 788 915 831 916 884 916 856 916 831 917 806 917 829 917 829 918 881 918 831 918 889 919 970 919 906 919 889 920 934 920 909 920 861 921 863 921 839 921 861 922 811 922 889 922 910 923 913 923 863 923 910 924 861 924 937 924 958 925 989 925 973 925 958 926 910 926 959 926 1008 927 997 927 986 927 1022 928 997 928 1008 928 986 140 983 140 1008 140 1008 929 983 929 1020 929 1035 930 1008 930 1020 930 1035 931 1044 931 1008 931 1051 140 1008 140 1044 140 1008 932 1051 932 1052 932 1008 140 1052 140 1042 140 1031 933 1008 933 1042 933 973 934 960 934 938 934 973 935 990 935 960 935 1022 936 1012 936 997 936 1012 937 1022 937 1036 937 1008 938 1031 938 1022 938 1036 939 1037 939 1012 939 1036 940 1022 940 1031 940 1029 941 1036 941 1031 941 1048 942 1036 942 1029 942 1048 943 1037 943 1036 943 1028 944 1048 944 1029 944 1049 945 1048 945 1028 945 1028 946 1041 946 1049 946 983 140 986 140 932 140 976 947 983 947 968 947 1009 948 983 948 976 948 983 949 1009 949 1021 949 1034 140 983 140 1021 140 968 950 929 950 930 950 968 951 930 951 966 951 964 952 968 952 966 952 952 953 930 953 903 953 930 954 929 954 883 954 884 955 903 955 856 955 884 956 931 956 903 956 983 957 1034 957 1020 957 1009 140 976 140 1000 140 931 958 884 958 928 958 881 959 928 959 884 959 928 960 967 960 931 960 951 961 931 961 967 961 952 962 931 962 951 962 831 963 881 963 884 963 952 964 903 964 931 964 927 965 952 965 951 965 966 966 952 966 927 966 966 967 930 967 952 967 927 968 925 968 966 968 964 969 966 969 925 969 964 970 925 970 924 970 964 971 924 971 918 971 964 972 918 972 976 972 976 973 968 973 964 973 976 140 918 140 992 140 1000 140 976 140 992 140 992 140 918 140 975 140 992 140 975 140 999 140 975 974 1016 974 999 974 999 140 1016 140 1025 140 1052 140 1056 140 1042 140 1025 140 1016 140 1040 140 1046 975 1025 975 1040 975 1055 976 1049 976 1041 976 1041 977 1047 977 1055 977 1040 978 1054 978 1046 978 1046 979 1054 979 1058 979 1050 140 1042 140 1056 140 1042 140 1050 140 1007 140 1029 980 1031 980 1017 980 1017 981 1005 981 1029 981 1028 982 1029 982 1005 982 1028 983 1004 983 1041 983 1028 984 1005 984 1004 984 975 140 918 140 963 140 1041 985 1004 985 1027 985 1057 140 1058 140 1054 140 1058 140 1057 140 1050 140 1043 986 1050 986 1057 986 926 961 951 961 967 961 880 987 951 987 926 987 927 988 951 988 880 988 880 989 902 989 927 989 902 990 925 990 927 990 902 991 878 991 925 991 925 992 878 992 924 992 878 993 877 993 924 993 924 994 877 994 918 994 869 995 918 995 877 995 918 140 869 140 941 140 918 140 941 140 963 140 1047 996 1041 996 1027 996 1047 996 1027 996 1026 996 962 140 941 140 869 140 962 997 869 997 961 997 1050 140 1043 140 1007 140 1031 998 1007 998 1017 998 1043 999 1033 999 1007 999 1007 1000 1031 1000 1042 1000 1019 140 1007 140 1033 140 1019 1001 994 1001 1007 1001 982 1002 1007 1002 994 1002 1007 1003 982 1003 1017 1003 1005 1004 981 1004 1004 1004 1004 1005 1003 1005 1027 1005 981 1006 980 1006 1004 1006 1026 1007 1027 1007 1003 1007 1003 1007 1002 1007 1026 1007 926 987 879 987 880 987 961 1008 869 1008 940 1008 940 1009 974 1009 961 1009 961 140 974 140 991 140 974 1010 998 1010 991 1010 991 140 998 140 1015 140 1015 140 998 140 1024 140 1039 140 1015 140 1024 140 1024 1011 1030 1011 1039 1011 994 1012 1039 1012 1030 1012 1032 140 1039 140 994 140 994 140 1019 140 1032 140 1030 1013 1018 1013 994 1013 1018 140 1006 140 994 140 1006 140 949 140 994 140 994 1014 949 1014 982 1014 982 1015 1005 1015 1017 1015 949 1016 965 1016 982 1016 982 1017 965 1017 981 1017 982 1018 981 1018 1005 1018 965 1019 947 1019 981 1019 947 1020 980 1020 981 1020 947 1021 946 1021 980 1021 946 1022 979 1022 980 1022 979 1023 1003 1023 980 1023 1004 1024 980 1024 1003 1024 869 140 917 140 940 140 902 1025 855 1025 878 1025 855 1026 826 1026 878 1026 880 1027 879 1027 828 1027 880 1028 855 1028 902 1028 828 1029 855 1029 880 1029 979 1030 1002 1030 1003 1030 979 1031 978 1031 1002 1031 893 1032 917 1032 869 1032 869 1033 846 1033 893 1033 893 140 846 140 916 140 895 1034 916 1034 846 1034 846 1035 870 1035 895 1035 846 140 778 140 870 140 778 140 894 140 870 140 901 140 870 140 894 140 901 140 942 140 870 140 949 1036 942 1036 901 1036 942 1037 949 1037 977 1037 993 140 977 140 949 140 949 140 1001 140 993 140 819 1038 846 1038 869 1038 819 1039 869 1039 877 1039 826 1040 819 1040 877 1040 784 1041 819 1041 826 1041 819 1042 784 1042 783 1042 783 1043 778 1043 819 1043 846 1044 819 1044 778 1044 826 1045 877 1045 878 1045 828 1046 805 1046 855 1046 805 1047 826 1047 855 1047 805 1048 828 1048 786 1048 786 1049 732 1049 805 1049 732 1050 784 1050 805 1050 786 1051 828 1051 827 1051 827 1052 785 1052 786 1052 786 1053 785 1053 759 1053 805 1054 784 1054 826 1054 732 1055 730 1055 784 1055 783 1056 784 1056 730 1056 783 1057 730 1057 725 1057 725 1058 778 1058 783 1058 778 1059 725 1059 755 1059 755 1060 801 1060 778 1060 778 140 801 140 820 140 820 1061 847 1061 778 1061 778 140 847 140 871 140 879 1062 827 1062 828 1062 949 1063 920 1063 965 1063 979 1064 946 1064 944 1064 1006 140 1001 140 949 140 894 140 778 140 871 140 978 1065 979 1065 944 1065 944 1066 945 1066 978 1066 901 1067 920 1067 949 1067 920 1068 947 1068 965 1068 920 1069 899 1069 947 1069 901 1070 853 1070 920 1070 943 140 901 140 894 140 901 1071 943 1071 950 1071 901 1072 950 1072 922 1072 875 1073 901 1073 922 1073 853 1074 899 1074 920 1074 899 1075 946 1075 947 1075 946 1076 899 1076 898 1076 853 1077 850 1077 899 1077 898 1078 899 1078 850 1078 898 1079 850 1079 849 1079 849 1080 897 1080 898 1080 898 1081 897 1081 944 1081 898 1082 944 1082 946 1082 755 140 777 140 801 140 785 1083 731 1083 759 1083 703 1084 759 1084 731 1084 703 1085 732 1085 759 1085 732 1086 786 1086 759 1086 703 1087 675 1087 732 1087 730 1088 732 1088 675 1088 675 1089 673 1089 730 1089 730 1090 673 1090 725 1090 673 1091 672 1091 725 1091 668 1092 725 1092 672 1092 668 1093 777 1093 755 1093 609 1094 668 1094 672 1094 609 1095 641 1095 668 1095 641 140 699 140 668 140 668 140 699 140 724 140 724 1096 754 1096 668 1096 673 1097 613 1097 672 1097 675 1098 644 1098 673 1098 675 1099 703 1099 616 1099 723 140 699 140 641 140 722 140 723 140 641 140 776 140 723 140 722 140 799 140 776 140 722 140 776 140 799 140 817 140 777 1100 668 1100 754 1100 800 140 777 140 754 140 818 140 800 140 754 140 800 140 818 140 845 140 845 140 818 140 868 140 845 140 868 140 892 140 868 1101 915 1101 892 1101 915 140 939 140 892 140 616 1102 644 1102 675 1102 616 1103 590 1103 644 1103 590 1104 613 1104 644 1104 703 1105 674 1105 616 1105 674 1105 615 1105 616 1105 569 1106 616 1106 615 1106 644 1107 613 1107 673 1107 590 1108 566 1108 613 1108 566 1109 609 1109 613 1109 613 1110 609 1110 672 1110 565 1111 609 1111 566 1111 564 1112 609 1112 565 1112 755 1113 725 1113 668 1113 609 1114 564 1114 641 1114 564 1115 667 1115 641 1115 667 1116 698 1116 641 1116 799 140 844 140 817 140 844 140 867 140 817 140 722 140 641 140 698 140 948 1117 939 1117 915 1117 939 140 948 140 921 140 867 1118 844 1118 891 1118 874 140 867 140 891 140 891 140 854 140 874 140 854 140 780 140 874 140 852 1119 874 1119 780 1119 731 1084 674 1084 703 1084 780 1120 823 1120 852 1120 780 140 804 140 823 140 851 140 823 140 804 140 804 140 873 140 851 140 804 140 900 140 873 140 873 140 900 140 921 140 804 1121 780 1121 757 1121 804 1122 757 1122 822 1122 804 1123 822 1123 853 1123 853 1124 875 1124 804 1124 873 140 921 140 948 140 804 140 875 140 900 140 900 1125 875 1125 923 1125 853 1126 901 1126 875 1126 850 1127 853 1127 822 1127 850 1128 803 1128 849 1128 822 1129 803 1129 850 1129 803 1130 821 1130 849 1130 803 1131 779 1131 821 1131 779 1132 802 1132 821 1132 802 1133 848 1133 821 1133 848 1134 872 1134 821 1134 848 1135 896 1135 872 1135 872 1136 896 1136 919 1136 919 1137 897 1137 872 1137 848 1138 876 1138 896 1138 872 1139 849 1139 821 1139 897 1140 849 1140 872 1140 897 1141 945 1141 944 1141 897 1142 919 1142 945 1142 922 140 923 140 875 140 757 1143 803 1143 822 1143 757 1144 779 1144 803 1144 726 1145 779 1145 757 1145 726 1146 756 1146 779 1146 756 1147 802 1147 779 1147 782 1148 802 1148 756 1148 825 1149 802 1149 782 1149 802 1150 825 1150 848 1150 824 140 780 140 854 140 780 140 824 140 781 140 669 1151 780 1151 781 1151 876 1152 848 1152 825 1152 825 1153 843 1153 876 1153 615 1154 568 1154 569 1154 564 140 642 140 667 140 642 1155 564 1155 610 1155 588 140 610 140 564 140 588 140 564 140 546 140 611 140 588 140 546 140 612 140 611 140 546 140 612 1156 669 1156 611 1156 611 1157 669 1157 700 1157 669 140 727 140 700 140 758 140 727 140 669 140 669 1158 781 1158 758 1158 669 1159 757 1159 780 1159 670 1160 669 1160 612 1160 669 1161 670 1161 726 1161 566 1162 525 1162 565 1162 525 1163 524 1163 565 1163 669 1164 726 1164 757 1164 569 1165 568 1165 548 1165 569 1166 590 1166 616 1166 569 1167 528 1167 590 1167 528 1168 569 1168 548 1168 726 1169 670 1169 756 1169 756 1170 670 1170 728 1170 756 1171 728 1171 782 1171 728 1172 772 1172 782 1172 782 1173 772 1173 798 1173 782 1174 798 1174 825 1174 670 1175 701 1175 728 1175 728 1176 701 1176 717 1176 772 1177 728 1177 717 1177 772 1178 717 1178 720 1178 798 1179 843 1179 825 1179 798 1179 816 1179 843 1179 798 1180 772 1180 720 1180 798 1181 720 1181 774 1181 564 1182 524 1182 546 1182 566 1183 528 1183 525 1183 816 1184 798 1184 774 1184 774 1184 775 1184 816 1184 568 1185 527 1185 548 1185 546 140 589 140 612 140 643 140 612 140 589 140 546 1186 524 1186 492 1186 546 1187 492 1187 563 1187 524 1188 564 1188 565 1188 525 1189 528 1189 497 1189 497 1190 494 1190 525 1190 528 1191 566 1191 590 1191 528 1192 548 1192 511 1192 511 1193 548 1193 527 1193 643 1194 670 1194 612 1194 671 140 643 140 589 140 671 1195 702 1195 643 1195 729 140 643 140 702 140 643 1196 729 1196 747 1196 747 140 692 140 643 140 659 1197 643 1197 692 1197 643 1198 659 1198 701 1198 670 1199 643 1199 701 1199 659 1200 717 1200 701 1200 662 1201 717 1201 659 1201 662 1202 720 1202 717 1202 720 1203 662 1203 663 1203 663 1204 721 1204 720 1204 774 1205 720 1205 721 1205 589 140 546 140 563 140 492 140 545 140 563 140 492 1206 524 1206 493 1206 466 1207 492 1207 493 1207 483 1208 492 1208 466 1208 483 1209 509 1209 492 1209 509 1210 523 1210 492 1210 524 1211 494 1211 493 1211 493 1212 494 1212 467 1212 494 1213 524 1213 525 1213 497 1214 484 1214 494 1214 511 1215 497 1215 528 1215 511 1216 471 1216 497 1216 527 1217 496 1217 511 1217 721 1218 775 1218 774 1218 721 1219 752 1219 775 1219 545 140 492 140 523 140 509 140 483 140 522 140 483 140 544 140 522 140 466 1220 454 1220 483 1220 491 140 483 140 454 140 486 1221 491 1221 454 1221 443 1222 454 1222 466 1222 454 1223 443 1223 426 1223 426 1224 445 1224 454 1224 454 1225 445 1225 470 1225 443 1226 466 1226 444 1226 425 1227 443 1227 444 1227 444 1228 466 1228 467 1228 455 1229 444 1229 467 1229 455 1230 428 1230 444 1230 484 1231 455 1231 467 1231 471 1232 455 1232 484 1232 471 1233 446 1233 455 1233 446 1234 471 1234 472 1234 472 1234 457 1234 446 1234 446 1235 457 1235 438 1235 428 1236 446 1236 438 1236 486 140 454 140 470 140 470 140 495 140 486 140 510 140 495 140 470 140 526 140 495 140 510 140 547 1237 526 1237 510 1237 526 1238 547 1238 567 1238 483 1239 491 1239 508 1239 483 1240 521 1240 544 1240 483 1241 508 1241 521 1241 484 1242 467 1242 494 1242 471 1243 484 1243 497 1243 544 1244 521 1244 562 1244 587 140 562 140 521 140 587 140 608 140 562 140 567 140 547 140 591 140 614 140 567 140 591 140 640 1245 608 1245 587 1245 608 1246 640 1246 666 1246 445 140 468 140 470 140 645 1247 614 1247 591 1247 658 1248 614 1248 645 1248 428 1249 455 1249 446 1249 428 1250 438 1250 422 1250 422 1251 414 1251 428 1251 414 1252 425 1252 428 1252 425 1253 444 1253 428 1253 414 1254 412 1254 425 1254 426 1255 425 1255 412 1255 457 1235 436 1235 438 1235 426 1256 443 1256 425 1256 419 1257 426 1257 412 1257 419 1258 433 1258 426 1258 426 1259 433 1259 445 1259 456 140 445 140 433 140 658 140 645 140 633 140 658 140 633 140 602 140 658 1260 602 1260 691 1260 697 1261 666 1261 640 1261 697 1262 692 1262 666 1262 692 140 753 140 666 140 456 140 468 140 445 140 691 140 602 140 716 140 496 1263 472 1263 471 1263 511 1264 496 1264 471 1264 493 1265 467 1265 466 1265 752 1266 721 1266 695 1266 695 1267 751 1267 752 1267 692 1268 747 1268 773 1268 692 1269 773 1269 753 1269 659 1270 692 1270 602 1270 602 1271 634 1271 659 1271 662 1272 659 1272 634 1272 634 1273 606 1273 662 1273 663 1274 662 1274 606 1274 638 1275 663 1275 606 1275 638 1276 695 1276 663 1276 748 140 692 140 697 140 748 140 718 140 692 140 718 1277 716 1277 602 1277 694 1278 751 1278 695 1278 694 1279 749 1279 751 1279 602 140 692 140 718 140 602 1280 559 1280 634 1280 695 1281 721 1281 663 1281 695 1282 638 1282 636 1282 606 1283 634 1283 559 1283 606 1284 559 1284 584 1284 584 1285 638 1285 606 1285 633 1286 557 1286 602 1286 749 1287 694 1287 693 1287 693 1288 750 1288 749 1288 557 140 633 140 603 140 557 140 603 140 581 140 540 1289 557 1289 581 1289 540 140 489 140 557 140 559 1290 557 1290 489 1290 602 1291 557 1291 559 1291 541 1292 559 1292 489 1292 584 1293 559 1293 541 1293 584 1294 541 1294 582 1294 636 1295 584 1295 582 1295 694 1296 695 1296 636 1296 635 1297 694 1297 636 1297 636 1298 638 1298 584 1298 635 1299 636 1299 582 1299 420 1300 413 1300 409 1300 422 1301 420 1301 409 1301 436 1302 420 1302 422 1302 422 1303 438 1303 436 1303 422 1304 409 1304 414 1304 412 1305 414 1305 405 1305 412 1306 405 1306 408 1306 433 1307 469 1307 456 1307 469 140 433 140 485 140 480 140 485 140 433 140 460 140 480 140 433 140 489 1308 480 1308 460 1308 505 140 480 140 489 140 433 1309 419 1309 417 1309 442 1310 433 1310 417 1310 451 140 433 140 442 140 489 1311 518 1311 505 1311 719 1312 750 1312 693 1312 719 1313 693 1313 660 1313 719 1314 660 1314 689 1314 715 1315 719 1315 689 1315 771 1316 719 1316 715 1316 693 1317 635 1317 660 1317 660 1318 635 1318 604 1318 660 1319 604 1319 637 1319 604 1320 635 1320 582 1320 582 1321 558 1321 604 1321 604 1322 558 1322 583 1322 558 1323 582 1323 541 1323 558 1324 541 1324 519 1324 519 1325 541 1325 489 1325 519 140 489 140 506 140 506 140 542 140 519 140 560 1326 519 1326 542 1326 585 140 519 140 560 140 605 140 519 140 585 140 506 140 489 140 460 140 715 1327 797 1327 771 1327 451 1328 460 1328 433 1328 489 1329 540 1329 518 1329 585 140 639 140 605 140 605 1330 639 1330 664 1330 519 1331 583 1331 558 1331 583 1332 519 1332 605 1332 637 1333 583 1333 654 1333 637 1334 604 1334 583 1334 689 1335 660 1335 637 1335 689 1336 653 1336 715 1336 693 1337 694 1337 635 1337 715 655 770 655 797 655 442 1338 461 1338 451 1338 461 1339 442 1339 463 1339 417 1340 419 1340 408 1340 417 1341 408 1341 407 1341 408 1342 419 1342 412 1342 409 1343 405 1343 414 1343 719 1344 771 1344 750 1344 452 1345 463 1345 442 1345 434 1346 442 1346 417 1346 402 1347 408 1347 405 1347 529 1348 570 1348 530 1348 733 845 787 845 760 845 913 1349 910 1349 958 1349 936 1350 889 1350 908 1350 889 1351 955 1351 970 1351 936 1352 955 1352 889 1352 910 1353 863 1353 861 1353 1059 1354 1060 1354 1061 1354 1059 1355 1061 1355 1063 1355 1059 1356 1063 1356 1066 1356 1066 1357 1070 1357 1059 1357 1078 1358 1059 1358 1070 1358 1085 1359 1059 1359 1078 1359 1059 1360 1085 1360 1095 1360 1059 1361 1095 1361 1104 1361 1065 1362 1063 1362 1061 1362 1065 1363 1069 1363 1063 1363 1065 1364 1061 1364 1068 1364 1068 1365 1075 1365 1065 1365 1075 1366 1074 1366 1065 1366 1078 1367 1070 1367 1086 1367 1069 1368 1066 1368 1063 1368 1069 1369 1076 1369 1066 1369 1077 1370 1066 1370 1076 1370 1062 1371 1061 1371 1060 1371 1062 1372 1064 1372 1061 1372 1104 1373 1095 1373 1111 1373 1077 1374 1070 1374 1066 1374 1104 1375 1111 1375 1096 1375 1077 1376 1084 1376 1070 1376 1062 1377 1104 1377 1096 1377 1069 1378 1065 1378 1074 1378 1074 1379 1082 1379 1069 1379 1083 1380 1069 1380 1082 1380 1068 1381 1061 1381 1064 1381 1064 1382 1073 1382 1068 1382 1068 1383 1073 1383 1075 1383 1091 1384 1075 1384 1073 1384 1084 1385 1086 1385 1070 1385 1094 1386 1084 1386 1077 1386 1069 1387 1083 1387 1076 1387 1076 1388 1083 1388 1093 1388 1062 1389 1067 1389 1064 1389 1072 1390 1064 1390 1067 1390 1100 1391 1083 1391 1082 1391 1101 1392 1083 1392 1100 1392 1064 1393 1072 1393 1073 1393 1062 1394 1096 1394 1087 1394 1077 1395 1076 1395 1093 1395 1087 1396 1079 1396 1062 1396 1077 1397 1093 1397 1102 1397 1062 1398 1079 1398 1071 1398 1103 1399 1077 1399 1102 1399 1073 1400 1072 1400 1091 1400 1091 1401 1072 1401 1092 1401 1103 1402 1094 1402 1077 1402 1103 1403 1102 1403 1118 1403 1100 1404 1114 1404 1101 1404 1116 1405 1101 1405 1114 1405 1109 1406 1101 1406 1116 1406 1109 1407 1093 1407 1101 1407 1067 1408 1081 1408 1072 1408 1067 1409 1062 1409 1071 1409 1083 1410 1101 1410 1093 1410 1109 1411 1115 1411 1093 1411 1080 1412 1067 1412 1071 1412 1110 1413 1093 1413 1115 1413 1080 1414 1089 1414 1067 1414 1089 1415 1081 1415 1067 1415 1080 1416 1097 1416 1089 1416 1081 1417 1089 1417 1097 1417 1097 1418 1107 1418 1081 1418 1081 1419 1107 1419 1108 1419 1099 1420 1081 1420 1108 1420 1099 1421 1092 1421 1081 1421 1090 1422 1080 1422 1071 1422 1098 1423 1080 1423 1090 1423 1106 1424 1080 1424 1098 1424 1105 1425 1080 1425 1106 1425 1088 1426 1090 1426 1071 1426 1105 1427 1097 1427 1080 1427 1112 1428 1097 1428 1105 1428 1112 1429 1119 1429 1097 1429 1113 1430 1097 1430 1119 1430 1106 1431 1121 1431 1105 1431 1105 1432 1121 1432 1120 1432 1097 1433 1113 1433 1107 1433 1107 1434 1113 1434 1122 1434 1072 1435 1081 1435 1092 1435 1122 1436 1108 1436 1107 1436 1088 1437 1071 1437 1079 1437 1112 1438 1127 1438 1119 1438 1119 1439 1127 1439 1129 1439 1119 1440 1129 1440 1113 1440 1113 1441 1129 1441 1130 1441 1105 1442 1120 1442 1112 1442 1112 1443 1120 1443 1128 1443 1128 1444 1134 1444 1112 1444 1112 1445 1134 1445 1133 1445 1122 1446 1113 1446 1130 1446 1127 1447 1138 1447 1129 1447 1129 1448 1138 1448 1139 1448 1133 1449 1127 1449 1112 1449 1133 1450 1137 1450 1127 1450 1133 1451 1134 1451 1144 1451 1144 1452 1148 1452 1133 1452 1143 1453 1133 1453 1148 1453 1139 1454 1130 1454 1129 1454 1127 1455 1137 1455 1138 1455 1137 1456 1150 1456 1138 1456 1138 1457 1150 1457 1151 1457 1133 1458 1143 1458 1137 1458 1149 1459 1137 1459 1143 1459 1139 1460 1138 1460 1151 1460 1143 1461 1148 1461 1155 1461 1161 1462 1143 1462 1155 1462 1156 1463 1143 1463 1161 1463 1149 1464 1150 1464 1137 1464 1150 1465 1149 1465 1162 1465 1168 1466 1150 1466 1162 1466 1150 1467 1168 1467 1164 1467 1149 1468 1143 1468 1156 1468 1163 1469 1149 1469 1156 1469 1164 1470 1151 1470 1150 1470 1156 1471 1161 1471 1169 1471 1170 1472 1156 1472 1169 1472 1176 1473 1168 1473 1162 1473 1182 1474 1168 1474 1176 1474 1182 1475 1176 1475 1187 1475 1182 1476 1187 1476 1194 1476 1182 1477 1194 1477 1189 1477 1189 1477 1178 1477 1182 1477 1194 1478 1187 1478 1198 1478 1194 1479 1198 1479 1205 1479 1194 1480 1205 1480 1199 1480 1168 1481 1182 1481 1178 1481 1175 1482 1187 1482 1176 1482 1192 1483 1187 1483 1175 1483 1162 1484 1175 1484 1176 1484 1175 1485 1162 1485 1163 1485 1175 1486 1163 1486 1181 1486 1175 1487 1181 1487 1188 1487 1193 1488 1175 1488 1188 1488 1163 1489 1177 1489 1181 1489 1192 1490 1175 1490 1193 1490 1163 1491 1162 1491 1149 1491 1204 1492 1192 1492 1193 1492 1192 1493 1204 1493 1209 1493 1209 1494 1203 1494 1192 1494 1203 1495 1198 1495 1192 1495 1189 1496 1194 1496 1199 1496 1164 1497 1168 1497 1178 1497 1177 1498 1163 1498 1170 1498 1170 1499 1163 1499 1156 1499 1210 1500 1205 1500 1198 1500 1205 1501 1210 1501 1211 1501 1192 1502 1198 1502 1187 1502 1203 1503 1208 1503 1198 1503 1211 1504 1199 1504 1205 1504 1216 1505 1203 1505 1209 1505 1216 1506 1221 1506 1203 1506 1203 1507 1221 1507 1215 1507 1208 1508 1210 1508 1198 1508 1210 1509 1208 1509 1222 1509 1228 1510 1210 1510 1222 1510 1210 1511 1228 1511 1223 1511 1208 1512 1203 1512 1215 1512 1211 1513 1210 1513 1223 1513 1221 1514 1226 1514 1215 1514 1215 1515 1226 1515 1233 1515 1233 1516 1227 1516 1215 1516 1215 1517 1227 1517 1222 1517 1228 1518 1222 1518 1235 1518 1242 1519 1228 1519 1235 1519 1228 1520 1242 1520 1236 1520 1215 1521 1222 1521 1208 1521 1227 1522 1234 1522 1222 1522 1236 1523 1223 1523 1228 1523 1227 1524 1233 1524 1240 1524 1240 1525 1241 1525 1227 1525 1242 1526 1235 1526 1245 1526 1242 1527 1245 1527 1244 1527 1242 1528 1248 1528 1236 1528 1248 1529 1243 1529 1236 1529 1234 1530 1235 1530 1222 1530 1227 1531 1241 1531 1234 1531 1234 1532 1241 1532 1247 1532 1247 1533 1251 1533 1234 1533 1251 1534 1252 1534 1234 1534 1235 1535 1234 1535 1245 1535 1252 1536 1251 1536 1253 1536 1252 1537 1253 1537 1250 1537 1232 1538 1252 1538 1250 1538 1249 1539 1245 1539 1234 1539 1232 1540 1245 1540 1249 1540 1232 1541 1230 1541 1245 1541 1248 1542 1237 1542 1243 1542 1244 1543 1245 1543 1230 1543 1230 1544 1237 1544 1244 1544 1229 1545 1243 1545 1237 1545 1232 1546 1250 1546 1246 1546 1232 1547 1246 1547 1238 1547 1232 1548 1238 1548 1225 1548 1232 1549 1225 1549 1219 1549 1232 1550 1219 1550 1230 1550 1218 1551 1230 1551 1219 1551 1230 1552 1218 1552 1237 1552 1237 1553 1218 1553 1229 1553 1229 1554 1218 1554 1220 1554 1213 1555 1219 1555 1225 1555 1213 1556 1206 1556 1219 1556 1225 1557 1238 1557 1239 1557 1239 1558 1231 1558 1225 1558 1206 1559 1218 1559 1219 1559 1206 1560 1207 1560 1218 1560 1218 1561 1207 1561 1220 1561 1214 1562 1220 1562 1207 1562 1213 1563 1201 1563 1206 1563 1201 1564 1196 1564 1206 1564 1207 1565 1206 1565 1196 1565 1196 1566 1202 1566 1207 1566 1207 1567 1202 1567 1197 1567 1225 1568 1231 1568 1213 1568 1224 1569 1213 1569 1231 1569 1213 1570 1224 1570 1217 1570 1214 1571 1207 1571 1197 1571 1196 1572 1186 1572 1202 1572 1201 1573 1183 1573 1196 1573 1183 1574 1184 1574 1196 1574 1213 1575 1217 1575 1201 1575 1217 1576 1212 1576 1201 1576 1201 1577 1212 1577 1200 1577 1202 1578 1186 1578 1197 1578 1191 1579 1197 1579 1186 1579 1186 1580 1196 1580 1184 1580 1184 1581 1173 1581 1186 1581 1186 1582 1173 1582 1180 1582 1183 1583 1171 1583 1184 1583 1191 1582 1186 1582 1180 1582 1200 1584 1183 1584 1201 1584 1195 1585 1183 1585 1200 1585 1195 1586 1190 1586 1183 1586 1190 1587 1172 1587 1183 1587 1184 1588 1171 1588 1173 1588 1171 1589 1158 1589 1173 1589 1173 1590 1158 1590 1165 1590 1183 1591 1172 1591 1171 1591 1172 1592 1157 1592 1171 1592 1171 1593 1157 1593 1158 1593 1190 1594 1185 1594 1172 1594 1179 1595 1172 1595 1185 1595 1172 1596 1179 1596 1160 1596 1157 1597 1172 1597 1160 1597 1147 1598 1157 1598 1160 1598 1147 1599 1145 1599 1157 1599 1179 1600 1174 1600 1160 1600 1174 1601 1166 1601 1160 1601 1160 1602 1166 1602 1154 1602 1157 1603 1145 1603 1158 1603 1158 1604 1145 1604 1152 1604 1165 1605 1158 1605 1152 1605 1165 1606 1180 1606 1173 1606 1147 1607 1160 1607 1154 1607 1141 1608 1147 1608 1154 1608 1136 1609 1147 1609 1141 1609 1145 1610 1147 1610 1136 1610 1135 1611 1145 1611 1136 1611 1145 1612 1135 1612 1140 1612 1154 1613 1166 1613 1167 1613 1167 1614 1159 1614 1154 1614 1140 1615 1152 1615 1145 1615 1125 1616 1135 1616 1136 1616 1123 1617 1135 1617 1125 1617 1135 1618 1123 1618 1124 1618 1141 1619 1131 1619 1136 1619 1159 1620 1141 1620 1154 1620 1153 1621 1141 1621 1159 1621 1141 1622 1153 1622 1146 1622 1140 1623 1135 1623 1124 1623 1123 1624 1115 1624 1109 1624 1123 1625 1125 1625 1115 1625 1136 1626 1131 1626 1125 1626 1125 1627 1131 1627 1110 1627 1123 1628 1109 1628 1124 1628 1146 1629 1131 1629 1141 1629 1131 1630 1146 1630 1142 1630 1132 1631 1131 1631 1142 1631 1116 1632 1124 1632 1109 1632 1131 1633 1132 1633 1110 1633 1110 1634 1115 1634 1125 1634 1126 1635 1110 1635 1132 1635 1110 1636 1126 1636 1117 1636 1110 1637 1117 1637 1102 1637 1102 1638 1117 1638 1118 1638 1102 1639 1093 1639 1110 1639 1254 1640 1255 1640 1256 1640 1256 1641 1255 1641 1257 1641 1254 1642 1256 1642 1258 1642 1257 1641 1259 1641 1256 1641 1254 1643 1258 1643 1260 1643 1261 1644 1259 1644 1257 1644 1260 1645 1262 1645 1254 1645 1261 1644 1263 1644 1259 1644 1262 1646 1260 1646 1264 1646 1263 1647 1261 1647 1265 1647 1262 1648 1264 1648 1266 1648 1265 1647 1267 1647 1263 1647 1266 1649 1264 1649 1268 1649 1269 1650 1267 1650 1265 1650 1268 1651 1270 1651 1266 1651 1269 1652 1271 1652 1267 1652 1270 1653 1268 1653 1272 1653 1271 1654 1269 1654 1273 1654 1270 1655 1272 1655 1274 1655 1273 1654 1275 1654 1271 1654 1274 1656 1272 1656 1276 1656 1277 1657 1275 1657 1273 1657 1276 1658 1278 1658 1274 1658 1277 1657 1279 1657 1275 1657 1278 1659 1276 1659 1280 1659 1279 1660 1277 1660 1281 1660 1278 1661 1280 1661 1282 1661 1281 1662 1283 1662 1279 1662 1282 1663 1280 1663 1284 1663 1283 1664 1281 1664 1285 1664 1284 1665 1285 1665 1282 1665 1283 1664 1285 1664 1284 1664 1286 1642 1287 1642 1288 1642 1288 1641 1287 1641 1289 1641 1286 1640 1288 1640 1290 1640 1289 1641 1291 1641 1288 1641 1286 1645 1290 1645 1292 1645 1293 1666 1291 1666 1289 1666 1292 1643 1294 1643 1286 1643 1293 1667 1295 1667 1291 1667 1294 1668 1292 1668 1296 1668 1295 1669 1293 1669 1297 1669 1294 1670 1296 1670 1298 1670 1297 1669 1299 1669 1295 1669 1298 1671 1296 1671 1300 1671 1301 1672 1299 1672 1297 1672 1300 1673 1302 1673 1298 1673 1301 1674 1303 1674 1299 1674 1302 1675 1300 1675 1304 1675 1303 1676 1301 1676 1305 1676 1302 1677 1304 1677 1306 1677 1305 1678 1307 1678 1303 1678 1306 1679 1304 1679 1308 1679 1309 1680 1307 1680 1305 1680 1308 1681 1310 1681 1306 1681 1309 1680 1311 1680 1307 1680 1310 1682 1308 1682 1312 1682 1311 1683 1309 1683 1313 1683 1310 1684 1312 1684 1314 1684 1313 1685 1315 1685 1311 1685 1314 1665 1312 1665 1316 1665 1315 1664 1313 1664 1317 1664 1316 1663 1317 1663 1314 1663 1315 1664 1317 1664 1316 1664 1318 1686 1319 1686 1320 1686 1320 1687 1319 1687 1321 1687 1318 1688 1320 1688 1322 1688 1321 1687 1323 1687 1320 1687 1318 1689 1322 1689 1324 1689 1325 1690 1323 1690 1321 1690 1324 1691 1326 1691 1318 1691 1325 1692 1327 1692 1323 1692 1326 1693 1324 1693 1328 1693 1327 1694 1325 1694 1329 1694 1326 1693 1328 1693 1330 1693 1329 1695 1331 1695 1327 1695 1330 1696 1328 1696 1332 1696 1333 1697 1331 1697 1329 1697 1332 1698 1334 1698 1330 1698 1333 1697 1335 1697 1331 1697 1334 1699 1332 1699 1336 1699 1335 1700 1333 1700 1337 1700 1334 1701 1336 1701 1338 1701 1337 1702 1339 1702 1335 1702 1338 1703 1336 1703 1340 1703 1341 1704 1339 1704 1337 1704 1340 1703 1342 1703 1338 1703 1341 1705 1343 1705 1339 1705 1342 1706 1340 1706 1344 1706 1343 1707 1341 1707 1345 1707 1342 1708 1344 1708 1346 1708 1345 1709 1347 1709 1343 1709 1346 1710 1344 1710 1348 1710 1347 1664 1345 1664 1349 1664 1348 1663 1349 1663 1346 1663 1347 1664 1349 1664 1348 1664 1350 1686 1351 1686 1352 1686 1352 1687 1351 1687 1353 1687 1350 1686 1352 1686 1354 1686 1353 1711 1355 1711 1352 1711 1350 1712 1354 1712 1356 1712 1357 1713 1355 1713 1353 1713 1356 1691 1358 1691 1350 1691 1357 1692 1359 1692 1355 1692 1358 1714 1356 1714 1360 1714 1359 1695 1357 1695 1361 1695 1358 1693 1360 1693 1362 1693 1361 1695 1363 1695 1359 1695 1362 1696 1360 1696 1364 1696 1365 1697 1363 1697 1361 1697 1364 1696 1366 1696 1362 1696 1365 1715 1367 1715 1363 1715 1366 1716 1364 1716 1368 1716 1367 1717 1365 1717 1369 1717 1366 1701 1368 1701 1370 1701 1369 1702 1371 1702 1367 1702 1370 1703 1368 1703 1372 1703 1373 1704 1371 1704 1369 1704 1372 1718 1374 1718 1370 1718 1373 1704 1375 1704 1371 1704 1374 1706 1372 1706 1376 1706 1375 1707 1373 1707 1377 1707 1374 1719 1376 1719 1378 1719 1377 1720 1379 1720 1375 1720 1378 1663 1376 1663 1380 1663 1379 1721 1377 1721 1381 1721 1380 1663 1381 1663 1378 1663 1379 1664 1381 1664 1380 1664 1382 1642 1383 1642 1384 1642 1384 1641 1383 1641 1385 1641 1382 1642 1384 1642 1386 1642 1385 1722 1387 1722 1384 1722 1382 1723 1386 1723 1388 1723 1389 1644 1387 1644 1385 1644 1388 1724 1390 1724 1382 1724 1389 1725 1391 1725 1387 1725 1390 1670 1388 1670 1392 1670 1391 1726 1389 1726 1393 1726 1390 1670 1392 1670 1394 1670 1393 1669 1395 1669 1391 1669 1394 1649 1392 1649 1396 1649 1397 1727 1395 1727 1393 1727 1396 1728 1398 1728 1394 1728 1397 1729 1399 1729 1395 1729 1398 1730 1396 1730 1400 1730 1399 1731 1397 1731 1401 1731 1398 1655 1400 1655 1402 1655 1401 1732 1403 1732 1399 1732 1402 1679 1400 1679 1404 1679 1405 1680 1403 1680 1401 1680 1404 1679 1406 1679 1402 1679 1405 1733 1407 1733 1403 1733 1406 1734 1404 1734 1408 1734 1407 1735 1405 1735 1409 1735 1406 1736 1408 1736 1410 1736 1409 1662 1411 1662 1407 1662 1410 1663 1408 1663 1412 1663 1411 1737 1409 1737 1413 1737 1412 1663 1413 1663 1410 1663 1411 1664 1413 1664 1412 1664 1414 1642 1415 1642 1416 1642 1416 1722 1415 1722 1417 1722 1414 1642 1416 1642 1418 1642 1417 1641 1419 1641 1416 1641 1414 1645 1418 1645 1420 1645 1421 1725 1419 1725 1417 1725 1420 1645 1422 1645 1414 1645 1421 1644 1423 1644 1419 1644 1422 1648 1420 1648 1424 1648 1423 1738 1421 1738 1425 1738 1422 1648 1424 1648 1426 1648 1425 1647 1427 1647 1423 1647 1426 1739 1424 1739 1428 1739 1429 1672 1427 1672 1425 1672 1428 1651 1430 1651 1426 1651 1429 1652 1431 1652 1427 1652 1430 1653 1428 1653 1432 1653 1431 1654 1429 1654 1433 1654 1430 1653 1432 1653 1434 1653 1433 1678 1435 1678 1431 1678 1434 1656 1432 1656 1436 1656 1437 1657 1435 1657 1433 1657 1436 1656 1438 1656 1434 1656 1437 1740 1439 1740 1435 1740 1438 1659 1436 1659 1440 1659 1439 1660 1437 1660 1441 1660 1438 1684 1440 1684 1442 1684 1441 1741 1443 1741 1439 1741 1442 1663 1440 1663 1444 1663 1443 1664 1441 1664 1445 1664 1444 1663 1445 1663 1442 1663 1443 1737 1445 1737 1444 1737 1446 1642 1447 1642 1448 1642 1448 1641 1447 1641 1449 1641 1446 1642 1448 1642 1450 1642 1449 1722 1451 1722 1448 1722 1446 1723 1450 1723 1452 1723 1453 1644 1451 1644 1449 1644 1452 1724 1454 1724 1446 1724 1453 1725 1455 1725 1451 1725 1454 1670 1452 1670 1456 1670 1455 1726 1453 1726 1457 1726 1454 1670 1456 1670 1458 1670 1457 1669 1459 1669 1455 1669 1458 1649 1456 1649 1460 1649 1461 1727 1459 1727 1457 1727 1460 1728 1462 1728 1458 1728 1461 1729 1463 1729 1459 1729 1462 1730 1460 1730 1464 1730 1463 1731 1461 1731 1465 1731 1462 1655 1464 1655 1466 1655 1465 1732 1467 1732 1463 1732 1466 1679 1464 1679 1468 1679 1469 1680 1467 1680 1465 1680 1468 1679 1470 1679 1466 1679 1469 1733 1471 1733 1467 1733 1470 1734 1468 1734 1472 1734 1471 1735 1469 1735 1473 1735 1470 1736 1472 1736 1474 1736 1473 1662 1475 1662 1471 1662 1474 1663 1472 1663 1476 1663 1475 1737 1473 1737 1477 1737 1476 1663 1477 1663 1474 1663 1475 1664 1477 1664 1476 1664 1478 1642 1479 1642 1480 1642 1480 1641 1479 1641 1481 1641 1478 1642 1480 1642 1482 1642 1481 1742 1483 1742 1480 1742 1478 1743 1482 1743 1484 1743 1485 1744 1483 1744 1481 1744 1484 1745 1486 1745 1478 1745 1485 1746 1487 1746 1483 1746 1486 1747 1484 1747 1488 1747 1487 1748 1485 1748 1489 1748 1486 1749 1488 1749 1490 1749 1489 1750 1491 1750 1487 1750 1490 1751 1488 1751 1492 1751 1493 1752 1491 1752 1489 1752 1492 1751 1494 1751 1490 1751 1493 1753 1495 1753 1491 1753 1494 1754 1492 1754 1496 1754 1495 1755 1493 1755 1497 1755 1494 1754 1496 1754 1498 1754 1497 1756 1499 1756 1495 1756 1498 1757 1496 1757 1500 1757 1501 1758 1499 1758 1497 1758 1500 1759 1502 1759 1498 1759 1501 1760 1503 1760 1499 1760 1502 1706 1500 1706 1504 1706 1503 1707 1501 1707 1505 1707 1502 1719 1504 1719 1506 1719 1505 1720 1507 1720 1503 1720 1506 1761 1504 1761 1508 1761 1507 1762 1505 1762 1509 1762 1508 1761 1509 1761 1506 1761 1507 1763 1509 1763 1508 1763 1510 1764 1511 1764 1512 1764 1511 1764 1510 1764 1513 1764 1514 1765 1510 1765 1512 1765 1513 1644 1515 1644 1511 1644 1514 1765 1512 1765 1516 1765 1517 1766 1515 1766 1513 1766 1514 1645 1516 1645 1518 1645 1515 1767 1517 1767 1519 1767 1518 1768 1520 1768 1514 1768 1519 1769 1521 1769 1515 1769 1520 1770 1518 1770 1522 1770 1523 1771 1521 1771 1519 1771 1520 1772 1522 1772 1524 1772 1523 1773 1525 1773 1521 1773 1524 1774 1522 1774 1526 1774 1525 1775 1523 1775 1527 1775 1526 1776 1528 1776 1524 1776 1527 1775 1529 1775 1525 1775 1528 1777 1526 1777 1530 1777 1531 1778 1529 1778 1527 1778 1528 1777 1530 1777 1532 1777 1531 1779 1533 1779 1529 1779 1532 1780 1530 1780 1534 1780 1533 1781 1531 1781 1535 1781 1534 1782 1536 1782 1532 1782 1535 1709 1537 1709 1533 1709 1536 1783 1534 1783 1538 1783 1537 1784 1535 1784 1539 1784 1536 1719 1538 1719 1540 1719 1537 1784 1539 1784 1541 1784 1540 1785 1538 1785 1541 1785 1541 1785 1539 1785 1540 1785 1542 1642 1543 1642 1544 1642 1544 1641 1543 1641 1545 1641 1542 1786 1544 1786 1546 1786 1545 1641 1547 1641 1544 1641 1542 1787 1546 1787 1548 1787 1549 1788 1547 1788 1545 1788 1548 1745 1550 1745 1542 1745 1549 1746 1551 1746 1547 1746 1550 1789 1548 1789 1552 1789 1551 1790 1549 1790 1553 1790 1550 1749 1552 1749 1554 1749 1553 1750 1555 1750 1551 1750 1554 1751 1552 1751 1556 1751 1557 1752 1555 1752 1553 1752 1556 1791 1558 1791 1554 1791 1557 1752 1559 1752 1555 1752 1558 1792 1556 1792 1560 1792 1559 1756 1557 1756 1561 1756 1558 1754 1560 1754 1562 1754 1561 1756 1563 1756 1559 1756 1562 1757 1560 1757 1564 1757 1565 1758 1563 1758 1561 1758 1564 1793 1566 1793 1562 1793 1565 1794 1567 1794 1563 1794 1566 1706 1564 1706 1568 1706 1567 1707 1565 1707 1569 1707 1566 1708 1568 1708 1570 1708 1569 1709 1571 1709 1567 1709 1570 1795 1568 1795 1572 1795 1571 1763 1569 1763 1573 1763 1572 1761 1573 1761 1570 1761 1571 1763 1573 1763 1572 1763 1574 1642 1575 1642 1576 1642 1576 1641 1575 1641 1577 1641 1574 1640 1576 1640 1578 1640 1577 1641 1579 1641 1576 1641 1574 1645 1578 1645 1580 1645 1581 1666 1579 1666 1577 1666 1580 1643 1582 1643 1574 1643 1581 1667 1583 1667 1579 1667 1582 1668 1580 1668 1584 1668 1583 1669 1581 1669 1585 1669 1582 1670 1584 1670 1586 1670 1585 1669 1587 1669 1583 1669 1586 1671 1584 1671 1588 1671 1589 1672 1587 1672 1585 1672 1588 1673 1590 1673 1586 1673 1589 1674 1591 1674 1587 1674 1590 1675 1588 1675 1592 1675 1591 1676 1589 1676 1593 1676 1590 1677 1592 1677 1594 1677 1593 1678 1595 1678 1591 1678 1594 1679 1592 1679 1596 1679 1597 1680 1595 1680 1593 1680 1596 1681 1598 1681 1594 1681 1597 1680 1599 1680 1595 1680 1598 1682 1596 1682 1600 1682 1599 1683 1597 1683 1601 1683 1598 1684 1600 1684 1602 1684 1601 1685 1603 1685 1599 1685 1602 1665 1600 1665 1604 1665 1603 1664 1601 1664 1605 1664 1604 1663 1605 1663 1602 1663 1603 1664 1605 1664 1604 1664 1606 1796 1607 1796 1608 1796 1606 1797 1608 1797 1610 1797 1610 1798 1612 1798 1606 1798 1612 1799 1610 1799 1614 1799 1612 1800 1614 1800 1616 1800 1612 1801 1616 1801 1618 1801 1608 1802 1607 1802 1609 1802 1609 1803 1611 1803 1608 1803 1618 1804 1616 1804 1620 1804 1620 1805 1622 1805 1618 1805 1613 1806 1611 1806 1609 1806 1613 1807 1615 1807 1611 1807 1622 1808 1620 1808 1624 1808 1622 1809 1624 1809 1626 1809 1615 1810 1613 1810 1617 1810 1617 1811 1619 1811 1615 1811 1626 1812 1624 1812 1628 1812 1628 1813 1630 1813 1626 1813 1621 1814 1619 1814 1617 1814 1621 1815 1623 1815 1619 1815 1630 1816 1628 1816 1632 1816 1630 1817 1632 1817 1634 1817 1623 1818 1621 1818 1625 1818 1625 1819 1627 1819 1623 1819 1634 1820 1632 1820 1636 1820 1636 1821 1638 1821 1634 1821 1629 1822 1627 1822 1625 1822 1629 1823 1631 1823 1627 1823 1638 1824 1636 1824 1640 1824 1638 1825 1640 1825 1642 1825 1631 1826 1629 1826 1633 1826 1633 1827 1635 1827 1631 1827 1640 1828 1644 1828 1642 1828 1637 1829 1635 1829 1633 1829 1637 1830 1639 1830 1635 1830 1644 1831 1640 1831 1646 1831 1644 1832 1646 1832 1648 1832 1639 1833 1637 1833 1641 1833 1641 1834 1643 1834 1639 1834 1648 1835 1646 1835 1650 1835 1648 1836 1650 1836 1652 1836 1652 1837 1654 1837 1648 1837 1645 1838 1643 1838 1641 1838 1645 1839 1647 1839 1643 1839 1654 1840 1652 1840 1656 1840 1654 1841 1656 1841 1658 1841 1647 1842 1645 1842 1649 1842 1649 1843 1651 1843 1647 1843 1658 1844 1656 1844 1660 1844 1660 1845 1662 1845 1658 1845 1653 1846 1651 1846 1649 1846 1653 1847 1655 1847 1651 1847 1662 1848 1660 1848 1664 1848 1662 1849 1664 1849 1666 1849 1655 1850 1653 1850 1657 1850 1657 1851 1659 1851 1655 1851 1666 1852 1664 1852 1668 1852 1668 1853 1669 1853 1666 1853 1661 1854 1659 1854 1657 1854 1661 1855 1663 1855 1659 1855 1665 1856 1669 1856 1668 1856 1665 1857 1668 1857 1667 1857 1665 1858 1667 1858 1663 1858 1663 1859 1661 1859 1665 1859 1670 1860 1671 1860 1672 1860 1670 1861 1672 1861 1674 1861 1673 1862 1672 1862 1671 1862 1675 1863 1673 1863 1671 1863 1674 1864 1672 1864 1676 1864 1678 1865 1674 1865 1676 1865 1680 1866 1674 1866 1678 1866 1675 1867 1671 1867 1677 1867 1675 1868 1677 1868 1679 1868 1680 1869 1678 1869 1682 1869 1677 1870 1681 1870 1679 1870 1681 1871 1683 1871 1679 1871 1679 1872 1683 1872 1685 1872 1678 1873 1684 1873 1682 1873 1686 1874 1682 1874 1684 1874 1682 1875 1686 1875 1688 1875 1683 1876 1687 1876 1685 1876 1685 1877 1687 1877 1689 1877 1686 1878 1690 1878 1688 1878 1692 1879 1688 1879 1690 1879 1691 1880 1689 1880 1687 1880 1693 1881 1689 1881 1691 1881 1692 1882 1690 1882 1694 1882 1693 1883 1691 1883 1695 1883 1695 1884 1697 1884 1693 1884 1690 1885 1696 1885 1694 1885 1698 1886 1694 1886 1696 1886 1697 1887 1695 1887 1699 1887 1700 1888 1698 1888 1696 1888 1702 1889 1698 1889 1700 1889 1701 1890 1699 1890 1695 1890 1703 1891 1699 1891 1701 1891 1700 1892 1704 1892 1702 1892 1706 1893 1702 1893 1704 1893 1705 1894 1703 1894 1701 1894 1703 1895 1705 1895 1707 1895 1708 1896 1706 1896 1704 1896 1706 1897 1708 1897 1710 1897 1710 1898 1712 1898 1706 1898 1705 1899 1709 1899 1707 1899 1711 1900 1707 1900 1709 1900 1710 1901 1714 1901 1712 1901 1712 1902 1714 1902 1716 1902 1709 1903 1713 1903 1711 1903 1713 1904 1715 1904 1711 1904 1717 1905 1711 1905 1715 1905 1718 1906 1716 1906 1714 1906 1720 1907 1716 1907 1718 1907 1717 1908 1715 1908 1719 1908 1717 1909 1719 1909 1721 1909 1722 1910 1720 1910 1718 1910 1724 1911 1720 1911 1722 1911 1723 1912 1721 1912 1719 1912 1726 1913 1724 1913 1722 1913 1719 1914 1725 1914 1723 1914 1725 1915 1727 1915 1723 1915 1723 1916 1727 1916 1729 1916 1728 1917 1726 1917 1722 1917 1728 1918 1730 1918 1726 1918 1727 1919 1731 1919 1729 1919 1733 1920 1731 1920 1727 1920 1733 1921 1730 1921 1731 1921 1732 1922 1731 1922 1730 1922 1728 1923 1732 1923 1730 1923 1734 140 1735 140 1736 140 1738 140 1734 140 1736 140 1736 140 1740 140 1738 140 1742 140 1738 140 1740 140 1738 140 1742 140 1744 140 1735 140 1734 140 1737 140 1737 140 1739 140 1735 140 1735 140 1739 140 1741 140 1746 140 1744 140 1742 140 1741 140 1739 140 1743 140 1743 140 1745 140 1741 140 1742 140 1748 140 1746 140 1750 140 1746 140 1748 140 1743 140 1747 140 1745 140 1748 140 1752 140 1750 140 1754 140 1750 140 1752 140 1750 140 1754 140 1756 140 1743 140 1749 140 1747 140 1751 140 1747 140 1749 140 1747 140 1751 140 1753 140 1758 140 1756 140 1754 140 1755 140 1753 140 1751 140 1753 140 1755 140 1757 140 1754 140 1760 140 1758 140 1762 140 1758 140 1760 140 1755 140 1759 140 1757 140 1760 140 1764 140 1762 140 1766 140 1762 140 1764 140 1768 140 1762 140 1766 140 1761 140 1759 140 1755 140 1761 140 1763 140 1759 140 1765 140 1759 140 1763 140 1766 140 1770 140 1768 140 1772 140 1768 140 1770 140 1767 140 1765 140 1763 140 1765 140 1767 140 1769 140 1770 140 1774 140 1772 140 1771 140 1769 140 1767 140 1774 140 1770 140 1776 140 1778 140 1774 140 1776 140 1774 140 1778 140 1780 140 1767 140 1773 140 1771 140 1775 140 1771 140 1773 140 1782 140 1780 140 1778 140 1780 140 1782 140 1784 140 1773 140 1777 140 1775 140 1779 140 1775 140 1777 140 1775 140 1779 140 1781 140 1786 140 1784 140 1782 140 1782 140 1788 140 1786 140 1786 140 1788 140 1790 140 1790 140 1792 140 1786 140 1783 140 1781 140 1779 140 1790 140 1794 140 1792 140 1792 140 1794 140 1796 140 1779 140 1785 140 1783 140 1787 140 1783 140 1785 140 1794 140 1797 140 1796 140 1797 140 1794 140 1795 140 1795 140 1791 140 1797 140 1795 140 1793 140 1791 140 1787 140 1791 140 1793 140 1791 140 1787 140 1789 140 1785 140 1789 140 1787 140 1798 140 1799 140 1800 140 1800 140 1802 140 1798 140 1804 140 1798 140 1802 140 1804 140 1806 140 1798 140 1809 140 1798 140 1806 140 1798 1924 1809 1924 1812 1924 1798 140 1812 140 1816 140 1820 140 1798 140 1816 140 1799 140 1801 140 1800 140 1801 140 1799 140 1803 140 1816 140 1824 140 1820 140 1829 140 1820 140 1824 140 1820 140 1829 140 1834 140 1839 140 1820 140 1834 140 1803 140 1799 140 1805 140 1799 140 1807 140 1805 140 1799 140 1810 140 1807 140 1813 140 1807 140 1810 140 1817 140 1813 140 1810 140 1810 140 1821 140 1817 140 1821 140 1826 140 1817 140 1821 140 1831 140 1826 140 1831 140 1837 140 1826 140 1831 140 1832 140 1837 140 1831 140 1822 140 1832 140 1832 140 1822 140 1827 140 1827 140 1822 140 1818 140 1811 140 1818 140 1822 140 1811 140 1814 140 1818 140 1814 140 1811 140 1808 140 1811 140 1806 140 1808 140 1815 140 1812 140 1809 140 1812 140 1815 140 1819 140 1815 140 1823 140 1819 140 1823 140 1815 140 1828 140 1828 140 1833 140 1823 140 1843 140 1839 140 1834 140 1843 140 1847 140 1839 140 1847 140 1851 140 1839 140 1851 140 1855 140 1839 140 1839 140 1855 140 1859 140 1833 140 1828 140 1838 140 1808 140 1806 140 1804 140 1838 140 1828 140 1842 140 1838 140 1842 140 1846 140 1850 140 1846 140 1842 140 1846 140 1850 140 1854 140 1858 140 1854 140 1850 140 1858 140 1850 140 1862 140 1858 140 1862 140 1859 140 1858 140 1859 140 1855 140 1867 140 1859 140 1862 140 1867 140 1870 140 1859 140 1874 140 1859 140 1870 140 1810 1925 1825 1925 1821 1925 1810 1926 1830 1926 1825 1926 1830 140 1836 140 1825 140 1810 140 1835 140 1830 140 1810 140 1840 140 1835 140 1840 140 1844 140 1835 140 1844 140 1840 140 1848 140 1840 140 1852 140 1848 140 1856 140 1852 140 1840 140 1860 140 1852 140 1856 140 1860 140 1856 140 1863 140 1865 140 1863 140 1856 140 1868 140 1865 140 1856 140 1868 140 1856 140 1872 140 1873 140 1868 140 1872 140 1876 140 1873 140 1872 140 1876 140 1866 140 1873 140 1869 140 1873 140 1866 140 1864 140 1869 140 1866 140 1866 140 1861 140 1864 140 1861 140 1857 140 1864 140 1861 140 1849 140 1857 140 1849 140 1853 140 1857 140 1849 140 1845 140 1853 140 1845 140 1849 140 1836 140 1841 140 1845 140 1836 140 1836 140 1830 140 1841 140 1872 140 1881 140 1876 140 1885 140 1876 140 1881 140 1881 140 1872 140 1884 140 1872 140 1888 140 1884 140 1892 140 1884 140 1888 140 1892 140 1888 140 1896 140 1900 140 1896 140 1888 140 1881 140 1889 140 1885 140 1889 140 1893 140 1885 140 1897 140 1885 140 1893 140 1904 140 1900 140 1888 140 1888 140 1908 140 1904 140 1904 140 1908 140 1911 140 1913 140 1911 140 1908 140 1916 140 1913 140 1908 140 1908 140 1919 140 1916 140 1919 140 1920 140 1916 140 1901 140 1897 140 1893 140 1897 140 1901 140 1905 140 1920 140 1919 140 1923 140 1920 140 1923 140 1914 140 1917 140 1920 140 1914 140 1912 140 1917 140 1914 140 1905 140 1912 140 1914 140 1905 140 1909 140 1912 140 1905 140 1901 140 1909 140 1928 140 1923 140 1919 140 1919 140 1931 140 1928 140 1919 140 1934 140 1931 140 1934 140 1919 140 1938 140 1919 140 1942 140 1938 140 1946 140 1938 140 1942 140 1946 140 1942 140 1950 140 1931 140 1935 140 1928 140 1939 140 1928 140 1935 140 1954 140 1950 140 1942 140 1954 140 1942 140 1957 140 1942 140 1960 140 1957 140 1957 140 1960 140 1963 140 1967 140 1963 140 1960 140 1967 140 1960 140 1971 140 1968 140 1967 140 1971 140 1968 140 1971 140 1961 140 1961 140 1964 140 1968 140 1961 140 1958 140 1964 140 1951 140 1958 140 1961 140 1958 140 1951 140 1955 140 1947 140 1955 140 1951 140 1939 140 1947 140 1951 140 1943 140 1947 140 1939 140 1935 140 1943 140 1939 140 1960 140 1974 140 1971 140 1977 140 1974 140 1960 140 1980 140 1974 140 1977 140 1960 140 1981 140 1977 140 1960 140 1985 140 1981 140 1981 140 1985 140 1989 140 1985 140 1993 140 1989 140 1993 140 1985 140 1997 140 1985 140 2001 140 1997 140 2005 140 1997 140 2001 140 1980 140 1977 140 1984 140 1980 140 1984 140 1988 140 1992 140 1980 140 1988 140 2005 140 2001 140 2008 140 2010 140 2008 140 2001 140 2001 140 2013 140 2010 140 2017 140 2013 140 2001 140 2013 140 2017 140 2016 140 2020 140 2016 140 2017 140 2020 140 2009 140 2016 140 2016 140 2009 140 2012 140 2007 140 2012 140 2009 140 2009 140 2004 140 2007 140 2004 140 2000 140 2007 140 1992 140 2000 140 2004 140 2000 140 1992 140 1996 140 1992 140 1988 140 1996 140 2017 140 2025 140 2020 140 2029 140 2020 140 2025 140 2025 140 2017 140 2028 140 2028 140 2017 140 2032 140 2032 140 2036 140 2028 140 2032 140 2040 140 2036 140 2044 140 2040 140 2032 140 2032 140 2048 140 2044 140 2029 140 2025 140 2033 140 2037 140 2029 140 2033 140 2037 140 2041 140 2029 140 2032 140 2052 140 2048 140 2052 140 2055 140 2048 140 2055 140 2052 140 2057 140 2060 140 2057 140 2052 140 2063 140 2060 140 2052 140 2060 140 2063 140 2064 140 2063 140 2067 140 2064 140 2058 140 2064 140 2067 140 2058 140 2061 140 2064 140 2061 140 2058 140 2056 140 2049 140 2056 140 2058 140 2053 140 2056 140 2049 140 2053 140 2049 140 2045 140 2045 140 2041 140 2037 140 2045 140 2049 140 2041 140 2063 1925 2072 1925 2067 1925 2075 140 2072 140 2063 140 2078 140 2072 140 2075 140 2078 140 2082 140 2072 140 2078 140 2085 140 2082 140 2085 140 2084 140 2082 140 2082 140 2084 140 2076 140 2079 140 2075 140 2063 140 2063 140 2083 140 2079 140 2063 140 2071 140 2083 140 2071 140 2081 140 2083 140 2081 140 2071 140 2077 140 2084 140 2080 140 2076 140 2073 140 2076 140 2080 140 2076 140 2073 140 2068 140 2074 140 2077 140 2071 140 2069 140 2074 140 2071 140 2069 140 2071 140 2051 140 2051 140 2066 140 2069 140 2062 140 2066 140 2051 140 2059 1927 2062 1927 2051 1927 2059 140 2065 140 2062 140 2059 140 2068 140 2065 140 2065 140 2068 140 2070 140 2068 140 2073 140 2070 140 2051 1928 2054 1928 2059 1928 2050 140 2054 140 2051 140 2050 140 2042 140 2054 140 2051 140 2047 140 2050 140 2051 140 2035 140 2047 140 2047 140 2035 140 2043 140 2039 140 2043 140 2035 140 2035 140 2031 140 2039 140 2050 140 2046 140 2042 140 2046 140 2038 140 2042 140 2042 140 2038 140 2030 140 2035 140 2019 140 2031 140 2031 140 2019 140 2027 140 2019 140 2024 140 2027 140 2022 140 2024 140 2019 140 2019 140 2015 140 2022 140 2003 140 2015 140 2019 140 2015 140 2003 140 2011 140 2003 140 2006 140 2011 140 2011 140 2006 140 2014 140 2011 140 2014 140 2018 140 2021 140 2018 140 2014 140 2021 140 2014 140 2023 140 2023 140 2026 140 2021 140 2023 140 2030 140 2026 140 2026 140 2030 140 2034 140 2030 140 2038 140 2034 140 2006 140 2003 140 2002 140 2002 140 1994 140 2006 140 2002 140 2003 140 1999 140 1983 140 1999 140 2003 140 1999 140 1983 140 1995 140 1983 140 1991 140 1995 140 1987 140 1991 140 1983 140 1987 140 1983 140 1979 140 1983 140 1970 140 1979 140 1979 140 1970 140 1976 140 1970 140 1973 140 1976 140 2002 140 1998 140 1994 140 1966 140 1973 140 1970 140 1970 140 1944 140 1966 140 1944 140 1962 140 1966 140 1959 140 1962 140 1944 140 1959 140 1965 140 1962 140 1965 140 1969 140 1962 140 1972 140 1969 140 1965 140 1975 140 1972 140 1965 140 1972 140 1975 140 1978 140 1982 140 1978 140 1975 140 1986 140 1982 140 1975 140 1990 140 1982 140 1986 140 1990 140 1986 140 1994 140 1998 140 1990 140 1994 140 1959 140 1944 140 1956 140 1944 140 1952 140 1956 140 1948 140 1952 140 1944 140 1940 140 1948 140 1944 140 1944 140 1926 140 1940 140 1936 140 1940 140 1926 140 1932 140 1936 140 1926 140 1926 140 1929 140 1932 140 1956 140 1952 140 1953 140 1953 140 1945 140 1956 140 1924 140 1929 140 1926 140 1906 140 1924 140 1926 140 1924 140 1906 140 1921 140 1921 140 1906 140 1918 140 1918 140 1906 140 1915 140 1915 140 1922 140 1918 140 1915 140 1925 140 1922 140 1922 140 1925 140 1927 140 1925 140 1930 140 1927 140 1925 140 1933 140 1930 140 1930 140 1933 140 1937 140 1941 140 1937 140 1933 140 1941 140 1933 140 1945 140 1941 140 1945 140 1949 140 1949 140 1945 140 1953 140 1910 140 1915 140 1906 140 1907 140 1910 140 1906 140 1899 140 1910 140 1907 140 1906 140 1902 140 1907 140 1906 140 1890 140 1902 140 1902 140 1890 140 1898 140 1894 140 1898 140 1890 140 1894 140 1890 140 1886 140 1874 140 1886 140 1890 140 1886 140 1874 140 1882 140 1874 140 1879 140 1882 140 1877 140 1879 140 1874 140 1877 140 1874 140 1870 140 1871 140 1867 140 1862 140 1867 140 1871 140 1875 140 1878 140 1875 140 1871 140 1880 140 1878 140 1871 140 1880 140 1883 140 1878 140 1887 140 1883 140 1880 140 1887 140 1891 140 1883 140 1895 140 1891 140 1887 140 1887 140 1899 140 1895 140 1895 140 1899 140 1903 140 1899 140 1907 140 1903 140 2086 1929 2087 1929 2088 1929 2087 1930 2089 1930 2088 1930 2086 1929 2088 1929 2090 1929 2089 1930 2087 1930 2091 1930 2086 1931 2090 1931 2092 1931 2091 1932 2093 1932 2089 1932 2092 1931 2094 1931 2086 1931 2095 1932 2093 1932 2091 1932 2094 1933 2092 1933 2096 1933 2093 1934 2095 1934 2097 1934 2094 1935 2096 1935 2098 1935 2097 1936 2099 1936 2093 1936 2098 1937 2096 1937 2100 1937 2101 1938 2099 1938 2097 1938 2100 1939 2102 1939 2098 1939 2101 1940 2103 1940 2099 1940 2102 1941 2100 1941 2104 1941 2103 1942 2101 1942 2105 1942 2102 1943 2104 1943 2106 1943 2105 1944 2107 1944 2103 1944 2106 1945 2104 1945 2108 1945 2109 1946 2107 1946 2105 1946 2108 1947 2110 1947 2106 1947 2109 1948 2111 1948 2107 1948 2110 1949 2108 1949 2112 1949 2111 1950 2109 1950 2113 1950 2110 1951 2112 1951 2114 1951 2113 1952 2115 1952 2111 1952 2114 1953 2112 1953 2116 1953 2115 1954 2113 1954 2117 1954 2116 1953 2117 1953 2114 1953 2115 1954 2117 1954 2116 1954 2118 1955 2119 1955 2120 1955 2118 1956 2120 1956 2122 1956 2124 1957 2118 1957 2122 1957 2122 1958 2126 1958 2124 1958 2128 1959 2124 1959 2126 1959 2120 1960 2119 1960 2121 1960 2119 1961 2123 1961 2121 1961 2121 1962 2123 1962 2125 1962 2126 1963 2130 1963 2128 1963 2128 1964 2130 1964 2132 1964 2125 1965 2123 1965 2127 1965 2129 1966 2125 1966 2127 1966 2130 1967 2134 1967 2132 1967 2134 1968 2136 1968 2132 1968 2131 1969 2129 1969 2127 1969 2131 1970 2133 1970 2129 1970 2136 1971 2134 1971 2138 1971 2136 1972 2138 1972 2140 1972 2135 1973 2133 1973 2131 1973 2135 1974 2137 1974 2133 1974 2142 1975 2140 1975 2138 1975 2140 1976 2142 1976 2144 1976 2144 1977 2146 1977 2140 1977 2135 1978 2139 1978 2137 1978 2139 1979 2141 1979 2137 1979 2148 1980 2146 1980 2144 1980 2148 1981 2150 1981 2146 1981 2141 1982 2139 1982 2143 1982 2143 1983 2145 1983 2141 1983 2141 1984 2145 1984 2147 1984 2148 1985 2152 1985 2150 1985 2154 1986 2150 1986 2152 1986 2145 1987 2149 1987 2147 1987 2149 1988 2151 1988 2147 1988 2156 1989 2154 1989 2152 1989 2154 1990 2156 1990 2158 1990 2149 1991 2153 1991 2151 1991 2160 1992 2158 1992 2156 1992 2153 1993 2149 1993 2155 1993 2153 1994 2155 1994 2157 1994 2157 1995 2159 1995 2153 1995 2160 1996 2156 1996 2162 1996 2160 1997 2162 1997 2164 1997 2164 1998 2166 1998 2160 1998 2161 1999 2159 1999 2157 1999 2161 2000 2163 2000 2159 2000 2164 2001 2168 2001 2166 2001 2161 2002 2165 2002 2163 2002 2167 2003 2163 2003 2165 2003 2164 2004 2170 2004 2168 2004 2172 2005 2168 2005 2170 2005 2167 2006 2165 2006 2169 2006 2171 2007 2167 2007 2169 2007 2172 2008 2170 2008 2174 2008 2174 2009 2176 2009 2172 2009 2172 2010 2176 2010 2178 2010 2173 2011 2171 2011 2169 2011 2173 2012 2175 2012 2171 2012 2178 2013 2176 2013 2180 2013 2175 2014 2173 2014 2177 2014 2179 2015 2175 2015 2177 2015 2181 2016 2179 2016 2177 2016 2183 2017 2179 2017 2181 2017 2181 2018 2185 2018 2183 2018 2181 2019 2187 2019 2185 2019 2189 2020 2185 2020 2187 2020 2191 2021 2189 2021 2187 2021 2189 2022 2191 2022 2193 2022 2191 2023 2195 2023 2193 2023 2197 2024 2193 2024 2195 2024 2193 2025 2197 2025 2199 2025 2201 2026 2199 2026 2197 2026 2199 2027 2201 2027 2203 2027 2205 2028 2203 2028 2201 2028 2201 2029 2207 2029 2205 2029 2207 2030 2209 2030 2205 2030 2207 2031 2211 2031 2209 2031 2209 2032 2211 2032 2213 2032 2209 2033 2213 2033 2215 2033 2215 2034 2213 2034 2217 2034 2215 2035 2217 2035 2219 2035 2217 2036 2221 2036 2219 2036 2219 2037 2221 2037 2223 2037 2223 2038 2221 2038 2225 2038 2223 2039 2225 2039 2227 2039 2225 2040 2229 2040 2227 2040 2229 2041 2225 2041 2231 2041 2233 2042 2229 2042 2231 2042 2235 2043 2229 2043 2233 2043 2233 2044 2237 2044 2235 2044 2237 2045 2239 2045 2235 2045 2239 2046 2237 2046 2241 2046 2239 2047 2241 2047 2243 2047 2243 2048 2241 2048 2245 2048 2244 2049 2245 2049 2241 2049 2244 2050 2240 2050 2245 2050 2244 2051 2242 2051 2240 2051 2240 2052 2242 2052 2236 2052 2238 2053 2240 2053 2236 2053 2232 2054 2238 2054 2236 2054 2234 2055 2232 2055 2236 2055 2234 2056 2228 2056 2232 2056 2230 2057 2232 2057 2228 2057 2226 2058 2230 2058 2228 2058 2224 2059 2226 2059 2228 2059 2220 2060 2226 2060 2224 2060 2222 2061 2220 2061 2224 2061 2222 2062 2216 2062 2220 2062 2216 2063 2218 2063 2220 2063 2214 2064 2218 2064 2216 2064 2212 2065 2214 2065 2216 2065 2214 2066 2212 2066 2210 2066 2212 2067 2208 2067 2210 2067 2210 2068 2208 2068 2206 2068 2206 2069 2208 2069 2204 2069 2206 2070 2204 2070 2202 2070 2200 2071 2202 2071 2204 2071 2196 2072 2202 2072 2200 2072 2198 2073 2196 2073 2200 2073 2194 2074 2196 2074 2198 2074 2194 2075 2192 2075 2196 2075 2194 2076 2188 2076 2192 2076 2188 2077 2190 2077 2192 2077 2184 2078 2190 2078 2188 2078 2186 2079 2184 2079 2188 2079 2180 2080 2184 2080 2186 2080 2180 2081 2182 2081 2184 2081 2180 2082 2176 2082 2182 2082 2246 2083 2247 2083 2248 2083 2246 2084 2248 2084 2250 2084 2252 2084 2246 2084 2250 2084 2249 2083 2248 2083 2247 2083 2250 2085 2254 2085 2252 2085 2256 2086 2252 2086 2254 2086 2247 2087 2251 2087 2249 2087 2249 2088 2251 2088 2253 2088 2258 2089 2256 2089 2254 2089 2260 2089 2256 2089 2258 2089 2251 2090 2255 2090 2253 2090 2257 2090 2253 2090 2255 2090 2258 2091 2262 2091 2260 2091 2264 2092 2260 2092 2262 2092 2255 2093 2259 2093 2257 2093 2257 2094 2259 2094 2261 2094 2266 2095 2264 2095 2262 2095 2259 2096 2263 2096 2261 2096 2265 2097 2261 2097 2263 2097 2268 2098 2266 2098 2262 2098 2270 2099 2266 2099 2268 2099 2263 2100 2267 2100 2265 2100 2265 2101 2267 2101 2269 2101 2268 2102 2272 2102 2270 2102 2274 2103 2270 2103 2272 2103 2271 2104 2269 2104 2267 2104 2276 2105 2274 2105 2272 2105 2278 2106 2274 2106 2276 2106 2267 2107 2273 2107 2271 2107 2273 2108 2275 2108 2271 2108 2271 2109 2275 2109 2277 2109 2276 2110 2280 2110 2278 2110 2282 2111 2278 2111 2280 2111 2279 2112 2277 2112 2275 2112 2284 2113 2282 2113 2280 2113 2286 2114 2282 2114 2284 2114 2275 2115 2281 2115 2279 2115 2279 2116 2281 2116 2283 2116 2284 2114 2288 2114 2286 2114 2290 2117 2286 2117 2288 2117 2281 2116 2285 2116 2283 2116 2287 2118 2283 2118 2285 2118 2292 2117 2290 2117 2288 2117 2294 2119 2290 2119 2292 2119 2285 2118 2289 2118 2287 2118 2287 2120 2289 2120 2291 2120 2292 2121 2296 2121 2294 2121 2298 2122 2294 2122 2296 2122 2289 2123 2293 2123 2291 2123 2295 2124 2291 2124 2293 2124 2300 2125 2298 2125 2296 2125 2302 2126 2298 2126 2300 2126 2293 2127 2297 2127 2295 2127 2295 2128 2297 2128 2299 2128 2300 2129 2304 2129 2302 2129 2306 2130 2302 2130 2304 2130 2297 2131 2301 2131 2299 2131 2301 2132 2303 2132 2299 2132 2305 2133 2299 2133 2303 2133 2308 2134 2306 2134 2304 2134 2310 2135 2306 2135 2308 2135 2308 2136 2312 2136 2310 2136 2314 2137 2310 2137 2312 2137 2316 2138 2314 2138 2312 2138 2318 2139 2314 2139 2316 2139 2316 2140 2320 2140 2318 2140 2322 2141 2318 2141 2320 2141 2324 2142 2322 2142 2320 2142 2326 2143 2322 2143 2324 2143 2324 2144 2328 2144 2326 2144 2330 2145 2326 2145 2328 2145 2332 2146 2330 2146 2328 2146 2334 2147 2330 2147 2332 2147 2332 2148 2336 2148 2334 2148 2338 2149 2334 2149 2336 2149 2340 2149 2338 2149 2336 2149 2342 2150 2338 2150 2340 2150 2340 2151 2344 2151 2342 2151 2346 2152 2342 2152 2344 2152 2348 2153 2346 2153 2344 2153 2350 2154 2346 2154 2348 2154 2348 2155 2352 2155 2350 2155 2354 2156 2350 2156 2352 2156 2356 2157 2354 2157 2352 2157 2358 2158 2354 2158 2356 2158 2356 2159 2360 2159 2358 2159 2362 2160 2358 2160 2360 2160 2364 2161 2362 2161 2360 2161 2366 2162 2362 2162 2364 2162 2364 2162 2368 2162 2366 2162 2370 2163 2366 2163 2368 2163 2372 2164 2370 2164 2368 2164 2373 2165 2370 2165 2372 2165 2372 2165 2371 2165 2373 2165 2373 2166 2371 2166 2369 2166 2371 2166 2367 2166 2369 2166 2365 2167 2369 2167 2367 2167 2367 2168 2363 2168 2365 2168 2361 2169 2365 2169 2363 2169 2359 2169 2361 2169 2363 2169 2357 2170 2361 2170 2359 2170 2359 2171 2355 2171 2357 2171 2353 2172 2357 2172 2355 2172 2351 2173 2353 2173 2355 2173 2349 2174 2353 2174 2351 2174 2351 2175 2347 2175 2349 2175 2345 2176 2349 2176 2347 2176 2343 2177 2345 2177 2347 2177 2339 2178 2345 2178 2343 2178 2343 2179 2341 2179 2339 2179 2337 2180 2339 2180 2341 2180 2335 2181 2339 2181 2337 2181 2337 2182 2331 2182 2335 2182 2333 2182 2335 2182 2331 2182 2329 2183 2333 2183 2331 2183 2327 2184 2329 2184 2331 2184 2323 2185 2329 2185 2327 2185 2327 2186 2325 2186 2323 2186 2321 2187 2323 2187 2325 2187 2319 2188 2323 2188 2321 2188 2321 2189 2315 2189 2319 2189 2317 2190 2319 2190 2315 2190 2313 2191 2317 2191 2315 2191 2311 2192 2313 2192 2315 2192 2307 2193 2313 2193 2311 2193 2311 2194 2309 2194 2307 2194 2305 2195 2307 2195 2309 2195 2303 2196 2307 2196 2305 2196 2374 1 2375 1 2376 1 2374 1 2376 1 2378 1 2378 1 2380 1 2374 1 2376 2197 2375 2197 2377 2197 2382 2198 2380 2198 2378 2198 2380 2199 2382 2199 2384 2199 2379 2200 2377 2200 2375 2200 2386 2201 2384 2201 2382 2201 2384 1 2386 1 2388 1 2375 2202 2381 2202 2379 2202 2383 2203 2379 2203 2381 2203 2390 2204 2388 2204 2386 2204 2381 1 2385 1 2383 1 2387 2205 2383 2205 2385 2205 2383 2206 2387 2206 2389 2206 2386 2207 2392 2207 2390 2207 2394 2208 2390 2208 2392 2208 2391 2209 2389 2209 2387 2209 2389 2210 2391 2210 2393 2210 2392 2211 2396 2211 2394 2211 2398 2212 2394 2212 2396 2212 2394 2213 2398 2213 2400 2213 2395 2214 2393 2214 2391 2214 2402 2215 2400 2215 2398 2215 2400 2216 2402 2216 2404 2216 2391 2217 2397 2217 2395 2217 2399 2218 2395 2218 2397 2218 2406 2219 2404 2219 2402 2219 2404 1 2406 1 2408 1 2397 2220 2401 2220 2399 2220 2403 2221 2399 2221 2401 2221 2410 1 2408 1 2406 1 2401 1 2405 1 2403 1 2407 1 2403 1 2405 1 2403 2222 2407 2222 2409 2222 2406 2223 2412 2223 2410 2223 2414 2224 2410 2224 2412 2224 2411 2225 2409 2225 2407 2225 2409 2226 2411 2226 2413 2226 2412 2227 2416 2227 2414 2227 2418 2213 2414 2213 2416 2213 2415 2217 2413 2217 2411 2217 2413 2228 2415 2228 2417 2228 2416 2229 2420 2229 2418 2229 2422 2230 2418 2230 2420 2230 2418 2231 2422 2231 2424 2231 2419 2232 2417 2232 2415 2232 2426 2233 2424 2233 2422 2233 2424 2234 2426 2234 2428 2234 2415 2235 2421 2235 2419 2235 2423 2236 2419 2236 2421 2236 2430 1 2428 1 2426 1 2421 2237 2425 2237 2423 2237 2427 1 2423 1 2425 1 2423 2238 2427 2238 2429 2238 2426 2239 2432 2239 2430 2239 2434 2240 2430 2240 2432 2240 2431 2241 2429 2241 2427 2241 2433 2242 2429 2242 2431 2242 2432 2243 2436 2243 2434 2243 2437 2244 2434 2244 2436 2244 2436 1 2435 1 2437 1 2435 1 2431 1 2437 1 2431 2245 2435 2245 2433 2245 2438 2246 2439 2246 2440 2246 2440 2246 2442 2246 2438 2246 2438 2247 2442 2247 2444 2247 2442 2247 2446 2247 2444 2247 2448 2248 2444 2248 2446 2248 2440 2249 2439 2249 2441 2249 2446 2250 2450 2250 2448 2250 2452 2251 2448 2251 2450 2251 2439 2252 2443 2252 2441 2252 2445 2253 2441 2253 2443 2253 2454 2251 2452 2251 2450 2251 2456 2254 2452 2254 2454 2254 2443 2253 2447 2253 2445 2253 2445 2255 2447 2255 2449 2255 2454 2256 2458 2256 2456 2256 2460 2257 2456 2257 2458 2257 2447 2258 2451 2258 2449 2258 2453 2259 2449 2259 2451 2259 2462 2260 2460 2260 2458 2260 2464 2261 2460 2261 2462 2261 2451 2262 2455 2262 2453 2262 2453 2263 2455 2263 2457 2263 2462 2264 2466 2264 2464 2264 2468 2265 2464 2265 2466 2265 2455 2266 2459 2266 2457 2266 2461 2267 2457 2267 2459 2267 2470 2268 2468 2268 2466 2268 2472 2269 2468 2269 2470 2269 2459 2270 2463 2270 2461 2270 2461 2271 2463 2271 2465 2271 2470 2272 2474 2272 2472 2272 2476 2273 2472 2273 2474 2273 2463 2274 2467 2274 2465 2274 2469 2275 2465 2275 2467 2275 2478 2276 2476 2276 2474 2276 2478 2277 2480 2277 2476 2277 2482 2278 2476 2278 2480 2278 2467 2279 2471 2279 2469 2279 2469 2280 2471 2280 2473 2280 2484 2281 2482 2281 2480 2281 2486 2282 2482 2282 2484 2282 2471 2283 2475 2283 2473 2283 2477 2284 2473 2284 2475 2284 2488 2285 2486 2285 2484 2285 2475 2286 2479 2286 2477 2286 2477 2287 2479 2287 2481 2287 2484 2288 2490 2288 2488 2288 2492 2289 2488 2289 2490 2289 2479 2290 2483 2290 2481 2290 2485 2291 2481 2291 2483 2291 2494 2292 2492 2292 2490 2292 2496 2293 2492 2293 2494 2293 2483 2294 2487 2294 2485 2294 2485 2295 2487 2295 2489 2295 2494 2293 2498 2293 2496 2293 2500 2296 2496 2296 2498 2296 2487 2295 2491 2295 2489 2295 2493 2297 2489 2297 2491 2297 2501 2298 2500 2298 2498 2298 2497 2299 2500 2299 2501 2299 2491 2300 2495 2300 2493 2300 2495 2301 2497 2301 2493 2301 2497 2301 2499 2301 2493 2301 2501 2299 2499 2299 2497 2299 2502 2302 2503 2302 2504 2302 2504 2303 2506 2303 2502 2303 2502 2304 2506 2304 2508 2304 2510 2305 2508 2305 2506 2305 2508 2306 2510 2306 2512 2306 2503 140 2502 140 2505 140 2507 140 2503 140 2505 140 2514 2307 2512 2307 2510 2307 2505 2308 2509 2308 2507 2308 2511 2309 2507 2309 2509 2309 2510 2310 2516 2310 2514 2310 2518 2311 2514 2311 2516 2311 2509 2312 2513 2312 2511 2312 2515 2313 2511 2313 2513 2313 2516 2314 2520 2314 2518 2314 2522 2315 2518 2315 2520 2315 2518 2316 2522 2316 2524 2316 2513 2317 2517 2317 2515 2317 2519 2318 2515 2318 2517 2318 2515 2319 2519 2319 2521 2319 2526 2320 2524 2320 2522 2320 2524 2321 2526 2321 2528 2321 2523 2322 2521 2322 2519 2322 2521 2323 2523 2323 2525 2323 2530 2324 2528 2324 2526 2324 2528 140 2530 140 2532 140 2527 2325 2525 2325 2523 2325 2534 140 2532 140 2530 140 2523 2326 2529 2326 2527 2326 2531 2327 2527 2327 2529 2327 2530 2328 2536 2328 2534 2328 2538 2329 2534 2329 2536 2329 2529 2330 2533 2330 2531 2330 2535 2331 2531 2331 2533 2331 2536 2332 2540 2332 2538 2332 2542 2333 2538 2333 2540 2333 2533 140 2537 140 2535 140 2539 140 2535 140 2537 140 2535 2334 2539 2334 2541 2334 2540 2335 2544 2335 2542 2335 2546 2336 2542 2336 2544 2336 2542 140 2546 140 2548 140 2543 2337 2541 2337 2539 2337 2541 2338 2543 2338 2545 2338 2550 2339 2548 2339 2546 2339 2548 2340 2550 2340 2552 2340 2547 2341 2545 2341 2543 2341 2545 2342 2547 2342 2549 2342 2554 2343 2552 2343 2550 2343 2551 2344 2549 2344 2547 2344 2550 2345 2556 2345 2554 2345 2558 2346 2554 2346 2556 2346 2547 140 2553 140 2551 140 2555 2347 2551 2347 2553 2347 2556 2348 2560 2348 2558 2348 2562 2349 2558 2349 2560 2349 2564 140 2558 140 2562 140 2553 2350 2557 2350 2555 2350 2559 2351 2555 2351 2557 2351 2555 2352 2559 2352 2561 2352 2562 140 2563 140 2564 140 2563 2353 2561 2353 2559 2353 2563 2354 2562 2354 2565 2354 2561 2355 2563 2355 2565 2355 2566 2356 2567 2356 2568 2356 2566 2357 2568 2357 2570 2357 2572 2358 2566 2358 2570 2358 2569 2359 2568 2359 2567 2359 2574 2360 2572 2360 2570 2360 2567 2361 2571 2361 2569 2361 2569 2362 2571 2362 2573 2362 2570 2363 2576 2363 2574 2363 2578 2364 2574 2364 2576 2364 2571 2365 2575 2365 2573 2365 2577 2366 2573 2366 2575 2366 2580 2367 2578 2367 2576 2367 2582 2368 2578 2368 2580 2368 2577 2369 2575 2369 2579 2369 2580 2368 2584 2368 2582 2368 2586 2370 2582 2370 2584 2370 2575 2369 2581 2369 2579 2369 2581 2371 2583 2371 2579 2371 2585 2372 2579 2372 2583 2372 2588 2373 2586 2373 2584 2373 2590 2374 2586 2374 2588 2374 2583 2375 2587 2375 2585 2375 2585 2376 2587 2376 2589 2376 2588 2377 2592 2377 2590 2377 2594 2378 2590 2378 2592 2378 2591 2379 2589 2379 2587 2379 2596 2378 2594 2378 2592 2378 2598 2380 2594 2380 2596 2380 2587 2379 2593 2379 2591 2379 2591 2381 2593 2381 2595 2381 2596 2382 2600 2382 2598 2382 2602 2383 2598 2383 2600 2383 2593 2384 2597 2384 2595 2384 2599 2385 2595 2385 2597 2385 2604 2386 2602 2386 2600 2386 2606 2387 2602 2387 2604 2387 2597 2388 2601 2388 2599 2388 2599 2389 2601 2389 2603 2389 2604 2390 2608 2390 2606 2390 2610 2391 2606 2391 2608 2391 2601 2392 2605 2392 2603 2392 2605 2393 2607 2393 2603 2393 2609 2394 2603 2394 2607 2394 2612 2395 2610 2395 2608 2395 2614 2396 2610 2396 2612 2396 2607 2397 2611 2397 2609 2397 2609 2398 2611 2398 2613 2398 2612 2399 2616 2399 2614 2399 2618 2400 2614 2400 2616 2400 2615 2401 2613 2401 2611 2401 2620 2402 2618 2402 2616 2402 2620 2403 2622 2403 2618 2403 2624 2404 2618 2404 2622 2404 2611 2405 2617 2405 2615 2405 2615 2406 2617 2406 2619 2406 2626 2407 2624 2407 2622 2407 2628 2408 2624 2408 2626 2408 2617 2409 2621 2409 2619 2409 2623 2410 2619 2410 2621 2410 2626 2411 2627 2411 2628 2411 2629 2412 2628 2412 2627 2412 2629 2413 2627 2413 2625 2413 2627 2414 2623 2414 2625 2414 2621 2415 2625 2415 2623 2415 2630 1 2631 1 2632 1 2630 1 2632 1 2634 1 2634 1 2636 1 2630 1 2632 2416 2631 2416 2633 2416 2638 1 2636 1 2634 1 2636 2417 2638 2417 2640 2417 2635 1 2633 1 2631 1 2642 2418 2640 2418 2638 2418 2640 1 2642 1 2644 1 2631 2419 2637 2419 2635 2419 2639 2420 2635 2420 2637 2420 2646 2421 2644 2421 2642 2421 2637 1 2641 1 2639 1 2643 2422 2639 2422 2641 2422 2639 2423 2643 2423 2645 2423 2642 2424 2648 2424 2646 2424 2650 1 2646 1 2648 1 2647 1 2645 1 2643 1 2645 2425 2647 2425 2649 2425 2648 2426 2652 2426 2650 2426 2654 2425 2650 2425 2652 2425 2650 2427 2654 2427 2656 2427 2651 2426 2649 2426 2647 2426 2658 2428 2656 2428 2654 2428 2656 1 2658 1 2660 1 2647 2429 2653 2429 2651 2429 2655 2430 2651 2430 2653 2430 2662 1 2660 1 2658 1 2660 1 2662 1 2664 1 2653 1 2657 1 2655 1 2659 1 2655 1 2657 1 2666 1 2664 1 2662 1 2657 1 2661 1 2659 1 2663 1 2659 1 2661 1 2659 2431 2663 2431 2665 2431 2662 2432 2668 2432 2666 2432 2670 2433 2666 2433 2668 2433 2667 2434 2665 2434 2663 2434 2665 2435 2667 2435 2669 2435 2668 2436 2672 2436 2670 2436 2674 2437 2670 2437 2672 2437 2671 2438 2669 2438 2667 2438 2669 2439 2671 2439 2673 2439 2672 2440 2676 2440 2674 2440 2678 2441 2674 2441 2676 2441 2674 1 2678 1 2680 1 2675 2442 2673 2442 2671 2442 2682 1 2680 1 2678 1 2680 2443 2682 2443 2684 2443 2671 1 2677 1 2675 1 2679 1 2675 1 2677 1 2686 1 2684 1 2682 1 2677 2444 2681 2444 2679 2444 2683 1 2679 1 2681 1 2679 1 2683 1 2685 1 2682 1 2688 1 2686 1 2690 1 2686 1 2688 1 2688 1 2692 1 2690 1 2691 2445 2690 2445 2692 2445 2690 1 2691 1 2693 1 2687 1 2685 1 2683 1 2691 2446 2687 2446 2693 2446 2687 2447 2691 2447 2689 2447 2689 1 2685 1 2687 1 2694 2448 2695 2448 2696 2448 2694 2449 2696 2449 2698 2449 2700 2449 2694 2449 2698 2449 2698 2450 2702 2450 2700 2450 2704 2450 2700 2450 2702 2450 2697 2448 2696 2448 2695 2448 2695 2451 2699 2451 2697 2451 2697 2451 2699 2451 2701 2451 2706 2452 2704 2452 2702 2452 2708 2453 2704 2453 2706 2453 2699 2454 2703 2454 2701 2454 2705 2455 2701 2455 2703 2455 2710 2456 2708 2456 2706 2456 2705 2457 2703 2457 2707 2457 2706 2456 2712 2456 2710 2456 2714 2458 2710 2458 2712 2458 2703 2457 2709 2457 2707 2457 2711 2459 2707 2459 2709 2459 2716 2460 2714 2460 2712 2460 2718 2461 2714 2461 2716 2461 2709 2462 2713 2462 2711 2462 2711 2463 2713 2463 2715 2463 2716 2464 2720 2464 2718 2464 2722 2465 2718 2465 2720 2465 2713 2466 2717 2466 2715 2466 2719 2467 2715 2467 2717 2467 2724 2468 2722 2468 2720 2468 2726 2469 2722 2469 2724 2469 2717 2470 2721 2470 2719 2470 2719 2471 2721 2471 2723 2471 2724 2472 2728 2472 2726 2472 2730 2473 2726 2473 2728 2473 2721 2474 2725 2474 2723 2474 2727 2475 2723 2475 2725 2475 2732 2476 2730 2476 2728 2476 2734 2477 2730 2477 2732 2477 2725 2478 2729 2478 2727 2478 2727 2479 2729 2479 2731 2479 2732 2480 2736 2480 2734 2480 2738 2481 2734 2481 2736 2481 2740 2482 2734 2482 2738 2482 2729 2483 2733 2483 2731 2483 2733 2484 2735 2484 2731 2484 2737 2485 2731 2485 2735 2485 2738 2486 2742 2486 2740 2486 2744 2487 2740 2487 2742 2487 2735 2488 2739 2488 2737 2488 2737 2489 2739 2489 2741 2489 2746 2490 2744 2490 2742 2490 2743 2491 2741 2491 2739 2491 2748 2492 2746 2492 2742 2492 2748 2493 2750 2493 2746 2493 2752 2494 2746 2494 2750 2494 2739 2495 2745 2495 2743 2495 2745 2496 2747 2496 2743 2496 2743 2497 2747 2497 2749 2497 2754 2498 2752 2498 2750 2498 2756 2498 2752 2498 2754 2498 2747 2499 2751 2499 2749 2499 2753 2499 2749 2499 2751 2499 2755 2500 2756 2500 2754 2500 2754 2500 2757 2500 2755 2500 2755 2501 2757 2501 2753 2501 2751 2501 2755 2501 2753 2501 2758 1 2759 1 2760 1 2758 2502 2760 2502 2762 2502 2762 1 2764 1 2758 1 2764 2503 2762 2503 2766 2503 2768 1 2764 1 2766 1 2768 2504 2770 2504 2764 2504 2770 1 2768 1 2772 1 2772 1 2768 1 2774 1 2772 2505 2774 2505 2776 2505 2772 1 2776 1 2778 1 2778 2506 2776 2506 2780 2506 2782 2507 2780 2507 2776 2507 2782 1 2784 1 2780 1 2786 1 2780 1 2784 1 2784 1 2788 1 2786 1 2759 2508 2761 2508 2760 2508 2763 1 2761 1 2759 1 2763 1 2765 1 2761 1 2767 1 2761 1 2765 1 2788 1 2784 1 2790 1 2792 2509 2788 2509 2790 2509 2769 2510 2767 2510 2765 2510 2790 1 2794 1 2792 1 2796 1 2792 1 2794 1 2798 1 2792 1 2796 1 2796 2511 2800 2511 2798 2511 2800 2512 2802 2512 2798 2512 2769 1 2765 1 2771 1 2773 2513 2769 2513 2771 2513 2773 2514 2775 2514 2769 2514 2804 2515 2802 2515 2800 2515 2806 2516 2802 2516 2804 2516 2777 1 2775 1 2773 1 2804 2517 2808 2517 2806 2517 2804 2518 2810 2518 2808 2518 2812 2513 2808 2513 2810 2513 2812 1 2810 1 2814 1 2812 2514 2814 2514 2816 2514 2818 1 2812 1 2816 1 2779 1 2777 1 2773 1 2777 1 2779 1 2781 1 2783 2519 2777 2519 2781 2519 2816 2520 2820 2520 2818 2520 2820 2521 2816 2521 2821 2521 2817 2522 2820 2522 2821 2522 2820 1 2817 1 2819 1 2817 2523 2815 2523 2819 2523 2815 2524 2817 2524 2813 2524 2815 1 2813 1 2809 1 2813 1 2811 1 2809 1 2807 1 2809 1 2811 1 2805 1 2809 1 2807 1 2805 1 2807 1 2801 1 2801 2525 2803 2525 2805 2525 2797 2526 2803 2526 2801 2526 2799 2527 2797 2527 2801 2527 2797 1 2799 1 2793 1 2797 1 2793 1 2795 1 2793 2528 2791 2528 2795 2528 2791 1 2793 1 2789 1 2789 2529 2785 2529 2791 2529 2785 2530 2783 2530 2781 2530 2783 1 2785 1 2787 1 2789 1 2787 1 2785 1 2822 2531 2823 2531 2824 2531 2825 140 2822 140 2824 140 2826 140 2822 140 2825 140 2827 140 2826 140 2825 140 2826 140 2827 140 2828 140 2827 140 2825 140 2829 140 2830 140 2828 140 2827 140 2831 140 2826 140 2828 140 2829 2532 2825 2532 2832 2532 2830 2533 2833 2533 2828 2533 2831 2534 2828 2534 2834 2534 2832 140 2835 140 2829 140 2830 2535 2836 2535 2833 2535 2834 2536 2837 2536 2831 2536 2838 2537 2839 2537 2840 2537 2841 140 2838 140 2840 140 2842 140 2838 140 2841 140 2843 140 2842 140 2841 140 2842 140 2843 140 2844 140 2843 140 2841 140 2845 140 2846 140 2844 140 2843 140 2847 140 2842 140 2844 140 2845 2538 2841 2538 2848 2538 2846 2533 2849 2533 2844 2533 2847 2539 2844 2539 2850 2539 2848 140 2851 140 2845 140 2846 2535 2852 2535 2849 2535 2850 2536 2853 2536 2847 2536 2854 140 2855 140 2856 140 2857 140 2854 140 2856 140 2858 140 2854 140 2857 140 2859 140 2858 140 2857 140 2860 140 2858 140 2859 140 2857 140 2861 140 2859 140 2860 2540 2859 2540 2862 2540 2861 140 2857 140 2863 140 2864 140 2859 140 2861 140 2862 2541 2865 2541 2860 2541 2863 2538 2857 2538 2866 2538 2864 2542 2867 2542 2859 2542 2866 140 2868 140 2863 140 2864 2543 2869 2543 2867 2543 2870 140 2871 140 2872 140 2873 140 2870 140 2872 140 2874 140 2870 140 2873 140 2875 140 2874 140 2873 140 2876 140 2874 140 2875 140 2873 140 2877 140 2875 140 2876 2540 2875 2540 2878 2540 2877 140 2873 140 2879 140 2880 140 2875 140 2877 140 2878 2544 2881 2544 2876 2544 2879 2538 2873 2538 2882 2538 2880 2542 2883 2542 2875 2542 2882 140 2884 140 2879 140 2880 2543 2885 2543 2883 2543 2886 2531 2887 2531 2888 2531 2889 140 2886 140 2888 140 2890 140 2886 140 2889 140 2891 140 2890 140 2889 140 2890 140 2891 140 2892 140 2891 140 2889 140 2893 140 2894 140 2892 140 2891 140 2895 140 2890 140 2892 140 2893 2538 2889 2538 2896 2538 2894 2538 2897 2538 2892 2538 2895 2534 2892 2534 2898 2534 2896 140 2899 140 2893 140 2894 2535 2900 2535 2897 2535 2898 2536 2901 2536 2895 2536 2902 2531 2903 2531 2904 2531 2905 140 2902 140 2904 140 2906 140 2902 140 2905 140 2907 140 2906 140 2905 140 2906 140 2907 140 2908 140 2907 140 2905 140 2909 140 2910 140 2908 140 2907 140 2911 140 2906 140 2908 140 2909 2538 2905 2538 2912 2538 2910 2533 2913 2533 2908 2533 2911 2534 2908 2534 2914 2534 2912 140 2915 140 2909 140 2910 2535 2916 2535 2913 2535 2914 2536 2917 2536 2911 2536 2918 2545 2919 2545 2920 2545 2921 140 2918 140 2920 140 2922 140 2918 140 2921 140 2923 140 2922 140 2921 140 2922 140 2923 140 2924 140 2923 140 2921 140 2925 140 2926 140 2924 140 2923 140 2927 140 2922 140 2924 140 2925 2532 2921 2532 2928 2532 2926 2538 2929 2538 2924 2538 2927 2546 2924 2546 2930 2546 2928 140 2931 140 2925 140 2926 2547 2932 2547 2929 2547 2930 2548 2933 2548 2927 2548 2934 140 2935 140 2936 140 2937 2549 2934 2549 2936 2549 2938 140 2934 140 2937 140 2939 140 2938 140 2937 140 2940 140 2938 140 2939 140 2937 140 2941 140 2939 140 2940 2539 2939 2539 2942 2539 2941 140 2937 140 2943 140 2944 140 2939 140 2941 140 2942 140 2945 140 2940 140 2943 2550 2937 2550 2946 2550 2944 2532 2947 2532 2939 2532 2946 140 2948 140 2943 140 2944 140 2949 140 2947 140 2950 140 2951 140 2952 140 2953 140 2950 140 2952 140 2954 140 2950 140 2953 140 2955 140 2954 140 2953 140 2954 140 2955 140 2956 140 2955 140 2953 140 2957 140 2958 140 2956 140 2955 140 2959 140 2954 140 2956 140 2957 2551 2953 2551 2960 2551 2958 2538 2961 2538 2956 2538 2959 2539 2956 2539 2962 2539 2960 140 2963 140 2957 140 2958 2547 2964 2547 2961 2547 2962 2552 2965 2552 2959 2552 2966 140 2967 140 2968 140 2969 2553 2966 2553 2968 2553 2970 140 2966 140 2969 140 2971 140 2970 140 2969 140 2972 140 2970 140 2971 140 2969 140 2973 140 2971 140 2972 2554 2971 2554 2974 2554 2973 140 2969 140 2975 140 2976 140 2971 140 2973 140 2974 140 2977 140 2972 140 2975 2555 2969 2555 2978 2555 2976 2538 2979 2538 2971 2538 2978 140 2980 140 2975 140 2976 140 2981 140 2979 140 2982 2531 2983 2531 2984 2531 2985 140 2982 140 2984 140 2986 140 2982 140 2985 140 2987 140 2986 140 2985 140 2986 140 2987 140 2988 140 2987 140 2985 140 2989 140 2990 140 2988 140 2987 140 2991 140 2986 140 2988 140 2989 2532 2985 2532 2992 2532 2990 2556 2993 2556 2988 2556 2991 2539 2988 2539 2994 2539 2992 140 2995 140 2989 140 2990 2535 2996 2535 2993 2535 2994 2557 2997 2557 2991 2557 2998 2531 2999 2531 3000 2531 3001 140 2998 140 3000 140 3002 140 2998 140 3001 140 3003 140 3002 140 3001 140 3002 140 3003 140 3004 140 3003 140 3001 140 3005 140 3006 140 3004 140 3003 140 3007 140 3002 140 3004 140 3005 2532 3001 2532 3008 2532 3006 2558 3009 2558 3004 2558 3007 2559 3004 2559 3010 2559 3008 140 3011 140 3005 140 3006 140 3012 140 3009 140 3010 140 3013 140 3007 140 3014 1 3015 1 3016 1 3016 1 3015 1 3017 1 3018 2560 3016 2560 3017 2560 3019 1 3016 1 3018 1 3017 1 3020 1 3018 1 3021 2561 3016 2561 3019 2561 3018 1 3022 1 3019 1 3020 1 3017 1 3023 1 3020 1 3024 1 3018 1 3016 2562 3021 2562 3025 2562 3022 1 3018 1 3026 1 3022 2563 3027 2563 3019 2563 3017 1 3028 1 3023 1 3020 1 3023 1 3029 1 3020 2564 3030 2564 3024 2564 3031 1 3018 1 3024 1 3032 1 3027 1 3022 1 3033 2565 3019 2565 3027 2565 3034 2566 3028 2566 3017 2566 3028 1 3035 1 3023 1 3036 1 3029 1 3023 1 3029 1 3037 1 3020 1 3038 1 3030 1 3020 1 3030 2567 3039 2567 3024 2567 3033 2568 3040 2568 3019 2568 3017 1 3041 1 3034 1 3028 2569 3042 2569 3035 2569 3023 2570 3035 2570 3043 2570 3044 2571 3043 2571 3035 2571 3023 1 3043 1 3045 1</p>
        </triangles>
      </mesh>
    </geometry>
  </library_geometries>
  <library_visual_scenes>
    <visual_scene id="Scene" name="Scene">
      <node id="link_6" name="link_6" type="NODE">
        <matrix sid="transform">0.001 0 0 0 0 0.001 0 0 0 0 0.001 0 0 0 0 1</matrix>
        <node id="Default" name="Default" type="NODE">
          <matrix sid="transform">1 0 0 0 0 1 0 0 0 0 1 0 0 0 0 1</matrix>
          <instance_geometry url="#Mesh1_006-mesh" name="Default">
            <bind_material>
              <technique_common>
                <instance_material symbol="Material_0_006-material" target="#Material_0_006-material"/>
              </technique_common>
            </bind_material>
          </instance_geometry>
        </node>
        <node id="Default_001" name="Default.001" type="NODE">
          <matrix sid="transform">1 0 0 0 0 1 0 0 0 0 1 0 0 0 0 1</matrix>
          <instance_geometry url="#Mesh2_006-mesh" name="Default.001">
            <bind_material>
              <technique_common>
                <instance_material symbol="Material_1_006-material" target="#Material_1_006-material"/>
              </technique_common>
            </bind_material>
          </instance_geometry>
        </node>
        <node id="Default_002" name="Default.002" type="NODE">
          <matrix sid="transform">1 0 0 0 0 1 0 0 0 0 1 0 0 0 0 1</matrix>
          <instance_geometry url="#Mesh3_006-mesh" name="Default.002">
            <bind_material>
              <technique_common>
                <instance_material symbol="Material_2_006-material" target="#Material_2_006-material"/>
              </technique_common>
            </bind_material>
          </instance_geometry>
        </node>
      </node>
    </visual_scene>
  </library_visual_scenes>
  <scene>
    <instance_visual_scene url="#Scene"/>
  </scene>
</COLLADA>
