<?xml version="1.0" encoding="utf-8"?>
<COLLADA xmlns="http://www.collada.org/2005/11/COLLADASchema" version="1.4.1" xmlns:xsi="http://www.w3.org/2001/XMLSchema-instance">
  <asset>
    <contributor>
      <author>Blender User</author>
      <authoring_tool>Blender 3.4.1</authoring_tool>
    </contributor>
    <created>2026-08-17T02:04:44</created>
    <modified>2026-08-17T02:04:44</modified>
    <unit name="meter" meter="1"/>
    <up_axis>Z_UP</up_axis>
  </asset>
  <library_effects>
    <effect id="Material_3_001-effect">
      <profile_COMMON>
        <technique sid="common">
          <lambert>
            <emission>
              <color sid="emission">0 0 0 1</color>
            </emission>
            <diffuse>
              <color sid="diffuse">0.9130986 0.05126946 0.01520852 1</color>
            </diffuse>
            <index_of_refraction>
              <float sid="ior">1.45</float>
            </index_of_refraction>
          </lambert>
        </technique>
      </profile_COMMON>
    </effect>
    <effect id="Material_2_002-effect">
      <profile_COMMON>
        <technique sid="common">
          <lambert>
            <emission>
              <color sid="emission">0 0 0 1</color>
            </emission>
            <diffuse>
              <color sid="diffuse">0.05612849 0.07036009 0.07421356 1</color>
            </diffuse>
            <index_of_refraction>
              <float sid="ior">1.45</float>
            </index_of_refraction>
          </lambert>
        </technique>
      </profile_COMMON>
    </effect>
    <effect id="Material_1_002-effect">
      <profile_COMMON>
        <technique sid="common">
          <lambert>
            <emission>
              <color sid="emission">0 0 0 1</color>
            </emission>
            <diffuse>
              <color sid="diffuse">1 1 1 1</color>
            </diffuse>
            <index_of_refraction>
              <float sid="ior">1.45</float>
            </index_of_refraction>
          </lambert>
        </technique>
      </profile_COMMON>
    </effect>
    <effect id="Material_0_002-effect">
      <profile_COMMON>
        <technique sid="common">
          <lambert>
            <emission>
              <color sid="emission">0 0 0 1</color>
            </emission>
            <diffuse>
              <color sid="diffuse">0.00303527 0.00303527 0.00303527 1</color>
            </diffuse>
            <index_of_refraction>
              <float sid="ior">1.45</float>
            </index_of_refraction>
          </lambert>
        </technique>
      </profile_COMMON>
    </effect>
  </library_effects>
  <library_images/>
  <library_materials>
    <material id="Material_3_001-material" name="Material_3.001">
      <instance_effect url="#Material_3_001-effect"/>
    </material>
    <material id="Material_2_002-material" name="Material_2.002">
      <instance_effect url="#Material_2_002-effect"/>
    </material>
    <material id="Material_1_002-material" name="Material_1.002">
      <instance_effect url="#Material_1_002-effect"/>
    </material>
    <material id="Material_0_002-material" name="Material_0.002">
      <instance_effect url="#Material_0_002-effect"/>
    </material>
  </library_materials>
  <library_geometries>
    <geometry id="Mesh4_002-mesh" name="Mesh4.002">
      <mesh>
        <source id="Mesh4_002-mesh-positions">
          <float_array id="Mesh4_002-mesh-positions-array" count="25938">1748.434 -51.1489 2482.876 1748.401 -50.3011 2475.423 1756.29 -50.5201 2482.85 1749.097 -50.2679 2474.839 1748.881 -51.6483 2490.137 1766.441 -49.5508 2480.045 1748.368 -49.4533 2467.97 1754.699 -52.8104 2489.345 1698.722 -56.5054 2482.481 1754.793 -48.4113 2463.24 1764.135 -51.5652 2484.095 1758.962 -52.1558 2485.929 1751.822 -53.3692 2493.928 1708.5 -56.4537 2500 1782.713 -47.3071 2466.102 1769.641 -51.1336 2484.07 1743.007 -48.7062 2460.655 1748.523 -52.504 2500 1697.5 -58.0382 2500 1746.133 -52.2415 2500 1766.41 -47.3839 2460.008 1776.645 -49.0706 2482.555 1775.653 -49.6381 2484.351 1723.467 -51.6868 2467.832 1750.636 -53.6624 2499.105 1746.133 -52.2415 2500 1705.641 -54.6097 2524.015 1658.461 -65.6682 2500 1748.881 -51.6483 2509.863 1775.125 -45.9448 2451.773 1774.835 -50.8862 2485.869 1733.806 -47.7712 2452.853 1750.612 -53.679 2500 1752.074 -55.5786 2500 1662.488 -61.8914 2523.643 1662.488 -61.8914 2476.357 1793.212 -45.3429 2451.515 1774.292 -52.6579 2486.918 1779.087 -51.2069 2488.819 1704.872 -49.6769 2453.083 1750.636 -53.6624 2500.895 1754.568 -57.3057 2492.823 1751.822 -53.3692 2506.072 1749.097 -50.2679 2525.161 1676.881 -54.0436 2542.768 1641.226 -67.2116 2524.199 1641.226 -67.2116 2475.802 1698.565 -53.9203 2467.693 1799.619 -47.2945 2457.027 1766.881 -55.203 2485.535 1783.081 -49.9234 2486.502 1752.676 -57.9016 2500 1754.699 -52.8104 2489.345 1754.699 -52.8104 2510.655 1756.29 -50.5201 2517.15 1742.979 -48.7057 2539.359 1704.872 -49.6769 2546.917 1648.575 -62.5024 2533.95 1620.667 -75.1932 2520.112 1620.667 -75.1932 2479.888 1648.575 -62.5024 2466.05 1676.881 -54.0436 2457.232 1794.159 -52 2475.001 1810.7 -42.6489 2444.74 1774.093 -54.73 2487.365 1764.135 -51.5652 2484.095 1777.051 -55.257 2489.601 1776.645 -49.0706 2482.555 1786.731 -52 2493.083 1759.74 -56.1713 2487.547 1766.441 -49.5508 2519.955 1754.794 -48.4112 2536.76 1733.807 -47.7713 2547.146 1678.14 -50.7533 2549.379 1649.652 -57.2039 2544.848 1634.536 -68.2974 2528.004 1620.524 -77.5815 2500 1620.524 -77.5815 2500 1634.536 -68.2974 2471.996 1805.348 -52 2461.531 1815.321 -46.4494 2449.67 1772.46 -59 2486.82 1779.252 -56.6085 2492.45 1786.246 -52.1073 2493.782 1787.345 -52 2492.241 1678.14 -50.7533 2450.621 1754.568 -57.3057 2507.177 1758.962 -52.1558 2485.929 1758.962 -52.1558 2514.071 1764.135 -51.5652 2515.905 1731.441 -46.5275 2551.185 1635.878 -61.7368 2542.143 1635.878 -61.7368 2457.857 1649.652 -57.2038 2455.152 1787.668 -52 2491.251 1776.645 -49.0706 2482.555 1833.174 -37.4461 2440.97 1777.088 -59 2489.912 1767 -59 2485.734 1782.745 -52.5848 2493.39 1787.343 -52 2507.755 1731.441 -46.5275 2448.815 1752.676 -57.9016 2500 1754.699 -52.8104 2510.655 1769.641 -51.1336 2515.93 1782.713 -47.3071 2533.897 1707.22 -43.4974 2556.391 1733.807 -47.7713 2547.146 1649.266 -49.4022 2554.193 1635.772 -51.4761 2554.604 1620.667 -75.1932 2520.112 1622.815 -67.3843 2461.575 1842 -52 2453.5 1819.598 -52 2452.988 1825.903 -52 2450.737 1761.54 -59 2486.82 1782.53 -55.4446 2499.453 1780.18 -59 2494.54 1785.929 -52.3134 2494.552 1787.668 -52 2508.748 1786.731 -52 2506.917 1649.266 -49.4022 2445.807 1732.624 -47.1494 2450.834 1707.22 -43.4974 2443.609 1759.74 -56.1713 2512.453 1775.653 -49.6381 2515.649 1776.645 -49.0706 2517.445 1766.388 -47.3865 2539.979 1728.293 -42.5084 2556.835 1692.299 -44.783 2555.627 1677.647 -46.1059 2554.82 1623.894 -54.7527 2554.266 1622.815 -67.3843 2538.425 1623.894 -54.7527 2445.734 1635.772 -51.4761 2445.396 1841.043 -52 2453.31 1840.525 -42.4799 2444.351 1759.74 -56.1713 2487.547 1784.453 -53.6617 2498.124 1781.262 -58.8209 2499.369 1781.262 -58.8209 2499.369 1785.63 -52.8 2496.166 1783.081 -49.9234 2513.498 1786.488 -52.0537 2493.433 1677.647 -46.1059 2445.179 1733.215 -47.4603 2451.843 1728.296 -42.5141 2443.17 1692.299 -44.783 2444.373 1758.962 -52.1558 2514.071 1774.835 -50.8862 2514.131 1776.645 -49.0706 2517.445 1775.126 -45.9447 2548.228 1725.549 -36.5 2560.583 1683.553 -41.5822 2557.967 1650.14 -47.5509 2555.683 1643.658 -47.3088 2556.775 1640.939 -45.6406 2558.448 1616.6 -56.1379 2444.304 1794.155 -52 2524.991 1805.348 -52 2461.531 1848.043 -36.8282 2442.544 1756.912 -59 2489.912 1785.503 -53.4023 2499.411 1786.246 -52.1071 2506.219 1779.087 -51.2069 2511.181 1643.658 -47.3088 2443.225 1650.14 -47.5509 2444.317 1733.511 -47.6157 2452.348 1725.549 -36.5 2439.417 1683.553 -41.5822 2442.033 1764.135 -51.5652 2515.905 1774.292 -52.6579 2513.082 1793.212 -45.3429 2548.485 1679.199 -44.5472 2556.062 1682.213 -43.1771 2556.991 1676.008 -44.8957 2555.883 1623.5 -38.6816 2566.116 1616.6 -56.1379 2555.696 1623.5 -38.6816 2433.884 1616.072 -69.3549 2460.445 1640.939 -45.6406 2441.552 1805.348 -52 2538.469 1819.598 -52 2452.988 1855.76 -30.9767 2441.787 1754.568 -57.3057 2492.823 1786.367 -52.0805 2493.607 1676.008 -44.8957 2444.117 1679.199 -44.5472 2443.938 1733.659 -47.6934 2452.6 1682.213 -43.1771 2443.008 1766.881 -55.203 2514.465 1799.619 -47.2945 2542.973 1684.209 -39.4538 2559.032 1680.625 -39.5931 2558.414 1649.688 -44.5945 2557.421 1639.208 -42.8457 2560.595 1616.072 -69.3549 2539.555 1616.393 -39.4939 2431.914 1620.667 -75.1932 2479.888 1612.506 -71.5273 2458.889 1819.598 -52 2547.012 1825.903 -52 2450.737 1753.82 -59 2494.54 1782.745 -52.5848 2506.61 1786.246 -52.1073 2493.782 1649.688 -44.5945 2442.579 1644.646 -42.5535 2441.288 1733.732 -47.7323 2452.727 1684.209 -39.4538 2440.968 1680.625 -39.5931 2441.586 1774.093 -54.73 2512.635 1777.051 -55.257 2510.399 1725.541 -34.8917 2561.124 1681.109 -39.1002 2558.692 1680.163 -39.6844 2558.29 1680.941 -39.3974 2558.55 1650.14 -47.5509 2555.683 1644.646 -42.5535 2558.712 1634.275 -38.4034 2563.955 1643.371 -40.4913 2560 1616.393 -39.4939 2568.086 1612.505 -71.524 2541.116 1620.667 -75.1932 2520.112 1612.053 -58.4249 2441.752 1621.903 -20.2255 2427.231 1639.208 -42.8457 2439.404 1612.649 -79.7677 2478.944 1825.903 -52 2549.263 1840.232 -52 2452.768 1752.676 -57.9016 2500 1805.348 -52 2538.469 1779.252 -56.6085 2507.55 1785.929 -52.3134 2505.448 1786.087 -52.2104 2494.167 1645.419 -42.6974 2441.593 1676.008 -44.8957 2444.117 1644.031 -42.1367 2440.91 1678.187 -39.2653 2441.84 1733.806 -47.7712 2452.853 1681.109 -39.1002 2441.308 1725.539 -34.899 2438.877 1680.163 -39.6844 2441.71 1680.783 -39.4952 2441.519 1772.46 -59 2513.18 1774.093 -54.73 2512.635 1704.355 -33.5404 2560.769 1681.126 -38.7035 2558.837 1675.752 -38.7485 2558 1668.501 -28.3144 2558.459 1679.76 -36.3386 2559.294 1676.008 -44.8957 2555.883 1644.031 -42.1367 2559.09 1639.103 -39.1325 2562.53 1638.998 -35.4194 2564.463 1638.998 -35.4194 2564.463 1612.053 -58.389 2558.283 1621.903 -20.2255 2572.769 1612.649 -79.7677 2521.056 1611.733 -41.2876 2428.574 1615.611 -20.5901 2424.737 1634.275 -38.4034 2436.045 1643.371 -40.4913 2440 1620.524 -77.5815 2500 1611 -64.8666 2449.023 1611 -77.9671 2473.03 1868.489 -52 2544.546 1839.69 -52 2451.957 1752.734 -59 2500 1815.321 -46.4494 2550.33 1782.53 -55.4446 2500.547 1785.63 -52.8 2503.833 1649.174 -41.2236 2442 1675.752 -38.7485 2442 1650.158 -30.8559 2441.034 1680.941 -39.3974 2441.45 1681.126 -38.7035 2441.163 1705.183 -33.4371 2439.198 1668.501 -28.3144 2441.541 1767 -59 2514.266 1777.088 -59 2510.088 1726.49 -33.5418 2561.498 1683.559 -34.177 2560.64 1675.752 -38.7485 2558 1650.158 -30.8559 2558.966 1621.903 -20.2255 2572.769 1644.957 -35.3374 2561.077 1611.732 -41.2819 2571.429 1615.611 -20.5901 2575.263 1611 -64.8666 2550.976 1611 -55.5202 2438.978 1621.834 -1.5583 2425.711 1639.103 -39.1325 2437.47 1638.998 -35.4194 2435.537 1612.412 -82.5 2500 1611 -72.4185 2460.48 1877.31 -52 2537.937 1858.47 -52 2549.14 1839.5 -52 2451 1753.82 -59 2505.459 1819.598 -52 2547.012 1810.7 -42.6489 2555.26 1781.262 -58.8209 2500.631 1784.453 -53.6617 2501.876 1785.929 -52.3134 2494.552 1649.174 -41.2236 2442 1679.76 -36.3386 2440.706 1683.559 -34.177 2439.36 1683.559 -34.177 2439.36 1726.486 -33.5457 2438.503 1675.752 -38.7485 2442 1761.54 -59 2513.18 1780.18 -59 2505.459 1726.226 -30.8678 2561.863 1675.812 -22.3513 2562.819 1679.76 -36.3386 2559.294 1670.61 -26.0127 2560.364 1666.613 -30.3741 2558 1649.174 -41.2236 2558 1645.419 -42.6974 2558.407 1641.361 -27.2364 2566.53 1646.845 -29.1987 2562.36 1644.449 -28.4303 2565 1611 -55.5202 2561.022 1621.834 -1.5583 2574.289 1611 -44.638 2430.619 1611.091 -21.2547 2420.285 1615.014 -1.3683 2422.809 1621.903 -20.2255 2427.231 1644.449 -28.4303 2435 1612.649 -79.7677 2521.056 1611 -81.3589 2486.326 1609.087 -76.5717 2468.283 1611 -64.8666 2449.023 1884.534 -52 2529.612 1847.706 -52 2551.511 1839.5 -52 2448.234 1754.568 -57.3057 2507.177 1825.903 -52 2549.263 1793.212 -45.3429 2548.485 1782.535 -55.4634 2500 1785.503 -53.4023 2500.589 1785.78 -52.5567 2495.359 1653.63 -32.6634 2442 1646.845 -29.1987 2437.64 1675.812 -22.3513 2437.181 1727.972 -32.7542 2438.286 1666.613 -30.3741 2442 1670.61 -26.0127 2439.635 1759.74 -56.1713 2512.453 1781.262 -58.8209 2500.631 1702.355 -14.3295 2562.611 1727.984 -32.7505 2561.715 1673.085 -24.3855 2562.162 1645.419 -42.6974 2558.407 1649.174 -41.2236 2558 1646.871 -29.1449 2562.363 1646.845 -29.1987 2562.36 1641.361 -27.2364 2566.53 1611.091 -21.2548 2579.715 1611 -44.638 2569.381 1615.014 -1.3683 2577.191 1609.087 -46.046 2431.087 1615.382 17.8512 2424.312 1613.351 -20.9224 2422.511 1641.361 -27.2364 2433.469 1646.845 -29.1987 2437.64 1611 -81.3589 2513.674 1620.667 -75.1932 2520.112 1611 -82.5 2500 1609.087 -81.2881 2483.831 1609.087 -68.9127 2453.954 1889.833 -52 2519.948 1836.685 -52 2551.553 1756.912 -59 2510.088 1833.174 -37.4461 2559.03 1781.275 -58.8393 2500 1785.63 -52.8 2503.833 1656.087 -29.7994 2442 1646.871 -29.1449 2437.637 1673.085 -24.3855 2437.838 1702.355 -14.3295 2437.389 1726.841 -30.8046 2438.102 1664.422 -24.7604 2441.031 1702.939 -13.8802 2562.638 1729.656 -32.5 2561.832 1677.802 -20.1562 2562.949 1667.638 -15.8373 2564.263 1670.61 -26.0127 2560.364 1653.63 -32.6634 2558 1651.196 -23.93 2562.382 1646.871 -29.1449 2562.363 1611 -32.5209 2575.82 1609.087 -46.046 2568.913 1615.382 17.8512 2575.687 1611 -19.5042 2580.161 1609.087 -31.717 2423.428 1609.087 -58.6054 2441.394 1610.896 18.4939 2419.599 1621.844 17.5 2426.949 1612.221 -21.0886 2421.398 1644.474 -28.374 2434.994 1609.087 -82.8806 2500 1892.97 -52 2509.382 1842 -52 2551.826 1840.525 -42.4799 2555.649 1810.7 -42.6489 2555.26 1781.266 -59 2500 1781.262 -58.8209 2499.369 1785.63 -52.8 2496.166 1653.769 -26.6387 2441.031 1651.338 -23.8287 2437.627 1675.812 -22.3513 2437.181 1679.018 -17.6244 2436.86 1729.656 -32.5 2438.167 1664.76 -22.0424 2438.925 1663.325 -28.5231 2442 1702.935 -13.8826 2562.638 1702.947 -13.8742 2562.638 1755.008 -32.5 2562.958 1678.146 -19.6423 2562.984 1677.289 -20.4998 2562.944 1666.164 -19.2777 2563.359 1665.144 -22.1859 2561.035 1656.087 -29.7994 2558 1653.766 -26.6345 2558.971 1644.474 -28.374 2565.006 1609.087 -31.717 2576.572 1609.087 -58.6054 2558.605 1621.844 17.5 2573.051 1610.896 18.4939 2580.401 1610.558 -0.5471 2582.518 1611.091 -21.2548 2579.715 1607.464 -32.1318 2422.427 1611 -32.5209 2424.18 1610.558 -0.4933 2417.482 1615.522 20.6326 2424.819 1611 -19.5042 2419.839 1641.385 -27.1773 2433.463 1646.871 -29.1449 2437.637 1612.649 -79.7677 2478.944 1893.802 -52 2498.392 1842 -41.3428 2556.102 1836.685 -52 2551.553 1782.53 -55.4446 2499.453 1658.877 -24.4577 2441.031 1674.482 -21.6352 2437.004 1675.836 -20.8958 2437.002 1679.531 -17.2809 2436.859 1702.939 -13.8802 2437.362 1755.008 -32.5 2437.042 1666.613 -30.3741 2442 1659.557 -28.3174 2442 1702.933 -13.8833 2562.638 1702.937 -13.877 2562.638 1702.942 -13.8699 2562.639 1702.96 -13.861 2562.639 1770.386 -27.9994 2564.452 1678.268 -19.035 2563.043 1677.54 -19.644 2562.835 1677.286 -19.8938 2562.824 1676.683 -20.6209 2562.971 1657.569 -14.4263 2565.62 1656.754 -21.4932 2561.883 1641.361 -27.2364 2566.53 1611 -32.5209 2575.82 1607.464 -46.6482 2569.814 1611 -64.8666 2550.976 1607.464 -46.6482 2430.186 1607.464 -16.3807 2417.649 1611.733 -41.2876 2428.574 1621.853 20.2441 2427.363 1611 20.7501 2420.152 1611.656 -21.1716 2420.842 1646.055 -20.1047 2433.173 1646.845 -29.1987 2437.64 1649.961 -21.4614 2434.799 1609.087 -81.2881 2516.169 1607.464 -82.3511 2483.619 1892.29 -52 2487.474 1842 -52 2551.826 1848.043 -36.8282 2557.456 1657.821 -21.3103 2438.222 1673.558 -21.663 2436.998 1674.814 -21.5582 2437.014 1675.479 -21.9163 2437.102 1676.095 -20.0291 2436.919 1679.014 -17.0209 2436.99 1679.874 -16.767 2436.832 1702.935 -13.8826 2437.362 1702.947 -13.8742 2437.362 1769.604 -28.0208 2435.587 1702.934 -13.8802 2562.638 1702.932 -13.8832 2562.638 1702.954 -13.8551 2562.64 1702.986 -13.833 2562.641 1780.359 -32.5 2564.082 1678.269 -15.0388 2563.43 1677.697 -19.3237 2562.86 1676.964 -20.0456 2562.828 1676.682 -20.3413 2562.954 1675.443 -20.6213 2563.059 1657.834 -18.2712 2564.429 1674.865 -13.5936 2563.804 1658.876 -24.4526 2558.971 1649.961 -21.4615 2565.201 1641.385 -27.1773 2566.537 1611.732 -41.2819 2571.429 1611 -19.5042 2580.161 1607.464 -32.1318 2577.573 1607.464 -59.3718 2559.372 1609.087 -68.9127 2546.046 1609.087 -58.6054 2441.394 1606.381 -32.7526 2420.928 1606.381 -16.6971 2416.058 1609.087 -16.1692 2418.712 1616.077 34.3031 2428.794 1611.03 21.3435 2420.309 1610.896 18.4939 2419.599 1611.373 -21.2132 2420.563 1631.632 -23.7309 2430.35 1611 -77.9671 2526.97 1607.464 -83.9645 2500 1607.464 -77.5731 2467.868 1888.504 -52 2477.123 1847.706 -52 2551.511 1855.76 -30.9767 2558.213 1673.441 -21.665 2437.001 1674.484 -21.3506 2437.011 1674.98 -21.5197 2437.019 1675.146 -21.4814 2437.024 1675.818 -20.0259 2436.948 1678.413 -17.7456 2436.833 1678.693 -17.1727 2436.984 1679.269 -16.771 2436.982 1679.996 -16.1595 2436.783 1702.933 -13.8833 2437.362 1702.937 -13.877 2437.362 1702.942 -13.8699 2437.361 1702.96 -13.861 2437.361 1702.986 -13.833 2437.359 1780.359 -32.5 2435.917 1657.834 -18.2712 2435.57 1653.63 -32.6634 2442 1702.933 -13.8814 2562.638 1702.932 -13.8816 2562.638 1702.976 -13.8248 2562.642 1811.368 -28.2996 2565.078 1703.034 -13.7752 2562.645 1678.15 -14.4366 2563.489 1677.991 -19.0319 2563.012 1674.847 -20.5035 2563.116 1674.354 -13.9384 2563.817 1666.858 -5.1819 2565.046 1647.989 -18.4037 2566.703 1659.557 -28.3174 2558 1631.632 -23.7309 2569.649 1609.087 -16.1692 2581.288 1606.381 -47.5494 2571.163 1609.087 -58.6054 2558.605 1606.381 -60.5189 2560.519 1611 -72.4185 2539.52 1607.464 -59.3718 2440.628 1606.381 -47.5494 2428.837 1606.381 0 2414.414 1607.464 0 2416.036 1609.087 0 2417.119 1611.897 35.562 2425.558 1621.386 33.5112 2430.842 1611.232 -21.2339 2420.424 1641.361 -27.2364 2433.469 1621.903 -20.2255 2427.231 1652.797 -15.6586 2433.788 1612.649 -79.7677 2521.056 1609.087 -76.5717 2531.717 1607.464 -82.3511 2516.381 1606.381 -83.9421 2483.303 1606.381 -79.0717 2467.248 1609.087 -76.5717 2468.283 1882.614 -52 2467.806 1824.584 -34.6268 2562.096 1851.812 -33.7733 2558.033 1672.832 -21.5546 2436.997 1673.567 -21.3732 2436.99 1675.146 -21.4812 2437.024 1675.063 -21.5005 2437.021 1675.524 -20.3158 2437.101 1675.819 -17.7613 2436.701 1676.096 -17.7641 2436.673 1678.411 -17.4662 2436.854 1679.426 -16.4503 2436.963 1679.996 -15.0993 2436.689 1679.718 -16.1568 2436.814 1702.932 -13.8832 2437.362 1702.934 -13.8802 2437.362 1702.954 -13.8551 2437.36 1703.034 -13.7752 2437.355 1811.642 -28.3116 2434.934 1666.164 -19.2777 2436.641 1675.752 -38.7485 2442 1703.019 -13.7635 2562.646 1782.137 -32.7349 2564.058 1856 0 2567.013 1703.128 -13.6575 2562.652 1702.612 -12.3777 2562.701 1678.268 -19.035 2563.043 1677.741 -19.0187 2562.889 1676.674 -20.0845 2562.842 1675.442 -20.3416 2563.042 1674.343 -20.167 2563.195 1674.011 -14.454 2563.802 1674.884 -14.1371 2563.569 1680.085 -10.3559 2563.654 1650.452 -8.7486 2567.166 1663.325 -28.5231 2558 1664.423 -24.7554 2558.971 1610.558 -0.5471 2582.518 1607.464 -16.3807 2582.351 1606.381 -32.7526 2579.072 1607.464 -69.8139 2546.648 1606.381 -71.1626 2547.549 1612.505 -71.524 2541.116 1609.087 -68.9127 2453.954 1606 -33.4848 2419.161 1606 -17.0704 2414.181 1609.087 16.1692 2418.712 1611.03 21.3435 2420.309 1620.825 47.4922 2438.114 1611.091 -21.2547 2420.285 1609.087 -76.5717 2531.717 1606.381 -85.5866 2500 1606.381 -71.1626 2452.451 1607.464 -69.8139 2453.352 1842.957 -52 2453.31 1833.021 -29.6385 2562.971 1827.555 -38.7468 2558.087 1853.721 -32.2397 2558.219 1672.331 -21.2262 2436.937 1673.45 -21.3751 2436.991 1674.482 -21.0867 2437.119 1675.035 -21.2257 2437.033 1675.146 -21.4812 2437.024 1675.367 -20.6362 2437.127 1675.567 -20.0121 2437.069 1675.567 -18.8357 2436.937 1676.114 -17.7463 2436.672 1678.404 -17.2114 2436.97 1679.719 -15.0968 2436.72 1679.877 -14.497 2436.631 1702.932 -13.8816 2437.362 1702.933 -13.8814 2437.362 1702.933 -13.8814 2437.362 1702.976 -13.8248 2437.358 1703.019 -13.7635 2437.354 1703.128 -13.6575 2437.348 1856 0 2432.987 1782.129 -32.7329 2435.941 1668.514 -17.343 2436.01 1670.61 -26.0127 2439.635 1649.174 -41.2236 2442 1795.423 -33.9722 2563.781 1772.697 16.9961 2568.773 1703.105 -13.6401 2562.654 1703.314 -13.42 2562.667 1681.545 -10.1859 2563.573 1677.992 -15.0363 2563.4 1677.742 -15.0257 2563.278 1677.549 -18.9973 2562.688 1675.434 -20.0847 2562.931 1676.661 -19.8821 2562.649 1671.725 -19.0943 2563.541 1674.774 -19.8544 2563.008 1675.084 -20.0264 2562.965 1674.619 -14.3754 2563.57 1673.89 -15.0615 2563.758 1675.212 -14 2563.553 1675.471 -13.472 2563.766 1680.182 -10.0964 2563.615 1666.135 -4.6037 2565.144 1621.869 -10.8919 2573.529 1666.613 -30.3741 2558 1670.61 -26.0127 2560.364 1621.903 -20.2255 2572.769 1609.087 0 2582.881 1607.464 0 2583.964 1606 -33.4848 2580.839 1606 -61.8718 2561.872 1609.087 -68.9127 2546.046 1606 -72.7536 2548.612 1606.381 -60.5189 2439.481 1606 -48.6124 2427.246 1606 0 2412.5 1606.381 16.6971 2416.058 1607.464 16.3807 2417.649 1610.896 18.4939 2419.599 1612.828 49.9547 2434.343 1621.869 -10.8919 2426.471 1660.487 -14.2818 2434.76 1607.464 -77.5731 2532.132 1606.381 -83.9421 2516.697 1606 -87.5 2500 1606 -80.8395 2466.515 1606 -72.7536 2451.387 1874.888 -52 2459.946 1856 -30.8939 2558.184 1858.47 -52 2549.14 1672.801 -20.8707 2437.042 1673.105 -21.041 2437.075 1673.576 -21.0997 2437.086 1674.624 -21.0758 2437.126 1675.133 -20.3926 2437.56 1675.374 -19.9892 2437.269 1675.568 -17.749 2436.822 1676.097 -17.7569 2436.672 1676.112 -17.4669 2436.693 1677.226 -17.2116 2436.889 1678.391 -17.0122 2437.167 1679.469 -16.1456 2436.938 1702.612 -12.3777 2437.299 1679.47 -15.0862 2436.844 1702.942 -13.8699 2437.361 1703.105 -13.6401 2437.346 1703.314 -13.42 2437.333 1772.697 16.9961 2431.226 1833.132 -29.6474 2437.047 1795.423 -33.9722 2436.218 1669.01 -17.6823 2436.101 1783.717 -33.5285 2563.817 1856 -30.8939 2558.184 1716.064 0.6124 2563.463 1815.393 17.5574 2572.017 1703.276 -13.3924 2562.669 1703.685 -12.9444 2562.696 1702.87 -10.4259 2562.79 1680.835 -10.4528 2563.6 1678.269 -15.0388 2563.43 1677.549 -15.0084 2563.077 1677.378 -19.2733 2562.409 1675.42 -19.8821 2562.738 1676.948 -19.6998 2562.388 1674.006 -19.6623 2563.279 1674.541 -19.5886 2563.057 1674.447 -14.6887 2563.557 1675.465 -13.7431 2563.695 1676.709 -13.4716 2563.671 1666.952 -4.9232 2564.996 1665.861 -3.7092 2565.199 1621.864 -9.7252 2573.624 1653.63 -32.6634 2558 1668.501 -28.3144 2558.459 1610.568 0 2582.519 1606.381 -16.6971 2583.942 1606.381 0 2585.586 1606 -48.6124 2572.753 1606 -17.0704 2585.819 1606.381 -79.0717 2532.752 1612.649 -79.7677 2521.056 1606 -61.8718 2438.128 1606 -26.5305 2416.062 1606 -45.0558 2424.31 1606 -10.1393 2412.531 1606 17.0704 2414.181 1607.464 32.1318 2422.427 1611 20.7501 2420.152 1611.897 35.562 2425.558 1613.354 62.2555 2445.866 1650.452 -8.7408 2432.833 1606 -85.8187 2482.929 1865.675 -52 2453.897 1855.77 -31.0688 2558.178 1795.66 -39.5715 2560.039 1672.009 -20.729 2436.823 1672.576 -20.6073 2436.986 1673.46 -21.1007 2437.085 1674.476 -20.8769 2437.311 1674.929 -20.9896 2437.138 1675.113 -20.8864 2437.139 1674.843 -20.8012 2437.325 1675.374 -17.7286 2437.021 1675.581 -17.6274 2436.811 1676.1 -17.7506 2436.672 1676.106 -17.7472 2436.672 1678.679 -16.834 2437.43 1679.278 -16.1272 2437.14 1679.314 -14.531 2436.786 1679.538 -13.9891 2436.568 1679.446 -14.861 2436.823 1703.276 -13.3924 2437.331 1703.685 -12.9444 2437.303 1716.064 0.6124 2436.537 1815.393 17.5574 2427.983 1824.584 -34.6268 2437.904 1856 -30.8939 2441.815 1783.715 -33.5268 2436.182 1668.193 -16.8171 2435.903 1668.956 -17.0042 2436.183 1784.281 -34.1836 2563.565 1709.131 -6.4095 2563.063 1733.206 10.9302 2564.708 1836.29 17.5513 2572.286 1703.619 -12.8962 2562.7 1704.435 -11.9974 2562.753 1682.049 -9.6172 2563.575 1680.9 -9.906001 2563.441 1677.812 -13.929 2563.555 1677.718 -14.8011 2563.3 1677.437 -14.9865 2562.823 1677.54 -19.644 2562.835 1677.438 -18.97 2562.434 1676.644 -19.7589 2562.398 1677.286 -19.8938 2562.824 1676.644 -19.7589 2562.398 1673.888 -19.0627 2563.356 1674.16 -15.0552 2563.687 1675.453 -13.9731 2563.536 1675.471 -13.472 2563.766 1680.546 -9.9318 2563.461 1676.924 -8.559801 2563.789 1666.129 -3.7073 2565.12 1665.861 -1.622 2565.237 1666.72 -4.5107 2564.893 1621.86 -8.5585 2573.719 1675.752 -38.7485 2558 1666.613 -30.3741 2558 1609.087 16.1692 2581.288 1607.464 16.3807 2582.351 1606 -45.0558 2575.689 1606 -26.5305 2583.937 1606 -58.5417 2565.721 1606 -70.1597 2553.571 1606 -80.8395 2533.485 1606 -29.9746 2416.748 1606 -23.6107 2414.111 1606 -58.5417 2434.279 1606 -48.5 2424.995 1606 -42.136 2422.359 1606 -13.5834 2411.846 1606 -6.6951 2411.846 1606 10.1393 2412.531 1606.381 32.7526 2420.928 1609.087 31.717 2423.428 1611 45.4453 2431.145 1611 56.1115 2439.52 1620.521 59.3844 2448.577 1621.864 -9.7252 2426.375 1666.762 -5.8608 2434.968 1606 -85.8187 2517.07 1606 -88.6851 2496.556 1606 -85.8803 2479.833 1606 -101.1964 2455.736 1606 -64.9057 2436.915 1855.39 -52 2449.933 1824.746 -39.3972 2557.616 1784.197 -36.5 2562.387 1673.471 -20.878 2437.271 1673.585 -20.8783 2437.273 1674.787 -20.6835 2437.571 1675.262 -19.9602 2437.522 1675.643 -17.4734 2436.8 1676.104 -17.2118 2436.809 1676.089 -17.0122 2437.005 1678.374 -16.8932 2437.419 1679.014 -17.0209 2436.99 1679.278 -15.069 2437.046 1679.107 -16.4074 2437.416 1702.87 -10.4259 2437.209 1703.619 -12.8962 2437.3 1704.435 -11.9974 2437.247 1733.206 10.9302 2435.291 1709.131 -6.4095 2436.936 1772.213 20.9993 2429.963 1836.29 17.5513 2427.714 1855.76 -30.9767 2441.787 1827.555 -38.7468 2441.913 1784.279 -34.1796 2436.433 1668.089 -16.1904 2435.818 1668.727 -16.7303 2436.127 1669.26 -17.1757 2436.231 1671.911 -20.1286 2436.682 1784.547 -34.9641 2563.218 1705.969 -10.1215 2562.862 1714.821 1.983 2563.63 1752.932 15.4747 2566.685 1815.219 24.6942 2575.956 1856 17.5198 2570.429 1704.309 -11.9027 2562.761 1681.226 -9.7636 2563.429 1682.231 -8.8774 2563.606 1677.306 -13.5903 2563.618 1677.587 -14.4711 2563.337 1677.378 -14.6864 2562.856 1677.206 -19.5292 2562.392 1675.103 -19.7006 2562.52 1675.402 -19.7585 2562.487 1674.158 -19.0549 2563.287 1673.89 -15.0615 2563.758 1674.389 -15.041 2563.53 1676.691 -13.9729 2563.442 1675.435 -14.134 2563.307 1676.703 -13.7427 2563.601 1680.261 -9.8626 2563.482 1667.024 -4.6929 2564.854 1666.128 -1.6211 2565.159 1666.493 -4.236 2564.926 1666.13 -0.7325 2565.216 1621.851 -6.2251 2573.909 1649.174 -41.2236 2558 1610.896 18.4939 2580.401 1606.381 16.6971 2583.942 1606 -48.5 2575.005 1606 -42.136 2577.641 1606 -23.6107 2585.889 1606 -29.9746 2583.252 1606 -61.4615 2563.77 1606 -56.5908 2568.641 1606 -69.4746 2557.015 1606 -72.1107 2550.651 1606 -80.29901 2536.009 1606 -33.4188 2416.062 1606 -21.6597 2411.192 1606 -61.4615 2436.23 1606 -56.5908 2431.359 1606 -51.9442 2424.31 1606 -40.1851 2419.439 1606 -16.5032 2409.895 1606 -3.7753 2409.895 1606 6.6951 2411.846 1606 13.5834 2411.846 1606 33.4848 2419.161 1606.381 47.5494 2428.837 1607.464 46.6482 2430.186 1611 33.551 2424.63 1611 65.2615 2449.53 1624.586 58.4155 2449.836 1620.351 68.4075 2461.548 1621.86 -8.5585 2426.281 1666.257 -5.5195 2434.9 1672.096 -10.6388 2435.745 1606 -88.6851 2503.444 1606 -88 2500 1606 -88.5164 2486.196 1606 -86.5654 2483.277 1606 -86.5654 2476.388 1606 -90.8226 2437.141 1606 -91.4362 2471.518 1606 -68.3498 2436.23 1843.768 -52 2452.768 1862.357 -17.8444 2560.591 1824.044 -39.5597 2557.498 1780.425 -41.8803 2557.612 1672.194 -20.1141 2436.731 1673.184 -20.6702 2437.517 1673.592 -20.7382 2437.527 1674.467 -20.7478 2437.564 1675.261 -17.7026 2437.275 1675.29 -17.4891 2437.256 1675.769 -17.3284 2436.795 1675.581 -17.6274 2436.811 1675.843 -17.2791 2436.796 1675.992 -17.2235 2436.802 1678.936 -16.6633 2437.428 1679.167 -15.0471 2437.3 1679.269 -16.771 2436.982 1679.167 -16.104 2437.394 1679.08 -14.2644 2436.748 1679.032 -13.6503 2436.507 1704.309 -11.9027 2437.239 1705.969 -10.1215 2437.138 1731.333 15.5859 2434.036 1752.932 15.4747 2433.315 1714.821 1.983 2436.37 1815.219 24.6942 2424.044 1836.393 24.6964 2423.775 1856 17.5198 2429.571 1833.174 -37.4461 2440.97 1856 -30.8939 2441.815 1795.66 -39.5715 2439.961 1784.547 -34.9617 2436.781 1668.09 -16.0365 2435.803 1668.358 -16.1827 2435.893 1669.615 -17.4979 2436.159 1671.915 -20.0106 2436.656 1714.635 3.4168 2563.754 1708.54 -5.9225 2563.108 1731.333 15.5859 2565.964 1836.393 24.6964 2576.225 1772.213 20.9993 2570.037 1856.808 24.6519 2574.293 1705.703 -9.9136 2562.879 1681.954 -8.8757 2563.573 1703.386 -6.5222 2562.97 1677.352 -14.2044 2563.376 1674.774 -19.8544 2563.008 1674.41 -19.2594 2563.104 1674.388 -15.4442 2563.493 1674.549 -15.0207 2563.302 1675.11 -14.266 2563.06 1676.709 -13.4716 2563.671 1680.312 -9.6833 2563.274 1667.066 -4.5192 2564.637 1666.353 -1.6191 2564.993 1666.371 -3.9008 2564.948 1621.834 -1.5583 2574.289 1666.708 -4.1362 2564.426 1611 20.7501 2579.848 1609.087 31.717 2576.572 1606 0 2587.5 1607.464 32.1318 2577.573 1606 17.0704 2585.819 1606 -51.9442 2575.689 1606 -40.1851 2580.56 1606 -21.6597 2588.808 1606 -33.4188 2583.937 1606 -64.9057 2563.085 1606 -55.9057 2572.085 1606 -75.0305 2548.7 1606 -79.6139 2539.454 1606 -82.2499 2533.089 1606 -39.5 2415.996 1606 -55.9057 2427.915 1606 -1.8243 2406.976 1606 3.7753 2409.895 1606 16.5032 2409.895 1606 26.5305 2416.062 1609.087 46.046 2431.087 1611.03 21.3435 2420.309 1609.087 58.6054 2441.394 1613.24 71.9524 2459.638 1623.681 46.8167 2438.911 1621.851 -6.2251 2426.091 1666.786 -5.2977 2435.139 1665.919 -5.0078 2434.845 1667.36 -5.9811 2435.036 1671.976 -11.2467 2435.775 1606 -85.8803 2520.167 1606 -88.5164 2513.803 1606 -90.636 2493.636 1606 -88.5164 2473.468 1606 -71.2696 2434.279 1606 -94.8803 2470.832 1844.31 -52 2451.957 1856 -15.447 2562.599 1866.031 -33.1102 2553.98 1823.341 -39.7223 2557.381 1795.867 -43.5116 2554.575 1672.456 -20.275 2436.915 1672.801 -20.8707 2437.042 1673.48 -20.7362 2437.524 1675.643 -17.4734 2436.8 1675.992 -17.2235 2436.802 1676.071 -16.8928 2437.258 1679.108 -14.7469 2437.268 1679.686 -8.0644 2436.191 1714.635 3.4168 2436.246 1705.703 -9.9136 2437.121 1741.402 20.6726 2431.614 1708.54 -5.9225 2436.892 1771.649 24.3024 2427.388 1856.808 24.6519 2425.707 1824.746 -39.3972 2442.384 1784.197 -36.5 2437.613 1668.089 -16.1904 2435.818 1668.602 -16.3836 2436.078 1669.611 -17.2297 2436.267 1669.613 -17.7869 2436.153 1672.198 -19.9964 2436.708 1669.613 -17.7869 2436.153 1702.355 -14.3295 2562.611 1733.206 10.9302 2564.708 1802.049 26.6736 2578.408 1772.697 16.9961 2568.773 1771.649 24.3024 2572.612 1681.705 -8.869001 2563.449 1682.231 -7.4297 2563.679 1677.042 -14.0316 2563.412 1677.208 -14.4336 2562.889 1674.85 -19.5331 2562.56 1674.548 -19.012 2562.904 1674.387 -19.0373 2563.13 1674.682 -14.6941 2563.06 1676.674 -14.1339 2563.213 1674.884 -14.1371 2563.569 1675.414 -14.2058 2563.037 1680.706 -9.6301 2562.992 1666.411 -1.2662 2564.991 1666.353 -3.7032 2564.955 1666.507 -3.6975 2564.723 1621.837 3.2063 2573.979 1606 -20.9746 2592.252 1606.381 32.7526 2579.072 1606 -39.5 2584.004 1606 -70.1597 2560.459 1606 -80.29901 2542.897 1606 -86.5654 2523.612 1606 -36.3386 2414.111 1606 -20.9746 2407.748 1606 -56.5908 2424.471 1606 1.8243 2406.976 1606 21.6597 2411.192 1606 48.6124 2427.246 1606 23.6107 2414.111 1606 29.9746 2416.748 1606.381 60.5189 2439.481 1607.464 59.3718 2440.628 1609.087 68.9127 2453.954 1611 72.6481 2460.904 1644.835 48.2919 2447.392 1621.386 33.5112 2430.842 1624.026 67.4075 2462.79 1620.391 73.9377 2476.261 1621.834 -1.5583 2425.711 1666.522 -5.0615 2435.102 1667.356 -5.7035 2435.075 1665.801 -4.403 2434.813 1672.438 -10.123 2435.743 1669.066 -13.656 2435.683 1606 -86.5654 2516.723 1606 -90.636 2506.364 1606 -91.4362 2488.147 1606 -73.2206 2431.359 1606 -98.3245 2471.518 1844.5 -52 2451 1856 0 2567.013 1867.123 -27.7692 2555.455 1868.711 -42.6614 2548.762 1821.936 -40.0475 2557.145 1776.756 -45.257 2551.185 1810.7 -42.6489 2555.26 1672.441 -20.0792 2436.875 1672.619 -20.0283 2437.095 1672.935 -20.5017 2437.485 1675.506 -17.1216 2437.236 1675.851 -16.9231 2437.244 1678.769 -14.0915 2436.714 1678.938 -14.4939 2437.236 1676.097 -11.2279 2436.118 1703.386 -6.5222 2437.03 1702.355 -14.3295 2437.389 1751.746 24.1564 2428.229 1790.009 25.6689 2424.307 1802.049 26.6736 2421.592 1856 17.5198 2429.571 1824.044 -39.5597 2442.501 1780.418 -41.8882 2442.397 1668.358 -16.0291 2435.878 1668.584 -16.1661 2436.055 1668.74 -16.1427 2436.285 1669.601 -17.0174 2436.463 1669.679 -17.2286 2436.272 1671.106 -17.7477 2436.265 1671.915 -20.0106 2436.656 1671.973 -18.3826 2436.41 1704.418 1.2851 2563.33 1729.68 17.8349 2566.357 1741.402 20.6726 2568.385 1836.269 27.6705 2583.828 1790.039 25.6669 2575.692 1752.932 15.4747 2566.685 1681.514 -8.8581 2563.246 1681.954 -7.4281 2563.647 1681.946 -6.5231 2563.736 1677.352 -14.2044 2563.376 1674.681 -19.2816 2562.601 1674.619 -14.3754 2563.57 1674.622 -14.9967 2563.034 1674.853 -14.4375 2563.068 1680.9 -9.906001 2563.441 1680.329 -9.5803 2563.014 1667.071 -4.4235 2564.374 1666.506 -1.6164 2564.761 1666.583 -0.9534 2564.975 1666.848 -0.1484 2565.14 1666.571 -3.6908 2564.451 1611 33.551 2575.37 1609.087 46.046 2568.913 1606 -21.6597 2595.697 1606 20.9746 2592.252 1607.464 46.6482 2569.814 1606 33.4848 2580.839 1606 -56.5908 2575.529 1606 -36.3386 2585.889 1606 -68.3498 2563.77 1606 -78.4746 2548.015 1606 -85.1698 2531.138 1606 -40.1851 2412.552 1606 -18.4542 2406.976 1606 -54.864 2422.359 1606 -1.1393 2403.531 1606 20.9746 2407.748 1606 45.0558 2424.31 1606 61.8718 2438.128 1606 33.4188 2416.062 1612.446 78.664 2475.135 1645.181 59.3281 2461.416 1642.915 33.799 2437.152 1620.391 73.9377 2476.261 1612.446 78.664 2475.135 1665.983 -2.4864 2434.789 1667.36 -5.9811 2435.036 1667.112 -5.4317 2435.179 1665.801 -3.23 2434.783 1666.351 -4.749 2435.073 1672.703 -10.5643 2435.983 1672.949 -9.7783 2435.767 1669.671 -13.5341 2435.732 1668.554 -14.0016 2435.661 1606 -91.4362 2511.852 1606 -93.5559 2491.685 1606 -73.9057 2427.915 1606 -101.2443 2473.468 1844.5 -52 2448.234 1867.81 17.4186 2566.989 1868.772 -17.8444 2558.042 1868.489 -52 2544.546 1816.318 -41.3482 2556.202 1801.956 -43.9959 2551.873 1808.514 -42.9857 2554.413 1813.509 -41.9986 2555.731 1672.768 -20.2567 2437.429 1675.769 -17.3284 2436.795 1675.843 -17.2791 2436.796 1678.429 -13.8026 2436.527 1679.08 -14.2644 2436.748 1675.978 -10.6244 2436.069 1678.434 -13.5315 2436.457 1681.259 -5.8605 2436.195 1704.418 1.2851 2436.669 1729.68 17.8349 2433.643 1771.074 26.4959 2423.822 1836.269 27.6705 2416.172 1823.341 -39.7223 2442.619 1795.867 -43.5116 2445.424 1668.09 -16.0365 2435.803 1668.868 -16.4132 2436.592 1669.287 -16.8287 2436.691 1671.104 -17.4681 2436.285 1672.242 -18.3748 2436.481 1672.444 -19.9627 2436.854 1671.106 -17.7477 2436.265 1708.679 17.5 2563.498 1731.333 15.5859 2565.964 1739.878 24.1194 2569.409 1858.31 27.6153 2581.736 1814.268 27.6631 2583.516 1751.746 24.1564 2571.771 1771.074 26.4959 2576.177 1681.705 -7.4223 2563.521 1681.314 -9.2141 2562.98 1681.198 -5.9475 2563.805 1676.955 -14.2649 2562.92 1674.622 -18.9822 2562.637 1676.654 -14.2059 2562.943 1681.062 -9.4975 2562.979 1666.706 -1.1703 2564.481 1666.944 -0.4045 2565.08 1621.838 5.5886 2573.825 1606 0 2610.454 1606 21.6597 2595.697 1606 21.6597 2588.808 1606.381 47.5494 2571.163 1606 26.5305 2583.937 1606 -54.864 2577.641 1606 -40.1851 2587.448 1606 -72.1107 2563.379 1606 -82.2499 2545.817 1606 -88.5164 2526.531 1606 -38.2896 2411.192 1606 -21.6597 2404.303 1606 -58.5417 2421.551 1606 1.1393 2403.531 1606 18.4542 2406.976 1606 48.5 2424.995 1606 42.136 2422.359 1606 58.5417 2434.279 1606 39.5 2415.996 1606.381 71.1626 2452.451 1607.464 69.8139 2453.352 1609.087 76.5717 2468.283 1611 78.0715 2473.333 1663.765 45.1201 2447.873 1662.215 32.532 2439.345 1621.853 20.2441 2427.363 1644.008 65.7277 2477.206 1622.14 73.3132 2476.684 1621.837 3.2063 2426.02 1675.172 -5.9811 2435.766 1667.32 -5.2695 2435.414 1667.342 -5.4562 2435.206 1666.068 -4.4007 2434.891 1672.531 -10.8779 2435.988 1672.967 -10.326 2435.991 1675.666 -7.3677 2435.865 1671.975 -13.5156 2435.945 1668.211 -14.5183 2435.672 1669.079 -14.1997 2435.92 1606 -93.5559 2508.315 1606 -94.8803 2488.832 1606 -77.0736 2420.882 1606 -107.8094 2475.976 1856 17.5198 2570.429 1870.029 -22.9111 2555.767 1872.045 -45.6397 2545.116 1793.212 -45.3429 2548.485 1806.328 -43.3224 2553.566 1672.706 -19.9682 2437.363 1678.418 -14.0328 2436.686 1678.684 -14.3251 2437.206 1675.64 -10.1154 2436.011 1676.097 -13.4906 2436.284 1681.769 -5.5176 2436.213 1679.122 -6.851 2436.096 1708.679 17.5 2436.501 1731.333 15.5859 2434.036 1770.561 27.3077 2419.707 1784.104 26.5325 2422.637 1814.268 27.6631 2416.484 1858.31 27.6153 2418.264 1821.936 -40.0475 2442.855 1810.7 -42.6489 2444.74 1776.756 -45.257 2448.815 1668.359 -15.1197 2435.791 1668.584 -16.0131 2436.04 1668.808 -16.1152 2436.554 1669.036 -16.6622 2436.644 1671.077 -17.0122 2436.595 1669.586 -16.8887 2436.721 1668.956 -17.0042 2436.183 1671.094 -17.2125 2436.4 1671.925 -17.7474 2436.338 1672.454 -19.4915 2436.776 1671.973 -18.3826 2436.41 1682.105 11.6465 2563.686 1729.68 17.8349 2566.357 1751.893 27.5 2574.358 1855.666 27.7514 2586.932 1856.808 24.6519 2574.293 1827.802 27.7498 2586.847 1784.119 26.5315 2577.363 1681.514 -7.4128 2563.319 1681.404 -8.8443 2562.99 1681.683 -7.2034 2563.533 1681.552 -6.8713 2563.557 1681.22 0.6901 2563.956 1666.571 -1.6131 2564.489 1666.847 -0.7162 2564.948 1667.061 -0.7941 2564.707 1680.171 4.9096 2563.95 1666.485 10.9487 2564.838 1611 45.4453 2568.855 1609.087 58.6054 2558.605 1606 -21.1938 2608.401 1606 23.6107 2585.889 1607.464 59.3718 2559.372 1606 48.6124 2572.753 1606 29.9746 2583.252 1606 -58.5417 2578.449 1606 -38.2896 2588.808 1606 -71.2696 2565.721 1606 -81.9188 2548.7 1606 -88.6139 2530.453 1606 -42.136 2409.632 1606 -19.1393 2403.531 1606 -56.8149 2419.439 1606 -1.8243 2400.087 1606 21.6597 2404.303 1606 51.9442 2424.31 1606 40.1851 2419.439 1606 61.4615 2436.23 1606 56.5908 2431.359 1606 36.3386 2414.111 1606 72.7536 2451.387 1609.087 68.9127 2453.954 1612.063 81.53401 2487.412 1664.409 54.5815 2459.859 1641.784 17.8461 2432.171 1664.121 59.8497 2473.45 1620.241 77.3067 2500 1666.488 -1.9165 2434.835 1675.169 -5.7036 2435.804 1666.992 -5.1073 2435.635 1671.202 -5.4562 2435.592 1665.801 -4.403 2434.813 1666.292 -4.3959 2435.057 1672.244 -11.2417 2435.847 1675.327 -6.8565 2435.815 1673.553 -9.6568 2435.812 1673.547 -9.9293 2435.877 1671.956 -13.5334 2435.945 1668.815 -14.4385 2435.915 1668.091 -15.1267 2435.715 1669.664 -13.805 2435.803 1606 -94.8803 2511.167 1606 -97 2491 1606 -73.2206 2424.471 1606 -103.1952 2476.388 1878.861 17.2599 2561.574 1875.38 -48.6181 2541.469 1784.169 -45.6438 2548.356 1672.62 -19.9137 2437.075 1678.402 -14.1939 2436.915 1677.23 -14.0331 2436.602 1676.14 -13.5322 2436.291 1675.134 -9.7758 2435.95 1675.413 -10.6615 2436.216 1681.262 -5.2593 2436.361 1682.11 -5.0044 2436.215 1680.656 -5.9813 2436.162 1678.78 -7.3647 2436.096 1681.95 7.7382 2436.16 1739.878 24.1194 2430.591 1778.199 27.3962 2420.967 1855.587 27.7518 2413.055 1856.808 24.6519 2425.707 1816.318 -41.3482 2443.798 1813.509 -41.9986 2444.269 1808.514 -42.9857 2445.587 1801.956 -43.9959 2448.127 1668.091 -15.1267 2435.715 1668.584 -15.5799 2435.998 1668.741 -15.9904 2436.27 1671.054 -16.8918 2436.847 1671.914 -17.2124 2436.472 1671.923 -17.4679 2436.357 1672.47 -18.3573 2436.64 1672.242 -17.7883 2436.418 1681.765 11.1357 2563.725 1682.224 12.2504 2563.651 1734.026 39.2997 2567.353 1751.143 24.686 2572.372 1750.948 27.798 2574.036 1869.256 27.666 2583.673 1841.752 27.7796 2588 1869.047 24.5548 2570.75 1770.561 27.3077 2580.293 1778.199 27.3962 2579.033 1681.319 -6.6018 2563.582 1678.858 -0.2336 2564.099 1667.018 -0.629 2564.929 1667.066 -0.8798 2564.441 1670.34 0.7048 2564.599 1680.072 5.1665 2564.001 1673.46 2.509 2564.571 1621.838 6.7797 2573.748 1611 56.1115 2560.479 1611.897 35.562 2574.442 1606 -23.6107 2598.616 1606 21.1938 2608.401 1606.381 60.5189 2560.519 1606 61.8718 2561.872 1606 45.0558 2575.689 1606 33.4188 2583.937 1606 -56.8149 2580.56 1606 -42.136 2590.368 1606 -75.0305 2565.33 1606 -85.1698 2547.768 1606 -91.4362 2528.482 1606 -38.9747 2407.748 1606 -23.6107 2401.384 1606 -61.4615 2419.6 1606 1.8243 2400.087 1606 19.1393 2403.531 1606 55.9057 2427.915 1606 64.9057 2436.915 1606 40.1851 2412.552 1606.381 79.0717 2467.248 1607.464 77.5731 2467.868 1609.087 81.2881 2483.831 1611 81.3854 2486.484 1684.281 48.0981 2449.07 1674.304 29.2148 2438.417 1660.03 18.7281 2435.193 1621.844 17.5 2426.949 1651.385 65.3255 2486.488 1674.793 59.5578 2483.15 1666.85 9.1774 2435.094 1675.196 -5.9892 2435.769 1666.739 -4.9376 2435.6 1667.292 -5.1665 2435.673 1666.068 -3.2283 2434.862 1666.292 -3.2247 2435.027 1666.446 -4.3892 2435.289 1672.472 -11.2307 2436.008 1671.976 -11.2467 2435.775 1675.208 -6.2522 2435.78 1675.937 -6.908 2436.053 1676.172 -7.7088 2435.921 1673.553 -9.6568 2435.812 1673.295 -10.1891 2436.011 1671.974 -13.5229 2435.946 1668.643 -14.7521 2435.926 1668.09 -16.0365 2435.803 1669.671 -13.5341 2435.732 1669.406 -14.062 2435.941 1606 -97 2509 1606 -98.3245 2488.147 1606 -71.2696 2421.551 1606 -103.8803 2479.833 1880.516 24.4043 2565.203 1874.357 -19.2884 2554.638 1877.31 -52 2537.937 1775.941 -45.6008 2549.706 1672.706 -19.9682 2437.363 1676.134 -13.8032 2436.361 1675.179 -10.3944 2436.18 1677.666 -7.8288 2436.039 1675.82 -11.2261 2436.145 1676.101 -13.5064 2436.286 1680.941 -5.4152 2436.347 1681.513 -5.0053 2436.367 1682.231 -4.3968 2436.202 1680.653 -5.7038 2436.199 1679.242 -6.243 2436.079 1678.524 -6.8501 2436.243 1678.27 -7.7079 2436.076 1681.213 8.3216 2436.14 1682.227 6.8407 2436.151 1741.402 20.6726 2431.614 1734.026 39.2997 2432.647 1775.307 27.571 2419.297 1841.719 27.7796 2412 1869.256 27.666 2416.327 1869.047 24.5548 2429.25 1806.328 -43.3224 2446.434 1793.212 -45.3429 2451.515 1668.585 -15.1045 2435.954 1668.808 -15.9638 2436.539 1671.875 -16.892 2436.919 1671.897 -17.0122 2436.667 1671.943 -17.7517 2436.34 1672.471 -17.7714 2436.577 1672.63 -18.3325 2436.867 1671.973 -17.7959 2436.347 1681.47 11.5781 2563.529 1681.536 5.007 2563.92 1682.223 13.4066 2563.59 1750.675 39.5339 2573.947 1708.679 17.5 2563.498 1756.717 27.5 2576.283 1746.574 22.4145 2570.078 1750.403 28.6032 2573.859 1750.556 28.1162 2573.908 1873.165 27.6039 2581.3 1879.909 26.6308 2569.768 1681.404 -7.4008 2563.063 1681.101 -6.2045 2563.752 1681.262 -6.9492 2563.094 1681.953 1.2716 2563.917 1678.875 -0.2129 2564.098 1678.858 -5.0736 2563.991 1680.325 4.4219 2563.327 1680.252 4.6825 2563.808 1680.824 5.2701 2563.956 1675.347 4.8539 2564.322 1621.839 7.9709 2573.67 1612.826 49.9343 2565.672 1611.03 21.3435 2579.691 1611 65.2615 2550.469 1609.087 68.9127 2546.046 1606 -26.5305 2600.567 1606 23.6107 2598.616 1607.464 69.8139 2546.648 1606 58.5417 2565.721 1606 48.5 2575.005 1606 42.136 2577.641 1606 39.5 2584.004 1606 -61.4615 2580.4 1606 -38.9747 2592.252 1606 -73.2206 2568.641 1606 -84.8386 2550.651 1606 -92.0581 2531.138 1606 -45.0558 2407.68 1606 -18.4542 2400.087 1606 -57.5 2415.996 1606 3.7753 2397.167 1606 23.6107 2401.384 1606 56.5908 2424.471 1606 38.2896 2411.192 1606 80.8395 2466.515 1606 68.3498 2436.23 1609.087 76.5717 2468.283 1611 82.5 2500 1684.205 55.2964 2460.58 1674.811 29.5427 2438.52 1673.965 28.7217 2438.261 1673.847 28.1336 2438.081 1684.125 57.8184 2473.037 1651.097 66.6582 2500 1621.838 5.5886 2426.175 1673.462 6.5126 2435.538 1675.385 -5.5053 2435.956 1674.781 -5.4563 2435.905 1666.522 -5.0615 2435.102 1675.142 -5.2695 2436.144 1665.801 -3.23 2434.783 1666.446 -3.2197 2435.26 1666.57 -4.6829 2435.573 1672.631 -11.215 2436.237 1672.472 -12.3194 2436.086 1671.975 -13.5156 2435.945 1675.172 -5.9811 2435.766 1675.766 -6.5958 2436.027 1676.203 -7.1441 2436.085 1674.536 -9.656701 2435.894 1674.531 -9.929201 2435.959 1673.534 -10.1625 2436.031 1673.515 -10.328 2436.257 1671.97 -13.5291 2435.946 1671.956 -13.5334 2435.945 1669.649 -14.0346 2435.963 1669.626 -14.1948 2436.192 1606 -98.3245 2511.852 1606 -100.4442 2491.685 1606 -68.3498 2419.6 1606 -103.1952 2483.277 1890.888 24.2037 2557.809 1869.047 24.5548 2570.75 1879.025 -18.6886 2551.224 1874.875 -17.8444 2554.817 1876.97 -49.4195 2539.625 1775.533 -45.7728 2548.967 1672.705 -19.8558 2437.344 1676.105 -14.1941 2436.75 1678.384 -14.2661 2437.185 1676.122 -14.0333 2436.52 1676.124 -13.5285 2436.289 1674.868 -10.2213 2436.145 1676.773 -7.8289 2435.972 1676.097 -11.2279 2436.118 1675.545 -10.9921 2436.248 1675.819 -13.4885 2436.312 1676.111 -13.5194 2436.287 1681.954 -4.3957 2436.234 1682.23 -3.2406 2436.167 1681.666 -4.6822 2436.365 1679.268 -5.9812 2436.07 1679.242 -6.0013 2436.069 1678.273 -7.1044 2436.237 1678.676 -6.5268 2436.24 1681.191 14.9633 2436.462 1682.228 5.3143 2436.122 1751.893 27.5 2425.642 1708.679 17.5 2436.501 1750.675 39.5339 2426.053 1827.786 27.7497 2413.156 1873.16 27.6041 2418.695 1879.918 26.6285 2430.243 1775.125 -45.9448 2451.773 1668.741 -15.0831 2436.183 1668.808 -15.058 2436.453 1671.918 -17.2124 2436.472 1672.128 -17.2558 2436.495 1672.63 -17.7472 2436.804 1671.969 -17.7777 2436.345 1672.471 -17.7631 2436.577 1681.642 11.89 2563.506 1681.205 11.3422 2563.553 1682.045 4.4375 2563.9 1681.258 10.795 2563.763 1682.102 14.0144 2563.56 1750.403 28.6032 2573.859 1719.902 39.1227 2564.249 1750.675 39.5339 2573.947 1761.696 27.6406 2578.426 1751.746 24.1564 2571.771 1750.437 28.3446 2573.87 1875.606 27.503 2577.443 1876.146 27.4659 2576.028 1775.307 27.571 2580.703 1681.198 -5.9475 2563.805 1681.01 -6.4262 2563.608 1680.935 -6.5855 2563.39 1682.229 2.1674 2563.903 1678.859 -0.2267 2564.099 1678.881 -5.1009 2563.989 1680.306 4.513 2563.592 1680.578 4.7579 2563.789 1675.498 5.0804 2564.257 1676.766 3.8378 2564.286 1643.061 17.5 2567.618 1613.354 62.256 2554.133 1616.077 34.3031 2571.206 1609.087 68.9127 2546.046 1606 -29.9746 2601.252 1606 26.5305 2600.567 1606.381 71.1626 2547.549 1606 56.5908 2568.641 1606 61.4615 2563.77 1606 51.9442 2575.689 1606 40.1851 2580.56 1606 36.3386 2585.889 1606 -57.5 2584.004 1606 -45.0558 2592.32 1606 -78.4746 2566.015 1606 -88.6139 2548.454 1606 -94.8803 2529.167 1606 -38.2896 2404.303 1606 -21.1938 2391.599 1606 -64.9057 2418.915 1606 -3.7753 2397.167 1606 18.4542 2400.087 1606 54.864 2422.359 1606 42.136 2409.632 1606 101.1964 2455.736 1606.381 83.9421 2483.303 1606 71.2696 2434.279 1607.464 82.3511 2483.619 1609.087 82.8806 2500 1612.147 82.5 2500 1702.563 49.7771 2446.085 1675.411 29.6583 2438.55 1674.555 28.6738 2438.442 1674.805 28.9148 2438.517 1672.43 20.904 2436.552 1683.706 59.3525 2493.564 1686.652 57.8986 2476.098 1651.385 65.3255 2513.512 1621.838 6.7797 2426.252 1675.345 4.1658 2435.665 1675.212 -5.4589 2435.94 1675.545 -5.6146 2435.972 1675.159 -5.4563 2435.936 1675.121 -5.1663 2436.404 1665.983 -2.4864 2434.789 1666.339 -2.9086 2435.026 1666.51 -3.2138 2435.531 1666.51 -4.3814 2435.56 1672.761 -10.8937 2436.487 1672.244 -13.5097 2436.018 1675.208 -6.0113 2435.77 1675.478 -6.2494 2435.85 1676.77 -7.551001 2436.008 1674.536 -9.656701 2435.894 1673.189 -10.4655 2436.498 1672.385 -13.7899 2436.194 1671.963 -13.5325 2435.946 1671.95 -13.8044 2436.016 1670.737 -14.0344 2436.067 1669.297 -14.3261 2436.434 1606 -100.4442 2508.315 1606 -101.2443 2486.196 1606 -60.4603 2407.563 1606 -110.4159 2497.109 1888.808 17.0483 2554.352 1885.319 25.9048 2564.865 1856 17.5198 2570.429 1879.255 -17.3179 2552.125 1871.051 -23.9429 2553.309 1876.806 -18.3031 2553.382 1878.559 -50.2209 2537.781 1775.33 -45.8587 2548.597 1676.094 -14.0326 2436.518 1675.925 -13.9966 2436.502 1675.569 -11.2181 2436.266 1675.374 -11.2047 2436.465 1675.601 -13.6647 2436.449 1675.641 -13.752 2436.46 1680.645 -5.4564 2436.331 1681.954 -3.2397 2436.2 1682.111 -2.6354 2436.146 1679.265 -5.7037 2436.108 1678.965 -6.2418 2436.109 1677.952 -7.2607 2436.222 1678.851 14.0856 2436.297 1681.937 15.5369 2436.53 1682.045 4.5723 2436.102 1750.948 27.798 2425.964 1751.143 24.686 2427.628 1719.902 39.1227 2435.751 1750.403 28.6032 2426.141 1814.268 27.6631 2416.484 1875.606 27.503 2422.557 1876.146 27.4659 2423.972 1880.516 24.4043 2434.797 1672.22 -16.9679 2436.957 1672.278 -17.3495 2436.518 1672.702 -17.7188 2437.072 1672.439 -17.5853 2436.555 1672.702 -18.3031 2437.135 1681.948 12.2487 2563.614 1680.933 4.7209 2563.77 1682.228 3.6942 2563.897 1679.239 6.1566 2564.031 1681.759 14.5281 2563.543 1734.508 44.7192 2567.518 1718.8 38.6387 2564.091 1757.69 52.5 2576.732 1750.403 28.6032 2573.859 1876.146 27.4659 2576.028 1681.404 -7.4008 2563.063 1678.881 -5.1009 2563.989 1679.814 -5.9901 2563.703 1680.887 -6.6627 2563.125 1678.863 -0.2207 2564.098 1678.861 -5.0828 2563.991 1680.703 4.475 2563.31 1676.228 4.8533 2564.209 1666.633 11.1724 2564.76 1676.232 4.5784 2564.263 1621.844 17.5 2573.051 1665.977 11.5208 2564.851 1620.825 47.4922 2561.886 1615.522 20.6326 2575.181 1611 72.6481 2539.096 1613.238 71.9747 2540.322 1609.087 76.5717 2531.717 1606 -41.6 2602.32 1606 29.9746 2601.252 1606 72.7536 2548.612 1607.464 77.5731 2532.132 1606 55.9057 2572.085 1606 64.9057 2563.085 1606 40.1851 2587.448 1606 -64.9057 2581.085 1606 -38.2896 2595.697 1606 -73.9057 2572.085 1606 -86.7896 2553.571 1606 -94.9779 2533.089 1606 -41.6 2397.679 1606 -16.5032 2397.167 1606 -26.5305 2399.433 1606 0 2389.546 1606 21.1938 2391.599 1606 58.5417 2421.551 1606 38.9747 2407.748 1606 90.8226 2437.141 1606 91.4362 2471.518 1606 85.8187 2482.929 1607.464 83.9645 2500 1611 81.3854 2513.516 1612.063 81.5355 2512.578 1703.22 55.58 2455.075 1702.102 41.0375 2439.892 1684.335 37.2159 2440.953 1675.412 29.3774 2438.51 1674.401 28.3645 2438.348 1674.12 28.1189 2438.128 1675.123 29.0619 2438.562 1673.861 24.1128 2437.107 1683.012 59.7891 2500 1622.14 73.3132 2523.316 1683.706 59.3525 2506.436 1666.127 9.764801 2435.053 1676.769 5.1801 2435.759 1675.205 -5.9989 2435.77 1675.623 -5.3374 2436.448 1666.602 -2.8437 2435.532 1672.631 -13.4779 2436.406 1672.703 -10.5643 2435.983 1672.701 -11.1965 2436.506 1672.472 -13.4966 2436.177 1671.974 -13.5229 2435.946 1675.208 -6.2522 2435.78 1675.707 -6.243 2436.009 1676.53 -7.278 2436.117 1676.773 -7.8289 2435.972 1674.518 -10.1625 2436.114 1672.933 -10.6369 2436.486 1673.492 -10.4053 2436.525 1672.26 -13.9249 2436.195 1672.454 -13.6329 2436.187 1672.199 -13.9652 2436.193 1671.963 -13.5325 2435.946 1669.04 -14.4979 2436.422 1669.6 -14.2657 2436.462 1606 -101.2443 2513.803 1606 -103.364 2493.636 1879.255 -17.3179 2552.125 1899.869 23.9586 2548.779 1891.928 26.4194 2561.729 1856.808 24.6508 2574.292 1887.874 -15.3158 2545.532 1868.745 -27.9151 2552.961 1882.186 -50.4276 2533.765 1775.228 -45.9017 2548.412 1676.084 -14.266 2437.019 1675.76 -13.8976 2436.481 1675.569 -12.3157 2436.343 1675.201 -10.8869 2436.691 1675.569 -13.4945 2436.434 1680.631 -5.2696 2436.539 1679.921 -5.4564 2436.284 1681.705 -3.2363 2436.325 1681.705 -4.3917 2436.359 1679.244 -5.9925 2436.069 1679.251 -5.9861 2436.069 1679.242 -6.243 2436.079 1678.715 -6.2367 2436.231 1677.664 -7.551001 2436.074 1678.854 9.2441 2436.043 1678.876 14.1192 2436.3 1682.221 16.4409 2436.602 1681.538 4.0046 2436.068 1750.556 28.1155 2426.092 1756.717 27.5 2423.717 1746.574 22.4145 2429.922 1718.8 38.6387 2435.909 1750.437 28.3446 2426.13 1885.342 25.9044 2435.15 1668.868 -14.755 2436.427 1671.958 -17.7624 2436.342 1672.627 -17.3768 2437.031 1672.366 -17.4459 2436.535 1682.224 12.2504 2563.651 1681.701 12.2424 2563.485 1680.654 10.9486 2563.737 1681.704 3.6931 2563.737 1680.657 10.6753 2563.798 1681.248 14.8716 2563.541 1681.661 13.6871 2563.409 1728.889 51.1929 2563.305 1750.675 39.5339 2573.947 1769.914 30.0559 2584.423 1755.981 52.5286 2575.958 1678.783 -5.3582 2563.937 1678.615 -5.7409 2563.578 1678.431 0.08149999 2563.941 1678.866 -5.0905 2563.99 1675.868 5.1525 2564.088 1672.656 7.3116 2564.273 1677.671 4.5777 2564.162 1665.793 12.2649 2564.816 1620.521 59.3844 2551.423 1611.03 21.3435 2579.691 1621.853 20.2441 2572.637 1621.386 33.5112 2569.157 1609.087 76.5717 2531.717 1620.351 68.4075 2538.452 1606 -33.4188 2600.567 1606 41.6 2602.32 1606 70.1597 2553.571 1606.381 79.0717 2532.752 1606 69.4746 2557.015 1606 56.5908 2575.529 1606 38.2896 2588.808 1606 -60.4603 2592.437 1606 -77.0736 2579.118 1606 -92.0581 2547.768 1606 -98.3245 2528.482 1606 -48.5 2406.996 1606 -36.3386 2401.384 1606 -13.5834 2395.217 1606 -29.9746 2398.748 1606 -56.8149 2412.552 1606 -6.6951 2395.217 1606 6.6951 2395.217 1606 16.5032 2397.167 1606 26.5305 2399.433 1606 56.8149 2419.439 1606 45.0558 2407.68 1606 94.8803 2470.832 1606 88.5164 2473.468 1606 85.8803 2479.833 1606 87.5 2500 1606 73.2206 2431.359 1606.381 85.5866 2500 1607.464 82.3511 2516.381 1609.087 81.2881 2516.169 1694 56.5 2461.112 1719.978 53.8579 2443.771 1719.341 49.5232 2439.442 1676.651 29.6588 2438.526 1676.651 29.3775 2438.489 1673.861 24.1128 2437.107 1673.973 23.5311 2437.006 1644.008 65.7277 2522.794 1620.391 73.9377 2523.739 1674.793 59.5578 2516.85 1621.839 7.9709 2426.33 1676.227 4.4394 2435.735 1675.607 -5.6881 2435.979 1666.5 -2.589 2435.037 1672.454 -13.6329 2436.187 1675.478 -6.0086 2435.841 1675.707 -6.0024 2435.999 1675.868 -6.2338 2436.236 1676.76 -7.3024 2436.137 1676.745 -7.1136 2436.343 1677.666 -7.8288 2436.039 1674.499 -10.328 2436.339 1672.244 -13.5097 2436.018 1672.046 -14.0227 2436.185 1671.935 -14.0342 2436.176 1671.915 -14.1945 2436.405 1668.815 -14.4385 2435.915 1606 -103.364 2506.364 1606 -105.3149 2496.556 1880.332 -17.0676 2551.301 1897.382 16.7893 2545.519 1856.808 24.6519 2574.293 1894.682 -15.0503 2536.821 1871.774 -24.0322 2535.895 1867.123 -27.7692 2555.455 1878.976 -49.1426 2537.663 1884.534 -52 2529.612 1775.176 -45.9232 2548.32 1675.744 -14.1922 2436.987 1675.26 -11.1877 2436.719 1675.032 -10.6335 2436.661 1675.568 -13.4789 2436.432 1675.374 -13.4631 2436.631 1680.918 -5.1066 2436.812 1681.646 -2.8834 2436.312 1681.514 -4.3851 2436.562 1681.77 -2.123 2436.114 1678.965 -6.0001 2436.099 1679.257 -5.4564 2436.239 1679.099 -5.4797 2436.229 1678.715 -5.9952 2436.222 1678.522 -6.2286 2436.433 1677.654 -7.3024 2436.203 1678.868 9.2264 2436.043 1678.859 14.1061 2436.299 1682.22 17.5 2436.68 1681.945 16.4384 2436.641 1681.252 4.4378 2436.244 1681.262 -1.7808 2436.077 1761.696 27.6406 2421.574 1751.746 24.1564 2428.229 1890.888 24.2037 2442.191 1672.278 -17.3495 2436.518 1671.925 -17.7474 2436.338 1681.947 13.4047 2563.553 1681.7 13.3976 2563.423 1681.513 12.2322 2563.279 1680.876 11.2084 2563.574 1680.657 10.6753 2563.798 1681.952 3.694 2563.864 1679.12 5.5515 2564.051 1679.237 10.6445 2563.874 1681.258 14.2649 2563.391 1678.769 16.3774 2563.543 1738.127 52.0689 2566.448 1720.446 49.7078 2560.863 1750.308 47.8781 2573.828 1769.515 28.8466 2584.101 1770.651 52.5 2585.031 1752.609 50.8683 2574.614 1678.691 -5.5806 2563.795 1678.565 -5.8194 2563.314 1678.581 -0.2333 2564.069 1678.535 0.1902999 2563.934 1678.386 -5.306 2563.827 1680.933 4.7209 2563.77 1677.668 4.8527 2564.109 1676.218 5.0928 2564.063 1675.622 5.2773 2564.103 1666.753 11.3624 2564.593 1666.496 11.6101 2564.603 1678.419 4.5021 2564.143 1665.792 13.4363 2564.726 1666.061 12.2593 2564.741 1624.586 58.4155 2550.164 1611 20.7501 2579.848 1621.844 17.5 2573.051 1611 78.0715 2526.666 1612.446 78.664 2524.864 1620.391 73.9377 2523.739 1606 -36.3386 2598.616 1606 33.4188 2600.567 1606 72.1107 2550.651 1606 80.8395 2533.485 1606 70.1597 2560.459 1606 54.864 2577.641 1606 42.136 2590.368 1606 -56.8149 2587.448 1606 -68.3498 2580.4 1606 -48.5 2593.004 1606 -81.9188 2565.33 1606 -73.2206 2575.529 1606 -87.4747 2557.015 1606 -96.9288 2536.009 1606 -51.9442 2407.68 1606 -33.4188 2399.433 1606 -10.1393 2394.531 1606 -54.864 2409.632 1606 10.1393 2394.531 1606 13.5834 2395.217 1606 29.9746 2398.748 1606 61.4615 2419.6 1606 38.2896 2404.303 1606 98.3245 2471.518 1606 86.5654 2476.388 1606 86.5654 2483.277 1606 88.6851 2496.556 1606 73.9057 2427.915 1606.381 83.9421 2516.697 1691.076 56.7149 2462.875 1707.376 56.5 2455.1 1718.938 44.1507 2436.771 1701.905 31.3441 2437.429 1677.252 29.5433 2438.475 1676.654 29.101 2438.552 1675.415 29.1003 2438.572 1674.361 28.0784 2438.263 1674.134 24.1017 2437.164 1674.289 23.0264 2436.936 1686.652 57.8986 2523.902 1624.026 67.4075 2537.21 1648.28 17.5 2433.347 1677.667 4.4387 2435.835 1675.496 3.9371 2435.721 1675.545 -5.6146 2435.972 1675.685 -5.8491 2435.991 1666.636 -2.1438 2434.904 1666.832 -2.4866 2435.289 1672.701 -13.456 2436.675 1675.208 -6.0113 2435.77 1675.868 -5.9935 2436.227 1676 -6.5244 2436.519 1676.424 -6.9486 2436.572 1674.477 -10.4053 2436.607 1672.046 -14.0227 2436.185 1671.891 -14.2658 2436.675 1606 -103.1952 2516.723 1606 -106 2500 1881.409 -16.8174 2550.477 1910.264 26.7269 2547.79 1887.874 -15.3158 2545.532 1907.206 23.6761 2538.369 1895.22 -13.6944 2537.457 1886.598 -17.4085 2543.601 1868.515 -31.2247 2535.895 1874.48 -20.9867 2552.266 1867.872 -32.2812 2551.495 1875.832 -47.5345 2541.354 1879.041 -48.0532 2537.263 1884.06 -49.2048 2532.239 1775.126 -45.9447 2548.228 1674.778 -10.4644 2436.632 1675.179 -10.3944 2436.18 1675.348 -13.8112 2436.923 1679.243 -5.2695 2436.448 1681.262 -5.2593 2436.361 1680.615 -5.1661 2436.799 1681.514 -3.231 2436.529 1681.345 -4.6802 2436.822 1681.474 -2.5706 2436.294 1678.795 -5.7123 2436.217 1678.899 -5.5902 2436.219 1679.099 -5.4797 2436.229 1678.941 -5.5573 2436.221 1679.242 -6.0013 2436.069 1678.522 -5.9873 2436.423 1678.351 -6.5216 2436.693 1677.639 -7.1136 2436.409 1678.855 9.238201 2436.043 1682.22 17.5 2436.68 1681.547 15.8811 2436.727 1680.93 4.2861 2436.224 1681.661 5.0097 2436.275 1679.24 2.8539 2435.921 1757.69 52.5 2423.268 1891.942 26.4212 2438.275 1878.861 17.2599 2438.426 1672.46 -17.1357 2436.993 1672.366 -17.4459 2436.535 1682.223 13.4066 2563.59 1681.513 13.3863 2563.217 1681.348 11.9183 2563.042 1680.635 11.3528 2563.362 1680.646 11.1841 2563.585 1679.271 10.6765 2563.871 1682.228 3.6942 2563.897 1681.952 2.1675 2563.87 1680.072 5.1665 2564.001 1679.271 10.6765 2563.871 1680.936 14.4215 2563.394 1678.257 16.7209 2563.54 1679.112 15.8635 2563.566 1734.865 56.5 2558.362 1742.408 46.2987 2570.673 1721.086 53.9267 2556.673 1770.651 30.9593 2585.031 1744.539 53.748 2567.998 1750.308 47.8781 2573.828 1678.507 -5.4683 2563.812 1678.651 -5.5642 2563.798 1678.233 -5.5941 2563.348 1678.359 -0.05829995 2563.945 1678.858 -0.2336 2564.099 1678.774 0.04509997 2564.058 1678.36 -5.2436 2563.831 1681.06 4.3446 2563.294 1677.658 5.0923 2563.964 1676.202 5.2674 2563.845 1675.706 5.4205 2563.878 1666.831 11.4956 2564.361 1666.335 11.9296 2564.597 1678.273 4.6979 2564.121 1665.91 14.037 2564.664 1623.681 46.8167 2561.089 1615.382 17.8512 2575.687 1606 36.3386 2598.616 1606 75.0305 2548.7 1606 80.29901 2536.009 1606 68.3498 2563.77 1606 58.5417 2578.449 1606 38.9747 2592.252 1606 -54.864 2590.368 1606 -51.9442 2592.32 1606 -90.8226 2562.859 1606 -71.2696 2578.449 1606 -101.2443 2526.531 1606 41.6 2397.679 1606 57.5 2415.996 1606 101.2443 2473.468 1606 88.5164 2486.196 1606 88 2500 1606 77.0736 2420.882 1688.937 57.1513 2465.518 1694 56.5 2538.888 1721.086 53.9267 2443.327 1720.751 56.5 2449.089 1710.353 34.9914 2436.669 1720.446 49.7078 2439.137 1684.36 25.0071 2437.419 1701.908 31.345 2437.429 1677.763 29.2117 2438.361 1677.006 29.0455 2438.527 1675.418 28.862 2438.725 1674.365 25.9768 2437.708 1674.538 28.017 2438.468 1674.769 22.6691 2436.901 1674.771 23.2354 2437.176 1686.652 57.8986 2476.098 1645.181 59.3282 2538.584 1664.121 59.8497 2526.55 1621.844 17.5 2426.949 1665.855 10.6566 2435.079 1678.422 4.5139 2435.87 1677.664 4.1622 2435.88 1666.488 -1.9165 2434.835 1676.224 4.1628 2435.779 1675.832 -5.5769 2436.472 1666.756 -2.3419 2435.062 1666.855 -2.5602 2435.558 1672.661 -13.7081 2436.692 1675.707 -5.9984 2435.999 1675.941 -5.983 2436.495 1675.937 -6.908 2436.053 1675.941 -6.2229 2436.505 1676.17 -6.779 2436.543 1676.725 -7.0077 2436.602 1672.103 -14.2379 2436.691 1606 -110.4159 2502.891 1606 -110.4916 2500 1883.564 -16.3168 2548.829 1907.206 23.6761 2538.369 1899.163 27.0632 2560.642 1885.719 -15.8163 2547.18 1891.547 -14.5051 2541.494 1904.299 16.4918 2535.369 1896.65 -13.7924 2535.288 1878.353 -19.3905 2549.883 1893.628 -15.8032 2535.895 1867.872 -32.2812 2551.495 1871.414 -24.8769 2534.78 1878.479 -19.8623 2535.895 1866.031 -33.1102 2553.98 1875.945 -46.4427 2540.92 1875.38 -48.6181 2541.469 1881.18 -47.3431 2533.991 1885.567 -47.1245 2531.635 1675.76 -13.8976 2436.481 1675.26 -13.443 2436.885 1675.641 -13.752 2436.46 1681.174 -4.936 2436.82 1681.346 -2.9224 2436.771 1681.513 -5.0053 2436.367 1681.404 -4.3769 2436.818 1681.404 -3.2242 2436.785 1681.208 -2.3339 2436.273 1678.724 -5.8976 2436.219 1678.41 -6.2182 2436.688 1678.524 -6.8501 2436.243 1678.41 -5.9772 2436.678 1677.924 -6.9482 2436.683 1678.858 9.2331 2436.043 1681.944 17.4972 2436.72 1681.677 16.2128 2436.755 1681.314 15.6119 2436.7 1680.827 3.743 2436.025 1681.951 5.3138 2436.156 1680.66 -1.6601 2436.038 1755.981 52.5286 2424.041 1769.914 30.0552 2415.578 1899.869 23.9586 2451.221 1888.808 17.0483 2445.647 1867.81 17.4186 2433.01 1671.973 -17.7959 2436.347 1681.47 11.5781 2563.529 1681.408 12.2194 2563.021 1681.408 13.3719 2562.959 1680.924 11.4937 2563.081 1679.927 11.1845 2563.622 1679.268 10.9497 2563.809 1682.229 2.1674 2563.903 1681.704 2.1676 2563.744 1678.78 5.0395 2564.082 1679.24 10.657 2563.874 1680.642 14.7143 2563.529 1677.653 16.8422 2563.56 1678.268 16.1114 2563.399 1680.643 14.9928 2563.559 1678.671 15.5337 2563.423 1751.107 49.6487 2574.089 1719.341 49.5232 2560.558 1678.331 -0.232 2563.945 1678.581 -5.0726 2563.962 1678.875 -0.2129 2564.098 1677.889 5.117 2563.949 1677.643 5.2672 2563.746 1666.603 11.8402 2564.097 1678.217 5.2513 2563.926 1666.06 13.4302 2564.651 1664.66 17.5 2564.452 1666.287 12.2472 2564.578 1621.386 33.5112 2569.157 1644.835 48.2919 2552.607 1610.896 18.4939 2580.401 1612.063 81.5355 2512.578 1606 38.2896 2595.697 1606 80.29901 2542.897 1606 85.8187 2517.07 1606 82.2499 2533.089 1606 79.6139 2539.454 1606 72.1107 2563.379 1606 56.8149 2580.56 1606 45.0558 2592.32 1606 -84.8386 2563.379 1606 -94.9779 2545.817 1606 -86.7896 2560.459 1606 -101.1964 2544.264 1606 33.4188 2399.433 1606 64.9057 2418.915 1606 36.3386 2401.384 1606 48.5 2406.996 1606 107.8094 2475.976 1606 88.6851 2503.444 1606 90.636 2493.636 1606 73.2206 2424.471 1684.125 57.8184 2473.037 1691.068 56.716 2537.117 1721.862 56.5 2448.48 1718.8 38.6387 2435.909 1678.231 28.1156 2438.046 1678.107 28.7114 2438.209 1677.32 28.8778 2438.469 1676.659 28.864 2438.708 1675.12 28.6358 2438.934 1674.692 28.2318 2438.805 1674.37 24.0739 2437.309 1675.34 22.5133 2436.904 1664.121 59.8497 2526.55 1684.125 57.8184 2526.963 1665.854 12.7425 2435.226 1678.27 4.3178 2435.873 1675.864 3.8587 2435.889 1675.607 -5.6881 2435.979 1672.661 1.7065 2435.612 1675.705 3.5837 2436.089 1672.385 -13.7899 2436.194 1675.685 -5.8491 2435.991 1677.62 -7.0077 2436.668 1606 -107.8094 2524.024 1606 -105.3149 2503.444 1918.492 26.3408 2533.04 1900.688 27.0644 2560.684 1895.22 -13.6944 2537.457 1912.688 23.364 2526.877 1894.936 -15.6843 2534.859 1874.48 -20.9867 2552.266 1869.802 -39.0156 2535.895 1878.353 -19.3905 2549.883 1869.952 -40.0676 2546.412 1868.711 -42.6614 2548.762 1878.745 -47.1161 2536.644 1875.701 -45.5116 2540.238 1891.339 -33.3068 2531.53 1884.597 -46.6411 2532.637 1882.486 -46.9746 2533.276 1675.515 -14.037 2436.955 1679.225 -5.1661 2436.708 1681.474 -2.5706 2436.294 1680.657 -1.935 2436.092 1678.778 -5.2992 2436.681 1678.18 -6.7775 2436.692 1678.534 -5.5474 2436.671 1678.273 -7.1044 2436.237 1678.441 8.9094 2436.195 1682.219 17.8889 2436.71 1681.699 16.4293 2436.772 1681.513 16.4147 2436.979 1681.094 15.2187 2436.524 1681.267 15.9459 2437.199 1680.576 4.2509 2436.204 1682.228 5.3143 2436.122 1681.703 5.312 2436.283 1679.242 -1.6337 2435.946 1679.12 3.4614 2435.918 1752.613 50.8706 2425.385 1769.515 28.8466 2415.899 1770.651 52.5 2414.969 1910.264 26.7269 2452.209 1879.255 -17.3179 2447.875 1869.254 -17.8444 2442.183 1869.047 24.5548 2429.25 1671.539 -18.0649 2436.338 1681.348 13.6752 2562.947 1681.178 11.6636 2563.062 1680.621 11.4341 2563.095 1679.259 10.6739 2563.872 1681.514 3.6916 2563.533 1681.645 1.815 2563.747 1681.953 1.2716 2563.917 1678.482 5.4877 2563.904 1679.248 10.6671 2563.873 1680.643 14.9928 2563.559 1680.637 14.4635 2563.404 1677.946 16.2683 2563.402 1679.234 15.2555 2563.604 1678.958 15.2532 2563.569 1721.862 56.5 2551.52 1750.525 48.8487 2573.898 1719.978 53.8579 2556.228 1718.938 44.1507 2563.229 1678.386 -5.306 2563.827 1678.331 -2.6412 2563.907 1678.138 -0.23 2563.744 1678.858 -5.0736 2563.991 1681.118 0.9479 2563.915 1676.183 5.3558 2563.58 1677.625 5.356 2563.481 1675.739 5.4926 2563.61 1666.444 12.2302 2564.348 1666.345 13.7687 2564.455 1660.03 18.7281 2564.807 1666.245 14.5443 2564.588 1642.915 33.799 2562.848 1620.241 77.3067 2500 1606 78.4746 2548.015 1606 85.8803 2520.167 1606 86.5654 2523.612 1606 71.2696 2565.721 1606 61.4615 2580.4 1606 -97.6139 2539.454 1606 60.4603 2407.563 1606 51.9442 2407.68 1606 103.1952 2476.388 1606 91.4362 2488.147 1606 71.2696 2421.551 1686.93 57.7911 2471.993 1688.933 57.1525 2534.475 1684.205 55.2964 2539.42 1728.889 51.1929 2436.695 1719.902 39.1227 2435.751 1678.25 24.0712 2437.217 1676.967 28.6435 2438.909 1676.665 28.6964 2438.937 1674.805 28.9148 2438.517 1675.422 28.6923 2438.952 1674.541 24.0329 2437.524 1674.632 27.9421 2438.719 1674.555 28.6738 2438.442 1674.897 23.1485 2437.167 1675.453 22.5085 2436.907 1664.409 54.5815 2540.141 1666.125 13.6296 2435.323 1678.779 3.9747 2435.902 1677.948 3.8777 2436.035 1677.655 3.918 2436.017 1676.214 3.9184 2435.916 1675.621 3.7348 2435.869 1675.737 3.5022 2436.355 1672.431 -14.0607 2436.703 1672.199 -13.9652 2436.193 1606 -103.8803 2520.167 1912.688 23.364 2526.877 1917.891 26.6421 2544.549 1905.192 27.044 2559.902 1909.386 16.1629 2524.156 1895.385 -15.8522 2534.336 1869.952 -40.0676 2546.412 1878.132 -46.472 2535.895 1889.833 -52 2519.948 1681.175 -2.6672 2436.754 1680.88 -2.1993 2436.251 1678.941 -5.5573 2436.221 1678.351 9.0848 2436.196 1678.537 8.813301 2436.197 1681.943 17.886 2436.75 1695.449 17.5 2436.591 1681.698 17.4874 2436.851 1681.191 14.9633 2436.462 1681.005 15.4365 2436.676 1680.935 15.5898 2436.9 1680.174 4.1031 2436.039 1681.951 6.84 2436.186 1681.703 6.8372 2436.313 1681.514 5.3088 2436.487 1679.274 -1.6597 2435.948 1678.964 -1.6331 2435.976 1680.075 3.8477 2435.981 1678.963 2.8538 2435.952 1744.521 53.7519 2432.015 1750.308 47.8781 2426.172 1770.651 30.9593 2414.969 1899.163 27.0632 2439.358 1907.206 23.6761 2461.631 1897.382 16.7893 2454.481 1881.409 -16.8174 2449.523 1876.806 -18.3031 2446.618 1870.029 -22.9111 2444.233 1862.861 -17.8444 2439.581 1856 17.5198 2429.571 1671.107 -17.7481 2436.265 1671.973 -18.0892 2436.378 1679.247 11.3531 2563.434 1679.26 11.1849 2563.657 1679.079 11.1541 2563.669 1681.514 2.1676 2563.54 1681.315 4.061 2563.283 1678.655 5.8002 2563.887 1678.797 10.9299 2563.696 1679.256 14.9938 2563.622 1679.923 14.4638 2563.436 1680.628 14.271 2563.2 1677.651 16.5632 2563.534 1679.234 15.0139 2563.622 1678.71 15.2444 2563.441 1679.234 15.2555 2563.604 1728.438 56.5 2544.583 1750.307 47.8781 2573.828 1702.563 49.7771 2553.915 1702.102 41.0375 2560.107 1678.1 -5.3899 2563.365 1678.431 0.08149999 2563.941 1678.331 -5.0683 2563.839 1681.22 0.6901 2563.956 1679.826 0.7139 2563.852 1666.857 11.5558 2564.089 1666.511 12.2103 2564.079 1666.287 13.4169 2564.488 1666.516 14.0791 2564.412 1672.024 20.1756 2563.557 1641.784 17.8461 2567.829 1666.748 14.8824 2564.51 1621.853 20.2441 2572.637 1662.215 32.532 2560.654 1663.765 45.1201 2552.127 1612.147 82.5 2500 1606 48.5 2593.004 1606 82.2499 2545.817 1606 86.5654 2516.723 1606 85.1698 2531.138 1606 75.0305 2565.33 1606 57.5 2584.004 1606 -96.9288 2542.897 1606 -103.1952 2523.612 1606 56.8149 2412.552 1606 68.3498 2419.6 1606 103.8803 2479.833 1606 88.5164 2513.803 1606 93.5559 2491.685 1703.22 55.58 2544.924 1719.902 39.1227 2435.751 1734.865 56.5 2441.637 1677.891 23.06 2437.068 1677.957 28.1028 2438.097 1674.864 28.4744 2438.882 1674.681 23.6989 2437.73 1675.179 23.0319 2437.161 1676.691 22.5003 2436.956 1686.93 57.7911 2528.007 1683.706 59.3525 2506.436 1666.842 14.2026 2435.44 1666.122 12.7367 2435.301 1678.268 3.7236 2436.053 1676.199 3.7362 2436.128 1676.18 3.6387 2436.39 1672.26 -13.9249 2436.195 1923.589 25.9172 2516.861 1924.535 26.2751 2530.529 1908.873 26.9733 2557.201 1897.567 -14.9608 2533.206 1916.163 23.0314 2514.627 1901.304 -17.8444 2523.846 1878.546 -20.1111 2534.78 1875.2 -44.7789 2535.895 1875.138 -44.8852 2539.412 1897.111 -19.4891 2531.426 1882.977 -46.5541 2533.071 1680.634 -2.349 2436.456 1680.648 -2.1744 2436.237 1678.899 -5.5902 2436.219 1678.577 9.2429 2436.076 1678.767 8.9674 2436.076 1682.036 18.6281 2436.764 1681.698 17.6625 2436.865 1681.409 16.3964 2437.237 1678.876 14.1192 2436.3 1679.813 15.0022 2436.595 1680.892 15.6598 2437.168 1680.075 3.8477 2435.981 1680.255 4.3262 2436.187 1682.227 6.8407 2436.151 1681.315 4.9342 2436.729 1679.245 -1.6445 2435.946 1679.27 -1.9347 2436.002 1678.674 3.1484 2436.075 1738.127 52.0689 2433.552 1751.108 49.6503 2425.91 1772.117 31.5 2413.76 1918.492 26.3408 2466.96 1907.206 23.6761 2461.631 1887.874 -15.3158 2454.468 1883.564 -16.3168 2451.171 1875.33 -17.8444 2445.459 1874.357 -19.2884 2445.362 1867.123 -27.7692 2444.545 1856 0 2432.987 1856.808 24.6508 2425.708 1671.973 -18.2359 2436.394 1679.232 11.4339 2563.166 1678.92 11.0665 2563.682 1681.405 3.6897 2563.276 1681.267 1.7211 2563.292 1681.473 1.5026 2563.757 1678.962 6.1559 2563.999 1678.742 10.8173 2563.705 1679.254 14.7152 2563.592 1680.921 14.1014 2562.938 1677.653 16.8422 2563.56 1677.645 16.3105 2563.413 1679.256 14.9938 2563.622 1678.522 15.23 2563.237 1678.71 15.0029 2563.458 1678.958 15.0116 2563.586 1723.775 56.5 2530.113 1720.751 56.5 2550.911 1701.905 31.3441 2562.57 1678.36 -5.2436 2563.831 1678.138 -5.0614 2563.638 1678.098 0.1065 2563.486 1678.331 -5.0718 2563.839 1681.024 1.1748 2563.781 1678.678 0.2724 2563.925 1677.928 5.4156 2563.463 1666.443 13.3983 2564.258 1672.145 19.5679 2563.616 1672.023 20.7988 2563.486 1621.844 17.5 2573.051 1666.78 14.3132 2564.367 1667.345 15.0012 2564.444 1606 51.9442 2592.32 1606 81.9188 2548.7 1606 88.5164 2526.531 1606 73.2206 2568.641 1606 64.9057 2581.085 1606 54.864 2409.632 1606 103.1952 2483.277 1606 90.636 2506.364 1606 94.8803 2488.832 1707.376 56.5 2544.9 1734.508 44.7192 2432.482 1721.862 56.5 2448.48 1677.481 22.7107 2437.011 1677.974 24.0657 2437.26 1677.718 28.0671 2438.237 1677.223 28.4833 2438.852 1674.627 23.9836 2437.785 1675.356 22.7822 2436.991 1676.975 22.5245 2436.969 1666.939 13.942 2435.476 1675.285 17.5 2436.37 1665.855 10.6566 2435.079 1666.485 13.2496 2435.517 1678.52 3.4712 2436.067 1677.64 3.7361 2436.229 1897.681 -17.0745 2531.835 1912.466 15.8144 2512.275 1903.53 -17.8444 2517.312 1898.387 -17.8444 2530.102 1893.628 -15.8032 2535.895 1878.716 -20.7454 2533.842 1895.629 -16.1931 2533.861 1875.138 -44.8852 2539.412 1870.444 -39.6718 2534.78 1876.137 -43.1557 2533.218 1883.316 -46.0031 2533 1680.92 -2.497 2436.737 1679.922 -2.1743 2436.191 1678.868 9.2264 2436.043 1681.698 17.8758 2436.882 1681.53 19.1965 2436.796 1681.513 17.4717 2437.058 1678.779 14.3747 2436.362 1678.616 14.7459 2436.736 1666.85 9.1774 2435.094 1670.348 8.3082 2435.572 1680.308 4.4898 2436.408 1681.644 7.1899 2436.318 1681.95 7.7382 2436.16 1681.514 6.8325 2436.518 1681.406 5.3048 2436.744 1679.253 -1.6528 2435.947 1678.714 0.6144 2436.075 1678.808 -1.9334 2436.111 1678.714 2.8531 2436.076 1750.526 48.8503 2426.102 1783.384 52.5 2405.738 1917.902 26.6416 2455.471 1912.688 23.364 2473.123 1904.299 16.4918 2464.631 1891.547 -14.5051 2458.506 1885.719 -15.8163 2452.82 1875.581 -18.7958 2445.989 1879.025 -18.6886 2448.776 1866.031 -33.1102 2446.02 1856 -15.447 2437.401 1856.808 24.6519 2425.707 1671.973 -18.3093 2436.402 1678.924 11.3734 2563.186 1681.405 2.1676 2563.283 1678.713 6.1532 2563.874 1679.239 6.1566 2564.031 1678.96 10.6431 2563.841 1679.24 14.9989 2563.622 1679.248 14.4641 2563.468 1679.239 14.2711 2563.265 1680.617 14.1605 2562.943 1681.258 14.2649 2563.391 1676.759 16.8428 2563.606 1676.757 16.5638 2563.58 1677.636 16.1149 2563.213 1679.235 15.0057 2563.622 1678.355 15.5153 2562.964 1678.522 14.9888 2563.254 1679.234 15.0139 2563.622 1721.306 56.5 2551.215 1684.281 48.0981 2550.93 1718.8 38.6387 2564.091 1684.335 37.2159 2559.047 1678.026 -5.0525 2563.383 1678.239 0.32 2563.476 1678.027 -0.2276 2563.488 1681.207 1.2659 2563.771 1680.947 1.3429 2563.57 1678.535 0.1902999 2563.934 1678.6 0.4412 2563.716 1678.182 5.5858 2563.445 1677.625 5.356 2563.481 1666.511 13.3764 2563.989 1666.57 13.6761 2563.962 1672.295 20.1681 2563.491 1672.489 19.0534 2563.648 1669.146 22.6576 2563.386 1668.271 25.7127 2562.757 1621.853 20.2441 2572.637 1667.343 14.722 2564.419 1675.315 15.8757 2563.768 1672.451 30.1153 2561.269 1606 60.4603 2592.437 1606 85.1698 2547.768 1606 88.6139 2530.453 1606 78.4746 2566.015 1606 110.4159 2497.109 1606 91.4362 2511.852 1606 97 2491 1728.438 56.5 2455.416 1677.426 23.3001 2437.276 1676.975 22.5245 2436.969 1677.589 23.5132 2437.31 1677.725 25.9643 2437.739 1677.544 28.0128 2438.446 1677.394 28.2392 2438.778 1675.353 23.0047 2437.166 1675.34 22.5133 2436.904 1666.711 13.5236 2435.561 1675.384 17.2395 2436.401 1660.03 18.7281 2435.193 1666.123 10.6517 2435.155 1666.364 12.9152 2435.479 1677.926 3.5794 2436.507 1921.174 24.7427 2500 1928.624 25.8815 2515.498 1914.873 19.407 2500 1878.479 -19.8623 2535.895 1871.414 -24.8769 2534.78 1895.648 -16.6913 2533.473 1875.328 -44.5559 2534.78 1876.698 -42.1824 2533 1875.656 -43.9872 2533.842 1894.61 -18.644 2533 1680.618 -2.4374 2436.721 1681.113 8.0628 2436.176 1680.89 18.9125 2436.939 1681.513 17.8597 2437.089 1684.36 25.0071 2437.419 1681.41 17.444 2437.316 1678.859 14.1061 2436.299 1678.688 14.5925 2436.513 1678.571 14.816 2437.003 1666.945 9.4304 2435.166 1680.704 4.5208 2436.691 1678.715 -1.631 2436.099 1678.753 -1.8312 2436.105 1679.106 -2.1518 2436.136 1679.261 -2.1742 2436.147 1678.522 2.8519 2436.278 1784.905 31.5 2404.81 1908.873 26.9733 2442.798 1924.565 26.273 2469.553 1923.589 25.9172 2483.139 1912.688 23.364 2473.123 1895.22 -13.6944 2462.543 1879.255 -17.3179 2447.875 1871.051 -23.9429 2446.691 1855.39 -52 2449.933 1856.224 -17.8444 2437.684 1671.973 -18.3822 2436.41 1678.522 6.1485 2563.671 1678.713 8.3783 2563.808 1678.712 10.6444 2563.715 1679.237 10.6445 2563.874 1679.091 14.4878 2563.474 1679.243 14.4641 2563.468 1681.177 13.931 2562.939 1676.751 16.3109 2563.46 1676.741 16.115 2563.26 1677.927 15.9415 2562.951 1678.415 15.2119 2562.98 1678.415 14.9711 2562.997 1678.723 14.885 2563.466 1679.235 15.0057 2563.622 1721.029 56.5 2551.063 1720.751 56.5 2550.911 1719.902 39.1227 2564.249 1684.36 25.0071 2562.581 1678.482 5.4877 2563.904 1666.516 14.0791 2564.412 1672.552 19.9119 2563.363 1672.927 19.3158 2563.404 1673.002 18.709 2563.651 1668.634 23.0009 2563.354 1669.747 22.5351 2563.371 1672.294 20.7912 2563.421 1668.155 25.1236 2562.913 1668.605 26.2073 2562.607 1667.107 14.4451 2564.324 1675.159 14.9966 2563.847 1675.653 16.3845 2563.706 1675.197 15.2737 2563.823 1672.113 29.6284 2561.444 1672.958 30.4389 2561.151 1606 54.864 2590.368 1606 84.8386 2550.651 1606 91.4362 2528.482 1606 73.9057 2572.085 1606 68.3498 2580.4 1606 56.8149 2587.448 1606 103.364 2493.636 1606 93.5559 2508.315 1606 98.3245 2488.147 1723.775 56.5 2469.887 1677.135 23.095 2437.239 1677.505 23.389 2437.29 1676.921 22.791 2437.05 1672.43 20.904 2436.552 1677.701 23.7957 2437.354 1677.73 24.0465 2437.393 1675.369 23.1509 2437.409 1675.366 23.004 2437.167 1675.449 22.7787 2436.994 1667.014 13.7052 2435.605 1672.17 15.717 2436.203 1672.43 20.904 2436.552 1679.524 19.1541 2436.722 1666.127 9.764801 2435.053 1666.348 12.7242 2435.463 1666.504 12.7065 2435.693 1666.708 13.1277 2436.009 1677.623 3.6389 2436.491 1678.268 3.7236 2436.053 1925.303 25.4757 2500 1917.53 22.6876 2501.969 1905.038 -17.8444 2510.576 1913.467 15.4542 2500 1892.97 -52 2509.382 1871.774 -24.0322 2535.895 1871.935 -25.2767 2533.842 1897.681 -17.0745 2531.835 1878.132 -46.472 2535.895 1883.316 -46.0031 2533 1881.18 -47.3431 2533.991 1871.013 -39.3435 2533.842 1896.066 -19.136 2532.577 1879.255 -22.7584 2533 1679.246 -2.349 2436.365 1681.213 8.3216 2436.14 1679.83 8.291001 2436.254 1681.32 18.2091 2437.369 1680.819 19.4631 2436.797 1701.905 31.3441 2437.429 1681.409 16.3964 2437.237 1681.41 17.8396 2437.347 1678.477 14.4528 2436.492 1678.623 14.5637 2436.508 1678.198 14.5416 2436.964 1667.019 9.6473 2435.327 1667.062 9.801401 2435.557 1680.93 4.2861 2436.224 1680.326 4.5738 2436.674 1681.268 7.2738 2436.777 1681.471 7.5029 2436.318 1681.406 6.8266 2436.775 1678.95 -2.0769 2436.124 1678.715 -1.6588 2436.1 1678.522 -1.6275 2436.301 1679.106 -2.1518 2436.136 1678.352 3.1534 2436.529 1750.308 47.8781 2426.172 1797.295 52.5 2398.4 1905.186 27.044 2440.095 1916.163 23.0314 2485.373 1909.386 16.1629 2475.844 1896.65 -13.7924 2464.711 1887.874 -15.3158 2454.468 1867.123 -27.7692 2444.545 1865.675 -52 2453.897 1856 -30.8939 2441.815 1856 -23.1704 2439.609 1678.92 11.0665 2563.682 1680.899 1.4316 2563.309 1678.353 5.8409 2563.429 1678.522 10.628 2563.511 1678.712 10.6374 2563.715 1678.911 14.5828 2563.477 1679.091 14.4878 2563.474 1679.227 14.16 2563.008 1681.661 13.6871 2563.409 1676.159 16.7237 2563.649 1676.523 16.287 2563.475 1676.727 16.0001 2563.005 1677.623 16.0005 2562.957 1678.268 16.1114 2563.399 1678.786 14.7259 2563.474 1678.469 14.6783 2563.015 1720.89 56.5 2550.987 1675.217 30.4398 2561.179 1679.944 25.667 2562.502 1708.679 17.5 2563.498 1666.739 13.9288 2563.925 1672.526 20.1508 2563.338 1673.607 18.5875 2563.625 1668.98 23.3223 2563.08 1668.282 23.5234 2563.271 1669.741 22.7967 2563.277 1672.02 21.2953 2563.425 1672.526 20.5307 2563.295 1672.292 21.2866 2563.361 1668.426 25.1082 2562.852 1668.157 24.1337 2563.147 1668.888 25.718 2562.53 1669.106 26.5355 2562.494 1667.314 14.2715 2564.102 1667.332 14.4684 2564.301 1675.157 14.7178 2563.819 1675.93 15.9193 2563.539 1675.467 15.2685 2563.758 1672.701 29.5735 2561.26 1606 88.6139 2548.454 1606 92.0581 2531.138 1606 77.0736 2579.118 1606 101.2443 2486.196 1606 105.3149 2496.556 1606 94.8803 2511.167 1606 100.4442 2491.685 1720.751 56.5 2449.089 1677.547 24.0159 2437.601 1677.453 27.9464 2438.701 1675.077 23.279 2437.676 1675.453 22.5085 2436.907 1673.558 30.553 2561.113 1668.841 14.4184 2435.83 1667.059 13.5212 2435.812 1675.464 17.0021 2436.527 1679.623 18.8937 2436.752 1666.408 10.2887 2435.302 1666.349 10.6413 2435.318 1678.181 3.409 2436.52 1917.55 22.6337 2500 1930 25.4757 2500 1905.811 -17.8444 2503.717 1912.466 15.8144 2487.725 1878.965 -21.6728 2533.218 1895.456 -17.2981 2533.201 1875.138 -44.8852 2539.412 1871.844 -38.8634 2533.218 1885.567 -47.1245 2531.635 1876.698 -42.1824 2533 1679.229 -2.4375 2436.631 1681.02 7.8326 2436.305 1678.674 8.736101 2436.203 1680.535 18.9378 2436.929 1708.679 17.5 2436.501 1678.374 14.2992 2436.476 1666.579 9.9753 2435.3 1666.843 9.736801 2435.314 1667.07 9.8738 2435.827 1681.061 4.6512 2436.711 1678.52 3.4712 2436.067 1678.411 2.8504 2436.534 1798.822 31.5 2397.742 1900.688 27.0644 2439.316 1928.628 25.881 2484.524 1898.635 -17.8444 2470.368 1897.567 -14.9608 2466.794 1894.682 -15.0503 2463.179 1868.745 -27.9151 2447.039 1868.711 -42.6614 2451.238 1855.77 -31.0688 2441.822 1678.685 11.224 2563.207 1678.412 6.1427 2563.415 1678.505 10.9909 2563.23 1678.984 14.1969 2563.019 1681.348 13.6752 2562.947 1676.195 16.1541 2563.505 1676.426 15.9412 2563.03 1678.184 15.771 2562.953 1678.723 14.885 2563.466 1678.786 14.7259 2563.474 1720.821 56.5 2550.949 1675.727 30.1129 2561.303 1674.615 30.5538 2561.127 1680.069 25.0556 2562.604 1679.597 26.1826 2562.407 1679.122 22.6098 2562.944 1718.8 38.6387 2564.091 1678.549 0.5308 2563.455 1672.691 20.1256 2563.114 1673.24 19.1429 2563.402 1673.602 18.8572 2563.55 1674.662 18.5862 2563.563 1669.731 23.0101 2563.099 1671.998 22.7896 2563.156 1672.003 22.5242 2563.248 1672.526 20.7733 2563.267 1668.717 25.4159 2562.617 1669.152 25.945 2562.457 1666.991 14.097 2563.884 1671.203 14.4671 2563.973 1675.197 15.0334 2563.841 1675.173 14.9996 2563.845 1675.758 15.6083 2563.574 1676.759 16.8428 2563.606 1675.468 15.0283 2563.776 1669.701 26.6509 2562.437 1672.547 29.2677 2561.366 1672.951 29.8116 2561.176 1606 86.7896 2553.571 1606 94.8803 2529.167 1606 81.9188 2565.33 1606 73.2206 2575.529 1606 71.2696 2578.449 1606 106 2500 1606 97 2509 1720.947 56.5 2484.826 1676.871 23.0121 2437.221 1677.265 23.4811 2437.78 1675.364 23.2045 2437.687 1674.897 23.1485 2437.167 1675.442 23.0015 2437.169 1676.691 22.5003 2436.956 1675.472 17.0051 2436.527 1675.518 16.817 2436.73 1680.067 19.3662 2436.762 1680.167 19.1058 2436.791 1678.808 18.306 2436.808 1666.572 12.6858 2435.963 1667.068 13.4126 2436.071 1917.53 22.6876 2498.03 1905.84 -17.8444 2496.814 1872.696 -25.8612 2533.218 1868.656 -33 2534.78 1876.698 -42.1824 2533 1869.313 -33 2533.842 1897.111 -19.4891 2531.426 1874.028 -26.009 2533 1678.745 -2.28 2436.593 1681.206 7.7403 2436.311 1680.946 7.6591 2436.511 1678.537 8.813301 2436.197 1678.598 8.561001 2436.407 1718.8 38.6387 2435.909 1678.575 14.0835 2436.332 1678.374 14.2992 2436.476 1666.708 10.1657 2435.803 1681.252 4.4378 2436.244 1678.411 -1.6231 2436.556 1678.808 -1.9334 2436.111 1812.103 52.5 2393.102 1899.163 27.0632 2439.358 1901.501 -17.8444 2476.648 1897.681 -17.0745 2468.165 1895.385 -15.8522 2465.664 1895.22 -13.6944 2462.543 1886.598 -17.4085 2456.399 1866.031 -33.1102 2446.02 1871.774 -24.0322 2464.105 1875.38 -48.6181 2458.53 1853.721 -32.2397 2441.781 1855.76 -30.9767 2441.787 1678.797 10.9299 2563.696 1678.413 10.6162 2563.255 1678.671 15.5337 2563.423 1678.699 14.3543 2563.024 1720.786 56.5 2550.93 1675.231 29.8131 2561.197 1676.071 29.6194 2561.474 1680.074 24.0579 2562.748 1679.082 26.5258 2562.336 1679.353 25.6481 2562.317 1679.859 23.2505 2562.851 1676.105 19.5503 2563.39 1672.829 19.7932 2562.881 1674.658 18.856 2563.488 1668.428 24.1195 2563.084 1671.989 23.0066 2562.978 1672.287 22.4823 2563.191 1672.016 22.4925 2563.253 1672.691 20.7473 2563.044 1672.524 21.2666 2563.208 1668.659 25.0713 2562.705 1669.703 26.3687 2562.464 1667.291 14.1556 2563.848 1675.194 15.0192 2563.842 1674.786 14.4659 2563.719 1675.185 15.0075 2563.844 1675.386 14.5191 2563.677 1677.653 16.8422 2563.56 1675.7 15.2564 2563.604 1675.7 15.0165 2563.623 1671.994 29.0473 2561.644 1672.268 29.0307 2561.595 1672.958 30.4389 2561.151 1606 92.0581 2547.768 1606 94.9779 2533.089 1606 90.8226 2562.859 1606 110.4916 2500 1606 98.3245 2511.852 1694 56.5 2461.112 1676.68 22.9961 2437.213 1676.83 23.1597 2437.459 1677.447 23.9775 2437.859 1677.505 23.389 2437.29 1675.083 23.2786 2437.729 1675.432 23.1489 2437.412 1674.771 23.2354 2437.176 1676.046 22.9989 2437.191 1676.687 22.7714 2437.04 1679.706 18.6563 2436.875 1666.505 10.6266 2435.549 1675.537 16.7069 2436.987 1930 25.4757 2500 1893.802 -52 2498.392 1905.124 -17.8444 2489.949 1874.028 -26.009 2533 1870.273 -33 2533.218 1869.802 -39.0156 2535.895 1872.949 -38.1787 2533 1872.49 -37.6896 2533 1680.25 18.8685 2436.915 1678.851 14.0856 2436.297 1678.357 14.2555 2436.472 1678.138 14.0622 2436.663 1681.315 4.9342 2436.729 1680.899 7.5635 2436.77 1678.537 -2.058 2436.573 1678.95 -2.0769 2436.124 1813.593 31.5 2392.696 1903.672 -17.8444 2483.2 1888.504 -52 2477.123 1897.111 -19.4891 2468.574 1895.629 -16.1931 2466.139 1894.936 -15.6843 2465.141 1895.648 -16.6913 2466.527 1893.628 -15.8032 2464.105 1878.353 -19.3905 2450.117 1867.872 -32.2812 2448.505 1874.48 -20.9867 2447.734 1868.515 -31.2247 2464.105 1874.888 -52 2459.946 1851.812 -33.7733 2441.967 1855.76 -30.9767 2441.787 1678.911 14.5828 2563.477 1676.172 15.7722 2563.059 1678.355 15.5153 2562.964 1720.751 56.5 2550.911 1674.908 29.9594 2561.141 1675.485 29.5707 2561.283 1678.476 26.6466 2562.308 1680.05 23.7783 2562.784 1679.098 25.9009 2562.269 1679.794 25.0492 2562.558 1676.223 20.1501 2563.323 1675.767 19.0428 2563.458 1672.768 20.0957 2562.848 1673.592 19.0841 2563.385 1674.649 19.0832 2563.324 1675.261 18.7044 2563.518 1668.661 24.0859 2562.935 1672 22.7895 2563.156 1671.977 23.1485 2562.736 1672.521 22.458 2563.041 1672.013 22.5098 2563.25 1668.66 24.4606 2562.851 1668.826 25.0174 2562.489 1669.479 26.0726 2562.407 1675.138 14.2713 2563.495 1675.15 14.4657 2563.696 1675.204 14.4684 2563.693 1708.679 17.5 2563.498 1675.865 15.2389 2563.38 1675.7 15.0119 2563.623 1671.943 26.6507 2562.367 1671.994 29.0473 2561.644 1672.507 28.9853 2561.461 1673.269 29.9569 2561.124 1606 87.4747 2557.015 1606 98.3245 2528.482 1606 84.8386 2563.379 1606 110.4159 2502.891 1606 100.4442 2508.315 1720 56.5 2500 1676.671 23.1462 2437.454 1677.058 23.3085 2437.751 1677.426 23.3001 2437.276 1674.838 23.4526 2437.693 1675.42 23.2025 2437.69 1676.975 22.5245 2436.969 1679.763 18.4712 2437.078 1666.572 10.6094 2435.819 1879.255 -22.7584 2533 1873.752 -26.6195 2533 1871.488 -31.616 2533 1871.414 -24.8769 2534.78 1868.399 -33 2535.895 1872.49 -37.6896 2533 1871.488 -31.616 2533 1678.216 8.7014 2436.652 1680.308 18.6834 2437.117 1678.854 9.2441 2436.043 1678.327 14.0812 2436.459 1678.03 14.0455 2436.919 1681.661 5.0097 2436.275 1827.512 52.5 2389.949 1892.29 -52 2487.474 1896.066 -19.136 2467.423 1878.716 -20.7454 2466.158 1878.546 -20.1111 2465.22 1895.456 -17.2981 2466.798 1878.479 -19.8623 2464.105 1868.711 -42.6614 2451.238 1878.479 -19.8623 2464.105 1871.414 -24.8769 2465.22 1878.559 -50.2209 2462.219 1844.5 -52 2448.234 1675.93 15.9193 2563.539 1720.947 56.5 2515.174 1674.616 30.2742 2561.175 1675.92 29.0163 2561.611 1676.193 29.0311 2561.661 1679.859 23.2505 2562.851 1678.773 26.0546 2562.238 1680.069 25.0556 2562.604 1679.551 25.0284 2562.422 1675.947 20.1467 2563.288 1678.512 22.4875 2562.978 1675.544 19.5802 2563.227 1673.578 19.2402 2563.153 1674.999 19.1416 2563.3 1668.967 23.6796 2562.524 1672.003 22.5242 2563.248 1671.993 23.0065 2562.978 1669.716 23.1494 2562.858 1672.502 22.6018 2563.02 1672.009 22.5177 2563.249 1672.69 21.2377 2562.986 1672.689 22.4227 2562.822 1668.966 25.2433 2562.156 1669.695 25.8635 2562.228 1669.701 26.0948 2562.392 1675.122 14.1584 2563.239 1675.611 14.717 2563.65 1675.678 14.8625 2563.635 1675.531 14.6196 2563.662 1676.002 15.5186 2563.089 1675.865 14.9992 2563.399 1675.678 14.8625 2563.635 1671.95 26.3682 2562.391 1672.001 26.733 2562.343 1672.274 26.7183 2562.291 1672.684 28.9168 2561.257 1673.559 30.2737 2561.163 1606 96.9288 2536.009 1606 86.7896 2560.459 1606 105.3149 2503.444 1606 101.2443 2513.803 1694 56.5 2538.888 1676.803 23.2155 2437.737 1676.66 23.2027 2437.731 1674.681 23.6989 2437.73 1679.787 18.361 2437.334 1871.397 -33 2533 1868.515 -31.2247 2535.895 1678.549 8.4634 2436.666 1678.441 8.9094 2436.195 1680.71 18.6237 2437.385 1678.577 9.2429 2436.076 1678.327 14.0754 2436.458 1678.138 9.2301 2436.404 1828.926 31.5 2389.773 1885.567 -47.1245 2468.365 1884.597 -46.6411 2467.363 1893.628 -15.8032 2464.105 1878.965 -21.6728 2466.781 1893.628 -15.8032 2464.105 1869.802 -39.0156 2464.105 1869.952 -40.0676 2453.588 1882.614 -52 2467.806 1848.043 -36.8282 2442.544 1674.615 30.5538 2561.127 1674.618 29.9956 2561.122 1676.193 29.0311 2561.661 1675.681 28.9751 2561.474 1676.234 26.6488 2562.307 1678.477 26.3629 2562.318 1680.074 24.0579 2562.748 1679.553 24.4574 2562.51 1679.371 24.9957 2562.211 1675.946 21.4465 2563.148 1676.222 21.4502 2563.185 1675.31 19.314 2563.266 1672.768 20.7164 2562.779 1674.635 19.2398 2563.092 1673.258 19.3664 2562.898 1668.827 24.037 2562.717 1672.106 22.7679 2563.154 1672.192 22.9659 2562.974 1669.399 23.2566 2562.6 1671.962 23.1978 2562.459 1671.982 23.1485 2562.736 1672.502 22.6018 2563.02 1672.158 22.7392 2563.156 1672.769 21.2035 2562.721 1668.888 25.718 2562.53 1668.907 24.953 2562.231 1669.387 25.6479 2562.026 1675.438 14.2221 2563.215 1675.943 15.2181 2563.114 1675.943 14.9788 2563.132 1672.092 26.4037 2562.378 1671.965 26.6555 2562.365 1672.001 26.733 2562.343 1672.512 26.68 2562.151 1672.836 29.1198 2560.913 1673.558 30.553 2561.113 1673.56 29.9948 2561.112 1606 94.9779 2545.817 1606 101.2443 2526.531 1606 103.364 2506.364 1677.257 23.4807 2437.823 1674.37 24.0739 2437.309 1678.351 9.0848 2436.196 1680.89 18.9125 2436.939 1680.333 18.5732 2437.373 1678.328 11.6337 2436.313 1678.855 9.238201 2436.043 1678.029 9.220001 2436.661 1842 52.5 2389 1894.61 -18.644 2467 1871.414 -24.8769 2465.22 1878.479 -19.8623 2464.105 1894.61 -18.644 2467 1875.945 -46.4427 2459.08 1882.186 -50.4276 2466.235 1844.5 -48 2446.571 1674.622 29.7529 2560.975 1676.203 26.7001 2562.295 1675.929 26.6896 2562.249 1675.506 28.9124 2561.267 1676.203 26.7001 2562.295 1678.476 26.6466 2562.308 1678.479 26.0935 2562.229 1679.798 24.0532 2562.705 1679.215 25.255 2561.906 1675.698 21.4325 2563.021 1675.676 19.9098 2563.186 1676.222 21.7264 2563.154 1673.561 19.3066 2562.881 1672.927 19.3158 2563.404 1674.619 19.3067 2562.82 1674.921 19.3659 2562.801 1668.907 23.9787 2562.456 1672.249 23.0939 2562.73 1669.7 23.1978 2562.585 1671.966 23.1967 2562.459 1672.715 22.6758 2562.515 1672.435 22.7564 2562.998 1672.77 22.3806 2562.558 1669.135 25.4866 2562.083 1669.687 25.7039 2561.994 1671.953 26.0951 2562.315 1675.685 14.3823 2563.189 1675.865 14.63 2563.161 1672.2 26.1555 2562.292 1671.982 26.6699 2562.361 1672.482 26.4888 2562.201 1672.685 26.6228 2561.941 1672.776 28.8334 2561.008 1672.701 29.5735 2561.26 1673.563 29.7513 2560.966 1606 101.1964 2544.264 1606 103.1952 2516.723 1677.447 23.9775 2437.859 1681.067 18.4919 2437.384 1678.329 9.238101 2436.201 1842 31.5 2389 1884.06 -49.2048 2467.761 1883.316 -46.0031 2467 1871.935 -25.2767 2466.158 1871.774 -24.0322 2464.105 1879.255 -22.7584 2467 1875.2 -44.7789 2464.105 1875.701 -45.5116 2459.762 1875.832 -47.5345 2458.646 1844.284 -39.654 2443.447 1674.929 29.5244 2560.782 1675.687 26.6579 2562.114 1675.356 29.1252 2560.927 1675.508 26.6087 2561.907 1676.208 26.6672 2562.303 1676.234 26.6488 2562.307 1676.23 26.3655 2562.323 1678.481 25.8724 2562.051 1680.05 23.7783 2562.784 1679.372 24.0095 2562.361 1679.554 24.0363 2562.57 1679.274 24.9551 2561.953 1679.044 25.5062 2561.86 1675.698 21.9851 2562.958 1675.699 20.1338 2563.161 1675.945 21.9989 2563.086 1675.51 20.1128 2562.957 1677.702 22.4886 2563.007 1673 19.5374 2562.898 1675.31 19.314 2563.266 1672.289 22.9122 2562.978 1672.38 23.0217 2562.736 1672.077 23.162 2562.459 1671.962 23.1978 2562.459 1671.968 23.1961 2562.459 1671.952 25.8657 2562.148 1675.531 14.6196 2563.662 1675.611 14.717 2563.65 1672.395 26.3193 2562.247 1672.203 26.4967 2562.351 1673.007 29.3593 2560.827 1673.263 29.5183 2560.768 1606 96.9288 2542.897 1606 107.8094 2524.024 1606 97.6139 2539.454 1843.211 52.5 2389.007 1882.486 -46.9746 2466.724 1884.597 -46.6411 2467.363 1872.696 -25.8612 2466.781 1874.028 -26.009 2467 1883.316 -46.0031 2467 1875.138 -44.8852 2460.588 1878.745 -47.1161 2463.356 1875.38 -48.6181 2458.53 1879.041 -48.0532 2462.736 1842 -48 2446.571 1674.626 29.5768 2560.753 1675.231 29.8131 2561.197 1673.566 29.5737 2560.745 1675.948 26.5715 2562.277 1675.719 26.4649 2562.16 1675.415 28.8358 2561.016 1675.185 29.3662 2560.844 1675.412 26.548 2561.652 1676.218 26.6534 2562.306 1676.226 26.0946 2562.239 1678.786 25.6718 2561.824 1679.779 23.822 2562.736 1679.098 25.9009 2562.269 1675.51 21.9623 2562.752 1675.51 21.4101 2562.816 1676.222 22.0025 2563.123 1675.345 19.7876 2562.738 1676.222 21.8644 2563.138 1672.829 19.7932 2562.881 1675.175 19.5347 2562.772 1672.42 23.0543 2562.459 1672.191 23.1261 2562.459 1672.02 23.1799 2562.459 1671.97 23.1956 2562.459 1671.948 25.7087 2561.912 1672.278 25.9435 2562.119 1672.533 26.1595 2562.061 1672.396 26.3206 2562.246 1672.774 26.5537 2561.686 1672.951 29.8116 2561.176 1606 103.1952 2523.612 1606 103.8803 2520.167 1844.517 31.5 2389.029 1881.18 -47.3431 2466.008 1882.977 -46.5541 2466.929 1870.273 -33 2466.781 1876.698 -42.1824 2467 1878.132 -46.472 2464.105 1878.976 -49.1426 2462.337 1840.525 -42.4799 2444.351 1676.208 26.6672 2562.303 1675.549 26.3603 2561.967 1675.458 26.2704 2561.719 1676.218 26.6534 2562.306 1676.059 26.4279 2562.31 1678.482 25.7272 2561.807 1676.223 25.8701 2562.065 1679.859 23.2505 2562.851 1679.273 23.9758 2562.102 1679.358 23.8543 2562.383 1679.538 23.8484 2562.596 1675.51 22.4008 2562.697 1675.697 22.426 2562.903 1675.944 22.4414 2563.032 1675.404 20.0864 2562.701 1676.222 21.9335 2563.13 1672.552 19.9119 2563.363 1671.991 23.1889 2562.459 1671.977 23.1933 2562.459 1672.42 23.0543 2562.459 1672.315 25.797 2561.88 1672.601 26.0371 2561.817 1858.885 52.5 2390.292 1875.656 -43.9872 2466.158 1882.186 -50.4276 2466.235 1876.137 -43.1557 2466.781 1873.752 -26.6195 2467 1871.488 -31.616 2467 1869.313 -33 2466.158 1872.49 -37.6896 2467 1875.2 -44.7789 2464.105 1878.559 -50.2209 2462.219 1839.5 -48 2446.571 1675.916 26.2033 2562.219 1675.808 26.009 2562.043 1679.62 23.3863 2562.793 1679.26 23.8389 2562.122 1675.406 22.3689 2562.441 1675.405 21.9334 2562.496 1675.404 21.3818 2562.56 1676.22 22.4453 2563.07 1676.222 22.0025 2563.123 1860.059 31.5 2390.479 1875.328 -44.5559 2465.22 1871.397 -33 2467 1871.844 -38.8634 2466.781 1871.414 -24.8769 2465.22 1871.488 -31.616 2467 1836.87 -44.8599 2445.947 1675.751 25.8757 2561.803 1676.221 25.7201 2561.824 1679.012 22.8587 2562.87 1679.249 23.5617 2562.423 1679.408 23.4945 2562.644 1675.552 22.8391 2562.364 1675.698 22.4534 2562.899 1677.702 22.4886 2563.007 1874.222 52.5 2393.78 1870.444 -39.6718 2465.22 1871.013 -39.3435 2466.158 1872.49 -37.6896 2467 1868.656 -33 2465.22 1839.5 -52 2448.234 1675.757 25.8683 2561.804 1675.757 25.8683 2561.804 1679.103 23.1691 2562.69 1679.122 22.6098 2562.944 1679.162 23.5797 2562.157 1679.323 23.3725 2562.661 1675.733 22.629 2562.874 1676.258 22.4985 2563.061 1875.243 31.5 2394.095 1875.2 -44.7789 2464.105 1872.949 -38.1787 2467 1868.515 -31.2247 2464.105 1833.214 -47.24 2447.543 1678.913 23.0657 2562.707 1678.509 22.7586 2562.897 1678.792 23.26 2562.201 1675.811 22.7716 2562.85 1676.231 22.4783 2563.065 1888.911 52.5 2399.4 1869.802 -39.0156 2464.105 1868.399 -33 2464.105 1825.903 -52 2450.737 1678.836 23.2053 2562.474 1678.854 23.0432 2562.711 1678.512 22.4875 2562.978 1675.72 23.0195 2562.328 1676.22 22.4453 2563.07 1675.811 22.7716 2562.85 1676.243 22.4912 2563.063 1889.77 31.5 2399.805 1869.802 -39.0156 2464.105 1678.503 22.9848 2562.728 1677.702 22.4886 2563.007 1678.485 23.1986 2562.214 1675.906 22.8713 2562.832 1676.25 22.496 2563.062 1902.658 52.5 2407.04 1678.495 23.1379 2562.49 1677.693 22.9869 2562.754 1677.699 22.7605 2562.926 1676.238 23.1425 2562.561 1675.906 22.8713 2562.832 1676.255 22.7693 2562.976 1903.352 31.5 2407.497 1677.684 23.1392 2562.515 1677.673 23.1983 2562.238 1676.052 22.9571 2562.814 1676.227 23.198 2562.283 1676.258 22.4985 2563.061 1915.187 52.5 2416.546 1677.364 22.9884 2562.765 1676.2 22.9915 2562.804 1915.722 31.5 2417.017 1676.248 22.9934 2562.802 1926.248 52.5 2427.727 1926.633 31.5 2428.179 1935.616 52.5 2440.36 1935.871 31.5 2440.761 1943.106 52.5 2454.189 1943.252 31.5 2454.514 1948.565 52.5 2468.939 1948.632 31.5 2469.167 1951.886 52.5 2484.312 1951.902 31.5 2484.429 1953 52.5 2500 1953 31.5 2500 1951.902 31.5 2515.57 1951.886 52.5 2515.688 1948.632 31.5 2530.833 1948.565 52.5 2531.061 1943.252 31.5 2545.486 1943.106 52.5 2545.81 1935.871 31.5 2559.239 1935.616 52.5 2559.64 1926.633 31.5 2571.821 1926.248 52.5 2572.273 1915.722 31.5 2582.983 1915.187 52.5 2583.454 1903.352 31.5 2592.503 1902.658 52.5 2592.96 1889.77 31.5 2600.195 1888.911 52.5 2600.6 1875.243 31.5 2605.905 1874.222 52.5 2606.22 1860.059 31.5 2609.521 1858.885 52.5 2609.708 1844.517 31.5 2610.971 1843.211 52.5 2610.993 1828.926 31.5 2610.227 1827.512 52.5 2610.05 1813.593 31.5 2607.303 1812.103 52.5 2606.898 1798.822 31.5 2602.258 1797.295 52.5 2601.6 1784.905 31.5 2595.19 1783.384 52.5 2594.261 1772.117 31.5 2586.239 1770.651 52.5 2585.031 1770.651 30.9593 2585.031 1855.76 -30.9767 2558.213 1848.043 -36.8282 2557.456 1851.812 -33.7733 2558.033 1853.721 -32.2397 2558.219 1569.8 2 2377.5 1575.8 2 2377.5 1575.8 -2 2377.5 1569.8 -2 2377.5 1569.8 -2 2376.016 1569.8 -2 2377.5 1575.8 -2 2377.5 1581.042 -2 2376.016 1569.8 2 2376.016 1569.8 2 2377.5 1569.8 26.0274 2378.762 1569.8 9.7545 2450.961 1569.8 0 2450 1569.8 19.1342 2453.806 1569.8 -2 2377.5 1569.8 49.0648 2386.12 1569.8 -9.7545 2450.961 1569.8 27.7785 2458.426 1569.8 -26.0274 2378.762 1569.8 70.236 2397.81 1569.8 -19.1342 2453.806 1569.8 -2 2376.016 1569.8 35.3553 2464.645 1569.8 -49.0648 2386.12 1569.8 88.7355 2413.386 1569.8 -27.7785 2458.426 1569.8 41.5735 2472.221 1569.8 -70.236 2397.81 1569.8 103.8598 2432.257 1569.8 -35.3553 2464.645 1569.8 46.194 2480.865 1569.8 -88.7355 2413.386 1569.8 115.0336 2453.705 1569.8 -41.5735 2472.221 1569.8 49.0393 2490.246 1569.8 -103.8598 2432.257 1569.8 121.8318 2476.913 1569.8 -46.194 2480.865 1569.8 50 2500 1569.8 -115.0336 2453.705 1569.8 123.996 2501 1569.8 -49.0393 2490.246 1569.8 49.0393 2509.754 1569.8 -121.8318 2476.913 1569.8 121.4436 2525.049 1569.8 -50 2500 1569.8 46.194 2519.134 1569.8 -123.996 2501 1569.8 114.2719 2548.145 1569.8 -49.0393 2509.754 1569.8 41.5735 2527.779 1569.8 -121.4436 2525.049 1569.8 102.7537 2569.409 1569.8 -46.194 2519.134 1569.8 35.3553 2535.355 1569.8 -114.2719 2548.145 1569.8 87.32701 2588.034 1569.8 -41.5735 2527.779 1569.8 27.7785 2541.573 1569.8 -102.7537 2569.409 1569.8 68.5786 2603.31 1569.8 -35.3553 2535.355 1569.8 19.1342 2546.194 1569.8 -87.32701 2588.034 1569.8 47.2217 2614.656 1569.8 -27.7785 2541.573 1569.8 9.7545 2549.039 1569.8 -68.5786 2603.31 1569.8 24.0686 2621.642 1569.8 -19.1342 2546.194 1569.8 0 2550 1569.8 -47.2217 2614.656 1569.8 0 2624 1569.8 -9.7545 2549.039 1569.8 -24.0686 2621.642 1589.856 -123.9575 2503.246 1606 -110.4159 2502.891 1589.856 -121.0314 2526.971 1606 -107.8094 2524.024 1589.856 -113.6073 2549.693 1606 -101.1964 2544.264 1589.856 -101.9613 2570.568 1606 -90.8226 2562.859 1589.856 -86.526 2588.821 1606 -77.0736 2579.118 1589.856 -67.8752 2603.773 1606 -60.4603 2592.437 1589.856 -46.7019 2614.869 1606 -41.6 2602.32 1589.856 -23.7931 2621.696 1606 -21.1938 2608.401 1606 0 2610.454 1589.856 0 2624 1606 21.1938 2608.401 1589.856 23.7931 2621.696 1606 41.6 2602.32 1589.856 46.7019 2614.869 1606 60.4603 2592.437 1589.856 67.8752 2603.773 1606 77.0736 2579.118 1589.856 86.526 2588.821 1606 90.8226 2562.859 1589.856 101.9613 2570.568 1606 101.1964 2544.264 1589.856 113.6073 2549.693 1606 107.8094 2524.024 1589.856 121.0314 2526.971 1606 110.4159 2502.891 1589.856 123.9575 2503.246 1589.907 124 2500 1589.856 123.9575 2503.246 1606 110.4159 2502.891 1606 110.4916 2500 1606 110.4159 2497.109 1589.856 123.9575 2496.754 1589.856 121.0314 2473.029 1606 107.8094 2475.976 1589.856 113.6073 2450.307 1606 101.1964 2455.736 1589.856 101.9613 2429.432 1606 90.8226 2437.141 1589.856 86.526 2411.179 1606 77.0736 2420.882 1589.856 67.8752 2396.226 1606 60.4603 2407.563 1589.856 46.7019 2385.131 1606 41.6 2397.679 1589.856 23.7931 2378.304 1606 21.1938 2391.599 1589.856 0 2376 1606 0 2389.546 1606 -21.1938 2391.599 1589.856 -23.7931 2378.304 1606 -41.6 2397.679 1589.856 -46.7019 2385.131 1606 -60.4603 2407.563 1589.856 -67.8752 2396.226 1606 -77.0736 2420.882 1589.856 -86.526 2411.179 1606 -90.8226 2437.141 1589.856 -101.9613 2429.432 1606 -101.1964 2455.736 1589.856 -113.6073 2450.307 1606 -107.8094 2475.976 1589.856 -121.0314 2473.029 1606 -110.4159 2497.109 1589.856 -123.9575 2496.754 1589.907 -124 2500 1606 -110.4916 2500 1569.8 2 2376.016 1581.042 2 2376.016 1575.8 2 2377.5 1569.8 2 2377.5 1569.8 2 2376.016 1569.8 26.0274 2378.762 1581.042 2 2376.016 1589.856 23.7931 2378.304 1589.856 46.7019 2385.131 1589.856 0 2376 1569.8 49.0648 2386.12 1581.042 0 2376 1589.856 67.8752 2396.226 1581.042 -2 2376.016 1569.8 70.236 2397.81 1589.856 -23.7931 2378.304 1575.8 -2 2377.5 1589.856 86.526 2411.179 1569.8 -26.0274 2378.762 1575.8 2 2377.5 1569.8 88.7355 2413.386 1569.8 -2 2376.016 1589.856 -46.7019 2385.131 1581.042 2 2376.016 1589.856 101.9613 2429.432 1569.8 -49.0648 2386.12 1569.8 103.8598 2432.257 1589.856 -67.8752 2396.226 1589.856 113.6073 2450.307 1569.8 -70.236 2397.81 1569.8 115.0336 2453.705 1589.856 -86.526 2411.179 1589.856 121.0314 2473.029 1569.8 -88.7355 2413.386 1569.8 121.8318 2476.913 1589.856 -101.9613 2429.432 1589.856 123.9575 2496.754 1569.8 -103.8598 2432.257 1569.8 123.996 2501 1589.856 -113.6073 2450.307 1589.907 124 2500 1569.8 -115.0336 2453.705 1589.856 123.9575 2503.246 1589.856 -121.0314 2473.029 1569.8 121.4436 2525.049 1569.8 -121.8318 2476.913 1589.856 121.0314 2526.971 1589.856 -123.9575 2496.754 1569.8 114.2719 2548.145 1569.8 -123.996 2501 1589.856 113.6073 2549.693 1589.907 -124 2500 1569.8 102.7537 2569.409 1589.856 -123.9575 2503.246 1589.856 101.9613 2570.568 1569.8 -121.4436 2525.049 1569.8 87.32701 2588.034 1589.856 -121.0314 2526.971 1589.856 86.526 2588.821 1569.8 -114.2719 2548.145 1569.8 68.5786 2603.31 1589.856 -113.6073 2549.693 1589.856 67.8752 2603.773 1569.8 -102.7537 2569.409 1569.8 47.2217 2614.656 1589.856 -101.9613 2570.568 1589.856 46.7019 2614.869 1569.8 -87.32701 2588.034 1569.8 24.0686 2621.642 1589.856 -86.526 2588.821 1589.856 23.7931 2621.696 1569.8 -68.5786 2603.31 1569.8 0 2624 1589.856 -67.8752 2603.773 1589.856 0 2624 1569.8 -47.2217 2614.656 1589.856 -23.7931 2621.696 1589.856 -46.7019 2614.869 1569.8 -24.0686 2621.642 1719.902 39.1227 2564.249 1720.446 49.7078 2560.863 1718.938 44.1507 2563.229 1755.981 52.5286 2424.041 1745.038 52.5 2440.046 1757.69 52.5 2423.268 1744.521 53.7519 2432.015 1741.234 53.5557 2437.694 1735.681 52.5 2458.862 1734.865 56.5 2441.637 1795.806 52.5 2480.865 1731.51 53.5557 2457.248 1792.961 52.5 2490.246 1800.426 52.5 2472.221 1725.541 53.5557 2478.255 1728.438 56.5 2455.416 1729.937 52.5 2479.075 1757.69 52.5 2423.268 1723.775 56.5 2469.887 1792 52.5 2500 1806.645 52.5 2464.645 1720.947 56.5 2484.826 1723.528 53.5557 2500 1728 52.5 2500 1770.651 52.5 2414.969 1729.937 52.5 2520.925 1814.222 52.5 2458.426 1720 56.5 2500 1725.541 53.5557 2521.745 1792.961 52.5 2509.754 1783.384 52.5 2405.738 1720.947 56.5 2515.174 1735.681 52.5 2541.138 1731.51 53.5557 2542.751 1822.866 52.5 2453.806 1723.775 56.5 2530.113 1795.806 52.5 2519.134 1797.295 52.5 2398.4 1741.234 53.5557 2562.305 1745.038 52.5 2559.954 1728.438 56.5 2544.583 1812.103 52.5 2393.102 1734.865 56.5 2558.362 1800.426 52.5 2527.779 1832.246 52.5 2450.961 1744.539 53.748 2567.998 1757.69 52.5 2576.732 1827.512 52.5 2389.949 1755.981 52.5286 2575.958 1806.645 52.5 2535.355 1842 52.5 2450 1770.651 52.5 2585.031 1843.211 52.5 2389.007 1814.222 52.5 2541.573 1858.885 52.5 2390.292 1783.384 52.5 2594.261 1851.754 52.5 2450.961 1822.866 52.5 2546.194 1874.222 52.5 2393.78 1797.295 52.5 2601.6 1861.134 52.5 2453.806 1812.103 52.5 2606.898 1888.911 52.5 2399.4 1832.246 52.5 2549.039 1869.779 52.5 2458.426 1827.512 52.5 2610.05 1902.658 52.5 2407.04 1842 52.5 2550 1915.187 52.5 2416.546 1843.211 52.5 2610.993 1877.355 52.5 2464.645 1858.885 52.5 2609.708 1926.248 52.5 2427.727 1851.754 52.5 2549.039 1883.574 52.5 2472.221 1874.222 52.5 2606.22 1935.616 52.5 2440.36 1861.134 52.5 2546.194 1943.106 52.5 2454.189 1888.911 52.5 2600.6 1888.194 52.5 2480.865 1869.779 52.5 2541.573 1948.565 52.5 2468.939 1902.658 52.5 2592.96 1891.039 52.5 2490.246 1915.187 52.5 2583.454 1951.886 52.5 2484.312 1877.355 52.5 2535.355 1892 52.5 2500 1926.248 52.5 2572.273 1953 52.5 2500 1883.574 52.5 2527.779 1951.886 52.5 2515.688 1935.616 52.5 2559.64 1891.039 52.5 2509.754 1943.106 52.5 2545.81 1948.565 52.5 2531.061 1888.194 52.5 2519.134 1734.508 44.7192 2432.482 1750.308 47.8781 2426.172 1750.675 39.5339 2426.053 1734.026 39.2997 2432.647 1719.902 39.1227 2435.751 1756.717 27.5 2423.717 1769.515 28.8466 2415.899 1761.696 27.6406 2421.574 1770.115 28.3 2416.3 1785.153 31.5 2589.515 1772.117 31.5 2586.239 1779.799 31.5 2581.804 1784.905 31.5 2595.19 1785.838 31.5 2586.071 1785.838 31.5 2592.959 1787.789 31.5 2583.151 1787.789 31.5 2595.879 1790.128 31.5 2578.891 1790.709 31.5 2597.83 1790.709 31.5 2581.2 1798.822 31.5 2602.258 1794.153 31.5 2580.515 1794.153 31.5 2598.515 1800.596 31.5 2581.26 1797.597 31.5 2597.83 1797.597 31.5 2581.2 1800.517 31.5 2595.879 1800.517 31.5 2583.151 1803.536 31.5 2597.129 1802.468 31.5 2586.071 1804.221 31.5 2593.685 1804.221 31.5 2600.573 1809.092 31.5 2588.814 1802.468 31.5 2592.959 1806.172 31.5 2603.493 1812.536 31.5 2588.13 1803.153 31.5 2589.515 1806.172 31.5 2590.765 1809.092 31.5 2605.444 1817.261 31.5 2587.78 1813.593 31.5 2607.303 1801.152 31.2564 2580.169 1815.98 31.5 2588.814 1812.536 31.5 2606.129 1817.593 31.2564 2586.602 1818.9 31.5 2590.765 1815.98 31.5 2605.444 1801.623 30.5627 2579.244 1834.879 31.5 2590.922 1828.607 31.5 2592.696 1825.687 31.5 2607.375 1817.875 30.5627 2585.603 1790.699 30.5627 2576.621 1834.974 31.2564 2589.701 1832.051 31.5 2592.011 1820.851 31.5 2593.685 1823.736 31.5 2604.456 1828.926 31.5 2610.227 1835.055 30.5627 2588.666 1818.063 29.5246 2584.935 1790.699 29.5246 2575.927 1790.699 31.2564 2577.659 1852.77 31.5 2590.562 1835.495 31.5 2592.696 1825.687 31.5 2594.647 1818.9 31.5 2603.493 1828.607 31.5 2609.326 1835.109 29.5246 2587.974 1801.938 29.5246 2578.625 1778.321 29.5246 2579.244 1800.596 31.5 2581.26 1779.187 31.2564 2580.744 1852.503 30.5627 2588.315 1848.504 31.5 2592.696 1852.626 31.2564 2589.345 1838.415 31.5 2594.647 1821.536 31.5 2597.129 1823.051 31.5 2601.011 1832.051 31.5 2610.011 1852.421 29.5246 2587.626 1818.129 28.3 2584.701 1778.668 30.5627 2579.845 1790.045 28.3 2575.692 1790.699 28.3 2575.684 1790.699 31.5 2578.884 1790.128 31.5 2578.891 1845.585 31.5 2594.647 1851.949 31.5 2592.011 1870.247 31.5 2586.715 1823.736 31.5 2597.567 1820.851 31.5 2600.573 1844.517 31.5 2610.971 1842 28.3 2588 1802.049 28.3 2578.408 1835.128 28.3 2587.731 1769.914 30.0559 2584.423 1778.199 28.3 2579.033 1770.651 30.9593 2585.031 1779.799 31.5 2581.804 1869.868 31.2564 2585.551 1869.546 30.5627 2584.563 1855.393 31.5 2592.696 1868.02 31.5 2588.814 1840.366 31.5 2597.567 1835.495 31.5 2609.326 1852.392 28.3 2587.384 1769.515 28.8466 2584.101 1772.117 31.5 2586.239 1869.332 29.5246 2583.904 1865.1 31.5 2590.765 1871.464 31.5 2588.13 1874.545 31.2564 2582.713 1843.634 31.5 2597.567 1838.415 31.5 2607.375 1841.752 27.7796 2588 1842 27.7791 2588 1770.115 28.3 2583.7 1873.818 30.5627 2581.972 1873.332 29.5246 2581.477 1858.313 31.5 2594.647 1875.403 31.5 2583.587 1841.051 31.5 2601.011 1845.585 31.5 2607.375 1827.802 27.7498 2586.847 1855.666 27.7514 2586.932 1869.256 28.3 2583.673 1873.162 28.3 2581.303 1863.149 31.5 2593.685 1874.908 31.5 2588.814 1877.472 31.2564 2578.091 1878.629 31.5 2578.493 1842.949 31.5 2601.011 1843.634 31.5 2604.456 1848.504 31.5 2609.326 1875.836 29.5246 2577.523 1875.606 28.3 2577.443 1860.264 31.5 2597.567 1881.532 31.5 2586.071 1876.492 30.5627 2577.751 1840.366 31.5 2604.456 1851.949 31.5 2610.011 1862.464 31.5 2597.129 1877.828 31.5 2590.765 1879.97 30.5627 2571.208 1880.801 31.2564 2571.831 1883.483 31.5 2583.151 1860.059 31.5 2609.521 1879.415 29.5246 2570.792 1860.949 31.5 2601.011 1880.847 31.5 2589.515 1881.824 31.5 2572.589 1886.403 31.5 2581.2 1855.393 31.5 2609.326 1879.442 28.3 2570.354 1863.149 31.5 2600.573 1879.779 31.5 2593.685 1885.275 30.5627 2566.034 1881.974 31.5 2572.311 1881.974 31.5 2572.311 1858.313 31.5 2607.375 1884.873 29.5246 2565.469 1860.264 31.5 2604.456 1881.532 31.5 2592.959 1885.877 31.2564 2566.88 1889.847 31.5 2580.515 1885.334 28.3 2564.855 1865.1 31.5 2603.493 1880.464 31.5 2597.129 1891.691 29.5246 2562.059 1891.902 30.5627 2562.719 1886.65 31.5 2567.946 1887.112 31.5 2567.515 1879.909 26.6308 2569.768 1883.483 31.5 2595.879 1892.218 31.2564 2563.708 1887.112 31.5 2567.515 1898.076 31.5 2575.017 1868.02 31.5 2605.444 1876.146 27.4659 2576.028 1885.319 25.9048 2564.865 1892.671 28.3 2561.516 1879.779 31.5 2600.573 1899.223 30.5627 2561.579 1899.223 31.2564 2562.617 1893.509 31.5 2564.604 1893.291 31.5 2581.2 1871.464 31.5 2606.129 1875.606 28.3 2577.443 1891.928 26.4194 2561.729 1899.223 29.5246 2560.885 1886.403 31.5 2597.83 1893.509 31.5 2564.604 1892.646 31.5 2564.997 1900.027 31.5 2572.097 1897.391 31.5 2578.46 1875.243 31.5 2605.905 1875.606 27.503 2577.443 1899.223 28.3 2560.641 1899.163 27.0632 2560.642 1889.77 31.5 2600.195 1900.633 30.5627 2561.62 1900.674 29.5246 2560.927 1899.223 31.5 2563.841 1900.5 31.5 2563.879 1896.211 31.5 2583.151 1874.908 31.5 2605.444 1900.688 28.3 2560.684 1900.688 28.3 2560.684 1889.847 31.5 2598.515 1877.828 31.5 2603.493 1900.572 31.2564 2562.656 1902.947 31.5 2570.145 1898.076 31.5 2581.904 1900.688 27.0644 2560.684 1893.291 31.5 2597.83 1905.284 29.5246 2560.127 1905.556 30.5627 2560.766 1901.274 28.3 2560.701 1906.442 31.5 2562.848 1898.161 31.5 2586.071 1903.352 31.5 2592.503 1905.962 31.2564 2561.721 1906.391 31.5 2569.461 1900.027 31.5 2584.824 1901.274 27.0618 2560.701 1896.211 31.5 2595.879 1905.189 28.3 2559.903 1909.585 30.5627 2557.811 1910.374 31.2564 2558.486 1911.461 31.5 2564.391 1898.847 31.5 2589.515 1898.161 31.5 2592.959 1909.058 29.5246 2557.36 1912.145 31.5 2560.947 1909.835 31.5 2570.145 1911.305 31.5 2559.281 1902.947 31.5 2586.776 1905.192 27.044 2559.902 1908.873 28.3 2557.201 1918.106 29.5246 2544.664 1918.704 30.5627 2545.015 1912.145 31.5 2567.835 1919.599 31.2564 2545.54 1908.873 28.3 2557.201 1917.895 28.3 2544.54 1914.097 31.5 2558.027 1912.755 31.5 2572.097 1920.655 31.5 2546.16 1906.391 31.5 2587.46 1908.873 26.9733 2557.201 1908.873 28.3 2557.201 1924.778 29.5246 2530.573 1925.429 30.5627 2530.814 1914.097 31.5 2570.755 1927.551 31.5 2531.598 1909.835 31.5 2586.776 1908.873 26.9733 2557.201 1924.549 28.3 2530.489 1926.402 31.2564 2531.174 1917.016 31.5 2556.076 1914.706 31.5 2575.017 1925.151 31.5 2541.483 1912.755 31.5 2584.824 1917.891 26.6421 2544.549 1928.866 29.5246 2515.529 1929.549 30.5627 2515.651 1920.461 31.5 2555.391 1917.016 31.5 2572.706 1928.071 31.5 2539.532 1923.2 31.5 2544.403 1930.571 31.2564 2515.833 1915.722 31.5 2582.983 1924.535 26.2751 2530.529 1928.627 28.3 2515.486 1923.2 31.5 2551.291 1915.391 31.5 2578.46 1930.814 31.5 2532.908 1922.515 31.5 2547.847 1931.777 31.5 2516.049 1914.706 31.5 2581.904 1930.244 29.5246 2500 1930.937 30.5627 2500 1923.905 31.5 2556.076 1920.461 31.5 2573.391 1930.129 31.5 2529.464 1932.765 31.5 2535.828 1930.814 31.5 2526.02 1933.2 31.5 2500 1928.624 25.8815 2515.498 1930 28.3 2500 1931.975 31.2564 2500 1925.151 31.5 2554.211 1931.515 31.5 2538.847 1932.765 31.5 2523.1 1934.011 31.5 2509.949 1928.627 28.3 2484.513 1928.866 29.5246 2484.471 1929.549 30.5627 2484.349 1926.825 31.5 2558.027 1923.905 31.5 2572.706 1935.685 31.5 2537.779 1935.685 31.5 2521.149 1934.696 31.5 2513.393 1934.696 31.5 2506.505 1930.571 31.2564 2484.166 1930 25.4757 2500 1928.628 25.881 2484.524 1928.071 31.5 2556.162 1926.633 31.5 2571.821 1934.959 31.5 2539.532 1936.647 31.5 2516.312 1936.647 31.5 2503.585 1931.777 31.5 2483.951 1924.565 26.273 2469.553 1924.549 28.3 2469.511 1924.778 29.5246 2469.426 1925.429 30.5627 2469.186 1928.775 31.5 2560.947 1926.825 31.5 2570.755 1939.13 31.5 2538.464 1939.567 31.5 2518.263 1939.567 31.5 2501.634 1926.402 31.2564 2468.826 1934.011 31.5 2490.051 1931.515 31.5 2556.847 1928.775 31.5 2567.835 1937.879 31.5 2541.483 1939.13 31.5 2520.464 1939.567 31.5 2498.366 1927.551 31.5 2468.402 1934.696 31.5 2486.607 1934.696 31.5 2493.495 1917.902 26.6416 2455.471 1917.895 28.3 2455.459 1918.106 29.5246 2455.336 1918.704 30.5627 2454.985 1935.871 31.5 2559.239 1942.574 31.5 2537.779 1943.011 31.5 2518.949 1936.647 31.5 2496.415 1943.011 31.5 2499.051 1920.655 31.5 2453.84 1930.814 31.5 2473.98 1936.647 31.5 2483.687 1919.599 31.2564 2454.459 1934.959 31.5 2556.162 1929.461 31.5 2564.391 1939.83 31.5 2544.403 1942.574 31.5 2521.149 1943.011 31.5 2500.949 1925.151 31.5 2458.517 1932.765 31.5 2476.9 1930.129 31.5 2470.536 1935.685 31.5 2478.851 1908.873 26.9733 2442.798 1908.873 28.3 2442.798 1909.585 30.5627 2442.189 1910.374 31.2564 2441.514 1937.879 31.5 2554.211 1943.252 31.5 2545.486 1946.455 31.5 2518.263 1946.455 31.5 2498.366 1928.071 31.5 2460.468 1923.2 31.5 2455.597 1930.814 31.5 2467.092 1939.13 31.5 2479.536 1909.058 29.5246 2442.64 1939.83 31.5 2551.291 1945.493 31.5 2535.828 1940.515 31.5 2547.847 1945.493 31.5 2523.1 1946.455 31.5 2501.634 1922.515 31.5 2452.153 1911.305 31.5 2440.718 1939.567 31.5 2481.736 1905.189 28.3 2440.097 1905.284 29.5246 2439.873 1905.556 30.5627 2439.234 1947.444 31.5 2532.908 1949.375 31.5 2516.312 1949.375 31.5 2496.415 1931.515 31.5 2461.153 1923.2 31.5 2448.709 1906.442 31.5 2437.152 1942.574 31.5 2478.851 1905.962 31.2564 2438.279 1948.632 31.5 2530.833 1947.444 31.5 2526.02 1953 31.5 2500 1932.765 31.5 2464.172 1920.461 31.5 2444.609 1943.011 31.5 2481.051 1901.274 28.3 2439.299 1900.633 30.5627 2438.38 1900.572 31.2564 2437.343 1948.129 31.5 2529.464 1951.902 31.5 2515.57 1949.375 31.5 2503.585 1951.326 31.5 2493.495 1934.959 31.5 2460.468 1923.905 31.5 2443.924 1917.016 31.5 2443.924 1900.5 31.5 2436.121 1945.493 31.5 2476.9 1901.274 27.0618 2439.299 1900.674 29.5246 2439.072 1951.326 31.5 2513.393 1951.326 31.5 2506.505 1952.011 31.5 2490.051 1935.685 31.5 2462.221 1925.151 31.5 2445.789 1914.097 31.5 2441.973 1946.455 31.5 2481.736 1905.186 27.044 2440.095 1900.688 27.0644 2439.316 1900.688 28.3 2439.316 1899.223 30.5627 2438.421 1899.223 31.2564 2437.383 1952.011 31.5 2509.949 1951.902 31.5 2484.429 1937.879 31.5 2458.517 1926.825 31.5 2441.973 1911.305 31.5 2440.718 1947.444 31.5 2473.98 1908.873 28.3 2442.798 1899.223 29.5246 2439.115 1899.223 31.5 2436.159 1951.326 31.5 2486.607 1939.13 31.5 2461.536 1928.071 31.5 2443.838 1912.145 31.5 2439.053 1949.375 31.5 2483.687 1908.873 26.9733 2442.798 1899.223 28.3 2439.359 1891.902 30.5627 2437.28 1892.218 31.2564 2436.291 1893.509 31.5 2435.396 1939.83 31.5 2455.597 1928.775 31.5 2439.053 1906.442 31.5 2437.152 1892.671 28.3 2438.484 1891.691 29.5246 2437.941 1942.574 31.5 2462.221 1931.515 31.5 2443.153 1911.461 31.5 2435.609 1948.129 31.5 2470.536 1884.873 29.5246 2434.531 1885.275 30.5627 2433.966 1892.646 31.5 2435.003 1943.252 31.5 2454.514 1935.871 31.5 2440.761 1906.391 31.5 2430.539 1948.632 31.5 2469.167 1885.334 28.3 2435.145 1885.877 31.2564 2433.12 1887.112 31.5 2432.485 1940.515 31.5 2452.153 1945.493 31.5 2464.172 1934.959 31.5 2443.838 1929.461 31.5 2435.609 1909.835 31.5 2429.854 1900.5 31.5 2436.121 1947.444 31.5 2467.092 1891.942 26.4212 2438.275 1879.415 29.5246 2429.208 1879.442 28.3 2429.645 1879.97 30.5627 2428.791 1939.83 31.5 2448.709 1937.879 31.5 2445.789 1928.775 31.5 2432.165 1912.145 31.5 2432.165 1902.947 31.5 2429.854 1899.163 27.0632 2439.358 1885.342 25.9044 2435.15 1879.918 26.6285 2430.243 1880.801 31.2564 2428.169 1886.65 31.5 2432.053 1926.633 31.5 2428.179 1912.755 31.5 2427.903 1900.027 31.5 2427.903 1900.688 28.3 2439.316 1875.606 28.3 2422.557 1875.836 29.5246 2422.477 1876.146 27.4659 2423.972 1877.472 31.2564 2421.909 1881.974 31.5 2427.689 1926.825 31.5 2429.245 1914.097 31.5 2429.245 1893.509 31.5 2435.396 1900.688 27.0644 2439.316 1876.492 30.5627 2422.249 1878.629 31.5 2421.507 1881.824 31.5 2427.411 1923.905 31.5 2427.294 1914.706 31.5 2424.983 1898.076 31.5 2424.983 1875.606 27.503 2422.557 1873.332 29.5246 2418.523 1873.818 30.5627 2418.028 1874.545 31.2564 2417.287 1915.722 31.5 2417.017 1917.016 31.5 2427.294 1887.112 31.5 2432.485 1873.16 27.6041 2418.695 1873.162 28.3 2418.697 1875.403 31.5 2416.413 1920.461 31.5 2426.609 1915.391 31.5 2421.54 1889.847 31.5 2419.485 1869.546 30.5627 2415.436 1869.332 29.5246 2416.096 1870.247 31.5 2413.285 1869.868 31.2564 2414.449 1881.974 31.5 2427.689 1893.291 31.5 2418.8 1869.256 27.666 2416.327 1869.256 28.3 2416.327 1914.706 31.5 2418.095 1886.403 31.5 2418.8 1897.391 31.5 2421.54 1852.421 29.5246 2412.374 1852.503 30.5627 2411.685 1852.392 28.3 2412.615 1852.626 31.2564 2410.654 1912.755 31.5 2415.176 1878.629 31.5 2421.507 1896.211 31.5 2416.849 1852.77 31.5 2409.438 1903.352 31.5 2407.497 1883.483 31.5 2416.849 1898.076 31.5 2418.095 1835.109 29.5246 2412.026 1842 28.3 2412 1835.055 30.5627 2411.334 1834.974 31.2564 2410.299 1909.835 31.5 2413.224 1881.532 31.5 2413.929 1898.161 31.5 2413.929 1842 27.779 2412 1834.879 31.5 2409.078 1906.391 31.5 2412.54 1875.403 31.5 2416.413 1900.027 31.5 2415.176 1835.128 28.3 2412.269 1818.063 29.5246 2415.065 1855.587 27.7518 2413.055 1841.719 27.7796 2412 1817.875 30.5627 2414.397 1848.504 31.5 2407.303 1817.593 31.2564 2413.398 1902.947 31.5 2413.224 1874.908 31.5 2411.186 1898.847 31.5 2410.485 1818.129 28.3 2415.299 1845.585 31.5 2405.352 1851.949 31.5 2407.989 1817.261 31.5 2412.219 1880.847 31.5 2410.485 1871.464 31.5 2411.87 1827.786 27.7497 2413.156 1801.623 30.5627 2420.756 1801.938 29.5246 2421.374 1838.415 31.5 2405.352 1855.393 31.5 2407.303 1832.051 31.5 2407.989 1801.152 31.2564 2419.831 1898.161 31.5 2407.041 1877.828 31.5 2409.235 1870.247 31.5 2413.285 1802.049 28.3 2421.592 1835.495 31.5 2407.303 1843.634 31.5 2402.433 1865.1 31.5 2409.235 1828.607 31.5 2407.303 1800.596 31.5 2418.74 1896.211 31.5 2404.121 1881.532 31.5 2407.041 1868.02 31.5 2411.186 1790.699 29.5246 2424.073 1790.699 30.5627 2423.379 1840.366 31.5 2402.433 1863.149 31.5 2406.315 1818.9 31.5 2409.235 1812.536 31.5 2411.87 1790.699 31.2564 2422.341 1893.291 31.5 2402.17 1879.779 31.5 2406.315 1790.699 28.3 2424.316 1842.949 31.5 2398.989 1858.313 31.5 2405.352 1815.98 31.5 2411.186 1825.687 31.5 2405.352 1809.092 31.5 2411.186 1790.699 31.5 2421.116 1889.77 31.5 2399.805 1883.483 31.5 2404.121 1802.049 28.3 2421.592 1790.045 28.3 2424.308 1778.321 29.5246 2420.756 1779.187 31.2564 2419.256 1841.051 31.5 2398.989 1862.464 31.5 2402.871 1820.851 31.5 2406.315 1802.468 31.5 2413.929 1790.128 31.5 2421.109 1889.847 31.5 2401.485 1880.464 31.5 2402.871 1778.668 30.5627 2420.155 1843.634 31.5 2395.544 1860.264 31.5 2402.433 1823.736 31.5 2402.433 1806.172 31.5 2409.235 1800.517 31.5 2416.849 1886.403 31.5 2402.17 1778.199 28.3 2420.967 1769.914 30.0552 2415.578 1779.799 31.5 2418.196 1770.651 30.9593 2414.969 1840.366 31.5 2395.544 1863.149 31.5 2399.426 1821.536 31.5 2402.871 1803.153 31.5 2410.485 1797.597 31.5 2418.8 1879.779 31.5 2399.426 1769.515 28.8466 2415.899 1772.117 31.5 2413.76 1787.789 31.5 2416.849 1845.585 31.5 2392.625 1860.949 31.5 2398.989 1823.051 31.5 2398.989 1804.221 31.5 2406.315 1794.153 31.5 2419.485 1877.828 31.5 2396.507 1770.115 28.3 2416.3 1785.838 31.5 2413.929 1790.709 31.5 2418.8 1838.415 31.5 2392.625 1865.1 31.5 2396.507 1820.851 31.5 2399.426 1802.468 31.5 2407.041 1875.243 31.5 2394.095 1785.153 31.5 2410.485 1844.517 31.5 2389.029 1860.264 31.5 2395.544 1823.736 31.5 2395.544 1803.536 31.5 2402.871 1874.908 31.5 2394.555 1772.117 31.5 2413.76 1835.495 31.5 2390.674 1848.504 31.5 2390.674 1860.059 31.5 2390.479 1818.9 31.5 2396.507 1800.517 31.5 2404.121 1871.464 31.5 2393.871 1784.905 31.5 2404.81 1832.051 31.5 2389.989 1851.949 31.5 2389.989 1868.02 31.5 2394.555 1858.313 31.5 2392.625 1825.687 31.5 2392.625 1804.221 31.5 2399.426 1785.838 31.5 2407.041 1828.926 31.5 2389.773 1855.393 31.5 2390.674 1815.98 31.5 2394.555 1798.822 31.5 2397.742 1787.789 31.5 2404.121 1828.607 31.5 2390.674 1813.593 31.5 2392.696 1797.597 31.5 2402.17 1806.172 31.5 2396.507 1790.709 31.5 2402.17 1812.536 31.5 2393.871 1794.153 31.5 2401.485 1809.092 31.5 2394.555 1785.5 -53.4193 2500 1785.503 -53.4023 2500.589 1782.53 -55.4446 2500.547 1782.535 -55.4634 2500 1785.5 -53.4193 2500 1782.53 -55.4446 2499.453 1785.503 -53.4023 2499.411 1782.535 -55.4634 2500 1731.441 -46.5275 2551.185 1731.441 -36.5 2551.185 1728.293 -42.5084 2556.835 1725.549 -36.5 2560.583 1725.545 -35.6958 2560.854 1731.717 -34.9693 2551.313 1725.544 -35.2937 2560.989 1725.542 -35.0927 2561.057 1725.542 -34.9922 2561.091 1725.541 -34.8917 2561.124 1726.016 -34.2167 2561.312 1732.503 -33.6716 2551.679 1726.253 -33.8793 2561.405 1735.531 -34.9693 2545.467 1726.49 -33.5418 2561.498 1731.441 -36.5 2551.185 1736.183 -33.6716 2546.039 1727.237 -33.1461 2561.607 1735.302 -36.5 2545.266 1740.83 -34.9693 2540.922 1737.159 -32.8045 2546.894 1733.679 -32.8045 2552.228 1741.295 -33.6716 2541.653 1727.984 -32.7505 2561.715 1740.666 -36.5 2540.665 1747.188 -34.9693 2538.041 1741.993 -32.8045 2542.748 1735.066 -32.5 2552.875 1733.807 -47.7713 2547.146 1747.43 -33.6716 2538.874 1742.815 -32.5 2544.039 1729.656 -32.5 2561.832 1742.979 -48.7057 2539.359 1731.441 -46.5275 2551.185 1747.103 -36.5 2537.749 1754.098 -34.9693 2537.054 1747.794 -32.8045 2540.119 1745.783 -32.5 2547.306 1731.441 -36.5 2551.185 1754.098 -33.6716 2537.922 1754.098 -32.5 2540.75 1747.734 -32.5 2544.386 1745.098 -32.5 2550.75 1754.794 -48.4112 2536.76 1754.098 -36.5 2536.75 1760.766 -33.6716 2538.874 1754.098 -32.8045 2539.219 1750.654 -32.5 2542.435 1745.783 -32.5 2554.194 1754.098 -36.5 2536.75 1761.009 -34.9693 2538.041 1760.403 -32.8045 2540.119 1754.098 -32.5 2540.75 1747.734 -32.5 2557.114 1761.094 -36.5 2537.749 1767.367 -34.9693 2540.922 1766.901 -33.6716 2541.653 1765.382 -32.5 2544.039 1754.098 -32.5 2541.75 1729.656 -32.5 2561.832 1766.388 -47.3865 2539.979 1767.531 -36.5 2540.665 1766.204 -32.8045 2542.748 1757.543 -32.5 2542.435 1750.654 -32.5 2559.065 1772.894 -36.5 2545.266 1772.666 -34.9693 2545.467 1772.014 -33.6716 2546.039 1771.038 -32.8045 2546.894 1754.098 -32.5 2559.75 1770.757 -46.6656 2544.103 1773.131 -32.5 2552.875 1760.462 -32.5 2544.386 1780.359 -32.5 2564.082 1772.941 -46.3052 2546.166 1776.756 -36.5 2551.185 1775.694 -33.6716 2551.679 1774.518 -32.8045 2552.228 1762.413 -32.5 2547.306 1757.543 -32.5 2559.065 1775.126 -45.9447 2548.228 1776.48 -34.9693 2551.313 1782.137 -32.7349 2564.058 1763.098 -32.5 2550.75 1760.462 -32.5 2557.114 1775.533 -45.7728 2548.967 1784.197 -36.5 2562.387 1784.281 -34.1836 2563.565 1783.717 -33.5285 2563.817 1780.359 -32.5 2564.082 1762.413 -32.5 2554.194 1776.756 -36.5 2551.185 1784.547 -34.9641 2563.218 1775.941 -45.6008 2549.706 1776.756 -45.257 2551.185 1780.425 -41.8803 2557.612 1784.197 -36.5 2562.387 1770.561 27.3077 2580.293 1775.307 27.571 2580.703 1772.78 27.5115 2582.162 1893.628 -15.8032 2535.895 1886.598 -17.4085 2543.601 1878.479 -19.8623 2535.895 1878.353 -19.3905 2549.883 1871.051 -23.9429 2553.309 1874.48 -20.9867 2552.266 1879.025 -18.6886 2551.224 1644.646 -42.5535 2558.712 1649.688 -44.5945 2557.421 1645.419 -42.6974 2558.407 1737.159 -32.8045 2453.105 1733.679 -32.8045 2447.771 1735.066 -32.5 2447.125 1732.503 -33.6716 2448.32 1742.815 -32.5 2455.961 1726.486 -33.5457 2438.503 1736.183 -33.6716 2453.961 1741.993 -32.8045 2457.252 1725.539 -34.899 2438.877 1727.972 -32.7542 2438.286 1735.531 -34.9693 2454.533 1747.794 -32.8045 2459.881 1731.717 -34.9693 2448.687 1735.066 -32.5 2447.125 1741.295 -33.6716 2458.347 1754.098 -32.5 2459.25 1725.549 -36.5 2439.417 1729.656 -32.5 2438.167 1740.83 -34.9693 2459.078 1731.441 -36.5 2448.815 1747.43 -33.6716 2461.126 1750.654 -32.5 2457.565 1754.098 -32.8045 2460.78 1735.302 -36.5 2454.734 1747.734 -32.5 2455.614 1754.098 -32.5 2458.25 1760.403 -32.8045 2459.881 1728.296 -42.5141 2443.17 1740.666 -36.5 2459.335 1747.188 -34.9693 2461.959 1732.624 -47.1494 2450.834 1754.098 -33.6716 2462.078 1745.783 -32.5 2452.694 1757.543 -32.5 2457.565 1765.382 -32.5 2455.961 1731.441 -46.5275 2448.815 1738.407 -48.2386 2456.753 1733.215 -47.4603 2451.843 1735.066 -32.5 2447.125 1766.204 -32.8045 2457.252 1760.766 -33.6716 2461.126 1747.103 -36.5 2462.251 1743.007 -48.7062 2460.655 1736.106 -48.0048 2454.803 1754.098 -34.9693 2462.946 1733.806 -47.771 2452.852 1745.098 -32.5 2449.25 1760.462 -32.5 2455.614 1771.038 -32.8045 2453.105 1734.956 -47.8879 2453.828 1745.783 -32.5 2445.806 1762.413 -32.5 2452.694 1773.131 -32.5 2447.125 1766.901 -33.6716 2458.347 1761.009 -34.9693 2461.959 1754.098 -36.5 2463.25 1754.793 -48.4113 2463.24 1747.734 -32.5 2442.886 1773.131 -32.5 2447.125 1774.518 -32.8045 2447.771 1772.014 -33.6716 2453.961 1761.094 -36.5 2462.251 1729.656 -32.5 2438.167 1763.098 -32.5 2449.25 1782.129 -32.7329 2435.941 1775.694 -33.6716 2448.32 1767.367 -34.9693 2459.078 1767.531 -36.5 2459.335 1750.654 -32.5 2440.935 1762.413 -32.5 2445.806 1782.922 -33.1298 2436.062 1780.359 -32.5 2435.917 1772.666 -34.9693 2454.533 1766.41 -47.3839 2460.008 1754.098 -32.5 2440.25 1760.462 -32.5 2442.886 1783.715 -33.5268 2436.182 1776.48 -34.9693 2448.687 1772.894 -36.5 2454.734 1780.359 -32.5 2435.917 1783.856 -33.69 2436.245 1784.279 -34.1796 2436.433 1776.756 -36.5 2448.815 1775.125 -45.9448 2451.773 1757.543 -32.5 2440.935 1783.997 -33.8532 2436.308 1784.547 -34.9617 2436.781 1784.372 -35.7308 2437.197 1776.756 -36.5 2448.815 1784.197 -36.5 2437.613 1776.756 -45.257 2448.815 1780.418 -41.8882 2442.397 1776.756 -45.257 2448.815 1684.125 57.8184 2473.037 1686.652 57.8986 2476.098 1686.93 57.7911 2471.993 1641.784 17.8461 2432.171 1648.28 17.5 2433.347 1621.844 17.5 2426.949 1641.784 17.8461 2432.171 1650.907 18.2871 2433.682 1648.28 17.5 2433.347 1660.03 18.7281 2435.193 1772.78 27.5115 2417.838 1775.307 27.571 2419.297 1770.561 27.3077 2419.707 1770.115 28.3 2416.3 1751.746 24.1564 2428.229 1675.581 -17.6274 2436.811 1676.097 -17.7569 2436.672 1675.819 -17.7613 2436.701 1675.992 -17.2235 2436.802 1676.112 -17.4669 2436.693 1676.106 -17.7472 2436.672 1879.025 -18.6886 2448.776 1874.48 -20.9867 2447.734 1871.051 -23.9429 2446.691 1612.446 78.664 2475.135 1612.063 81.53401 2487.412 1620.391 73.9377 2476.261 1620.241 77.3067 2500 1612.147 82.5 2500 1611.091 -21.2547 2420.285 1611.733 -41.2876 2428.574 1611 -32.5209 2424.18 1611 -32.5209 2424.18 1611 -19.5042 2419.839 1611.091 -21.2547 2420.285 1671.962 23.1978 2562.459 1669.7 23.1978 2562.569 1669.7 23.1978 2562.585 1669.703 23.1978 2562.536 1671.962 23.1978 2562.435 1672.42 23.0543 2562.459 1669.399 23.2565 2562.569 1669.143 23.424 2562.569 1669.399 23.2566 2562.6 1669.7 23.1978 2562.585 1669.7 23.1978 2562.569 1669.703 23.1978 2562.536 1669.407 23.2561 2562.488 1679.097 23.4905 2562.149 1679.162 23.5797 2562.157 1679.26 23.8389 2562.122 1679.162 23.5797 2562.157 1679.097 23.4905 2562.149 1678.792 23.26 2562.201 1668.913 23.9705 2562.408 1668.907 23.9787 2562.456 1668.981 23.6728 2562.419 1668.967 23.6796 2562.524 1669.154 23.4226 2562.447 1668.967 23.6796 2562.524 1669.407 23.2561 2562.488 1669.154 23.4226 2562.447 1672.49 11.4334 2563.6 1672.213 11.3381 2563.77 1672.49 11.4328 2563.604 1672.222 11.338 2563.785 1672.104 11.2302 2563.842 1672.098 11.2267 2563.833 1672.112 11.229 2563.851 1672.027 11.0827 2563.877 1672.495 11.1864 2564.09 1672.022 11.0798 2563.865 1672.037 11.0826 2563.888 1672.581 11.333 2563.908 1672.416 11.016 2564.164 1671.996 10.9233 2563.864 1672.011 10.9161 2563.887 1672.809 11.1288 2564.127 1672.49 11.4328 2563.604 1672.776 11.0268 2564.2 1675.428 11.3517 2563.668 1675.43 11.4327 2563.399 1672.745 10.9272 2564.239 1672.388 10.8188 2564.154 1673.424 10.6812 2564.249 1675.382 11.1755 2563.903 1675.43 11.4332 2563.394 1672.036 10.7532 2563.851 1675.625 11.3922 2563.414 1675.576 11.2908 2563.707 1672.721 10.8238 2564.242 1672.197 10.4955 2563.708 1675.201 10.6798 2564.122 1675.43 11.4332 2563.394 1675.475 11.116 2563.93 1672.697 10.7136 2564.21 1672.193 10.4904 2563.684 1672.397 10.6256 2564.061 1675.63 11.3906 2563.41 1675.707 11.1931 2563.713 1675.56 11.0432 2563.937 1675.134 8.5187 2563.557 1672.024 10.7476 2563.825 1675.179 8.637001 2563.829 1675.791 11.2817 2563.418 1675.211 8.8778 2564.042 1672.388 10.8188 2564.154 1675.633 10.9585 2563.929 1675.63 11.3906 2563.41 1675.805 11.0633 2563.705 1673.424 10.6812 2564.249 1675.397 8.443901 2563.611 1675.375 8.6544 2563.916 1675.692 10.8657 2563.899 1675.791 11.2822 2563.415 1675.902 11.1163 2563.41 1675.202 9.481901 2564.181 1675.336 8.926001 2564.088 1675.202 9.481901 2564.181 1675.899 11.1239 2563.408 1675.899 11.1239 2563.408 1675.861 10.9148 2563.669 1675.668 8.5056 2563.617 1675.578 8.7282 2563.93 1673.424 10.6812 2564.249 1675.672 9.1234 2564.001 1675.942 10.9218 2563.391 1675.457 8.9844 2564.095 1675.672 9.1234 2564.001 1675.857 8.9983 2563.77 1675.57 9.050601 2564.067 1675.867 8.6934 2563.569 1675.748 8.852601 2563.883 1675.942 8.948101 2563.485 1675.942 8.948101 2563.485 1675.942 10.9218 2563.391 1675.899 11.1239 2563.408 1675.902 11.1163 2563.41 1675.493 -4.2144 2563.646 1675.553 -3.9806 2563.603 1675.473 -3.9603 2563.888 1675.392 -4.1281 2563.95 1675.294 -3.8793 2564.126 1675.257 -4.2684 2563.967 1675.469 -1.3966 2563.948 1675.214 -3.9728 2564.17 1675.119 -4.0559 2564.183 1675.331 -4.3966 2563.669 1675.295 -1.4849 2564.176 1675.553 -1.3628 2563.657 1674.821 -3.6046 2564.339 1675.008 -4.1193 2564.176 1675.078 -4.3464 2563.963 1674.821 -1.7647 2564.377 1675.391 -1.2287 2564.014 1675.553 -3.9806 2563.603 1675.493 -1.1293 2563.711 1675.102 -4.4835 2563.667 1675.214 -1.3925 2564.224 1674.821 -3.6046 2564.339 1674.89 -4.1669 2564.139 1674.888 -4.3692 2563.909 1675.118 -1.3095 2564.242 1672.328 -2.6926 2564.573 1675.329 -0.947 2563.742 1675.255 -1.0881 2564.038 1672.328 -2.6926 2564.573 1674.859 -4.4608 2563.641 1675.006 -1.2457 2564.238 1671.435 -3.0744 2564.296 1671.68 -2.9499 2564.478 1671.293 -3.1647 2563.985 1675.074 -1.0093 2564.037 1674.886 -1.1968 2564.203 1675.098 -0.8591 2563.744 1671.677 -2.828 2564.541 1671.076 -2.9821 2564.124 1671.677 -2.706 2564.566 1674.883 -0.9841 2563.981 1671.684 -2.4585 2564.505 1671.076 -2.9821 2564.124 1671.679 -2.5829 2564.555 1674.854 -0.8808 2563.716 1671.435 -2.3169 2564.33 1670.983 -2.6897 2564.188 1671.289 -2.2029 2564.011 1671.072 -2.393 2564.14 1671.071 -2.9776 2564.122 1674.854 -0.8808 2563.716 1671.072 -2.393 2564.14 1671.068 -2.3931 2564.134 1670.98 -2.6906 2564.182 1671.288 -2.2017 2564.005 1671.288 -2.2017 2564.005 1670.98 -2.6906 2564.182 1671.068 -2.3931 2564.134 1671.293 -3.1647 2563.985 1671.076 -2.9821 2564.124 1671.071 -2.9776 2564.122 1680.933 4.7209 2563.77 1681.06 4.3446 2563.294 1681.315 4.061 2563.283 1681.704 3.6931 2563.737 1674.627 23.9836 2437.785 1674.629 23.9821 2437.796 1674.689 23.6954 2437.787 1674.681 23.6989 2437.73 1674.848 23.4499 2437.763 1677.058 23.3085 2437.751 1676.803 23.2155 2437.737 1677.257 23.4807 2437.823 1672.485 -2.4384 2436.111 1672.21 -2.3381 2435.943 1672.485 -2.4379 2436.108 1672.217 -2.3376 2435.933 1672.1 -2.2276 2435.877 1672.095 -2.2239 2435.883 1672.106 -2.2265 2435.871 1672.024 -2.079 2435.848 1672.494 -2.1683 2435.635 1672.02 -2.0774 2435.857 1672.031 -2.0786 2435.841 1672.581 -2.3234 2435.806 1672.411 -1.9935 2435.575 1671.996 -1.9185 2435.866 1672.006 -1.9123 2435.85 1672.821 -2.1051 2435.598 1672.485 -2.4379 2436.108 1672.786 -1.9995 2435.531 1675.427 -2.3478 2436.085 1675.425 -2.4375 2436.352 1672.753 -1.8971 2435.5 1672.385 -1.7948 2435.595 1673.44 -1.6583 2435.506 1675.385 -2.1643 2435.857 1672.033 -1.7518 2435.894 1675.576 -2.2852 2436.05 1672.728 -1.7915 2435.504 1672.195 -1.5021 2436.049 1675.208 -1.6587 2435.652 1675.621 -2.396 2436.339 1675.479 -2.1032 2435.831 1672.703 -1.6803 2435.543 1672.192 -1.4994 2436.065 1672.395 -1.6053 2435.699 1675.708 -2.187 2436.048 1675.425 -2.4375 2436.352 1675.564 -2.0297 2435.827 1675.133 0.4741 2436.296 1672.024 -1.7487 2435.912 1675.18 0.3688 2436.024 1675.788 -2.2852 2436.341 1675.212 0.138 2435.802 1672.385 -1.7948 2435.595 1675.636 -1.9448 2435.838 1675.63 -2.3926 2436.342 1675.806 -2.057 2436.061 1673.44 -1.6583 2435.506 1675.396 0.5515 2436.245 1675.383 0.3614 2435.948 1675.694 -1.8525 2435.871 1675.9 -2.1198 2436.355 1675.207 -0.4668 2435.637 1675.34 0.09959995 2435.759 1675.207 -0.4668 2435.637 1675.788 -2.2856 2436.343 1675.863 -1.9091 2436.101 1675.666 0.4925 2436.238 1675.582 0.2991 2435.942 1675.666 -0.108 2435.825 1675.63 -2.3926 2436.342 1675.901 -2.12 2436.357 1675.941 -1.9253 2436.382 1675.667 0.493 2436.241 1675.462 0.04729998 2435.752 1675.57 -0.02529996 2435.771 1675.847 0.005699992 2436.049 1675.941 0.04859995 2436.354 1675.396 0.5519 2436.247 1675.866 0.3051 2436.279 1675.744 0.1689 2435.969 1675.941 0.04859995 2436.357 1675.133 0.4741 2436.296 1675.866 0.3054 2436.282 1675.667 0.493 2436.241 1675.866 0.3051 2436.279 1675.941 0.04859995 2436.357 1675.866 0.3054 2436.282 1675.63 -2.3926 2436.342 1675.425 -2.4375 2436.352 1675.621 -2.396 2436.339 1673.44 -1.6583 2435.506 1675.207 -0.4668 2435.637 1675.208 -1.6587 2435.652 1671.29 11.1971 2436.265 1671.287 11.1925 2436.285 1671.068 11.3891 2436.167 1671.076 11.3954 2436.146 1671.431 11.3434 2435.941 1674.88 9.989601 2436.218 1674.882 10.2114 2436.006 1674.854 9.8736 2436.483 1671.677 11.5071 2435.775 1675.07 10.0235 2436.165 1671.287 11.1925 2436.285 1671.669 11.6287 2435.739 1672.315 11.7115 2435.727 1675.099 9.8546 2436.451 1675.001 10.2626 2435.973 1671.076 11.3954 2436.146 1674.814 10.7802 2435.857 1675.248 10.1063 2436.167 1674.854 9.8736 2436.483 1675.114 10.3277 2435.973 1671.665 11.7467 2435.743 1670.991 11.6951 2436.117 1675.33 9.944601 2436.454 1675.099 9.8539 2436.453 1671.663 11.862 2435.78 1670.982 11.6904 2436.134 1675.212 10.4096 2435.995 1675.386 10.2422 2436.196 1671.084 11.9829 2436.198 1671.663 11.9766 2435.851 1671.068 11.3891 2436.167 1675.33 9.944001 2436.456 1675.493 10.1271 2436.491 1675.295 10.4996 2436.047 1671.427 12.0881 2436.043 1675.493 10.1254 2436.492 1675.469 10.4039 2436.269 1674.812 12.6239 2435.965 1674.888 13.1746 2436.179 1675.554 10.3591 2436.554 1675.292 12.8906 2436.184 1672.315 11.7115 2435.727 1674.89 13.3721 2436.417 1675.472 12.9649 2436.424 1675.493 10.1254 2436.492 1675.21 12.9837 2436.143 1674.812 12.6239 2435.965 1671.3 12.1593 2436.348 1675.075 13.3448 2436.359 1675.555 12.9764 2436.704 1675.114 13.0654 2436.132 1675.385 13.1292 2436.362 1671.084 11.9829 2436.198 1674.866 13.4562 2436.692 1675.005 13.1283 2436.141 1675.107 13.4803 2436.663 1675.495 13.2106 2436.669 1671.299 12.1597 2436.352 1674.865 13.4565 2436.695 1675.25 13.2645 2436.35 1675.334 13.3933 2436.655 1671.078 11.9812 2436.209 1675.107 13.4807 2436.666 1675.334 13.3938 2436.657 1674.865 13.4565 2436.695 1675.488 13.2239 2436.67 1670.991 11.6951 2436.117 1670.982 11.6904 2436.134 1671.078 11.9812 2436.209 1671.084 11.9829 2436.198 1675.488 13.2239 2436.67 1675.555 12.9764 2436.704 1675.495 13.2106 2436.669 1672.315 11.7115 2435.727 1674.812 12.6239 2435.965 1674.814 10.7802 2435.857 1675.495 13.2106 2436.669 1675.334 13.3933 2436.655 1675.488 13.2239 2436.67 1668.98 23.3223 2563.08 1669.731 23.0101 2563.099 1669.399 23.2566 2562.6 1669.143 23.424 2562.569 1668.967 23.6796 2562.524 1668.282 23.5234 2563.271 1671.998 22.7896 2563.156 1671.999 22.7564 2563.167 1672.003 22.5242 2563.248 1671.999 22.7232 2563.179 1611 33.551 2575.37 1611 20.7501 2579.848 1611.03 21.3435 2579.691 1611 -64.8666 2449.023 1611 -55.5202 2438.978 1612.053 -58.4249 2441.752 1589.856 -123.9575 2503.246 1589.907 -124 2500 1606 -110.4159 2502.891 1606 -110.4916 2500 1873.165 27.6039 2581.3 1875.606 28.3 2577.443 1873.162 28.3 2581.303 1875.606 27.503 2577.443 1869.256 27.666 2583.673 1869.256 28.3 2583.673 1855.666 27.7514 2586.932 1852.392 28.3 2587.384 1778.199 28.3 2579.033 1778.199 27.3962 2579.033 1790.045 28.3 2575.692 1790.039 25.6669 2575.692 1802.049 26.6736 2578.408 1802.049 28.3 2578.408 1814.268 27.6631 2583.516 1818.129 28.3 2584.701 1852.392 28.3 2412.615 1869.256 28.3 2416.327 1855.587 27.7518 2413.055 1869.256 27.666 2416.327 1778.199 28.3 2420.967 1790.045 28.3 2424.308 1778.199 27.3962 2420.967 1790.009 25.6689 2424.307 1802.049 26.6736 2421.592 1802.049 28.3 2421.592 1672.011 10.9161 2563.887 1672.027 11.0827 2563.877 1672.036 10.7532 2563.851 1678.723 14.885 2563.466 1679.235 15.0057 2563.622 1678.958 15.0116 2563.586 1672.006 -1.9123 2435.85 1672.024 -2.079 2435.848 1672.033 -1.7518 2435.894 1856.224 -17.8444 2437.684 1856 -23.1704 2439.609 1856 -19.3087 2438.505 1856 -15.447 2437.401 1672 22.6569 2563.202 1672.003 22.5242 2563.248 1671.999 22.7232 2563.179 1772.78 27.5115 2582.162 1770.115 28.3 2583.7 1770.561 27.3077 2580.293 1751.746 24.1564 2571.771 1761.696 27.6406 2578.426 1769.515 28.8466 2584.101 1756.717 27.5 2576.283 1770.115 28.3 2583.7 1761.696 27.6406 2578.426 1751.746 24.1564 2571.771 1770.115 28.3 2583.7 1751.746 24.1564 2428.229 1761.696 27.6406 2421.574 1770.115 28.3 2416.3 1781.266 -59 2500 1780.18 -59 2494.54 1781.262 -58.8209 2499.369 1780.18 -59 2505.459 1781.266 -59 2500 1781.262 -58.8209 2500.631 1718.938 44.1507 2436.771 1720.446 49.7078 2439.137 1719.902 39.1227 2435.751 1855.76 -30.9767 2441.787 1853.721 -32.2397 2441.781 1851.812 -33.7733 2441.967 1848.043 -36.8282 2442.544 1669.407 23.2561 2562.488 1668.967 23.6796 2562.524 1669.399 23.2565 2562.569 1674.681 23.6989 2437.73 1674.848 23.4499 2437.763 1675.083 23.2786 2437.729 1671.963 -13.5325 2435.946 1672.046 -14.0227 2436.185 1671.95 -13.8044 2436.016 1672.027 11.0827 2563.877 1672.024 10.7476 2563.825 1672.036 10.7532 2563.851 1672.024 10.7476 2563.825 1672.027 11.0827 2563.877 1671.996 10.9233 2563.864 1672.024 -2.079 2435.848 1672.024 -1.7487 2435.912 1672.033 -1.7518 2435.894 1672.024 -1.7487 2435.912 1672.024 -2.079 2435.848 1671.996 -1.9185 2435.866 1680.89 18.9125 2436.939 1681.698 17.8758 2436.882 1681.32 18.2091 2437.369 1681.067 18.4919 2437.384 1672.139 22.7124 2563.167 1672.158 22.7392 2563.156 1672.003 22.5242 2563.248 1672.119 22.6855 2563.179 1672.081 22.6317 2563.202 1611 20.7501 2420.152 1611 33.551 2424.63 1611.03 21.3435 2420.309 1611 -19.5042 2580.161 1611 -32.5209 2575.82 1611.091 -21.2548 2579.715 1611 -55.5202 2561.022 1611 -64.8666 2550.976 1612.053 -58.389 2558.283 1785.63 -52.8 2496.166 1785.63 -52.8 2503.833 1785.503 -53.4023 2500.589 1785.503 -53.4023 2499.411 1785.5 -53.4193 2500 1835.128 28.3 2587.731 1818.129 28.3 2584.701 1827.802 27.7498 2586.847 1818.129 28.3 2584.701 1814.268 27.6631 2583.516 1827.802 27.7498 2586.847 1802.049 28.3 2421.592 1818.129 28.3 2415.299 1814.268 27.6631 2416.484 1802.049 26.6736 2421.592 1818.129 28.3 2415.299 1835.128 28.3 2412.269 1827.786 27.7497 2413.156 1778.199 28.3 2420.967 1778.199 27.3962 2420.967 1775.307 27.571 2419.297 1770.115 28.3 2416.3 1772.78 27.5115 2417.838 1778.199 27.3962 2579.033 1778.199 28.3 2579.033 1775.307 27.571 2580.703 1770.115 28.3 2583.7 1772.78 27.5115 2582.162 1674.838 23.4526 2437.693 1674.681 23.6989 2437.73 1675.083 23.2786 2437.729 1814.268 27.6631 2416.484 1818.129 28.3 2415.299 1827.786 27.7497 2413.156 1669.143 23.424 2562.569 1669.399 23.2565 2562.569 1668.967 23.6796 2562.524 1569.8 0 2550 1569.8 9.7545 2549.039 1559.8 0 2550 1559.8 9.7545 2549.039 1559.8 -9.7545 2549.039 1569.8 19.1342 2546.194 1569.8 -9.7545 2549.039 1559.8 19.1342 2546.194 1559.8 -19.1342 2546.194 1569.8 27.7785 2541.573 1569.8 -19.1342 2546.194 1559.8 27.7785 2541.573 1559.8 -27.7785 2541.573 1559.8 35.3553 2535.355 1569.8 -27.7785 2541.573 1569.8 35.3553 2535.355 1569.8 -35.3553 2535.355 1559.8 41.5735 2527.779 1559.8 -35.3553 2535.355 1569.8 41.5735 2527.779 1569.8 -41.5735 2527.779 1559.8 46.194 2519.134 1559.8 -41.5735 2527.779 1569.8 46.194 2519.134 1569.8 -46.194 2519.134 1559.8 49.0393 2509.754 1559.8 -46.194 2519.134 1569.8 49.0393 2509.754 1569.8 -49.0393 2509.754 1559.8 50 2500 1559.8 -49.0393 2509.754 1569.8 50 2500 1569.8 -50 2500 1559.8 49.0393 2490.246 1559.8 -50 2500 1569.8 49.0393 2490.246 1569.8 -49.0393 2490.246 1559.8 46.194 2480.865 1559.8 -49.0393 2490.246 1569.8 46.194 2480.865 1569.8 -46.194 2480.865 1569.8 41.5735 2472.221 1559.8 -46.194 2480.865 1559.8 41.5735 2472.221 1559.8 -41.5735 2472.221 1569.8 35.3553 2464.645 1569.8 -41.5735 2472.221 1559.8 35.3553 2464.645 1559.8 -35.3553 2464.645 1559.8 27.7785 2458.426 1569.8 -35.3553 2464.645 1569.8 27.7785 2458.426 1569.8 -27.7785 2458.426 1569.8 19.1342 2453.806 1559.8 -27.7785 2458.426 1559.8 19.1342 2453.806 1559.8 -19.1342 2453.806 1569.8 9.7545 2450.961 1569.8 -19.1342 2453.806 1559.8 9.7545 2450.961 1559.8 -9.7545 2450.961 1569.8 0 2450 1569.8 -9.7545 2450.961 1559.8 0 2450 1943.011 31.5 2499.051 1939.567 31.5 2498.366 1939.567 19.5 2498.366 1936.647 31.5 2496.415 1943.011 19.5 2499.051 1936.647 19.5 2496.415 1946.455 31.5 2498.366 1934.696 19.5 2493.495 1946.455 19.5 2498.366 1934.696 31.5 2493.495 1949.375 31.5 2496.415 1934.011 31.5 2490.051 1949.375 19.5 2496.415 1934.011 19.5 2490.051 1951.326 31.5 2493.495 1934.696 19.5 2486.607 1951.326 19.5 2493.495 1934.696 31.5 2486.607 1952.011 31.5 2490.051 1936.647 31.5 2483.687 1952.011 19.5 2490.051 1936.647 19.5 2483.687 1951.326 19.5 2486.607 1939.567 19.5 2481.736 1951.326 31.5 2486.607 1939.567 31.5 2481.736 1949.375 31.5 2483.687 1943.011 19.5 2481.051 1949.375 19.5 2483.687 1943.011 31.5 2481.051 1946.455 31.5 2481.736 1946.455 19.5 2481.736 1790.709 19.5 2597.83 1794.153 31.5 2598.515 1790.709 31.5 2597.83 1794.153 19.5 2598.515 1787.789 31.5 2595.879 1797.597 31.5 2597.83 1787.789 19.5 2595.879 1797.597 19.5 2597.83 1785.838 19.5 2592.959 1800.517 31.5 2595.879 1785.838 31.5 2592.959 1800.517 19.5 2595.879 1785.153 31.5 2589.515 1802.468 19.5 2592.959 1785.153 19.5 2589.515 1802.468 31.5 2592.959 1785.838 19.5 2586.071 1803.153 31.5 2589.515 1785.838 31.5 2586.071 1803.153 19.5 2589.515 1787.789 31.5 2583.151 1802.468 31.5 2586.071 1787.789 19.5 2583.151 1802.468 19.5 2586.071 1790.709 19.5 2581.2 1800.517 31.5 2583.151 1790.709 31.5 2581.2 1800.517 19.5 2583.151 1792.397 31.5 2580.688 1797.597 19.5 2581.2 1792.397 19.5 2580.688 1797.597 31.5 2581.2 1794.153 19.5 2580.515 1794.153 31.5 2580.515 1920.461 31.5 2444.609 1918.705 31.5 2444.436 1920.461 19.5 2444.609 1918.705 19.5 2444.436 1923.905 31.5 2443.924 1917.016 19.5 2443.924 1923.905 19.5 2443.924 1917.016 31.5 2443.924 1926.825 31.5 2441.973 1914.097 31.5 2441.973 1926.825 19.5 2441.973 1914.097 19.5 2441.973 1928.775 19.5 2439.053 1912.145 19.5 2439.053 1928.775 31.5 2439.053 1912.145 31.5 2439.053 1929.461 31.5 2435.609 1911.461 31.5 2435.609 1929.461 19.5 2435.609 1911.461 19.5 2435.609 1928.775 31.5 2432.165 1912.145 19.5 2432.165 1928.775 19.5 2432.165 1912.145 31.5 2432.165 1926.825 31.5 2429.245 1914.097 31.5 2429.245 1926.825 19.5 2429.245 1914.097 19.5 2429.245 1923.905 19.5 2427.294 1917.016 19.5 2427.294 1923.905 31.5 2427.294 1917.016 31.5 2427.294 1920.461 31.5 2426.609 1920.461 19.5 2426.609 1843.634 19.5 2604.456 1845.585 31.5 2607.375 1843.634 31.5 2604.456 1845.585 19.5 2607.375 1842.949 31.5 2601.011 1848.504 19.5 2609.326 1842.949 19.5 2601.011 1848.504 31.5 2609.326 1843.634 19.5 2597.567 1851.949 31.5 2610.011 1843.634 31.5 2597.567 1851.949 19.5 2610.011 1845.585 31.5 2594.647 1855.393 31.5 2609.326 1845.585 19.5 2594.647 1855.393 19.5 2609.326 1848.504 19.5 2592.696 1858.313 31.5 2607.375 1848.504 31.5 2592.696 1858.313 19.5 2607.375 1851.949 19.5 2592.011 1860.264 19.5 2604.456 1851.949 31.5 2592.011 1860.264 31.5 2604.456 1855.393 19.5 2592.696 1860.949 31.5 2601.011 1855.393 31.5 2592.696 1860.949 19.5 2601.011 1858.313 31.5 2594.647 1860.264 31.5 2597.567 1858.313 19.5 2594.647 1860.264 19.5 2597.567 1931.515 19.5 2556.847 1934.959 19.5 2556.162 1934.959 31.5 2556.162 1937.879 31.5 2554.211 1931.515 31.5 2556.847 1937.879 19.5 2554.211 1928.071 19.5 2556.162 1939.83 31.5 2551.291 1928.071 31.5 2556.162 1939.83 19.5 2551.291 1925.151 31.5 2554.211 1940.515 31.5 2547.847 1925.151 19.5 2554.211 1940.515 19.5 2547.847 1923.2 19.5 2551.291 1939.83 19.5 2544.403 1923.2 31.5 2551.291 1939.83 31.5 2544.403 1922.688 31.5 2549.602 1937.879 31.5 2541.483 1922.688 19.5 2549.602 1937.879 19.5 2541.483 1922.515 19.5 2547.847 1934.959 31.5 2539.532 1922.515 31.5 2547.847 1934.959 19.5 2539.532 1923.2 19.5 2544.403 1931.515 31.5 2538.847 1923.2 31.5 2544.403 1931.515 19.5 2538.847 1925.151 31.5 2541.483 1928.071 31.5 2539.532 1925.151 19.5 2541.483 1928.071 19.5 2539.532 1946.455 19.5 2518.263 1949.375 31.5 2516.312 1946.455 31.5 2518.263 1949.375 19.5 2516.312 1943.011 19.5 2518.949 1951.326 31.5 2513.393 1943.011 31.5 2518.949 1951.326 19.5 2513.393 1939.567 19.5 2518.263 1952.011 19.5 2509.949 1939.567 31.5 2518.263 1952.011 31.5 2509.949 1936.647 19.5 2516.312 1951.326 31.5 2506.505 1936.647 31.5 2516.312 1951.326 19.5 2506.505 1935.528 31.5 2514.949 1949.375 31.5 2503.585 1935.528 19.5 2514.949 1949.375 19.5 2503.585 1934.696 31.5 2513.393 1946.455 31.5 2501.634 1934.696 19.5 2513.393 1946.455 19.5 2501.634 1934.011 19.5 2509.949 1943.011 31.5 2500.949 1934.011 31.5 2509.949 1943.011 19.5 2500.949 1934.696 31.5 2506.505 1939.567 31.5 2501.634 1934.696 19.5 2506.505 1939.567 19.5 2501.634 1936.647 19.5 2503.585 1936.647 31.5 2503.585 1926.825 31.5 2570.755 1926.825 19.5 2570.755 1928.775 19.5 2567.835 1923.905 31.5 2572.706 1928.775 31.5 2567.835 1923.905 19.5 2572.706 1929.461 31.5 2564.391 1920.461 19.5 2573.391 1929.461 19.5 2564.391 1920.461 31.5 2573.391 1928.775 31.5 2560.947 1917.016 19.5 2572.706 1928.775 19.5 2560.947 1917.016 31.5 2572.706 1926.825 19.5 2558.027 1914.097 19.5 2570.755 1926.825 31.5 2558.027 1914.097 31.5 2570.755 1923.905 19.5 2556.076 1912.145 19.5 2567.835 1923.905 31.5 2556.076 1912.145 31.5 2567.835 1920.461 31.5 2555.391 1911.461 31.5 2564.391 1920.461 19.5 2555.391 1911.461 19.5 2564.391 1917.016 19.5 2556.076 1912.145 31.5 2560.947 1917.016 31.5 2556.076 1912.145 19.5 2560.947 1914.097 31.5 2558.027 1914.097 19.5 2558.027 1812.536 31.5 2411.87 1809.092 31.5 2411.186 1809.092 19.5 2411.186 1806.172 19.5 2409.235 1812.536 19.5 2411.87 1806.172 31.5 2409.235 1815.98 31.5 2411.186 1804.221 31.5 2406.315 1815.98 19.5 2411.186 1804.221 19.5 2406.315 1818.9 31.5 2409.235 1803.536 19.5 2402.871 1818.9 19.5 2409.235 1803.536 31.5 2402.871 1820.019 31.5 2407.871 1804.221 31.5 2399.426 1820.019 19.5 2407.871 1804.221 19.5 2399.426 1820.851 31.5 2406.315 1806.172 19.5 2396.507 1820.851 19.5 2406.315 1806.172 31.5 2396.507 1821.536 19.5 2402.871 1809.092 31.5 2394.555 1821.536 31.5 2402.871 1809.092 19.5 2394.555 1820.851 31.5 2399.426 1812.536 19.5 2393.871 1820.851 19.5 2399.426 1812.536 31.5 2393.871 1818.9 31.5 2396.507 1815.98 19.5 2394.555 1818.9 19.5 2396.507 1815.98 31.5 2394.555 1868.02 19.5 2411.186 1871.464 31.5 2411.87 1868.02 31.5 2411.186 1871.464 19.5 2411.87 1865.1 19.5 2409.235 1874.908 31.5 2411.186 1865.1 31.5 2409.235 1874.908 19.5 2411.186 1863.149 31.5 2406.315 1877.828 19.5 2409.235 1863.149 19.5 2406.315 1877.828 31.5 2409.235 1862.464 19.5 2402.871 1879.779 31.5 2406.315 1862.464 31.5 2402.871 1879.779 19.5 2406.315 1863.149 31.5 2399.426 1880.464 19.5 2402.871 1863.149 19.5 2399.426 1880.464 31.5 2402.871 1865.1 19.5 2396.507 1879.779 31.5 2399.426 1865.1 31.5 2396.507 1879.779 19.5 2399.426 1868.02 31.5 2394.555 1877.828 31.5 2396.507 1868.02 19.5 2394.555 1877.828 19.5 2396.507 1871.464 19.5 2393.871 1874.908 31.5 2394.555 1871.464 31.5 2393.871 1874.908 19.5 2394.555 1906.391 31.5 2587.46 1902.947 31.5 2586.776 1902.947 19.5 2586.776 1900.027 31.5 2584.824 1906.391 19.5 2587.46 1900.027 19.5 2584.824 1909.835 31.5 2586.776 1898.076 19.5 2581.904 1909.835 19.5 2586.776 1898.076 31.5 2581.904 1912.755 31.5 2584.824 1897.391 31.5 2578.46 1912.755 19.5 2584.824 1897.391 19.5 2578.46 1914.706 19.5 2581.904 1897.564 31.5 2576.705 1914.706 31.5 2581.904 1897.564 19.5 2576.705 1915.391 31.5 2578.46 1898.076 19.5 2575.017 1915.391 19.5 2578.46 1898.076 31.5 2575.017 1914.706 31.5 2575.017 1900.027 31.5 2572.097 1914.706 19.5 2575.017 1900.027 19.5 2572.097 1912.755 31.5 2572.097 1902.947 19.5 2570.145 1912.755 19.5 2572.097 1902.947 31.5 2570.145 1909.835 19.5 2570.145 1906.391 19.5 2569.461 1909.835 31.5 2570.145 1906.391 31.5 2569.461 1889.847 31.5 2598.515 1886.403 31.5 2597.83 1886.403 19.5 2597.83 1883.483 31.5 2595.879 1889.847 19.5 2598.515 1883.483 19.5 2595.879 1893.291 31.5 2597.83 1881.532 19.5 2592.959 1893.291 19.5 2597.83 1881.532 31.5 2592.959 1896.211 31.5 2595.879 1880.847 31.5 2589.515 1896.211 19.5 2595.879 1880.847 19.5 2589.515 1898.161 19.5 2592.959 1881.532 31.5 2586.071 1898.161 31.5 2592.959 1881.532 19.5 2586.071 1898.847 31.5 2589.515 1883.483 31.5 2583.151 1898.847 19.5 2589.515 1883.483 19.5 2583.151 1898.161 31.5 2586.071 1886.403 19.5 2581.2 1898.161 19.5 2586.071 1886.403 31.5 2581.2 1896.211 31.5 2583.151 1889.847 19.5 2580.515 1896.211 19.5 2583.151 1889.847 31.5 2580.515 1893.291 19.5 2581.2 1893.291 31.5 2581.2 1939.13 31.5 2479.536 1935.685 31.5 2478.851 1939.13 19.5 2479.536 1935.685 19.5 2478.851 1942.574 31.5 2478.851 1934.129 31.5 2478.019 1942.574 19.5 2478.851 1934.129 19.5 2478.019 1945.493 19.5 2476.9 1932.765 19.5 2476.9 1945.493 31.5 2476.9 1932.765 31.5 2476.9 1947.444 19.5 2473.98 1930.814 19.5 2473.98 1947.444 31.5 2473.98 1930.814 31.5 2473.98 1948.129 31.5 2470.536 1930.129 31.5 2470.536 1948.129 19.5 2470.536 1930.129 19.5 2470.536 1947.444 31.5 2467.092 1930.814 19.5 2467.092 1947.444 19.5 2467.092 1930.814 31.5 2467.092 1945.493 31.5 2464.172 1932.765 31.5 2464.172 1945.493 19.5 2464.172 1932.765 19.5 2464.172 1942.574 19.5 2462.221 1935.685 19.5 2462.221 1942.574 31.5 2462.221 1935.685 31.5 2462.221 1939.13 31.5 2461.536 1939.13 19.5 2461.536 1848.504 31.5 2407.303 1845.585 31.5 2405.352 1845.585 19.5 2405.352 1843.634 19.5 2402.433 1848.504 19.5 2407.303 1843.634 31.5 2402.433 1851.949 19.5 2407.989 1842.949 31.5 2398.989 1851.949 31.5 2407.989 1842.949 19.5 2398.989 1855.393 31.5 2407.303 1843.634 31.5 2395.544 1855.393 19.5 2407.303 1843.634 19.5 2395.544 1856.949 19.5 2406.472 1845.585 19.5 2392.625 1856.949 31.5 2406.472 1845.585 31.5 2392.625 1858.313 19.5 2405.352 1848.504 19.5 2390.674 1858.313 31.5 2405.352 1848.504 31.5 2390.674 1860.264 19.5 2402.433 1851.949 31.5 2389.989 1860.264 31.5 2402.433 1851.949 19.5 2389.989 1860.949 31.5 2398.989 1855.393 19.5 2390.674 1860.949 19.5 2398.989 1855.393 31.5 2390.674 1860.264 31.5 2395.544 1858.313 31.5 2392.625 1860.264 19.5 2395.544 1858.313 19.5 2392.625 1932.765 19.5 2535.828 1935.685 19.5 2537.779 1935.685 31.5 2537.779 1939.13 19.5 2538.464 1932.765 31.5 2535.828 1939.13 31.5 2538.464 1930.814 19.5 2532.908 1942.574 31.5 2537.779 1930.814 31.5 2532.908 1942.574 19.5 2537.779 1930.129 31.5 2529.464 1945.493 19.5 2535.828 1930.129 19.5 2529.464 1945.493 31.5 2535.828 1930.814 31.5 2526.02 1947.444 19.5 2532.908 1930.814 19.5 2526.02 1947.444 31.5 2532.908 1932.765 19.5 2523.1 1948.129 31.5 2529.464 1932.765 31.5 2523.1 1948.129 19.5 2529.464 1935.685 19.5 2521.149 1947.444 31.5 2526.02 1935.685 31.5 2521.149 1947.444 19.5 2526.02 1939.13 19.5 2520.464 1945.493 19.5 2523.1 1939.13 31.5 2520.464 1945.493 31.5 2523.1 1942.574 19.5 2521.149 1942.574 31.5 2521.149 1893.291 31.5 2418.8 1891.603 31.5 2419.312 1893.291 19.5 2418.8 1891.603 19.5 2419.312 1896.211 19.5 2416.849 1889.847 19.5 2419.485 1896.211 31.5 2416.849 1889.847 31.5 2419.485 1898.161 19.5 2413.929 1886.403 19.5 2418.8 1898.161 31.5 2413.929 1886.403 31.5 2418.8 1898.847 31.5 2410.485 1883.483 19.5 2416.849 1898.847 19.5 2410.485 1883.483 31.5 2416.849 1898.161 31.5 2407.041 1881.532 19.5 2413.929 1898.161 19.5 2407.041 1881.532 31.5 2413.929 1896.211 19.5 2404.121 1880.847 31.5 2410.485 1896.211 31.5 2404.121 1880.847 19.5 2410.485 1893.291 19.5 2402.17 1881.532 31.5 2407.041 1893.291 31.5 2402.17 1881.532 19.5 2407.041 1889.847 31.5 2401.485 1883.483 19.5 2404.121 1889.847 19.5 2401.485 1883.483 31.5 2404.121 1886.403 19.5 2402.17 1886.403 31.5 2402.17 1832.051 31.5 2610.011 1828.607 31.5 2609.326 1828.607 19.5 2609.326 1825.687 31.5 2607.375 1832.051 19.5 2610.011 1825.687 19.5 2607.375 1835.495 31.5 2609.326 1823.736 19.5 2604.456 1835.495 19.5 2609.326 1823.736 31.5 2604.456 1838.415 31.5 2607.375 1823.051 31.5 2601.011 1838.415 19.5 2607.375 1823.051 19.5 2601.011 1840.366 19.5 2604.456 1823.736 19.5 2597.567 1840.366 31.5 2604.456 1823.736 31.5 2597.567 1841.051 31.5 2601.011 1825.687 31.5 2594.647 1841.051 19.5 2601.011 1825.687 19.5 2594.647 1840.366 31.5 2597.567 1827.051 19.5 2593.528 1840.366 19.5 2597.567 1827.051 31.5 2593.528 1838.415 31.5 2594.647 1828.607 19.5 2592.696 1838.415 19.5 2594.647 1828.607 31.5 2592.696 1835.495 19.5 2592.696 1832.051 19.5 2592.011 1835.495 31.5 2592.696 1832.051 31.5 2592.011 1931.515 31.5 2461.153 1928.071 31.5 2460.468 1931.515 19.5 2461.153 1928.071 19.5 2460.468 1934.959 31.5 2460.468 1925.151 19.5 2458.517 1934.959 19.5 2460.468 1925.151 31.5 2458.517 1937.879 31.5 2458.517 1923.2 19.5 2455.597 1937.879 19.5 2458.517 1923.2 31.5 2455.597 1939.83 31.5 2455.597 1922.515 31.5 2452.153 1939.83 19.5 2455.597 1922.515 19.5 2452.153 1940.515 31.5 2452.153 1923.2 31.5 2448.709 1940.515 19.5 2452.153 1923.2 19.5 2448.709 1939.83 31.5 2448.709 1925.151 19.5 2445.789 1939.83 19.5 2448.709 1925.151 31.5 2445.789 1937.879 31.5 2445.789 1928.071 19.5 2443.838 1937.879 19.5 2445.789 1928.071 31.5 2443.838 1934.959 31.5 2443.838 1931.515 31.5 2443.153 1934.959 19.5 2443.838 1931.515 19.5 2443.153 1823.736 19.5 2402.433 1825.687 19.5 2405.352 1825.687 31.5 2405.352 1828.607 31.5 2407.303 1823.736 31.5 2402.433 1828.607 19.5 2407.303 1823.051 31.5 2398.989 1832.051 19.5 2407.989 1823.051 19.5 2398.989 1832.051 31.5 2407.989 1823.736 31.5 2395.544 1835.495 31.5 2407.303 1823.736 19.5 2395.544 1835.495 19.5 2407.303 1825.687 19.5 2392.625 1838.415 19.5 2405.352 1825.687 31.5 2392.625 1838.415 31.5 2405.352 1828.607 19.5 2390.674 1840.366 19.5 2402.433 1828.607 31.5 2390.674 1840.366 31.5 2402.433 1832.051 31.5 2389.989 1841.051 31.5 2398.989 1832.051 19.5 2389.989 1841.051 19.5 2398.989 1835.495 19.5 2390.674 1840.366 31.5 2395.544 1835.495 31.5 2390.674 1840.366 19.5 2395.544 1838.415 31.5 2392.625 1838.415 19.5 2392.625 1902.947 19.5 2429.854 1906.391 31.5 2430.539 1902.947 31.5 2429.854 1906.391 19.5 2430.539 1900.027 19.5 2427.903 1909.835 19.5 2429.854 1900.027 31.5 2427.903 1909.835 31.5 2429.854 1898.076 31.5 2424.983 1912.755 19.5 2427.903 1898.076 19.5 2424.983 1912.755 31.5 2427.903 1897.391 19.5 2421.54 1914.706 31.5 2424.983 1897.391 31.5 2421.54 1914.706 19.5 2424.983 1898.076 31.5 2418.095 1915.391 31.5 2421.54 1898.076 19.5 2418.095 1915.391 19.5 2421.54 1900.027 19.5 2415.176 1914.706 31.5 2418.095 1900.027 31.5 2415.176 1914.706 19.5 2418.095 1902.947 31.5 2413.224 1912.755 19.5 2415.176 1902.947 19.5 2413.224 1912.755 31.5 2415.176 1906.391 19.5 2412.54 1909.835 31.5 2413.224 1906.391 31.5 2412.54 1909.835 19.5 2413.224 1868.02 19.5 2605.444 1871.464 19.5 2606.129 1871.464 31.5 2606.129 1874.908 31.5 2605.444 1868.02 31.5 2605.444 1874.908 19.5 2605.444 1865.1 19.5 2603.493 1877.828 19.5 2603.493 1865.1 31.5 2603.493 1877.828 31.5 2603.493 1863.149 31.5 2600.573 1879.779 31.5 2600.573 1863.149 19.5 2600.573 1879.779 19.5 2600.573 1862.464 31.5 2597.129 1880.464 31.5 2597.129 1862.464 19.5 2597.129 1880.464 19.5 2597.129 1863.149 19.5 2593.685 1879.779 19.5 2593.685 1863.149 31.5 2593.685 1879.779 31.5 2593.685 1863.981 31.5 2592.129 1877.828 31.5 2590.765 1863.981 19.5 2592.129 1877.828 19.5 2590.765 1865.1 31.5 2590.765 1874.908 31.5 2588.814 1865.1 19.5 2590.765 1874.908 19.5 2588.814 1868.02 19.5 2588.814 1871.464 31.5 2588.13 1868.02 31.5 2588.814 1871.464 19.5 2588.13 1794.153 31.5 2419.485 1790.709 31.5 2418.8 1790.709 19.5 2418.8 1787.789 19.5 2416.849 1794.153 19.5 2419.485 1787.789 31.5 2416.849 1797.597 31.5 2418.8 1785.838 19.5 2413.929 1797.597 19.5 2418.8 1785.838 31.5 2413.929 1800.517 19.5 2416.849 1785.153 31.5 2410.485 1800.517 31.5 2416.849 1785.153 19.5 2410.485 1802.468 19.5 2413.929 1785.838 31.5 2407.041 1802.468 31.5 2413.929 1785.838 19.5 2407.041 1803.153 31.5 2410.485 1787.789 19.5 2404.121 1803.153 19.5 2410.485 1787.789 31.5 2404.121 1802.468 31.5 2407.041 1790.709 19.5 2402.17 1802.468 19.5 2407.041 1790.709 31.5 2402.17 1800.517 19.5 2404.121 1794.153 31.5 2401.485 1800.517 31.5 2404.121 1794.153 19.5 2401.485 1797.597 19.5 2402.17 1797.597 31.5 2402.17 1815.98 31.5 2605.444 1812.536 19.5 2606.129 1815.98 19.5 2605.444 1812.536 31.5 2606.129 1818.9 19.5 2603.493 1809.092 19.5 2605.444 1818.9 31.5 2603.493 1809.092 31.5 2605.444 1820.851 31.5 2600.573 1806.172 19.5 2603.493 1820.851 19.5 2600.573 1806.172 31.5 2603.493 1821.536 31.5 2597.129 1804.221 31.5 2600.573 1821.536 19.5 2597.129 1804.221 19.5 2600.573 1820.851 19.5 2593.685 1803.536 31.5 2597.129 1820.851 31.5 2593.685 1803.536 19.5 2597.129 1818.9 31.5 2590.765 1804.221 19.5 2593.685 1818.9 19.5 2590.765 1804.221 31.5 2593.685 1815.98 31.5 2588.814 1806.172 31.5 2590.765 1815.98 19.5 2588.814 1806.172 19.5 2590.765 1812.536 31.5 2588.13 1809.092 31.5 2588.814 1812.536 19.5 2588.13 1809.092 19.5 2588.814 1767 -59 2485.734 1767 -59 2490 1761.54 -59 2486.82 1772.46 -59 2486.82 1763.173 -59 2490.761 1770.827 -59 2490.761 1756.912 -59 2489.912 1777.088 -59 2489.912 1759.929 -59 2492.929 1774.071 -59 2492.929 1753.82 -59 2494.54 1780.18 -59 2494.54 1757.761 -59 2496.173 1776.239 -59 2496.173 1752.734 -59 2500 1781.266 -59 2500 1757 -59 2500 1777 -59 2500 1757.761 -59 2503.827 1776.239 -59 2503.827 1753.82 -59 2505.459 1780.18 -59 2505.459 1759.929 -59 2507.071 1774.071 -59 2507.071 1756.912 -59 2510.088 1777.088 -59 2510.088 1763.173 -59 2509.239 1770.827 -59 2509.239 1761.54 -59 2513.18 1772.46 -59 2513.18 1767 -59 2510 1767 -59 2514.266 1606 -48.5 2424.995 1606 -51.9442 2424.31 1618 -51.9442 2424.31 1618 -54.864 2422.359 1618 -48.5 2424.995 1606 -54.864 2422.359 1606 -45.0558 2424.31 1618 -56.8149 2419.439 1618 -45.0558 2424.31 1606 -56.8149 2419.439 1606 -42.136 2422.359 1606 -57.0595 2418.777 1618 -42.136 2422.359 1618 -57.0595 2418.777 1606 -40.1851 2419.439 1618 -57.5 2415.996 1618 -40.1851 2419.439 1606 -57.5 2415.996 1606 -39.5 2415.996 1618 -56.8149 2412.552 1618 -39.5 2415.996 1606 -56.8149 2412.552 1606 -40.1851 2412.552 1618 -54.864 2409.632 1618 -40.1851 2412.552 1606 -54.864 2409.632 1606 -42.136 2409.632 1618 -51.9442 2407.68 1618 -42.136 2409.632 1606 -51.9442 2407.68 1606 -45.0558 2407.68 1618 -48.5 2406.996 1618 -45.0558 2407.68 1606 -48.5 2406.996 1606 48.5 2424.995 1606 45.0558 2424.31 1618 45.0558 2424.31 1618 42.136 2422.359 1618 48.5 2424.995 1606 42.136 2422.359 1606 51.9442 2424.31 1618 40.1851 2419.439 1618 51.9442 2424.31 1606 40.1851 2419.439 1606 54.864 2422.359 1618 39.5 2415.996 1618 54.864 2422.359 1606 39.5 2415.996 1606 56.8149 2419.439 1618 40.1851 2412.552 1618 56.8149 2419.439 1606 40.1851 2412.552 1606 57.5 2415.996 1606 41.8117 2409.973 1618 57.5 2415.996 1618 41.8117 2409.973 1606 56.8149 2412.552 1618 42.136 2409.632 1618 56.8149 2412.552 1606 42.136 2409.632 1606 54.864 2409.632 1618 45.0558 2407.68 1618 54.864 2409.632 1606 45.0558 2407.68 1606 51.9442 2407.68 1618 48.5 2406.996 1618 51.9442 2407.68 1606 48.5 2406.996 1606 78.4746 2566.015 1606 75.0305 2565.33 1618 75.0305 2565.33 1618 72.1107 2563.379 1618 78.4746 2566.015 1606 72.1107 2563.379 1606 81.9188 2565.33 1618 70.1597 2560.459 1618 81.9188 2565.33 1606 70.1597 2560.459 1606 84.8386 2563.379 1618 69.4746 2557.015 1618 84.8386 2563.379 1606 69.4746 2557.015 1606 86.7896 2560.459 1618 70.1597 2553.571 1618 86.7896 2560.459 1606 70.1597 2553.571 1606 87.4747 2557.015 1618 72.1107 2550.651 1618 87.4747 2557.015 1606 72.1107 2550.651 1606 86.7896 2553.571 1618 75.0305 2548.7 1618 86.7896 2553.571 1606 75.0305 2548.7 1606 85.163 2550.993 1618 78.4746 2548.015 1618 85.163 2550.993 1606 78.4746 2548.015 1618 84.8386 2550.651 1618 81.9188 2548.7 1606 84.8386 2550.651 1606 81.9188 2548.7 1618 85.1698 2547.768 1618 88.6139 2548.454 1606 88.6139 2548.454 1606 92.0581 2547.768 1606 85.1698 2547.768 1618 92.0581 2547.768 1618 82.2499 2545.817 1606 94.9779 2545.817 1606 82.2499 2545.817 1618 94.9779 2545.817 1618 80.29901 2542.897 1606 96.9288 2542.897 1606 80.29901 2542.897 1618 96.9288 2542.897 1618 79.6139 2539.454 1606 97.6139 2539.454 1606 79.6139 2539.454 1618 97.6139 2539.454 1618 80.29901 2536.009 1606 96.9288 2536.009 1606 80.29901 2536.009 1618 96.9288 2536.009 1618 82.2499 2533.089 1606 94.9779 2533.089 1606 82.2499 2533.089 1618 94.9779 2533.089 1618 85.1698 2531.138 1606 93.90401 2532.172 1606 85.1698 2531.138 1618 93.90401 2532.172 1618 88.6139 2530.453 1618 92.0581 2531.138 1606 88.6139 2530.453 1606 92.0581 2531.138 1606 -78.4746 2566.015 1606 -81.9188 2565.33 1618 -81.9188 2565.33 1618 -84.8386 2563.379 1618 -78.4746 2566.015 1606 -84.8386 2563.379 1606 -75.0305 2565.33 1618 -86.7896 2560.459 1618 -75.0305 2565.33 1606 -86.7896 2560.459 1606 -74.81401 2565.237 1618 -87.4747 2557.015 1618 -74.81401 2565.237 1606 -87.4747 2557.015 1618 -72.1107 2563.379 1618 -86.7896 2553.571 1606 -72.1107 2563.379 1606 -86.7896 2553.571 1606 -70.1597 2560.459 1618 -84.8386 2550.651 1618 -70.1597 2560.459 1606 -84.8386 2550.651 1606 -69.4746 2557.015 1618 -81.9188 2548.7 1618 -69.4746 2557.015 1606 -81.9188 2548.7 1606 -70.1597 2553.571 1618 -78.4746 2548.015 1618 -70.1597 2553.571 1606 -78.4746 2548.015 1606 -72.1107 2550.651 1618 -75.0305 2548.7 1618 -72.1107 2550.651 1606 -75.0305 2548.7 1606 -29.9746 2416.748 1606 -33.4188 2416.062 1618 -33.4188 2416.062 1618 -36.3386 2414.111 1618 -29.9746 2416.748 1606 -36.3386 2414.111 1606 -26.5305 2416.062 1618 -38.2896 2411.192 1618 -26.5305 2416.062 1606 -38.2896 2411.192 1606 -23.6107 2414.111 1606 -38.9253 2408.688 1618 -23.6107 2414.111 1618 -38.9253 2408.688 1606 -21.6597 2411.192 1618 -38.9747 2407.748 1618 -21.6597 2411.192 1606 -38.9747 2407.748 1606 -20.9746 2407.748 1618 -38.2896 2404.303 1618 -20.9746 2407.748 1606 -38.2896 2404.303 1606 -21.6597 2404.303 1618 -36.3386 2401.384 1618 -21.6597 2404.303 1606 -36.3386 2401.384 1606 -23.6107 2401.384 1618 -33.4188 2399.433 1618 -23.6107 2401.384 1606 -33.4188 2399.433 1606 -26.5305 2399.433 1618 -29.9746 2398.748 1618 -26.5305 2399.433 1606 -29.9746 2398.748 1606 29.9746 2416.748 1606 26.5305 2416.062 1618 26.5305 2416.062 1618 23.6107 2414.111 1618 29.9746 2416.748 1606 23.6107 2414.111 1606 33.4188 2416.062 1618 21.6597 2411.192 1618 33.4188 2416.062 1606 21.6597 2411.192 1606 36.3386 2414.111 1618 20.9746 2407.748 1618 36.3386 2414.111 1606 20.9746 2407.748 1606 38.2896 2411.192 1618 21.6597 2404.303 1618 38.2896 2411.192 1606 21.6597 2404.303 1606 38.9747 2407.748 1606 22.1804 2403.248 1618 38.9747 2407.748 1618 22.1804 2403.248 1606 38.2896 2404.303 1618 23.6107 2401.384 1618 38.2896 2404.303 1606 23.6107 2401.384 1606 36.3386 2401.384 1618 26.5305 2399.433 1618 36.3386 2401.384 1606 26.5305 2399.433 1606 33.4188 2399.433 1618 29.9746 2398.748 1618 33.4188 2399.433 1606 29.9746 2398.748 1618 -98.3245 2528.482 1618 -94.8803 2529.167 1606 -94.8803 2529.167 1618 -91.4362 2528.482 1606 -98.3245 2528.482 1606 -91.4362 2528.482 1606 -101.2443 2526.531 1606 -88.5164 2526.531 1618 -101.2443 2526.531 1618 -88.5164 2526.531 1618 -103.1952 2523.612 1606 -86.5654 2523.612 1606 -103.1952 2523.612 1618 -86.5654 2523.612 1606 -103.8803 2520.167 1606 -85.8803 2520.167 1618 -103.8803 2520.167 1618 -85.8803 2520.167 1618 -103.1952 2516.723 1606 -86.5654 2516.723 1606 -103.1952 2516.723 1618 -86.5654 2516.723 1618 -101.2443 2513.803 1606 -88.5164 2513.803 1606 -101.2443 2513.803 1618 -88.5164 2513.803 1618 -98.3245 2511.852 1606 -91.4362 2511.852 1606 -98.3245 2511.852 1618 -91.4362 2511.852 1618 -94.8803 2511.167 1606 -94.8803 2511.167 1606 -85.1698 2547.768 1606 -86.7427 2548.257 1618 -85.1698 2547.768 1618 -86.7427 2548.257 1606 -82.2499 2545.817 1618 -88.6139 2548.454 1618 -82.2499 2545.817 1606 -88.6139 2548.454 1606 -80.29901 2542.897 1618 -92.0581 2547.768 1618 -80.29901 2542.897 1606 -92.0581 2547.768 1606 -79.6139 2539.454 1618 -94.9779 2545.817 1618 -79.6139 2539.454 1606 -94.9779 2545.817 1606 -80.29901 2536.009 1618 -96.9288 2542.897 1618 -80.29901 2536.009 1606 -96.9288 2542.897 1606 -82.2499 2533.089 1618 -97.6139 2539.454 1618 -82.2499 2533.089 1606 -97.6139 2539.454 1606 -85.1698 2531.138 1618 -96.9288 2536.009 1618 -85.1698 2531.138 1606 -96.9288 2536.009 1606 -88.6139 2530.453 1618 -94.9779 2533.089 1618 -88.6139 2530.453 1606 -94.9779 2533.089 1606 -92.0581 2531.138 1618 -92.0581 2531.138 1606 -48.5 2593.004 1606 -51.9442 2592.32 1618 -51.9442 2592.32 1618 -54.864 2590.368 1618 -48.5 2593.004 1606 -54.864 2590.368 1606 -45.0558 2592.32 1618 -56.8149 2587.448 1618 -45.0558 2592.32 1606 -56.8149 2587.448 1606 -42.136 2590.368 1618 -57.5 2584.004 1618 -42.136 2590.368 1606 -57.5 2584.004 1606 -41.8117 2590.027 1618 -56.8149 2580.56 1618 -41.8117 2590.027 1606 -56.8149 2580.56 1618 -40.1851 2587.448 1618 -54.864 2577.641 1606 -40.1851 2587.448 1606 -54.864 2577.641 1606 -39.5 2584.004 1618 -51.9442 2575.689 1618 -39.5 2584.004 1606 -51.9442 2575.689 1606 -40.1851 2580.56 1618 -48.5 2575.005 1618 -40.1851 2580.56 1606 -48.5 2575.005 1606 -42.136 2577.641 1618 -45.0558 2575.689 1618 -42.136 2577.641 1606 -45.0558 2575.689 1606 -64.9057 2436.915 1606 -68.3498 2436.23 1618 -68.3498 2436.23 1618 -71.2696 2434.279 1618 -64.9057 2436.915 1606 -71.2696 2434.279 1606 -61.4615 2436.23 1606 -72.6999 2432.415 1618 -61.4615 2436.23 1618 -72.6999 2432.415 1606 -58.5417 2434.279 1618 -73.2206 2431.359 1618 -58.5417 2434.279 1606 -73.2206 2431.359 1606 -56.5908 2431.359 1618 -73.9057 2427.915 1618 -56.5908 2431.359 1606 -73.9057 2427.915 1606 -55.9057 2427.915 1618 -73.2206 2424.471 1618 -55.9057 2427.915 1606 -73.2206 2424.471 1606 -56.5908 2424.471 1618 -71.2696 2421.551 1618 -56.5908 2424.471 1606 -71.2696 2421.551 1606 -58.5417 2421.551 1618 -68.3498 2419.6 1618 -58.5417 2421.551 1606 -68.3498 2419.6 1606 -61.4615 2419.6 1618 -64.9057 2418.915 1618 -61.4615 2419.6 1606 -64.9057 2418.915 1618 97 2509 1618 100.4442 2508.315 1606 100.4442 2508.315 1606 103.364 2506.364 1606 97 2509 1618 103.364 2506.364 1618 93.5559 2508.315 1606 105.3149 2503.444 1606 93.5559 2508.315 1618 105.3149 2503.444 1618 90.636 2506.364 1606 106 2500 1606 90.636 2506.364 1618 106 2500 1618 88.6851 2503.444 1606 105.3149 2496.556 1606 88.6851 2503.444 1618 105.3149 2496.556 1618 88 2500 1606 103.364 2493.636 1606 88 2500 1618 103.364 2493.636 1618 88.6851 2496.556 1606 100.4442 2491.685 1606 88.6851 2496.556 1618 100.4442 2491.685 1618 90.636 2493.636 1606 98.8712 2491.196 1606 90.636 2493.636 1618 98.8712 2491.196 1618 93.5559 2491.685 1618 97 2491 1606 93.5559 2491.685 1606 97 2491 1606 -64.9057 2581.085 1606 -68.3498 2580.4 1618 -68.3498 2580.4 1618 -71.2696 2578.449 1618 -64.9057 2581.085 1606 -71.2696 2578.449 1606 -61.4615 2580.4 1618 -73.2206 2575.529 1618 -61.4615 2580.4 1606 -73.2206 2575.529 1606 -59.6156 2579.366 1618 -73.9057 2572.085 1618 -59.6156 2579.366 1606 -73.9057 2572.085 1618 -58.5417 2578.449 1618 -73.2206 2568.641 1606 -58.5417 2578.449 1606 -73.2206 2568.641 1606 -56.5908 2575.529 1618 -71.2696 2565.721 1618 -56.5908 2575.529 1606 -71.2696 2565.721 1606 -55.9057 2572.085 1618 -68.3498 2563.77 1618 -55.9057 2572.085 1606 -68.3498 2563.77 1606 -56.5908 2568.641 1618 -64.9057 2563.085 1618 -56.5908 2568.641 1606 -64.9057 2563.085 1606 -58.5417 2565.721 1618 -61.4615 2563.77 1618 -58.5417 2565.721 1606 -61.4615 2563.77 1606 94.8803 2488.832 1606 91.4362 2488.147 1618 91.4362 2488.147 1618 88.5164 2486.196 1618 94.8803 2488.832 1606 88.5164 2486.196 1606 98.3245 2488.147 1618 86.5654 2483.277 1618 98.3245 2488.147 1606 86.5654 2483.277 1606 101.2443 2486.196 1618 85.8803 2479.833 1618 101.2443 2486.196 1606 85.8803 2479.833 1606 103.1952 2483.277 1618 86.5654 2476.388 1618 103.1952 2483.277 1606 86.5654 2476.388 1606 103.8803 2479.833 1606 88.5164 2473.468 1618 103.8803 2479.833 1618 88.5164 2473.468 1618 103.1952 2476.388 1618 91.4362 2471.518 1606 103.1952 2476.388 1606 91.4362 2471.518 1618 101.2443 2473.468 1618 94.8803 2470.832 1606 101.2443 2473.468 1606 94.8803 2470.832 1618 98.3245 2471.518 1606 98.3245 2471.518 1606 48.5 2593.004 1606 45.0558 2592.32 1618 45.0558 2592.32 1618 42.136 2590.368 1618 48.5 2593.004 1606 42.136 2590.368 1606 51.9442 2592.32 1618 40.1851 2587.448 1618 51.9442 2592.32 1606 40.1851 2587.448 1606 54.864 2590.368 1618 39.5 2584.004 1618 54.864 2590.368 1606 39.5 2584.004 1606 56.8149 2587.448 1618 40.1851 2580.56 1618 56.8149 2587.448 1606 40.1851 2580.56 1606 57.5 2584.004 1618 42.136 2577.641 1618 57.5 2584.004 1606 42.136 2577.641 1606 57.0595 2581.223 1618 45.0558 2575.689 1618 57.0595 2581.223 1606 45.0558 2575.689 1618 56.8149 2580.56 1618 48.5 2575.005 1606 56.8149 2580.56 1606 48.5 2575.005 1606 54.864 2577.641 1618 51.9442 2575.689 1618 54.864 2577.641 1606 51.9442 2575.689 1606 -10.1393 2412.531 1606 -13.5834 2411.846 1618 -13.5834 2411.846 1618 -16.5032 2409.895 1618 -10.1393 2412.531 1606 -16.5032 2409.895 1606 -6.6951 2411.846 1618 -18.4542 2406.976 1618 -6.6951 2411.846 1606 -18.4542 2406.976 1606 -3.7753 2409.895 1618 -19.1393 2403.531 1618 -3.7753 2409.895 1606 -19.1393 2403.531 1606 -1.8243 2406.976 1606 -19.09 2402.591 1618 -1.8243 2406.976 1618 -19.09 2402.591 1606 -1.1393 2403.531 1618 -18.4542 2400.087 1618 -1.1393 2403.531 1606 -18.4542 2400.087 1606 -1.8243 2400.087 1618 -16.5032 2397.167 1618 -1.8243 2400.087 1606 -16.5032 2397.167 1606 -3.7753 2397.167 1618 -13.5834 2395.217 1618 -3.7753 2397.167 1606 -13.5834 2395.217 1606 -6.6951 2395.217 1618 -10.1393 2394.531 1618 -6.6951 2395.217 1606 -10.1393 2394.531 1606 64.9057 2436.915 1606 61.4615 2436.23 1618 61.4615 2436.23 1618 58.5417 2434.279 1618 64.9057 2436.915 1606 58.5417 2434.279 1606 68.3498 2436.23 1618 56.5908 2431.359 1618 68.3498 2436.23 1606 56.5908 2431.359 1606 71.2696 2434.279 1618 55.9057 2427.915 1618 71.2696 2434.279 1606 55.9057 2427.915 1606 73.2206 2431.359 1618 56.5908 2424.471 1618 73.2206 2431.359 1606 56.5908 2424.471 1606 73.9057 2427.915 1618 58.5417 2421.551 1618 73.9057 2427.915 1606 58.5417 2421.551 1606 73.2206 2424.471 1606 59.6156 2420.634 1618 73.2206 2424.471 1618 59.6156 2420.634 1606 71.2696 2421.551 1618 61.4615 2419.6 1618 71.2696 2421.551 1606 61.4615 2419.6 1606 68.3498 2419.6 1618 64.9057 2418.915 1618 68.3498 2419.6 1606 64.9057 2418.915 1606 -94.8803 2488.832 1606 -98.3245 2488.147 1618 -98.3245 2488.147 1606 -98.5409 2488.054 1618 -94.8803 2488.832 1618 -98.5409 2488.054 1606 -91.4362 2488.147 1618 -101.2443 2486.196 1618 -91.4362 2488.147 1606 -101.2443 2486.196 1606 -88.5164 2486.196 1618 -103.1952 2483.277 1618 -88.5164 2486.196 1606 -103.1952 2483.277 1606 -86.5654 2483.277 1618 -103.8803 2479.833 1618 -86.5654 2483.277 1606 -103.8803 2479.833 1606 -85.8803 2479.833 1618 -103.1952 2476.388 1618 -85.8803 2479.833 1606 -103.1952 2476.388 1606 -86.5654 2476.388 1618 -101.2443 2473.468 1618 -86.5654 2476.388 1606 -101.2443 2473.468 1606 -88.5164 2473.468 1618 -98.3245 2471.518 1618 -88.5164 2473.468 1606 -98.3245 2471.518 1606 -91.4362 2471.518 1618 -94.8803 2470.832 1618 -91.4362 2471.518 1606 -94.8803 2470.832 1606 -29.9746 2601.252 1606 -33.4188 2600.567 1618 -33.4188 2600.567 1618 -36.3386 2598.616 1618 -29.9746 2601.252 1606 -36.3386 2598.616 1606 -26.5305 2600.567 1618 -38.2896 2595.697 1618 -26.5305 2600.567 1606 -38.2896 2595.697 1606 -23.6107 2598.616 1618 -38.9747 2592.252 1618 -23.6107 2598.616 1606 -38.9747 2592.252 1606 -22.1804 2596.752 1618 -38.2896 2588.808 1618 -22.1804 2596.752 1606 -38.2896 2588.808 1618 -21.6597 2595.697 1618 -36.3386 2585.889 1606 -21.6597 2595.697 1606 -36.3386 2585.889 1606 -20.9746 2592.252 1618 -33.4188 2583.937 1618 -20.9746 2592.252 1606 -33.4188 2583.937 1606 -21.6597 2588.808 1618 -29.9746 2583.252 1618 -21.6597 2588.808 1606 -29.9746 2583.252 1606 -23.6107 2585.889 1618 -26.5305 2583.937 1618 -23.6107 2585.889 1606 -26.5305 2583.937 1606 10.1393 2412.531 1606 6.6951 2411.846 1618 6.6951 2411.846 1618 3.7753 2409.895 1618 10.1393 2412.531 1606 3.7753 2409.895 1618 13.5834 2411.846 1618 1.8243 2406.976 1606 13.5834 2411.846 1606 1.8243 2406.976 1606 16.5032 2409.895 1618 1.1393 2403.531 1618 16.5032 2409.895 1606 1.1393 2403.531 1606 18.4542 2406.976 1606 1.5798 2400.75 1618 18.4542 2406.976 1618 1.5798 2400.75 1618 19.1393 2403.531 1618 1.8243 2400.087 1606 19.1393 2403.531 1606 1.8243 2400.087 1606 18.4542 2400.087 1618 3.7753 2397.167 1618 18.4542 2400.087 1606 3.7753 2397.167 1606 16.5032 2397.167 1618 6.6951 2395.217 1618 16.5032 2397.167 1606 6.6951 2395.217 1606 13.5834 2395.217 1618 10.1393 2394.531 1618 13.5834 2395.217 1606 10.1393 2394.531 1606 29.9746 2601.252 1606 26.5305 2600.567 1618 26.5305 2600.567 1618 23.6107 2598.616 1618 29.9746 2601.252 1606 23.6107 2598.616 1606 33.4188 2600.567 1618 21.6597 2595.697 1618 33.4188 2600.567 1606 21.6597 2595.697 1606 36.3386 2598.616 1618 20.9746 2592.252 1618 36.3386 2598.616 1606 20.9746 2592.252 1606 38.2896 2595.697 1618 21.6597 2588.808 1618 38.2896 2595.697 1606 21.6597 2588.808 1606 38.9747 2592.252 1618 23.6107 2585.889 1618 38.9747 2592.252 1606 23.6107 2585.889 1606 38.9253 2591.312 1618 26.5305 2583.937 1618 38.9253 2591.312 1606 26.5305 2583.937 1618 38.2896 2588.808 1618 29.9746 2583.252 1606 38.2896 2588.808 1606 29.9746 2583.252 1606 36.3386 2585.889 1618 33.4188 2583.937 1618 36.3386 2585.889 1606 33.4188 2583.937 1618 91.4362 2528.482 1618 94.8803 2529.167 1606 94.8803 2529.167 1606 98.3245 2528.482 1606 91.4362 2528.482 1618 98.3245 2528.482 1618 88.5164 2526.531 1606 101.2443 2526.531 1606 88.5164 2526.531 1618 101.2443 2526.531 1618 86.5654 2523.612 1606 103.1952 2523.612 1606 86.5654 2523.612 1618 103.1952 2523.612 1618 85.8803 2520.167 1606 103.8803 2520.167 1606 85.8803 2520.167 1618 103.8803 2520.167 1618 86.5654 2516.723 1606 103.1952 2516.723 1606 86.5654 2516.723 1618 103.1952 2516.723 1618 88.5164 2513.803 1606 101.2443 2513.803 1606 88.5164 2513.803 1618 101.2443 2513.803 1618 91.4362 2511.852 1606 98.5409 2511.946 1606 91.4362 2511.852 1618 98.5409 2511.946 1618 94.8803 2511.167 1618 98.3245 2511.852 1606 94.8803 2511.167 1606 98.3245 2511.852 1606 64.9057 2581.085 1606 61.4615 2580.4 1618 61.4615 2580.4 1618 58.5417 2578.449 1618 64.9057 2581.085 1606 58.5417 2578.449 1606 68.3498 2580.4 1618 56.5908 2575.529 1618 68.3498 2580.4 1606 56.5908 2575.529 1606 71.2696 2578.449 1618 55.9057 2572.085 1618 71.2696 2578.449 1606 55.9057 2572.085 1606 73.2206 2575.529 1618 56.5908 2568.641 1618 73.2206 2575.529 1606 56.5908 2568.641 1606 73.9057 2572.085 1618 58.5417 2565.721 1618 73.9057 2572.085 1606 58.5417 2565.721 1606 73.2206 2568.641 1618 61.4615 2563.77 1618 73.2206 2568.641 1606 61.4615 2563.77 1606 72.6999 2567.585 1618 64.9057 2563.085 1618 72.6999 2567.585 1606 64.9057 2563.085 1618 71.2696 2565.721 1618 68.3498 2563.77 1606 71.2696 2565.721 1606 68.3498 2563.77 1606 -97 2509 1606 -98.8712 2508.803 1618 -97 2509 1618 -98.8712 2508.803 1606 -93.5559 2508.315 1618 -100.4442 2508.315 1618 -93.5559 2508.315 1606 -100.4442 2508.315 1606 -90.636 2506.364 1618 -103.364 2506.364 1618 -90.636 2506.364 1606 -103.364 2506.364 1606 -88.6851 2503.444 1618 -105.3149 2503.444 1618 -88.6851 2503.444 1606 -105.3149 2503.444 1606 -88 2500 1618 -106 2500 1618 -88 2500 1606 -106 2500 1606 -88.6851 2496.556 1618 -105.3149 2496.556 1618 -88.6851 2496.556 1606 -105.3149 2496.556 1606 -90.636 2493.636 1618 -103.364 2493.636 1618 -90.636 2493.636 1606 -103.364 2493.636 1606 -93.5559 2491.685 1618 -100.4442 2491.685 1618 -93.5559 2491.685 1606 -100.4442 2491.685 1606 -97 2491 1618 -97 2491 1891.039 42.5 2490.246 1892 42.5 2500 1892 52.5 2500 1891.039 42.5 2509.754 1891.039 52.5 2490.246 1891.039 52.5 2509.754 1888.194 52.5 2480.865 1888.194 42.5 2519.134 1888.194 42.5 2480.865 1888.194 52.5 2519.134 1883.574 42.5 2472.221 1883.574 42.5 2527.779 1883.574 52.5 2472.221 1883.574 52.5 2527.779 1877.355 42.5 2464.645 1877.355 42.5 2535.355 1877.355 52.5 2464.645 1877.355 52.5 2535.355 1869.779 52.5 2458.426 1869.779 42.5 2541.573 1869.779 42.5 2458.426 1869.779 52.5 2541.573 1861.134 52.5 2453.806 1861.134 42.5 2546.194 1861.134 42.5 2453.806 1861.134 52.5 2546.194 1851.754 52.5 2450.961 1851.754 42.5 2549.039 1851.754 42.5 2450.961 1851.754 52.5 2549.039 1842 52.5 2450 1842 42.5 2550 1842 42.5 2450 1842 52.5 2550 1832.246 52.5 2450.961 1832.246 42.5 2549.039 1832.246 42.5 2450.961 1832.246 52.5 2549.039 1822.866 52.5 2453.806 1822.866 42.5 2546.194 1822.866 42.5 2453.806 1822.866 52.5 2546.194 1814.222 52.5 2458.426 1814.222 42.5 2541.573 1814.222 42.5 2458.426 1814.222 52.5 2541.573 1806.645 52.5 2464.645 1806.645 42.5 2535.355 1806.645 42.5 2464.645 1806.645 52.5 2535.355 1800.426 42.5 2472.221 1800.426 52.5 2527.779 1800.426 52.5 2472.221 1800.426 42.5 2527.779 1795.806 42.5 2480.865 1795.806 52.5 2519.134 1795.806 52.5 2480.865 1795.806 42.5 2519.134 1792.961 52.5 2490.246 1792.961 42.5 2509.754 1792.961 42.5 2490.246 1792.961 52.5 2509.754 1792 52.5 2500 1792 42.5 2500 1754.098 -32.5 2541.75 1757.543 -32.5 2542.435 1757.543 -44.5 2542.435 1760.462 -44.5 2544.386 1754.098 -44.5 2541.75 1760.462 -32.5 2544.386 1750.654 -32.5 2542.435 1762.413 -44.5 2547.306 1750.654 -44.5 2542.435 1762.413 -32.5 2547.306 1747.734 -32.5 2544.386 1763.098 -44.5 2550.75 1747.734 -44.5 2544.386 1763.098 -32.5 2550.75 1745.783 -32.5 2547.306 1762.413 -44.5 2554.194 1745.783 -44.5 2547.306 1762.413 -32.5 2554.194 1745.098 -32.5 2550.75 1761.633 -32.5 2555.672 1745.098 -44.5 2550.75 1761.633 -44.5 2555.672 1745.783 -32.5 2554.194 1760.462 -44.5 2557.114 1745.783 -44.5 2554.194 1760.462 -32.5 2557.114 1747.734 -32.5 2557.114 1757.543 -44.5 2559.065 1747.734 -44.5 2557.114 1757.543 -32.5 2559.065 1750.654 -32.5 2559.065 1754.098 -44.5 2559.75 1750.654 -44.5 2559.065 1754.098 -32.5 2559.75 1754.098 -32.5 2440.25 1757.543 -32.5 2440.935 1757.543 -44.5 2440.935 1760.462 -44.5 2442.886 1754.098 -44.5 2440.25 1760.462 -32.5 2442.886 1750.654 -32.5 2440.935 1762.413 -44.5 2445.806 1750.654 -44.5 2440.935 1762.413 -32.5 2445.806 1747.734 -32.5 2442.886 1763.098 -44.5 2449.25 1747.734 -44.5 2442.886 1763.098 -32.5 2449.25 1745.783 -32.5 2445.806 1762.413 -44.5 2452.694 1745.783 -44.5 2445.806 1762.413 -32.5 2452.694 1745.098 -32.5 2449.25 1761.633 -32.5 2454.173 1745.098 -44.5 2449.25 1761.633 -44.5 2454.173 1745.783 -32.5 2452.694 1760.462 -44.5 2455.614 1745.783 -44.5 2452.694 1760.462 -32.5 2455.614 1747.734 -32.5 2455.614 1757.543 -44.5 2457.565 1747.734 -44.5 2455.614 1757.543 -32.5 2457.565 1750.654 -32.5 2457.565 1754.098 -44.5 2458.25 1750.654 -44.5 2457.565 1754.098 -32.5 2458.25 1812.536 19.5 2588.13 1820.851 19.5 2600.573 1818.9 19.5 2603.493 1820.851 19.5 2593.685 1806.172 19.5 2603.493 1815.98 19.5 2588.814 1821.536 19.5 2597.129 1803.536 19.5 2597.129 1812.536 19.5 2606.129 1818.9 19.5 2590.765 1806.172 19.5 2590.765 1804.221 19.5 2600.573 1815.98 19.5 2605.444 1809.092 19.5 2605.444 1804.221 19.5 2593.685 1809.092 19.5 2588.814 1794.153 19.5 2401.485 1797.597 19.5 2402.17 1800.517 19.5 2404.121 1803.153 19.5 2410.485 1802.468 19.5 2407.041 1800.517 19.5 2416.849 1802.468 19.5 2413.929 1797.597 19.5 2418.8 1787.789 19.5 2416.849 1790.709 19.5 2418.8 1785.153 19.5 2410.485 1794.153 19.5 2419.485 1785.838 19.5 2413.929 1785.838 19.5 2407.041 1787.789 19.5 2404.121 1790.709 19.5 2402.17 1862.464 19.5 2597.129 1863.149 19.5 2593.685 1868.02 19.5 2588.814 1865.1 19.5 2590.765 1871.464 19.5 2588.13 1865.1 19.5 2603.493 1863.149 19.5 2600.573 1880.464 19.5 2597.129 1877.828 19.5 2603.493 1877.828 19.5 2590.765 1879.779 19.5 2600.573 1874.908 19.5 2605.444 1874.908 19.5 2588.814 1879.779 19.5 2593.685 1871.464 19.5 2606.129 1868.02 19.5 2605.444 1841.051 19.5 2398.989 1840.366 19.5 2402.433 1838.415 19.5 2405.352 1832.051 19.5 2407.989 1835.495 19.5 2407.303 1832.051 19.5 2389.989 1823.051 19.5 2398.989 1838.415 19.5 2392.625 1825.687 19.5 2405.352 1823.736 19.5 2395.544 1840.366 19.5 2395.544 1835.495 19.5 2390.674 1828.607 19.5 2407.303 1823.736 19.5 2402.433 1825.687 19.5 2392.625 1828.607 19.5 2390.674 1934.959 19.5 2460.468 1931.515 19.5 2461.153 1928.071 19.5 2460.468 1937.879 19.5 2458.517 1922.515 19.5 2452.153 1940.515 19.5 2452.153 1925.151 19.5 2458.517 1939.83 19.5 2455.597 1925.151 19.5 2445.789 1923.2 19.5 2455.597 1934.959 19.5 2443.838 1923.2 19.5 2448.709 1937.879 19.5 2445.789 1928.071 19.5 2443.838 1939.83 19.5 2448.709 1931.515 19.5 2443.153 1823.736 19.5 2597.567 1825.687 19.5 2594.647 1828.607 19.5 2592.696 1832.051 19.5 2592.011 1838.415 19.5 2607.375 1841.051 19.5 2601.011 1825.687 19.5 2607.375 1835.495 19.5 2592.696 1840.366 19.5 2604.456 1832.051 19.5 2610.011 1823.736 19.5 2604.456 1838.415 19.5 2594.647 1835.495 19.5 2609.326 1828.607 19.5 2609.326 1823.051 19.5 2601.011 1840.366 19.5 2597.567 1896.211 19.5 2416.849 1893.291 19.5 2418.8 1889.847 19.5 2419.485 1898.847 19.5 2410.485 1898.161 19.5 2413.929 1889.847 19.5 2401.485 1896.211 19.5 2404.121 1883.483 19.5 2404.121 1893.291 19.5 2402.17 1898.161 19.5 2407.041 1880.847 19.5 2410.485 1886.403 19.5 2402.17 1881.532 19.5 2413.929 1881.532 19.5 2407.041 1883.483 19.5 2416.849 1886.403 19.5 2418.8 1932.765 19.5 2535.828 1930.814 19.5 2532.908 1930.814 19.5 2526.02 1930.129 19.5 2529.464 1939.13 19.5 2538.464 1935.685 19.5 2537.779 1939.13 19.5 2520.464 1945.493 19.5 2535.828 1935.685 19.5 2521.149 1947.444 19.5 2526.02 1942.574 19.5 2537.779 1932.765 19.5 2523.1 1948.129 19.5 2529.464 1945.493 19.5 2523.1 1947.444 19.5 2532.908 1942.574 19.5 2521.149 1851.949 19.5 2407.989 1848.504 19.5 2407.303 1845.585 19.5 2405.352 1843.634 19.5 2402.433 1851.949 19.5 2389.989 1842.949 19.5 2398.989 1860.949 19.5 2398.989 1843.634 19.5 2395.544 1858.313 19.5 2392.625 1858.313 19.5 2405.352 1845.585 19.5 2392.625 1860.264 19.5 2395.544 1855.393 19.5 2390.674 1860.264 19.5 2402.433 1855.393 19.5 2407.303 1848.504 19.5 2390.674 1939.13 19.5 2461.536 1942.574 19.5 2462.221 1945.493 19.5 2464.172 1948.129 19.5 2470.536 1947.444 19.5 2467.092 1930.814 19.5 2467.092 1932.765 19.5 2464.172 1939.13 19.5 2479.536 1935.685 19.5 2462.221 1935.685 19.5 2478.851 1945.493 19.5 2476.9 1932.765 19.5 2476.9 1947.444 19.5 2473.98 1942.574 19.5 2478.851 1930.814 19.5 2473.98 1930.129 19.5 2470.536 1898.161 19.5 2586.071 1898.847 19.5 2589.515 1898.161 19.5 2592.959 1896.211 19.5 2595.879 1889.847 19.5 2598.515 1893.291 19.5 2597.83 1889.847 19.5 2580.515 1883.483 19.5 2595.879 1893.291 19.5 2581.2 1881.532 19.5 2586.071 1886.403 19.5 2597.83 1896.211 19.5 2583.151 1880.847 19.5 2589.515 1883.483 19.5 2583.151 1881.532 19.5 2592.959 1886.403 19.5 2581.2 1900.027 19.5 2572.097 1902.947 19.5 2570.145 1906.391 19.5 2569.461 1912.755 19.5 2572.097 1909.835 19.5 2570.145 1906.391 19.5 2587.46 1898.076 19.5 2581.904 1915.391 19.5 2578.46 1897.391 19.5 2578.46 1900.027 19.5 2584.824 1914.706 19.5 2575.017 1914.706 19.5 2581.904 1898.076 19.5 2575.017 1902.947 19.5 2586.776 1912.755 19.5 2584.824 1909.835 19.5 2586.776 1871.464 19.5 2411.87 1868.02 19.5 2411.186 1865.1 19.5 2409.235 1871.464 19.5 2393.871 1862.464 19.5 2402.871 1880.464 19.5 2402.871 1863.149 19.5 2406.315 1868.02 19.5 2394.555 1877.828 19.5 2396.507 1877.828 19.5 2409.235 1863.149 19.5 2399.426 1879.779 19.5 2399.426 1874.908 19.5 2394.555 1879.779 19.5 2406.315 1874.908 19.5 2411.186 1865.1 19.5 2396.507 1820.851 19.5 2406.315 1818.9 19.5 2409.235 1812.536 19.5 2411.87 1815.98 19.5 2411.186 1821.536 19.5 2402.871 1818.9 19.5 2396.507 1820.851 19.5 2399.426 1806.172 19.5 2409.235 1803.536 19.5 2402.871 1809.092 19.5 2411.186 1812.536 19.5 2393.871 1804.221 19.5 2406.315 1806.172 19.5 2396.507 1815.98 19.5 2394.555 1809.092 19.5 2394.555 1804.221 19.5 2399.426 1914.097 19.5 2570.755 1912.145 19.5 2567.835 1911.461 19.5 2564.391 1920.461 19.5 2573.391 1917.016 19.5 2572.706 1929.461 19.5 2564.391 1920.461 19.5 2555.391 1926.825 19.5 2570.755 1926.825 19.5 2558.027 1914.097 19.5 2558.027 1928.775 19.5 2567.835 1923.905 19.5 2572.706 1923.905 19.5 2556.076 1928.775 19.5 2560.947 1912.145 19.5 2560.947 1917.016 19.5 2556.076 1939.567 19.5 2501.634 1943.011 19.5 2500.949 1936.647 19.5 2503.585 1934.696 19.5 2506.505 1943.011 19.5 2518.949 1951.326 19.5 2513.393 1936.647 19.5 2516.312 1949.375 19.5 2503.585 1949.375 19.5 2516.312 1939.567 19.5 2518.263 1934.011 19.5 2509.949 1946.455 19.5 2501.634 1952.011 19.5 2509.949 1946.455 19.5 2518.263 1934.696 19.5 2513.393 1951.326 19.5 2506.505 1931.515 19.5 2538.847 1934.959 19.5 2539.532 1928.071 19.5 2539.532 1925.151 19.5 2541.483 1937.879 19.5 2554.211 1940.515 19.5 2547.847 1931.515 19.5 2556.847 1939.83 19.5 2551.291 1939.83 19.5 2544.403 1934.959 19.5 2556.162 1922.515 19.5 2547.847 1937.879 19.5 2541.483 1923.2 19.5 2551.291 1923.2 19.5 2544.403 1925.151 19.5 2554.211 1928.071 19.5 2556.162 1843.634 19.5 2597.567 1845.585 19.5 2594.647 1851.949 19.5 2592.011 1848.504 19.5 2592.696 1842.949 19.5 2601.011 1858.313 19.5 2607.375 1860.949 19.5 2601.011 1851.949 19.5 2610.011 1858.313 19.5 2594.647 1860.264 19.5 2604.456 1855.393 19.5 2609.326 1848.504 19.5 2609.326 1860.264 19.5 2597.567 1855.393 19.5 2592.696 1845.585 19.5 2607.375 1843.634 19.5 2604.456 1914.097 19.5 2441.973 1912.145 19.5 2439.053 1911.461 19.5 2435.609 1920.461 19.5 2426.609 1912.145 19.5 2432.165 1920.461 19.5 2444.609 1914.097 19.5 2429.245 1929.461 19.5 2435.609 1917.016 19.5 2443.924 1917.016 19.5 2427.294 1926.825 19.5 2441.973 1926.825 19.5 2429.245 1928.775 19.5 2439.053 1923.905 19.5 2443.924 1923.905 19.5 2427.294 1928.775 19.5 2432.165 1802.468 19.5 2586.071 1803.153 19.5 2589.515 1800.517 19.5 2583.151 1794.153 19.5 2598.515 1800.517 19.5 2595.879 1787.789 19.5 2583.151 1802.468 19.5 2592.959 1797.597 19.5 2597.83 1797.597 19.5 2581.2 1785.153 19.5 2589.515 1790.709 19.5 2581.2 1785.838 19.5 2586.071 1787.789 19.5 2595.879 1794.153 19.5 2580.515 1790.709 19.5 2597.83 1785.838 19.5 2592.959 1943.011 19.5 2499.051 1939.567 19.5 2498.366 1936.647 19.5 2496.415 1946.455 19.5 2498.366 1952.011 19.5 2490.051 1934.011 19.5 2490.051 1949.375 19.5 2496.415 1934.696 19.5 2493.495 1939.567 19.5 2481.736 1951.326 19.5 2493.495 1936.647 19.5 2483.687 1943.011 19.5 2481.051 1934.696 19.5 2486.607 1949.375 19.5 2483.687 1951.326 19.5 2486.607 1946.455 19.5 2481.736 1763.098 -44.5 2550.75 1762.413 -44.5 2554.194 1760.462 -44.5 2557.114 1750.654 -44.5 2559.065 1745.783 -44.5 2554.194 1754.098 -44.5 2559.75 1747.734 -44.5 2557.114 1754.098 -44.5 2541.75 1757.543 -44.5 2559.065 1745.783 -44.5 2547.306 1762.413 -44.5 2547.306 1745.098 -44.5 2550.75 1747.734 -44.5 2544.386 1760.462 -44.5 2544.386 1750.654 -44.5 2542.435 1757.543 -44.5 2542.435 1763.098 -44.5 2449.25 1762.413 -44.5 2452.694 1760.462 -44.5 2455.614 1762.413 -44.5 2445.806 1754.098 -44.5 2440.25 1760.462 -44.5 2442.886 1745.098 -44.5 2449.25 1757.543 -44.5 2440.935 1754.098 -44.5 2458.25 1747.734 -44.5 2442.886 1757.543 -44.5 2457.565 1747.734 -44.5 2455.614 1750.654 -44.5 2440.935 1745.783 -44.5 2445.806 1750.654 -44.5 2457.565 1745.783 -44.5 2452.694 1618 -97 2509 1618 -100.4442 2508.315 1618 -105.3149 2503.444 1618 -103.364 2506.364 1618 -88 2500 1618 -88.6851 2503.444 1618 -93.5559 2491.685 1618 -90.636 2506.364 1618 -105.3149 2496.556 1618 -90.636 2493.636 1618 -93.5559 2508.315 1618 -106 2500 1618 -97 2491 1618 -88.6851 2496.556 1618 -103.364 2493.636 1618 -100.4442 2491.685 1618 73.2206 2568.641 1618 73.9057 2572.085 1618 64.9057 2581.085 1618 73.2206 2575.529 1618 61.4615 2563.77 1618 71.2696 2578.449 1618 56.5908 2575.529 1618 64.9057 2563.085 1618 68.3498 2580.4 1618 58.5417 2578.449 1618 55.9057 2572.085 1618 71.2696 2565.721 1618 61.4615 2580.4 1618 58.5417 2565.721 1618 68.3498 2563.77 1618 56.5908 2568.641 1618 103.1952 2516.723 1618 103.8803 2520.167 1618 103.1952 2523.612 1618 94.8803 2511.167 1618 91.4362 2528.482 1618 98.3245 2511.852 1618 94.8803 2529.167 1618 86.5654 2523.612 1618 101.2443 2513.803 1618 101.2443 2526.531 1618 88.5164 2526.531 1618 85.8803 2520.167 1618 98.3245 2528.482 1618 86.5654 2516.723 1618 88.5164 2513.803 1618 91.4362 2511.852 1618 36.3386 2585.889 1618 38.2896 2588.808 1618 38.9747 2592.252 1618 38.2896 2595.697 1618 29.9746 2583.252 1618 33.4188 2583.937 1618 23.6107 2598.616 1618 21.6597 2588.808 1618 29.9746 2601.252 1618 20.9746 2592.252 1618 23.6107 2585.889 1618 36.3386 2598.616 1618 26.5305 2600.567 1618 21.6597 2595.697 1618 26.5305 2583.937 1618 33.4188 2600.567 1618 13.5834 2395.217 1618 16.5032 2397.167 1618 10.1393 2394.531 1618 18.4542 2400.087 1618 18.4542 2406.976 1618 19.1393 2403.531 1618 13.5834 2411.846 1618 16.5032 2409.895 1618 6.6951 2411.846 1618 10.1393 2412.531 1618 1.1393 2403.531 1618 1.8243 2406.976 1618 1.8243 2400.087 1618 3.7753 2409.895 1618 3.7753 2397.167 1618 6.6951 2395.217 1618 -20.9746 2592.252 1618 -21.6597 2595.697 1618 -23.6107 2598.616 1618 -21.6597 2588.808 1618 -29.9746 2601.252 1618 -26.5305 2600.567 1618 -29.9746 2583.252 1618 -36.3386 2598.616 1618 -26.5305 2583.937 1618 -33.4188 2583.937 1618 -33.4188 2600.567 1618 -23.6107 2585.889 1618 -38.2896 2588.808 1618 -36.3386 2585.889 1618 -38.9747 2592.252 1618 -38.2896 2595.697 1618 -94.8803 2488.832 1618 -98.3245 2488.147 1618 -101.2443 2486.196 1618 -88.5164 2486.196 1618 -91.4362 2488.147 1618 -86.5654 2483.277 1618 -85.8803 2479.833 1618 -86.5654 2476.388 1618 -94.8803 2470.832 1618 -91.4362 2471.518 1618 -101.2443 2473.468 1618 -88.5164 2473.468 1618 -103.1952 2476.388 1618 -98.3245 2471.518 1618 -103.8803 2479.833 1618 -103.1952 2483.277 1618 64.9057 2418.915 1618 68.3498 2419.6 1618 71.2696 2421.551 1618 56.5908 2424.471 1618 73.2206 2431.359 1618 58.5417 2421.551 1618 64.9057 2436.915 1618 73.9057 2427.915 1618 61.4615 2419.6 1618 55.9057 2427.915 1618 68.3498 2436.23 1618 73.2206 2424.471 1618 58.5417 2434.279 1618 71.2696 2434.279 1618 61.4615 2436.23 1618 56.5908 2431.359 1618 -19.1393 2403.531 1618 -18.4542 2400.087 1618 -10.1393 2412.531 1618 -1.8243 2400.087 1618 -18.4542 2406.976 1618 -16.5032 2397.167 1618 -3.7753 2409.895 1618 -16.5032 2409.895 1618 -10.1393 2394.531 1618 -1.1393 2403.531 1618 -6.6951 2411.846 1618 -13.5834 2411.846 1618 -13.5834 2395.217 1618 -6.6951 2395.217 1618 -1.8243 2406.976 1618 -3.7753 2397.167 1618 51.9442 2592.32 1618 48.5 2593.004 1618 54.864 2590.368 1618 48.5 2575.005 1618 40.1851 2580.56 1618 56.8149 2587.448 1618 40.1851 2587.448 1618 42.136 2577.641 1618 57.5 2584.004 1618 39.5 2584.004 1618 45.0558 2592.32 1618 45.0558 2575.689 1618 56.8149 2580.56 1618 42.136 2590.368 1618 54.864 2577.641 1618 51.9442 2575.689 1618 88.5164 2473.468 1618 91.4362 2471.518 1618 94.8803 2470.832 1618 86.5654 2476.388 1618 103.1952 2476.388 1618 86.5654 2483.277 1618 101.2443 2473.468 1618 103.1952 2483.277 1618 85.8803 2479.833 1618 98.3245 2471.518 1618 103.8803 2479.833 1618 94.8803 2488.832 1618 101.2443 2486.196 1618 88.5164 2486.196 1618 98.3245 2488.147 1618 91.4362 2488.147 1618 -56.5908 2575.529 1618 -58.5417 2578.449 1618 -61.4615 2580.4 1618 -64.9057 2581.085 1618 -64.9057 2563.085 1618 -58.5417 2565.721 1618 -73.9057 2572.085 1618 -61.4615 2563.77 1618 -55.9057 2572.085 1618 -71.2696 2578.449 1618 -71.2696 2565.721 1618 -56.5908 2568.641 1618 -73.2206 2575.529 1618 -68.3498 2580.4 1618 -73.2206 2568.641 1618 -68.3498 2563.77 1618 93.5559 2491.685 1618 97 2491 1618 100.4442 2491.685 1618 97 2509 1618 105.3149 2496.556 1618 90.636 2493.636 1618 103.364 2493.636 1618 103.364 2506.364 1618 88 2500 1618 106 2500 1618 100.4442 2508.315 1618 88.6851 2496.556 1618 88.6851 2503.444 1618 105.3149 2503.444 1618 90.636 2506.364 1618 93.5559 2508.315 1618 -73.2206 2431.359 1618 -73.9057 2427.915 1618 -68.3498 2419.6 1618 -71.2696 2421.551 1618 -64.9057 2436.915 1618 -73.2206 2424.471 1618 -56.5908 2424.471 1618 -71.2696 2434.279 1618 -64.9057 2418.915 1618 -55.9057 2427.915 1618 -68.3498 2436.23 1618 -58.5417 2421.551 1618 -56.5908 2431.359 1618 -61.4615 2419.6 1618 -58.5417 2434.279 1618 -61.4615 2436.23 1618 -39.5 2584.004 1618 -40.1851 2587.448 1618 -42.136 2590.368 1618 -48.5 2593.004 1618 -45.0558 2592.32 1618 -42.136 2577.641 1618 -40.1851 2580.56 1618 -56.8149 2587.448 1618 -48.5 2575.005 1618 -51.9442 2592.32 1618 -54.864 2577.641 1618 -45.0558 2575.689 1618 -54.864 2590.368 1618 -51.9442 2575.689 1618 -57.5 2584.004 1618 -56.8149 2580.56 1618 -85.1698 2547.768 1618 -88.6139 2548.454 1618 -94.9779 2545.817 1618 -92.0581 2547.768 1618 -88.6139 2530.453 1618 -80.29901 2542.897 1618 -96.9288 2536.009 1618 -79.6139 2539.454 1618 -82.2499 2545.817 1618 -97.6139 2539.454 1618 -94.9779 2533.089 1618 -82.2499 2533.089 1618 -96.9288 2542.897 1618 -92.0581 2531.138 1618 -85.1698 2531.138 1618 -80.29901 2536.009 1618 21.6597 2404.303 1618 23.6107 2401.384 1618 29.9746 2398.748 1618 26.5305 2399.433 1618 26.5305 2416.062 1618 20.9746 2407.748 1618 38.2896 2411.192 1618 23.6107 2414.111 1618 38.9747 2407.748 1618 29.9746 2416.748 1618 21.6597 2411.192 1618 38.2896 2404.303 1618 36.3386 2414.111 1618 36.3386 2401.384 1618 33.4188 2416.062 1618 33.4188 2399.433 1618 -38.2896 2411.192 1618 -38.9747 2407.748 1618 -36.3386 2401.384 1618 -38.2896 2404.303 1618 -29.9746 2398.748 1618 -21.6597 2411.192 1618 -33.4188 2399.433 1618 -23.6107 2401.384 1618 -29.9746 2416.748 1618 -26.5305 2399.433 1618 -20.9746 2407.748 1618 -33.4188 2416.062 1618 -26.5305 2416.062 1618 -21.6597 2404.303 1618 -36.3386 2414.111 1618 -23.6107 2414.111 1618 -86.7896 2553.571 1618 -86.7896 2560.459 1618 -87.4747 2557.015 1618 -84.8386 2550.651 1618 -78.4746 2566.015 1618 -72.1107 2563.379 1618 -81.9188 2565.33 1618 -72.1107 2550.651 1618 -75.0305 2565.33 1618 -84.8386 2563.379 1618 -69.4746 2557.015 1618 -75.0305 2548.7 1618 -70.1597 2553.571 1618 -70.1597 2560.459 1618 -78.4746 2548.015 1618 -81.9188 2548.7 1618 96.9288 2536.009 1618 97.6139 2539.454 1618 96.9288 2542.897 1618 92.0581 2531.138 1618 88.6139 2548.454 1618 94.9779 2533.089 1618 80.29901 2542.897 1618 94.9779 2545.817 1618 85.1698 2531.138 1618 82.2499 2545.817 1618 92.0581 2547.768 1618 82.2499 2533.089 1618 88.6139 2530.453 1618 85.1698 2547.768 1618 80.29901 2536.009 1618 79.6139 2539.454 1618 81.9188 2548.7 1618 84.8386 2550.651 1618 86.7896 2553.571 1618 78.4746 2548.015 1618 72.1107 2550.651 1618 78.4746 2566.015 1618 75.0305 2548.7 1618 86.7896 2560.459 1618 70.1597 2560.459 1618 87.4747 2557.015 1618 84.8386 2563.379 1618 72.1107 2563.379 1618 69.4746 2557.015 1618 81.9188 2565.33 1618 75.0305 2565.33 1618 70.1597 2553.571 1618 40.1851 2412.552 1618 42.136 2409.632 1618 48.5 2406.996 1618 45.0558 2407.68 1618 42.136 2422.359 1618 54.864 2422.359 1618 39.5 2415.996 1618 48.5 2424.995 1618 56.8149 2412.552 1618 40.1851 2419.439 1618 51.9442 2424.31 1618 45.0558 2424.31 1618 54.864 2409.632 1618 57.5 2415.996 1618 51.9442 2407.68 1618 56.8149 2419.439 1618 -56.8149 2412.552 1618 -54.864 2409.632 1618 -48.5 2406.996 1618 -51.9442 2407.68 1618 -48.5 2424.995 1618 -56.8149 2419.439 1618 -40.1851 2419.439 1618 -51.9442 2424.31 1618 -57.5 2415.996 1618 -39.5 2415.996 1618 -45.0558 2424.31 1618 -54.864 2422.359 1618 -40.1851 2412.552 1618 -42.136 2422.359 1618 -42.136 2409.632 1618 -45.0558 2407.68 1744.121 -50.7158 2475.395 1745.412 -50.4596 2474.11 1745.909 -50.4338 2474.21 1744.218 -50.6485 2474.9 1744.222 -50.7666 2475.89 1744.916 -50.5095 2474.206 1746.33 -50.4357 2474.492 1744.497 -50.5759 2474.483 1744.505 -50.7933 2476.31 1744.927 -50.7922 2476.592 1746.613 -50.4642 2474.912 1745.423 -50.7642 2476.692 1746.714 -50.5146 2475.406 1745.918 -50.714 2476.596 1746.617 -50.5795 2475.9 1746.338 -50.6493 2476.318 1700.344 -55.1322 2475.087 1701.621 -54.7424 2473.82 1702.116 -54.698 2473.922 1700.437 -55.0336 2474.597 1700.447 -55.2041 2475.579 1701.128 -54.822 2473.912 1702.538 -54.6948 2474.205 1700.712 -54.9245 2474.185 1700.731 -55.2383 2475.998 1701.153 -55.2306 2476.281 1702.821 -54.7323 2474.623 1701.647 -55.1831 2476.384 1702.924 -54.8042 2475.114 1702.139 -55.1036 2476.291 1702.831 -54.8994 2475.604 1702.555 -55.0042 2476.018 1559.8 -27.7785 2458.426 1559.8 -35.3553 2464.645 1559.8 -19.1342 2453.806 1559.8 -41.5735 2472.221 1559.8 50 2500 1559.8 9.7545 2450.961 1559.8 19.1342 2546.194 1559.8 0 2450 1559.8 46.194 2480.865 1559.8 -19.1342 2546.194 1559.8 46.194 2519.134 1559.8 -9.7545 2450.961 1559.8 49.0393 2490.246 1559.8 35.3553 2464.645 1559.8 -50 2500 1559.8 0 2550 1559.8 35.3553 2535.355 1559.8 49.0393 2509.754 1559.8 41.5735 2472.221 1559.8 27.7785 2458.426 1559.8 -49.0393 2490.246 1559.8 -46.194 2519.134 1559.8 -9.7545 2549.039 1559.8 9.7545 2549.039 1559.8 27.7785 2541.573 1559.8 41.5735 2527.779 1559.8 19.1342 2453.806 1559.8 -46.194 2480.865 1559.8 -49.0393 2509.754 1559.8 -35.3553 2535.355 1559.8 -41.5735 2527.779 1559.8 -27.7785 2541.573 1832.246 42.5 2549.039 1842 42.5 2550 1822.866 42.5 2546.194 1861.134 42.5 2546.194 1861.134 42.5 2453.806 1851.754 42.5 2549.039 1822.866 42.5 2453.806 1883.574 42.5 2472.221 1842 42.5 2450 1800.426 42.5 2527.779 1877.355 42.5 2535.355 1877.355 42.5 2464.645 1851.754 42.5 2450.961 1832.246 42.5 2450.961 1806.645 42.5 2535.355 1806.645 42.5 2464.645 1888.194 42.5 2519.134 1869.779 42.5 2541.573 1869.779 42.5 2458.426 1814.222 42.5 2541.573 1814.222 42.5 2458.426 1795.806 42.5 2480.865 1883.574 42.5 2527.779 1892 42.5 2500 1792 42.5 2500 1800.426 42.5 2472.221 1888.194 42.5 2480.865 1891.039 42.5 2509.754 1795.806 42.5 2519.134 1792.961 42.5 2490.246 1891.039 42.5 2490.246 1792.961 42.5 2509.754 1912.755 19.5 2427.903 1909.835 19.5 2429.854 1906.391 19.5 2430.539 1915.391 19.5 2421.54 1914.706 19.5 2424.983 1906.391 19.5 2412.54 1912.755 19.5 2415.176 1897.391 19.5 2421.54 1909.835 19.5 2413.224 1914.706 19.5 2418.095 1900.027 19.5 2427.903 1900.027 19.5 2415.176 1902.947 19.5 2429.854 1898.076 19.5 2424.983 1898.076 19.5 2418.095 1902.947 19.5 2413.224 1618 -88.5164 2526.531 1618 -91.4362 2528.482 1618 -94.8803 2529.167 1618 -86.5654 2523.612 1618 -103.1952 2523.612 1618 -103.1952 2516.723 1618 -101.2443 2526.531 1618 -103.8803 2520.167 1618 -86.5654 2516.723 1618 -98.3245 2528.482 1618 -85.8803 2520.167 1618 -94.8803 2511.167 1618 -101.2443 2513.803 1618 -88.5164 2513.803 1618 -98.3245 2511.852 1618 -91.4362 2511.852 1779.087 -51.2069 2488.819 1782.745 -52.5848 2493.39 1779.087 -51.2069 2511.181 1782.745 -52.5848 2506.61 1609.087 -31.717 2423.428 1609.087 -31.717 2576.572 1609.087 -16.1692 2418.712 1609.087 -16.1692 2581.288 1675.524 -20.3158 2437.101 1609.087 16.1692 2418.712 1675.367 -20.6362 2437.127 1666.72 -4.5107 2564.893 1609.087 16.1692 2581.288 1609.087 31.717 2423.428 1666.493 -4.236 2564.926 1609.087 31.717 2576.572 1666.411 -1.2662 2564.991 1666.583 -0.9534 2564.975 1681.552 -6.8713 2563.557 1681.319 -6.6018 2563.582 1674.304 29.2148 2438.417 1674.811 29.5427 2438.52 1666.339 -2.9086 2435.026 1882.186 -50.4276 2533.765 1728.889 51.1929 2563.305 1666.5 -2.589 2435.037 1738.127 52.0689 2566.448 1666.496 11.6101 2564.603 1884.06 -49.2048 2532.239 1681.547 15.8811 2436.727 1666.335 11.9296 2564.597 1677.006 29.0455 2438.527 1681.314 15.6119 2436.7 1677.32 28.8778 2438.469 1681.645 1.815 2563.747 1728.889 51.1929 2436.695 1738.127 52.0689 2433.552 1681.473 1.5026 2563.757 1666.485 13.2496 2435.517 1681.644 7.1899 2436.318 1666.711 13.5236 2435.561 1681.471 7.5029 2436.318 1666.408 10.2887 2435.302 1666.579 9.9753 2435.3 1897.567 -14.9608 2466.794 1897.681 -17.0745 2468.165 1882.486 -46.9746 2466.724 1881.18 -47.3431 2466.008 1835.109 29.5246 2587.974 1852.421 29.5246 2587.626 1852.421 29.5246 2412.374 1835.109 29.5246 2412.026 1672.809 11.1288 2564.127 1675.382 11.1755 2563.903 1671.677 -2.828 2564.541 1671.677 -2.706 2564.566 1672.821 -2.1051 2435.598 1675.385 -2.1643 2435.857 1671.665 11.7467 2435.743 1671.663 11.862 2435.78 1779.087 -51.2069 2488.819 1782.745 -52.5848 2493.39 1779.087 -51.2069 2511.181 1782.745 -52.5848 2506.61 1609.087 -31.717 2423.428 1609.087 -31.717 2576.572 1609.087 -16.1692 2418.712 1609.087 -16.1692 2581.288 1675.524 -20.3158 2437.101 1609.087 16.1692 2418.712 1675.367 -20.6362 2437.127 1666.72 -4.5107 2564.893 1609.087 16.1692 2581.288 1609.087 31.717 2423.428 1666.493 -4.236 2564.926 1609.087 31.717 2576.572 1666.411 -1.2662 2564.991 1666.583 -0.9534 2564.975 1681.552 -6.8713 2563.557 1681.319 -6.6018 2563.582 1674.304 29.2148 2438.417 1674.811 29.5427 2438.52 1666.339 -2.9086 2435.026 1882.186 -50.4276 2533.765 1728.889 51.1929 2563.305 1666.5 -2.589 2435.037 1738.127 52.0689 2566.448 1666.496 11.6101 2564.603 1884.06 -49.2048 2532.239 1681.547 15.8811 2436.727 1666.335 11.9296 2564.597 1677.006 29.0455 2438.527 1681.314 15.6119 2436.7 1677.32 28.8778 2438.469 1681.645 1.815 2563.747 1728.889 51.1929 2436.695 1738.127 52.0689 2433.552 1681.473 1.5026 2563.757 1666.485 13.2496 2435.517 1681.644 7.1899 2436.318 1666.711 13.5236 2435.561 1681.471 7.5029 2436.318 1666.408 10.2887 2435.302 1666.579 9.9753 2435.3 1897.567 -14.9608 2466.794 1897.681 -17.0745 2468.165 1882.486 -46.9746 2466.724 1881.18 -47.3431 2466.008 1835.109 29.5246 2587.974 1852.421 29.5246 2587.626 1852.421 29.5246 2412.374 1835.109 29.5246 2412.026 1672.809 11.1288 2564.127 1675.382 11.1755 2563.903 1671.677 -2.828 2564.541 1671.677 -2.706 2564.566 1672.821 -2.1051 2435.598 1675.385 -2.1643 2435.857 1671.665 11.7467 2435.743 1671.663 11.862 2435.78 1779.087 -51.2069 2488.819 1782.745 -52.5848 2493.39 1779.087 -51.2069 2511.181 1782.745 -52.5848 2506.61 1609.087 -31.717 2423.428 1609.087 -31.717 2576.572 1609.087 -16.1692 2418.712 1609.087 -16.1692 2581.288 1675.524 -20.3158 2437.101 1609.087 16.1692 2418.712 1675.367 -20.6362 2437.127 1666.72 -4.5107 2564.893 1609.087 16.1692 2581.288 1609.087 31.717 2423.428 1666.493 -4.236 2564.926 1609.087 31.717 2576.572 1666.411 -1.2662 2564.991 1666.583 -0.9534 2564.975 1681.552 -6.8713 2563.557 1681.319 -6.6018 2563.582 1674.304 29.2148 2438.417 1674.811 29.5427 2438.52 1666.339 -2.9086 2435.026 1882.186 -50.4276 2533.765 1728.889 51.1929 2563.305 1666.5 -2.589 2435.037 1738.127 52.0689 2566.448 1666.496 11.6101 2564.603 1884.06 -49.2048 2532.239 1681.547 15.8811 2436.727 1666.335 11.9296 2564.597 1677.006 29.0455 2438.527 1681.314 15.6119 2436.7 1677.32 28.8778 2438.469 1681.645 1.815 2563.747 1728.889 51.1929 2436.695 1738.127 52.0689 2433.552 1681.473 1.5026 2563.757 1666.485 13.2496 2435.517 1681.644 7.1899 2436.318 1666.711 13.5236 2435.561 1681.471 7.5029 2436.318 1666.408 10.2887 2435.302 1666.579 9.9753 2435.3 1897.567 -14.9608 2466.794 1897.681 -17.0745 2468.165 1882.486 -46.9746 2466.724 1881.18 -47.3431 2466.008 1835.109 29.5246 2587.974 1852.421 29.5246 2587.626 1852.421 29.5246 2412.374 1835.109 29.5246 2412.026 1672.809 11.1288 2564.127 1675.382 11.1755 2563.903 1671.677 -2.828 2564.541 1671.677 -2.706 2564.566 1672.821 -2.1051 2435.598 1675.385 -2.1643 2435.857 1671.665 11.7467 2435.743 1671.663 11.862 2435.78 1779.087 -51.2069 2488.819 1782.745 -52.5848 2493.39 1779.087 -51.2069 2511.181 1782.745 -52.5848 2506.61 1609.087 -31.717 2423.428 1609.087 -31.717 2576.572 1609.087 -16.1692 2418.712 1609.087 -16.1692 2581.288 1675.524 -20.3158 2437.101 1609.087 16.1692 2418.712 1675.367 -20.6362 2437.127 1666.72 -4.5107 2564.893 1609.087 16.1692 2581.288 1609.087 31.717 2423.428 1666.493 -4.236 2564.926 1609.087 31.717 2576.572 1666.411 -1.2662 2564.991 1666.583 -0.9534 2564.975 1681.552 -6.8713 2563.557 1681.319 -6.6018 2563.582 1674.304 29.2148 2438.417 1674.811 29.5427 2438.52 1666.339 -2.9086 2435.026 1882.186 -50.4276 2533.765 1728.889 51.1929 2563.305 1666.5 -2.589 2435.037 1738.127 52.0689 2566.448 1666.496 11.6101 2564.603 1884.06 -49.2048 2532.239 1681.547 15.8811 2436.727 1666.335 11.9296 2564.597 1677.006 29.0455 2438.527 1681.314 15.6119 2436.7 1677.32 28.8778 2438.469 1681.645 1.815 2563.747 1728.889 51.1929 2436.695 1738.127 52.0689 2433.552 1681.473 1.5026 2563.757 1666.485 13.2496 2435.517 1681.644 7.1899 2436.318 1666.711 13.5236 2435.561 1681.471 7.5029 2436.318 1666.408 10.2887 2435.302 1666.579 9.9753 2435.3 1897.567 -14.9608 2466.794 1897.681 -17.0745 2468.165 1882.486 -46.9746 2466.724 1881.18 -47.3431 2466.008 1835.109 29.5246 2587.974 1852.421 29.5246 2587.626 1852.421 29.5246 2412.374 1835.109 29.5246 2412.026 1672.809 11.1288 2564.127 1675.382 11.1755 2563.903 1671.677 -2.828 2564.541 1671.677 -2.706 2564.566 1672.821 -2.1051 2435.598 1675.385 -2.1643 2435.857 1671.665 11.7467 2435.743 1671.663 11.862 2435.78 1779.087 -51.2069 2488.819 1782.745 -52.5848 2493.39 1779.087 -51.2069 2511.181 1782.745 -52.5848 2506.61 1609.087 -31.717 2423.428 1609.087 -31.717 2576.572 1609.087 -16.1692 2418.712 1609.087 -16.1692 2581.288 1675.524 -20.3158 2437.101 1609.087 16.1692 2418.712 1675.367 -20.6362 2437.127 1666.72 -4.5107 2564.893 1609.087 16.1692 2581.288 1609.087 31.717 2423.428 1666.493 -4.236 2564.926 1609.087 31.717 2576.572 1666.411 -1.2662 2564.991 1666.583 -0.9534 2564.975 1681.552 -6.8713 2563.557 1681.319 -6.6018 2563.582 1674.304 29.2148 2438.417 1674.811 29.5427 2438.52 1666.339 -2.9086 2435.026 1882.186 -50.4276 2533.765 1728.889 51.1929 2563.305 1666.5 -2.589 2435.037 1738.127 52.0689 2566.448 1666.496 11.6101 2564.603 1884.06 -49.2048 2532.239 1681.547 15.8811 2436.727 1666.335 11.9296 2564.597 1677.006 29.0455 2438.527 1681.314 15.6119 2436.7 1677.32 28.8778 2438.469 1681.645 1.815 2563.747 1728.889 51.1929 2436.695 1738.127 52.0689 2433.552 1681.473 1.5026 2563.757 1666.485 13.2496 2435.517 1681.644 7.1899 2436.318 1666.711 13.5236 2435.561 1681.471 7.5029 2436.318 1666.408 10.2887 2435.302 1666.579 9.9753 2435.3 1897.567 -14.9608 2466.794 1897.681 -17.0745 2468.165 1882.486 -46.9746 2466.724 1881.18 -47.3431 2466.008 1835.109 29.5246 2587.974 1852.421 29.5246 2587.626 1852.421 29.5246 2412.374 1835.109 29.5246 2412.026 1672.809 11.1288 2564.127 1675.382 11.1755 2563.903 1671.677 -2.828 2564.541 1671.677 -2.706 2564.566 1672.821 -2.1051 2435.598 1675.385 -2.1643 2435.857 1671.665 11.7467 2435.743 1671.663 11.862 2435.78 1779.087 -51.2069 2488.819 1779.087 -51.2069 2511.181 1782.745 -52.5848 2493.39 1782.745 -52.5848 2506.61 1609.087 -31.717 2423.428 1609.087 -31.717 2576.572 1609.087 -16.1692 2418.712 1609.087 -16.1692 2581.288 1609.087 16.1692 2418.712 1675.524 -20.3158 2437.101 1675.367 -20.6362 2437.127 1666.72 -4.5107 2564.893 1609.087 16.1692 2581.288 1609.087 31.717 2423.428 1666.493 -4.236 2564.926 1609.087 31.717 2576.572 1666.411 -1.2662 2564.991 1666.583 -0.9534 2564.975 1681.552 -6.8713 2563.557 1681.319 -6.6018 2563.582 1674.304 29.2148 2438.417 1674.811 29.5427 2438.52 1666.339 -2.9086 2435.026 1882.186 -50.4276 2533.765 1728.889 51.1929 2563.305 1666.5 -2.589 2435.037 1738.127 52.0689 2566.448 1666.496 11.6101 2564.603 1884.06 -49.2048 2532.239 1666.335 11.9296 2564.597 1677.006 29.0455 2438.527 1681.547 15.8811 2436.727 1677.32 28.8778 2438.469 1681.314 15.6119 2436.7 1681.645 1.815 2563.747 1728.889 51.1929 2436.695 1681.473 1.5026 2563.757 1738.127 52.0689 2433.552 1666.485 13.2496 2435.517 1666.711 13.5236 2435.561 1681.644 7.1899 2436.318 1666.408 10.2887 2435.302 1681.471 7.5029 2436.318 1666.579 9.9753 2435.3 1897.567 -14.9608 2466.794 1897.681 -17.0745 2468.165 1882.486 -46.9746 2466.724 1881.18 -47.3431 2466.008 1835.109 29.5246 2587.974 1852.421 29.5246 2587.626 1852.421 29.5246 2412.374 1835.109 29.5246 2412.026 1672.809 11.1288 2564.127 1675.382 11.1755 2563.903 1671.677 -2.828 2564.541 1671.677 -2.706 2564.566 1672.821 -2.1051 2435.598 1675.385 -2.1643 2435.857 1671.665 11.7467 2435.743 1671.663 11.862 2435.78 1897.567 -14.9608 2533.206 1884.06 -49.2048 2532.239 1882.186 -50.4276 2533.765 1870.029 -22.9111 2555.767 1897.681 -17.0745 2468.165 1897.567 -14.9608 2466.794 1870.029 -22.9111 2444.233 1884.06 -49.2048 2467.761 1794.155 -52 2524.991 1794.159 -52 2475.001 1779.252 -56.6085 2507.55 1766.881 -55.203 2514.465 1766.881 -55.203 2485.535 1664.66 17.5 2564.452 1672.451 30.1153 2561.269 1868.745 -27.9151 2552.961 1882.486 -46.9746 2533.276 1612.446 78.664 2524.864 1611.897 35.562 2574.442 1752.074 -55.5786 2500 1674.811 29.5427 2438.52 1674.304 29.2148 2438.417 1702.937 -13.877 2437.362 1882.486 -46.9746 2466.724 1881.18 -47.3431 2466.008 1896.066 -19.136 2467.423 1612.506 -71.5273 2458.889 1679.27 -1.9347 2436.002 1675.478 -6.0086 2435.841 1679.265 -5.7037 2436.108 1672.809 11.1288 2564.127 1675.382 11.1755 2563.903 1675.625 11.3922 2563.414 1675.791 11.2817 2563.418 1672.397 10.6256 2564.061 1675.692 10.8657 2563.899 1678.774 0.04509997 2564.058 1678.581 -5.0726 2563.962 1670.983 -2.6897 2564.188 1671.435 -2.3169 2564.33 1671.435 -3.0744 2564.296 1675.468 15.0283 2563.776 1679.254 14.7152 2563.592 1675.385 -2.1643 2435.857 1672.821 -2.1051 2435.598 1675.788 -2.2852 2436.341 1672.395 -1.6053 2435.699 1675.666 0.4925 2436.238 1675.493 10.1271 2436.491 1671.431 11.3434 2435.941 1671.427 12.0881 2436.043 1678.767 8.9674 2436.076 1672.287 22.4823 2563.191 1611 -44.638 2430.619 1611 -77.9671 2473.03 1611 -81.3589 2486.326 1611 -81.3589 2513.674 1611 -77.9671 2526.97 1611 -44.638 2569.381 1728.889 51.1929 2563.305 1738.127 52.0689 2566.448 1728.889 51.1929 2436.695 1738.127 52.0689 2433.552 1779.087 -51.2069 2511.181 1782.745 -52.5848 2506.61 1779.087 -51.2069 2488.819 1782.745 -52.5848 2493.39 1880.516 24.4043 2565.203 1899.869 23.9586 2548.779 1916.163 23.0314 2514.627 1836.393 24.6964 2576.225 1870.444 -39.6718 2534.78 1871.935 -25.2767 2533.842 1769.641 -51.1336 2515.93 1751.822 -53.3692 2506.072 1880.516 24.4043 2434.797 1899.869 23.9586 2451.221 1916.163 23.0314 2485.373 1836.393 24.6964 2423.775 1871.935 -25.2767 2466.158 1870.444 -39.6718 2465.22 1769.641 -51.1336 2484.07 1751.822 -53.3692 2493.928 1674.868 -10.2213 2436.145 1675.413 -10.6615 2436.216 1672.531 -10.8779 2435.988 1672.967 -10.326 2435.991 1675.601 -13.6647 2436.449 1675.925 -13.9966 2436.502 1678.769 -14.0915 2436.714 1679.314 -14.531 2436.786 1668.643 -14.7521 2435.926 1669.079 -14.1997 2435.92 1679.426 -16.4503 2436.963 1678.693 -17.1727 2436.984 1669.26 -17.1757 2436.231 1668.727 -16.7303 2436.127 1675.524 -20.3158 2437.101 1675.367 -20.6362 2437.127 1672.439 -17.5853 2436.555 1672.128 -17.2558 2436.495 1673.105 -21.041 2437.075 1672.576 -20.6073 2436.986 1666.5 -2.589 2435.037 1666.339 -2.9086 2435.026 1678.674 3.1484 2436.075 1677.948 3.8777 2436.035 1666.351 -4.749 2435.073 1666.786 -5.2977 2435.139 1678.753 -1.8312 2436.105 1675.385 -5.5053 2435.956 1681.646 -2.8834 2436.312 1681.208 -2.3339 2436.273 1675.766 -6.5958 2436.027 1676.203 -7.1441 2436.085 1680.941 -5.4152 2436.347 1681.666 -4.6822 2436.365 1677.952 -7.2607 2436.222 1678.676 -6.5268 2436.24 1678.795 -5.7123 2436.217 1672.721 10.8238 2564.242 1674.447 -14.6887 2563.557 1675.212 -14 2563.553 1677.042 -14.0316 2563.412 1677.587 -14.4711 2563.337 1675.084 -20.0264 2562.965 1674.541 -19.5886 2563.057 1677.697 -19.3237 2562.86 1676.964 -20.0456 2562.828 1680.578 4.7579 2563.789 1681.645 1.815 2563.747 1681.473 1.5026 2563.757 1666.411 -1.2662 2564.991 1666.583 -0.9534 2564.975 1678.359 -0.05829995 2563.945 1666.72 -4.5107 2564.893 1666.493 -4.236 2564.926 1678.507 -5.4683 2563.812 1681.226 -9.7636 2563.429 1680.546 -9.9318 2563.461 1681.319 -6.6018 2563.582 1681.552 -6.8713 2563.557 1671.677 -2.828 2564.541 1671.677 -2.706 2564.566 1677.946 16.2683 2563.402 1675.758 15.6083 2563.574 1676.195 16.1541 2563.505 1675.386 14.5191 2563.677 1680.936 14.4215 2563.394 1666.345 13.7687 2564.455 1666.78 14.3132 2564.367 1681.642 11.89 2563.506 1681.205 11.3422 2563.553 1666.496 11.6101 2564.603 1666.335 11.9296 2564.597 1678.742 10.8173 2563.705 1679.079 11.1541 2563.669 1678.655 5.8002 2563.887 1678.217 5.2513 2563.926 1672.728 -1.7915 2435.504 1675.744 0.1689 2435.969 1671.663 11.862 2435.78 1671.665 11.7467 2435.743 1674.401 28.3645 2438.348 1675.123 29.0619 2438.562 1675.179 23.0319 2437.161 1677.006 29.0455 2438.527 1677.32 28.8778 2438.469 1677.135 23.095 2437.239 1677.589 23.5132 2437.31 1666.408 10.2887 2435.302 1666.579 9.9753 2435.3 1680.576 4.2509 2436.204 1666.711 13.5236 2435.561 1666.485 13.2496 2435.517 1681.644 7.1899 2436.318 1681.471 7.5029 2436.318 1680.535 18.9378 2436.929 1678.357 14.2555 2436.472 1678.477 14.4528 2436.492 1681.314 15.6119 2436.7 1681.547 15.8811 2436.727 1672.547 29.2677 2561.366 1673.269 29.9569 2561.124 1668.717 25.4159 2562.617 1669.152 25.945 2562.457 1674.908 29.9594 2561.141 1675.485 29.5707 2561.283 1675.808 26.009 2562.043 1672.435 22.7564 2562.998 1678.773 26.0546 2562.238 1679.353 25.6481 2562.317 1673.24 19.1429 2563.402 1674.999 19.1416 2563.3 1675.544 19.5802 2563.227 1675.733 22.629 2562.874 1676.052 22.9571 2562.814 1609.087 16.1692 2581.288 1609.087 31.717 2576.572 1609.087 58.6054 2558.605 1609.087 81.2881 2516.169 1609.087 81.2881 2483.831 1609.087 58.6054 2441.394 1609.087 31.717 2423.428 1609.087 16.1692 2418.712 1609.087 -16.1692 2418.712 1609.087 -31.717 2423.428 1609.087 -46.046 2431.087 1609.087 -81.2881 2483.831 1609.087 -81.2881 2516.169 1609.087 -46.046 2568.913 1609.087 -31.717 2576.572 1609.087 -16.1692 2581.288 1852.421 29.5246 2412.374 1835.109 29.5246 2412.026 1835.109 29.5246 2587.974 1852.421 29.5246 2587.626</float_array>
          <technique_common>
            <accessor source="#Mesh4_002-mesh-positions-array" count="8646" stride="3">
              <param name="X" type="float"/>
              <param name="Y" type="float"/>
              <param name="Z" type="float"/>
            </accessor>
          </technique_common>
        </source>
        <source id="Mesh4_002-mesh-normals">
          <float_array id="Mesh4_002-mesh-normals-array" count="21099">0.07889699 -0.9904562 -0.1130121 0.07933741 -0.9941517 -0.07326734 0.1074188 -0.9913957 -0.07480621 -0.2302787 -0.8986757 -0.3733012 -0.2225995 -0.9411157 -0.2544617 -0.410084 -0.9072337 -0.09358495 -0.10872 -0.9900047 -0.08983737 0.01211881 -0.9990305 -0.04232239 0.06907075 -0.9932416 -0.09327673 -0.04402142 -0.8842674 -0.4649016 -0.05104553 -0.8996499 -0.4336181 -0.04727983 -0.992505 -0.1126881 0.06875771 -0.989811 -0.1246863 -0.1477603 -0.9208254 -0.3608982 0.06932246 -0.9083796 -0.4123603 -0.5275996 -0.8327012 -0.1680697 -0.734517 -0.6468963 -0.2049635 -0.7920255 -0.6096003 -0.032911 -0.4898797 -0.8712893 -0.02954328 -0.4900798 -0.8711773 0.0295279 -0.5276126 -0.8326869 0.1681001 -0.4100694 -0.9072397 0.09359133 -0.1087301 -0.9900035 0.08983761 -0.7919335 -0.6097199 0.03290963 -0.8301572 -0.5340923 -0.1599518 -0.7605233 -0.3833367 -0.5240776 -0.5652009 -0.4944391 -0.6603621 -0.5338312 -0.402865 -0.7434542 -0.2643907 -0.4039571 -0.8757376 -0.1781811 -0.4755023 -0.8614807 -0.933131 -0.2417953 -0.2660858 0.07710993 -0.9897074 -0.1205556 0.04973167 -0.993557 -0.1018401 0.06693822 -0.9943899 -0.0819028 0.1058212 -0.9634863 -0.2459594 0.02333915 -0.3526713 -0.9354563 0.3231822 -0.5069857 -0.7990737 0.2534373 -0.22716 -0.9403021 0.2439633 0.03046977 -0.9693057 0.1949614 -0.04509115 -0.9797739 -0.1948395 -0.05731248 -0.9791593 -0.2790649 0.06850856 -0.9578254 -0.5502148 -0.1386286 -0.8234354 -0.7219237 0.1583734 -0.6736054 -0.8159425 -0.1921718 -0.5452595 -0.9544327 0.1819561 -0.2365379 -0.9794978 -0.05135941 -0.1947985 -0.9794945 -0.0513634 0.1948137 -0.9544655 0.181787 0.2365357 0.05584353 -0.9883098 -0.1418639 0.2301054 -0.829332 -0.5091757 0.2266033 -0.8087935 -0.5426822 0.08902233 -0.9821761 -0.1655453 0.0739181 -0.9761449 -0.2041501 -0.7344572 -0.6469581 0.2049826 -0.8301668 -0.5340787 0.1599479 -0.7605127 -0.3833959 0.5240497 0.5524057 -0.1057824 -0.8268363 -0.8159605 -0.1922537 0.5452036 -0.933124 -0.2418076 0.2660993 -0.7218976 0.1584892 0.673606 -0.5651888 -0.4944704 0.6603488 -0.5336735 -0.4029761 0.7435072 -0.5501786 -0.1385428 0.8234741 -0.2791429 0.06854939 0.9577997 -0.2226165 -0.9411152 0.2544488 -0.2303327 -0.8986495 0.3733311 0.06404149 -0.9939898 0.08878612 0.09673029 -0.9914047 0.08809155 0.09658145 -0.9914603 0.08762812 0.1111947 -0.9933823 0.02876508 -0.2644612 -0.403982 0.8757049 0.1111872 -0.9933831 -0.02876448 -0.1477769 -0.920807 0.3609385 -0.05104452 -0.8996537 0.4336099 -0.04402381 -0.8842537 0.4649271 -0.1782187 -0.4755437 0.8614501 0.02333879 -0.3527089 0.935442 -0.1948393 -0.05731534 0.9791591 0.1949613 -0.04509401 0.9797738 0.2438895 0.0304231 0.9693257 0.2534952 -0.2271564 0.9402874 0.3232029 -0.5069578 0.799083 0.2962878 -0.5520296 0.7794081 0.2266136 -0.8087571 0.5427322 0.2301226 -0.8293273 0.5091755 0.0693162 -0.9083702 0.4123821 0.105817 -0.9634869 0.2459588 0.06906563 -0.9932417 0.09327882 0.07711046 -0.9897072 0.1205562 0.05372262 -0.989785 0.1320593 0.5525168 -0.1058133 0.8267581 0.59498 -0.06085586 0.8014334 0.4462657 -0.5531168 0.7034976 0.7803125 -0.04426407 0.6238213 0.6026453 -0.4324381 0.6706832 0.2916713 -0.8100447 0.5086802 0.07503062 -0.9214367 0.3812152 0.8206286 -0.1609182 0.5483375 0.9586896 0.1787224 0.2212976 0.4376852 -0.3776819 0.8159584 0.5616897 -0.2254116 0.7960492 0.6469261 -0.4117196 0.6418518 0.1678655 -0.8986755 0.4052203 -0.01285296 -0.9869526 0.1604974 0.04388701 -0.9593406 0.278818 -0.05393391 -0.9905551 0.1260629 0.5950454 -0.06093132 -0.8013792 0.7802833 -0.04427593 -0.6238571 0.8206427 -0.1608123 -0.5483475 0.7588612 -0.5990231 0.2555412 0.4897188 -0.7951788 0.3575838 0.2067847 -0.9352316 0.2873707 0.1739966 -0.9512889 0.2545087 0.9586848 0.1787325 -0.2213101 0.5617669 -0.2254549 -0.7959824 0.4376618 -0.3776067 -0.8160057 0.2962863 -0.5521137 -0.779349 0.6026632 -0.4324308 -0.6706719 0.6469082 -0.4117505 -0.6418499 0.7588188 -0.5990768 -0.2555408 0.1680119 -0.8985943 -0.4053397 0.1541368 -0.9684107 -0.1960169 0.1739351 -0.9512994 -0.2545115 0.2068092 -0.9352266 -0.2873692 -0.01286309 -0.9869564 -0.1604733 0.2154406 -0.976517 7.01091e-6 0.2153334 -0.9765406 -3.69633e-6 0.2158842 -0.976419 7.55081e-6 0.5450521 -0.8384022 -7.38764e-6 0.5457315 -0.8379601 -1.2543e-5 0.546199 -0.8376556 0 0.851758 -0.5239355 0 0.8518638 -0.5237634 -1.15123e-5 0.852347 -0.5229766 0 0.09756934 -0.9322948 -0.3482912 -0.2351689 -0.9567039 -0.1715033 0 -1 0 -0.3186408 -0.9421473 -0.1040502 0.4079053 -0.9004215 -0.1511768 0.5405662 -0.7929505 -0.2811012 -0.3027614 -0.945363 -0.1209313 0.8772797 -0.3204994 -0.3572961 0.4463006 -0.5531749 -0.7034298 0.2916503 -0.8100754 -0.5086435 0.4898226 -0.7951258 -0.3575596 0.07501089 -0.9214431 -0.3812034 0.04390084 -0.9593424 -0.2788097 0.8772717 -0.3205493 0.3572711 0.9361598 -0.3509053 0.02168607 0.9364429 -0.3495567 0.02974665 0.9363727 -0.349745 -0.02974438 0.9362415 -0.3506889 -0.02166509 0.408008 -0.9003763 0.1511691 0.5406301 -0.792932 0.2810304 0.9983532 -0.05282926 -0.02236175 0.9982181 -0.05531042 0.02239352 0.153989 -0.9684815 0.1957834 -0.2350325 -0.9567156 0.1716251 0.2161538 -0.9763594 0 -0.3027576 -0.9453681 0.1209014 0.09757584 -0.932294 0.3482916 -0.3185269 -0.9421643 0.1042457 -0.2981373 -0.947433 -0.1161249 -0.1574232 -0.9425726 -0.2945756 -0.4173565 -0.8400117 -0.34669 -0.05394136 -0.9905546 -0.1260629 -0.2981884 -0.9474166 0.1161276 -0.2184774 -0.8003889 -0.5582521 -0.3805283 -0.6725854 -0.6346866 -0.1131478 -0.970669 -0.2121303 0.01094853 -0.9385361 -0.3450074 -0.1573769 -0.9426087 0.2944852 -0.1131533 -0.9706662 0.2121406 0.03146719 -0.9933112 0.1110976 0.04974949 -0.9914539 0.1205995 0.0522142 -0.9904981 0.1272294 -0.4173763 -0.8400165 0.3466544 -0.2184885 -0.8003846 0.5582539 -0.1823695 -0.8539572 0.4873381 0.01093572 -0.9385332 0.345016 -0.3805096 -0.6725763 0.6347075 -0.2598221 -0.6349838 0.7275218 -0.1703028 -0.4890039 0.8554952 0.06701952 -0.7588535 0.6478038 2.25873e-4 -0.5573197 0.8302981 0.08735358 -0.4644138 0.8812998 0.1127233 -0.4208614 0.900094 0.1124348 -0.2718932 0.9557367 0.1624346 -0.456492 0.8747743 0.1608971 -0.4282143 0.8892383 0.07457941 -0.2934109 0.953073 0.0828222 -0.1974017 0.9768179 -0.0155791 -0.04374474 0.9989213 -0.01600921 -0.1171465 0.9929856 -0.00887674 -0.1678261 0.9857767 -3.40447e-4 -0.221871 0.975076 -0.008711218 -0.3066548 0.951781 -0.01108181 -0.3669456 0.9301764 -0.009910345 -0.409689 0.9121715 -0.002284944 -0.4752895 0.8798266 0.02170634 -0.55492 0.8316205 -0.02093446 -0.6553701 0.7550178 0.02953583 -0.8102042 0.5854031 -0.001854956 -0.8848401 0.4658913 0.04097706 -0.9633973 0.2649278 0.04047441 -0.9599435 0.2772549 0.02950543 -0.977047 0.2109709 0.04348683 -0.9618046 0.2702608 0.04348033 -0.9618104 0.2702412 0.04341638 -0.9618022 0.2702807 0.02949458 -0.9770579 0.2109217 0.02952039 -0.9770238 0.2110758 0.02947497 -0.9770804 0.2108207 0.02963393 -0.9770218 0.2110701 0.02930849 -0.9771133 0.2106911 0.02957928 -0.9769626 0.211351 0.02013528 -0.8105612 0.5853077 0.05995219 -0.7426862 0.6669505 0.06007033 -0.7425676 0.667072 0.05999279 -0.7426102 0.6670315 0.06003576 -0.7425373 0.6671087 0.06004291 -0.7424213 0.6672372 0.05999767 -0.7428827 0.6667277 0.06002855 -0.7425441 0.6671019 0.06511938 -0.5525982 0.8309 0.02653568 -0.6871986 0.7259848 -0.04362225 -0.1775099 0.9831517 0.04644972 -0.3448224 0.9375181 0.03589814 -0.6834889 0.7290778 0.001519381 -0.09567028 0.995412 -0.06653302 -0.09199386 0.9935344 -0.03171789 -0.02561682 0.9991685 -0.03213125 -0.02695643 0.9991201 0.01827621 -0.06943327 0.9974192 0.01210111 -0.0757898 0.9970505 0.02286446 -0.08347904 0.9962473 0.1937341 -0.1931935 0.9618437 0.01062941 -0.06613892 0.9977538 0.01073032 -0.06706476 0.997691 0.2091671 -0.200073 0.9571939 0.01271492 -0.06699192 0.9976726 0.01022499 -0.06845986 0.9976015 -0.03385251 -0.03345298 0.9988668 0.1508597 -0.1752173 0.972903 0.009893119 -0.06786102 0.9976457 0.009919047 -0.06819361 0.9976228 0.06300866 -0.1079109 0.9921619 -0.1701698 0.02393013 0.9851241 0 -0.06534981 0.9978625 0 -0.06703495 0.9977507 -0.0343334 -0.03752601 0.9987057 -0.1688145 -0.01582634 0.9855208 0.01376068 -0.0739637 0.997166 0.01375401 -0.07392799 0.9971688 0 -0.01360416 0.9999076 0.003911375 -0.0702424 0.9975223 0.02075952 -0.07200962 0.9971879 -0.03384524 -0.03454709 0.9988299 0.2693182 -0.1094105 0.9568161 -0.03144705 -0.06387686 0.9974623 0 -0.05264514 0.9986134 0 -0.06442147 0.9979228 -0.01713174 -0.0713824 0.9973019 -0.01442271 -0.05994439 0.9980975 -0.2867115 -0.07167786 0.9553319 0 -0.06429618 0.9979309 0.04510736 -0.06907069 0.9965915 -0.7086812 0.1439508 0.6906874 0 -0.05669361 0.9983916 0.03273135 -0.04807418 0.9983074 0.05808335 -0.04265493 0.9974001 0 0.07718837 0.9970166 -0.08876991 -0.09986615 0.9910332 0.05063635 -0.08228415 0.9953218 -0.5140231 0.06425285 0.8553665 -0.07057738 -0.08822172 0.9935975 0.006569027 -0.06815385 0.9976533 0 0 1 -0.0258395 0 0.9996662 0.3209438 -0.04797756 0.9458823 -0.3684249 0.03878152 0.9288483 0.03389841 -0.09015595 0.9953507 -0.02306753 -0.1414476 0.989677 0.04491293 -0.09949952 0.9940236 -0.03273451 -0.0417062 0.9985936 -0.04157108 5.71275e-4 0.9991354 0.009890735 -0.01295918 0.9998672 0.03926795 0.05023956 0.997965 0.03073143 0.03068995 0.9990564 0.02366292 -0.01420873 0.9996191 0.02578806 0.002767324 0.9996636 0.02594971 0.003847181 0.9996559 0.02612745 0.007756173 0.9996286 0.02608591 0.03421443 0.9990741 0.02820235 -0.04977983 0.998362 0.03701579 -0.02282643 0.999054 0.03562706 -0.07336378 0.9966688 0.03567558 -0.05169111 0.9980258 0.03561282 -0.05032467 0.9980978 0.03562408 -0.05071401 0.9980778 -0.1341785 -0.03876328 0.9901988 -0.0796287 -0.09625798 0.9921662 0.03569447 -0.05029815 0.9980962 0.03625679 -0.03680419 0.9986646 0.03603398 -0.0505861 0.9980695 0.03629004 -0.04851323 0.9981631 0.03645497 -0.05088424 0.998039 -0.03409463 -0.03446066 0.9988244 -0.0345295 -0.03305572 0.998857 -0.05073857 -0.1145528 0.9921206 -0.01451814 -0.05126732 0.9985795 -0.006120383 -0.0536611 0.9985405 0.03653979 -0.09081649 0.9951971 0.03665357 -0.09645026 0.9946628 0.03813177 -0.1030726 0.9939427 0.03520995 -0.0913065 0.9952002 0.03538733 -0.09119427 0.9952042 0.03550559 -0.09169632 0.9951539 -0.005588293 0.05803614 0.9982989 -0.1578315 -0.1751663 0.9718055 -0.1514226 -0.1450327 0.9777714 -0.4547944 0.013255 0.8904979 -0.4553464 0.003584265 0.8903072 -0.4528487 0.003856599 0.8915792 -0.4519369 0.08416742 0.8880704 -0.417207 0.04762911 0.9075626 -0.2399912 0.1627632 0.9570332 -0.1390905 0.3533065 0.9251099 -0.05551242 0.1364681 0.9890879 -0.121041 0.0522843 0.9912696 -0.1182194 0.00411576 0.992979 -0.1205636 0.003731727 0.9926987 -0.1190408 -0.03344798 0.9923259 -0.7324407 0.00282073 0.6808251 -0.7313688 0.003300905 0.6819743 -0.7244734 0.1281381 0.6772879 -0.7751402 0.08041799 0.6266503 -0.9213693 0.001723229 0.3886846 -0.920705 0.002160549 0.3902536 -0.7382504 0.4227854 0.5255844 -0.4136819 0.7395332 0.5309972 -0.4211546 0.5186851 0.7440394 -0.7310971 0.06533956 0.6791377 -0.8969205 -0.2256656 0.3802747 -0.8837413 0.2807621 0.374398 -6.93e-4 0.1575709 0.9875075 -0.3065263 0.6864913 0.659372 -0.1773137 0.4461463 0.8772191 -0.3725076 0.4671803 0.8018608 -0.1271166 0.4654162 0.8759163 -0.1266706 0.4689964 0.8740692 -0.235447 0.7157979 0.6574178 -0.5660188 0.74271 0.3577774 -0.2323668 0.7115036 0.6631503 -0.3161995 0.8788461 0.3572778 -0.2324193 0.7133541 0.6611409 -0.3133581 0.8775237 0.3629862 -0.5054676 0.7809125 0.3669854 -0.5678175 0.6195101 0.5420245 -0.1231081 0.4618323 0.8783823 -0.3404577 0.6663432 0.6633818 6.92637e-4 0.1529861 0.9882282 -0.1908632 0.43443 0.8802511 0.03114652 0.1401596 0.989639 -0.4730271 -0.02476996 0.8806996 -0.1876583 0.2323388 0.9543601 -0.2161802 0.1827623 0.9590955 0.1857591 0.002902448 0.9825911 0.08593213 -0.01879763 0.9961237 0.05969822 -0.005596697 0.9982008 -0.5901683 0.5931045 0.5476573 -0.10974 0.3294625 0.9377696 -0.1091628 0.0238173 0.9937386 -0.1087077 -0.02190005 0.9938326 -0.1056419 -0.02209162 0.9941589 -0.6943926 0.481877 0.5344282 -0.7482531 0.3458025 0.5661608 -0.7660942 0.4098848 0.49507 -0.3453681 0.2063462 0.9155011 -0.442929 0.07403063 0.893495 -0.4448375 -0.01402044 0.8955016 -0.7172575 0.1188554 0.6865968 -0.07592552 -0.3321743 0.9401572 0.01818406 -0.3167062 0.9483494 0.2085652 -0.391617 0.896179 0.1614286 -0.4812859 0.861571 0.2080084 -0.7439577 0.6350271 0.331616 -0.7009309 0.6314482 0.3143506 -0.6391189 0.7019336 0.3760309 -0.8672578 0.3262891 0.3758347 -0.8797506 0.2911826 0.145788 -0.9320071 0.3318263 0.3100591 -0.7808441 0.5423521 -0.0636962 -0.8665208 0.4950603 -0.2631549 -0.7900382 0.553705 0.2482339 -0.4484174 0.8586629 0.08138734 -0.162701 0.9833131 0.1404294 -0.1392714 0.9802465 0.1526542 -0.1729553 0.9730279 0.05555081 0.01342713 0.9983657 0.0595172 0.02171802 0.9979911 0.05808109 0.01318597 0.9982249 -0.8979315 0.1962621 0.3939548 0.06071984 0.01971423 0.9979602 -0.9164295 -0.008609652 0.4001037 0.05476975 0.07648074 0.9955657 -0.9151912 -0.008792936 0.4029241 -0.7471951 -0.01456367 0.6644452 0 0.1136397 0.9935221 0.04058933 0.1434008 0.988832 0.0378549 0.1192284 0.992145 -0.2388581 0.2157306 0.9467878 -0.1629502 0.2683165 0.949449 -0.2374306 0.1848744 0.95365 -0.1413156 0.3160505 0.9381589 0.067438 0.3375412 0.938892 0.02924448 0.1918945 0.9809799 -0.3359241 -0.006176769 0.9418689 -0.2004222 0.6238949 0.7553715 -0.2119535 0.6461865 0.7331567 -0.04311615 0.7779655 0.626826 0.0434705 0.7806549 0.6234488 0.05883282 0.5195393 0.8524187 0.06009733 0.5179243 0.8533129 -0.09494912 0.9177541 0.3856325 -0.443728 0.7202103 0.5332942 -0.552727 0.6643658 0.5031014 -0.6793661 0.4881374 0.5478901 -0.1649729 0.9317699 0.3234021 -0.446906 0.1058624 0.8882952 -0.001876831 0.5170791 0.8559356 0.06853365 0.1932227 0.9787585 -0.721456 0.1437371 0.6773779 -0.8334262 0.02431386 0.5520957 -0.7334768 0.4343265 0.5228503 -0.9028795 0.1947902 0.3832303 0.06794154 0.1920481 0.9790309 -0.7264321 0.02021974 0.6869407 -0.7505276 0.02354842 0.6604196 -0.9204939 0.01389348 0.39051 -0.4483419 0.02639907 0.8934723 -0.9193436 0.01429152 0.3931961 -0.1157296 0.05574005 0.9917156 -0.1155418 0.03478938 0.9926933 0.06291079 0.03000557 0.9975681 0.05125713 0.03535878 0.9980593 0.0529164 0.03482675 0.9979915 0.2954246 -0.571727 0.7654101 0.04285621 0.7816742 0.6222129 0.1743581 0.7751392 0.6072549 0.02200824 0.9484659 0.3161143 0.02130454 0.9489951 0.3145701 0.3008129 0.9110695 0.2818937 0.1477545 0.5176819 0.8427183 0.2354368 0.5945981 0.76878 0.1248502 0.1963418 0.9725545 0.1250936 0.1928563 0.9732205 0.06926023 0.08082258 0.9943193 0.09790641 0.1014561 0.9900106 0.06401276 0.05381941 0.9964969 0.2579971 0.6864566 0.6798639 0.3927181 0.7019637 0.5941544 0.3002281 0.9115076 0.2810996 0.5527411 0.7855339 0.2782335 0.4845289 0.6630354 0.5706277 0.4786982 0.6481966 0.5921903 0.3446136 0.4331938 0.8328173 0.2912582 0.4685631 0.8340367 0.345748 0.4342539 0.8317943 0.1954914 0.2060467 0.9588159 0.1711392 0.1659127 0.9711768 -0.4131851 0.0317949 0.9100919 -0.4527441 0.03649818 0.8908932 -0.7312479 0.02782243 0.6815442 -0.4551607 0.02515101 0.8900541 -0.4494466 0.1311617 0.8836257 -0.7278673 0.1672996 0.6649963 -0.7311281 0.03127819 0.6815229 -0.7710678 0.3664481 0.5207401 -0.8967204 0.2437852 0.3694068 0.05181038 0.04186004 0.9977793 -0.1186552 0.03459149 0.9923328 -0.1203354 0.06895357 0.9903358 0.1372498 0.0225175 0.9902805 0.02348017 0.05870044 0.9979995 -0.2239619 0.2670315 0.9373022 -0.2567528 0.1979136 0.9459959 0 0.0706197 0.9975034 -0.1282483 0.3386134 0.9321445 -0.1234109 0.5104498 0.8510057 -0.2048415 0.2798281 0.9379426 -0.7503541 0.4038333 0.5233425 -0.6639981 0.5640577 0.490862 -0.1157481 0.349707 0.9296813 -0.4224204 0.2132027 0.8809686 -0.03451377 0.2243395 0.9738998 0.05086213 0.2216585 0.973797 0.04424554 0.5433421 0.8383446 0.04437804 0.5423259 0.8389955 -0.04071843 0.5413157 0.839833 -0.09765553 0.7931538 0.601141 -0.3122253 0.8230618 0.4744311 -0.3906114 0.7845968 0.4814881 -0.4385724 0.7658209 0.47029 0.03196787 0.7995232 0.5997838 -0.6157124 0.6049104 0.504957 0.03142035 0.7982351 0.6015262 0.01513159 0.9569321 0.2899173 0.01457148 0.9574906 0.2880967 0.04354852 0.5417862 0.8393874 -0.1652666 0.9416212 0.2933201 0.05163562 0.2191079 0.9743334 0.01265048 0.2189446 0.9756553 0.05209076 0.3632277 0.9302431 -0.214421 0.6440692 0.7343014 -0.01889115 0.5407596 0.840965 -0.05564832 0.795111 0.6039054 0.05722743 0.02969878 0.9979194 0.03117281 0.7980856 0.6017373 -0.2250108 0.6668798 0.7103813 -0.1024637 0.9276904 0.3590149 -0.1723935 0.9400227 0.2943434 -0.1590337 0.3411961 0.9264414 -0.18002 0.2951349 0.9383434 -0.4530643 0.7342644 0.5055577 0.5577161 0.7975967 0.2297657 -0.5608524 0.6785538 0.4743517 -0.6896566 0.5011684 0.5226893 -0.7427925 0.4472187 0.4982517 -0.8430905 0.03783094 0.5364394 -0.9097919 0.2052557 0.3607614 -0.2563592 0.2423277 0.9357122 -0.2558354 0.2096149 0.9437214 -0.3525621 0.01853084 0.935605 -0.4631779 0.1290722 0.8768162 -0.4634481 0.04723459 0.8848643 -0.7408272 0.0356968 0.6707465 -0.7395907 0.03599441 0.6720938 -0.733891 0.1613454 0.659827 -0.9264783 0.02009135 0.3758117 -0.9261385 0.02035415 0.3766341 -0.1317161 0.08250349 0.9878482 -0.133595 0.05258327 0.9896401 -0.004781544 0.05292111 0.9985873 -0.4674776 0.04670989 0.88277 -0.4655409 -0.01922667 0.8848176 -0.7372938 -0.06612163 0.6723287 -0.8270635 0.05030435 0.5598531 -0.1316606 0.0523048 0.989914 -0.1337952 0.02238911 0.9907561 -0.9105272 -0.1640314 0.3795179 -0.003883838 0.04854011 0.9988138 -0.3786845 0.08563017 0.9215561 -0.2359949 -0.1255569 0.9636089 -0.2249283 -0.1272855 0.9660257 -0.001955747 0.03199452 0.9994862 -0.1633384 -0.2397724 0.95699 -0.1095519 -0.2402533 0.9645087 0.07326251 -0.3548337 0.9320546 -0.03338652 -0.4445948 0.8951094 -0.07886278 -0.7220652 0.6873156 0.03048837 -0.7265379 0.6864498 0.03202784 -0.7242383 0.6888055 0.01816636 -0.9189676 0.3939145 0.01881068 -0.9181446 0.3957988 -0.1690608 -0.9030669 0.3948276 0.03964191 -0.8182969 0.5734272 -0.3638194 -0.7565932 0.5433253 -0.4522034 -0.6768786 0.5808163 -0.7216555 -0.4891294 0.4898631 -0.7252764 -0.469463 0.503566 0.001179039 0.005162596 0.999986 0.04071813 -0.4456076 0.894302 0.007202625 -0.1089401 0.9940223 0.04454344 -0.1090059 0.9930426 0.04548376 -0.105495 0.9933792 0.001449942 0.001259088 0.9999982 0.04688549 0.07637149 0.9959765 0.0428645 0.06577587 0.9969134 0.04040896 -0.447005 0.8936184 0.0425719 -0.4432963 0.8953638 0.04540908 0.07104384 0.9964391 0.04537302 0.07152056 0.9964067 0.04503673 0.0606845 0.9971405 -0.1206711 -0.9090816 0.3987596 0.03256875 -0.7248976 0.6880864 0 -0.7306137 0.6827911 -0.08547943 -0.7208766 0.6877719 0 -0.460973 0.8874143 -0.3208336 -0.7622386 0.5621905 -0.3818371 -0.7363221 0.5585967 -0.3945462 -0.7328265 0.5543454 -0.03448063 -0.441006 0.8968417 0.03695672 -0.1055985 0.993722 -0.4684588 -0.1163089 0.875796 0.05070012 0.03327196 0.9981596 0.04583275 0.1188788 0.9918504 -0.268825 -0.1008093 0.9578992 -0.2159844 -0.1661418 0.9621578 -0.1153855 -0.2451941 0.962583 -0.6280973 -0.5356957 0.5643793 -0.2783215 -0.06137514 0.9585251 -0.698677 -0.4785999 0.5317826 -0.7756084 -0.2813355 0.5650504 -0.759956 -0.3113566 0.5705471 -0.7330533 -0.03754353 0.6791342 -0.4604121 0.005142629 0.8876904 -0.4608993 0.062334 0.8852607 -0.1266823 0.07007116 0.9894654 -0.126564 0.07096624 0.9894167 -0.1258265 0.006666302 0.9920299 -0.1265906 0.03641277 0.9912865 -0.3744763 0.09864819 0.921974 -0.4587414 -0.006029248 0.8885494 -0.4589865 0.0628795 0.8862153 -0.7317487 -0.05498468 0.6793531 -0.7363017 0.04794573 0.6749527 -0.7358928 0.04763591 0.6754204 -0.9237651 0.02714955 0.3819962 -0.8235747 0.05909055 0.5641216 -0.9077785 -0.1581265 0.3885024 -0.909915 -0.1460329 0.3882387 -0.9233652 0.02698069 0.3829735 -0.23093 -0.1106901 0.9666535 -0.2186732 -0.1126137 0.9692782 -0.1571074 -0.2249147 0.9616292 -0.101115 -0.2256814 0.9689394 0.07927483 -0.339586 0.9372283 -0.02724319 -0.4307499 0.9020602 -0.07478886 -0.7119325 0.6982541 0.04347139 -0.8100174 0.5847924 -0.166838 -0.8968423 0.4096814 -0.3609275 -0.7476806 0.5574092 -0.4481076 -0.6678801 0.5942524 -0.718125 -0.4815002 0.5024481 -0.7221638 -0.4618854 0.5149189 0.02208405 -0.9129713 0.4074259 0.03644847 -0.7160912 0.6970545 0.0457915 -0.4317787 0.9008165 0.04747426 -0.4295923 0.9017743 0.0136761 -0.0941134 0.9954676 0.05096346 -0.09422439 0.9942457 0.02161884 -0.9121227 0.4093469 0.03668421 -0.7152349 0.6979207 0.207945 -0.8960556 0.3922287 0.1206634 -0.7125791 0.6911377 0.299767 -0.5733724 0.7624853 0.1047979 -0.4287188 0.8973393 0.05152952 -0.09244769 0.9943833 0.08902215 -0.09246003 0.991729 0.04587477 -0.242122 0.9691608 0.1440865 -0.8747925 0.4625768 0.5069177 -0.6671404 0.5458554 0.2905851 -0.545449 0.7861588 0.6114314 -0.6160203 0.4966595 0.742779 -0.4358618 0.5082361 0.2546454 -0.2218589 0.9412409 0.2768942 -0.1736714 0.9450756 0.3530399 -0.1216658 0.9276639 0.3525426 -0.08968186 0.9314885 0.07360351 0.0579769 0.9956009 0.4463858 0.09769141 0.8894921 0.5519366 -0.02160823 0.8336061 0.7988147 -0.08256977 0.5958838 0.894608 0.02364897 0.4462258 0.7937466 -0.3850756 0.4708324 0.9431219 -0.1637762 0.2893071 0.07472658 0.07113671 0.9946635 0.07578408 0.0782606 0.9940484 0.07600522 0.07618945 0.9941924 0.8063284 0.04632896 0.589651 0.9599375 0.0218867 0.2793583 0.5520466 0.06467872 0.831301 0.9598923 0.02102619 0.2795794 0.2333859 0.04303503 0.9714314 0.2347895 0.07616943 0.9690575 0.8052319 0.0455383 0.5912088 0.8038892 0.04763787 0.5928683 0.8017575 -0.06826555 0.5937381 0.8251842 -0.3050783 0.4753928 0.554464 0.06589937 0.8295944 0.5530425 0.0475735 0.8317938 0.9394583 -0.1851571 0.2883316 0.2327817 0.07410824 0.9697014 0.2341156 0.03070366 0.9717239 0.224331 -0.4536627 0.8624765 0.07605946 0.07544291 0.9942452 0.5502757 -0.01082718 0.834913 0.3712973 -0.07467818 0.9255061 0.07288247 0.07557415 0.9944732 0.03626835 0.06800317 0.9970257 0.03528505 0.1411403 0.9893606 0.3459754 -0.1074927 0.9320657 0.3217182 -0.1512449 0.9346777 0.09857237 0.04312539 0.9941951 0.2426494 -0.2260005 0.9434221 0.0609582 -0.100962 0.993021 0.0759083 -0.08922421 0.9931149 0.8149027 -0.324312 0.48037 0.7384729 -0.483909 0.4695635 0.2541694 -0.2174981 0.9423867 0.07629096 -0.100326 0.9920254 0.06569957 -0.5090526 0.8582243 0.06301045 -0.4445513 0.8935346 0.05728238 -0.4373753 0.8974529 0.07958739 -0.4377307 0.8955768 0.1891757 -0.4136793 0.8905516 0.4520449 -0.1094172 0.8852589 0.2537741 -0.7264432 0.638654 0.3701612 -0.762179 0.5310968 0.50646 -0.6985085 0.5055534 0.5266638 -0.6783931 0.5122579 0.7018824 -0.5180431 0.4888686 0.08351266 -0.7184829 0.690513 0.210151 -0.8993723 0.3833615 0.03151774 -0.9152945 0.4015502 0.04418283 -0.7200608 0.692503 0.07625514 -0.4252347 0.9018652 0.04904544 -0.7151598 0.6972382 0.0580967 -0.6597043 0.7492763 0.05912476 -0.7117949 0.6998946 0.493099 0.6739925 0.5500795 0.1460658 -0.7091883 0.6897222 0.3278346 -0.571525 0.7522525 0.1602846 -0.8727197 0.4611609 0.221587 -0.8948568 0.387467 0.03199809 -0.9104899 0.4122917 0.1386576 -0.424639 0.8946819 0.1264814 -0.08915305 0.9879546 0.08292192 -0.2388878 0.9675002 0.5274825 -0.6649113 0.5288245 0.3196793 -0.5390593 0.7792434 0.2909064 -0.2179884 0.9315872 0.3123418 -0.1705631 0.9345325 0.6285156 -0.6152237 0.4758865 0.7601698 -0.436242 0.4814925 0.8095878 -0.3859077 0.4423154 0.9108554 0.02199316 0.4121392 0.9530943 -0.1632317 0.254886 0.3883632 -0.1193209 0.9137487 0.38687 -0.08758735 0.9179652 0.9693655 0.01841038 0.2449318 0.7316966 0.6474024 0.2132846 0.8212508 -0.08240127 0.5645859 0.8273226 0.04319876 0.5600636 0.5578466 0.7046483 0.4384952 0.4806423 0.1003121 0.8711605 0.9701557 0.01890152 0.2417454 0.9444733 0.2454407 0.2184702 0.8840366 0.0638836 0.4630315 0.5939211 0.5963829 0.5399864 0.3656678 0.470005 0.803357 0.4339329 0.4203725 0.7968621 0.581794 -0.0197637 0.8130961 0.5840255 0.06236076 0.8093364 0.09002161 0.09394961 0.9914987 0.8283123 0.04328113 0.5585926 0.08398556 0.03786391 0.9957474 0.8270167 0.4250308 0.3679568 0.3901181 0.2147772 0.8953651 0.3352183 0.4084119 0.8490161 0.2295238 0.1825892 0.956023 0.5859235 0.06281536 0.8079282 0.5846747 0.1357854 0.7998237 0.8227813 0.1559799 0.5465357 0.2701265 0.04620105 0.9617158 0.08672493 0.09158891 0.9920133 0.1441054 0.1120392 0.9831993 0.1465883 0.1081485 0.9832679 0.1752572 0.2192378 0.9598019 0.1895701 0.06372982 0.9797968 0.1895779 0.06380438 0.9797905 0.1934035 0.03306686 0.9805619 0.2475534 0.06268227 0.9668446 0.1403164 0.2529237 0.957257 0.1633225 0.00207144 0.9865705 0.1452164 0.2638568 0.9535679 0.1267484 0.2874644 0.9493678 0.2564292 0.2714927 0.9276507 0.268978 0.2531594 0.9292801 0.2358602 0.3096823 0.9211227 0.2483699 0.1437625 0.9579377 0.2421035 0.4722338 0.8475738 0.3369261 0.4450423 0.8297097 0.1297335 0.5606575 0.8178218 0.09487265 0.07132416 0.9929311 0.08938884 0.1129156 0.9895756 0.07818883 0.1734984 0.9817255 0.06836849 0.1950733 0.9784029 0.06587511 0.1994553 0.9776902 0.05956417 0.210336 0.9758129 0.04570382 0.2295204 0.9722302 0.02804458 0.2515835 0.9674292 0.2840959 0.527878 0.8003965 0.2412633 0.6553521 0.7157554 0.3433923 0.6295794 0.69693 0.3633222 0.6206025 0.6948738 0.4812039 0.5859512 0.652 0.4857978 0.5863028 0.6482667 0.4879555 0.3797059 0.7859535 0.6356524 0.3717525 0.6765694 0.6362501 0.1914529 0.7473497 0.7095062 0.2056155 0.6740352 0.7124756 0.1445105 0.6866551 0.7164143 0.09018635 0.6918215 0.7269998 0.1319645 0.6738373 0.380517 0.1472945 0.9129685 0.3765334 0.1370874 0.916204 0.3743689 0.2448517 0.8943689 0.3807051 0.2470868 0.8910735 0.2414876 0.4939856 0.8352617 -0.1676443 0.4736467 0.8646122 0.174615 0.4730021 0.8635848 0.1017532 0.4689522 0.8773427 0.5538656 0.3924561 0.73431 0.5537737 0.2417126 0.7968123 0.8302292 0.1617823 0.5334286 0.8302406 0.05462896 0.5547217 0.8302168 0.05465 0.5547553 0.8302175 -0.0546348 0.5547558 0.5539163 -0.08161419 0.8285625 0.5534892 -0.08162236 0.8288471 0.204496 -0.09597587 0.974151 0.359801 -0.1068192 0.9268942 0.2375848 -0.005998134 0.9713484 0.236228 0.09526783 0.9670162 0.3294579 0.1016191 0.9386859 0.1781279 0.2267359 0.9575288 0.024998 0.2901779 0.9566462 0.5534889 0.08163005 0.8288466 0.5539398 0.08162021 0.8285462 0.9806084 0.01921057 0.1950336 0.9806044 0.01921743 0.1950533 0.9806044 -0.01921564 0.1950533 0.9806084 -0.01921057 0.1950336 1 0 0 1 3.92853e-6 0 0.5536047 -0.2417451 0.7969198 0.8302406 -0.05462896 0.5547217 0.8302374 -0.1618208 0.5334041 0.9806088 -0.0568825 0.1875393 0.05708092 -0.2897955 0.955385 0.5538336 0.2416851 0.796779 0.5540047 -0.2416521 0.79667 0.9806088 0.0568825 0.1875393 0.9805949 0.0569179 0.1876007 0.1968542 0.06324213 0.9783909 0.2332326 -0.307637 0.922476 1 -1.45586e-5 0 1 3.73511e-5 0 1 1.45587e-5 0 1 -3.73511e-5 0 0.5539646 -0.3924636 0.7342312 0.5537531 -0.3924912 0.7343761 0.1303116 -0.4674277 0.8743743 0.8302232 -0.1617848 0.5334371 0.8302374 0.1618208 0.5334042 0.8301659 -0.26281 0.4916865 0.9805992 -0.05691176 0.1875805 0.830111 0.2627974 0.491786 0.8302403 0.2627578 0.4915888 0.9806045 0.09242618 0.1728361 0.9805974 0.09242123 0.1728788 0.9806099 -0.09236669 0.172837 0.8301271 -0.2628217 0.4917458 0.1481777 -0.4640303 0.8733381 -0.3043354 -0.4470157 0.8411641 1 -3.48821e-5 0 0.980594 -0.09242916 0.1728937 0.9806016 -0.1243636 0.1515069 0.9805943 -0.1243731 0.1515461 0.8302338 -0.3536336 0.4308775 0.8302315 -0.353599 0.4309099 1 -7.1398e-5 0 1 2.26101e-5 0 0.246415 -0.5903613 0.7686048 0.4970385 -0.5287356 0.6880345 0.3923443 -0.555849 0.7328696 0.6266478 -0.467396 0.6235811 0.6261816 -0.2539539 0.7371594 0.6972909 -0.2548668 0.6699466 0.8475277 -0.1794713 0.4994867 0.3651934 -0.3171786 0.8752323 0.3711067 -0.07399511 0.9256374 0.3884937 -0.08004683 0.917968 0.7221406 -0.04682666 0.6901597 0.7606713 -0.06257688 0.6461141 0.7051759 -0.1406862 0.6949348 0.6007559 -0.47256 0.6448097 0.2792285 -0.5711331 0.7719057 0.2865266 -0.3028564 0.9089447 0.2610374 -0.5687458 0.7799922 0.1175875 -0.5874869 0.800645 0.1460577 -0.5442653 0.8261008 0.3569523 -0.4199973 0.8343784 0.358442 -0.4232699 0.8320829 0.2554168 -0.3874523 0.8858007 0.4953163 -0.2599047 0.8289218 0.5875028 -0.3347396 0.7367428 0.2688164 -0.3980802 0.8770805 0.1425949 -0.2529924 0.9569021 0.4719328 -0.3170979 0.8226351 0.4540619 -0.4145222 0.7886693 0.3196878 -0.317779 0.8926457 0.1621478 -0.5545155 0.8162235 0.107289 -0.6114721 0.7839586 0.1199091 -0.6275402 0.7692953 0.1020408 -0.6524249 0.7509524 0.1272022 -0.4880841 0.8634776 0.04473626 -0.5010997 0.8642325 0.05151736 -0.3232594 0.9449071 0.01555305 -0.1670553 0.985825 0.161903 -0.1430777 0.9763792 0.05772686 -0.6422735 0.7642987 0.05697667 -0.614126 0.7871487 0.13591 -0.7577636 0.6382186 0.07109719 -0.7642729 0.6409619 0.5909397 -0.3232211 0.7391337 0.5254518 -0.4384617 0.7291446 0.6441922 -0.341347 0.6844697 0.6433998 -0.3452389 0.683262 0.6357898 -0.3583738 0.6836224 0.3471249 -0.2565706 0.9020398 0.5755705 -0.4799024 0.6621271 0.5740918 -0.4745641 0.6672387 0.3328491 -0.2895008 0.8974413 0.4043449 -0.2099582 0.8901814 0.3328402 -0.1768947 0.9262428 0.1479908 -0.105651 0.9833294 0.2125217 -0.1106026 0.9708767 0.1863638 -0.1599096 0.96938 0.1864752 -0.1606675 0.9692333 0.3529075 -0.2464088 0.9026289 0.2340804 -0.2030577 0.9507755 0.310003 -0.2506966 0.9170875 0.1866599 -0.452258 0.8721358 0.1897623 -0.4493605 0.8729636 0.1897401 -0.4492972 0.873001 0.1871784 -0.4454326 0.8755308 0.1670592 -0.321524 0.9320482 0.153539 -0.6348238 0.757248 0.1910331 -0.7569662 0.6249069 0.09677201 -0.2264848 0.9691954 0.2488685 -0.5827335 0.7736189 0.3296599 -0.6029772 0.7264592 0.5139018 -0.4402879 0.7362415 0.2349741 -0.1949243 0.9522562 0.2350493 -0.1950652 0.9522088 0.1278336 -0.7651073 0.631086 0.2112997 -0.8870798 0.4104166 0.1362864 -0.8961717 0.4222586 0.3387676 -0.629176 0.6995529 0.3306623 -0.6509894 0.6832827 0.1627135 -0.7768073 0.6083543 0.5954504 -0.6303921 0.4980409 0.5993151 -0.6288434 0.4953561 0.3157519 -0.7391572 0.5949348 0.0466938 -0.633693 0.7721741 0.3050124 -0.6972421 0.6487072 -2.51307e-4 -0.773021 0.6343804 0.3281153 -0.7886995 0.5198976 -0.08724033 -0.8317387 0.54827 0.5537636 -0.5282666 0.6436462 0.28724 -0.8927915 0.3470113 0.2199745 -0.8926807 0.3933604 0.8302252 -0.4309173 0.3536052 0.8301962 -0.4309064 0.3536863 0.5536095 -0.6437547 0.5282959 0.5538172 -0.6436521 0.5282031 0.2608396 -0.7633806 0.5909423 0.3158717 -0.8855729 0.3405668 0.9806084 -0.1514942 0.1243253 1 -4.07564e-5 0 0.5537407 -0.7343824 0.3924969 0.5538229 -0.7342751 0.3925817 0.5894426 -0.7456853 0.3106621 0.5535899 -0.5282865 0.6437792 0.8302226 -0.4916201 0.2627549 0.1138405 -0.9086582 0.4017221 0.4888315 -0.6865844 0.5381874 0.340503 -0.8688173 0.3594641 0.9806167 -0.1514267 0.1243421 1 5.6258e-5 0 0.9805999 -0.1728745 0.09240335 -0.008166909 -0.881905 0.4713567 0.2017811 -0.8956094 0.3964443 1 8.84349e-5 0 0.284339 -0.9295704 0.2346279 0.24039 -0.9325975 0.2692111 1 -5.96303e-5 0 1 -8.81399e-6 0 1 3.38238e-5 0 1 -4.41472e-5 0 1 6.37836e-5 0 1 2.05812e-5 0 0.9805943 -0.172905 0.09240496 1 -5.07177e-5 0 0.4944654 -0.7933655 0.3550705 1 8.3724e-5 0 0.9806082 -0.1875365 0.05690139 0.9805929 -0.1876187 0.05689227 0.8302211 -0.4915895 0.2628169 0.830134 -0.533563 0.1618275 0.8302618 -0.5333693 0.1618101 0.3187228 -0.8668978 0.3832805 0.02235996 -0.956706 0.290196 0.2754924 -0.9314676 0.2376385 -0.1692817 -0.9549883 0.2436004 1 -2.70915e-5 0 1 -1.01443e-4 0 1 1.0694e-4 0 0.980605 -0.1950508 0.01921302 0.980601 -0.1950711 0.0192117 0.5537214 -0.796851 0.2417045 0.5536906 -0.7968597 0.2417469 0.8302175 -0.5547556 0.05463743 0.8302438 -0.5547163 0.05463778 0.5536856 -0.8287163 0.08161878 0.5537354 -0.8286824 0.08162605 0.9806021 -0.1950653 -0.01921111 0.5536856 -0.8287163 -0.08161878 0.8302223 -0.5547486 -0.05463629 0.5537443 -0.8286762 -0.08162736 0.09063088 -0.9910895 -0.09761023 0.1944588 -0.9775123 -0.08158171 0.1944311 -0.9775187 0.08157008 0 -0.9965368 -0.08315312 0.3724902 -0.9208445 -0.115311 0.5155895 -0.8504337 -0.1045468 0.5156103 -0.850421 0.1045475 0.3724151 -0.9208772 0.1152921 1 -1.50116e-4 0 0.2754263 -0.931486 -0.2376433 0 -0.9965355 0.08316987 -0.1691102 -0.9550158 -0.2436118 0.09063088 -0.9910895 0.09761023 0.5018545 -0.8593266 -0.0984885 0.8302299 -0.554737 -0.05463629 0.8301809 -0.5334996 -0.1617958 0.8302239 -0.5334233 -0.1618264 0.5536856 -0.7968786 -0.241696 0.5538085 -0.7967786 -0.241744 0.9806066 -0.1950423 -0.01921361 0.9806092 -0.1875311 -0.05689978 1 1.42589e-4 0 1 -4.71698e-5 0 1 4.71676e-5 0 0.5018529 -0.8593278 0.09848648 0.9806004 -0.1875792 -0.0568962 1 2.04868e-5 0 1 -1.35597e-5 0 1 2.76886e-5 0 1 -2.71385e-5 0 0.4944398 -0.7933816 -0.3550703 0.3159184 -0.8855569 -0.3405653 0.02223438 -0.9567087 -0.2901968 0.3186156 -0.8669193 -0.3833211 0.1133122 -0.9087284 -0.4017128 0.3403679 -0.8688811 -0.3594378 0.3015792 -0.9146529 0.2691841 0.243956 -0.9632607 0.1123135 0.3263441 -0.9292563 0.1731546 1 9.88621e-6 0 0.9805999 -0.1728745 -0.09240335 0.9806036 -0.1728643 -0.0923832 0.8302339 -0.491578 -0.2627978 0.8302096 -0.4916325 -0.2627731 0.55379 -0.734326 -0.3925328 0.5537729 -0.7343323 -0.3925453 -0.008041262 -0.8819059 -0.4713572 0.3281689 -0.7886946 -0.5198712 -0.08711963 -0.8317341 -0.5482963 0.5895569 -0.7456257 -0.3105883 0.5991686 -0.6289145 -0.4954428 0.2977761 -0.9482203 0.1104894 0.3158015 -0.7391307 -0.5949414 0.2607814 -0.7633966 -0.5909473 0.1626966 -0.7768166 -0.6083468 0.287226 -0.8927919 -0.3470217 0.2199745 -0.8926807 -0.3933604 0.3015838 -0.9146535 -0.2691774 0.3263427 -0.9292562 -0.1731572 0.2977717 -0.9482216 -0.1104893 0.20178 -0.8956097 -0.3964445 0.2843466 -0.9295706 -0.234618 0.240382 -0.9325994 -0.2692118 0.2439553 -0.9632609 -0.1123132 0.1669204 -0.9776607 -0.127739 0.1913079 -0.9788638 -0.07229882 0.2121436 -0.9497675 0.23008 0.1903567 -0.9739595 0.1231561 0.1650934 -0.9826666 0.08432477 0.5537246 -0.6437383 -0.5281951 0.5536632 -0.6436879 -0.5283211 0.8302622 -0.4308744 -0.3535704 0.9806084 -0.1514942 -0.1243256 1 -2.95683e-6 0 1 -1.84785e-5 0 1 1.82789e-5 0 1 3.53669e-5 0 0 -0.7730211 -0.6343805 0.3048801 -0.6972813 -0.6487271 0.5961866 -0.6301143 -0.4975113 0.830242 -0.4308078 -0.3536989 0.9805896 -0.1515794 -0.1243689 0.9806008 -0.1243437 -0.1515285 0.8302084 -0.3536621 -0.430903 0.8302314 -0.353599 -0.4309102 0.5535835 -0.5283653 -0.6437201 0.5537611 -0.5282143 -0.6436913 0.4872676 -0.6874852 -0.5384557 0.6000558 -0.4728815 -0.6452258 0.2608483 -0.568759 -0.7800458 0.2792674 -0.5711593 -0.7718722 0.04644513 -0.6336629 -0.7722139 0.2465699 -0.590326 -0.7685823 0.4963882 -0.5288512 -0.6884151 0.3962219 -0.5550278 -0.7314045 0.1176107 -0.5874761 -0.8006495 0.1535887 -0.6348521 -0.7572143 1 4.11692e-5 0 1 -1.08354e-4 0 0.1910405 -0.7569711 -0.6248986 0.2113059 -0.8870801 -0.4104129 0.1278337 -0.7651075 -0.6310856 1 5.49466e-5 0 0.8302263 -0.2627676 -0.491607 0.8302479 -0.2627368 -0.4915869 0.5535953 -0.392597 -0.7344385 0.5538682 -0.3924552 -0.7343084 0.9806047 -0.1243364 -0.1515097 0.980601 -0.09243565 -0.172851 0.1298255 -0.4674093 -0.8744564 0.1481398 -0.4640545 -0.8733316 -0.3034763 -0.4472088 -0.8413718 0.1073497 -0.6114778 -0.7839458 0.1198481 -0.6275873 -0.7692664 0.1460577 -0.5442653 -0.8261008 0.3569523 -0.4199973 -0.8343784 0.2554166 -0.3874521 -0.885801 0.269019 -0.3980425 -0.8770354 0.281053 -0.4115625 -0.8669634 0.2679377 -0.4106 -0.8715602 0.05880427 -0.3529546 -0.9337908 0.1271578 -0.488095 -0.863478 0.3322325 -0.1769182 -0.9264565 0.148116 -0.1056585 -0.9833097 0.4046534 -0.2099139 -0.8900516 0.4955257 -0.2598691 -0.8288079 0.1020328 -0.6524939 -0.7508935 0.1358888 -0.7577644 -0.638222 0.05773806 -0.6423325 -0.7642483 0.07329756 -0.7550671 -0.6515375 0.04476475 -0.5010976 -0.8642323 0.1620432 -0.142996 -0.9763679 0.01555323 -0.166987 -0.9858365 0.1866456 -0.4522393 -0.8721486 0.1899525 -0.4492869 -0.8729601 0.3584459 -0.4232487 -0.8320921 0.4063326 -0.3806476 -0.8306633 0.6442581 -0.3413152 -0.6844235 0.2124258 -0.110605 -0.9708974 0.1897171 -0.4492992 -0.8730049 0.1871516 -0.4454348 -0.8755354 0.1670596 -0.3215184 -0.9320499 0.194677 -0.2926917 -0.9361798 0.1362837 -0.8961719 -0.422259 0.0710988 -0.7642678 -0.6409679 0.1863638 -0.1599096 -0.96938 0.587527 -0.3347219 -0.7367315 0.5958647 -0.320967 -0.7361559 0.5234965 -0.4412924 -0.7288433 0.5158932 -0.4423226 -0.7336246 0.3197543 -0.317799 -0.8926147 0.349402 -0.2523459 -0.9023523 0.636371 -0.3597095 -0.682379 0.5773536 -0.4769794 -0.6626865 0.5652039 -0.4761508 -0.6736655 0.6466841 -0.3368146 -0.6843652 0.3510774 -0.2465901 -0.903293 0.3443646 -0.2642533 -0.9008792 0.1864665 -0.1603102 -0.9692941 0.09654551 -0.2261809 -0.969289 0.0966404 -0.2261898 -0.9692775 -3.87664e-5 0 -1 0 0 -1 -1.50647e-5 0 -1 0.3057628 -0.615489 -0.7264176 0.2865283 -0.3028382 -0.9089503 -0.01339715 -0.2455816 -0.9692834 0.3149743 -0.646714 -0.6946599 -0.0133906 -0.2455829 -0.9692832 -0.07681661 -0.2274605 -0.9707528 0.2541387 -0.5951779 -0.7623497 0.00547105 -0.6648481 -0.7469586 0.3223767 -0.623181 -0.7125439 -0.03333169 -0.6097311 -0.7919073 -0.2818416 -0.445348 -0.8498414 -0.2886153 -0.5639086 -0.7737625 -0.08160614 -0.1448861 -0.9860773 0.006870508 -0.6575055 -0.7534185 0.0206803 -0.6429109 -0.7656618 -0.2629747 -0.5315359 -0.8051794 0.1984681 -0.2615484 -0.944565 0.1730278 -0.3051506 -0.9364532 0.06052523 -0.237136 -0.9695892 0.0715171 -0.3867368 -0.919413 -0.02181273 -0.2866915 -0.9577747 -0.03539979 -0.2633998 -0.9640371 -0.03028196 -0.243372 -0.9694603 -0.04351502 -0.283393 -0.9580162 -0.342875 -0.3924074 -0.8534947 -0.2962008 -0.3218793 -0.8992546 -0.208686 -0.2289828 -0.9507982 -0.08712935 -0.1041628 -0.9907365 -0.1095305 -0.1194685 -0.9867779 -0.2464718 -0.524959 -0.8146592 0.1405037 -0.08854019 -0.9861133 0.1436516 -0.08279889 -0.9861586 0.1000704 -0.0500676 -0.9937199 0.1058886 -0.0691418 -0.9919713 0.1135864 -0.09962177 -0.9885209 0.1140664 -0.1068631 -0.9877091 0.1138132 -0.09653097 -0.9888015 0.1139532 -0.09208577 -0.9892092 0.1136248 -0.09533876 -0.9889389 0.2780414 -0.2951033 -0.9141154 0.2338942 -0.2237498 -0.9461657 0.2180557 -0.07845348 -0.9727779 0.09976673 -0.1402227 -0.9850808 0.3823374 0.04405266 -0.9229722 0.3133688 0.07178938 -0.9469141 0.1083189 -0.1155508 -0.987378 0.2681356 0.1369028 -0.9536042 0.2271837 0.1351145 -0.9644334 0.02093833 0.2393116 -0.9707171 0.08907699 0.01856493 -0.9958518 0.1128529 -0.09768712 -0.988798 0.4010018 -0.1178519 -0.9084649 0.6644157 0.1345366 -0.7351543 0.7214015 0.16429 -0.6727472 0.9417221 0.06689828 -0.3296731 0.7597902 0.4069052 -0.5070968 0.7147077 0.4974749 -0.4916417 0.5255758 0.6370616 -0.5638463 0.4752352 0.688439 -0.547908 0.07457429 0.01875811 -0.997039 0.04073965 0.7966873 -0.6030172 0.1775582 0.6718559 -0.7190847 0.9539946 0.1566153 -0.2556676 0.5853594 -0.03394109 -0.8100633 0.2714149 -0.08481711 -0.9587179 0.2708667 -0.09501606 -0.9579162 0.1513355 0.3718593 -0.9158702 0.06136804 0.3743451 -0.9252566 0.0490669 0.6776226 -0.7337711 0.06274908 0.6811128 -0.7294848 0.05614173 0.6990108 -0.7129039 0.07665354 0.410269 -0.9087374 0.07128697 0.3731253 -0.9250382 0.2204477 0.8783358 -0.4241805 0.03976732 0.8956184 -0.443042 0.06377756 0.6991719 -0.7121034 0.06247836 0.6997047 -0.711695 0.9702383 -0.02220487 -0.2411319 0.9700077 -0.02504289 -0.2417812 0.08099615 0.4100101 -0.9084775 0.080087 0.4110851 -0.9080722 0.08743202 0.07087296 -0.9936462 0.08791381 0.07083415 -0.9936064 0.0351296 0.9029349 -0.4283391 0.03832608 0.9030264 -0.4278723 0.08321768 0.07065308 -0.9940236 0.5861338 -0.08123046 -0.8061321 0.8250547 0.01001274 -0.5649644 0.8278035 -0.05449819 -0.5583649 0.5844169 -0.08231723 -0.8072676 0.8273669 -0.05448859 -0.5590126 0.8284152 -0.05466634 -0.5574405 0.8286963 -0.05329388 -0.5571554 0.9701573 -0.0232883 -0.2413557 0.97002 -0.0230211 -0.2419325 0.5869261 -0.07826519 -0.8058488 0.5832828 -0.07759487 -0.8085545 0.5877284 -0.07556259 -0.805522 0.2719044 -0.09594541 -0.9575294 0 0.6951921 -0.718824 0.2189235 0.6929171 -0.6869778 0.1784489 0.4066379 -0.8959921 0.09603464 0.4081472 -0.9078509 0.4942361 0.08789247 -0.8648733 0.03787809 0.9031145 -0.4277262 0.2374776 0.8845425 -0.4014837 0.1206783 0.07014423 -0.9902104 0.2634016 0.1981784 -0.9441107 0.2715358 0.1810545 -0.9452447 0.1044645 -0.1343115 -0.9854175 0.04329699 -0.09200614 -0.9948167 0.08888459 -0.08610689 -0.9923131 0.08740448 -0.1018975 -0.9909478 0.08651506 -0.1071931 -0.990467 0.08648616 -0.1073949 -0.9904477 0.08541601 -0.1083716 -0.9904342 0.08800238 -0.1061768 -0.9904454 0.0875464 -0.106348 -0.9904674 0.3344312 0.1374164 -0.932348 0.8282687 -0.05234068 -0.5578812 0.8211702 -0.1791308 -0.541841 0.9108411 -0.04948025 -0.4097809 0.9532606 -0.2071998 -0.219915 0.3548066 0.1005285 -0.9295195 0.3871182 0.06499063 -0.9197368 0.2545348 0.3586707 -0.898091 0.259737 -0.04776769 -0.9644973 0.2582528 -0.1039875 -0.9604645 0.5696111 0.004393219 -0.8219027 0.5736085 -0.07866626 -0.8153435 0.573199 -0.08742767 -0.8147388 0.8144496 0.0753951 -0.5753152 0.8196046 -0.02633267 -0.5723243 0.8198563 -0.06165659 -0.56924 0.2569653 -0.1033245 -0.9608814 0.2564228 -0.1533483 -0.9543226 0.573566 -0.08794802 -0.8144245 0.5723767 -0.1053066 -0.8132008 0.4916586 -0.1334692 -0.8604986 0.8199502 -0.06101262 -0.5691741 0.8403578 0.2876793 -0.4593904 0.9466834 0.1737948 -0.2712672 0.9664607 -0.02754664 -0.2553333 0.9663514 -0.02758872 -0.2557419 0.9664542 -0.03212201 -0.2548228 0.9551393 -0.04455536 -0.2927865 0.8196223 -0.07990926 -0.5673041 0.8072626 0.3524373 -0.4734081 0.7604114 0.4542717 -0.4641249 0.6844476 0.5313503 -0.4991979 0.5438908 0.6674421 -0.5086295 0.3832359 0.7474961 -0.5425678 0.5042362 0.6838781 -0.5273109 0.8195242 -0.07961201 -0.5674874 0.7896237 -0.1169813 -0.6023369 0.1849825 -0.1407183 -0.972615 0.1863439 -0.212933 -0.9591327 0.5223996 -0.1508117 -0.8392584 0.5214966 -0.1648718 -0.837173 0.5144835 -0.1838704 -0.837555 0.7897621 -0.1103478 -0.6034064 0.955144 -0.04142677 -0.2932299 0.1769285 -0.1974964 -0.9642052 0.002532243 -0.2283769 -0.9735696 0.1771801 -0.1974391 -0.9641707 0.01623439 -0.2110473 -0.9773411 0.05741864 -0.1634612 -0.9848775 0.06924635 -0.1514571 -0.9860354 0.07750761 -0.1197986 -0.9897682 0.5137383 -0.1324068 -0.8476682 0.5907368 0.04079067 -0.8058327 0.7849146 -0.128131 -0.6062108 0.9534756 -0.05753731 -0.2959288 0.7830815 -0.06534492 -0.6184769 0.6756576 0.08764421 -0.7319872 0.2839666 -0.036861 -0.9581254 0.9159311 0.007683932 -0.4012622 0.9355931 0.1234561 -0.3307934 0.720431 0.3578118 -0.5940959 0.6758383 0.4523611 -0.5819038 0.3159706 -0.231815 -0.9200133 0.4839596 0.5948528 -0.6418203 0.4324937 0.6511567 -0.6236539 0.2264606 -0.01291346 -0.9739348 0.1645065 0.07222014 -0.9837287 0.002557158 0.7658842 -0.6429734 0.1281089 0.6311852 -0.7649794 0.08095085 0.3204672 -0.9437944 0.005688011 0.3232948 -0.9462813 -0.01437884 0.3316132 -0.9433059 -0.007185578 -0.03424382 -0.9993878 0 -0.0345264 -0.9994038 0.02892976 0.3300406 -0.9435234 0.01260834 0.3762668 -0.9264257 0.0240184 -0.02849501 -0.9993054 -0.02188938 -0.02695584 -0.999397 -0.01752328 -0.2912732 -0.9564794 0.005571603 0.02653044 -0.9996325 -0.06159597 0.1812173 -0.9815123 -0.002057552 0.640144 -0.7682523 0.01479852 0.6437376 -0.7651033 0.03214687 0.6438829 -0.7644485 0.2023955 0.8513132 -0.4840474 0.01104873 0.8728543 -0.487856 0.02816367 0.8749526 -0.483389 -0.04626864 -0.2882151 -0.9564473 0.146465 0.07174402 -0.9866108 0.02114427 0.3768218 -0.9260444 -0.05692982 0.4088459 -0.9108261 0.02918165 0.04966306 -0.9983397 0.02327829 0.02634972 -0.9993817 0.01702642 0.6758556 -0.7368375 0.01935774 0.8753494 -0.4831035 0.02914154 0.8911452 -0.4527814 -0.1638677 0.8764487 -0.4527529 -0.1032205 0.6348618 -0.7656997 -0.009995818 0.6762266 -0.7366259 -0.1579 0.6580902 -0.7361962 -0.3263386 0.5872016 -0.7407412 -0.1831813 0.3294142 -0.9262457 -0.1660328 0.8745293 -0.4556661 -0.5818533 0.6743655 -0.4546185 -0.4383934 0.6609485 -0.6090635 -0.07085406 0.3770202 -0.923491 -0.3852515 0.3539302 -0.852241 -0.1311226 0.2274564 -0.9649199 -0.04593187 0.01712977 -0.9987978 -0.431951 0.4002469 -0.8082208 -0.7475744 0.3185713 -0.5827907 -0.7601174 -0.01394969 -0.6496361 -0.7159125 0.02896803 -0.6975888 -0.4389394 -0.03118681 -0.8979752 -0.4073474 -0.06547415 -0.9109233 -0.8802731 0.2254239 -0.4174968 -0.9150078 -0.04411756 -0.4010166 -0.9135772 -0.04427063 -0.4042484 -0.7261158 -0.07473033 -0.6834992 -0.2390494 0.0363838 -0.9703255 -0.1051734 -0.06428241 -0.9923741 0.0768972 -0.1186263 -0.9899569 0.08234578 -0.1226432 -0.9890288 0.07232081 -0.1225911 -0.9898188 0.07275658 -0.1226852 -0.9897752 -0.7211809 -0.07693952 -0.6884609 0.0354861 -0.09150928 -0.9951717 0.03473293 -0.08906412 -0.9954202 -0.001143157 -0.1819511 -0.983307 -0.4382679 -0.09991121 -0.8932744 -0.718582 -0.07322746 -0.6915763 -0.4363355 -0.09490346 -0.8947652 -0.7156837 0.01610285 -0.6982389 -0.9065906 0.08340835 -0.4136866 -0.4352491 -0.03492736 -0.8996323 -0.1045803 -0.1074639 -0.9886934 -0.4267514 -0.09762805 -0.899084 -0.7477731 0.3108028 -0.5867172 -0.7658811 0.2645885 -0.5860198 0.06597471 -0.1038936 -0.9923979 -0.1030867 -0.107414 -0.9888556 -0.1026946 -0.1205955 -0.9873756 0.1346765 -0.1494067 -0.9795612 0.06940644 -0.09772431 -0.9927905 0.05453389 -0.0238586 -0.9982269 -0.2101671 0.1084733 -0.9716293 -0.1923341 0.1336956 -0.9721796 -0.1136711 0.1918396 -0.9748213 -0.1192029 0.2024016 -0.9720207 -0.04789215 0.2296008 -0.9721059 0.04979497 -0.1556093 -0.9865629 -0.005195021 0.07580041 -0.9971095 0.06960892 0.07419204 -0.9948117 -0.7303029 0.4000439 -0.5537353 -0.2546542 0.03208506 -0.9664998 -0.6113784 0.5109172 -0.6043013 -0.4475753 0.6763774 -0.5849701 -0.400947 0.7204517 -0.5658543 -0.2613728 0.757703 -0.5979721 -0.3290575 0.7292459 -0.5999346 -0.02317541 0.6991267 -0.7146223 0.01510715 0.4127282 -0.9107289 0.06505572 0.4131814 -0.9083221 0.05091351 0.7017547 -0.710597 -0.09669023 0.8975589 -0.4301617 0.02999711 0.9047239 -0.4249411 0.02987265 0.9050662 -0.4242202 0.05019259 0.6989017 -0.7134543 0.04833734 0.7034744 -0.709075 0.06234157 0.4149663 -0.9076985 0.0149073 -0.2972151 -0.9546943 0.06945472 -0.1076496 -0.9917599 0.06945294 0.07530993 -0.9947386 0.06314712 0.4201641 -0.9052484 -0.01052868 0.4136277 -0.9103853 0.09463423 0.3266268 -0.9404039 -0.05802714 0.6999295 -0.7118508 -0.1578503 0.8892295 -0.4293649 0.05823779 0.7954254 -0.6032471 -0.339817 0.7435475 -0.5759006 0.02928471 -0.0464124 -0.9984931 0.03018897 0.07509058 -0.9967197 -0.08065164 0.2089611 -0.9745926 -0.4401205 0.6555591 -0.6136257 -0.5822106 0.5752342 -0.5745752 -0.6742662 0.4226637 -0.6055745 -0.7549585 0.3358176 -0.5632624 -0.1406853 0.2069404 -0.9681857 -0.1735678 0.1463432 -0.973888 -0.2399422 0.1088439 -0.9646661 -0.2411846 0.05861699 -0.9687075 -0.3535612 -0.1169278 -0.9280746 -0.1105898 -0.05709016 -0.9922252 0.03405761 -0.08641761 -0.9956767 -0.818686 -0.06383585 -0.5706824 -0.7221041 0.04700082 -0.690186 -0.7268386 -0.06067287 -0.6841232 -0.7250073 -0.06076055 -0.6860558 -0.4477273 -0.07895922 -0.8906772 -0.4460347 -0.008928716 -0.8949712 -0.4447269 -0.07859927 -0.8922109 -0.111894 -0.08752006 -0.9898586 -0.9018684 0.1507833 -0.404843 -0.1120676 -0.08765578 -0.9898269 -0.9175525 -0.0352984 -0.3960449 -0.7223657 -0.139065 -0.6773838 -0.4456085 -0.1295085 -0.8858107 -0.5553036 -0.3088576 -0.772169 -0.2596884 -0.07535916 -0.9627477 -0.9177399 -0.03507548 -0.3956305 -0.9016789 -0.2179176 -0.3734798 -0.8811764 -0.1564656 -0.4461467 -0.1129686 -0.1179472 -0.9865732 0.03425186 -0.08965355 -0.9953839 -0.5894855 -0.318464 -0.7423527 -0.676065 -0.520326 -0.521725 -0.6277044 -0.618232 -0.4730502 -0.2400025 -0.2755444 -0.930846 0.0383234 -0.09824329 -0.9944242 -0.4448361 -0.7538499 -0.483561 -0.396195 -0.8011804 -0.448486 0.01890861 -0.904576 -0.4258929 -0.09083759 -0.8112477 -0.5776035 -0.02993643 -0.5674037 -0.8228954 0.08707684 -0.4655994 -0.8807014 -0.102504 -0.3704963 -0.9231606 -0.1391435 -0.371192 -0.9180717 -0.1677159 -0.9494425 -0.2653873 0.01858466 -0.9662155 -0.2570648 0.04171353 -0.8166929 -0.575563 -0.1900628 -0.2984246 -0.9353175 0.044339 -0.111247 -0.9928033 0.04067748 -0.8182036 -0.5734878 0.05809646 -0.5697649 -0.8197517 0.05924218 -0.574404 -0.8164255 0.07010257 -0.2518009 -0.9652367 0.0700832 -0.2508007 -0.9654985 0.03048622 -0.2506948 -0.9675861 0.06709957 -0.07747358 -0.9947339 0.07781684 -0.06533372 -0.9948247 0.07185447 -0.08260732 -0.9939885 0.04248303 -0.8195117 -0.5714857 0.01850259 -0.9663935 -0.256401 -0.1802694 -0.9468839 -0.2662965 -0.3015458 -0.8396084 -0.4518051 -0.1229831 -0.8160444 -0.5647537 0.02318269 -0.8191227 -0.5731497 0.03106689 -0.5669711 -0.8231517 -0.04019272 -0.5601866 -0.8273909 0.06079518 -0.5700283 -0.8193728 0.0296837 -0.2530647 -0.9669939 0.1410654 -0.05038046 -0.9887176 0.02957844 -0.05915689 -0.9978105 -0.3732796 -0.2485473 -0.8938046 -0.1228508 -0.3617275 -0.9241542 -0.1069058 -0.3741703 -0.9211774 -0.1969501 -0.2972049 -0.9342805 0.1501188 -0.0713064 -0.9860932 -0.2202226 -0.2742587 -0.9361006 -0.2371714 -0.2268096 -0.9446201 -0.1099473 -0.5217673 -0.8459731 -0.09997105 -0.1172075 -0.9880629 -0.1003807 -0.07311385 -0.9922591 -0.09726923 -0.07275891 -0.9925951 -0.4099586 -0.7822331 -0.4690901 -0.4541444 -0.7629365 -0.460088 -0.6300536 -0.5926479 -0.5017977 -0.4276656 -0.1632215 -0.8890787 -0.4338165 -0.08057528 -0.8973913 -0.434161 -0.06887042 -0.8981989 -0.6649879 -0.5612379 -0.4927506 -0.7460863 -0.4083117 -0.5259629 -0.7610361 -0.3816596 -0.5245571 -0.7146993 -0.1979069 -0.6708486 -0.7156818 -0.05613189 -0.6961672 -0.8904675 -0.2502998 -0.3800235 -0.9127776 -0.03007137 -0.4073486 -0.9122427 -0.03000539 -0.40855 -0.7229225 -0.05064481 -0.6890707 -0.716254 -0.0535745 -0.6957802 -0.7165775 -0.04877889 -0.6957998 -0.4332506 -0.06311601 -0.8990609 0.07237237 -0.07301527 -0.9947016 0.07794421 -0.06549084 -0.9948043 -0.09542983 -0.09958684 -0.9904421 -0.4234236 -0.06659692 -0.9034807 -0.4328232 -0.1133929 -0.8943189 -0.5471235 -0.2959586 -0.7829843 -0.7135495 -0.1272818 -0.6889459 -0.8962877 -0.212049 -0.3894917 -0.8750354 -0.1489197 -0.4605821 0.03763198 -0.06077009 -0.9974421 -0.2474646 -0.05704939 -0.967216 -0.2262148 -0.2582651 -0.9392157 -0.5788013 -0.305206 -0.7562001 -0.6682272 -0.5110395 -0.540658 -0.6205059 -0.6097748 -0.4930996 -0.4371389 -0.7448617 -0.5040742 -0.3888699 -0.7934201 -0.4682573 -0.1782351 -0.280705 -0.9430996 -0.1264476 -0.3543288 -0.9265323 0.07638567 -0.06371557 -0.9950405 0.02634006 -0.8962389 -0.4427889 -0.08100086 -0.8001905 -0.5942509 -0.01757431 -0.5514332 -0.834034 0.09989798 -0.4485897 -0.8881372 0.0340709 -0.05068796 -0.9981333 -0.1629723 -0.9444586 -0.2853736 0.02291613 -0.961157 -0.2750491 0.02302336 -0.9612533 -0.2747038 0.210119 -0.9442181 -0.2535791 0.1536148 -0.9335306 -0.3239184 0.3215257 -0.6705645 -0.6685541 0.1380801 -0.8041136 -0.5782175 0.04897886 -0.8070487 -0.5884501 0.1305629 -0.5512654 -0.824051 0.06941109 -0.552581 -0.8305639 0.3185544 -0.6605078 -0.6798915 0.5176275 -0.739773 -0.4298812 0.6243229 -0.6803316 -0.383888 0.07525885 -0.3762077 -0.9234738 0.1195964 -0.2342546 -0.9647909 0.7548021 -0.5053427 -0.4182137 0.8058219 -0.4485176 -0.3866304 0.2816284 -0.3560499 -0.8910185 0.08747833 -0.06158912 -0.9942607 0.08927726 -0.0598821 -0.9942051 0.08478897 -0.05574887 -0.9948381 0.0770663 -0.04766535 -0.9958859 0.08362567 -0.05671209 -0.9948822 0.04961079 -0.8068923 -0.5886116 0.9065515 -0.04041087 -0.4201564 0.8150754 -0.1662163 -0.5549994 0.5742713 -0.1404803 -0.8065221 0.4740386 -0.03259015 -0.8799008 0.3793781 -0.2233635 -0.8978758 0.379271 -0.2558645 -0.8892058 0.9507634 -0.2019132 -0.2351171 0.967471 -0.01899838 -0.2522677 0.8262564 -0.04223001 -0.5617092 0.06975215 -0.5534924 -0.8299282 0.08075994 -0.2343362 -0.9687954 0.0438925 -0.2323402 -0.9716437 0.08171331 -0.2325518 -0.9691454 0.3058547 -0.3068488 -0.9012751 0.8221961 -0.0406481 -0.5677512 0.07548415 -0.05022633 -0.9958813 0.08223587 -0.05697292 -0.9949832 0.2633601 -0.09849017 -0.9596568 0.576795 -0.05835753 -0.8148018 0.5671625 -0.06177878 -0.8212857 0.2619525 -0.07237398 -0.9623632 -0.09009408 -0.3538972 -0.930935 0.07404559 -0.05082899 -0.9959588 0.2619656 -0.07242578 -0.9623558 0.8222005 -0.04409521 -0.5674875 0.07659822 -0.06323987 -0.9950545 0.96714 -0.01895946 -0.2535366 0.956533 -0.1680468 -0.2383381 0.8323459 -0.3847383 -0.3989695 0.8176152 -0.1466288 -0.5567812 0.5743699 -0.1312159 -0.8080109 0.5762522 -0.06361454 -0.8147924 0.8329622 -0.383216 -0.3991488 0.2619603 -0.126785 -0.9567145 0.7801899 -0.5203742 -0.3471518 0.6733201 -0.6258694 -0.3936085 0.5173632 -0.7672218 -0.3790861 0.09314185 -0.03672927 -0.9949752 0.3717547 0.15553 -0.9152097 0.2735177 0.2555633 -0.9272947 0.29514 0.2069654 -0.9327688 0.3706787 0.1261358 -0.9201561 0.4655506 -0.06395381 -0.8827076 0.5669453 0.05133694 -0.8221543 0.8094062 0.1047177 -0.5778374 0.9030774 -0.007424354 -0.4294137 0.8014002 0.4040039 -0.4410656 0.2518835 -0.005971372 -0.9677392 0.2527785 -0.03909224 -0.9667342 0.5698118 -0.03359007 -0.8210886 0.7517023 0.4551855 -0.4772315 0.6204093 0.6339669 -0.4617125 0.5678808 -0.03367239 -0.8224219 0.8167994 -0.02364897 -0.5764368 0.2526375 -0.03930419 -0.9667624 0.251555 0.02642148 -0.9674823 0.2366998 0.4884349 -0.8398838 0.8165672 -0.02175837 -0.5768402 0.9651051 -0.01001518 -0.2616713 0.9649655 -0.01005172 -0.2621845 0.5659282 0 -0.8244545 0.5659258 0.04279994 -0.8233445 0.8123751 0.08992457 -0.57616 0.5167124 0.6869682 -0.510963 0.1531505 0.8910577 -0.4272716 0.3165109 0.5982164 -0.736178 0.3077593 0.5756388 -0.7575778 0.9484231 0.1744421 -0.2646952 0.3841609 0.1192656 -0.9155306 0.8160582 0 -0.5779698 0.8322654 0.3327538 -0.4434064 0.06717103 0.2758058 -0.9588636 0.1105613 0.1273623 -0.9856749 0.3369275 0.188767 -0.9224136 0.93578 0.2347274 -0.2630952 0.3283982 0.1901252 -0.9252065 0.1156252 0 -0.9932929 0.09102004 -0.02844375 -0.9954429 0.08377856 -0.04058021 -0.9956579 0.09289556 -0.03956663 -0.9948894 0.269287 0.2536173 -0.9290655 0.132717 0.7360618 -0.6637766 0.4663444 0.1539965 -0.8710958 0.1814017 0.1378765 -0.9736958 0.09205353 0.1381358 -0.9861262 0.07844895 0.536404 -0.8403074 0.07659864 0.4766353 -0.8757576 0.07242566 0.4701204 -0.8796257 0.08971363 0.4709967 -0.8775612 0.1986374 0.4481307 -0.8716204 0.2557229 0.7504606 -0.609438 0.4045563 0.7880665 -0.4639888 0.5258606 0.6947044 -0.4907713 0.6967961 0.5642553 -0.4428219 0.7036954 0.5528053 -0.4463398 0.08988136 0.7435643 -0.6625961 0.05404984 0.7451981 -0.6646491 0.05859583 0.741299 -0.6686123 0.8148381 0.3609185 -0.4536261 0.09209376 0.1375057 -0.9862105 0.3309326 0.8858826 -0.325109 0.06623405 0.7010365 -0.7100428 0.03414267 0.9300559 -0.3658285 0.03417456 0.92975 -0.3666021 0.2136446 0.9097583 -0.3559436 0.04981052 0.7386544 -0.6722416 0.02789366 0.9258885 -0.3767657 0.04984962 0.738504 -0.6724038 0.06563746 0.4606778 -0.8851372 0.1222043 0.4601811 -0.8793745 0.06565099 0.4612591 -0.8848334 0.07346552 0.1267402 -0.9892117 0.07390558 0.1274811 -0.9890838 0.02792412 0.925867 -0.3768164 -0.158653 0.9096108 -0.3839762 0.05529832 0.8280202 -0.5579649 -0.05945503 0.7344877 -0.6760126 -0.008728206 0.4601418 -0.8878027 0.09937554 0.3708987 -0.923341 -0.3482977 0.765877 -0.5404825 0.07005244 -0.04554212 -0.9965032 0.03567612 0.1266345 -0.9913077 -0.437204 0.6854047 -0.5822998 -0.5886465 0.5946136 -0.5476587 -0.6710317 0.4518756 -0.5878136 -0.7583221 0.3524867 -0.548362 -0.812123 -0.04319012 -0.5818856 -0.9003605 0.169835 -0.4006335 -0.9161511 -0.0166676 -0.4004866 -0.9159743 -0.01626759 -0.400907 -0.8835288 0.2479218 -0.3973812 -0.7599833 0.3348931 -0.5570209 -0.7413538 0.2796813 -0.6100599 -0.7202983 0.04354834 -0.6922962 -0.7218212 -0.02633053 -0.6915786 -0.7233907 -0.02719509 -0.6899031 -0.4408916 0.01118832 -0.8974907 -0.4413136 -0.03527116 -0.8966595 -0.3909847 0.1408185 -0.9095611 -0.4387218 -0.03444504 -0.8979626 -0.4405977 0.03157866 -0.8971491 -0.7185313 0.07514542 -0.6914232 -0.353833 -0.07208186 -0.932527 -0.2366141 0.1026039 -0.966171 -0.2348356 0.1574161 -0.959204 -0.1708086 0.1916278 -0.9664902 -0.1352396 0.2554315 -0.9573219 -0.6266205 0.5438593 -0.558179 -0.07919347 0.256465 -0.9633038 0.06901818 -0.0462777 -0.9965415 -0.5924476 0.6017249 -0.5356613 -0.4961407 0.6688877 -0.5535646 -0.3458345 0.7605854 -0.5494619 -0.1083306 0.3197158 -0.9413003 -0.1072373 0.02797496 -0.9938399 -0.1105111 -0.03906387 -0.993107 -0.3199464 0.7787242 -0.5396508 -0.06578207 0.7405622 -0.6687603 -0.01514565 0.4676229 -0.8837984 0.05952733 0.4693505 -0.8810032 0.05756795 0.4719637 -0.8797365 0.06486624 0.1363131 -0.9885399 -0.006707668 0.1343512 -0.9909111 -0.4464022 0.1462074 -0.8828071 0.06552088 0.1354307 -0.9886181 0.06551337 -0.02510893 -0.9975358 0.09769183 -0.1099033 -0.9891297 -0.1677489 0.2036951 -0.9645562 -0.1454117 0.238128 -0.9602867 0.04165929 -0.01562219 -0.9990098 -0.08637553 0.2769099 -0.9570059 0.06572252 -0.0402528 -0.9970257 -0.1986984 0.1892532 -0.9616144 -0.1069254 -0.04015362 -0.993456 0.06643527 -0.04190784 -0.9969103 0.04446673 0.7449815 -0.6656014 -0.1080462 -0.007563233 -0.9941171 0.04396569 0.7433348 -0.6674731 0.04272586 0.7446945 -0.6660365 -0.2437465 0.8954526 -0.3724948 0.02417135 0.9293866 -0.3683156 0.06171685 -0.03310102 -0.9975447 0.06731158 -0.04666024 -0.9966405 0.05709969 0.4695699 -0.881047 -0.01902687 0.4683545 -0.8833358 0.08997207 0.3793142 -0.9208831 0.02667707 0.1353119 -0.990444 -0.06647282 0.7399668 -0.6693509 0.02433609 0.9293105 -0.3684968 -0.1632379 0.9131453 -0.3735227 0.05059099 0.8334776 -0.5502325 -0.351943 0.7718213 -0.5295546 0.0704537 -0.04550135 -0.9964768 -0.08645141 0.2654425 -0.9602429 -0.1437045 0.2643477 -0.953661 0.03761899 -0.003293931 -0.9992867 -0.4429425 0.6904482 -0.5719119 -0.5940107 0.59955 -0.5363684 -0.676876 0.4567507 -0.5772501 -0.7627891 0.3581839 -0.5383838 0.03863239 -0.0510981 -0.9979462 0.03696149 -0.02493476 -0.9990056 -0.1799023 0.2001014 -0.9631172 -0.2439333 0.1656317 -0.9555431 -0.8172995 -0.03654587 -0.575053 -0.7252258 0.08247059 -0.6835541 -0.4494853 0.04061245 -0.8923642 -0.3625941 -0.06395685 -0.92975 -0.9033883 0.1730194 -0.3923696 -0.9192032 -0.01151376 -0.3936153 -0.919266 -0.01147186 -0.3934698 0.06992018 -0.04165285 -0.9966826 -0.7288797 -0.0199303 -0.6843516 -0.7292066 -0.01989775 -0.6840043 -0.2457548 0.1123819 -0.9627954 -0.1137715 0.001575112 -0.9935057 0.0363121 -0.02846181 -0.9989351 -0.4501115 -0.02604806 -0.8925924 -0.4511342 -0.02585411 -0.8920816 -0.7233844 -0.145169 -0.6750119 -0.44663 -0.1076366 -0.8882207 -0.3392691 0.003321468 -0.9406835 -0.1157076 -0.05866736 -0.9915493 -0.1166544 -0.02937662 -0.992738 -0.8353276 -0.02464789 -0.5491997 -0.7360682 -0.4347206 -0.5188658 0.03613346 -0.029513 -0.9989112 0.03617322 -0.028719 -0.9989328 -0.9035458 -0.1938779 -0.382121 -0.6801958 -0.4897266 -0.545437 -0.553308 -0.666186 -0.5000464 -0.2412843 -0.1869104 -0.9522849 -0.2432698 -0.2193975 -0.9448199 0.03056097 -0.04099947 -0.9986917 -0.4457376 -0.7210868 -0.530426 -0.097718 -0.9180765 -0.3841705 -0.2157547 -0.6461774 -0.7320551 -0.2050986 -0.6281144 -0.7506045 0.06351763 -0.3391702 -0.9385783 -0.1457782 -0.3184605 -0.9366598 -0.1664767 -0.2712134 -0.9480131 -0.1135867 -0.02872794 -0.9931127 -0.04386061 -0.7792264 -0.6252059 -0.1659873 -0.9323541 -0.321192 0.02053153 -0.9488413 -0.3150854 0.04065632 -0.7806338 -0.6236649 0.03917282 -0.7822199 -0.6217697 0.05392187 -0.5195975 -0.8527081 0.02600073 -0.1920265 -0.9810453 0.06282776 -0.005650639 -0.9980084 0.06607908 -0.004758775 -0.9978031 0.02594625 -0.00284177 -0.9996594 -0.001752316 -0.5186348 -0.8549941 0.05481493 -0.5210554 -0.851761 0.06364727 -0.1929797 -0.9791364 0.03676933 -0.02066671 -0.9991102 0.06311041 -0.1921479 -0.9793346 0.06402558 -0.01246702 -0.9978705 0.04080671 -0.7812515 -0.6228812 0.02051293 -0.9487637 -0.3153201 -0.2706552 -0.9076299 -0.320864 -0.3335884 -0.8056413 -0.4895517 -0.0683906 -0.7761985 -0.6267685 -0.01679128 -0.5177313 -0.8553786 0.05593186 -0.5185213 -0.8532334 -0.3419786 -0.7992309 -0.4942477 -0.01967155 -0.1907669 -0.9814383 0 -0.04983156 -0.9987577 -0.445936 -0.199344 -0.8725842 -0.08491814 -0.3319528 -0.9394661 -0.1827841 -0.2641454 -0.9470043 -0.2156369 -0.2646453 -0.9399275 -0.1115991 -0.358776 -0.9267284 -0.1061679 -0.07836198 -0.9912557 0.05857247 -0.0274558 -0.9979056 -0.1076956 -0.005505442 -0.9941687 -0.5823824 -0.6224521 -0.5228617 -0.6016144 -0.6095376 -0.5162599 -0.7556965 -0.3686324 -0.5413253 -0.8831201 -0.2726997 -0.3817511 -0.9167756 -0.001997649 -0.3993978 -0.7444338 -0.003411352 -0.6676877 -0.725256 -0.007708728 -0.6884362 -0.723986 -0.02705109 -0.6892841 -0.7233828 -0.1812418 -0.6662348 -0.441106 -0.009962201 -0.8973999 -0.4434401 -0.02756881 -0.8958801 -0.432317 -0.1240953 -0.8931419 -0.3387148 -0.2321142 -0.9118089 -0.7733575 -0.4380869 -0.4582555 -0.4053792 -0.004927814 -0.9141354 0.0645889 -0.005469262 -0.997897 -0.7247031 2.93511e-4 -0.6890613 -0.917105 -0.001913726 -0.3986414 -0.9015349 -0.1826799 -0.3922535 -0.8161591 0.02053231 -0.5774624 -0.720252 -0.1020637 -0.6861633 -0.4451856 -0.06507694 -0.8930706 -0.1109414 -0.005310237 -0.9938129 -0.4475395 5.3743e-4 -0.894264 -0.3554443 0.03949379 -0.9338628 0.05431312 0.02351701 -0.998247 -0.1110326 -0.02664846 -0.9934595 -0.7589188 -0.3742818 -0.5328748 -0.6748932 -0.4701442 -0.5687563 -0.5884078 -0.6155045 -0.5243383 -0.2403441 -0.1363373 -0.9610655 -0.2387176 -0.189525 -0.952415 0.06160569 0.009353458 -0.9980568 0.05992811 0.01490396 -0.9980915 -0.4403614 -0.7044356 -0.5566439 -0.3484919 -0.7848974 -0.5123373 0.05309528 -0.8454965 -0.5313347 -0.1634985 -0.9212272 -0.3529998 0.0244956 -0.9378035 -0.3463014 0.02436667 -0.9374956 -0.3471431 0.04564732 -0.7598852 -0.6484526 0.0450797 -0.7606443 -0.6476019 -0.06340175 -0.756398 -0.6510318 -0.01479798 -0.4890752 -0.8721161 0.09347176 -0.4029046 -0.9104564 -0.08320534 -0.2890774 -0.953683 -0.1403024 -0.2872769 -0.9475163 0.06122106 -0.4891656 -0.8700397 -0.1741078 -0.2255488 -0.958548 0.03202247 -0.03772646 -0.9987749 0.05928832 -0.01901698 -0.9980598 0.3028306 -0.9000448 -0.3133896 0.2603337 -0.6625626 -0.7023085 0.06098997 0.007310807 -0.9981116 0.06063199 -0.4907875 -0.8691672 0.06881499 -0.1580783 -0.9850258 0.06852877 -0.15902 -0.9848942 0.3026083 -0.9002833 -0.3129191 0.5557333 -0.7733417 -0.3051283 0.5597053 -0.7856685 -0.2635436 0.4794635 -0.6159262 -0.6250998 0.4814384 -0.6256394 -0.6138343 0.02994984 -0.1588154 -0.986854 0.05169248 -0.05405986 -0.9971988 0.05067986 -0.04118955 -0.9978653 0.1494054 -0.4871144 -0.8604637 0.2375759 -0.5661311 -0.7893372 0.1256478 -0.1578041 -0.979444 0.06936538 -0.01808291 -0.9974275 0.08900916 -0.03187489 -0.9955207 0.06651955 -8.69765e-4 -0.9977849 0.1263933 -0.1580531 -0.979308 0.1769968 -0.7533138 -0.6333961 0.3946024 -0.6799702 -0.6180046 0.2912775 -0.439917 -0.8494884 0.1768432 -0.1240494 -0.9763904 0.03008466 0.03241914 -0.9990215 -0.07405 0.3558516 -0.9316041 0.01942485 0.3408456 -0.9399186 0.2104585 0.4155156 -0.8849034 0.0820775 0.1895828 -0.9784282 0.1338814 0.1695505 -0.9763854 0.1514461 0.2183755 -0.9640417 0.2795939 0.5664485 -0.7752183 0.2428552 0.4741226 -0.8463033 0.3275156 0.7199717 -0.6118614 0.2096559 0.7614104 -0.6134319 0.3230929 0.7047432 -0.6316233 0.3742339 0.8930194 -0.2499307 0.3702976 0.8779283 -0.3035152 0.1453877 0.9403604 -0.3075464 0.1608561 0.5049234 -0.8480435 0.3099173 0.7945883 -0.5220926 -0.06061798 0.8795924 -0.4718503 -0.2644096 0.804449 -0.53193 -0.3425563 0.7932221 -0.503442 -0.6177684 0.5877625 -0.5223958 -0.7125881 0.5339018 -0.4551563 -0.0937131 0.3213919 -0.9422978 -0.2113348 0.2449184 -0.9462308 -0.2061973 0.1987072 -0.9581223 -0.3946129 0.01728731 -0.9186848 -0.1213602 0.05696117 -0.9909728 -0.4537566 0.08778887 -0.8867909 -0.7290585 0.1188792 -0.6740487 -0.7970139 0.03491735 -0.6029509 -0.8971934 0.2365197 -0.3729645 -0.9221528 0.007617533 -0.386751 -0.7333369 0.01352697 -0.6797308 -0.7333178 0.01339769 -0.679754 -0.4568516 0.0174691 -0.8893714 -0.4575211 0.01752251 -0.8890261 -0.1226907 0.01947498 -0.9922539 -0.1240196 0.01930624 -0.992092 -0.9229322 0.008065521 -0.3848783 -0.8856155 -0.2722797 -0.3762302 -0.7779657 -0.06564003 -0.6248685 0.08410149 0.01338046 -0.9963674 0.07529258 0.0207585 -0.9969454 -0.7274911 -0.1122062 -0.67688 -0.7411831 -0.4091251 -0.532226 -0.2473143 -0.1384222 -0.9589968 -0.4209046 -0.02633166 -0.9067228 -0.1446588 -0.3289816 -0.9331908 -0.06128102 -0.1134124 -0.9916564 -0.4571124 -0.06408834 -0.887097 -0.1229325 -0.02822536 -0.9920136 -0.382556 -0.4479932 -0.8080552 -0.4259759 -0.4978939 -0.7554114 -0.3096131 -0.6697751 -0.6749379 -0.1801267 -0.4240155 -0.8875614 -0.1328912 -0.4426578 -0.8867886 -0.1324406 -0.4409061 -0.8877283 -0.006241321 -0.1240029 -0.9922623 -0.01023089 -0.133327 -0.9910193 -0.2405891 -0.6988704 -0.6735705 -0.41648 -0.7264288 -0.5466677 -0.568443 -0.733023 -0.3735637 -0.3174859 -0.8694468 -0.3785037 -0.2371098 -0.6949144 -0.6788763 -0.236682 -0.6926119 -0.681374 -0.1287756 -0.4357612 -0.8908026 -0.194446 -0.4100503 -0.8910945 0 -0.1052451 -0.9944463 -0.3389875 -0.6486798 -0.6813971 -0.4967741 0.06237643 -0.8656354 -0.1860141 -0.2107062 -0.9596883 -0.2315192 -0.1413857 -0.9625014 0.1315108 0.02671313 -0.9909548 0.0600152 0.0525133 -0.9968153 0.06678098 0.04486846 -0.9967584 0.06119865 0.05215841 -0.9967619 0.05220621 0.04857951 -0.9974541 -0.003028452 0.04845345 -0.9988209 0.01765847 -0.01304024 -0.9997591 0.0182991 -0.01516348 -0.9997176 0.02815324 0.01872456 -0.9994283 0.02824211 0.0195173 -0.9994106 -0.2539778 -0.1232624 -0.9593235 -0.110935 -0.497456 -0.8603668 -0.314924 -0.8666899 -0.3868742 -0.5263919 -0.7577905 -0.3855712 -0.5763252 -0.6009973 -0.5537613 -0.582465 -0.593085 -0.555864 -0.7496834 -0.3805384 -0.5414474 -0.7655304 -0.3626028 -0.5314909 -0.7249828 -0.08370643 -0.6836616 -0.4487536 -0.03704732 -0.8928874 -0.4508251 0.04159373 -0.8916427 -0.4075132 0.04788279 -0.9119432 -0.1156988 0.05229043 -0.991907 -0.1257579 0.05176669 -0.9907095 -0.1159353 0.02318704 -0.9929861 -0.7299033 0.03156828 -0.6828212 -0.8703358 -0.309018 -0.3834365 -0.9201628 0.02138543 -0.3909515 -0.9224863 0.02057826 -0.385481 -0.7560989 0.03486609 -0.653528 -0.7356546 0.03989261 -0.6761811 -0.1233006 0.1496158 -0.9810261 -0.1367921 0.460452 -0.8770815 -0.241414 0.2577913 -0.935555 -0.3727162 0.1044507 -0.9220482 -0.3921194 0.2330932 -0.8898933 -0.4548504 0.146335 -0.8784631 -0.7297352 0.1777639 -0.6602171 -0.7724515 0.347344 -0.531668 -0.7803781 0.3996625 -0.4809157 -0.6925373 0.5140483 -0.5061092 -0.580979 0.6654961 -0.468592 -0.4621913 0.6863979 -0.5614599 -0.2802532 0.7463265 -0.6037011 -0.1660346 0.516002 -0.8403419 -0.2345044 0.7641357 -0.6009196 -0.2535247 0.4516635 -0.8554095 -0.1296675 0.5278412 -0.8393868 -0.137095 0.5355822 -0.8332807 -0.01481848 0.2279226 -0.9735665 -0.4558056 0.05255806 -0.8885264 -0.7331876 0.1120796 -0.6707265 -0.4524358 0.1492571 -0.8792181 -0.5450505 0.7838929 -0.2973752 -0.3089882 0.9059372 -0.2894895 -0.3101491 0.9065356 -0.2863582 -0.8781619 0.3289959 -0.3472658 -0.06650227 0.207981 -0.9758696 -0.01552665 0.2302531 -0.973007 0.03428572 0.07714295 -0.9964304 -0.04300427 0.1057188 -0.9934659 -0.2342993 0.7608508 -0.605153 -0.2379193 0.7648388 -0.5986787 -0.3592872 0.7133428 -0.6017099 -0.2163172 0.4976069 -0.8399966 -0.1363677 0.5292817 -0.8374156 -0.1770583 0.4825041 -0.8578113 -0.5657581 0.7711107 -0.2920723 -0.07253056 0.2091903 -0.9751814 -0.01060682 0.1302541 -0.991424 -0.3331328 0.7686072 -0.546137 -0.6448569 0.6054185 -0.4665063 -0.8318369 0.1920952 -0.5207176 -0.6172248 0.3031211 -0.7260518 -0.5708391 0.2893618 -0.7683832 -0.3644366 0.1175499 -0.9237792 -0.2205125 0.2847902 -0.932882 -0.1389171 0.1227583 -0.9826661 -0.8898424 0.3094902 -0.3352556 -0.7431539 0.1245916 -0.6574187 -0.7448585 0.0494439 -0.665388 -0.4717284 0.06535661 -0.8793185 -0.4715553 0.0648182 -0.8794511 -0.469307 0.1155643 -0.8754404 -0.1434655 0.07338178 -0.986931 -0.1386436 0.07277756 -0.9876647 -0.7458475 0.04981958 -0.6642511 -0.9292779 0.02769643 -0.3683416 -0.9285182 0.02854734 -0.3701879 -0.9294803 0.02935636 -0.3677018 -0.929206 0.02928406 -0.3684003 -0.7468281 0.05233985 -0.6629542 -0.7459337 0.05090868 -0.6640719 -0.7481525 0.05244475 -0.661451 -0.471597 0.06888133 -0.8791199 -0.4732099 0.0753808 -0.8777188 -0.1429674 0.03614801 -0.9890671 -0.1426843 0.07681918 -0.9867827 -0.006973385 0.07043659 -0.9974919 -0.006694436 0.07697421 -0.9970107 -0.4735751 0.06825548 -0.8781047 -0.4712128 0.06772899 -0.8794154 -0.1436331 0.07602459 -0.9867066 -0.9046486 -0.1996227 -0.3765125 -0.7462702 0.1133575 -0.65592 -0.1693759 -0.07749509 -0.9825 -0.1735563 -0.09925913 -0.9798091 -0.09871882 -0.2611964 -0.9602245 0.0334168 0.09030497 -0.9953534 -0.001552522 0.1072571 -0.9942302 -0.007087528 0.0824297 -0.9965717 0.008550524 -0.2494931 -0.9683389 0.1923981 -0.3369302 -0.9216621 0.05687761 -0.090007 -0.9943157 0.03854119 0.05511391 -0.997736 0.1473624 -0.414784 -0.8979079 0.2043616 -0.6921443 -0.692223 0.3029004 -0.7261155 -0.6172581 -0.04371345 -0.8305565 -0.5552164 -0.2792714 -0.7506861 -0.5987304 0.1339683 -0.9053622 -0.4029539 0.357481 -0.8449211 -0.3978891 0.3065373 -0.6572903 -0.6884797 0.3067234 -0.6577432 -0.6879642 0.2159712 -0.3893067 -0.8954311 0.2145773 -0.3892939 -0.8957718 0.1016116 -0.07499903 -0.9919931 0.3572757 -0.8454163 -0.3970208 0.3612584 -0.8438901 -0.3966634 0.3088408 -0.6460906 -0.6979859 0.3077473 -0.6575114 -0.6877285 0.1016423 -0.07297396 -0.992141 0.2190056 -0.3884421 -0.8950695 0.2307224 -0.4044262 -0.8849897 0.109574 -0.0714904 -0.9914044 0.1130249 -0.07732278 -0.9905789 0.04671132 0.09231948 -0.9946333 0.314585 -0.6600772 -0.6821544 0.3612989 -0.8470326 -0.3898708 0.3710646 -0.843207 -0.3889896 0.312341 -0.5948905 -0.7406405 0.3224368 -0.6568951 -0.6815596 0.3068488 -0.6415929 -0.7029953 0.3164083 -0.3823267 -0.8681659 0.2391496 -0.3882502 -0.8899828 0.2285566 -0.3922707 -0.8910025 0.2774119 -0.4777023 -0.8335726 0.1414617 -0.08525931 -0.9862655 0.135877 -0.06839567 -0.988362 0.1112315 -0.004536509 -0.9937843 0.1022025 0.394586 -0.9131575 0.04343748 0.08394122 -0.9955235 0.08630722 0.1252152 -0.9883685 0.04273355 0.0768944 -0.9961231 0.3257319 -0.6338574 -0.7015151 0.3405406 -0.6642141 -0.6654711 0.2626872 -0.3962382 -0.8797675 0.4602699 -0.6112129 -0.6438716 0.2075693 -0.0598852 -0.9763857 0.2710903 -0.4483327 -0.8517675 0.3451696 -0.3627677 -0.8655967 0.3711704 -0.8511552 -0.3711704 0.6209018 -0.7143201 -0.3228433 0.1207746 0.05107975 -0.991365 0.4257388 -0.6790667 -0.5980092 0.7219922 -0.5205042 -0.4558539 0.3513848 -0.1396961 -0.9257503 0.8948917 -0.10986 -0.43255 0.7276751 -0.1889049 -0.6593967 0.6550382 -0.1550409 -0.7395182 0.9315162 -0.259859 -0.2544618 0.9698817 0.01722925 -0.2429667 0.8290288 0.03888696 -0.5578523 0.8276405 0.03924155 -0.5598851 0.2993158 -0.343487 -0.8901836 0.4886392 0.01998263 -0.8722571 0.2707818 0.02281039 -0.9623705 0.8255761 -0.02395868 -0.563782 0.5875226 0.05665391 -0.8072223 0.5838914 0.05704683 -0.809825 0.584715 0.01825451 -0.8110335 0.2732888 0.06737905 -0.9595693 0.2715053 0.06787633 -0.9600405 0.9702955 0.01663482 -0.2413503 0.9321264 0.2918828 -0.2143477 0.8646848 0.1104303 -0.490026 0.8228145 0.162349 -0.5446274 0.619751 0.7534967 -0.2194346 0.4950963 0.7633566 -0.4149296 0.342989 0.7484995 -0.5675449 0.4078183 0.7203311 -0.5610769 0.5852749 0.1343704 -0.7996236 0.552872 0.09714519 -0.827584 0.8120783 0.4461602 -0.3761249 0.3114736 0.4956836 -0.8107294 0.4938643 0.5052612 -0.7076787 0.5370976 0.5577337 -0.6328186 0.2855473 0.4057001 -0.8682571 0.2728328 0.110961 -0.9556412 0.2669938 0.5144235 -0.8149127 0.2115939 0.1940835 -0.9578933 0.3875929 0.2174826 -0.8958087 -0.006759583 0.07355833 -0.997268 -0.008711516 0.04928761 -0.9987467 0.348836 -0.4021068 -0.8465363 0.3742588 -0.4372153 -0.8177856 0.4971707 -0.6460849 -0.5791336 0.2013531 -0.1621022 -0.9660124 0.2415559 -0.134476 -0.9610239 0.3713003 -0.4299843 -0.8229518 0.4436309 -0.3781366 -0.8125296 0.6013858 -0.5666254 -0.5632681 0.7350288 -0.6351109 -0.2374173 0.5632214 -0.681384 -0.4674372 0.8319196 -0.4039762 -0.3804119 0.8889867 -0.03892451 -0.4562757 0.9466142 -0.2342304 -0.2214894 0.9725443 -0.005619466 -0.2326502 0.8338935 -0.01367765 -0.5517559 0.8349366 -0.01409608 -0.5501656 0.4008205 -0.1678417 -0.9006509 0.8287618 -0.1260644 -0.545217 0.5921674 -0.09142363 -0.800612 0.5941433 -0.02057796 -0.804096 0.5947203 -0.02026605 -0.8036773 0.2809956 -0.02417141 -0.9594046 0.2821198 -0.024163 -0.9590749 0.2824778 -0.0615713 -0.9572958 0.3432343 -0.3643614 -0.8656969 0.5349826 -0.02146255 -0.8445905 0.9726472 -0.00581634 -0.2322149 0.9558086 0.1788129 -0.233358 0.9157909 -0.001689612 -0.4016519 0.8269514 0.111983 -0.5510095 0.5927833 0.06136232 -0.803021 0.4920558 -0.05396699 -0.8688895 0.2833477 0.004607975 -0.9590062 0.8149341 0.4083321 -0.4112752 0.7650201 0.4616005 -0.4490762 0.6335703 0.6398143 -0.4350016 0.3988595 0.1356833 -0.9069185 0.3996399 0.166643 -0.901398 0.1332994 -0.01844894 -0.9909041 0.1350166 -0.02595043 -0.9905035 0.1347494 -0.02490282 -0.9905668 0.1347795 -0.02537572 -0.9905506 0.1944149 -0.1812983 -0.9640196 0.202301 0.06339114 -0.9772697 0.1837071 -0.08318686 -0.9794548 0.5319731 0.6924946 -0.4872943 0.1654195 0.8958912 -0.4123293 0.3379172 0.6061832 -0.719968 0.3322781 0.5830997 -0.7413407 0.09568089 0.2858115 -0.9534973 0.3031583 0.2653589 -0.9152484 0.2232372 0.9138219 -0.3392559 0.155768 0.7431826 -0.6507043 0.1307277 -0.004136919 -0.9914098 0.3244121 0.218213 -0.9204021 0.1412558 0.1376432 -0.9803577 0.1523073 0.4700845 -0.8693809 0.1050125 -0.04386454 -0.9935031 0.09291958 -0.03877985 -0.9949182 0.08776915 0.4711419 -0.8776799 0.06626117 0.7456629 -0.6630206 0.08758908 -0.06250345 -0.994194 0.09581863 -0.07867676 -0.9922847 0.09237086 -0.0745992 -0.9929263 0.09249037 -0.09521001 -0.9911512 0.2914516 -0.3766243 -0.8793237 0.3144277 -0.3284974 -0.8906316 0.08458054 -0.3964928 -0.9141333 0.1291566 -0.2554431 -0.9581583 0.08977526 -0.2555781 -0.9626113 0.08959674 -0.2537941 -0.9630997 0.06062173 -0.2500647 -0.9663295 0.06311219 -0.1143909 -0.9914292 0.1376916 -0.106711 -0.98471 0.1022387 0.02555966 -0.9944316 0.3008555 -0.3607501 -0.8828054 0.1994213 -0.4022573 -0.8935436 0.3651516 -0.2729859 -0.8900242 0.3339406 -0.314369 -0.8886258 0.268033 -0.3633726 -0.8922548 0.398553 -0.2156643 -0.8914283 0.2298138 -0.6293943 -0.7423264 0.453555 -0.8156723 -0.3591192 0.3418924 -0.8506931 -0.3992882 0.4118146 -0.8210833 -0.3952607 0.1288311 -0.8178825 -0.5607769 0.05193781 -0.8201478 -0.5697896 0.07451546 -0.5727023 -0.8163698 0.1250665 -0.57257 -0.8102605 0.1451791 -0.9597105 -0.2405803 0.02339816 -0.9670531 -0.2534974 0.02359974 -0.9674478 -0.2519677 0.05338382 -0.8179168 -0.5728546 0.05399465 -0.8206792 -0.5688324 0.07777631 -0.5734212 -0.8155606 0.07574886 -0.5783173 -0.8122876 0.1374961 -0.5723052 -0.8084317 0.1437806 -0.8173908 -0.5578525 0.2108127 -0.9502385 -0.2293577 0.1566789 -0.9415472 -0.2982292 0.3294535 -0.6842081 -0.6506302 0.3292837 -0.6803826 -0.6547151 0.5211261 -0.750847 -0.4057789 0.6299586 -0.6877806 -0.3607077 0.7583013 -0.516457 -0.3978082 0.8104171 -0.4568034 -0.3668171 0.5848006 -0.159463 -0.7953489 0.4839149 -0.05362361 -0.8734706 0.3887196 -0.2446293 -0.8882869 0.3891056 -0.2773132 -0.8784613 0.2731343 -0.1210739 -0.9543264 0.2740685 -0.09233939 -0.9572669 0.270529 -0.0917502 -0.9583299 -0.3519663 -0.399671 -0.8463941 -0.02299571 -0.2793955 -0.9599008 0.06033259 -0.1318445 -0.9894327 0.06249111 -0.1313734 -0.9893614 0.0625109 -0.1328358 -0.9891648 0.0568028 -0.1320666 -0.989612 -0.07704836 -0.2901654 -0.9538698 -0.06757593 -0.2235041 -0.9723577 -0.1550464 -0.3115084 -0.9375091 -0.2104553 -0.306719 -0.9282414 -0.1735486 -0.2825184 -0.9434322 -0.2509108 -0.3218619 -0.9129341 0.2352513 -0.1944177 -0.9522913 0.2352288 -0.1943333 -0.952314 -0.1337913 -0.3039199 -0.9432564 -0.1403107 -0.3335603 -0.9322288 -0.1452887 -0.4066762 -0.9019456 -0.1114639 -0.3783494 -0.9189274 -0.1389141 -0.4061449 -0.9031885 -0.1366408 -0.4051474 -0.9039829 -0.1496085 -0.4212504 -0.8945197 -0.1567957 -0.4229614 -0.8924791 -0.1474185 -0.419665 -0.8956279 -0.1079904 -0.3848452 -0.9166418 -0.1423513 -0.3888728 -0.9102275 0.002798557 -0.2911655 -0.9566686 -0.028952 -0.187922 -0.9817572 -0.01271736 -0.3192757 -0.9475766 -0.2294159 -0.3129582 -0.9216428 -0.001593589 -0.4472364 -0.8944144 0.01257407 -0.5379094 -0.842909 0.007778644 -0.5760867 -0.8173516 0.02818518 -0.5385401 -0.8421284 -0.01718068 -0.3261733 -0.9451539 0.01632642 -0.5858384 -0.8102635 0.01431357 -0.6315663 -0.7751898 0.02680689 -0.6388457 -0.7688678 0.05150306 -0.3232245 -0.9449198 0.0569337 -0.6141275 -0.7871506 0.03193497 -0.7577861 -0.6517211 0.03263956 -0.7585367 -0.6508124 0.03973859 -0.7721475 -0.6341996 0.06556642 -0.9531757 -0.2952241 0.07602053 -0.8983775 -0.4325953 0.1362515 -0.8970258 -0.4204525 0.1165781 -0.9661191 -0.2302681 0.141744 -0.9486969 -0.2826358 0.00691986 -0.527145 -0.8497472 0.05956262 -0.9436351 -0.3255844 0.05955022 -0.9436323 -0.3255946 0.05955755 -0.9436196 -0.3256301 0.05964297 -0.9437003 -0.3253808 0.05960857 -0.9436749 -0.3254606 0.05951815 -0.9435485 -0.3258432 0.03292346 -0.07547855 -0.9966038 0.03422433 -0.08827143 -0.9955084 0.08799594 -0.9661254 -0.2426078 0.1731373 -0.9698716 -0.1713842 0.03517007 -0.05046689 -0.9981064 0.2932346 -0.2587786 -0.9203516 0.0322858 -0.05030828 -0.9982118 0.2314121 -0.2031911 -0.9514001 -0.03288298 -0.2453147 -0.9688857 -0.03294777 -0.2059905 -0.9779992 0.2121387 -0.9497675 -0.2300846 -0.03814876 -0.09974867 -0.9942811 -0.006805777 -0.05286335 -0.9985786 0 -0.2711381 -0.9625405 0.08921366 -0.09920287 -0.9910599 0.1593583 -0.05001008 -0.9859534 -0.326918 0.01021617 -0.9449974 -0.2180849 0 -0.9759299 0.1089369 0 -0.9940488 -0.1406521 0 -0.9900591 0 -0.03357094 -0.9994364 0 -0.05080866 -0.9987085 -0.1060013 -0.07287585 -0.9916919 0.09759563 -0.07726323 -0.9922226 0 -0.04222846 -0.999108 -0.06834864 -0.07902812 -0.9945265 0 -0.3047757 -0.9524242 0 0.05113297 -0.9986919 0.04510736 -0.06907069 -0.9965915 0.6668748 -0.125039 -0.7346042 0 -0.1456687 -0.9893335 0 -0.07139927 -0.9974479 0.3047876 -0.1571561 -0.939365 -0.01562267 -0.05675429 -0.998266 -0.03146696 -0.05310052 -0.9980934 -0.02131938 -0.06462442 -0.997682 0 -0.06879651 -0.9976307 -0.03436601 -0.0311442 -0.998924 0 -0.04172915 -0.9991289 0.01955342 -0.07022953 -0.9973393 0.0137583 -0.06965136 -0.9974766 0 -0.05240601 -0.9986259 0.01376491 -0.06968498 -0.9974741 0 -0.06623083 -0.9978044 -0.03501546 -0.0367937 -0.9987093 -0.09380608 0 -0.9955906 0.00860542 -0.06534737 -0.9978255 0.002170085 -0.06663459 -0.9977751 0.1045751 -0.1151198 -0.9878318 0 -0.06601744 -0.9978185 0.1506262 -0.1835756 -0.9713969 0.01022577 -0.06734663 -0.9976772 -0.03362983 -0.03335905 -0.9988775 0.007629692 -0.06628328 -0.9977717 0.0124436 -0.06753164 -0.9976395 0.2006611 -0.1952455 -0.9600076 0.01299083 -0.06654125 -0.9976992 0.01775413 -0.06946641 -0.9974264 -0.03198903 -0.0271607 -0.9991192 0.1904129 -0.1930095 -0.9625437 0.01310938 -0.07578891 -0.9970378 0.03371185 -0.09023249 -0.9953501 0.02156412 -0.0833286 -0.9962888 0.02826726 0.01997894 -0.9994007 0.03349471 -0.05873292 -0.9977117 -0.02326261 -0.1415428 -0.9896588 0.06997722 -0.2333117 -0.9698808 -0.1123593 0.06701678 -0.9914051 -0.06665062 -0.09167337 -0.9935562 -0.03626769 -0.1145391 -0.9927566 -0.07994771 -0.09609711 -0.9921561 0.001806974 -0.1711316 -0.9852466 0.004918336 -0.06757599 -0.9977021 -0.03263401 -0.04172593 -0.998596 -0.05085682 -0.1149587 -0.9920676 -0.01432383 -0.0501334 -0.9986399 -0.04707515 -0.1664584 -0.9849241 -0.04405403 -0.1113306 -0.9928066 -0.05150562 -0.1229697 -0.991073 -0.04157727 5.64655e-4 -0.9991351 -0.02550077 0.07226788 -0.9970593 -0.006768405 0.06358724 -0.9979534 -0.0977143 0.01888734 -0.9950353 0.02545607 -0.8080257 -0.5885972 0.06255656 -0.975314 -0.2117767 -0.04363024 -0.177193 -0.9832085 0.05221724 -0.9905017 -0.1271997 -0.03316617 -0.03492015 -0.9988397 -0.0314694 -0.02576845 -0.9991726 -0.03298187 -0.03063851 -0.9989863 -0.03388196 -0.03502494 -0.998812 0.142153 -0.9868896 -0.07643026 -0.01623129 -0.1121842 -0.9935548 -0.008720815 -0.1665002 -0.9860029 -2.34749e-4 -0.2206668 -0.9753492 -0.008738279 -0.3066463 -0.9517835 -0.01112449 -0.3662491 -0.9304504 -0.009901344 -0.4097253 -0.9121552 -0.002359747 -0.4753323 -0.8798032 0.02162957 -0.5549212 -0.8316218 -0.02105963 -0.6555221 -0.7548824 0.02954089 -0.8102031 -0.5854044 -0.001787543 -0.8850123 -0.4655643 0.04098033 -0.9634033 -0.2649054 0.04046803 -0.9599376 -0.2772763 0.02950143 -0.9770538 -0.2109395 -0.08266848 -0.2902807 -0.9533641 -0.01544719 -0.3416809 -0.9396891 0.04975414 -0.991453 -0.1206049 0.03146779 -0.9933111 -0.1110991 0.1046165 -0.9929651 -0.05546021 -0.1341394 -0.03877323 -0.9902037 -0.1058011 -0.5133343 -0.851642 -0.1077112 0.03524947 -0.9935572 -0.03260755 -0.5084782 -0.8604573 0.03726816 -0.6103333 -0.7912676 0.1419621 -0.985534 0.0925731 0.06514543 -0.5525957 -0.8308996 0.06002801 -0.7425506 -0.6670947 0.06003308 -0.7424528 -0.667203 0.05999845 -0.7428786 -0.6667321 0.0600202 -0.7427881 -0.6668308 0.06003117 -0.742577 -0.6670651 0.06003522 -0.742656 -0.6669768 0.0599569 -0.7426387 -0.6670031 0.02017426 -0.8105607 -0.5853073 0.04347717 -0.9618033 -0.2702671 0.04346883 -0.9618121 -0.270237 0.04642164 -0.3456958 -0.9371978 -0.1261262 -0.2602635 -0.9572644 -0.07008904 -0.3123278 -0.9473853 -0.2594689 -0.3785444 -0.8884707 -0.1098017 -0.5534034 -0.8256441 0.02699124 -0.7366868 -0.6756953 0.02699297 -0.7366483 -0.6757372 -0.2954398 0.0155242 -0.9552353 -0.3680182 -0.0159105 -0.9296825 -0.3901935 0.002298414 -0.9207301 -0.3850681 -0.01222932 -0.9228072 -0.3746239 -0.03931999 -0.9263427 -0.3640629 -0.0737273 -0.9284517 -0.1142215 -0.7995502 -0.589638 -0.323836 -0.4864253 -0.8114928 -0.1823863 -0.8539509 -0.4873431 0.04349386 -0.9618108 -0.2702374 0.06697523 -0.7588412 -0.647823 -0.1702687 -0.4890133 -0.8554967 2.25873e-4 -0.5573197 -0.8302981 -0.2597752 -0.6350241 -0.7275034 0.07543778 -0.2936142 -0.9529427 0.02653551 -0.6872014 -0.7259821 0.03597712 -0.6834867 -0.7290759 0.1609689 -0.4293391 -0.8886827 0.1623919 -0.4565051 -0.8747754 -0.01582777 -0.04386216 -0.9989123 0.08369058 -0.1982781 -0.9765664 0.1824272 -0.2701529 -0.945377 0.1126098 -0.4353826 -0.8931747 0.1124867 -0.2719309 -0.9557198 0.1879356 -0.2171285 -0.9578807 0.001349627 -0.0965169 -0.9953305 -0.06384807 -0.4073247 -0.9110488 -0.06805062 -0.3078006 -0.9490142 -0.07849156 -0.4831981 -0.8719855 -0.01106476 -0.4834117 -0.8753232 -0.01141625 -0.4826028 -0.8757649 -0.01237279 -0.3004425 -0.9537197 0.09177678 -0.1905651 -0.977375 -0.07642674 -0.3085476 -0.9481336 0.08147794 -0.4820526 -0.8723455 0.08146655 -0.4818941 -0.8724341 -0.05452519 -0.6196076 -0.7830156 -0.03745597 -0.811577 -0.5830436 -0.02394032 -0.8532274 -0.5209895 -0.03106856 -0.9284165 -0.3702399 -0.03874248 -0.8689735 -0.4933398 -0.03109908 -0.9284023 -0.3702733 0.09441262 -0.9843215 0.1489887 0.04411679 -0.97908 -0.1986355 0.03976607 -0.9843054 -0.1719345 -0.007569372 -0.7976226 -0.6031094 -0.0304771 -0.9310234 -0.3636848 0.03227031 -0.9306239 -0.3645516 0.03242635 -0.9308093 -0.364064 0.07223308 -0.9767824 -0.2016892 -0.01580369 -0.8527823 -0.5220276 0.04973167 -0.9935564 0.1018449 0.06693714 -0.9943901 0.08190155 -0.3386681 -0.4656715 -0.8175904 -0.002439022 -0.980635 -0.1958295 -0.370776 -0.00576502 -0.9287045 -0.3650174 -0.00250113 -0.9309974 -0.5256343 0.005195379 -0.8506948 -0.5160691 -0.05668258 -0.8546695 -0.3516207 -0.1112215 -0.929512 -0.3255966 -0.01195907 -0.9454333 -0.313865 -0.00193113 -0.9494657 -0.3125391 -6.30119e-4 -0.9499047 -0.3172518 2.65307e-4 -0.9483413 -0.4117992 0.02723503 -0.9108676 -0.5392341 -0.005135416 -0.8421403 -0.6369894 0 -0.7708725 -0.6360272 0 -0.7716667 -0.5869148 0.00563544 -0.809629 -0.5733893 -0.005308926 -0.8192659 -0.4665565 0.005322158 -0.8844754 -0.4528125 -0.004972994 -0.8915919 -0.3745615 0.009345889 -0.927155 -0.499127 0.3848469 -0.7763794 -0.322007 -7.24857e-4 -0.9467371 -0.3400823 0.01493966 -0.940277 -0.4675149 0.2065683 -0.8595111 -0.3149913 0.0020684 -0.9490923 -0.3822792 0.05760902 -0.9222494 -0.3368821 0.005020558 -0.9415335 -0.3232506 -0.004653394 -0.9463021 -0.3348397 0.6435086 -0.6883162 -0.3338589 0.7633341 -0.5530456 -0.1345621 -0.01870304 -0.9907287 -0.2149506 0.07777452 -0.9735232 -0.3737785 0.01691132 -0.9273639 -0.4311044 0.3342976 -0.8380896 -0.3327169 0.2942464 -0.8959457 -0.2004656 0.004707098 -0.9796894 -0.1872871 -0.004346668 -0.9822956 -0.3184064 0.3072233 -0.8967894 -0.3137106 0.3038898 -0.8995758 -0.310148 0.6931318 -0.6506741 -0.2176946 0.7851145 -0.5798314 -0.2603534 0.7985712 -0.5426787 -0.2157515 0.8861956 -0.4100107 0 1 0 -0.1623687 0.05038714 -0.9854428 -0.2966188 0.6951124 -0.6548558 -0.3061189 0.442117 -0.8431038 -0.2422406 0.446386 -0.8614285 -0.2970282 0.5624513 -0.7716365 -0.2529355 0.7020657 -0.6656783 -0.3048514 0.6951488 -0.6510252 -0.2195869 0.8856888 -0.4090687 -0.259903 0.8198406 -0.5102079 -0.1935961 0.8857199 -0.4219252 -0.1866282 0.8903346 -0.4153001 -0.2233223 0.8854202 -0.4076251 -0.06541335 0.003995418 -0.9978502 -0.05896925 0 -0.9982599 -1.73343e-5 -0.9996571 -0.02618604 -0.216044 0.2131388 -0.9528363 -0.1554384 0.1565216 -0.9753665 -0.2063143 0.1563059 -0.9659208 -0.1915031 0.2453376 -0.9503347 0 0.2252418 -0.974303 -0.1105895 0.2468538 -0.9627218 -0.1736806 0.5882365 -0.7898184 -0.0993008 0.2765173 -0.9558649 0.04276239 0.2779117 -0.9596545 0.04965502 0.273891 -0.9604781 0.01234042 0.2981757 -0.9544312 -0.007611155 0.3140532 -0.949375 -0.0176469 0.3222748 -0.9464817 -0.01843804 0.3228402 -0.9462739 -0.1648184 0.8341299 -0.526367 0.001624703 0.2007834 -0.9796344 -0.1901552 0.1960976 -0.9619703 -0.1887071 0.2229368 -0.9563937 -0.2590582 0.2363736 -0.9364915 -0.1544492 0.2002747 -0.9674893 -0.3272813 0.1906436 -0.9254955 -0.5158655 0.1958829 -0.8339741 -0.2964655 0.08455646 -0.9512931 -0.7772638 0.1426321 -0.6127946 -0.7331721 -0.1720522 -0.6579185 -0.8304318 0.1145743 -0.5452117 -0.9459611 0.06640577 -0.3174081 -0.930446 -0.09517538 -0.353853 -0.9332291 0.07618194 -0.3511123 -0.5044542 2.5375e-4 -0.8634386 -0.9364067 -0.2340511 -0.2614627 -0.7496042 -0.3561366 -0.5579072 -0.490199 -0.5417236 -0.682818 -0.441646 -0.5948324 -0.6716572 -0.1859577 -0.01040691 -0.9825026 -0.2275058 -0.0147804 -0.9736645 0.007052958 -0.1065444 -0.994283 0.01075273 0.1421224 -0.9897907 -0.4843183 0.1542901 -0.8611796 -0.1536737 0.197428 -0.9681977 -0.4075669 0.203465 -0.8902199 -0.5943261 0.3482676 -0.7249043 -0.02005851 -0.6876735 -0.7257429 -0.14616 -0.5459818 -0.8249492 -0.4820595 0.1895957 -0.8553783 -0.7513039 0.1861637 -0.6331553 -0.05826896 0.1295635 -0.9898576 -0.1058666 -0.2226849 -0.9691252 -0.01701539 -0.2230671 -0.9746546 -0.01701253 0.1401799 -0.9899799 -0.6181125 0.3541922 -0.7017727 -0.01214444 -0.5499702 -0.835096 -0.1927967 -0.7942386 -0.5762072 -0.006410598 -0.8070442 -0.5904563 0.008593022 0.1506264 -0.9885535 -0.2037138 0.3849096 -0.9001919 -0.224779 0.3491445 -0.9097102 -0.7537149 0.1146719 -0.6471199 -0.8055868 0.2442811 -0.5397749 -0.2555425 0.3194281 -0.9125041 -0.8834529 0.3700283 -0.2873849 -0.1635678 0.3910483 -0.905719 -0.7032099 0.551937 -0.4481757 -0.6386607 0.6368149 -0.4319483 -0.542297 0.7206363 -0.4319692 -0.6277291 0.7716917 -0.1022167 -0.9196823 0.3607053 -0.1551654 -0.4959967 0.772311 -0.3968918 -0.09093427 0.9141498 -0.3950458 -0.3234267 0.9211038 -0.2167092 -0.07943856 0.9757456 -0.2039858 -0.2169238 0.8132216 -0.5400136 -0.0540198 0.8454107 -0.5313781 -0.07640606 0.9763753 -0.2021223 0.006417334 0.9799464 -0.1991582 0.01517111 0.52069 -0.8536111 -0.0495063 0.8461081 -0.5307074 0.02236288 0.8487747 -0.5282818 0.01944202 0.851458 -0.5240622 -0.1255961 0.5874643 -0.7994444 -0.02029073 0.6075962 -0.7939869 -0.01466774 0.6105455 -0.7918455 -0.02565473 0.2852326 -0.958115 0.01656049 0.2934889 -0.9558191 0.02117067 0.2960116 -0.9549497 0.03678023 0.2961506 -0.9544329 0.03260606 0.6155271 -0.7874409 -0.1342206 0.5570154 -0.8195845 -0.2400737 0.8115783 -0.5326399 0.03049576 0.6111023 -0.790964 0.0303573 0.6180923 -0.7855192 0.008582115 0.9820059 -0.1886556 0.04547274 0.9814538 -0.1862281 0.02263891 0.8547056 -0.5186191 0.04800349 0.8537767 -0.5184218 0.03959053 0.9811573 -0.1891108 0.2548326 0.9503966 -0.1783442 0.2502886 0.967913 -0.02236461 0.04273056 0.8546113 -0.5175072 0.09987944 0.8489756 -0.5189072 0.1461322 0.8439139 -0.5161926 0.04509097 0.6185535 -0.7844479 0.05570662 0.6197363 -0.7828306 0.0700764 0.6106195 -0.7888177 0.03902924 0.3064647 -0.9510816 0.04647231 0.3062513 -0.9508157 0.04784613 0.3069704 -0.9505156 0.08604496 0.3041245 -0.9487385 0.01593929 0.5702075 -0.8213462 0.5838023 0.8094941 -0.0624035 0 0.9014012 -0.4329849 0.3511232 0.8693781 -0.3476985 0.5089361 0.7731879 -0.3783713 0.1182114 0.6147995 -0.7797741 0.1657878 0.4444828 -0.8803122 0.5241127 0.7586234 -0.3870357 0.7730985 0.5430521 -0.3277398 0.2313145 0.4243271 -0.8754656 0.2521619 0.4211806 -0.8712183 0.308939 0.3191899 -0.8959211 0.2996594 0.2872577 -0.9097732 0.8617411 0.4493774 -0.235504 0.5278912 0.08423304 -0.8451246 0.5291244 0.1752194 -0.8302564 0.7880762 0.1283229 -0.6020541 0.8393931 0.1258718 -0.528749 0.7699407 0.1646414 -0.61651 0.7663237 0.08137625 -0.6372802 0.8524738 0.1648067 -0.4961122 0.9252057 -0.08423936 -0.3699975 0.5034147 0.2216964 -0.8351194 0.5032002 0.1797143 -0.8452765 0.413388 0.2957119 -0.8611998 0.3013778 0.1381283 -0.9434469 0.7921127 -0.2206599 -0.5690928 0.7105315 -0.3007052 -0.6361772 0.3004702 0.09554839 -0.9489933 0.2295318 0.06268215 -0.9712806 0.6231502 -0.4472991 -0.6415664 0.4743053 -0.5227616 -0.7083466 0.1777826 0.2547387 -0.9505271 0.176441 0.232215 -0.9565274 0.00583744 0.2910882 -0.9566785 0.1970676 0.003025949 -0.9803853 0.1359714 0.003717958 -0.9907059 0.3787313 -0.6113625 -0.694837 -0.02728438 -0.6573721 -0.7530721 0.1833608 -0.7860068 -0.5904 -0.04791504 -0.117 -0.9919754 0.06184411 -0.215166 -0.9746174 0.008291125 0.2973385 -0.9547362 0.08751481 0.5513042 -0.8297017 0.1006074 -0.5382865 -0.8367353 0.02290707 0.1403059 -0.9898433 -0.1123256 0.4514269 -0.88521 -0.02257996 0.5028219 -0.8640952 -0.05587559 0.514854 -0.8554552 -0.01978647 0.129849 -0.9913364 -0.00502026 -0.8013438 -0.5981831 -0.01075595 -0.5416144 -0.8405583 -0.01526528 -0.2159693 -0.9762809 0.9415882 0.07839405 -0.3275151 0.9515287 0.06959778 -0.2995819 0.9363263 0.2292282 -0.2659843 0.7751807 -0.06397843 -0.6284917 0.3583856 0.2192326 -0.9074673 0.2053669 0.2293404 -0.9514344 0.2077603 0.2059053 -0.9562628 0.0263617 0.1551747 -0.9875353 -8.07492e-4 0.1707593 -0.9853125 -0.1472958 0.2323147 -0.9614229 0.07338511 0.1926138 -0.9785268 0.03795564 0.1455265 -0.9886261 0.04152065 0.1402202 -0.9892494 0.0407778 0.1434577 -0.988816 0.04007714 0.1446499 -0.988671 0.03448688 0.1589942 -0.9866771 0.004616916 0.2873941 -0.9578014 0.1451836 0.263858 -0.9535726 0.1267471 0.2874769 -0.9493641 0.1297134 0.5606462 -0.8178327 -0.2781661 0.5734012 -0.7706068 0.1128462 0.5477095 -0.8290237 0.1455645 0.7757183 -0.614062 0.1408437 0.7733942 -0.6180815 -0.07798391 0.7845527 -0.6151388 0.1975855 0.9154255 -0.350651 -0.02048057 0.9320642 -0.3617138 0.3011266 0.7457438 -0.5942971 -0.01131606 0.8477622 -0.5302559 -0.1829816 0.5748078 -0.7975674 -0.1004552 0.9492315 -0.298108 -0.1623114 0.8361222 -0.5239797 0.09502613 0.9758011 -0.1969327 0.2690736 0.7966009 -0.5413191 0.3169237 0.8869653 -0.3359348 0.2005097 0.9130497 -0.3551564 0.2335277 0.9451265 -0.2284752 0.09909087 0.9919243 -0.07916653 0.08272868 0.9920999 -0.094307 0.1247733 0.07027798 -0.9896932 0.1246947 0.06971877 -0.9897427 0.1234807 0.06636041 -0.9901257 0.1810888 0.2057394 -0.9617059 0.2347555 0.06293433 -0.9700151 -0.1016562 0.9532155 -0.2846862 -0.1144492 0.9610967 -0.2513853 -0.1732481 0.965076 -0.196503 -0.03036767 0.9937299 -0.1076045 0.2870702 0.957893 -0.005640983 0.3108325 0.9504647 0 0.3108906 0.9504458 3.1806e-6 0.2002901 0.9797367 -4.2137e-6 0.1999673 0.9798027 6.40467e-6 0.07347732 0.9972969 -7.13036e-6 0.0732901 0.9973107 0 0.09976404 0.9928319 -0.06581807 0.2192977 0.9666276 -0.1324376 0.315967 0.8878469 -0.3345039 0.2840951 0.5278816 -0.8003944 0.2420895 0.472248 -0.8475699 0.3370714 0.4449939 -0.8296766 0.3434701 0.6295549 -0.696914 0.241255 0.6553543 -0.7157561 0.3632604 0.6206499 -0.6948637 0.3487377 0.7715351 -0.5320861 0.3245013 0.9204092 -0.21805 0.3034127 0.9429877 -0.1368032 0.3250277 0.9417917 -0.08593899 0.2003906 0.9753947 -0.09191769 0.4812439 0.5859028 -0.6520141 -0.192844 0.8824485 -0.429064 0.269011 0.2531585 -0.9292707 0.3829286 0.7665393 -0.5155417 0.3502177 0.8764632 -0.3303935 0.4780579 0.7239611 -0.4973341 0.4902573 0.7145415 -0.4990773 0.4894047 0.8158625 -0.3079795 0.2101967 0.9766878 -0.04356992 0.2138888 0.9629775 -0.1640914 0.5322085 0.8466134 0 0.4425061 0.8967655 0 0.256428 0.2715055 -0.9276472 0.2483409 0.14368 -0.9579577 0.4860556 0.5863298 -0.6480489 0.4875967 0.3799145 -0.7860754 0.6357337 0.3718284 -0.6764514 0.2422618 0.4939662 -0.8350489 -0.1457031 0.6109554 -0.7781414 -0.1674904 0.4736593 -0.8646351 0.1744713 0.4730143 -0.8636072 0.2126398 0.6034759 -0.7685058 0.06957399 0.6328101 -0.771175 0.2884298 0.7067324 -0.6460167 -0.1070791 0.7338572 -0.6708112 0.1016294 0.4689581 -0.8773539 0.5538336 0.3924839 -0.7343192 0.5535835 0.5283653 -0.6437201 0.5536295 0.3925687 -0.7344279 0.8302143 0.2627367 -0.4916438 0.8302338 0.3536336 -0.4308775 0.5537689 0.5282386 -0.6436645 0.5537246 0.6437383 -0.5281951 0.55369 0.6436678 -0.5283173 0.3795292 0.4388604 -0.8144687 0.3805431 0.2471046 -0.8911377 0.3744372 0.2448537 -0.8943397 0.6362485 0.191465 -0.747348 0.8302272 0.2628135 -0.491581 0.9806007 0.09238845 -0.1728777 0.9806031 0.09240794 -0.172854 0.9806016 0.1243636 -0.1515069 0.8302315 0.353599 -0.4309099 0.830268 0.4308198 -0.3536234 0.1483878 0.8091683 -0.5685312 0.2030997 0.6647148 -0.7189609 1 -1.2475e-4 0 0.7095076 0.2056057 -0.6740366 0.9805978 0.1243621 -0.1515327 1 1.29601e-4 0 1 -1.82789e-5 0 0.9806084 0.1514942 -0.1243256 0.2196369 0.3261115 -0.9194623 0.008544087 0.772993 -0.634357 0.3228554 0.7937456 -0.5154925 0.2665416 0.3182684 -0.9097587 0.02537435 0.2902039 -0.9566285 0.5536625 0.2417182 -0.7968879 0.5537695 0.2417412 -0.7968065 0.8302232 0.1617848 -0.5334371 0.830159 0.1618822 -0.5335076 0.8301863 0.05462425 -0.5548036 0.8302399 0.05464386 -0.5547214 0.9806087 0.01919746 -0.1950337 0.9806044 0.01921564 -0.1950533 0.1781339 0.2265914 -0.9575619 0.5536606 0.08161121 -0.8287339 0.3329675 0.09861785 -0.9377672 1 4.12729e-5 0 0.5536032 0.08161199 -0.828772 0.5536605 -0.08161121 -0.8287338 0.5536026 -0.08162713 -0.8287709 0.9806104 0.05685257 -0.1875396 0.8302183 -0.05461961 -0.5547562 0.83024 -0.05464386 -0.5547213 0.9806088 -0.01919555 -0.1950337 0.2679278 0.09443193 -0.9588 0.9806044 -0.01921743 -0.1950533 0.9805933 0.05694711 -0.1876004 0.3765653 0.13701 -0.9162024 0.3805578 0.1473159 -0.9129479 0.3799522 0.05977922 -0.9230725 0.3922721 0.06427168 -0.9176012 0.7265319 0.03975933 -0.6859815 0.7703121 0.05707067 -0.6351081 0.7164303 0.09019082 -0.6918044 0.7269755 0.1319072 -0.6738747 0.7125114 0.144742 -0.6865693 0.7604684 -0.06245416 -0.6463648 0.3599756 -0.1065273 -0.9268601 0.1903989 0.06350862 -0.9796504 0.1822893 0.15719 -0.9705988 0.1890946 0.0636146 -0.9798962 0.1891266 0.06355559 -0.9798938 0.1954736 0.01646238 -0.9805708 0.2222186 -0.07834059 -0.9718444 0.3884029 -0.08003652 -0.9180073 0.7553564 -0.06031626 -0.6525325 0.7044254 -0.0491566 -0.7080738 0.2222096 -0.07827061 -0.9718522 0.2222246 -0.07807236 -0.9718647 0.2077756 -0.09587645 -0.9734665 0.2222188 -0.07846868 -0.9718341 0.2211576 -0.0594511 -0.9734243 0.3711624 -0.07401627 -0.9256134 0.3652927 -0.3171653 -0.8751958 0.6260772 -0.2539961 -0.7372336 0.6973354 -0.2548499 -0.6699067 0.704752 -0.1406779 -0.6953663 0.05745548 -0.2898179 -0.9553557 0.7053597 -0.1405953 -0.6947667 0.7055141 -0.1396046 -0.6948096 0.7051666 -0.1409523 -0.6948902 0.7046111 -0.04918652 -0.7078869 0.9806104 -0.05685257 -0.1875396 0.9805949 -0.0569179 -0.1876007 1 -7.95229e-5 0 1 -4.04858e-5 0 1 -4.12729e-5 0 1 7.95229e-5 0 1 -3.2975e-5 0 1 4.04858e-5 0 1 4.32376e-5 0 1 2.6528e-5 0 1 6.11471e-5 0 1 -2.74733e-5 0 1 8.12656e-5 0 1 -4.11692e-5 0 0.9805896 0.1515794 -0.1243689 0.8302192 0.4308861 -0.3536571 1 2.95683e-6 0 -0.04732203 0.8377225 -0.5440421 0.8301854 0.491669 -0.2627811 0.830223 0.4915965 -0.2627981 1 1.84785e-5 0 0.9806036 0.1728643 -0.0923832 1 -4.94306e-6 0 0.5537407 0.7343824 -0.3924969 0.5538229 0.7342751 -0.3925817 1 -1.05601e-5 0 0.06221723 0.9170168 -0.3939661 -0.009674549 0.8818931 -0.4713504 0.3194665 0.8685294 -0.378943 0.5537697 -0.2417412 -0.7968065 0.5536521 -0.2417272 -0.7968924 0.8302374 -0.1618208 -0.5334042 0.8301753 -0.1618335 -0.5334969 0.9806007 -0.09238845 -0.1728777 0.2332326 -0.307637 -0.922476 0.5536857 0.7968786 -0.2416955 0.5537846 0.7967982 -0.241734 0.8301438 0.5335527 -0.1618119 0.9805911 0.1729243 -0.09240251 1 1.35597e-5 0 1 2.71385e-5 0 0.9806082 0.1875365 -0.05690139 0.9805907 0.1876298 -0.05689567 0.01608294 0.9568107 -0.2902668 0.2781814 0.9314163 -0.2346885 0.07760143 0.9667467 -0.2436782 -0.1103061 0.9670475 -0.2294595 0.121845 0.909722 -0.3969381 0.8302618 0.5333693 -0.1618101 0.980605 0.1950508 -0.01921302 0.9806021 0.1950653 -0.01921111 1 -1.0694e-4 0 0.830236 0.554728 -0.05463474 0.5536856 0.8287163 -0.08161878 0.8302343 0.5547304 -0.05463916 0.5537461 0.8286752 -0.08162534 0.5175911 0.7945156 -0.3175602 0.3858237 0.8667544 -0.3160333 0.08501064 0.9915825 -0.09765976 0.1944659 0.9775906 -0.080621 -0.06741857 0.9943487 -0.08200907 0 0.9970701 -0.0764932 1 -9.43352e-5 0 1 9.43396e-5 0 0.8301717 0.5548247 0.054632 0.830295 0.5546389 0.05464261 0.5536856 0.8287163 0.08161878 0.5537443 0.8286762 0.08162736 0.08500415 0.9915834 0.09765672 0.980601 0.1950711 0.0192117 0.1944659 0.9775906 0.080621 -0.06808447 0.9943031 0.08201229 0 0.9970744 0.07643693 1 1.50116e-4 0 0.3250218 0.9417937 0.08593952 0.360884 0.9236741 -0.1287981 0.07819622 0.966716 0.2436098 -0.1102151 0.9670631 0.2294378 0.2781856 0.9314066 0.2347224 0.5536856 0.7968786 0.241696 0.5537353 0.7968248 0.2417592 1 -1.42587e-4 0 1 6.75174e-5 0 0.3034175 0.9429861 0.136803 0.3609263 0.923659 0.1287874 0.3859098 0.8667205 0.316021 0.3159564 0.8878503 0.3345048 0.9806089 0.1950311 0.01921248 0.9806109 0.1875223 0.05690157 0.9805929 0.1876187 0.05689227 0.1219963 0.9097326 0.3968672 0.0602014 0.9171929 0.3938691 0.5175987 0.7946072 0.3173183 0.4899842 0.8155539 0.3078757 0.5215963 0.834257 0.1787528 0.5851129 0.8034126 0.1103225 0.5387586 0.8397122 0.06799119 0.01619088 0.9568196 0.2902315 1 -5.55309e-5 0 0.55379 0.734326 0.3925328 0.5537729 0.7343323 0.3925453 1 1.34756e-5 0 0.8302331 0.5334069 0.1618342 0.8302712 0.4915292 0.2627717 0.3169227 0.8869679 0.3359286 0.2005113 0.9130525 0.3551484 0.9805999 0.1728745 0.09240335 0.8301965 0.5334727 0.1618047 0.3245013 0.9204092 0.21805 0.2003823 0.9753963 0.09191787 0.2193002 0.9666272 0.132436 1 -8.3724e-5 0 1 1.01443e-4 0 1 -5.20643e-5 0 1 5.07177e-5 0 1 -2.56746e-5 0 1 1.67943e-5 0 1 -3.38238e-5 0 1 5.96374e-5 0 1 -6.37836e-5 0 1 -1.12511e-4 0 -0.04614603 0.8377633 0.5440802 0.3195343 0.8684971 0.37896 -0.009612262 0.8818796 0.4713767 0.3501911 0.8764721 0.330398 0.1489838 0.8092621 0.5682418 0.4897565 0.7149339 0.4990073 0.9805943 0.172905 0.09240496 1 -4.99176e-5 0 0.9806084 0.1514942 0.1243256 0.8301716 0.4916823 0.2627997 0.98061 0.1514706 0.124341 0.8301078 0.4311004 0.3536576 0.8302995 0.4307571 0.3536259 0.5536401 0.6437818 0.5282307 0.5537862 0.6436246 0.5282692 0.3827699 0.766594 0.5155783 0.3229375 0.793701 0.5155098 0.008292853 0.7729948 0.6343584 0.2885326 0.7067013 0.6460048 1 -8.8433e-5 0 -0.1069588 0.7338668 0.6708201 0.4780756 0.7239534 0.4973283 1 -4.90828e-5 0 0.9806008 0.1243437 0.1515285 0.8302906 0.3536157 0.4307825 1 2.70915e-5 0 0.5535835 0.5283653 0.6437201 0.06969594 0.6328421 0.7711377 0.5537611 0.5282143 0.6436913 -0.1457264 0.61099 0.77811 0.3487675 0.7715351 0.5320665 0.2037046 0.6645338 0.7189571 0.9806087 0.1243058 0.151508 0.8301935 0.3536348 0.4309538 0.5537642 0.392544 0.7343395 0.2128423 0.6034455 0.7684736 1 -2.26101e-5 0 1 7.1398e-5 0 1 3.48821e-5 0 0.2198727 0.3260575 0.9194252 0.2664099 0.318248 0.9098044 0.3796102 0.4388111 0.8144575 0.1128232 0.5477111 0.8290256 0.1455608 0.7757187 0.6140624 0.2690725 0.796605 0.5413138 0.3011362 0.7457228 0.5943186 0.1975812 0.9154255 0.3506535 0.1408832 0.7733827 0.6180868 0.08057832 0.5522115 0.8298011 -0.1010163 0.4745799 0.8743968 -0.02430754 0.5124282 0.8583861 -0.09167635 0.8440142 0.5284274 -0.005801498 0.7850451 0.6194114 -0.02815097 0.9796918 0.198524 0.08700692 0.9294856 0.3584501 -0.006871163 0.289054 0.9572882 -0.003543019 0.291503 0.9565634 0.01376891 0.3075062 0.9514465 0.01472944 0.3086696 0.9510553 0.3439431 0.05081832 0.9376144 0.2656834 0.001371026 0.9640594 0.2465276 -0.04165858 0.9682401 0.03318405 -0.0601682 0.9976365 0.07529139 0.09501487 0.9926245 0.02020388 0.325798 0.9452235 0.3053895 0.1262909 0.9438157 0.2375389 0.0939911 0.96682 0.2036869 0.03599065 0.9783744 0.034379 0.2914403 0.9559711 -0.01670932 0.3282509 0.9444428 0.1433308 0.03716123 0.988977 -0.04288178 -0.08266872 0.9956541 0.03047126 0.1746721 0.9841551 0.03109556 0.09491837 0.9949994 0.09909242 0.9919241 0.0791673 0.3428454 0.0751568 0.9363805 0.2243115 0.2247428 0.9482485 0.2258518 0.2082297 0.9516467 0.03008806 0.2883155 0.9570627 -0.02080631 0.2895552 0.9569352 0.2335264 0.9451269 0.2284748 0.4373815 0.2485014 0.8642596 0.5431433 0.1210398 0.8308699 0.7934819 0.02170151 0.6082069 0.890374 0.1009337 0.4438995 0.7912279 -0.2924444 0.5370612 0.7392856 -0.3373439 0.5828 0.6100695 -0.5137428 0.6032277 0.505971 -0.5558906 0.6595295 0.1419405 -0.7772561 0.6129648 0.2954527 -0.4274287 0.8544077 0.2805648 -0.3828212 0.8801883 0.09457099 -0.2564516 0.9619194 0.03161585 -0.2567923 0.9659494 0.1174625 -0.5757591 0.809138 0.2300007 0.2227432 0.9473569 0.5404539 0.1935467 0.8188097 0.3071337 0.1706467 0.9362418 0.940931 -0.1079197 0.3209395 0.4193897 0.3236815 0.8481408 0.1814221 0.2862398 0.9408257 0.1860329 0.2831899 0.9408482 0.5076746 0.249837 0.8245289 0.5217889 0.2452262 0.8170682 0.7732154 0.1834563 0.607027 0.7692697 0.1017882 0.6307641 0.5081457 0.2081782 0.8357332 0.7815932 0.178168 0.5978029 0.9431749 0.09549278 0.3182805 0.9271346 -0.07274436 0.3676 0.8553068 0.1804105 0.4856979 0.795926 -0.200474 0.5712372 0.1955591 0.2845754 0.9384954 0.9482865 0.08959317 0.3045093 0.7139747 -0.2782506 0.6425082 0.6254341 -0.4265183 0.6533869 0.4783439 -0.4988646 0.722718 0.384254 -0.5851712 0.7140893 -0.02621287 -0.6305661 0.7756929 0.1043164 -0.5090936 0.8543664 0.1864959 -0.7649301 0.6165236 -0.004063606 -0.7798107 0.6260023 -0.006096899 -0.517427 0.8557057 0.06781888 -0.1791303 0.9814851 -0.007871568 -0.5124307 0.8586927 -0.009356617 -0.1876927 0.9821832 -0.01140373 -0.1800676 0.9835882 -0.01203781 0.1746805 0.9845516 -0.01357913 0.1678846 0.9857133 -0.002437651 -0.7832995 0.6216399 -0.1907067 -0.7706858 0.6080087 0.01170009 -0.6358296 0.7717409 -0.1197351 -0.5144174 0.8491398 0.5208 0.1434406 0.8415416 0.7757969 0.04625046 0.6292854 0.811953 -0.1173452 0.5718064 0.9111461 -0.2057918 0.3570189 0.1971215 0.2075623 0.9581551 0.198825 0.1981081 0.9598029 0.904963 -0.2081415 0.3711055 0.03490573 0.2575805 0.9656262 0.03698408 0.2588889 0.9651988 -0.08601242 -0.1877814 0.9784376 0.016882 -0.09209966 0.9956067 0.05932623 0.08466351 0.994642 0.1383168 0.118678 0.9832518 0.4724284 0.08782869 0.8769821 0.4736254 -0.006782174 0.8807004 -0.3914669 -0.596521 0.7006543 -0.05288159 0.1675105 0.984451 0.1467661 0.1192474 0.9819571 0.3552629 -0.159719 0.9210202 0.06956601 0.08404332 0.9940308 0.1513419 -0.263268 0.9527778 0.2642892 -0.06607228 0.9621776 0.4992139 -0.3213083 0.8047028 0.350601 -0.1633868 0.9221625 0.03275591 0.08337444 0.9959799 -0.4872419 -0.5086122 0.7098655 -0.6334457 -0.4382995 0.6376833 0.7089781 -0.1800624 0.681856 0.5230104 -0.4143075 0.7448552 0.5219432 -0.4155026 0.7449382 0.6285142 -0.6110733 0.4812062 0.6237498 -0.6208938 0.4747917 0.2103406 -0.5699553 0.794297 0.2079482 -0.5745255 0.79163 0.2409267 -0.811077 0.5330182 0.2412121 -0.8103844 0.533942 0.1493545 -0.2630872 0.9531413 0.02898746 -0.5872355 0.808897 0.02078443 -0.8264203 0.5626699 0.02184593 -0.8331865 0.5525606 0.03306704 -0.2673079 0.9630436 0.02781134 -0.5782218 0.8154054 0.2088726 -0.8117551 0.5453677 0.9567587 0.06678104 0.2831136 0.9584936 0.06384122 0.277875 0.5460394 0.1953628 0.8146622 0.9413393 0.2441028 0.2330113 0.5482945 0.1842406 0.815738 0.799578 0.1411225 0.5837461 0.8030132 0.1324558 0.5810552 0.805536 0.1346877 0.5770364 0.7933295 -0.0169999 0.608555 0.7437712 -0.1075927 0.6597183 0.5472918 0.1241607 0.827681 -0.1585099 0.02358508 0.9870757 -0.7196886 -0.2929548 0.6294648 -0.9222623 -0.03769338 0.3847225 -0.929141 -0.0812909 0.3606783 -0.9450469 0.08836704 0.3147664 -0.9395214 0.09087413 0.3302143 -0.9293835 -0.06565469 0.3632296 -0.9284822 -0.06671345 0.3653357 -0.760019 0.03063905 0.6491784 -0.7650407 0.1697251 0.6212136 -0.7595968 -0.4692277 0.4503757 -0.7672864 -0.4683212 0.4381176 -0.6289399 -0.3049101 0.7151675 -0.7584623 0.0293616 0.6510553 -0.4953637 0.123359 0.8598822 -0.6196227 -0.3058479 0.7228588 -0.4113283 -0.1069316 0.9051933 -0.7583349 -0.4825767 0.4382328 -0.2338331 -0.5768549 0.7826625 -0.2561923 -0.589142 0.7663403 -0.1601355 -0.2822728 0.9458746 -0.4972124 0.122952 0.858873 -0.1697112 0.2013064 0.9647144 -0.171476 0.2601205 0.9502281 -0.5145635 0.2249398 0.8274216 -0.4103416 -0.1068471 0.905651 -0.141316 0.1173986 0.9829789 -0.1797323 -0.2899107 0.9400256 -0.05519723 0.05602049 0.9969028 0.005797684 -0.6117249 0.7910493 0.003396153 -0.6270148 0.7790001 -0.2941069 -0.7953245 0.5300567 -0.2821174 -0.8134756 0.5085933 0.006744444 -0.8492308 0.5279788 0.004392802 -0.296994 0.9548692 0.001561403 -0.3139867 0.9494262 -0.1083858 -0.623855 0.773988 -0.06937313 -0.3135484 0.9470348 0.02177804 -0.7335583 0.6792776 0.03093665 -0.2230865 0.9743077 -0.3819124 -0.6844664 0.6210061 -0.03939384 0.0350241 0.9986098 -4.25711e-4 0.03526151 0.9993782 0.004198372 -0.859475 0.5111607 -0.4767361 -0.6001767 0.6422699 -0.6229916 -0.5195751 0.5847421 -0.1831146 -0.8452982 0.5019365 -0.1472799 -0.1093373 0.9830331 -0.2059271 -0.1098091 0.9723868 0.0493015 0.2714151 0.9611989 0.01314359 0.2883704 0.9574287 0.01979422 0.2847499 0.9583975 0.05819892 0.3130398 0.9479552 1.76525e-4 0.2618312 0.9651136 -0.7081072 -0.3753111 0.5981019 -0.9156391 -0.08778578 0.3922992 -0.7437531 -0.1261058 0.6564516 -0.4894169 -0.008271813 0.8720108 -0.3005538 0.1579171 0.9406007 -0.2987694 -0.02451723 0.9540104 -0.2371876 -0.0560109 0.9698479 -0.9229919 -0.1249589 0.3639661 -0.938755 0.05079084 0.3408217 -0.7639508 0.0961464 0.6380713 -0.7618681 0.0976997 0.6403217 -0.1653225 0.1285842 0.9778214 -0.4960737 0.1319586 0.8581946 -0.4804702 0.1260142 0.8679107 -0.155605 0.1435685 0.9773306 -0.1667054 0.1404406 0.9759538 -0.7563712 0.09007477 0.6479114 0.002650201 0.05588263 0.9984338 -0.9350071 0.05523431 0.3503014 -0.9314183 0.1329753 0.3387885 -0.931401 0.1275463 0.3409168 0.05158585 0.2643775 0.9630387 0.01934975 0.232197 0.9724763 0 0.2261669 0.9740886 -0.1374191 0.1219595 0.9829761 -0.05153948 0.05717658 0.9970329 -0.7545889 0.1559298 0.6374022 -0.7539771 0.1511402 0.6392772 -0.4802906 0.1593272 0.8625171 -0.4848038 0.1562977 0.8605443 -0.8769735 0.3698741 0.3067745 -0.7080278 0.3474001 0.6148251 -0.4851831 0.1218097 0.8658868 -0.1537649 0.1439201 0.9775702 -0.7130579 0.3439609 0.6109333 -0.4505209 0.2804144 0.8475841 -0.1705461 0.2018129 0.9644613 -0.1567121 0.1392565 0.9777776 -0.8740857 0.3731831 0.3109799 -0.6141778 0.7479713 0.2516438 -0.6156188 0.7477071 0.2488927 -0.4460412 0.610315 0.6546471 -0.1821908 0.9580703 0.2211514 -0.1797596 0.9593775 0.2174423 -0.1341897 0.813086 0.5664665 -0.2653115 0.7855979 0.5589686 -0.1518725 0.5626184 0.8126472 -0.2205883 0.5374969 0.813903 -0.111491 0.8341702 0.5401202 -0.05961388 0.5974002 0.7997244 -0.3532655 0.745949 0.5645917 -0.3776767 0.5459117 0.7478908 -0.3716306 0.5114428 0.7748014 0.005939304 0.9766738 0.2146462 0.007867217 0.97808 0.208081 0.0175355 0.8411743 0.5404797 0.0195418 0.8436821 0.5364874 -0.3914204 0.3848725 0.8358609 -0.07915949 0.6111643 0.7875354 -0.4774979 0.6084688 0.6338466 -0.004725575 0.2828928 0.9591399 -0.09191131 0.2462573 0.9648367 -0.6150288 0.5115524 0.6000448 0.0270189 0.5991144 0.8002074 0.02918821 0.6032676 0.7970045 0.03396886 0.2868777 0.9573649 0.03410422 0.2849571 0.9579334 -0.003880858 0.2848504 0.9585642 -0.0937823 0.2477322 0.9642788 -0.1328927 0.1778626 0.9750408 0.008846998 0.9780813 0.2080355 -0.4608442 0.2776398 0.8429346 0.01889407 0.8453258 0.5339169 -0.1472249 0.1757106 0.9733708 0.02161872 0.8437864 0.5362437 0.02880656 0.6036296 0.7967444 0.03152567 0.6059772 0.7948571 0.03570932 0.2866049 0.9573832 0.03750896 0.2988066 0.9535763 0.02137035 0.8507722 0.5251001 0.00595808 0.9806455 0.1957013 -0.3093541 0.9300684 0.1981737 -0.3738955 0.8433894 0.3858711 -0.4583566 0.8433074 0.2806099 -0.1657804 0.8494877 0.5008867 -0.00894618 0.8498906 0.5268833 0.008916556 0.6152464 0.7882845 -0.08587926 0.5969312 0.7976828 0.02886712 0.6136681 0.7890362 -0.1970303 0.5102288 0.8371653 -0.2884029 0.2974508 0.9101357 0 0.3081851 0.9513264 0 0.2970356 0.9548664 0.1735335 0.1084584 0.9788376 0.06463336 -0.01615834 0.9977782 0.01119565 0.1385465 0.9902927 0.0384702 0.1317581 0.9905351 0.03863632 0.1188616 0.9921588 -0.2092344 0.3660113 0.9067837 -0.2539081 0.3173851 0.9136725 -0.2638703 0.2930385 0.9189674 -0.1628701 0.5249875 0.8353812 -0.6165219 0.6639466 0.4231734 -0.6208637 0.6607764 0.4217854 -0.7441173 0.4813299 0.4632612 -0.7866751 0.4196435 0.4528154 -0.7409096 0.2426109 0.626253 -0.741496 0.09516525 0.6641742 -0.4672743 0.1189245 0.8760774 -0.741402 0.08133727 0.6661137 -0.4630352 0.1083699 0.8796899 -0.1353644 0.1172177 0.9838377 -0.4690636 0.1049996 0.8769004 -0.4563307 0.217753 0.8627549 -0.8882133 0.3286741 0.3210148 -0.927398 0.04646873 0.3711786 -0.1352393 0.1879459 0.9728242 -0.7396474 0.08322888 0.6678284 -0.7396315 0.07597064 0.6687104 -0.459992 0.1007094 0.8821934 -0.4629761 0.09920912 0.8808012 -0.1308494 0.1113119 0.9851337 -0.1314747 0.110643 0.9851257 -0.9257442 0.04885452 0.3749814 -0.9257036 0.04370611 0.3757164 -0.1335011 0.1188994 0.9838905 -0.7382903 0.0776059 0.6700035 -0.7379955 0.07212227 0.6709404 -0.4588307 0.09533816 0.8833941 -0.4601447 0.09457784 0.8827921 -0.1260555 0.1061233 0.9863306 -0.9245786 0.04534178 0.3782837 -0.9242365 0.04111641 0.3796003 -0.131393 0.1051647 0.9857364 0.04136955 0.1062334 0.9934803 0.03909718 0.1115421 0.9929904 0.03484189 0.1219957 0.9919189 0.04212421 0.1107059 0.9929602 0.04086935 0.1120761 0.9928588 0.0403425 0.112425 0.992841 -0.7360171 0.07311481 0.6730031 -0.7339695 0.1491178 0.6626105 -0.4570898 0.1451618 0.8774947 -0.5699771 0.3201132 0.756739 -0.2737739 0.09113973 0.9574663 -0.9236499 0.04193061 0.3809367 -0.9073398 0.2228931 0.3564453 -0.8876531 0.1620655 0.4310534 -0.1276008 0.13456 0.9826554 0.0422191 0.1023645 0.9938507 -0.6010105 0.3307739 0.7275816 0.03269964 0.1156969 0.9927462 -0.6841883 0.5274848 0.503633 -0.634459 0.6262602 0.4530562 -0.2523266 0.2918482 0.9225811 0.004835128 0.1293783 0.9915836 -0.4536815 0.7609215 0.463866 -0.4033437 0.8091948 0.4272208 0.005481898 0.1389807 0.99028 0.005369782 0.1383678 0.9903664 0.005626857 0.137592 0.990473 0.0136547 0.9126775 0.4084523 -0.172256 0.9541424 0.2448268 0.01406431 0.9711594 0.2380161 0.03246849 0.8306183 0.5558947 0.03287702 0.8292025 0.5579805 -0.09800493 0.8221357 0.5607923 -0.04071944 0.5836459 0.8109868 0.07801371 0.4823531 0.872496 -0.1160869 0.3874709 0.9145438 -0.1512101 0.3880934 0.9091309 0.04770982 0.5873246 0.8079441 -0.2027401 0.3147968 0.9272537 0.04775559 0.585418 0.8093239 0.056827 0.2707519 0.9609705 0.05686771 0.2689371 0.9614775 0.01959687 0.2686411 0.963041 0.006545484 0.165239 0.9862319 0.01155304 0.303758 0.9526792 0.05753189 0.2622733 0.9632772 0.01344817 0.9715545 0.236434 0.2005003 0.9544872 0.2208032 0.0360223 0.9130141 0.4063346 0.1623489 0.8237137 0.5432667 0.1341488 0.5850124 0.7998529 0.02725416 0.4869025 0.873031 0.09539216 0.2706978 0.9579265 0.4502972 0.8102841 0.3750628 0.5062402 0.7604314 0.4067739 0.7669679 0.5394608 0.3474799 0.7905483 0.5190656 0.3249681 0.2228121 0.3914599 0.8928124 0.2579803 0.3916919 0.8831896 0.07702744 0.1233545 0.9893688 0.3336696 0.2800099 0.9001439 0.07958441 0.1129293 0.9904108 0.3329624 0.2712739 0.9030762 0.4901096 0.05858212 0.8696901 0.5542239 0.1490388 0.818916 0.8033855 0.1499531 0.5762689 0.8690922 0.01360452 0.4944631 0.9435005 0.2166616 0.250728 0.96056 0.03120064 0.2763171 0.8069838 0.06678241 0.5867857 0.8061206 0.06593447 0.5880665 0.9602151 0.03088408 0.2775484 0.9603124 0.03268718 0.2770047 0.9595542 0.03419071 0.2794401 0.8039476 0.07132148 0.5904081 0.8059305 0.07183408 0.5876359 0.8050575 0.06817376 0.5892664 0.5558053 0.09468859 0.8259024 0.5542042 0.09469693 0.8269765 0.5517048 0.09980916 0.828046 0.556012 0.09401828 0.8258398 0.2349129 0.110028 0.965769 0.9595482 0.03771227 0.2790074 0.9568678 0.0409668 0.2876207 0.5536468 0.1017216 0.8265156 0.8046264 0.08265703 0.5880002 0.7994195 0.08518403 0.5947036 0.235307 0.141238 0.9616041 0.2370972 0.1174509 0.9643599 0.2354261 0.1103778 0.9656042 0.2310161 0.1187896 0.9656711 0.04258412 0.121139 0.9917217 0.5507026 0.1170971 0.8264472 0.5453979 0.1196684 0.8295906 0.07885479 0.1147846 0.9902558 0.2318975 0.1373268 0.9629979 0.2231286 0.1396365 0.9647359 0 0.140442 0.9900889 0.07229584 0.1516281 0.9857902 0.5431744 0.1942864 0.816832 0.7950361 0.1920087 0.5753698 0.2241361 0.1735879 0.9589735 0.2215371 0.6485412 0.7282278 0.3641586 0.2851088 0.8866237 0.4938399 0.04257428 0.86851 0.2228192 0.2367454 0.945676 0 0.1990392 0.9799916 0.1941593 0.2720578 0.9424897 0.1160783 0.1450979 0.9825847 0.9430838 0.2123022 0.2559704 0.8201164 0.4042325 0.4049755 0.8160549 0.4125086 0.4048346 0.4119012 0.4841645 0.7719599 0.2870171 0.5741775 0.7667735 0.1350372 0.308513 0.9415862 0.08204156 0.3261152 0.9417634 0 0.3442095 0.9388929 0.2834489 0.576672 0.7662286 0.7747179 0.5178511 0.3628261 0.1427186 0.6320394 0.7616808 0 0.6098643 0.792506 0.1446973 0.631011 0.7621601 0.04305934 0.6352221 0.7711282 0.0512681 0.339457 0.9392234 0.05307316 0.3280539 0.943167 0.5966164 0.6226287 0.5063423 0.4022629 0.767851 0.4985875 0.40003 0.7694417 0.4979313 0.1028154 0.6168926 0.780303 0.1847922 0.8515574 0.4906138 0.05074965 0.8627449 0.5030862 0.1841635 0.8516557 0.4906796 0.02828848 0.8630585 0.5043114 0.7623528 0.6211637 0.1815872 0.4676926 0.8676168 0.1688337 0.299139 0.9529178 0.049636 0.2992968 0.9528632 0.04973107 0.03905367 0.8591821 0.5101775 0.2015289 0.9725343 0.1164613 0 0.9844304 0.1757745 0.2962592 0.9436404 0.1475581 0.2817552 0.9476032 0.1505398 0.2987484 0.9428391 0.1476612 0.2853066 0.9474332 0.1448121 0.3086988 0.9393984 0.1491174 0.2709742 0.9484099 0.1645957 0.2895272 0.9475436 0.1354074 0.05186903 0.1337051 0.9896629 0.09240686 0.3391296 0.9361903 0.04190427 0.6416592 0.7658443 0.2497025 0.4560104 0.8542266 -0.008755803 0.640633 0.7677974 0.02741718 0.8657242 0.4997702 -0.1210713 0.8554266 0.5035743 0.009857416 0.9844958 0.1751313 0.009636282 0.9847438 0.1737441 0.1969135 0.9673689 0.1594449 0.3411734 0.3671205 0.8653458 0.1647847 0.4458618 0.879803 0.2308236 0.2385647 0.943296 0.05447894 0.142942 0.9882306 0.06989872 0.003400385 0.9975483 0.09077352 0.0939235 0.9914327 0.01842302 0.5262382 0.8501377 0.04830181 -0.3270858 0.9437595 0.01588732 -0.680166 0.732886 -0.4975079 0.2294226 0.8365711 -0.7765453 0.1682637 0.6071777 -0.5081032 0.1075901 0.85455 -0.1874155 0.2571516 0.9480236 -0.1890248 0.2611527 0.9466092 -0.7571687 -0.03888159 0.6520614 -0.3193455 0.284182 0.904024 -0.3177154 0.105607 0.9422867 -0.2529118 0.07626307 0.9644789 -0.2230229 0.02179282 0.9745696 -0.02121043 0.3257523 0.9452173 -0.2480444 0.5783842 0.7771395 0.01921498 0.4946417 0.8688846 -0.01260453 0.5075074 0.8615552 -0.01384431 0.3183512 0.9478718 0.2717807 0.07445502 0.9594748 0.1389371 0.07431364 0.987509 0.1393499 0.0766642 0.9872712 0.2716701 0.0746113 0.9594939 0.2707108 0.1110429 0.9562349 0.1402801 0.08028954 0.9868511 0.5263872 0.06585466 0.8476908 0.07408064 0.02959555 0.9968131 0.1037622 0.2485906 0.9630349 0.02435874 0.2780554 0.9602562 0.007174313 0.1652747 0.9862215 0.006884992 0.1434003 0.9896408 0.01070272 0.1273011 0.9918065 0.01235967 0.120871 0.9925913 -0.09928351 0.2765174 0.9558666 -0.1105569 0.246856 0.962725 0.2189868 -0.1458275 0.964769 0.2721015 -0.4719336 0.8385938 0.2936016 -0.3622293 0.8846401 0.4939841 -0.4659512 0.7340772 0.3489094 -0.719353 0.600661 0.3187718 -0.4533597 0.832376 0.5420269 -0.5286159 0.6532781 0.4146374 -0.6903091 0.592916 0.4986013 -0.74055 0.4505357 0.396794 -0.1707565 0.9018851 0.6255234 -0.738655 0.2512161 0.8157354 -0.4259383 0.3913471 0.8693889 -0.08356708 0.4870107 0.9341145 -0.2809938 0.2201651 0.9726012 -0.004415988 0.2324382 0.8266406 -0.1338664 0.5465761 0.8344474 -0.01019924 0.5509935 0.5920082 -0.09365028 0.8004724 0.5918551 -0.01489621 0.8059067 0.5937526 -0.01478332 0.8045119 0.556841 -0.05427181 0.8288443 0.283393 -0.06183844 0.9570081 0.2806175 -0.01740729 0.9596619 0.1314247 -0.01578074 0.9912006 0.972661 -0.004210174 0.2321918 0.9336915 0.2745787 0.2298409 0.8334476 -0.01021248 0.5525042 0.8324128 0.05632007 0.5512867 0.7310826 0.2251199 0.6440802 0.5926008 0.02751851 0.8050261 0.2852554 -0.01777601 0.9582868 0.2850136 0.02781808 0.9581197 0.4982698 0.02691191 0.8666043 0.1325161 -0.01794862 0.9910184 0.9002342 0.1343007 0.414176 0.7237032 0.5470608 0.4206879 0.4313048 0.7086475 0.558386 0.6204167 0.7329202 0.2791258 0.6672891 0.1966666 0.7183644 0.3623868 0.1881653 0.9128361 0.3721097 0.8699041 0.3237304 0.3698222 0.8553968 0.3626677 0.3099095 0.3905061 0.8668686 0.3541937 0.4081866 0.841386 0.463933 0.6451784 0.6070513 0.3416875 0.6996003 0.6275422 0.1328806 -0.02039158 0.9909223 0.1293992 -0.005779564 0.9915757 0.2651032 0.4445866 0.8556069 0.2194992 0.1103621 0.9693505 0.1549279 0.1355007 0.9785892 0.1459726 -0.08551299 0.9855859 0.1064576 -0.04534649 0.9932827 0.07520258 -0.07522565 0.9943268 -0.7219769 -0.01083457 0.6918324 -0.722409 -0.01951116 0.6911908 -0.4405092 -0.02532023 0.897391 -0.8963568 -0.2157573 0.3872896 -0.7619352 -0.3579036 0.5397775 -0.7170258 -0.1517682 0.6803238 -0.716275 -0.1420242 0.6832125 -0.4398122 -0.1146183 0.8907458 -0.7644472 -0.354336 0.5385784 -0.6938542 -0.496817 0.5212861 -0.6551216 -0.536058 0.5324074 -0.3955101 -0.02027541 0.9182379 -0.4362251 -0.1365627 0.8894146 -0.5567442 -0.6573649 0.5078458 -0.3974537 -0.6835686 0.6121802 -0.2149492 -0.4502842 0.8666263 -0.3936336 -0.05977874 0.9173218 -0.2122771 -0.2445077 0.946126 -0.2466281 -0.7348512 0.6317978 -0.1408615 -0.4930152 0.8585419 -0.2044578 -0.2609478 0.9434528 -0.2204046 -0.7458661 0.6285744 -0.2533481 -0.1661569 0.9529988 -0.1081051 -0.5137915 0.8510767 -0.1135436 -0.5031219 0.8567242 -0.1173196 -0.5088827 0.8528038 0.006341874 -0.1984487 0.9800908 -0.5056384 -0.7958368 0.3331271 -0.2995237 -0.8973376 0.3241463 -0.3018396 -0.8989955 0.3173327 -0.04341989 -0.1818209 0.9823727 -0.05602008 -0.1400503 0.9885584 0.002821505 -0.2030614 0.979162 0.1518473 0.03163486 0.9878976 -0.1056639 -0.02678799 0.994041 0.06636887 -0.01935756 0.9976074 0.07085996 -0.02212762 0.9972408 -0.2210614 -0.7455959 0.6286641 -0.2233366 -0.7495172 0.6231732 -0.3437797 -0.6986094 0.6275034 -0.1993008 -0.475499 0.856843 -0.1175107 -0.5071069 0.8538348 -0.1562862 -0.4603433 0.8738757 -0.5576947 -0.7640511 0.3243497 0.06897997 -0.02288967 0.9973555 -0.0512042 -0.1833208 0.9817188 -0.3191733 -0.7541251 0.5739545 -0.6320171 -0.5942488 0.4974161 -0.8190724 -0.1812736 0.5442979 -0.5969544 -0.2864064 0.7494111 -0.5550369 -0.2727745 0.7858297 -0.3423883 -0.09521383 0.9347217 -0.1999766 -0.2623925 0.9440125 -0.8816313 -0.3014124 0.3631485 -0.7256225 -0.1097444 0.6792851 -0.7288721 -0.03465771 0.6837722 -0.7296866 -0.03409075 0.6829315 -0.4489673 -0.04458659 0.8924352 -0.4497147 -0.09325933 0.8882902 -0.4487324 -0.04516804 0.8925241 -0.1171121 -0.0502178 0.9918483 -0.1173714 -0.09885174 0.988156 -0.9193235 -0.01972031 0.3930081 -0.9189313 -0.020056 0.3939075 -0.8946877 0.2073805 0.3956353 -0.9118424 0.3377531 0.2333802 0.3131512 0.6114454 0.7266849 0.3252211 0.6760473 0.6612045 0.2228573 0.7110565 0.6668834 0.3186706 0.7436733 0.5877066 -0.6745899 0.3470159 0.6515432 0.2421008 0.4147007 0.8771606 0.1425501 0.9171298 0.3722264 -0.03039813 0.8454487 0.533191 -0.2650625 0.7663762 0.5851576 -0.3125478 0.7631689 0.5655858 -0.1159151 -0.04995816 0.992002 -0.4305115 0.2120553 0.8773213 -0.1718506 -0.01941025 0.9849319 -0.1168814 -0.01243633 0.993068 -0.6226449 0.5531526 0.5534758 -0.2029009 0.1745381 0.9635184 -0.08203828 0.2648619 0.9607903 -0.07017797 0.286475 0.9555141 0.03296613 0.2756339 0.9606973 0.2185523 0.3626989 0.9059163 0.08692705 0.1183421 0.9891608 0.06349349 -0.06327396 0.9959745 0.07282102 -0.07681167 0.9943828 0.07284516 -0.07682001 0.9943804 0.07500052 -0.07798552 0.9941294 0.1716711 0.4411202 0.8808758 0.1417494 0.09714722 0.9851242 0.08011108 -0.08201086 0.9934065 -0.1337755 -0.3718733 0.9185937 -0.1844443 -0.2986532 0.9363689 0.0651313 -0.07204538 0.9952726 -0.2346464 -0.2759534 0.9320896 -0.2556703 -0.0757361 0.9637929 -0.1084983 -0.118444 0.9870153 0.07578563 -0.07678294 0.9941635 -0.0999822 -0.3715389 0.923018 0.09225678 -0.4668272 0.8795233 -0.02373099 -0.5683885 0.8224181 -0.08720165 -0.8112214 0.5782006 0.02126419 -0.9049114 0.4250685 -0.3937976 -0.8014128 0.4501789 -0.4422336 -0.7539014 0.4858624 -0.6251424 -0.6185976 0.475956 -0.673354 -0.519927 0.5256143 -0.8784793 -0.1568146 0.4513131 -0.5842252 -0.320011 0.7458376 0.03593939 -0.2514626 0.9671996 0.07386237 -0.2518958 0.9649316 0.07335019 -0.2533373 0.9645932 -0.1051722 -0.09585052 0.9898241 -0.7193754 -0.1404604 0.680272 -0.4435476 -0.1306865 0.8866717 -0.5514128 -0.3092707 0.7747875 -0.4427748 -0.08651214 0.8924495 0.06204015 -0.5703935 0.8190253 0.06191921 -0.5709599 0.8186396 0.04348713 -0.8184498 0.5729302 -0.16639 -0.9497357 0.265173 0.0436477 -0.8182638 0.5731834 0.01953554 -0.9666159 0.2554844 -0.7220916 -0.06698578 0.6885468 0.01931315 -0.9665336 0.2558124 -0.8993995 -0.2185148 0.3785921 -0.9152652 -0.03899282 0.4009606 0.1112969 -0.2532004 0.9609904 0.03070354 -0.5061973 0.861871 0.12447 -0.5691347 0.8127687 0.1322849 -0.8153071 0.5637155 -0.003977656 -0.879864 0.4752091 0.2064173 -0.9494494 0.2365114 0.2043294 -0.3834217 0.9006872 0.3716139 -0.8470518 0.3800083 0.2738974 -0.3748401 0.885706 0.2973317 -0.3263919 0.8972527 0.5134173 -0.7494769 0.4179559 0.3734084 -0.2749644 0.8859801 0.3730608 -0.2420187 0.8956855 0.6212654 -0.687937 0.375196 0.7501736 -0.5156216 0.4139733 0.09500288 -0.1039994 0.9900296 0.8026254 -0.4563948 0.3840528 0.9028257 -0.04985749 0.4271065 0.9486477 -0.2077382 0.2385633 0.4672152 -0.05141258 0.8826476 0.5686392 -0.1561848 0.8076236 0.8112447 -0.1776134 0.5570777 0.8185743 -0.05290263 0.5719594 0.821637 -0.05676704 0.5671774 0.964712 -0.02621495 0.2619996 0.9654684 -0.02590757 0.2592289 0.09128397 -0.09093952 0.9916639 0.09125077 -0.08906102 0.9918375 0.5678675 -0.0749796 0.8196979 0.2543542 -0.1190938 0.9597503 0.2560486 -0.09645366 0.9618399 0.560589 -0.08292406 0.8239318 0.5671291 -0.08297675 0.8194386 0.09271371 -0.1030906 0.9903417 0.08589929 -0.0995447 0.9913185 -0.444209 -0.08666759 0.8917214 -0.108979 -0.09608471 0.9893894 0.8153154 -0.05856078 0.5760481 0.812983 0.01659643 0.582051 0.6940741 0.1762468 0.697996 0.9366004 0.07853645 0.3414848 0.9479755 0.1550468 0.2780343 0.5670275 -0.03812766 0.8228161 0.2501902 -0.09686762 0.9633389 0.2534088 -0.07475554 0.9644666 0.3938516 -0.1097633 0.9125968 0.08622252 -0.1107978 0.9900958 0.7496116 0.4186469 0.5126572 -0.9166318 -0.03901606 0.3978239 -0.7243208 -0.06697785 0.6862022 -0.9010688 0.1432232 0.4093439 -0.8174517 -0.07238227 0.5714312 0.6969671 0.5220151 0.4916678 0.5185475 0.651603 0.5536444 0.6612346 0.1577402 0.7334077 0.3723364 0.0931558 0.9234109 0.3222609 0.1131276 0.9398671 -0.7202136 0.0368613 0.6927725 -0.4435781 -0.02362298 0.8959243 -0.3518843 -0.1318621 0.9267092 0.4667403 0.7035655 0.5358629 0.05370813 0.8046094 0.5913706 0.2165227 0.8819125 0.4187462 0.08610481 -0.1077569 0.9904416 0.03165656 0.8975786 0.4397165 0.2709913 0.1876386 0.9441162 0.2382717 0.1853396 0.9533498 0.04282814 0.2839745 0.9578748 0.1510018 0.3964183 0.9055668 0.0649681 0.3977274 0.9152007 0.06532508 0.4007683 0.9138476 0.05168944 0.6909293 0.7210721 0.1813968 0.685149 0.7054545 0.05119699 0.6907216 0.7213062 0.1082745 0.05849725 0.9923986 0.07139921 -0.1216476 0.9900021 0.07008689 -0.1222083 0.9900268 0.06978851 0.0601992 0.9957438 0.07166939 -0.1216389 0.9899837 -0.008991539 0.3997508 0.9165797 0.03136062 0.8980709 0.4387316 -0.05685597 0.6867606 0.7246568 0.06064397 0.7857989 0.6155018 -0.1570139 0.8822813 0.4437641 0.0330547 0.06022602 0.9976373 0.07046836 0.05847167 0.9957988 0.06975448 -0.1218139 0.9900988 0.09789276 0.3100367 0.9456714 -0.07694697 0.1928254 0.9782114 -0.3388614 0.7339888 0.5885859 -0.4365448 0.6462854 0.6258946 -0.1390272 0.1910674 0.9716814 -0.1717442 0.1298739 0.9765433 -0.5826152 0.5649033 0.584332 -0.6730138 0.4123544 0.6140165 0.08458358 -0.1133421 0.9899492 0.07330584 -0.1244829 0.9895101 -0.7534015 0.3274149 0.5702507 -0.2381991 0.04319876 0.9702552 -0.2368052 0.09345078 0.9670525 -0.1091533 -0.0734272 0.9913093 0.01507014 -0.6957195 0.7181555 -0.03384625 -0.6201272 0.7837709 -0.2881964 -0.5492576 0.7843845 -0.2819492 -0.4452424 0.8498611 -0.07683432 -0.2278038 0.9706709 -0.081676 -0.1448853 0.9860717 -0.01337218 -0.2459146 0.9691993 -0.01338809 -0.2459245 0.9691965 -7.75327e-5 0 1 2.77518e-5 0 1 -7.53236e-6 0 1 0.2851699 0.5122439 0.8101139 0.02718281 -0.6254448 0.7797948 0.02386045 -0.6290578 0.7769924 -0.2636971 -0.5439598 0.7966 -0.2581525 -0.5122544 0.8191171 -0.3520393 -0.3996509 0.8463732 -0.1548691 -0.3114828 0.9375469 -0.06771379 -0.223502 0.9723486 -0.0376935 -0.2611015 0.9645752 -0.01557374 -0.2478979 0.9686611 0.08814769 -0.2883024 0.9534735 -0.17347 -0.2825933 0.9434243 -0.1336778 -0.3038981 0.9432795 0.002955794 -0.2911056 0.9566864 -0.140156 -0.3330779 0.9324246 -0.1452097 -0.4066809 0.9019561 -0.001593589 -0.4472367 0.8944143 -0.0127741 -0.3188651 0.947714 -0.1108779 -0.3784567 0.9189542 -0.1387721 -0.4055783 0.9034648 -0.149432 -0.4212862 0.8945323 0.02813875 -0.5386048 0.8420886 0.007778644 -0.5760844 0.8173532 -0.2509416 -0.321519 0.9130465 -0.2300326 -0.312912 0.9215048 -0.2096869 -0.3067712 0.9283981 -0.2961739 -0.3218822 0.8992624 -0.209248 -0.2289569 0.9506809 -0.08720278 -0.1041622 0.99073 -0.1558355 -0.423224 0.8925227 -0.1004157 -0.3979239 0.9119065 -0.1423917 -0.3888329 0.9102382 -0.0173034 -0.3262066 0.9451402 -0.1094204 -0.1194699 0.9867899 0.02674287 -0.6388656 0.7688536 0.01431244 -0.6316429 0.7751274 0.01628518 -0.5857588 0.8103219 0.03261739 -0.7585217 0.6508312 0.1362518 -0.8970258 0.4204524 0.07329899 -0.7550566 0.6515495 0.07601809 -0.8983778 0.4325954 0.06556904 -0.9531755 0.295224 0.03974336 -0.7721467 0.6342002 -0.3428815 -0.3923663 0.853511 -0.02861368 -0.1907046 0.9812304 -5.3593e-4 -0.1815712 0.9833777 -0.03757244 -0.09923303 0.9943547 -0.03192865 -0.2459711 0.9687511 0.02550929 -0.8078806 0.5887939 0.0319305 -0.7577847 0.651723 0.006828069 -0.5269809 0.8498497 0.1197171 -0.9697167 0.2128792 0.06254357 -0.9752345 0.2121468 0.08758747 -0.2891076 0.9532814 0.09660238 -0.2265102 0.9692064 0.2198948 -0.2746212 0.9360713 -9.02183e-6 0 1 0.146606 -0.08467143 0.9855646 0.1105374 -0.1554313 0.9816429 0.01256585 -0.5379095 0.8429091 0.2235324 -0.1035007 0.9691857 0.2176933 -0.3137441 0.9242156 -0.03262698 -0.1381554 0.989873 -0.06838881 -0.1413962 0.987588 -0.05069178 -0.125061 0.9908533 -0.04407352 -0.1111664 0.992824 0.2009739 -0.1578077 0.9668021 0.2222048 -0.0782696 0.9718533 0.2222328 -0.07829785 0.9718447 0.2222149 -0.07824152 0.9718534 0.1579015 -0.9495868 0.2708363 0.0595628 -0.9436475 0.3255482 0.07163327 -0.9768501 0.2015756 0.001694023 -0.1711453 0.9852443 0.001113831 0.01019775 0.9999474 0.06997668 -0.2333433 0.9698734 -0.08263492 -0.2903117 0.9533576 -0.07004427 -0.312388 0.9473688 -0.1260983 -0.2602742 0.9572651 -0.2954754 0.01551306 0.9552244 -0.1345351 -0.01871013 0.9907322 -0.2149684 0.07775008 0.9735212 -0.1631813 0.05064111 0.9852955 -0.220247 0.2444107 0.9443277 -0.01999866 0.05711424 0.9981673 -0.09772789 0.01888734 0.995034 -0.01544719 -0.3416809 0.9396891 -0.1058521 -0.513351 0.8516256 -0.2593226 -0.3786229 0.88848 -0.3516372 -0.1112267 0.9295052 -0.3636954 -0.07449179 0.9285348 -0.3750306 -0.03911739 0.9261868 -0.3852618 -0.01098054 0.9227421 -0.214534 -0.01062762 0.9766587 -0.3183786 0.3072513 0.8967897 -0.313673 0.3039116 0.8995816 0.004938542 -0.138893 0.9902952 -0.1736977 0.5882244 0.7898235 -0.242262 0.4464216 0.861404 -0.2970173 0.5624226 0.7716616 -0.3680055 -0.01592129 0.9296874 -0.1554373 0.1564765 0.975374 -0.2068031 0.1562798 0.9658205 -0.03262662 -0.5084922 0.8604483 -0.01579278 -0.8527665 0.5220537 0.07224225 -0.9767866 0.2016656 -0.3120611 -4.0633e-4 0.950062 -0.2936466 7.91074e-4 0.9559138 -0.3260071 -0.01176708 0.9452942 -0.3176535 2.44327e-4 0.9482069 -0.1098343 -0.5534013 0.8256412 0.02699124 -0.7366868 0.6756953 0.02665007 -0.7365357 0.6758735 -0.1142357 -0.7994939 0.5897117 -0.3386552 -0.4657194 0.8175684 -0.3239359 -0.4864292 0.8114508 -0.3682717 0.004485964 0.9297075 -0.3703785 -0.00309652 0.9288758 -0.3065551 0.4420101 0.8430013 -0.2969157 0.6951362 0.6546961 -0.3048105 0.6951818 0.6510092 -0.3100738 0.6931666 0.6506723 -0.252934 0.7020703 0.6656739 -0.1623342 0.8361268 0.5239655 -0.2598823 0.8198537 0.5101973 -0.3327876 0.2942508 0.8959179 -0.2603509 0.7985756 0.5426735 -0.2194148 0.8856642 0.4092141 -0.2232955 0.8854495 0.4075762 -0.217721 0.7851135 0.5798228 -0.3707221 -0.005780756 0.9287259 -0.3901666 0.002282917 0.9207414 -0.3650562 -0.002502501 0.9309822 -0.4116519 0.0272966 0.9109323 -0.3745464 0.009337782 0.9271612 -0.32192 -7.14505e-4 0.9467666 -0.340741 0.01483255 0.9400402 -0.315889 0.001774609 0.9487946 -0.3846634 0.05980056 0.9211179 -0.3736412 0.0165705 0.9274254 -0.4675265 0.2065505 0.8595092 -0.4061089 0.3243412 0.8543293 -0.4446271 0.2905372 0.8472868 -0.4990956 0.3848132 0.7764164 -0.525661 0.005195915 0.8506783 -0.5392299 -0.005128562 0.8421431 -0.3336518 0.7634568 0.5530012 -0.3349441 0.6431935 0.6885598 -0.5160405 -0.05703288 0.8546634 -0.02398461 -0.8532146 0.5210085 -0.03111088 -0.9284009 0.3702757 -0.03109508 -0.9283843 0.3703187 0.03729075 -0.6103475 0.7912555 -0.05452519 -0.6196077 0.7830156 -0.636615 0 0.7711818 -0.2157447 0.8861927 0.4100204 -0.0764026 -0.3085901 0.9481219 -0.06804937 -0.3078545 0.9489969 0.0440973 -0.9790846 0.1986175 0.0397768 -0.9843019 0.1719523 -0.06385779 -0.4073446 0.9110393 -0.1123465 0.06704705 0.9914046 -0.1076471 0.0352416 0.9935644 -0.03745728 -0.8115606 0.5830664 -0.03872513 -0.8689665 0.4933536 -0.1830061 0.5747697 0.7975893 -0.007583379 -0.7976226 0.6031093 -0.0304777 -0.9310206 0.3636919 -0.002447962 -0.980633 0.1958391 -0.1935785 0.885723 0.4219267 -0.1866615 0.8903289 0.4152975 -0.1928389 0.8824547 0.4290535 -0.1004545 0.9492238 0.2981328 -3.40105e-5 -0.9996578 0.02615845 -0.07849699 -0.4832 0.871984 -0.01141721 -0.4834219 0.8753131 -0.01237571 -0.3004321 0.9537229 -0.04409241 0.5218801 0.8518785 -0.0331301 -0.03049689 0.9989857 -0.1017214 0.9532598 0.2845147 -0.04691547 -0.1668009 0.9848738 -0.1144602 0.9611119 0.2513223 -0.1648074 0.8341448 0.5263471 -0.173349 0.965058 0.1965027 -0.03035557 0.993741 0.1075062 -1.22265e-5 0.9996573 0.02617818 0.2871096 0.9578812 0.005631864 0.08274644 0.9920985 0.09430688 0.09976363 0.9928318 0.06582081 0.213896 0.9629758 0.1640917 0.210218 0.9766833 0.04356825 0.4425587 0.8967395 0 0 1 -2.82987e-7 0.2222166 -0.07852476 0.9718301 0.1844276 -0.1008843 0.9776548 0.1991229 0.06342172 0.9779201 0.392318 0.0642805 0.9175809 0.3799023 0.05977326 0.9230935 0.7700234 0.05694884 0.635469 0.2309446 -0.07811969 0.9698257 0.7265353 0.03976684 0.6859775 0.1947181 -0.2926726 0.9361771 -2.70526e-5 -0.9996573 0.02618044 -0.01105743 -0.4826274 0.8757561 0.0814768 -0.482075 0.8723332 -1.90984e-5 -0.9996575 0.02616959 0.6266831 -0.4676226 -0.6233758 0.1876925 -0.2152777 0.9583461 0.1821996 -0.2701677 0.9454167 1 1.24719e-4 0 1 -1.29567e-4 0 0.08141797 -0.4818938 0.8724389 -0.1968449 -0.3194055 0.9269478 -1.90308e-5 -0.9996575 0.02617067 -2.95216e-6 -0.9996572 0.02618074 0.0322746 -0.9306199 0.3645616 0.03241568 -0.9308049 0.3640761 0.09444123 -0.9313126 0.351764 0.2067725 -0.8714025 0.4448627 0.04193133 -0.9867309 0.1568565 0.09178012 -0.1905916 0.9773696 1 -4.32358e-5 0 -0.04752451 -0.3785374 0.9243652 0.06485253 -0.3652986 0.9286286 0.001816332 -0.3723521 0.9280899 0.1538935 -0.3634214 0.9188263 0.05120074 -0.3718904 0.9268636 0.2100284 -0.3709592 0.9045869 0.19997 -0.3689844 0.9076687 0.2248746 -0.3617182 0.9047604 0.2031388 -0.3241757 0.923929 0.2458649 -0.3575009 0.9009681 0.2209519 -0.3214543 0.9207863 0.3531525 -0.3332889 0.8741864 0.1962194 -0.2694267 0.9428189 0.1962183 -0.2694251 0.9428195 0.2507944 -0.33324 0.9088748 0.3647928 -0.36546 0.8563675 0.3842719 -0.3874905 0.8379656 0.5221236 -0.3612731 0.7725728 0.5221832 -0.3612414 0.7725473 0.5376381 -0.4427304 0.7175898 0.6166974 -0.3724591 0.6935117 0.6169414 -0.3723928 0.6933304 0.6653847 -0.4127196 0.6220336 0.7209736 -0.2061194 0.661598 0.7024966 -0.1966003 0.6839933 0.7845466 0.1569093 0.5998884 0.7637001 0.1682977 0.623248 0.765627 0.1905753 0.6144073 0.8862999 -0.004329502 0.4630916 0.8175852 -0.145344 0.557162 0.8112006 -0.3038347 0.499638 0.8138604 0.4667185 0.346129 0.712163 0.7005236 0.04572343 0.7813666 -0.3332887 0.5276219 0.7282128 -0.4677833 0.5008842 0.6429857 -0.1886817 0.7422727 0.7876796 0.1699047 0.5921936 0.6100476 0.7736539 0.1711778 0.6087685 0.7752501 0.1684884 0.7557479 0.5042143 0.4178674 0.6917126 -0.2146611 0.6895321 0.7874782 0.1699888 0.5924374 0.449412 0.8252562 0.3420249 0.7947843 0.2174048 0.5666154 0.7548285 0.5108231 0.411453 0.7294196 -0.4673436 0.4995368 0.8626542 -0.5043352 0.03839099 0.6580851 -0.7522981 0.03117316 0.5626692 -0.652314 0.5078287 0.5624343 -0.4573949 0.6888088 0.4134549 -0.2187005 0.8838694 0.5302903 -0.2343663 0.8147789 0.3958066 -0.2927336 0.8704276 0.3533173 -0.2905484 0.8892404 0.3158075 -0.3119974 0.8960599 0.3601115 -0.2201934 0.906551 0.6357966 0.5553617 0.5360374 0.5744845 0.1279385 0.8084548 0.492258 -0.05670559 0.8686004 0.4276531 -0.211328 0.8788933 0.378587 -0.4873284 0.7868818 0.3763334 -0.4821634 0.7911332 0.2407588 -0.4848326 0.8408166 0.2398731 -0.4832973 0.8419528 0.206737 -0.8683006 0.4509035 0.502679 -0.4811641 0.7181887 0.2959582 -0.8487376 0.4382389 0.2087847 -0.6413868 0.7382628 0.2949414 -0.8428087 0.4502036 0 -0.9996576 0.02616733 -3.39076e-7 -0.999658 0.02615171 1.3763e-5 -0.9996566 0.0262075 0.2666662 -0.8676454 0.4196197 0.3218377 -0.216994 0.9215933 0.2734159 -0.1841135 0.9441112 0.5052729 -0.4900326 0.7103291 0.5714317 -0.2102678 0.7932549 0.6244333 -0.2220957 0.7488369 0.6244338 -0.2221251 0.7488276 0.6244493 -0.222099 0.7488225 0.6243649 -0.2221429 0.7488799 0.6243495 -0.2221373 0.7488943 0.6990257 -0.20675 0.6845565 0.6170237 -0.4929999 0.6133782 0.6151864 -0.4806756 0.6248974 0.3626374 -0.8492593 0.3837356 0.2720915 -0.9009425 0.3380369 0.1054652 -0.9875229 0.1169427 6.08004e-5 -0.9996565 0.02621102 1.92969e-5 -0.9996573 0.02617925 0.7432282 -0.2198299 0.6318914 0.7431097 -0.2198631 0.6320192 0.8061677 -0.2040588 0.555386 0.7107887 -0.4958348 0.4989262 0.7107905 -0.4802665 0.513927 -3.95184e-6 -0.9996575 0.02617424 0.5461477 -0.5221889 0.6550126 0.2656781 -0.2110665 0.9406733 0.5484838 -0.2176896 0.8073269 0.5262089 -0.2877392 0.800194 0.5140611 -0.2206735 0.8288815 0.5944283 -0.5089285 0.622613 1.13375e-5 -0.9996575 0.02617233 0.5392963 -0.7416741 0.3988471 0.683248 -0.5143643 0.5182679 0.908758 -0.4118072 0.06763052 0.2703921 -0.9382025 0.2160193 0.313229 -0.9285911 0.1990126 0.8125358 -0.2066562 0.5450494 0.8438271 -0.2144756 0.4918904 0.8858767 -0.217787 0.4096238 0.8660299 -0.2181394 0.4498971 0.88499 -0.2156632 0.4126525 0.8870809 -0.2145385 0.4087309 0.7835509 -0.4990902 0.3700771 0.7864853 -0.4802899 0.3882816 0.7072237 -0.5101994 0.4894195 0.5895856 -0.6523708 0.4762365 0.4059854 -0.8773121 0.2559283 0.4788363 -0.8531993 0.2068013 0.9785287 -0.2044031 0.02647817 0.5267953 -0.8470625 0.07051247 0.3988422 -0.9163704 0.0345028 0.9106634 -0.4127483 0.01819354 0.9853277 0.16268 0.05161964 0.9678991 0.2510849 0.01130872 0.7286248 0.6824636 0.05787396 0.729754 0.6834653 0.01829028 0.6902139 0.690152 0.2174744 0.5856861 0.5856549 0.5603394 0.5858073 0.585676 0.5601906 0.8000876 0.2144474 0.5602431 0.8000993 0.2143076 0.5602797 0.7890048 -0.2679691 0.552869 0.7891707 -0.2678722 0.5526792 0.5356386 -0.1818586 0.8246325 0.5357288 -0.1818364 0.8245788 0.3143779 -0.4703921 0.8245593 0.3142849 -0.4704228 0.8245771 0.1441819 -0.5254191 0.8385382 0.1612983 -0.6023793 0.7817431 0.1996346 -0.7445799 0.6369826 0.2150738 -0.7904008 0.573594 0.2280035 -0.8528218 0.4697971 0.2537834 -0.9437064 0.2121614 0.2522017 -0.9411325 0.2250863 0.5154743 -0.8292531 0.2159293 0.5066227 -0.7581655 0.4105102 0.4629274 -0.6930125 0.552659 0.463079 -0.692916 0.552653 0.1362255 -0.2039107 0.9694653 0.1049616 -0.1688909 0.9800301 0.2801029 -0.09501612 0.9552562 0.1536368 -0.06969094 0.9856668 0.1538423 -0.06966578 0.9856365 0.8007204 -0.2717099 0.5338733 0.9723982 -0.06353193 0.2245119 0.9501373 0.2215604 0.2194318 0.1904311 -0.01247966 0.9816213 0.5389639 0.1444467 0.8298513 0.5393871 0.144417 0.8295816 0.2210739 0.05924487 0.973456 0.1904288 0.04440462 0.9806963 0.1234171 0.115457 0.9856156 0.1230828 0.1154139 0.9856624 0.8954922 0.2399773 0.3748397 0.4356057 -0.8740127 0.2152897 0.3404213 -0.8808925 0.3288491 0.3945817 0.394615 0.8298099 0.3946406 0.3946766 0.8297525 0.5033011 -0.597603 0.6241464 0.5506152 -0.5177861 0.6547675 0.5457617 -0.5019947 0.6709288 0.116492 -0.4367205 0.892023 0.04816126 -0.1772738 0.9829825 0.04936641 -0.1841515 0.9816574 0.2279452 -0.09411758 0.9691145 0.2462446 -0.100588 0.9639739 0.1875036 -0.2596429 0.9473268 0.5280569 -0.1108549 0.8419425 0.4934281 -0.4806337 0.7249277 0.8404675 -0.2770807 0.4656617 0.6682146 -0.2748702 0.691329 0.5076864 -0.4492516 0.7351377 0.6686666 -0.2740682 0.6912103 0.6701735 -0.6764031 0.3055262 0.546945 -0.6040271 0.5796573 0.8547453 -0.3325294 0.398541 0.8509054 -0.3337473 0.4056757 0.8921213 -0.3343073 0.3039053 0.9229195 -0.2222039 0.3143966 0.9012699 -0.3407638 0.2675678 0.9203575 -0.3323884 0.2060582 0.9517641 -0.2207832 0.2130728 0.936445 -0.3345704 0.1055158 0.1394931 0.1394023 0.9803615 3.48388e-5 0 1 0.256788 -0.03414458 0.9658645 0.9375066 -0.340669 0.07089406 0.9431759 -0.3322709 0.003919899 0.9746592 -0.2236589 0.004050612 0.9730342 -0.214172 0.08564478 0.2635627 0.1569819 0.9517832 0.6278854 -0.2601616 0.7335367 0.1579604 0.2776395 0.9476101 0.1016047 0.1615759 0.9816159 0.05422693 0.09393942 0.9941 0.2753646 0.470144 0.8385338 0.293329 0.5188235 0.8029822 0.4140868 0.7067657 0.5735977 0.4420099 0.8360342 0.3250756 0.3132263 -0.2094658 0.9262902 0.6340322 -0.2465536 0.7329491 0.7469623 -0.3836262 0.5430271 0.8425937 -0.3488828 0.4102641 0.8226948 -0.3458352 0.4511888 0.4872867 0.8438072 0.2248134 0.4996793 0.8655063 0.0349217 0.7042876 0.7091104 0.03378647 0.7214612 -0.4052624 0.5614768 0.9442365 -0.2130967 0.2510125 0.8403291 -0.4802599 0.2513909 0.8334368 -0.5021187 0.2307813 0.8275657 -0.3423178 0.4449198 0.9372056 -0.3348197 -0.09768086 0.9705987 -0.2184118 -0.1011661 0.6467975 -0.5163668 0.561265 0.9694825 -0.2194787 0.1092379 0.9387039 -0.3337345 0.08635056 0.3014944 -0.9383147 0.1693124 0.9313232 -0.3406096 -0.1289278 0.9221405 -0.3320984 -0.1984128 0.8844578 -0.4651317 0.03724461 0.743566 -0.661398 0.09829699 0.5219087 -0.8492928 0.07945466 0.3585984 -0.933392 0.01365864 0.5028371 -0.863906 0.0286594 0.502759 -0.8639515 -0.02865892 0.5219087 -0.8492928 -0.07945477 0.3586025 -0.9333905 -0.01365846 0.1746279 -0.9836728 -0.04350912 1.47745e-5 -0.9996574 -0.02617669 0 -0.9996573 -0.02618038 0.7692895 -0.6384053 -0.02514612 0.7694636 -0.6381956 0.02514249 0.9387035 -0.3337352 -0.08635079 0.8844619 -0.465124 -0.03724336 0.3284304 -0.9370527 0.1185991 0.743574 -0.6613892 -0.09829568 0.833425 -0.5021347 -0.2307886 0.8403199 -0.4802768 -0.2513899 0.3284387 -0.9370498 -0.1185987 0.1746279 -0.9836728 0.04350912 0.3387002 -0.9317144 -0.1311131 -2.95603e-6 -0.9996574 0.02617561 1.4349e-5 -0.9996573 -0.02617764 -3.4809e-6 -0.9996575 0.02617585 7.18013e-6 -0.9996574 0.02617478 1.55126e-5 -0.9996574 -0.02617824 0 -0.9996574 0.02617383 0.9442564 -0.2129731 -0.2510427 0.9255851 -0.2218555 -0.3067123 0.8883979 -0.2155838 -0.4053061 0.8870628 -0.2146117 -0.4087315 0.7835213 -0.4991202 -0.3700994 0.7865216 -0.4802539 -0.3882525 1.25157e-5 -0.9996575 -0.02617174 8.17494e-6 -0.9996575 0.02616971 0.3387002 -0.9317144 0.1311131 3.58681e-6 -0.9996576 0.02617055 0.3014757 -0.9383206 -0.1693134 0.3132196 -0.9285956 -0.1990072 0.865353 -0.2181414 -0.451197 0.8859201 -0.2177479 -0.4095504 0.8438363 -0.2144884 -0.491869 0.8124663 -0.2066694 -0.545148 0.8061611 -0.2040587 -0.5553958 0.7107668 -0.4958552 -0.4989371 0.7107803 -0.4802786 -0.5139297 9.95063e-6 -0.9996575 -0.02617055 1.26834e-5 -0.9996575 -0.02617418 0.9729274 -0.2146566 -0.08564347 0.9533351 -0.2215125 -0.2051447 0.2704131 -0.9381967 -0.2160179 0.2720944 -0.9009599 -0.3379884 0.1053414 -0.9875488 -0.1168366 0.7431097 -0.2198631 -0.6320192 0.7432301 -0.2198192 -0.6318929 0.6990438 -0.2067553 -0.6845365 0.6170417 -0.4930027 -0.6133579 0.6151713 -0.480665 -0.6249204 0.8581974 -0.3319818 -0.3915169 0.8469454 -0.3331947 -0.4143247 0.5077807 -0.4492231 -0.7350902 0.5461817 -0.501937 -0.6706302 0.5503044 -0.5177085 -0.65509 0.5471807 -0.603916 -0.5795506 0.5033456 -0.597725 -0.6239936 0.6701195 -0.6763992 -0.3056534 0.7070171 -0.5104635 -0.4894426 0.4933898 -0.4804576 -0.7250704 0.1168875 -0.4363739 -0.8921408 0.1440215 -0.5251324 -0.8387455 0.1995704 -0.7444311 -0.6371767 0.2151917 -0.7904503 -0.5734815 0.5280569 -0.1108549 -0.8419425 0.1876913 -0.2596333 -0.9472922 0.2279235 -0.852934 -0.4696323 0.2538778 -0.9436834 -0.2121501 0.6683804 -0.2749221 -0.691148 0.6677688 -0.2769199 -0.6909415 0.3405598 -0.8808226 -0.3288928 0.4355555 -0.8740295 -0.2153226 0.589668 -0.652193 -0.4763781 0.5393248 -0.7416496 -0.3988542 0.2455629 -0.1014865 -0.9640536 0.2521566 -0.9411543 -0.225046 0.8190547 -0.3386028 -0.4631391 0.8425559 -0.2771398 -0.4618367 0.6832088 -0.5144462 -0.5182383 0.594397 -0.5090394 -0.6225522 0.6242465 -0.2221608 -0.7489733 0.3141903 -0.4701722 -0.824756 0.1612603 -0.6026296 -0.781558 0.4630278 -0.692999 -0.5525918 0.4629104 -0.6930883 -0.5525783 0.5064997 -0.7582604 -0.4104868 0.04795229 -0.1774858 -0.9829544 0.04952514 -0.1843476 -0.9816126 0.1053871 -0.1690675 -0.979954 0.1362189 -0.2041283 -0.9694206 0.5158587 -0.8290431 -0.2158182 -6.96776e-5 0 -1 0.4059686 -0.8773128 -0.2559528 0.2586532 -0.96534 -0.03489202 0.2586849 -0.9653316 -0.03488922 0.4788642 -0.8531743 -0.2068399 0.5461477 -0.5221889 -0.6550126 0.1541167 -0.06973284 -0.9855889 0.154241 -0.06976133 -0.9855674 0.2800192 -0.0951271 -0.9552696 0.5357431 -0.1816944 -0.8246008 0.3140903 -0.4701513 -0.8248062 0.5350319 -0.1818119 -0.8250366 0.7893087 -0.2678809 -0.5524778 0.7892995 -0.267845 -0.5525085 0.8005562 -0.2718439 -0.5340514 0.3988683 -0.916359 -0.03450363 0.526779 -0.8470726 -0.07051336 0.6581022 -0.7522832 -0.03117251 0.5624845 -0.4573923 -0.6887695 0.4135155 -0.2186939 -0.8838428 0.555958 -0.2373772 -0.7965945 0.4277138 -0.2111021 -0.8789179 0.3785762 -0.4873728 -0.7868595 0.5026814 -0.4812088 -0.7181571 0.3763924 -0.4821268 -0.7911273 0.6245533 -0.2221001 -0.7487354 0.5052894 -0.4899944 -0.7103438 0.5714566 -0.2102591 -0.7932394 0.5140802 -0.2206572 -0.828874 0.5604234 -0.2165614 -0.7993915 0.6245327 -0.222114 -0.7487486 0.367698 -0.2199645 -0.9035563 0.3216914 -0.2168771 -0.9216719 0.2733558 -0.184091 -0.944133 0.2958996 -0.8488152 -0.4381282 0.2949019 -0.8427714 -0.4502991 0.2068225 -0.8681736 -0.4511089 0.206854 -0.871349 -0.4449297 0.04198408 -0.9867025 -0.1570215 0.3623452 -0.8495064 -0.3834643 0.2665592 -0.8677129 -0.4195479 0.2406892 -0.4848175 -0.8408452 0.2398985 -0.4833349 -0.8419241 0.2567136 -0.3850705 -0.8864642 1.3078e-5 -0.9996564 -0.02621322 5.96159e-6 -0.9996574 -0.02617436 4.55636e-6 -0.9996582 -0.02614438 0.09442025 -0.9313167 -0.3517584 0.2048719 -0.2689421 -0.9411152 1.97243e-5 -0.9996573 -0.02617901 0 -0.9996576 -0.02616673 5.47097e-5 -0.9996566 -0.02620595 0.6243303 -0.2221118 -0.7489179 0.5289044 -0.3026817 -0.7928708 0.5285023 -0.3028597 -0.7930709 -3.91792e-6 -0.9996569 -0.0261932 0.394909 -0.2921333 -0.8710368 0.4127589 -0.2186744 -0.8842011 0.3608546 -0.2886291 -0.8868355 0.3167781 -0.312092 -0.8956843 0.2530636 -0.3309121 -0.9090963 0.3707386 -0.3427041 -0.8631957 0.204874 -0.2689059 -0.941125 0.2587106 -0.3379514 -0.9049076 0.2737849 -0.0871855 -0.9578312 0.5626122 -0.6523509 -0.5078443 0.7288814 -0.4681159 -0.4995994 0.7286211 -0.4669196 -0.5010963 0.7891756 -0.3080567 -0.5313219 0.8626616 -0.5043222 -0.03839373 0.908763 -0.4117963 -0.0676288 0.9785391 -0.2043533 -0.02647882 -1.31905e-5 -0.9996578 -0.02616214 -2.53112e-5 -0.9996574 -0.02617645 0.9853258 0.1626902 -0.05162286 0.9679123 0.2510337 -0.01130837 0.9014233 -0.04059755 -0.4310311 0.8140454 -0.08542662 -0.5744845 0.8083564 -0.3261361 -0.4900971 0.2445905 -0.3541487 -0.9026374 0.7286028 0.682487 -0.05787599 0.765627 0.1905753 -0.6144073 0.7636814 0.1684398 -0.6232327 0.6430882 -0.1886879 -0.7421823 0.7043268 0.7090715 -0.03378462 0.7122665 0.7004179 -0.04572975 0.694746 -0.2162116 -0.6859888 0.6994525 -0.1952303 -0.6874965 0.3343784 -0.3680771 -0.8675888 0.369305 -0.3636158 -0.8552178 0.5033758 -0.3840498 -0.7740277 0.5042659 -0.3947957 -0.7680186 0.6129844 -0.3792291 -0.6931346 0.6180853 -0.4988709 -0.6075348 0.2214366 -0.3558863 -0.9079157 0.2000558 -0.3591966 -0.9115677 0.1430529 -0.3726631 -0.9168741 0.169062 -0.3804807 -0.9092043 0.158555 -0.3790496 -0.9116917 0.03784906 -0.3494468 -0.9361915 0 -0.3505794 -0.936533 0.04794663 -0.3616431 -0.931083 0 -0.3731685 -0.9277636 -0.1835587 -0.3372784 -0.9233362 -0.2324173 -0.3733224 -0.8981162 -0.1691421 -0.3565849 -0.9188244 0.2043585 -0.3241317 -0.9236755 0.2186256 -0.3214902 -0.9213289 0.7866345 0.1559022 -0.5974117 -0.1691401 -0.3565946 -0.918821 0.8137398 0.4669137 -0.3461491 0.7569178 0.5037243 -0.4163381 0.6103464 0.7735353 -0.1706474 0.8001827 0.2143252 -0.5601541 0.5387566 0.1444048 -0.8299931 0.3944847 0.3944127 -0.8299521 0.3941789 0.394445 -0.8300821 0.5855784 0.585874 -0.5602229 0.5857966 0.5856718 -0.5602062 0.6900984 0.6902685 -0.2174715 0.7298912 0.6833189 -0.01828277 0.4140385 0.7068483 -0.5735309 0.4419002 0.8360969 -0.3250636 0.487427 0.8437399 -0.2247619 0.7209088 -0.2061861 -0.6616479 0.7855891 0.1706175 -0.5947601 0.2752537 0.4698772 -0.8387198 0.7537469 0.5111473 -0.4130305 0.6356845 0.5554852 -0.5360425 0.794727 0.21744 -0.5666825 0.4495235 0.8251784 -0.3420662 0.4996101 0.8655462 -0.03492331 0.608415 0.7753912 -0.1691151 0.8001383 0.2144504 -0.5601694 0.8955261 0.2399821 -0.3747555 0.9501641 0.2215021 -0.2193741 0.1392052 0.1395593 -0.9803802 0.1017127 0.1617444 -0.981577 0.9107636 -0.4125279 -0.01817828 0.9724243 -0.06350231 -0.2244073 0.5389899 0.1443209 -0.8298563 0.1910249 -0.01247823 -0.981506 0.1907784 0.04444682 -0.9806265 0.1236575 0.115533 -0.9855765 0.123692 0.1155915 -0.9855653 0.2210731 0.05930793 -0.9734523 0.05383515 0.09394139 -0.9941212 0.2932011 0.5189202 -0.8029665 0.4920672 -0.0568937 -0.8686962 0.1583428 0.2779268 -0.947462 0.2633121 0.1576181 -0.9517475 0.2567849 -0.03427207 -0.9658607 0.2284741 -0.09308451 -0.9690897 0.7875106 0.1697534 -0.5924618 0.57471 0.1279135 -0.8082985 0.770624 -0.4108757 -0.4871549 0.6292212 -0.2572901 -0.7334048 0.6341574 -0.2466963 -0.7327929 0.7586144 -0.4000797 -0.514238 0.3133708 -0.2096197 -0.9262064 0.7204293 -0.3817965 -0.578976 0.6567769 -0.4356786 -0.6154904 0.8830352 -0.3404898 -0.3229794 0.8943458 -0.3351143 -0.296385 -3.5366e-5 -0.999658 -0.02615135 0.005530953 0 -0.9999848 0.01123201 -3.40321e-4 -0.9999369 0.08172553 0.00404191 -0.9966467 0.09290391 -0.003664612 -0.9956684 0.2217559 0.003716588 -0.9750952 0.2316442 -0.003336727 -0.9727948 0.3573459 0.0033589 -0.9339661 0.3658651 -0.002999961 -0.9306632 0.4857648 0.002992212 -0.8740845 0.4927455 -0.002639591 -0.8701695 0.6044273 0.002637386 -0.796656 0.6099364 -0.002268671 -0.7924473 0.7109411 0.00229448 -0.7032479 0.7150865 -0.001918554 -0.6990334 0.8032169 0.001939594 -0.5956835 0.8060637 -0.001537322 -0.5918268 0.8793254 0.001561164 -0.4762189 0.8811131 -0.001186072 -0.4729043 0.9378226 0.001170873 -0.347113 0.9387434 -7.86497e-4 -0.3446162 0.9774565 7.92411e-4 -0.2111357 0.9777968 -4.00825e-4 -0.209555 0.9974884 3.90281e-4 -0.07082939 0.9975243 0 -0.07032221 0.9975243 0 0.07032221 0.9974884 3.85662e-4 0.07082939 0.9778 -4.12434e-4 0.2095403 0.9774544 7.90784e-4 0.2111455 0.9387406 -7.86514e-4 0.3446239 0.9378169 0.001178681 0.3471284 0.8811184 -0.001175642 0.4728943 0.8793201 0.001565635 0.4762289 0.8060804 -0.001529812 0.5918041 0.8032169 0.001943647 0.5956835 0.7150632 -0.001906692 0.6990573 0.7109411 0.002298891 0.7032479 0.6099364 -0.002268671 0.7924473 0.6044573 0.002650976 0.7966332 0.4927455 -0.002639591 0.8701695 0.4857648 0.002995193 0.8740845 0.3658238 -0.00300002 0.9306793 0.3573253 0.003357827 0.933974 0.2316668 -0.003336727 0.9727895 0.2218009 0.003719687 0.9750849 0.09290391 -0.003664612 0.9956684 0.08172553 0.004041552 0.9966467 -0.04769104 -0.004011452 0.9988541 -0.05996358 0.004363656 0.9981911 -0.1873331 -0.004346072 0.9822868 -0.2004202 0.004697144 0.9796988 -0.3232292 -0.004664242 0.9463093 -0.3368821 0.005018353 0.9415335 -0.4528125 -0.004975199 0.8915919 -0.466575 0.005325794 0.8844656 -0.5733893 -0.0053007 0.8192659 -0.5868995 0.005616307 0.8096405 -0.6360272 0 0.7716667 1 -2.6528e-5 0 -0.4338254 0.6533228 -0.6204553 -0.2864788 0.4593688 -0.8407796 -1 -6.84706e-6 0 -1 0 0 -1 -8.78036e-6 0 -1 -8.77982e-6 0 -1 2.20342e-5 0 -1 -1.44599e-5 0 -1 8.78036e-6 0 -1 8.77982e-6 0 -1 -5.40068e-6 0 -1 -1.08052e-5 0 -1 4.38904e-6 0 -1 8.10403e-6 0 -1 -4.38904e-6 0 -1 1.09709e-6 0 -1 -2.70282e-6 0 -1 5.4069e-6 0 -1 -5.40824e-6 0 -1 2.16361e-5 0 -1 -2.19349e-6 0 -1 2.16385e-5 0 -1 -8.77347e-6 0 -1 -3.28979e-6 0 -1 -1.21717e-5 0 -1 -2.16361e-5 0 -1 -5.40728e-6 0 -1 2.70276e-6 0 -1 -5.4069e-6 0 0.6410303 -0.761744 0.09394967 0.6410273 -0.7617459 0.09395301 0.6410185 -0.7295696 0.238377 0.6410251 -0.7295675 0.2383653 0.6410172 -0.6702758 0.3739351 0.6410212 -0.6702743 0.3739308 0.6410282 -0.5860625 0.4955944 0.6410269 -0.5860613 0.4955974 0.6410196 -0.4800927 0.5988364 0.6410268 -0.4800832 0.5988361 0.6410212 -0.3562636 0.6798295 0.641032 -0.356249 0.6798269 0.6410229 -0.2191994 0.7355551 0.6410405 -0.2191929 0.7355418 0.6410238 -0.07397878 0.7639476 0.6410324 -0.07397502 0.7639405 0.6410225 0.0739789 0.7639485 0.6410323 0.07397598 0.7639406 0.6410417 0.2191926 0.7355407 0.6410235 0.2191957 0.7355557 0.641033 0.3562452 0.679828 0.6410212 0.3562636 0.6798295 0.6410319 0.4800806 0.5988328 0.6410196 0.4800927 0.5988364 0.6410269 0.5860613 0.4955974 0.6410236 0.5860654 0.4955968 0.6410199 0.6702752 0.3739314 0.6410155 0.6702779 0.3739341 0.6410226 0.7295696 0.238366 0.6410199 0.7295686 0.238376 0.6410314 0.7617427 0.09395235 0.64103 0.7617442 0.09394967 0.6427901 0.7657796 0.0200622 0.6428336 0.7657434 0.02005237 0.6428336 0.7657434 -0.02005237 0.6427884 0.7657811 -0.02006214 0.6410224 0.7617506 -0.09394854 0.6410298 0.7617438 -0.09395277 0.6410267 0.7295632 -0.2383742 0.6410149 0.7295757 -0.238368 0.6410292 0.6702679 -0.3739285 0.6410212 0.6702743 -0.3739308 0.6410161 0.5860734 -0.4955971 0.6410269 0.5860613 -0.4955974 0.6410196 0.4800927 -0.5988364 0.6410322 0.4800698 -0.5988412 0.6410412 0.3562497 -0.6798179 0.641012 0.3562636 -0.6798381 0.6410155 0.2191905 -0.7355643 0.6410391 0.2191852 -0.7355452 0.6410228 0.07398444 -0.7639477 0.6410118 0.07398837 -0.7639566 0.6410118 -0.07398837 -0.7639566 0.6410228 -0.07398444 -0.7639477 0.641043 -0.2191843 -0.7355422 0.6410155 -0.2191905 -0.7355643 0.6410095 -0.3562646 -0.67984 0.6410412 -0.3562497 -0.6798179 0.6410346 -0.4800739 -0.5988353 0.6410196 -0.4800927 -0.5988364 0.6410243 -0.5860629 -0.4955988 0.6410213 -0.5860669 -0.495598 0.6410212 -0.6702743 -0.3739308 0.6410294 -0.6702668 -0.37393 0.6410149 -0.7295757 -0.238368 0.6410267 -0.7295632 -0.2383742 0.6410325 -0.7617418 -0.09395247 0.6410224 -0.7617506 -0.09394854 0.6427901 -0.7657796 -0.0200622 0.6428336 -0.7657434 -0.02005237 0 0.113564 -0.9935308 -0.01059597 0.1086593 -0.9940226 0.02005487 0.09637242 -0.9951433 0 0.007934391 -0.9999686 0 -0.007934391 -0.9999686 -0.2724574 -0.00764954 -0.9621375 -0.2751173 0 -0.9614107 -0.2724574 0.007662832 -0.9621375 0.02005487 -0.09637284 -0.9951432 -0.01059168 -0.1086599 -0.9940226 0 -0.113564 -0.9935308 0.009923398 -0.2855713 -0.9583061 -0.01109707 -0.3042204 -0.9525371 0.009923398 0.2855713 -0.9583061 -0.01109707 0.3042204 -0.9525371 0.01100689 0.4641314 -0.885698 0.01099872 -0.4641311 -0.8856983 -0.01222425 -0.4833256 -0.8753553 -0.01222425 0.4833256 -0.8753553 0.01205766 0.6254585 -0.7801643 0.01205152 -0.625458 -0.7801649 -0.01325482 -0.6440365 -0.76488 -0.01325482 0.6440365 -0.76488 0.01305353 0.7635167 -0.6456562 0.01305353 -0.7635167 -0.6456562 -0.01423746 -0.7802263 -0.6253354 -0.01423746 0.7802263 -0.6253354 0.01403731 0.8732052 -0.4871507 0.01403731 -0.8732052 -0.4871507 -0.01519513 -0.8867613 -0.461978 -0.01519513 0.8867613 -0.461978 0.01498937 0.95044 -0.3105466 0.01498937 -0.95044 -0.3105466 -0.01614546 -0.9595507 -0.2810728 -0.01614546 0.9595507 -0.2810728 0.0159015 0.9923547 -0.1223903 0.01590204 -0.9923546 -0.1223906 -0.01703083 -0.9958433 -0.08947753 -0.01703083 0.9958433 -0.08947753 -8.49358e-4 0.9999142 -0.01307392 4.52721e-4 0.9999142 0.01309752 -0.009911477 0.994366 0.1055377 0.008668601 0.9924429 0.1224015 -8.49358e-4 -0.9999142 -0.01307696 4.52717e-4 -0.9999142 0.01309436 -0.009911477 -0.994366 0.1055377 -0.008786141 0.9549795 0.2965416 0.007530927 0.9505203 0.3105712 0.008668124 -0.9924427 0.1224023 -0.008786141 -0.9549795 0.2965416 -0.007618486 0.8792679 0.4762668 0.006363093 0.8732812 0.487175 0.007530927 -0.9505203 0.3105712 -0.007618486 -0.8792679 0.4762668 -0.006442606 0.7701141 0.6378737 0.005154371 0.7635662 0.645709 0.006363093 -0.8732812 0.487175 -0.006442606 -0.7701141 0.6378737 -0.005202531 0.6316444 0.7752408 0.003886878 0.6255004 0.7802143 0.005154371 -0.7635662 0.645709 -0.005202531 -0.6316444 0.7752408 0.003894507 -0.6254988 0.7802155 -0.003978371 -0.4691713 0.8830983 0.002626538 -0.4641686 0.885743 -0.002673745 -0.2888427 0.957373 0.001319885 -0.2855927 0.9583503 -0.001369059 -0.09752017 0.9952327 0 -0.09638214 0.9953444 0 0.09638214 0.9953444 -0.001369059 0.09752017 0.9952327 0.001319885 0.2855927 0.9583503 -0.002673745 0.2888427 0.957373 0.002623498 0.4641703 0.8857421 -0.003978371 0.4691713 0.8830983 0.4189965 0.2570427 0.8708451 0.02539348 0.9994944 0.01914101 0.1998053 0.9700202 0.1383432 0.1835645 0.973007 0.1398631 0.2065283 0.9730352 0.102707 0 1 3.891e-7 0 1 7.77247e-7 0 1 -3.88538e-7 0 1 6.10143e-7 0 1 -2.55489e-7 0.5634542 0.7474591 0.3518869 0.5353564 0.8015681 0.2662374 0.2065591 0.973027 0.1027225 0.2218793 0.973033 0.06305819 0.2218944 0.9730296 0.06305795 0 1 1.82451e-7 0.5776832 0.7704992 0.2694684 0.6141405 0.7639806 0.1979017 0.2296909 0.9730315 0.02125698 0.2297145 0.9730258 0.02126234 0.5715405 0.8043368 0.1624311 0.6551388 0.7452641 0.1239949 0 1 -1.27818e-7 0 1 -5.85473e-7 0.2297037 0.9730285 -0.02125895 0.2296947 0.9730306 -0.02125984 0.5933683 0.8030559 0.05491244 0.6401792 0.7671851 0.03997051 0.6402149 0.7671552 -0.03997188 0 1 7.8063e-7 0 1 -3.64908e-7 0.2218624 0.9730372 -0.06305342 0.5933393 0.8030773 -0.05491143 0.6551329 0.7452698 -0.1239913 0 1 -7.78176e-7 0 1 1.82688e-7 0 1 -7.77247e-7 0.2219103 0.9730257 -0.06306219 0.2065603 0.9730265 -0.102725 0.5715405 0.8043368 -0.1624311 0.6141582 0.7639638 -0.1979119 0.5776894 0.7704935 -0.2694712 0 1 2.03365e-7 0 1 3.88538e-7 0 1 -8.13527e-7 0 1 2.5549e-7 0 1 -2.04162e-7 0 1 1.27697e-7 0 1 -2.03446e-7 0 1 1.27819e-7 0 1 1.27783e-7 0 1 -2.03366e-7 0 1 4.07113e-7 0.02539938 0.999494 -0.01914709 0.1994808 0.9701179 -0.1381257 0.1837874 0.9730094 -0.139553 0.5634838 0.7472074 -0.3523737 0 1 2.55649e-7 0.2065365 0.973033 -0.102711 0.5353537 0.8015732 -0.2662274 0 1 5.10788e-7 0 1 -5.09493e-7 0 1 8.16609e-7 0 1 -2.55503e-7 0 1 8.13516e-7 0 1 -5.1124e-7 0 1 5.11239e-7 0 1 -8.13505e-7 0 1 -8.1662e-7 0 1 5.09497e-7 0 1 -5.10784e-7 0 1 -1.27824e-7 0 1 -2.03555e-7 0 1 2.55269e-7 -0.3703845 -0.003095209 -0.9288734 -0.3683064 0.004433035 -0.9296939 -0.2145004 -0.01066511 -0.9766657 -0.1413454 -0.9106693 -0.3882048 -0.3030405 -0.7573188 -0.5784764 -0.07141983 -0.9806016 0.1825372 -0.0714367 -0.9805941 0.1825704 -0.03441941 -0.9805897 0.1930268 -0.2031458 -0.8301864 0.5191555 -0.132197 -0.8241602 0.5507123 -0.1322228 -0.824154 0.5507154 -0.04678803 -0.9797096 0.1948848 -0.04680186 -0.9797009 0.1949256 0.002741456 -0.9807657 0.19517 0.05888706 -0.973766 0.2198005 0.0545783 -0.9795749 0.1935311 0.09754711 -0.9807837 0.168962 0.1544923 -0.9580917 0.2412313 0.2721921 -0.8314514 0.4843555 0.1472222 -0.8224127 0.5495116 0.3601928 -0.7051475 0.6107604 0.4102942 -0.5556959 0.7230911 0.4705741 -0.3684476 0.8017521 0.4851551 -0.1947301 0.8524698 0.2665486 -0.1891393 0.9450811 0.2462703 -0.307812 0.9190227 0.2174171 -0.5424482 0.8114677 0.4981938 -0.08543187 0.8628467 0.1472653 -0.8223913 0.5495321 0.2174593 -0.5422841 0.8115661 0.01255089 -0.1949126 0.9807404 -0.229227 -0.1897354 0.9547019 -0.1957458 -0.544963 0.8152907 -0.1957111 -0.5449369 0.8153166 -0.3033963 -0.5538442 0.7753757 -0.3034148 -0.5537993 0.7754004 -0.2291775 -0.1898353 0.9546939 -0.3574498 -0.1940773 0.9135445 -0.03439992 -0.980601 0.1929731 -0.1461173 -0.5537982 0.81973 -0.2031182 -0.8302341 0.5190902 -0.09782534 -0.8302227 0.5487809 -0.146128 -0.5539268 0.8196414 -0.3574584 -0.1940985 0.9135367 -0.1721777 -0.1941348 0.9657467 -0.1721695 -0.1938067 0.965814 -0.03833144 -0.1946235 0.9801288 0.01990145 0.1331061 0.990902 0.01671355 -0.5539231 0.8324 0.01674503 -0.5535523 0.8326461 0.01119738 -0.8301929 0.5573637 -0.09784698 -0.8302047 0.5488044 0.01123523 -0.8301877 0.5573709 0.003943562 -0.9806103 0.1959285 0.003935098 -0.9806049 0.1959555 -0.03901517 0.01766592 0.9990825 -0.07204914 -0.4616257 0.884144 -0.003780841 0 0.9999929 0.05915677 0 0.9982488 0.05796515 -0.1948247 0.9791238 0.1790309 -0.5535684 0.8133327 0.1198053 -0.8302519 0.5443606 0.2109128 -0.1942195 0.958016 0.07259386 -0.3394361 0.9378237 0.04212909 -0.9806095 0.1913898 0.04213327 -0.9805992 0.1914421 0.1038218 -0.9797613 0.17114 0.1038619 -0.9797493 0.1711845 0.293533 -0.824523 0.4837357 0.1198226 -0.8301794 0.5444673 0.1789779 -0.5536734 0.8132728 0.4348986 -0.5452661 0.7166227 0.2108497 -0.1940415 0.9580659 0.509242 -0.1900125 0.8393855 0.50916 -0.1899101 0.8394583 0.8295497 -0.1898659 0.525165 0.8294115 -0.1899776 0.5253428 0.7081159 -0.5453883 0.4484679 0.4347762 -0.5452263 0.7167273 0.7080978 -0.5453947 0.4484888 0.4781168 -0.8244357 0.3028371 0.4780318 -0.8245166 0.302751 0.169166 -0.9797473 0.1071363 0.1691212 -0.9797584 0.1071059 0.1743108 -0.9803207 0.09266626 0.1668453 -0.9818399 0.09029489 0.2934713 -0.8245372 0.4837492 0.4947896 -0.8282423 0.2630557 0.7366181 -0.551378 0.3916328 0.8663606 -0.1929579 0.4606373 0.1671953 -0.9817832 0.09026288 0.1431043 -0.9787706 0.1467294 0.124952 -0.9830898 0.1338715 0.4946047 -0.8283823 0.2629621 0.3911228 -0.8283789 0.4010132 0.7369273 -0.5508159 0.3918419 0.5827739 -0.5507824 0.5975061 0.8696405 -0.1492853 0.4705733 0.12492 -0.9830914 0.1338895 0.09497362 -0.9771979 0.1899061 0.07356774 -0.9841041 0.1616384 0.391303 -0.8282227 0.40116 0.2506133 -0.8283173 0.5010824 0.5827703 -0.5507974 0.5974956 0.3734362 -0.5507825 0.7464477 0.6788475 -0.2340958 0.6959636 0.6782042 -0.1089769 0.7267484 0.6808443 -0.06542259 0.7295005 0.6714993 -0.001227498 0.7410042 0.4285631 0.001059532 0.9035114 0.413492 -0.05999809 0.9085288 0.4131627 -0.07193589 0.9078115 0.4308273 -0.2698273 0.8611511 0.250591 -0.8283518 0.5010365 0.1468701 -0.3003754 0.9424458 0.1284698 -0.550953 0.8245886 0.1285054 -0.5510475 0.8245199 0.3732676 -0.5509485 0.7464094 0.08623927 -0.8283339 0.5535575 0.8590074 0.06210678 0.5081822 0.08626508 -0.8283374 0.5535482 0.03375655 -0.975638 0.2167739 0.1436085 0.05564254 0.9880691 0.1018839 -0.1591845 0.9819777 0.07375007 -0.9840855 0.1616685 0.02603614 -0.9804454 0.1950618 -0.005654096 -0.980762 0.1951258 -0.005819618 -0.9807635 0.1951134 -0.0160886 -0.8313379 0.5555343 -0.02426779 -0.555328 0.8312773 0.8555189 -0.2319297 0.4629214 0.9342616 0 0.3565885 0.1297113 -0.1935019 0.9724876 -0.02855825 -0.1950705 0.9803734 0.03423923 -0.9797522 0.1972649 0.03421676 -0.9797614 0.1972224 -0.01652258 -0.8313559 0.5554949 0.09678584 -0.8244739 0.557562 -0.02440708 -0.5554001 0.8312251 0.143399 -0.5452871 0.8258927 -0.02857297 -0.1953864 0.98031 -0.02937573 -0.1954488 0.980274 -0.02777564 0 0.9996143 -0.0296868 0 0.9995593 -0.03029704 0 0.9995409 0.1997372 0 0.9798496 0.1960718 -0.1912484 0.9617587 0.199941 -6.31807e-4 0.9798077 0.5914322 4.3779e-4 0.8063547 0.5806251 -0.1899516 0.7917026 0.1701889 -0.09763395 0.9805628 0.4956771 -0.5453038 0.6759793 0.4957141 -0.5452697 0.6759796 0.1433041 -0.5453608 0.8258605 0.3345422 -0.8245797 0.4562346 0.3346617 -0.8244576 0.4563674 0.09677517 -0.8244457 0.5576055 0.1183722 -0.9797616 0.1614168 0.1184238 -0.9797428 0.1614931 0.5915035 0 0.8063026 0.580577 -0.1901122 0.7916994 0.6779776 -0.5539965 0.4831504 0.4536631 -0.8304679 0.3232848 0.6779602 -0.5540309 0.4831354 0.4537017 -0.8304379 0.3233075 0.1594843 -0.9806365 0.1136528 0.1594978 -0.9806329 0.1136646 0.798826 -0.1944758 0.5692595 0.7988246 -0.1944168 0.5692816 0.8143679 0 0.580349 0.8143495 7.2508e-4 0.5803743 0.9037768 -4.21668e-4 0.4280038 0.8865387 -0.1944382 0.4198129 0.8866112 -0.1940865 0.4198225 0.7522677 -0.5542629 0.3562109 0.7522975 -0.5541933 0.3562558 0.5035185 -0.8304286 0.2384484 0.5035727 -0.8303892 0.2384707 0.176958 -0.9806447 0.08379733 0.1770227 -0.9806306 0.08382612 0.9036787 0.001931667 0.4282068 0.9466074 -0.1942891 0.2572671 0.9649967 -0.001680374 0.2622566 0.1890034 -0.9806323 0.05136162 0.1950945 -0.9806319 0.01730346 0.1890119 -0.9806304 0.05136746 0.5376293 -0.8304275 0.1460992 0.5548716 -0.8304795 0.04920595 0.5549133 -0.830452 0.04920333 0.5375875 -0.8304564 0.1460895 0.8033601 -0.5540311 0.2183163 0.8291712 -0.554137 0.0735355 0.9466587 -0.1940264 0.2572762 0.8032012 -0.5542742 0.2182842 0.964924 3.11023e-4 0.2625292 0.9960913 -5.19433e-4 0.08832979 0.9771232 -0.194222 0.08664977 0.9771243 -0.1942173 -0.08664774 0.8292374 -0.5540378 0.07353639 0.829179 -0.5541254 -0.07353395 0.8291458 -0.5541759 -0.07352828 0.9771106 -0.1942831 -0.08665424 0.9960839 0 0.08841395 0.9960948 0 -0.08828991 0.1950828 -0.9806342 -0.01730239 0.1890236 -0.9806281 -0.05136817 0.1890034 -0.9806323 -0.05136239 0.1950303 -0.9806448 -0.01729267 0.5549559 -0.8304232 -0.04920583 0.5376334 -0.8304228 -0.1461108 0.8032501 -0.554198 -0.2182978 0.5549723 -0.8304119 -0.04921418 0.9466587 -0.1940264 -0.2572762 0.9960911 3.11603e-4 -0.08833211 0.9650804 -6.24618e-4 -0.2619528 0.1950243 -0.980646 0.01729267 0.9771106 -0.1942831 0.08665424 0.8033514 -0.5540423 -0.2183206 0.7522833 -0.5542301 -0.3562288 0.7523187 -0.5541723 -0.3562438 0.5034588 -0.8304762 -0.2384085 0.5036004 -0.8303737 -0.2384663 0.1770051 -0.9806343 -0.08381885 0.9649961 0.001859247 -0.2622579 0.94661 -0.1942844 -0.257261 0.8865079 -0.1946091 -0.4197989 0.9039135 -0.001980245 -0.4277107 0.1769798 -0.9806396 -0.08380943 0.1595152 -0.9806289 -0.1136748 0.1594673 -0.9806404 -0.1136429 0.453631 -0.8304893 -0.3232749 0.5375269 -0.830498 -0.1460753 0.6778718 -0.5541784 -0.4830902 0.8865932 -0.1941375 -0.4198371 0.7988336 -0.1944128 -0.5692702 0.7988571 -0.1942827 -0.5692816 0.9037891 9.09016e-4 -0.4279773 0.8143996 -5.93328e-4 -0.5803043 0.6779912 -0.5539871 -0.4831421 0.4957226 -0.5451853 -0.6760414 0.4956546 -0.5452911 -0.6760061 0.3345422 -0.8245797 -0.4562346 0.4537283 -0.8304106 -0.3233402 0.3345792 -0.824526 -0.4563045 0.1183797 -0.9797545 -0.1614539 0.8143679 0 -0.580349 0.5804662 -0.189919 -0.7918269 0.1961721 -0.1910793 -0.9617719 0.1701859 -0.09781235 -0.9805456 0.143399 -0.5452871 -0.8258927 0.1433817 -0.5453556 -0.8258506 0.09674966 -0.8244651 -0.5575813 0.5806906 -0.1900932 -0.7916206 0.09679669 -0.8245011 -0.5575198 0.03424042 -0.9797506 -0.1972724 0.03423786 -0.9797559 -0.1972463 0.118393 -0.9797536 -0.16145 0.1997372 0 -0.9798496 -0.02949565 0 -0.999565 -0.0296868 0 -0.9995593 0.1996011 4.86832e-4 -0.9798771 0.5913763 -8.51023e-4 -0.8063953 0.5912597 0 -0.8064812 -0.02870911 -0.1953723 -0.9803089 -0.0291115 -0.1954076 -0.9802899 -0.02453356 -0.5555108 -0.8311474 -0.02440637 -0.5554367 -0.8312005 -0.01650077 -0.831418 -0.5554025 -0.01608788 -0.8313617 -0.5554988 -0.02855956 -0.1948458 -0.9804181 0.1297158 -0.193331 -0.972521 0.1468701 -0.3003754 -0.9424458 0.1284483 -0.5511695 -0.8244473 -0.005652487 -0.9807739 -0.1950659 -0.00582093 -0.9807542 -0.1951599 0.1285051 -0.5510466 -0.8245205 0.08629214 -0.8283303 -0.5535547 0.08624541 -0.8284235 -0.5534223 0.03378754 -0.9756371 -0.2167738 0.02603703 -0.980444 -0.1950683 0.0734837 -0.9841001 -0.1617017 0.3732526 -0.5511268 -0.7462853 0.3733296 -0.5508825 -0.7464271 0.2505882 -0.8283222 -0.5010867 0.2505739 -0.8283787 -0.5010006 0.09500247 -0.9771896 -0.1899346 0.07357621 -0.9841005 -0.1616562 0.4132066 -0.07183623 -0.9077996 0.1250272 -0.9830833 -0.1338489 0.1249626 -0.9830868 -0.1338837 0.3911678 -0.8283616 -0.4010049 0.3912558 -0.8282407 -0.4011687 0.4308214 -0.269553 -0.8612399 0.4135239 -0.059053 -0.9085763 0.1434383 0.05461817 -0.988151 0.4279224 -5.58081e-4 -0.9038153 0.6710103 4.46039e-4 -0.7414479 0.68079 -0.06668311 -0.7294371 0.5827702 -0.5507917 -0.597501 0.6782453 -0.1087789 -0.7267397 0.1018816 -0.1593275 -0.9819546 -0.02796816 0 -0.9996089 0.1431043 -0.9787706 -0.1467294 0.1671953 -0.9817832 -0.09026288 0.1668175 -0.981846 -0.09027981 0.4946599 -0.8283447 -0.262977 0.582669 -0.5510753 -0.5973382 0.7368541 -0.5509414 -0.3918033 0.7368143 -0.5510615 -0.391709 0.8588887 0.06335991 -0.5082281 0.8555516 -0.2317361 -0.4629579 0.8696659 -0.1490939 -0.470587 0.6788524 -0.2339116 -0.6960207 0.174283 -0.9803264 -0.09265887 0.169166 -0.9797473 -0.1071363 0.169198 -0.9797409 -0.1071445 0.4946113 -0.8283743 -0.2629747 0.4779982 -0.824541 -0.3027373 0.7080584 -0.5454251 -0.4485139 0.8663262 -0.1931555 -0.460619 0.8294377 -0.1899644 -0.5253064 0.9342439 0 -0.3566348 0.8447214 0 -0.5352064 0.8448947 -0.001733243 -0.53493 0.7081188 -0.5454713 -0.4483624 0.4347109 -0.5454205 -0.716619 0.4779747 -0.8245637 -0.3027126 0.2934986 -0.8244909 -0.4838114 0.2934626 -0.8245492 -0.4837338 0.1038218 -0.9797613 -0.17114 0.8294961 -0.1898929 -0.5252399 0.5092679 -0.1900553 -0.83936 0.5092254 -0.1901776 -0.8393581 0.210871 -0.1940516 -0.9580592 0.2108845 -0.193868 -0.9580934 0.178982 -0.5537972 -0.8131877 0.5186548 0 -0.8549838 0.5186002 5.0502e-4 -0.8550167 0.1789692 -0.5538507 -0.8131541 0.434762 -0.5453061 -0.7166753 0.1198453 -0.8301931 -0.5444418 0.1198291 -0.8301576 -0.5444992 0.04212409 -0.9806078 -0.1914003 0.1038822 -0.9797413 -0.171218 0.04212814 -0.9806009 -0.1914348 0.05796974 -0.1944317 -0.9792017 0.0199244 0.1330623 -0.9909074 0.01676028 -0.5538091 -0.8324751 0.0167194 -0.5537937 -0.832486 0.01122015 -0.8301814 -0.5573804 0.01121097 -0.8302578 -0.5572669 0.00394988 -0.980603 -0.1959648 0.003941357 -0.9805971 -0.1959942 0.05910128 0 -0.9982521 -0.03827309 -0.1948205 -0.9800919 -0.001459717 0 -0.9999989 0.07237946 -0.3324903 -0.9403252 -0.03441774 -0.9805926 -0.1930122 -0.03440105 -0.9805985 -0.1929853 -0.09782552 -0.8302638 -0.5487189 -0.1721847 -0.1939995 -0.9657726 -0.1721558 -0.1941356 -0.9657504 -0.03901284 0.02061682 -0.999026 -0.07238912 -0.4604076 -0.8847512 -0.07143598 -0.9805967 -0.1825571 -0.07143217 -0.9805948 -0.1825687 -0.1461628 -0.553632 -0.8198342 -0.09784334 -0.8302186 -0.5487841 -0.2031257 -0.83022 -0.5191097 -0.303449 -0.5536597 -0.7754867 -0.1461137 -0.55383 -0.8197092 -0.3574591 -0.1940906 -0.9135381 -0.04679661 -0.9797021 -0.1949205 -0.04680186 -0.9797009 -0.1949256 -0.2031052 -0.8302435 -0.51908 -0.1321912 -0.8242262 -0.550615 -0.3034436 -0.5537309 -0.7754381 -0.1957421 -0.5447747 -0.8154174 -0.3574765 -0.1942541 -0.9134966 0.002741456 -0.9807657 -0.19517 0.05889439 -0.9737675 -0.2197916 -0.1322471 -0.8240826 -0.5508164 -0.1956923 -0.5450602 -0.8152385 0.2173953 -0.5425788 -0.8113862 0.2174593 -0.5422841 -0.8115661 0.1472379 -0.8224108 -0.5495103 0.1472754 -0.8223227 -0.5496322 0.272183 -0.8314744 -0.4843211 0.1544702 -0.9580984 -0.2412188 0.0975728 -0.9807766 -0.1689874 0.3602999 -0.704954 -0.6109206 0.4103489 -0.5556371 -0.7231053 0.4705799 -0.3682504 -0.8018393 0.4851916 -0.1949566 -0.8523973 0.2665393 -0.1893156 -0.9450483 0.4981417 -0.0858125 -0.862839 0.05458003 -0.9795673 -0.1935693 0.2462425 -0.3078179 -0.9190282 0.01255089 -0.1949126 -0.9807404 -0.2291934 -0.1897696 -0.954703 -0.2291685 -0.1900374 -0.9546558 0.5657082 -0.8243443 0.02075409 0.5675761 -0.8226135 0.0341258 0.56586 -0.8242405 -0.02074283 0.5674025 -0.8227336 -0.03411537 0.8735775 0 0.4866851 0.8459987 0.05547529 0.5302914 0.8346284 -0.1723173 0.5231658 0.8304272 -0.193564 0.5224208 0.8329564 -0.1728455 0.5256503 0.8330746 -0.1720643 0.5257191 0.8326199 -0.1752884 0.5253743 0.8335347 -0.168859 0.5260291 0.6774694 -0.5959428 0.4311468 0.705506 -0.5525125 0.443837 0.6985158 -0.5516917 0.4557542 0.6985772 -0.5515549 0.4558258 0.4685642 -0.8288398 0.3057323 0.4684693 -0.8289217 0.3056556 0.4738473 -0.8296396 0.2952404 0.4202109 -0.8667116 0.2687637 0.6811028 -0.5962703 0.4249244 0.8217608 -0.193052 0.5361343 0.8216851 -0.1932855 0.5361664 0.6388359 -0.1931292 0.744708 0.1650039 -0.9803998 0.1076571 0.1661139 -0.9804684 0.1053 0.09581321 -0.9918465 0.08402675 0.5429984 -0.5517869 0.6329962 0.5431016 -0.5515359 0.6331263 0.3642792 -0.8288428 0.4246416 0.3642081 -0.8289147 0.4245622 0.6809962 -0.5964195 0.4248859 0.4227103 -0.8685557 0.2587028 0.1417399 -0.9861956 0.08560431 0.6388461 -0.1932703 0.7446626 0.6505587 0.04019439 0.7583917 0.8585799 -0.0285235 0.511886 0.8374851 0 0.5464603 0.6491527 0.04173606 0.7595123 0.4125946 -0.0192781 0.9107108 0.4049118 -0.1931104 0.8937309 0.4049116 -0.193242 0.8937026 0.3442448 -0.551637 0.7597315 0.3442572 -0.551613 0.7597435 0.2308297 -0.828948 0.5094732 0.2308646 -0.8288767 0.5095735 0.08130335 -0.9804028 0.1794447 0.1282793 -0.9803993 0.1495383 0.03566956 -0.9918447 0.122359 0.213138 0.05663847 0.9753791 0.1413087 0.009046375 0.9899243 0.1386811 -0.1931582 0.9713174 0.1178742 -0.5517432 0.8256423 0.1178729 -0.5517199 0.825658 0.07908916 -0.8288697 0.5538231 0.07904112 -0.8288931 0.5537949 0.1386743 -0.1931852 0.971313 0.02781826 -0.9803987 0.1950503 -0.07904112 -0.8288931 0.5537949 -0.02781957 -0.9803968 0.1950598 -0.03566956 -0.9918449 0.122358 -0.1178774 -0.5517411 0.8256432 -0.138632 -0.1931747 0.9713212 -0.07909351 -0.8288685 0.5538243 -0.23088 -0.8288481 0.509613 -0.2308267 -0.8289386 0.50949 -0.1178711 -0.5517286 0.8256526 -0.3442095 -0.5518051 0.7596256 -0.138719 -0.1931526 0.9713131 -0.4049069 -0.1931635 0.8937216 -0.1413105 -0.007462263 0.9899372 -0.2722586 0.06427198 0.9600752 -0.08130335 -0.9804025 0.1794455 -0.1282668 -0.9804028 0.149526 -0.3642435 -0.8289123 0.4245367 -0.3442458 -0.5515947 0.7597619 -0.5430532 -0.5516403 0.6330769 -0.4049308 -0.1931615 0.8937112 -0.6388461 -0.1932703 0.7446626 -0.4126657 -0.01406353 0.910774 -0.688506 0.02665102 0.7247409 -0.3642827 -0.8288013 0.4247192 -0.4685901 -0.8288155 0.3057587 -0.4685449 -0.8288575 0.3057141 -0.1649597 -0.98041 0.1076322 -0.5429959 -0.5518013 0.6329857 -0.6388138 -0.1932402 0.7446981 -0.8217141 -0.1930654 0.5362013 -0.8217459 -0.193141 0.5361254 -0.6985851 -0.5515667 0.4557995 -0.6502497 0.0500192 0.7580722 -0.6906638 0.06276822 0.720447 -0.6906144 0.06279206 0.7204923 -0.8693817 -0.05136018 0.4914648 -0.8373119 -0.02027869 0.5463493 -0.1634089 -0.9802939 0.1110019 -0.09580659 -0.9918477 0.0840193 -0.1294751 -0.9880598 0.08351099 -0.4631648 -0.8280612 0.3159002 -0.6984149 -0.5518344 0.4557363 -0.68791 -0.5502677 0.4732709 -0.8172937 -0.1930765 0.5429113 -0.8224064 -0.1140534 0.5573506 -0.6075245 -0.6805654 0.4095666 -0.7307131 -0.4697304 0.4953905 -0.8756785 0 0.4828947 -0.8756519 0 0.4829429 -0.8684837 0 0.4957177 -0.8294001 0.09261542 0.5509247 -0.4006387 -0.8776274 0.2631706 0.05119138 -0.9975345 0.04800599 0.2586693 -0.9653357 0.03488796 0.2586608 -0.9653379 0.0348919 -0.1192135 -0.2043966 -0.9716019 0.3985113 0.4912606 0.774501 0.165028 -0.9803948 -0.1076648 0.09581553 -0.9918457 -0.08403253 0.1282793 -0.9803993 -0.1495383 0.3642081 -0.8289147 -0.4245622 0.4684731 -0.8289126 -0.3056744 0.3642792 -0.8288428 -0.4246416 0.54299 -0.5517952 -0.6329962 0.543059 -0.5516461 -0.6330668 0.6388393 -0.1931023 -0.744712 0.8217132 -0.1931149 -0.5361848 0.8217459 -0.193141 -0.5361254 0.6985388 -0.5516744 -0.4557399 0.6388229 -0.193446 -0.7446368 0.6505917 0.04158228 -0.7582884 0.6484958 0.04073667 -0.7601275 0.6488707 0.04072386 -0.7598082 0.6488536 0.04071485 -0.7598234 0.8585525 -0.02849274 -0.5119335 0.8584962 -0.02845764 -0.5120298 0.4684693 -0.8289217 -0.3056556 0.0813117 -0.9804036 -0.1794365 0.471523 -0.8293918 -0.2996255 0.4241239 -0.8675556 -0.2597429 0.1661912 -0.9804674 -0.1051873 0.1428021 -0.9859874 -0.08623528 0.7035893 -0.5523473 -0.4470734 0.6985547 -0.5515954 -0.4558112 0.2309114 -0.8288671 -0.5095676 0.2308925 -0.828846 -0.5096105 0.8312516 -0.1936087 -0.5210916 0.3442167 -0.5516227 -0.7597549 0.3442325 -0.5518149 -0.759608 0.8374506 -0.01057517 -0.5464109 0.8627706 0 -0.5055956 0.873602 0 -0.4866414 0.4049655 -0.193494 -0.8936235 0.4048818 -0.1930231 -0.8937633 0.4125801 -0.01934534 -0.9107159 0.03566551 -0.9918449 -0.122359 0.02783471 -0.9803926 -0.1950787 0.07900816 -0.8288189 -0.5539106 0.07907462 -0.8289391 -0.5537211 0.1178531 -0.5519359 -0.8255165 0.1178743 -0.551738 -0.8256458 0.1386414 -0.1930084 -0.9713529 0.138674 -0.1931959 -0.971311 0.1413528 0.009056866 -0.9899179 0.6486567 0.04225945 -0.759907 -0.03566521 -0.9918449 -0.122359 -0.08131569 -0.9804018 -0.1794445 -0.2309399 -0.828821 -0.50963 -0.07910269 -0.8288246 -0.5538887 -0.230862 -0.8288771 -0.5095739 -0.3441389 -0.5519824 -0.7595289 -0.1178048 -0.5519659 -0.8255034 -0.344253 -0.55165 -0.7597185 -0.4049777 -0.1934998 -0.8936169 -0.4048807 -0.1930281 -0.8937627 -0.1386743 -0.1931852 -0.971313 -0.4126224 -0.01382601 -0.9107973 -0.2727441 0.06458443 -0.9599164 -0.1282543 -0.9804066 -0.1495122 -0.02783608 -0.9803907 -0.1950882 -0.07898223 -0.8289428 -0.5537289 -0.3642659 -0.8288484 -0.424642 -0.3642805 -0.8288459 -0.4246344 -0.543066 -0.5516395 -0.6330665 -0.5429993 -0.5517653 -0.6330141 -0.6388359 -0.1930676 -0.7447239 -0.1386378 -0.192981 -0.9713588 -0.1179249 -0.5517219 -0.8256493 -0.6388242 -0.1934408 -0.7446371 -0.0958122 -0.9918465 -0.08402752 -0.1649878 -0.9804041 -0.1076424 -0.4685688 -0.828838 -0.3057305 -0.4685445 -0.8288518 -0.3057298 -0.6983566 -0.5519398 -0.455698 -0.6986298 -0.5515102 -0.4557993 -0.8217054 -0.1933892 -0.5360981 0.2125599 0.05624365 -0.9755281 -0.821734 -0.1929427 -0.536215 -0.6509912 0.02013242 -0.7588183 -0.6909109 0.06256818 -0.7202274 -0.1413548 -0.007433772 -0.9899311 -0.163375 -0.9802947 -0.1110454 -0.3997434 -0.8782402 -0.2624871 -0.4657068 -0.8284124 -0.3112076 -0.3972473 -0.8761821 -0.2729459 -0.6077858 -0.6802296 -0.4097367 -0.6062916 -0.6821812 -0.4087045 -0.6067601 -0.6815486 -0.4090644 -0.6879252 -0.5502541 -0.4732645 -0.730092 -0.4710997 -0.4950059 -0.8223572 -0.1147238 -0.5572857 -0.8147293 -0.1927384 -0.5468711 -0.8279966 -0.1092265 -0.549992 -0.8293974 0.0925101 -0.5509465 -0.868541 0 -0.4956176 -0.837179 -0.02653294 -0.546285 -0.8757291 0 -0.482803 0.682002 -0.5947741 -0.4255784 -0.1289323 -0.9881607 -0.08315575 0.8459905 0.05539566 -0.5303126 0.8330432 -0.1718685 -0.525833 -1.08677e-5 0.9996573 -0.02617692 0.1573981 0.7431551 -0.6503432 0.1685958 -0.1485286 -0.9744305 0.1685938 -0.1485269 -0.9744312 0.05118662 -0.9975351 -0.04799795 -0.1321522 -0.9562072 -0.2611583 0.03222304 -0.9584785 -0.2833389 -0.09901529 0.5210977 -0.8477342 -0.5812225 0.07370573 -0.8103999 -0.1195576 -0.2041019 0.9716216 0.5216131 0.8342417 -0.1787754 0.5850843 0.8034332 -0.1103247 0.5387955 0.8396844 -0.06804203 0.8474857 -0.1795785 -0.4995196 -0.8216973 -0.180404 -0.5406182 0 1 1.01174e-4 0.2948127 0.9555551 0 0.5441903 0.8389601 0.001720786 0.1909777 0.9815931 -0.001618444 0.1912108 0.981549 0 0.1933786 0.9810248 0.01397025 0.1903127 0.9816453 0.01239329 -0.5146161 0.3021873 0.8024047 -0.4335625 0.386525 -0.8140161 0.9690069 0.2256875 0.1004529 0.9685584 0.2213451 0.1135823 0.8169218 0.572373 0.07090884 0.4755151 0.5508565 -0.6858881 -0.2397223 0.9588894 0.1518695 -0.2294901 0.9606564 0.1564402 -0.5471937 0.7629142 0.344298 -0.427193 0.7628446 0.4853599 -0.3160634 0.7072021 0.6324313 -0.1838364 0.8054402 0.5634451 0.06332617 0.7622309 0.6442002 -0.103877 0.935477 0.3377759 0.02141672 0.9518197 0.3059098 0.00749427 0.9942224 0.1070786 0.05020111 0.7560105 0.6526317 -0.6373727 0.7568801 0.1445292 -0.6166328 0.4855983 0.6196437 -0.8141109 0.4811994 0.3250705 -0.6612392 0.4689905 0.5855004 -0.4774485 0.4361531 0.762767 -0.4110007 0.5152944 0.7520307 -0.1029772 0.4331367 0.8954263 -0.7470068 0.1073822 0.6560869 -0.8307921 0.4928354 0.2586464 -0.9124379 0.1463702 0.3821427 0.008080542 0.5775762 0.8162969 0.2161555 0.5185779 0.8272567 0.07476013 0.3557852 0.9315727 -0.5754768 0.08505713 0.8133829 -0.5709146 0.04291611 0.8198871 -0.2254901 -0.01387292 0.9741467 -0.1037544 0.389079 0.9153429 -0.6025327 -0.2610194 0.7542038 -0.4371203 -0.6297168 0.6421703 -0.7773359 -0.3016844 0.5520285 -0.2552454 0.0912202 0.9625636 -0.003201365 0.03156369 0.9994966 -0.464802 -0.7124456 0.5257189 -0.3621345 -0.5906298 0.7211208 -0.2821026 -0.4632031 0.8401554 -0.395567 -0.175167 0.9015783 -0.224373 -0.4330151 0.8730148 -0.06055361 -0.172415 0.9831615 -0.7373576 -0.6200507 0.2680318 -0.5231695 -0.8084082 0.2697592 -0.6218226 -0.6477319 0.4402046 -0.06466645 -0.2635704 0.9624702 0.1055862 0.3325774 0.9371467 -0.1137545 -0.223482 0.9680474 0.0663743 0.3829287 0.9213904 -0.01176422 0.4058673 0.9138563 0.2517285 0.702286 0.6659033 0.1584202 0.7753573 0.6113299 0.03835326 0.7953752 0.6049027 0.2739173 0.8938353 0.3550041 0.1733662 0.9428499 0.2845669 0.01798808 0.9574871 0.2879149 0.1984063 0.9754981 0.0950697 0.2227526 0.9681171 -0.114589 0.177607 0.2990847 0.9375522 0.4545289 0.5901545 0.6671741 0.4201861 0.6034067 0.6777494 0.3095666 0.1690744 0.9357257 0.5509403 0.75642 0.3525531 0.5057191 0.7758847 0.3771618 0.75099 0.5427809 0.3760359 0.7856903 0.5098214 0.3503894 0.588459 0.4155992 0.6935369 0.5039112 0.7873613 0.3551561 0.9018017 0.2616189 0.3439612 0.5554277 0.8227497 0.1207607 0.8263561 0.5571588 0.08191388 0.9450738 0.1699008 0.27923 0.6146876 0.4193897 0.6680356 0.7132844 0.238973 0.6588758 0.9601074 0.01251494 0.2793517 0.9588688 0.01343387 0.2835317 0.7792842 0.1511771 0.6081624 0.8011389 0.02621299 0.5979043 0.5901015 0.4372439 0.6786737 0.4235018 -0.02445155 0.9055653 0.4003843 0.04529964 0.9152271 0.388953 0.04977506 0.919912 0.07129496 0.04900133 0.996251 0.7883924 0.03044044 0.6144192 0.758977 -0.06899785 0.6474514 0.8441815 -0.2760134 0.4595369 0.9347777 -0.1747595 0.309273 0.6167134 -0.1619938 0.7703394 0.4568182 0.1581293 0.8753927 0.260589 -0.03297573 0.9648866 0.01446825 -0.1606082 0.9869123 0.1774064 -0.4740079 0.8624636 0.4608164 -0.3175663 0.828734 0.427469 -0.3806231 0.8199979 -0.259548 -0.2191822 0.9405286 -0.09651613 -0.5421938 0.8346919 0.5906531 -0.6071085 0.5315527 0.6354081 -0.5320863 0.55959 0.1284129 -0.5181104 0.8456193 -0.2724401 -0.6173377 0.738018 -0.1698172 -0.8167399 0.551451 0.1716582 -0.8044064 0.5687388 -0.4941831 -0.7641062 0.4146382 0.2330747 -0.759865 0.6068621 -0.3273563 -0.8452969 0.4222689 0.8840194 0.2056573 -0.4197797 0.9415441 -0.189413 0.2785993 0.8809696 -0.2876247 0.3757188 0.6835368 -0.6098961 0.401004 0.7029954 -0.5714187 0.4234126 0.3497784 -0.8251851 0.4435368 0.31888 -0.8490251 0.4212742 0.7677844 -0.1411176 0.6249743 0.6652659 -0.2405649 0.7067884 0.5025404 -0.4609768 0.7314052 0.5219349 -0.4179261 0.743587 0.2895432 -0.5848199 0.7577272 -0.009046316 -0.907289 0.4204105 -0.1228002 -0.9352729 0.3319408 0.253716 -0.619539 0.7428322 0.04626005 -0.6774867 0.7340789 0.7969593 -0.01298618 0.6038935 0.796899 -0.01282751 0.6039764 0.4014258 -0.01898896 0.9156947 0.4007843 -0.01899546 0.9159755 0.4324535 0.04809641 0.9003727 0.2691166 -0.1534136 0.9508104 -0.09436869 -0.7465614 0.65859 -0.2927958 -0.8950622 0.3363544 -0.2032504 -0.7339659 0.6480612 0.09263932 -0.2691799 0.9586241 -0.1465136 -0.3467489 0.9264443 -0.03601616 -0.3382949 0.9403507 -0.01631951 -0.30813 0.9512043 0.08568304 -0.02073144 0.9961068 0.4355352 -0.08875054 0.895786 0.2669384 0.1074991 0.9576992 0.09680849 0.2273441 0.9689906 -0.1426897 0.3056479 0.9413921 -0.03543007 0.2966843 0.9543182 0.7676344 0.1098144 0.6314097 0.9612441 -0.00524795 0.2756491 0.9402683 0.1761588 0.2913137 0.9624753 -0.005700886 0.2713096 0.6624341 0.2049683 0.720534 0.5328571 0.3877096 0.75216 0.4911069 0.4035118 0.7720054 0.2390766 0.5713368 0.7851222 0.8854136 0.2627983 0.3833797 0.7083518 0.5650479 0.4230349 0.2970252 0.5698033 0.7662247 0.04307836 0.6402336 0.7669715 -0.1055426 0.7170688 0.6889653 -0.2038931 0.7049808 0.6792863 -0.1758424 0.6272075 0.7587426 0.6797462 0.5814044 0.4471175 0.3168547 0.8230852 0.4713109 0.3529105 0.819944 0.4507173 -0.01324391 0.8901833 0.45541 -0.1254003 0.9198946 0.371576 -0.009821236 0.2550693 0.9668729 0.03761315 0.37143 0.9276989 -0.0124166 0.09108692 0.9957655 -0.006487488 -0.2019121 0.9793822 0.05174148 -0.4545252 0.8892298 -0.3920463 -0.4266386 0.8150333 -0.5312153 -0.1723862 0.8295139 -0.4578331 -0.3272027 0.8266362 -0.6033976 -0.3555736 0.7137778 -0.8212435 -0.3592941 0.4432458 -0.1823179 -0.6801527 0.7100371 -0.4763957 -0.3377265 0.8117808 -0.2859361 0.8531197 0.4363801 -0.4091177 0.7834169 0.4678469 -0.5340957 0.812087 0.2350672 -0.5376276 0.7936409 0.2847647 -0.2951045 0.8794158 0.3735523 -0.3215188 0.9220024 0.2157249 -0.3899903 0.3589869 0.84796 -0.4745511 0.08888536 0.8757287 -0.4809585 0.2774661 0.8316801 -0.8182025 0.3248884 0.4743334 -0.8791677 0.3159509 0.3567058 -0.4894567 0.2555609 0.8337391 -0.2859929 -0.877687 0.3845436 -0.4101774 -0.8090473 0.4209482 -0.6558492 -0.7526192 -0.05853587 -0.6985917 -0.6408109 0.3183256 -0.7823532 -0.593248 0.1896854 0.9697223 0.211544 -0.1220166 0.9700286 0.2072169 -0.126909 0.8304127 0.5502402 -0.08746773 -0.1347128 0.5112966 -0.8487805 -0.2239338 -0.9597165 -0.1696999 -0.2376456 -0.9505823 -0.1997948 -0.5176085 -0.7611889 -0.3907337 -0.4709655 -0.717152 -0.5136969 -0.305089 -0.6763494 -0.6704269 -0.1808671 -0.7726207 -0.6085593 0.06259959 -0.7243669 -0.6865667 -0.09533309 -0.920022 -0.3800939 0.02894645 -0.937513 -0.3467441 0.06113582 -0.7240329 -0.6870508 -0.6507767 -0.7437448 -0.1527527 -0.5817966 -0.4755068 -0.6598531 -0.783443 -0.4608488 -0.4169358 -0.6828321 -0.4311177 -0.5898118 -0.464743 -0.3966141 -0.7916511 -0.4073792 -0.466329 -0.7852257 -0.1115227 -0.3730391 -0.9210889 -0.7329363 -0.0735799 -0.6763064 -0.8132829 -0.4825097 -0.3252005 -0.885135 -0.11894 -0.449877 0.00352025 -0.5294507 -0.8483335 0.2092097 -0.4674934 -0.8588839 0.08820986 -0.3152967 -0.9448847 -0.5670201 -0.03997969 -0.8227332 -0.5610154 0.01161384 -0.827724 -0.2300467 0.06947576 -0.9706965 -0.1133857 -0.3225111 -0.9397502 -0.5948452 0.3041195 -0.7440904 -0.4367026 0.661718 -0.6094425 -0.7698142 0.3402191 -0.5400344 -0.2565434 -0.02547162 -0.9661971 -0.003102958 0.03607815 -0.9993442 -0.4670076 0.7389315 -0.4856792 -0.3589147 0.6212448 -0.6965883 -0.286756 0.5100828 -0.8109171 -0.393396 0.2265389 -0.8910217 -0.2300257 0.4783579 -0.8475034 -0.05630397 0.2149832 -0.9749934 -0.7324339 0.634776 -0.2461712 -0.5348483 0.8113892 -0.2357648 -0.6020803 0.6773403 -0.4227405 -0.05732947 0.3212931 -0.945243 0.09979844 -0.2614082 -0.9600553 -0.1046981 0.2615249 -0.9595015 0.07653355 -0.3516574 -0.9329951 -0.007772445 -0.3779361 -0.9257991 0.2610055 -0.6815143 -0.6836773 0.1638128 -0.7545709 -0.6354433 0.04569822 -0.7751441 -0.6301297 0.2780351 -0.8820422 -0.380392 0.1776851 -0.9331194 -0.3125963 0.02307087 -0.9476573 -0.3184548 0.186313 -0.2697606 -0.944731 0.4580168 -0.571605 -0.6807999 0.425629 -0.5825036 -0.6924808 0.3159477 -0.139042 -0.9385331 0.5540485 -0.7450174 -0.3714558 0.5097267 -0.7636355 -0.3962823 0.3938764 -0.5708131 -0.72044 0.4248509 0.04905897 -0.9039331 0.7170436 -0.2196513 -0.6615148 0.5988638 -0.4169082 -0.683776 0.6172421 -0.401954 -0.6763469 0.7847037 -0.13407 -0.6051986 0.9047458 -0.252515 -0.3430324 0.7867428 -0.5025876 -0.3583872 0.8064484 -0.009653985 -0.5912258 0.9559455 -2.99099e-4 -0.2935442 0.9630131 -0.003502726 -0.2694317 0.4074319 -0.01085841 -0.9131711 0.39042 -0.01783299 -0.9204641 0.9477071 -0.1629672 -0.2743958 0.9094451 -0.3410419 -0.2379078 0.7940683 -0.5790082 -0.1849465 0.9944549 -0.001109838 -0.1051583 0.7533122 -0.5324282 -0.3860582 0.8512448 -0.5142937 -0.1043273 0.6047727 -0.7802352 -0.1596347 0.432788 -0.08689832 -0.8972977 0.6566093 0.3080139 -0.6884707 0.2350075 0.1016249 -0.9666664 0.424693 0.4333308 -0.7948964 0.6994488 0.09638333 -0.7081537 0.7779308 -0.003931641 -0.6283378 0.02807962 0.2032337 -0.9787276 0.1820644 0.5353237 -0.8247915 -0.2288623 0.2570986 -0.9388943 -0.08944731 0.5925886 -0.8005235 0.8630746 0.3914977 -0.319111 0.8986954 0.1417948 -0.4150192 0.9685601 0.2248443 -0.1064725 0.956746 0.2391865 -0.1656107 0.4499878 0.3917848 -0.8025059 0.5904871 0.6272054 -0.5078764 0.1516839 0.5624946 -0.812768 0.2279218 0.7841093 -0.5772559 0.6319648 0.5548013 -0.5411249 0.6667392 0.7223008 -0.183686 0.6729303 0.7103153 -0.206439 -0.2432754 0.6559078 -0.7145643 -0.1672001 0.8335083 -0.5266005 -0.4920044 0.7801633 -0.3863639 0.1670296 0.8269456 -0.5369005 0.2198315 0.9571834 -0.1883453 0.1882441 0.9529857 -0.2374498 -0.3290215 0.8602541 -0.3894971 -0.3749707 0.9061791 -0.1955413 0.2392625 -0.8613449 0.4481499 0.08199989 -0.01202386 -0.9965598 -0.5608444 -0.7841436 -0.2656546 -0.4839205 -0.7742728 -0.4078267 -0.4077681 -0.7528026 -0.5167336 -0.2832213 -0.8222994 -0.4935681 -0.2965906 -0.8636314 -0.4076455 -0.3225772 -0.9100158 -0.260414 -0.2081231 -0.6748516 -0.7079973 -0.1689561 -0.5632457 -0.8088315 -0.4016509 -0.2803011 -0.8718416 0.01703143 -0.2804641 -0.9597135 -0.5115673 -0.1681122 -0.8426371 -0.4905147 -0.220263 -0.8431367 -0.8134797 -0.2796336 -0.5099568 -0.8663346 -0.293935 -0.4038152 -0.4855613 0.009366631 -0.8741526 -0.4712151 0.3774608 -0.7971699 -0.5323475 0.248633 -0.8091896 -0.007578611 0.3026103 -0.9530842 -0.4766273 0.4098624 -0.7777142 -0.4032236 0.4838684 -0.7767124 -0.2006074 0.7208501 -0.6634244 -0.03518837 0.351605 -0.9354869 -0.02331733 0.03019303 -0.9992721 -0.04633492 0.3686403 -0.9284166 0.05267024 0.5275686 -0.8478782 -0.0106154 -0.199776 -0.9797841 -0.04578864 -0.258602 -0.9648982 -0.1469731 -0.2674095 -0.9523084 0.04660254 -0.614853 -0.7872636 -0.07977622 -0.6885949 -0.7207447 0.01225388 -0.8606017 -0.5091311 -0.1229684 -0.9046347 -0.4080626 -0.1001065 -0.9510118 -0.2924987 0.100969 -0.1840955 -0.9777086 0.2725973 -0.0666632 -0.959816 0.493003 -0.3836089 -0.780892 0.2624157 -0.5421972 -0.7982232 0.3071752 -0.5398377 -0.783721 0.4277664 0.1278382 -0.8948036 0.6617986 -0.1869974 -0.7259853 0.4288933 -0.8808695 -0.2002991 0.3691475 -0.7828388 -0.5008927 0.3637897 -0.8962112 -0.2538949 0.3948587 0.0540595 -0.9171501 0.391034 0.05299419 -0.9188494 0.7929279 0.03587138 -0.6082587 0.5273445 -0.3718327 -0.7639688 -0.2121136 0.7524454 -0.6235654 0.6574622 -0.5599203 -0.5042149 -0.08891159 0.7663335 -0.6362607 0.0442754 0.7007731 -0.712009 -0.1486029 0.3772863 -0.9140965 0.09112524 0.2987362 -0.9499752 0.2592471 0.1788805 -0.949101 0.2596921 0.6411149 -0.7221716 0.7604846 -0.101579 -0.6413618 0.8703981 -0.2607402 -0.4176384 -0.2956286 0.8953056 -0.3332145 -0.4203419 0.8287591 -0.3694201 -0.600918 0.7858158 -0.1462571 -0.5425336 0.8213357 -0.1762527 0.4278135 -0.02217829 -0.9035949 0.2862419 0.6110449 -0.7380311 -0.3004254 0.904308 -0.3032684 -0.130516 0.9447292 -0.3007531 -0.3337134 0.9347056 -0.1223142 0.514884 0.4490496 -0.7302391 0.4972782 0.4856414 -0.7189345 0.7947182 0.03570771 -0.6059276 0.6552659 0.2712496 -0.705018 -0.1041637 0.9837679 -0.1461185 0.005496144 0.9133214 -0.4072026 0.3125332 0.8554565 -0.4129375 0.3669067 0.9201332 -0.1368734 -0.1192622 0.9866238 -0.1111307 0.6640735 0.6298233 -0.4029008 0.8661971 0.3109915 -0.3911354 0.3558411 0.8214889 -0.4455708 0.7627804 0.1682137 -0.6243959 0.307545 0.9322459 -0.1906138 0.9383587 0.1979131 -0.2833961 0.6055408 0.7795467 -0.1600854 0.9592522 0.01594465 -0.2821012 0.6936439 0.5737458 -0.4355158 0.9587746 0.01604306 -0.2837147 0.9380905 -0.164083 -0.3050626 0.3137035 -0.7864372 -0.5320779 0.7057479 -0.5348592 -0.4645919 0.7437801 -0.5271849 -0.4109346 0.9421389 -0.2836685 0.178624 0.7664075 -0.6254109 -0.1465634 -0.8559188 0.3756532 -0.3553698 -0.828104 0.3910491 -0.401652 0.4954436 0.2941696 0.8173126 0.07345074 0.05834639 -0.9955906 0.3728667 0.2252736 -0.9001235 0.3718116 0.9064035 0.2004719 0.4916236 0.8108882 0.3174378 0.7427712 0.5707534 0.350045 0.3626697 0.7878347 0.4977823 0.9915775 0 -0.1295151 -0.8437395 0.1771964 0.5066609 -0.2191624 -0.7143216 -0.6646146 0.6427884 -0.7657811 0.02006214 0.6428336 -0.7657434 0.02005237 0.8448935 9.212e-4 0.5349339 0.8449693 0 0.5348148 0.5187905 -0.001534283 0.8549001 0.5186548 0 0.8549838 0.2332521 0 0.9724164 0.1939181 0.4313517 0.8810968 0.2714077 0 0.9624645 0.2714743 -6.32913e-4 0.9624455 -0.2205829 5.12143e-4 0.9753682 -0.2207127 0 0.9753389 -0.3856558 0 0.9226428 -0.3289289 0.4304368 0.8405535 0.1945905 0.4249942 -0.884033 0.2327988 0 -0.972525 0.2714483 0 -0.962453 0.2716563 -0.003320395 -0.9623886 -0.2202216 0.003341674 -0.9754441 -0.2206895 0 -0.9753441 -0.7519634 0.03207778 -0.658424 -0.1173305 -0.561785 0.8189209 -0.69414 -0.08078348 0.7152928 -0.865943 -0.1375417 -0.4808586 -0.8654309 -0.1375339 -0.481782 -0.9915463 0 0.1297531 -0.1321801 -0.9561921 0.2611993 0.03219807 -0.9584726 0.2833616 -0.1412698 -0.9106801 0.388207 -0.3031665 -0.7571673 0.5786085 -0.5189348 -0.1316894 0.8446091 -0.5189128 -0.1316207 -0.8446334 0.817749 -0.5521082 -0.1626756 0.8179673 -0.5517782 0.1626972 0.4192165 0.2569836 -0.8707565 -0.288129 0.4586865 0.8405882 -0.43391 0.6531518 0.6205763 0.6953141 0.7162721 0.0590986 0.4003271 0.3778511 0.8348453 0.7056248 -0.2102761 -0.6766666 -0.8904579 -0.06048232 0.4510286 0.3473619 -0.147267 0.9260951 -0.890367 0.08579057 -0.4470869 0.4227898 0.1723013 -0.8896971 -0.7784147 -0.5962824 -0.1962604 -0.7186034 -0.6251319 -0.3046627 0 -0.9912955 -0.1316564 0 0.9789804 0.2039542 0.964468 -0.241117 0.1080003 -0.845441 0.1759226 -0.5042626 -0.8218345 -0.1803917 0.5404139 -0.2177727 -0.7145585 0.6648167 0.9784466 -0.2065005 0 0.9785213 -0.2061463 0 0.9814906 -0.1915103 0 -0.1400827 0.6024994 0.7857298 -0.2218787 -0.3487058 0.91059 -0.3288883 0.4305702 -0.840501 -0.3857137 0 -0.9226186 -0.1400763 0.6025068 -0.7857252 0.4999526 0 -0.8660528 0.500015 7.17536e-5 -0.8660168 0.4998441 3.93114e-4 -0.8661155 0.5000436 0 0.8660002 0.500015 7.17536e-5 0.8660168 0.4999178 -1.96547e-4 0.866073 0.3901587 0.3773373 -0.8398767 -0.2220067 -0.3483111 -0.9107098 0.195203 0.2975272 0.9345445 0 0.09803766 0.9951828 0 -0.09803766 0.9951828 0 -0.2902767 0.9569428 0 0.2902767 0.9569428 0 -0.471384 0.881928 0 -0.4713914 0.8819242 0 0.4713918 0.881924 0 0.4713836 0.8819283 0 -0.6344079 0.7729985 0 0.634396 0.7730083 0 -0.634396 0.7730083 0 -0.7730047 0.6344004 0 0.6344079 0.7729985 0 0.7729966 0.6344102 0 -0.772997 0.6344098 0 -0.8819207 0.4713978 0 0.773005 0.6344 0 0.8819207 0.4713978 0 -0.8819209 0.4713973 0 -0.956942 0.2902795 0 0.8819209 0.4713973 0 0.956942 0.2902795 0 -0.9569421 0.2902789 0 -0.9951851 0.09801369 0 0.9569421 0.2902789 0 0.995185 0.0980156 0 -0.995185 0.0980156 0 -0.9951851 -0.09801369 0 0.9951851 0.09801369 0 0.995185 -0.0980156 0 -0.995185 -0.0980156 0 -0.9569438 -0.2902733 0 0.9951851 -0.09801369 0 0.9569455 -0.2902678 0 -0.9569454 -0.2902684 0 -0.8819166 -0.4714057 0 -0.8819118 -0.4714144 0 0.9569437 -0.2902739 0 0.8819122 -0.471414 0 0.8819163 -0.4714062 0 -0.772997 -0.6344098 0 -0.7730047 -0.6344004 0 0.773005 -0.6344 0 0.7729966 -0.6344102 0 -0.6344079 -0.7729985 0 0.6344199 -0.7729887 0 -0.6344199 -0.7729887 0 -0.4713836 -0.8819283 0 -0.4713918 -0.881924 0 0.6344079 -0.7729985 0 0.4713914 -0.8819242 0 0.471384 -0.881928 0 -0.2902767 -0.9569428 0 0.2902767 -0.9569428 0 -0.09801298 -0.9951851 0 0.09801298 -0.9951851 -0.1949594 0 0.9808114 -0.5555822 0 0.8314617 -0.1951377 0 0.980776 0.1951311 0 0.9807773 -0.8315152 0 0.5555022 0.1949527 0 0.9808127 -0.8314579 0 0.5555878 0.5555983 0 0.8314509 -0.9807789 0 0.1951223 -0.9807718 0 0.1951578 0.8314669 0 0.5555742 -0.9807718 0 -0.1951578 0.8314097 0 0.5556599 0.9807989 0 0.1950221 -0.8314579 0 -0.5555878 0.9807918 0 0.1950575 -0.8315152 0 -0.5555022 0.9807918 0 -0.1950575 -0.5555822 0 -0.8314617 0.8314097 0 -0.5556599 -0.1952269 0 -0.9807581 0.8314669 0 -0.5555742 -0.1950486 0 -0.9807936 0.5555983 0 -0.8314509 0.195042 0 -0.980795 0.1952202 0 -0.9807595 -0.1951311 0 0.9807773 -0.1952202 0 0.9807595 -0.5554701 0 0.8315365 0.1952136 0 0.9807608 0.1951245 0 0.9807785 -0.8314991 0 0.5555262 0.5554862 0 0.8315258 -0.9807891 0 0.1950712 0.8315152 0 0.5555022 -0.980782 0 0.1951066 -0.9807786 0 -0.1951244 0.9807825 0 0.1951046 -0.980775 0 -0.1951421 0.9807754 0 0.1951401 -0.8314991 0 -0.5555262 0.9807718 0 -0.1951578 -0.8314704 0 -0.555569 0.9807684 0 -0.1951756 -0.5554701 0 -0.8315365 0.8315152 0 -0.5555022 -0.5555983 0 -0.8314509 0.8314865 0 -0.555545 -0.2901149 0 -0.9569919 0.5554862 0 -0.8315258 -0.290453 0 -0.9568893 0.5556144 0 -0.8314402 -0.09813833 0 -0.9951729 0.1952136 0 -0.9807608 -0.0985037 0 -0.9951367 -0.09815186 0 0.9951716 -0.09796911 0 0.9951895 0.1950353 0 0.9807962 -0.2902263 0 0.9569581 -0.2903953 0 0.9569068 0.5556144 0 0.8314402 -0.5556144 0 0.8314402 0.8314419 0 0.5556119 -0.8314097 0 0.5556599 0.8314704 0 0.555569 -0.8314384 0 0.5556171 0.980782 0 0.1951066 -0.9807953 0 0.1950398 0.9807786 0 0.1951244 -0.9807918 0 0.1950575 0.9807786 0 -0.1951244 -0.9807918 0 -0.1950575 0.9807856 0 -0.1950889 -0.9807989 0 -0.1950221 0.8314419 0 -0.5556119 -0.8314097 0 -0.5556599 0.8314991 0 -0.5555262 -0.8314669 0 -0.5555742 -0.5556144 0 -0.8314402 -0.5554862 0 -0.8315258 0.1951245 0 -0.9807785 -0.1951245 0 -0.9807785 -0.831483 0 0.5555502 -0.8314545 0 0.5555931 -0.9807888 0 0.1950732 -0.5555022 0 0.8315151 -0.5556305 0 0.8314295 -0.9807888 0 -0.1950732 -0.1950286 0 0.9807976 -0.9807852 0 -0.195091 -0.1951178 0 0.9807799 -0.8314257 0 -0.5556359 0.1951377 0 0.980776 -0.831483 0 -0.5555502 0.1950486 0 0.9807936 -0.5556305 0 -0.8314295 0.5555822 0 0.8314617 0.555454 0 0.8315473 -0.1950286 0 -0.9807976 -0.1951178 0 -0.9807799 0.8314991 0 0.5555262 0.1951377 0 -0.980776 0.1950486 0 -0.9807936 0.5555822 0 -0.8314617 0.980782 0 -0.1951066 0.5556305 0 0.8314295 0.5555663 0 0.8314723 0.8313936 0 0.5556839 0.8314509 0 0.5555983 -0.5555663 0 0.8314723 -0.8313936 0 0.5556839 -0.8314509 0 0.5555983 0.980775 0 -0.1951421 -0.9569767 0 0.2901648 0.8314509 0 -0.5555983 -0.9570078 0 0.2900624 -0.9951859 0 0.09800511 0.5555663 0 -0.8314723 -0.9951895 0 0.09796911 0.5554381 0 -0.8315579 -0.9808021 0 -0.1950063 0.1952269 0 -0.9807581 -0.980795 0 -0.1950418 -0.8314509 0 -0.5555983 -0.1952069 0 -0.9807621 -0.5555663 0 -0.8314723 -0.5554381 0 -0.8315579 0.1952202 0 0.9807595 -0.1952269 0 0.9807581 0.9807953 0 0.1950398 0.9807953 0 -0.1950398 -0.7729945 0 0.6344128 -0.7729202 0 0.6345033 -0.8819158 0 0.4714069 0.5557264 0 -0.8313652 -0.8819569 0 0.4713303 -0.9807754 0 0.1951401 0.1951311 0 -0.9807773 -0.9807754 0 -0.1951401 -0.1951377 0 -0.980776 -0.5557104 0 -0.831376 0.9807891 0 0.1950712 0.1949461 0 0.980814 -0.1949461 0 0.980814 -0.1951245 0 0.9807785 0.8314704 0 -0.555569 -0.9808024 0 0.1950043 -0.1952136 0 -0.9807608 -0.9807883 0 -0.1950752 -0.8314384 0 -0.5556171 -0.1949527 0 0.9808127 -0.5555983 0 0.8314509 0.1951178 0 0.9807799 0.1949394 0 0.9808153 0.5556465 0 0.8314187 -0.9807852 0 0.195091 0.5555183 0 0.8315044 0.772967 0 0.6344463 0.881928 0 0.4713841 0.9807852 0 0.195091 0.9807888 0 0.1950732 0.9807888 0 -0.1950732 -0.195042 0 -0.980795 -0.1949527 0 -0.9808127 0.1949394 0 -0.9808153 0.8314223 0 -0.5556411 0.1950286 0 -0.9807976 0.5556465 0 -0.8314187 -0.1949328 0 0.9808167 -0.1951111 0 0.9807811 -0.5556465 0 0.8314187 -0.5555183 0 0.8315044 0.1949594 0 0.9808114 -0.9808052 0 0.1949906 -0.9808087 0 0.1949729 -0.9808087 0 -0.1949729 -0.8314223 0 -0.5556411 -0.5556465 0 -0.8314187 -0.195022 0 -0.980799 -0.1949328 0 -0.9808167 0.1949594 0 -0.9808114 -0.1950486 0 0.9807936 -0.5557585 0 0.8313438 0.1949328 0 0.9808167 -0.8314669 0 0.5555742 0.195022 0 0.980799 0.5557746 0 0.8313331 -0.9807883 0 0.1950752 -0.995203 0 -0.09783208 -0.9952012 0 -0.09785002 -0.956888 0 -0.2904575 0.980775 0 0.1951421 -0.956919 0 -0.2903549 -0.1949594 0 -0.9808114 0.1949328 0 -0.9808167 0.1951111 0 -0.9807811 -0.5554862 0 0.8315258 -0.1952136 0 0.9807608 0.1952269 0 0.9807581 0.5554701 0 0.8315365 0.5554701 0 -0.8315365 -0.1949394 0 0.9808153 0.195042 0 0.980795 -0.4715934 0 0.8818161 -0.6343336 0 0.7730595 0.831483 0 0.5555502 0.8314545 0 0.5555931 -0.8314223 0 0.5556411 0.9807922 0 0.1950555 -0.9807989 0 0.1950221 0.9807816 0 -0.1951087 0.8315402 0 -0.5554646 -0.8315081 0 -0.5555127 0.831483 0 -0.5555502 -0.5555022 0 -0.8315151 0.5555503 0 -0.831483 -0.8314257 0 0.5556359 -0.1952069 0 0.9807621 0.4712489 0 0.8820003 -0.8314545 0 -0.5555931 0.6345201 0 0.7729064 0.555454 0 -0.8315473 0.5555503 0 0.831483 -0.9807953 0 -0.1950398 0.8314257 0 0.5556359 -0.1949394 0 -0.9808153 0.1949527 0 -0.9808127 0.290453 0 0.9568893 0.290284 0 0.9569407 0.09796237 0 0.9951902 0.09814512 0 0.9951722 -0.1950353 0 0.9807962 0.9807718 0 0.1951578 -0.8314419 0 0.5556119 0.9807789 0 -0.1951223 -0.8314704 0 0.555569 -0.9807786 0 0.1951244 -0.9807856 0 -0.1950889 -0.555454 0 0.8315473 -0.980782 0 -0.1951066 -0.8314419 0 -0.5556119 -0.6345201 0 -0.7729064 -0.6344099 0 -0.7729969 -0.4713925 0 -0.8819236 -0.4712489 0 -0.8820003 0.1950353 0 -0.9807962 -0.9807985 0 0.1950241 0.8314223 0 0.5556411 -0.9808056 0 0.1949886 0.9807856 0 0.1950889 0.8315081 0 -0.5555127 0.5555022 0 -0.8315151 -0.555454 0 -0.8315473 0.1951111 0 0.9807811 0.195022 0 -0.980799 -0.195022 0 0.980799 -0.8818584 0 -0.4715147 -0.8818994 0 -0.4714379 -0.7730009 0 -0.634405 -0.5555183 0 -0.8315044 -0.1951111 0 -0.9807811 -0.195042 0 0.980795 0.8314579 0 0.5555878 0.8314865 0 0.555545 -0.1952202 0 -0.9807595 0.1950286 0 0.9807976 0.5555183 0 -0.8315044 0.1951178 0 -0.9807799 -0.1951311 0 -0.9807773 0 -0.1950804 0.9807873 0 -0.5555663 0.8314723 0 -0.1950809 0.9807872 0 -0.5555649 0.8314732 0 0.1950809 0.9807872 0 -0.831487 0.5555442 0 0.1950799 0.9807874 0 0.5555676 0.8314714 0 -0.9381209 0.346308 0 0.5555663 0.8314723 0 0.831487 0.5555442 0 -0.9876893 0.1564289 0 0.8314858 0.5555463 0 -0.9876881 0.156436 0 0.9807814 0.1951096 0 -0.9807839 -0.1950977 0 0.980781 0.1951124 0 0.9807836 -0.1950991 0 -0.831487 -0.5555442 0 0.9807841 -0.1950963 0 0.8314858 -0.5555463 0 -0.5556131 -0.8314411 0 0.831487 -0.5555442 0 -0.5556144 -0.8314402 0 0.5556144 -0.8314402 0 -0.1950135 -0.9808006 0 0.5556157 -0.8314392 0 -0.1950141 -0.9808005 0 0.195013 -0.9808007 0 0.1950141 -0.9808005 0 -0.1950799 0.9807874 0 -0.5555676 0.8314714 0 0.1950804 0.9807873 0 -0.8314858 0.5555463 0 -0.9807814 0.1951096 0 0.5555649 0.8314732 0 -0.980781 0.1951124 0 -0.9807836 -0.1950991 0 -0.9807841 -0.1950963 0 0.9807812 0.195111 0 -0.8457395 -0.533596 0 -0.8457388 -0.5335973 0 0.9807839 -0.1950977 0 -0.7254252 -0.6883011 0 -0.7254306 -0.6882954 0 -0.5556157 -0.8314392 0 0.5556131 -0.8314411 0 -0.195013 -0.9808007 0 0.1950135 -0.9808006 0 -0.1951528 0.9807729 0 -0.5555182 0.8315045 0 0.1951473 0.9807739 0 -0.8314508 0.5555984 0 -0.8314536 0.5555944 0 0.5555182 0.8315045 0 -0.9807871 0.1950816 0 -0.980786 0.1950871 0 0.8314508 0.5555984 0 -0.9807834 -0.1951004 0 0.8314562 0.5555903 0 -0.9807844 -0.1950949 0 0.9807854 0.1950899 0 -0.8314536 -0.5555944 0 0.9807865 0.1950843 0 -0.8314508 -0.5555984 0 -0.5555663 -0.8314723 0 0.9807828 -0.1951032 0 0.8457638 -0.5335575 0 -0.1951528 -0.9807729 0 0.7248311 -0.6889266 0 0.1951473 -0.9807739 0 0.5555663 -0.8314723 0 -0.1951523 0.980773 0 0.1951478 0.9807739 0 -0.1951534 0.9807728 0 -0.5555543 0.8314803 0 -0.5555515 0.8314821 0 -0.8314884 0.5555422 0 0.8314884 0.5555422 0 -0.9807812 0.195111 0 0.9807801 0.1951165 0 -0.9807891 -0.1950711 0 0.9807881 -0.1950767 0 0.9807891 -0.1950711 0 -0.8314643 -0.5555784 0 0.8314669 -0.5555744 0 -0.8314669 -0.5555744 0 0.8314643 -0.5555784 0 -0.5555515 -0.8314821 0 0.6495664 -0.760305 0 -0.5555543 -0.8314803 0 0.6495735 -0.7602989 0 -0.1950865 -0.9807861 0 0.4885056 -0.8725609 0 -0.1950854 -0.9807863 0 0.4885097 -0.8725585 0 0.1950809 -0.9807872 0 -0.1951473 0.9807739 0 0.1951528 0.9807729 0 -0.8314562 0.5555903 0 0.393888 0.9191585 0 -0.9807854 0.1950899 0 -0.9807865 0.1950843 0 0.5664017 0.8241293 0 -0.9807828 -0.1951032 0 -0.8314562 -0.5555903 0 0.8314536 0.5555944 0 0.9807871 0.1950816 0 0.980786 0.1950871 0 0.9807834 -0.1951004 0 -0.1951473 -0.9807739 0 0.9807844 -0.1950949 0 0.8314536 -0.5555944 0 0.1951528 -0.9807729 0 0.8314508 -0.5555984 0 -0.1951475 0.9807739 0 -0.5556144 0.8314402 0 -0.83143 0.5556294 0 -0.8314307 0.5556285 0 0.5556144 0.8314402 0 -0.9692389 0.2461221 0 -0.9692394 0.2461203 0 0.8314314 0.5556275 0 -0.9986243 0.05243551 0 0.8314307 0.5556285 0 -0.998624 0.05244094 0 0.9807837 0.1950984 0 -0.9807868 -0.195083 0 0.9807863 -0.1950851 0 -0.8314521 -0.5555964 0 -0.8314515 -0.5555974 0 0.8314521 -0.5555964 0 0.8314529 -0.5555954 0 -0.1950807 -0.9807873 0 -0.1950804 -0.9807873 0 0.195086 -0.9807862 0 -0.8314314 0.5556275 0 0.1951475 0.9807739 0 -0.9807837 0.1950984 0 0.83143 0.5556294 0 -0.9807863 -0.1950851 0 0.9807841 0.1950963 0 -0.896839 -0.4423571 0 -0.8968374 -0.4423606 0 0.9807868 -0.195083 0 -0.7933555 -0.6087588 0 0.8314515 -0.5555974 0 -0.195086 -0.9807862 0 0.1950807 -0.9807873 0 0.1950804 -0.9807873 0 0.1950865 0.9807861 0 0.8314723 0.5555663 0 0.831475 0.5555623 0 -0.9807876 0.1950787 0 -0.9807823 -0.1951054 0 0.9807801 -0.1951165 0 -0.9807812 -0.195111 0 0.9807812 -0.195111 0 -0.8314858 -0.5555463 0 0.831475 -0.5555623 0 -0.8314884 -0.5555422 0 0.8314723 -0.5555663 0 0.1950197 -0.9807994 0 0.2966091 0.954999 0 0.296616 0.9549968 0 0.5555543 0.8314803 0 0.1045835 0.9945162 0 0.5555515 0.8314821 0 0.1045846 0.994516 0 -0.1951478 0.9807739 0 -0.9807801 0.1951165 0 0.5555515 -0.8314821 0 -0.9807881 -0.1950767 0 0.5555543 -0.8314803 0 0.1950865 -0.9807861 0 0.1950854 -0.9807863 0 -0.1950809 -0.9807872 0 -0.1950135 0.9808006 0 -0.1950141 0.9808005 0 -0.5556131 0.8314411 0 0.1950141 0.9808005 0 -0.8315085 0.5555121 0 0.195013 0.9808007 0 0.5556157 0.8314392 0 0.7254306 0.6882954 0 0.7254252 0.6883011 0 0.8457615 0.5335611 0 -0.8314656 -0.5555763 0 0.8457623 0.53356 0 0.8314656 -0.5555763 0 -0.1950854 0.9807863 0 -0.1950865 0.9807861 0 -0.7933555 0.6087588 0 -0.896878 0.4422783 0 -0.8968814 0.4422714 0 -0.1950185 -0.9807996 0 -0.1950197 -0.9807994 0 0.5555636 0.8314741 0 -0.5555529 0.8314812 0 -0.5555556 0.8314794 0 0.5556117 -0.8314419 0 0.2967302 -0.9549614 0 -0.5556036 -0.8314473 0 0.1043279 -0.994543 0 -0.555601 -0.8314491 0 -0.8314951 0.5555322 0 0.1951467 0.9807742 0 -0.8314964 0.5555301 0 0.4885996 0.8725082 0 -0.9807807 0.1951137 0 0.4885975 0.8725093 0 0.6493665 0.7604757 0 0.6493629 0.7604787 0 -0.9807886 -0.1950739 0 0.8315071 0.5555141 0 -0.831475 -0.5555623 0 0.8315098 0.5555101 0 -0.8314737 -0.5555642 0 0.9807807 0.1951137 0 -0.5555182 -0.8315045 0 0.9807886 -0.1950739 0 0.8314884 -0.5555422 0 0.5555182 -0.8315045 0 -0.1950197 0.9807994 0 0.8314669 0.5555744 0 -0.9807854 -0.1950899 0 0.8314643 0.5555784 0 -0.9807865 -0.1950843 0 -0.8314964 -0.5555301 0 0.9807823 0.1951054 0 -0.8314938 -0.5555341 0 0.9807876 -0.1950787 0 0.9807865 -0.1950843 0 0.8315071 -0.5555141 0 -0.1951534 -0.9807728 0 0.8315098 -0.5555101 0 0.1951467 -0.9807742 0 -0.195013 0.9808007 0 -0.5556157 0.8314392 0 0.1950135 0.9808006 0 -0.8315071 0.5555141 0 0.5556131 0.8314411 0 0.8315085 0.5555121 0 0.9876881 -0.156436 0 0.9876893 -0.1564289 0 0.9381623 -0.3461957 0 -0.195086 0.9807862 0 -0.555566 0.8314725 0 -0.1950861 0.9807862 0 0.1950807 0.9807873 0 -0.831474 0.5555638 0 0.1950806 0.9807872 0 -0.8314737 0.5555642 0 0.5555662 0.8314723 0 -0.9807863 0.1950851 0 0.8314736 0.5555644 0 -0.9986296 -0.05233591 0 0.8314736 0.5555645 0 -0.9986295 -0.0523386 0 0.9807919 0.1950572 0 -0.9692295 -0.2461591 0 0.980792 0.1950571 0 -0.9692298 -0.2461582 0 0.9807893 -0.1950704 0 0.9807893 -0.1950705 0 -0.8314525 -0.5555958 0 0.8314521 -0.5555966 0 0.8314521 -0.5555965 0 -0.555566 -0.8314725 0 0.5555662 -0.8314723 0 -0.1950861 -0.9807862 0 0.1950806 -0.9807872 0 0.1950854 0.9807863 0 0.8314737 0.5555642 0 -0.6494629 -0.7603934 0 -0.6494665 -0.7603903 0 -0.4886854 -0.8724601 0 -0.4886875 -0.8724591 0 0.1950185 -0.9807996 0 -0.3949199 0.9187157 0 -0.3948886 0.9187291 0 0.1950197 0.9807994 0 -0.5664407 0.8241026 0 -0.5664377 0.8241046 0 -0.8314669 0.5555744 0 -0.8314643 0.5555784 0 -0.9807823 0.1951054 0 -0.9807876 -0.1950787 0 0.9807854 -0.1950899 0 -0.8315071 -0.5555141 0 -0.8315098 -0.5555101 0 0.8314964 -0.5555301 0 0.8314938 -0.5555341 0 -0.1951467 -0.9807742 0 0.1951534 -0.9807728 0 -0.1950807 0.9807873 0 0.195086 0.9807862 0 -0.8314515 0.5555974 0 -0.8314521 0.5555964 0 -0.9807868 0.195083 0 0.7933555 0.6087588 0 0.8968374 0.4423606 0 0.896839 0.4423571 0 0.9807863 0.1950851 0 0.9807837 -0.1950984 0 -0.1950806 0.9807872 0 -0.5555662 0.8314723 0 0.1950861 0.9807862 0 -0.8314736 0.5555644 0 -0.8314736 0.5555645 0 0.555566 0.8314725 0 -0.9807919 0.1950572 0 -0.980792 0.1950571 0 0.831474 0.5555638 0 -0.9876866 -0.1564455 0 -0.938249 -0.3459608 0 -0.9382489 -0.3459612 0 -0.8314521 -0.5555966 0 -0.8314521 -0.5555965 0 -0.5555662 -0.8314723 0 0.8314525 -0.5555958 0 -0.1950806 -0.9807872 0 0.555566 -0.8314725 0 0.1950861 -0.9807862 0 -0.8314529 0.5555954 0 0.8314515 0.5555974 0 -0.9807837 -0.1950984 0 0.8314521 0.5555964 0 0.9807868 0.195083 0 -0.8314529 -0.5555954 0 0.998624 -0.05244094 0 0.9986243 -0.05243551 0 0.9692394 -0.2461203 0 0.9692389 -0.2461221 0 -0.8314723 0.5555663 0 -0.831475 0.5555623 0 0.9807876 0.1950787 0 -0.9807801 -0.1951165 0 0.9807823 -0.1951054 0 -0.8314723 -0.5555663 0 0.5663872 -0.8241393 0 0.5663901 -0.8241373 0 0.3957629 -0.9183529 0 0.3957942 -0.9183393 0 -0.1951467 0.9807742 0 0.1951534 0.9807728 0 0.1951523 0.980773 0 -0.8315098 0.5555101 0 0.8314951 0.5555322 0 0.8314964 0.5555301 0 0.8968002 -0.4424359 0 0.8967968 -0.4424429 0 0.7934324 -0.6086584 0 -0.1044562 0.9945295 0 -0.2967302 0.9549614 0 0.5555529 0.8314812 0 0.5555556 0.8314794 0 -0.5555636 0.8314741 0 0.5556036 -0.8314473 0 -0.5556117 -0.8314419 0 0.555601 -0.8314491 -0.9951838 0 0.09802734 -0.9569495 0 0.2902545 -0.9569529 0 0.2902435 -0.8819174 0 0.4714042 -0.9951838 0 -0.09802734 -0.8819085 0 0.4714208 -0.7729814 0 0.6344287 -0.9569495 0 -0.2902545 -0.7729974 0 0.6344092 -0.6344211 0 0.7729877 -0.6344448 0 0.7729682 -0.8819261 0 -0.4713876 -0.8819085 0 -0.4714208 -0.4713483 0 0.8819473 -0.4714102 0 0.8819141 -0.7729814 0 -0.6344287 -0.7729974 0 -0.6344092 -0.290284 0 0.9569406 -0.2902476 0 0.9569517 -0.6344211 0 -0.7729877 -0.6343973 0 -0.7730072 -0.09799921 0 0.9951866 -0.09803873 0 0.9951827 -0.4714102 0 -0.8819141 -0.4713483 0 -0.8819473 0.09803873 0 0.9951827 0.09799921 0 0.9951866 -0.290284 0 -0.9569406 0.2902441 0 0.9569527 0.2902806 0 0.9569416 -0.09803873 0 -0.9951827 0.4714206 0 0.8819085 0.4713585 0 0.8819416 0.09803873 0 -0.9951827 0.6344326 0 0.7729782 0.6344088 0 0.7729977 0.2902806 0 -0.9569416 0.7730035 0 0.6344017 0.4713585 0 -0.8819416 0.4714206 0 -0.8819085 0.7729876 0 0.6344214 0.8819136 0 0.4714111 0.6343851 0 -0.7730173 0.6344088 0 -0.7729977 0.8819225 0 0.4713945 0.9569495 0 0.2902549 0.956946 0 0.2902659 0.7730035 0 -0.6344017 0.9951838 0 0.09802734 0.7729876 0 -0.6344214 0.8819136 0 -0.4714111 0.9951838 0 -0.09802734 0.956946 0 -0.2902659 0.8819314 0 -0.471378 -0.1950353 0 -0.9807962 0.8843681 0 0.4667904 0.7763071 0 0.630355 -0.5555503 0 0.831483 0.8844105 0 0.46671 0.7762374 0 0.6304408 1 -1.20575e-5 0 1 -3.93205e-5 0 1 7.26956e-5 0 1 1.04539e-5 0 1 -1.5645e-5 0 1 1.57344e-4 0 1 7.26744e-5 0 1 -1.45285e-4 0 1 2.06954e-4 0 1 6.81989e-5 0 1 -1.56815e-5 0 1 -7.26427e-5 0 1 3.93174e-5 0 1 2.89754e-5 0 1 -7.26691e-5 0 1 -7.86534e-5 0 1 7.26533e-5 0 1 -2.11387e-5 0 1 1.45317e-4 0 1 7.26797e-5 0 1 -2.06943e-4 0 1 2.06922e-4 0 1 -2.89732e-5 0 1 3.12891e-5 0 1 -7.26652e-5 0 1 -3.93356e-5 0 1 1.70497e-5 0 1 -4.02204e-5 0 1 7.26599e-5 0 1 -2.06954e-4 0 1 -2.01159e-5 0 1 1.19743e-5 0 1 -1.57307e-4 0 1 2.06996e-4 0 1 6.52435e-6 0 1 -2.62778e-5 0 1 -1.70509e-5 0 1 7.26639e-5 0 1 3.41006e-5 0 1 -6.82035e-5 0 1 -5.25541e-5 0 1 2.06943e-4 0 1 1.30497e-5 0 1 -6.81942e-5 0 1 1.45328e-4 0 1 -2.91002e-5 0 1 2.06911e-4 0 1 -3.86339e-5 0 1 3.40994e-5 0 1 -7.86473e-5 0 1 5.22685e-6 0 1 -7.26639e-5 0 1 2.07039e-4 0 1 -2.91036e-5 0 1 -2.41138e-5 0 1 1.79611e-5 0 1 -3.86294e-5 0 1 1.0513e-4 0 1 -2.09078e-5 0 1 2.62755e-5 0 1 3.93205e-5 0 1 -2.06932e-4 0 1 -3.40989e-5 0 1 1.70491e-5 0 1 -1.45328e-4 0 1 2.06932e-4 0 1 -2.06922e-4 0 1 7.26691e-5 0 1 -8.52515e-6 0 1 -5.82106e-5 0 1 -1.16428e-4 0 1 3.12901e-5 0 1 -2.39489e-5 0 1 3.93236e-5 0 1 1.45338e-4 0 1 -7.26956e-5 0 1 1.7048e-5 0 1 -1.88765e-5 0 1 2.11392e-5 0 1 -7.26744e-5 0 1 -2.60994e-5 0 1 2.61001e-5 0 1 7.26322e-5 0 0.0759046 -0.9897391 -0.1210581 0.07753288 -0.9897914 -0.1195898 0.07820671 -0.9899773 -0.1175959 0.07575577 -0.9896726 -0.121694 0.07575184 -0.9898787 -0.1200085 0.0765838 -0.9896988 -0.1209606 0.07848829 -0.99016 -0.1158575 0.07951879 -0.9901686 -0.1150778 0.07509177 -0.9901899 -0.1178354 0.07906788 -0.9903171 -0.1141078 0.07539653 -0.990342 -0.1163544 0.07837873 -0.9904441 -0.1134786 0.07584965 -0.9904052 -0.1155182 0.07707285 -0.9904951 -0.1139262 0.1240712 -0.9766289 -0.1755058 0.1274129 -0.9768128 -0.1720547 0.1279156 -0.9771602 -0.1696926 0.124455 -0.9764768 -0.1760799 0.1238048 -0.9769767 -0.1737499 0.1277847 -0.9763749 -0.1742502 0.1283732 -0.9775973 -0.1668051 0.1292898 -0.9776064 -0.1660425 0.1224653 -0.977678 -0.1707282 0.1283186 -0.9779608 -0.1647031 0.1224113 -0.9780304 -0.1687363 0.1273401 -0.9781607 -0.1642746 0.1233695 -0.9782683 -0.1666466 0.1257006 -0.978493 -0.1635571 -1 3.51865e-5 0 -1 -1.69121e-6 0 -1 1.75908e-5 0 -1 -1.33908e-5 0 -1 9.41744e-6 0 -1 -2.60688e-5 0 -1 -2.68226e-5 0 -1 2.0842e-4 0 -1 -1.88345e-5 0 -1 -5.2105e-5 0 -1 5.2105e-5 0 -1 2.08333e-4 0 -1 1.04188e-4 0 -1 5.21159e-5 0 -1 1.04216e-4 0 -1 2.68226e-5 0 -1 -1.04167e-4 0 0 1 8.38071e-7 0 1 -8.38127e-7 1 -7.26586e-5 0</float_array>
          <technique_common>
            <accessor source="#Mesh4_002-mesh-normals-array" count="7033" stride="3">
              <param name="X" type="float"/>
              <param name="Y" type="float"/>
              <param name="Z" type="float"/>
            </accessor>
          </technique_common>
        </source>
        <vertices id="Mesh4_002-mesh-vertices">
          <input semantic="POSITION" source="#Mesh4_002-mesh-positions"/>
        </vertices>
        <triangles material="Material_3_001-material" count="9751">
          <input semantic="VERTEX" source="#Mesh4_002-mesh-vertices" offset="0"/>
          <input semantic="NORMAL" source="#Mesh4_002-mesh-normals" offset="1"/>
          <p>0 0 1 0 2 0 0 1 2 1 4 1 0 2 4 2 8 2 4 3 2 3 7 3 12 4 4 4 7 4 12 5 17 5 4 5 25 6 4 6 17 6 3 7 2 7 1 7 3 8 5 8 2 8 2 9 5 9 10 9 2 10 10 10 11 10 3 11 1 11 6 11 9 12 3 12 6 12 11 13 7 13 2 13 5 14 15 14 10 14 24 15 17 15 12 15 33 16 24 16 12 16 24 17 33 17 32 17 32 18 17 18 24 18 32 19 40 19 17 19 40 20 42 20 17 20 17 21 42 21 28 21 28 22 25 22 17 22 33 23 40 23 32 23 41 24 33 24 12 24 41 25 12 25 52 25 69 26 41 26 52 26 87 27 69 27 52 27 87 28 65 28 69 28 65 29 49 29 69 29 41 30 51 30 33 30 9 31 5 31 3 31 9 32 14 32 5 32 21 33 5 33 14 33 5 34 21 34 22 34 15 35 49 35 65 35 15 36 37 36 49 36 49 37 37 37 64 37 81 38 49 38 64 38 81 39 98 39 49 39 98 40 115 40 49 40 137 41 49 41 115 41 115 42 161 42 137 42 161 43 184 43 137 43 161 44 202 44 184 44 202 45 229 45 184 45 267 46 229 46 202 46 267 47 298 47 229 47 229 48 298 48 336 48 16 49 9 49 6 49 22 50 15 50 5 50 30 51 15 51 22 51 23 52 16 52 6 52 16 53 23 53 31 53 40 54 33 54 42 54 42 55 33 55 86 55 86 56 103 56 42 56 97 57 81 57 64 57 298 58 373 58 336 58 86 59 33 59 102 59 336 60 373 60 348 60 86 61 124 61 103 61 124 62 148 62 103 62 373 63 310 63 348 63 190 64 348 64 310 64 28 65 42 65 53 65 53 66 54 66 28 66 28 67 54 67 43 67 26 68 28 68 43 68 13 69 28 69 26 69 28 70 13 70 19 70 170 71 148 71 124 71 4 72 19 72 13 72 53 73 88 73 54 73 54 74 88 74 89 74 70 75 54 75 89 75 124 76 190 76 170 76 170 77 190 77 104 77 310 78 278 78 190 78 278 79 243 79 190 79 210 80 190 80 243 80 190 81 210 81 171 81 190 82 171 82 104 82 149 83 104 83 171 83 125 84 104 84 149 84 70 85 104 85 125 85 70 86 89 86 104 86 150 87 70 87 125 87 54 88 70 88 43 88 43 89 70 89 71 89 71 90 55 90 43 90 243 91 279 91 210 91 210 92 279 92 211 92 171 93 164 93 149 93 211 94 279 94 231 94 164 95 211 95 231 95 149 96 164 96 125 96 125 97 164 97 142 97 279 98 311 98 231 98 231 99 311 99 349 99 164 100 171 100 211 100 171 101 244 101 211 101 231 102 203 102 164 102 163 103 164 103 203 103 164 104 163 104 120 104 142 105 150 105 125 105 142 106 105 106 150 106 97 107 64 107 66 107 82 108 97 108 66 108 117 109 97 109 82 109 231 110 269 110 203 110 302 111 203 111 269 111 302 112 270 112 203 112 232 113 203 113 270 113 117 114 82 114 140 114 66 115 64 115 37 115 37 116 38 116 66 116 37 117 15 117 30 117 66 118 38 118 82 118 82 119 38 119 99 119 99 120 116 120 82 120 99 121 38 121 83 121 118 122 99 122 83 122 141 123 99 123 118 123 138 124 99 124 141 124 38 125 68 125 83 125 143 126 120 126 163 126 185 127 143 127 163 127 185 128 163 128 204 128 233 129 204 129 163 129 163 130 232 130 233 130 232 131 303 131 233 131 232 132 341 132 303 132 341 133 232 133 376 133 408 134 341 134 376 134 68 135 38 135 50 135 84 136 68 136 50 136 84 137 100 137 68 137 120 137 68 137 100 137 84 138 50 138 94 138 84 137 94 137 119 137 162 139 138 139 141 139 162 140 116 140 138 140 50 141 62 141 94 141 112 137 94 137 62 137 139 142 82 142 116 142 38 143 37 143 30 143 38 144 30 144 22 144 116 145 99 145 138 145 22 146 50 146 38 146 50 147 22 147 67 147 269 148 231 148 301 148 339 149 269 149 301 149 301 150 375 150 339 150 407 151 339 151 375 151 339 152 407 152 443 152 340 153 270 153 302 153 302 154 269 154 340 154 407 155 375 155 406 155 406 156 375 156 301 156 163 157 203 157 232 157 142 158 120 158 100 158 143 159 68 159 120 159 84 137 119 137 100 137 112 137 119 137 94 137 112 137 158 137 119 137 142 160 119 160 158 160 142 161 164 161 120 161 119 162 142 162 100 162 14 163 62 163 50 163 62 164 14 164 48 164 48 165 79 165 62 165 95 166 14 166 50 166 112 137 181 137 158 137 158 167 105 167 142 167 80 168 79 168 48 168 79 169 80 169 113 169 48 170 14 170 36 170 36 171 63 171 48 171 158 172 191 172 105 172 191 173 172 173 105 173 172 174 151 174 105 174 127 175 105 175 151 175 105 176 127 176 71 176 158 177 230 177 191 177 230 178 268 178 191 178 191 179 268 179 300 179 338 180 191 180 300 180 230 181 299 181 268 181 299 182 337 182 268 182 337 183 374 183 268 183 374 184 405 184 268 184 404 185 374 185 337 185 404 186 441 186 374 186 480 187 374 187 441 187 525 188 374 188 480 188 374 189 525 189 579 189 633 190 579 190 525 190 633 191 546 191 579 191 601 192 546 192 633 192 546 193 601 193 456 193 495 194 546 194 456 194 600 195 546 195 495 195 600 196 659 196 546 196 600 197 726 197 659 197 795 198 659 198 726 198 878 199 659 199 795 199 852 200 659 200 878 200 852 201 769 201 659 201 852 202 948 202 769 202 948 203 1043 203 769 203 948 204 1125 204 1043 204 1125 205 1214 205 1043 205 1214 206 1125 206 1301 206 1301 207 1125 207 1396 207 1043 208 1214 208 1302 208 1043 209 1302 209 1215 209 1215 210 1126 210 1043 210 1125 211 1499 211 1396 211 1618 212 1396 212 1499 212 1748 213 1396 213 1618 213 1748 214 1872 214 1396 214 1872 215 1993 215 1396 215 1396 216 1993 216 2126 216 1043 217 1126 217 769 217 1216 218 769 218 1126 218 769 219 1216 219 1213 219 769 220 1213 220 1124 220 769 221 1124 221 1042 221 769 222 1042 222 947 222 947 223 851 223 769 223 851 224 634 224 769 224 769 225 634 225 659 225 659 226 634 226 579 226 495 227 456 227 418 227 659 228 579 228 546 228 374 229 579 229 634 229 660 230 456 230 601 230 728 231 456 231 660 231 796 232 456 232 728 232 796 233 879 233 456 233 982 234 879 234 796 234 982 235 796 235 880 235 982 236 880 236 981 236 987 237 982 237 981 237 879 238 982 238 987 238 987 239 800 239 879 239 884 240 987 240 981 240 884 241 800 241 987 241 884 242 731 242 800 242 731 243 456 243 800 243 884 244 981 244 799 244 731 245 884 245 799 245 799 246 662 246 731 246 981 247 544 247 799 247 799 248 544 248 730 248 730 249 662 249 799 249 730 250 602 250 662 250 602 251 456 251 662 251 730 252 544 252 661 252 602 253 730 253 661 253 661 254 547 254 602 254 599 255 661 255 544 255 661 256 599 256 547 256 599 257 494 257 547 257 456 258 547 258 494 258 544 259 545 259 599 259 545 260 494 260 599 260 544 261 493 261 545 261 545 262 455 262 494 262 545 263 493 263 455 263 494 264 455 264 312 264 544 265 454 265 493 265 454 266 417 266 493 266 493 267 417 267 455 267 544 268 453 268 454 268 383 269 454 269 453 269 454 270 383 270 417 270 417 271 383 271 312 271 544 272 491 272 453 272 453 273 491 273 416 273 453 274 416 274 383 274 416 275 350 275 383 275 491 276 452 276 416 276 1066 277 544 277 981 277 543 278 452 278 491 278 543 279 492 279 452 279 350 280 452 280 492 280 350 281 492 281 543 281 880 282 796 282 728 282 728 283 983 283 880 283 350 284 416 284 452 284 1066 285 981 285 1151 285 1151 286 981 286 1238 286 1330 287 1151 287 1238 287 1151 288 1330 288 1424 288 1532 289 1151 289 1424 289 1532 290 1655 290 1151 290 1655 291 1779 291 1151 291 1151 292 1779 292 1670 292 1151 293 1670 293 1545 293 1545 294 1341 294 1151 294 989 295 1151 295 1341 295 989 296 1341 296 1247 296 1159 297 989 297 1247 297 989 298 1159 298 1072 298 989 299 1072 299 886 299 732 300 989 300 886 300 981 301 1152 301 1238 301 981 302 880 302 1152 302 886 303 801 303 732 303 801 304 663 304 732 304 603 305 732 305 663 305 548 306 603 306 663 306 603 307 548 307 350 307 731 308 662 308 456 308 602 309 547 309 456 309 494 310 312 310 456 310 417 311 312 311 455 311 383 312 350 312 312 312 548 313 496 313 350 313 350 314 496 314 457 314 350 315 457 315 419 315 350 316 419 316 385 316 350 317 385 317 313 317 350 318 313 318 245 318 1238 319 1425 319 1330 319 1532 320 1778 320 1655 320 1904 321 1655 321 1778 321 2025 322 1655 322 1904 322 2025 323 1904 323 2162 323 2162 324 1904 324 2296 324 2162 325 2296 325 2412 325 2413 326 2162 326 2412 326 2626 327 2413 327 2412 327 2626 328 2429 328 2413 328 2429 329 2537 329 2413 329 2162 330 2413 330 2295 330 2295 331 2025 331 2162 331 2161 332 2025 332 2295 332 2025 333 2161 333 1655 333 2411 334 2296 334 1904 334 2411 335 2519 335 2296 335 2296 336 2519 336 2412 336 2519 337 2625 337 2412 337 2411 338 2624 338 2519 338 2722 339 2519 339 2624 339 2625 340 2626 340 2412 340 2746 341 2626 341 2625 341 2745 342 2626 342 2746 342 1904 343 2520 343 2411 343 2624 344 2411 344 2520 344 2722 345 2625 345 2519 345 2429 346 2308 346 2537 346 2745 347 2746 347 2644 347 2429 348 2745 348 2644 348 2626 349 2745 349 2429 349 2538 350 2429 350 2644 350 2179 351 2429 351 2538 351 2746 352 2538 352 2644 352 2625 353 2932 353 2746 353 2746 354 2748 354 2538 354 2932 355 2748 355 2746 355 2645 356 2538 356 2748 356 2932 357 3038 357 2748 357 3038 358 2743 358 2748 358 2747 359 2748 359 2743 359 2645 360 2179 360 2538 360 2747 361 2645 361 2748 361 2179 362 2308 362 2429 362 2179 363 2645 363 2747 363 2308 364 2179 364 1791 364 2039 365 1791 365 2179 365 1914 366 1791 366 2039 366 1914 367 1671 367 1791 367 1546 368 1791 368 1671 368 1435 369 1546 369 1671 369 1546 370 1435 370 1341 370 2747 371 2743 371 2535 371 1914 372 2038 372 1671 372 2038 373 2178 373 1671 373 2178 374 2038 374 2307 374 2307 375 2428 375 2178 375 2642 376 2535 376 2743 376 2535 377 2642 377 2427 377 2535 378 2427 378 2177 378 2038 379 1914 379 2177 379 2306 380 2038 380 2177 380 2426 381 2038 381 2306 381 2177 382 2427 382 2306 382 1550 383 1778 383 1532 383 1674 384 1778 384 1550 384 1674 385 1550 385 1345 385 1345 386 1549 386 1674 386 1673 387 1674 387 1549 387 1438 388 1673 388 1549 388 1344 389 1673 389 1438 389 1673 390 1344 390 1548 390 1344 391 1437 391 1548 391 1673 392 1548 392 1793 392 1674 393 1673 393 1793 393 2041 394 1674 394 1793 394 1793 395 2181 395 2041 395 1549 396 1345 396 1438 396 1439 397 1345 397 1550 397 1439 398 1170 398 1345 398 1170 399 1253 399 1345 399 1780 400 1550 400 1532 400 1550 401 1780 401 2026 401 2026 402 2163 402 1550 402 2744 403 2427 403 2642 403 2297 404 2163 404 2026 404 2427 405 2744 405 2742 405 2297 406 2047 406 2163 406 2641 407 2427 407 2742 407 2641 408 2426 408 2427 408 2047 409 2297 409 2187 409 2047 410 2187 410 1918 410 1676 411 2047 411 1918 411 2026 412 2414 412 2297 412 2312 413 2297 413 2414 413 2414 414 2026 414 2521 414 2297 415 2312 415 2187 415 2042 416 2187 416 2312 416 2042 417 1918 417 2187 417 2627 418 2521 418 2026 418 2312 419 2309 419 2042 419 2312 420 2310 420 2309 420 2309 421 2310 421 2182 421 2310 422 2043 422 2182 422 2043 423 1794 423 2182 423 2042 424 2182 424 1794 424 2312 425 2646 425 2310 425 2312 426 2749 426 2646 426 2749 427 2312 427 2838 427 2838 428 2933 428 2749 428 2310 429 2646 429 2750 429 2723 430 2521 430 2627 430 2182 431 2042 431 2309 431 1794 432 1796 432 2042 432 2820 433 2521 433 2723 433 2933 434 2521 434 2820 434 2838 435 2521 435 2933 435 2820 436 3022 436 2933 436 1918 437 2042 437 1796 437 2821 438 2820 438 2723 438 2934 439 2820 439 2821 439 2934 440 3113 440 2820 440 2627 441 2821 441 2723 441 2820 442 3113 442 3022 442 2627 443 2026 443 2724 443 2627 444 2724 444 2725 444 1780 445 1532 445 1656 445 1905 446 1780 446 1656 446 1780 447 1905 447 2027 447 1345 448 1253 448 1438 448 2183 449 2043 449 2310 449 2183 450 1916 450 2043 450 2183 451 2310 451 2431 451 2431 452 2430 452 2183 452 2183 453 2430 453 2184 453 1794 454 2043 454 1916 454 1675 455 1794 455 1916 455 1551 456 1794 456 1675 456 1796 457 1794 457 1551 457 1796 458 1676 458 1918 458 1796 459 1551 459 1676 459 1551 460 1440 460 1676 460 2183 461 2184 461 1916 461 1916 462 2184 462 2044 462 2430 463 2432 463 2184 463 2184 464 2432 464 2185 464 2184 465 2185 465 1917 465 2184 466 1917 466 2044 466 1675 467 2044 467 1917 467 2044 468 1675 468 1916 468 1795 469 1675 469 1917 469 1675 470 1795 470 1346 470 1551 471 1675 471 1346 471 2627 472 2725 472 2821 472 2821 473 2725 473 2935 473 2821 474 2935 474 2934 474 2725 475 2822 475 2935 475 2628 476 2822 476 2725 476 2934 477 2822 477 2628 477 2935 478 2822 478 2934 478 2628 479 3023 479 2934 479 3113 480 2934 480 3023 480 2027 481 1905 481 2164 481 2823 482 2725 482 2724 482 2725 483 2823 483 2298 483 2164 484 2298 484 2027 484 2164 485 2415 485 2298 485 2298 486 2415 486 2522 486 2522 487 2628 487 2298 487 2415 488 2164 488 2410 488 2623 489 2415 489 2410 489 2628 490 2725 490 2298 490 2623 491 2522 491 2415 491 2628 492 3112 492 3023 492 3023 493 3112 493 3021 493 2623 494 2410 494 2518 494 2518 495 2410 495 2294 495 2410 496 2160 496 2294 496 1903 497 2294 497 2160 497 2294 498 1903 498 2293 498 2293 499 2517 499 2294 499 2518 500 2294 500 2517 500 2517 501 2516 501 2518 501 2721 502 2518 502 2516 502 2721 503 2931 503 2518 503 2931 504 2721 504 3021 504 2293 505 2516 505 2517 505 2931 506 3021 506 3112 506 2158 507 2516 507 2293 507 2409 508 2516 508 2158 508 2409 509 2622 509 2516 509 2293 510 1903 510 2159 510 2516 511 2622 511 2721 511 1903 512 2160 512 2024 512 1903 513 2024 513 1656 513 1656 514 1654 514 1903 514 1654 515 2023 515 1903 515 2023 516 2159 516 1903 516 2023 517 2158 517 2159 517 1656 518 1532 518 1424 518 2159 519 2158 519 2293 519 1654 520 2158 520 2023 520 1654 521 2292 521 2158 521 2158 522 2292 522 2409 522 1424 523 1654 523 1656 523 1654 524 1424 524 1531 524 1654 525 2408 525 2292 525 2432 526 2539 526 2185 526 2408 527 1654 527 2289 527 2289 528 2157 528 2408 528 2289 529 1653 529 2157 529 2157 530 1653 530 2022 530 2022 531 2290 531 2157 531 1330 532 1531 532 1424 532 1653 533 1531 533 1330 533 1653 534 1330 534 1777 534 1777 535 1902 535 1653 535 1777 536 2021 536 1902 536 2156 537 1902 537 2021 537 2022 538 1902 538 2156 538 2022 539 1653 539 1902 539 2156 540 2291 540 2022 540 2022 541 2291 541 2290 541 1901 542 1777 542 1330 542 2020 543 1777 543 1901 543 1425 544 1238 544 1533 544 2020 545 2021 545 1777 545 1907 546 2021 546 2020 546 1907 547 2156 547 2021 547 2407 548 2156 548 1907 548 2155 549 2020 549 1901 549 2020 550 2155 550 1657 550 2156 551 2407 551 2291 551 1533 552 1238 552 1657 552 1657 553 1907 553 2020 553 1781 554 1907 554 1657 554 1907 555 1781 555 2028 555 1238 556 1781 556 1657 556 1906 557 2028 557 1781 557 2165 558 2028 558 1906 558 2165 559 1906 559 2299 559 2299 560 2417 560 2165 560 2165 561 2417 561 2525 561 2524 562 2525 562 2417 562 2728 563 2525 563 2524 563 2525 564 2728 564 2729 564 2728 565 2938 565 2729 565 2729 566 2630 566 2525 566 2165 567 2525 567 2630 567 2730 568 2165 568 2630 568 2630 569 2826 569 2730 569 2939 570 2730 570 2826 570 2826 571 3025 571 2939 571 1906 572 1781 572 1238 572 2299 573 2524 573 2417 573 2416 574 2299 574 1906 574 2416 575 2523 575 2299 575 2299 576 2523 576 2629 576 1906 577 1238 577 2029 577 2167 578 1906 578 2029 578 1906 579 2167 579 2302 579 2299 580 2629 580 2524 580 2524 581 2629 581 2727 581 2302 582 2167 582 2419 582 2302 583 2419 583 2527 583 2302 584 2527 584 2633 584 2728 585 3024 585 2938 585 2727 586 2728 586 2524 586 2825 587 2728 587 2727 587 2937 588 2728 588 2825 588 2727 589 2629 589 2825 589 3024 590 2728 590 2937 590 3194 591 3024 591 2937 591 3024 592 3194 592 3115 592 2629 593 2937 593 2825 593 2629 594 2523 594 2726 594 2824 595 2629 595 2726 595 2527 596 2734 596 2633 596 2726 597 2633 597 2734 597 2726 598 2734 598 2945 598 2936 599 2726 599 2945 599 2936 600 2824 600 2726 600 3030 601 3115 601 3194 601 3029 602 2945 602 2734 602 3030 603 2946 603 3115 603 3030 604 2832 604 2946 604 2946 605 2832 605 2736 605 2736 606 2832 606 2635 606 2636 607 2635 607 2832 607 2420 608 2635 608 2636 608 2420 609 2636 609 2529 609 2636 610 2737 610 2529 610 2737 611 2636 611 2833 611 2420 612 2529 612 2167 612 2167 613 2303 613 2420 613 2303 614 2528 614 2420 614 2635 615 2420 615 2528 615 2303 616 2634 616 2528 616 2528 617 2634 617 2736 617 2736 618 2635 618 2528 618 2634 619 2831 619 2736 619 2735 620 2634 620 2303 620 2634 621 2735 621 2830 621 2736 622 2831 622 2946 622 2634 623 2830 623 2831 623 2029 624 2303 624 2167 624 2303 625 2029 625 2301 625 2166 626 2301 626 2029 626 2418 627 2301 627 2166 627 2418 628 2166 628 2526 628 2526 629 2632 629 2418 629 2418 630 2632 630 2733 630 2418 631 2733 631 2829 631 2943 632 2829 632 2733 632 2944 633 2418 633 2829 633 2829 634 3028 634 2944 634 3114 635 2944 635 3028 635 3028 636 3196 636 3114 636 2943 637 2733 637 2942 637 2733 638 2632 638 2828 638 2632 639 2526 639 2732 639 2732 640 2827 640 2632 640 2631 641 2526 641 2166 641 2526 642 2631 642 2731 642 2828 643 2942 643 2733 643 2828 644 2632 644 2827 644 2828 645 3027 645 2942 645 2941 646 2828 646 2827 646 3026 647 2828 647 2941 647 2941 648 2827 648 2732 648 2731 649 2732 649 2526 649 2732 650 2731 650 2940 650 2940 651 3026 651 2732 651 3026 652 3027 652 2828 652 3026 653 3195 653 3027 653 3026 654 2941 654 2732 654 3195 655 3026 655 3267 655 3267 656 3296 656 3195 656 2850 657 3026 657 2940 657 3026 658 2850 658 2967 658 2759 659 2967 659 2850 659 2967 660 2759 660 3053 660 2940 661 2314 661 2850 661 2968 662 3053 662 2759 662 3140 663 3053 663 2968 663 3222 664 3053 664 3140 664 3296 665 3053 665 3222 665 3267 666 3053 666 3296 666 3222 667 3359 667 3296 667 2314 668 2759 668 2850 668 2759 669 2314 669 2652 669 2652 670 2851 670 2759 670 3297 671 3222 671 3140 671 3222 672 3297 672 3360 672 3140 673 2968 673 3141 673 3359 674 3222 674 3360 674 2968 675 2759 675 2851 675 3055 676 2968 676 2851 676 3140 677 3141 677 3297 677 3141 678 3223 678 3297 678 3298 679 3297 679 3223 679 3414 680 3297 680 3298 680 3141 681 2968 681 3055 681 3141 682 3055 682 3223 682 3414 683 3360 683 3297 683 3051 684 3055 684 2851 684 3135 685 3055 685 3051 685 3294 686 3055 686 3135 686 2849 687 2851 687 2652 687 3055 688 3298 688 3223 688 3294 689 3135 689 3293 689 2851 690 2849 690 3051 690 2849 691 3135 691 3051 691 3135 692 2849 692 3137 692 3293 693 3135 693 3137 693 3137 694 3295 694 3293 694 2849 695 3052 695 3137 695 3138 696 3137 696 3052 696 3052 697 2849 697 2966 697 2849 698 2652 698 2758 698 3464 699 3414 699 3298 699 3413 700 3414 700 3464 700 3138 701 3295 701 3137 701 2849 702 2758 702 2966 702 2966 703 2758 703 3050 703 2966 704 3050 704 3136 704 3219 705 2966 705 3136 705 3220 706 2966 706 3219 706 3138 707 2966 707 3220 707 3052 708 2966 708 3138 708 3138 709 3220 709 3218 709 3138 710 3218 710 3358 710 3138 711 3358 711 3413 711 3138 712 3413 712 3463 712 3413 713 3464 713 3463 713 3218 714 3220 714 3219 714 3218 715 3292 715 3358 715 3218 716 3134 716 3292 716 3136 717 3218 717 3219 717 3050 718 2758 718 2965 718 3050 719 3218 719 3136 719 3218 720 3050 720 2964 720 3050 721 2965 721 2964 721 1917 722 2185 722 2045 722 2848 723 2964 723 2965 723 2651 724 2964 724 2848 724 2651 725 3049 725 2964 725 2964 726 3049 726 3134 726 2964 727 3134 727 3218 727 2848 728 2965 728 2758 728 2758 729 2652 729 2545 729 2545 730 2651 730 2758 730 2651 731 2951 731 3049 731 2651 732 2848 732 2758 732 2436 733 2651 733 2545 733 2651 734 2436 734 2542 734 2951 735 2651 735 2839 735 2839 736 2752 736 2951 736 2839 737 2434 737 2752 737 2752 738 2434 738 2647 738 2647 739 2751 739 2752 739 2188 740 2542 740 2436 740 2542 741 2188 741 2434 741 2751 742 2647 742 2540 742 2539 743 2311 743 2185 743 2647 744 2434 744 2541 744 2647 745 2541 745 2433 745 2185 746 2311 746 2046 746 2313 747 2434 747 2188 747 2433 748 2540 748 2647 748 2433 749 2311 749 2540 749 2433 750 2186 750 2311 750 2045 751 2185 751 2046 751 2045 752 1795 752 1917 752 1795 753 2045 753 2046 753 2541 754 2434 754 2313 754 2541 755 2313 755 2315 755 2436 756 2545 756 2314 756 2315 757 2433 757 2541 757 1551 758 1346 758 1440 758 2311 759 2186 759 2046 759 2186 760 1798 760 2046 760 1798 761 1795 761 2046 761 1795 762 1798 762 1346 762 2313 763 2049 763 2315 763 2186 764 2315 764 2049 764 2433 765 2315 765 2186 765 2313 766 2188 766 2048 766 2314 767 2188 767 2436 767 2314 768 1677 768 2188 768 1677 769 1346 769 1798 769 1677 770 1552 770 1346 770 1441 771 1346 771 1552 771 1441 772 1254 772 1346 772 1254 773 1170 773 1346 773 1552 774 1677 774 1797 774 1677 775 2314 775 2435 775 1677 776 2435 776 2544 776 2544 777 2435 777 2547 777 2544 778 2547 778 2437 778 2544 779 2437 779 2546 779 2437 780 2316 780 2546 780 2544 781 2650 781 1677 781 2650 782 2544 782 2757 782 2437 783 2189 783 2316 783 2189 784 1799 784 2316 784 2547 785 2317 785 2437 785 2314 786 2543 786 2435 786 2649 787 2435 787 2543 787 2755 788 2435 788 2649 788 2755 789 2843 789 2435 789 2955 790 2435 790 2843 790 2955 791 2961 791 2435 791 2961 792 2846 792 2435 792 2846 793 2756 793 2435 793 2317 794 2189 794 2437 794 2189 795 2317 795 2050 795 1799 796 2189 796 2050 796 1920 797 1799 797 2050 797 1678 798 1799 798 1920 798 1678 799 1553 799 1799 799 1553 800 1679 800 1799 800 1553 801 1443 801 1679 801 1443 802 1800 802 1679 802 1800 803 1443 803 1921 803 1921 804 2051 804 1800 804 2190 805 1800 805 2051 805 2051 806 2318 806 2190 806 2190 807 2052 807 1800 807 1922 808 1800 808 2052 808 1922 809 1679 809 1800 809 1922 810 1923 810 1679 810 1347 811 1443 811 1553 811 1347 812 1172 812 1443 812 1347 813 1173 813 1172 813 1004 814 1172 814 1173 814 1173 815 1006 815 1004 815 1004 816 1006 816 824 816 1006 817 907 817 824 817 824 818 907 818 751 818 683 819 824 819 751 819 751 820 616 820 683 820 683 821 616 821 556 821 682 822 683 822 556 822 556 823 615 823 682 823 615 824 556 824 507 824 615 825 749 825 682 825 749 826 823 826 682 826 749 827 906 827 823 827 1003 828 823 828 906 828 823 829 1003 829 1004 829 823 830 683 830 682 830 823 831 824 831 683 831 1007 832 751 832 907 832 751 833 1007 833 1005 833 1005 834 753 834 751 834 753 835 750 835 751 835 1175 836 1005 836 1007 836 1256 836 1005 836 1175 836 1256 836 1255 836 1005 836 1255 837 1174 837 1005 837 1005 836 1174 836 1087 836 616 838 508 838 556 838 750 839 616 839 751 839 750 840 617 840 616 840 753 841 617 841 750 841 556 842 426 842 507 842 823 843 1004 843 824 843 508 844 426 844 556 844 1007 845 907 845 1088 845 753 836 1005 836 1087 836 1088 846 1177 846 1007 846 753 836 1087 836 1010 836 1259 836 1007 836 1177 836 910 836 753 836 1010 836 1259 836 1350 836 1007 836 826 836 753 836 910 836 1007 836 1350 836 1257 836 684 836 753 836 826 836 1254 847 1086 847 1170 847 426 848 464 848 507 848 1175 836 1007 836 1257 836 1349 849 1174 849 1255 849 1349 850 1444 850 1174 850 1255 851 1256 851 1445 851 1177 836 1353 836 1259 836 1444 836 1349 836 1557 836 1177 836 1449 836 1353 836 1681 836 1557 836 1349 836 1445 852 1256 852 1558 852 1558 836 1682 836 1445 836 1445 836 1682 836 1805 836 1805 836 1927 836 1445 836 465 853 426 853 508 853 426 854 465 854 392 854 392 855 359 855 426 855 617 856 508 856 616 856 1006 857 1088 857 907 857 617 858 557 858 508 858 753 859 684 859 617 859 1176 860 1088 860 1006 860 1176 861 1258 861 1088 861 1449 836 1177 836 1563 836 1563 836 1688 836 1449 836 1088 862 1258 862 1177 862 826 836 911 836 684 836 1177 863 1258 863 1352 863 911 836 1011 836 684 836 1177 836 1352 836 1448 836 1011 836 1089 836 684 836 1562 836 1177 836 1448 836 684 836 1089 836 1009 836 1687 836 1177 836 1562 836 684 836 1009 836 909 836 684 836 909 836 825 836 684 864 557 864 617 864 825 836 752 836 684 836 1011 836 1179 836 1089 836 508 865 557 865 465 865 426 866 359 866 464 866 1089 836 1179 836 1261 836 464 867 359 867 506 867 1261 836 1179 836 1355 836 1355 836 1451 836 1261 836 1451 836 1355 836 1565 836 1565 836 1690 836 1451 836 1812 836 1690 836 1565 836 1690 868 1812 868 1804 868 2065 836 1690 836 1804 836 752 869 557 869 684 869 752 870 685 870 557 870 557 871 685 871 559 871 752 836 825 836 908 836 908 836 1008 836 752 836 1013 836 752 836 1008 836 913 836 752 836 1013 836 827 836 752 836 913 836 557 872 559 872 465 872 559 873 509 873 465 873 2198 874 2065 874 1804 874 1681 836 1349 836 1804 836 1681 836 1804 836 1926 836 2056 836 1926 836 1804 836 2198 875 1804 875 1933 875 1933 836 2197 836 2198 836 1804 836 1812 836 2056 836 2197 836 1933 836 2063 836 1008 836 1178 836 1013 836 1260 836 1178 836 1008 836 1354 836 1178 836 1260 836 1933 836 1689 836 2063 836 1811 836 1689 836 1933 836 1564 836 1689 836 1811 836 1689 836 1564 836 1450 836 1450 836 1564 836 1354 836 1354 836 1260 836 1450 836 322 876 359 876 392 876 359 877 322 877 286 877 322 878 255 878 286 878 255 879 220 879 286 879 286 880 220 880 287 880 287 881 358 881 286 881 286 882 358 882 391 882 256 883 287 883 220 883 287 884 256 884 323 884 287 885 323 885 360 885 287 886 360 886 394 886 394 887 360 887 430 887 394 888 431 888 287 888 220 889 255 889 177 889 220 890 177 890 176 890 176 891 256 891 220 891 131 892 176 892 177 892 156 893 176 893 131 893 195 894 176 894 156 894 195 895 156 895 219 895 219 896 254 896 195 896 156 897 251 897 219 897 283 898 219 898 251 898 219 899 283 899 320 899 251 900 156 900 217 900 194 901 217 901 156 901 254 902 219 902 285 902 254 903 285 903 321 903 321 904 357 904 254 904 155 905 194 905 156 905 156 906 109 906 155 906 109 907 108 907 155 907 154 908 155 908 108 908 216 909 194 909 155 909 216 910 250 910 194 910 247 911 194 911 250 911 194 912 247 912 317 912 353 913 194 913 317 913 108 914 130 914 154 914 130 915 175 915 154 915 109 916 74 916 108 916 74 917 73 917 108 917 355 918 320 918 283 918 389 919 355 919 283 919 285 920 356 920 321 920 390 921 321 921 356 921 425 922 321 922 390 922 425 923 463 923 321 923 389 924 425 924 390 924 425 925 389 925 504 925 425 926 504 926 505 926 217 927 283 927 251 927 283 928 217 928 318 928 318 929 354 929 283 929 354 930 388 930 283 930 423 931 283 931 388 931 283 932 423 932 424 932 463 933 425 933 505 933 505 934 555 934 463 934 505 935 504 935 553 935 195 936 218 936 176 936 218 937 195 937 252 937 253 938 218 938 252 938 176 939 218 939 253 939 253 940 284 940 176 940 131 941 109 941 156 941 91 942 109 942 131 942 503 943 424 943 423 943 503 944 462 944 424 944 389 945 424 945 462 945 283 946 424 946 389 946 555 947 505 947 553 947 555 948 553 948 681 948 74 949 109 949 91 949 57 950 74 950 91 950 44 951 74 951 57 951 389 952 462 952 504 952 462 953 501 953 504 953 131 954 132 954 91 954 177 955 255 955 221 955 196 956 177 956 221 956 177 957 196 957 132 957 427 958 322 958 392 958 322 959 427 959 466 959 466 960 427 960 510 960 466 961 510 961 560 961 466 962 560 962 620 962 509 963 392 963 465 963 110 964 91 964 132 964 91 965 110 965 75 965 559 966 619 966 509 966 509 967 619 967 618 967 618 968 558 968 509 968 618 969 686 969 558 969 132 970 131 970 177 970 132 971 196 971 222 971 685 972 687 972 559 972 827 836 685 836 752 836 912 836 685 836 827 836 912 836 1012 836 685 836 1012 973 914 973 685 973 685 836 914 836 828 836 686 974 618 974 697 974 697 975 628 975 686 975 221 976 257 976 196 976 509 977 558 977 392 977 1090 836 914 836 1012 836 619 978 754 978 618 978 560 979 520 979 620 979 221 980 255 980 288 980 620 981 520 981 755 981 1180 836 1090 836 1012 836 1180 836 1262 836 1090 836 687 982 619 982 559 982 687 836 685 836 828 836 915 836 687 836 828 836 687 836 915 836 1014 836 687 836 1014 836 1091 836 1015 836 687 836 1091 836 687 983 1015 983 916 983 687 836 916 836 829 836 754 984 687 984 829 984 560 985 510 985 573 985 1262 836 1180 836 1356 836 1452 836 1262 836 1356 836 1356 836 1566 836 1452 836 1452 836 1566 836 1691 836 75 986 57 986 91 986 1566 836 1813 836 1691 836 1934 836 1691 836 1813 836 2066 987 1691 987 1934 987 75 988 45 988 57 988 57 989 45 989 34 989 1091 990 1014 990 1181 990 1181 836 1263 836 1091 836 1357 836 1263 836 1181 836 1453 836 1263 836 1357 836 1934 991 2199 991 2066 991 2328 836 2066 836 2199 836 2199 836 2330 836 2328 836 2330 836 2199 836 2068 836 2199 992 1935 992 2068 992 1935 993 1814 993 2068 993 1692 836 1814 836 1935 836 1692 994 1567 994 1814 994 1567 836 1692 836 1453 836 1453 836 1357 836 1567 836 2067 836 1934 836 1813 836 1935 836 2199 836 2329 836 1934 836 2067 836 2200 836 1934 836 2200 836 2064 836 1933 995 1934 995 2064 995 687 996 754 996 619 996 2329 836 2199 836 2331 836 2331 836 2556 836 2329 836 2556 836 2331 836 2444 836 2069 836 2444 836 2331 836 2069 836 2331 836 2201 836 2069 997 2201 997 1936 997 1815 836 2069 836 1936 836 196 998 257 998 222 998 1016 836 829 836 916 836 1092 999 829 999 1016 999 829 836 1092 836 1033 836 1033 836 845 836 829 836 845 1000 698 1000 829 1000 754 1001 829 1001 698 1001 754 1002 697 1002 618 1002 698 1003 697 1003 754 1003 1693 836 1815 836 1936 836 1815 836 1693 836 1568 836 574 1004 697 1004 698 1004 1693 836 1454 836 1568 836 1568 836 1454 836 1358 836 1264 836 1358 836 1454 836 1182 836 1358 836 1264 836 1182 836 1264 836 1092 836 520 1005 560 1005 573 1005 520 1006 573 1006 476 1006 366 1007 520 1007 476 1007 520 1008 366 1008 572 1008 1933 1009 2064 1009 1811 1009 1016 1010 1182 1010 1092 1010 2201 836 2331 836 2363 836 2363 836 2557 836 2201 836 2557 836 2363 836 2475 836 845 836 1033 836 1115 836 1034 836 845 836 1115 836 937 1011 845 1011 1034 1011 937 836 699 836 845 836 699 1012 698 1012 845 1012 699 1013 629 1013 698 1013 574 1014 628 1014 697 1014 628 1015 574 1015 476 1015 574 1016 698 1016 629 1016 629 1017 521 1017 574 1017 2112 836 2475 836 2363 836 476 1018 574 1018 521 1018 521 1019 401 1019 476 1019 629 1020 699 1020 575 1020 401 1021 521 1021 477 1021 629 1022 575 1022 521 1022 401 1023 477 1023 369 1023 330 1024 401 1024 369 1024 368 1025 401 1025 330 1025 368 1026 366 1026 401 1026 330 1027 293 1027 368 1027 330 1028 226 1028 293 1028 262 1029 293 1029 226 1029 329 1030 293 1030 262 1030 366 1031 293 1031 329 1031 937 836 938 836 699 836 846 836 699 836 938 836 699 1032 846 1032 766 1032 1116 836 937 836 1034 836 1205 836 1116 836 1034 836 1294 836 1116 836 1205 836 1205 836 1390 836 1294 836 1390 836 1492 836 1294 836 330 1033 369 1033 264 1033 293 1034 366 1034 368 1034 330 1035 264 1035 439 1035 366 1036 476 1036 401 1036 226 1037 198 1037 262 1037 1609 836 1492 836 1390 836 1609 836 1737 836 1492 836 521 1038 575 1038 477 1038 477 1039 575 1039 576 1039 576 1040 522 1040 477 1040 369 1041 477 1041 522 1041 369 1042 522 1042 577 1042 766 1043 575 1043 699 1043 766 1044 700 1044 575 1044 766 1045 846 1045 939 1045 939 1046 846 1046 1035 1046 939 836 1035 836 1117 836 1117 836 1035 836 1206 836 1117 836 1206 836 1295 836 1295 836 1206 836 1391 836 1391 836 1493 836 1295 836 766 836 939 836 940 836 940 836 847 836 766 836 1863 836 1737 836 1609 836 1737 836 1863 836 1983 836 1493 836 1391 836 1610 836 1493 836 1610 836 1738 836 1863 836 2112 836 1983 836 1983 836 2112 836 2243 836 2364 836 1983 836 2243 836 2243 836 2113 836 2364 836 2113 836 2243 836 2244 836 1740 836 2113 836 2244 836 2113 836 1740 836 1984 836 1984 836 1740 836 1864 836 1740 836 1612 836 1864 836 1864 1047 1612 1047 1738 1047 262 1048 367 1048 329 1048 1738 836 1610 836 1864 836 2112 836 2363 836 2243 836 1612 836 1740 836 1297 836 1612 836 1297 836 1495 836 1297 836 1393 836 1495 836 575 1049 700 1049 576 1049 1393 836 1297 836 1208 836 1208 836 1297 836 848 836 1208 836 848 836 1119 836 1119 836 848 836 1038 836 848 1050 943 1050 1038 1050 848 1051 700 1051 943 1051 1036 1052 943 1052 700 1052 700 1053 941 1053 1036 1053 941 836 700 836 847 836 198 1054 226 1054 179 1054 198 1055 179 1055 111 1055 264 1056 369 1056 331 1056 294 1057 264 1057 331 1057 264 1058 294 1058 199 1058 264 1059 199 1059 226 1059 45 1060 75 1060 58 1060 45 1061 27 1061 34 1061 45 1062 58 1062 27 1062 848 1063 701 1063 700 1063 700 836 766 836 847 836 700 1064 701 1064 576 1064 701 1065 630 1065 576 1065 522 1066 576 1066 630 1066 630 1067 631 1067 522 1067 577 1068 522 1068 631 1068 621 1069 577 1069 631 1069 294 1070 331 1070 370 1070 294 1071 370 1071 332 1071 294 1072 332 1072 199 1072 179 1073 226 1073 199 1073 199 1074 157 1074 179 1074 58 1075 76 1075 27 1075 111 1076 179 1076 157 1076 157 1077 133 1077 111 1077 111 1078 133 1078 92 1078 59 1079 111 1079 92 1079 92 1080 78 1080 59 1080 59 1081 78 1081 46 1081 27 1082 59 1082 46 1082 27 1083 77 1083 59 1083 92 1084 60 1084 78 1084 46 1085 78 1085 60 1085 60 1086 35 1086 46 1086 27 1087 46 1087 35 1087 8 1088 27 1088 35 1088 18 1089 27 1089 8 1089 34 1090 44 1090 57 1090 34 1091 27 1091 18 1091 26 1092 34 1092 18 1092 621 1093 631 1093 561 1093 621 1094 561 1094 511 1094 631 1095 630 1095 688 1095 630 1096 701 1096 756 1096 701 836 848 836 942 836 701 1097 942 1097 1037 1097 701 1098 1037 1098 944 1098 701 1099 849 1099 756 1099 701 1100 944 1100 849 1100 332 1101 370 1101 396 1101 332 1102 396 1102 289 1102 199 1103 223 1103 157 1103 688 1104 561 1104 631 1104 849 836 919 836 756 836 756 1105 688 1105 630 1105 688 1106 756 1106 562 1106 832 836 756 836 919 836 689 836 756 836 832 836 1037 836 942 836 1118 836 562 1107 561 1107 688 1107 562 1108 467 1108 561 1108 511 1109 561 1109 467 1109 361 1110 511 1110 467 1110 263 1111 223 1111 199 1111 1207 836 1118 836 942 836 157 1112 223 1112 197 1112 157 1113 178 1113 133 1113 178 1114 157 1114 197 1114 289 1115 396 1115 361 1115 361 1116 324 1116 289 1116 289 1117 324 1117 258 1117 258 1118 223 1118 289 1118 942 836 1296 836 1207 836 1392 836 1207 836 1296 836 178 1119 180 1119 133 1119 133 1120 180 1120 134 1120 1392 836 1296 836 1494 836 1296 836 1611 836 1494 836 1611 1121 1296 1121 1739 1121 1696 1122 1611 1122 1739 1122 92 1123 133 1123 134 1123 92 1124 93 1124 60 1124 93 1125 92 1125 134 1125 1571 1126 1696 1126 1739 1126 1457 836 1696 836 1571 836 512 1127 467 1127 562 1127 467 1128 512 1128 432 1128 361 1129 467 1129 432 1129 361 1130 432 1130 395 1130 1361 836 1457 836 1571 836 1267 836 1457 836 1361 836 1267 836 1361 836 1185 836 1267 836 1185 836 1095 836 921 836 1095 836 1185 836 921 836 1018 836 1095 836 1018 836 921 836 689 836 920 836 1018 836 689 836 756 1131 689 1131 562 1131 622 1132 562 1132 689 1132 689 836 832 836 920 836 921 836 833 836 689 836 689 836 833 836 758 836 324 1133 361 1133 395 1133 324 1134 395 1134 433 1134 433 1135 469 1135 324 1135 134 1136 180 1136 165 1136 165 1137 121 1137 134 1137 180 1138 178 1138 225 1138 225 1139 261 1139 180 1139 236 1140 180 1140 261 1140 180 1141 236 1141 206 1141 206 1142 165 1142 180 1142 206 1143 234 1143 165 1143 234 1144 205 1144 165 1144 165 1145 205 1145 166 1145 234 1146 206 1146 273 1146 273 1147 304 1147 234 1147 236 1148 273 1148 206 1148 236 1149 261 1149 273 1149 166 1150 121 1150 165 1150 121 1151 93 1151 134 1151 121 1152 166 1152 144 1152 121 1153 144 1153 85 1153 205 1154 235 1154 166 1154 271 1155 205 1155 234 1155 271 1156 272 1156 205 1156 260 1157 225 1157 178 1157 291 1158 225 1158 260 1158 261 1159 225 1159 292 1159 328 1160 261 1160 292 1160 328 1161 365 1161 261 1161 273 1162 342 1162 304 1162 292 1163 291 1163 260 1163 292 1164 260 1164 178 1164 178 1165 327 1165 292 1165 364 1166 292 1166 327 1166 93 1167 61 1167 60 1167 85 1168 93 1168 121 1168 342 1169 273 1169 377 1169 343 1170 273 1170 261 1170 273 1171 343 1171 378 1171 273 1172 378 1172 410 1172 410 1173 409 1173 273 1173 292 1174 364 1174 328 1174 328 1175 364 1175 400 1175 438 1176 328 1176 400 1176 400 1177 475 1177 438 1177 410 1178 438 1178 475 1178 474 1179 328 1179 438 1179 437 1180 400 1180 364 1180 437 1181 473 1181 400 1181 409 1182 377 1182 273 1182 377 1183 409 1183 444 1183 444 1184 451 1184 377 1184 377 1185 451 1185 415 1185 415 1186 450 1186 377 1186 450 1186 542 1186 377 1186 450 1187 598 1187 542 1187 542 1186 598 1186 658 1186 481 1188 409 1188 410 1188 178 1189 197 1189 224 1189 382 1190 451 1190 444 1190 481 1191 410 1191 475 1191 382 1192 415 1192 451 1192 382 1193 277 1193 415 1193 409 1194 481 1194 444 1194 444 1195 481 1195 414 1195 481 1196 475 1196 541 1196 382 1197 444 1197 414 1197 382 1198 347 1198 277 1198 414 1199 347 1199 382 1199 415 1200 277 1200 450 1200 541 1201 414 1201 481 1201 541 1202 597 1202 414 1202 657 1203 414 1203 597 1203 475 1204 571 1204 541 1204 541 1205 571 1205 696 1205 541 1206 696 1206 656 1206 541 1207 656 1207 597 1207 656 1208 725 1208 597 1208 597 1209 725 1209 770 1209 770 1210 636 1210 597 1210 597 1211 636 1211 379 1211 305 1212 277 1212 347 1212 277 1213 305 1213 209 1213 241 1214 277 1214 209 1214 277 1215 241 1215 309 1215 346 1216 277 1216 309 1216 597 1217 379 1217 657 1217 696 1218 571 1218 765 1218 696 1219 765 1219 844 1219 844 1220 936 1220 696 1220 696 1221 936 1221 1032 1221 696 1222 1032 1222 1114 1222 1204 1223 696 1223 1114 1223 696 1224 1204 1224 1292 1224 696 1225 1292 1225 1388 1225 1489 1226 696 1226 1388 1226 473 1227 571 1227 475 1227 473 1228 570 1228 571 1228 571 1229 570 1229 695 1229 656 1230 696 1230 793 1230 875 1231 656 1231 793 1231 656 1232 875 1232 794 1232 874 1233 793 1233 696 1233 794 1234 725 1234 656 1234 794 1235 876 1235 725 1235 725 1236 876 1236 979 1236 979 1237 1063 1237 725 1237 696 1238 977 1238 874 1238 875 1239 793 1239 978 1239 875 1240 978 1240 1061 1240 875 1241 1061 1241 1145 1241 1145 1242 1232 1242 875 1242 1322 1243 875 1243 1232 1243 875 1244 1322 1244 1325 1244 1233 1245 1325 1245 1322 1245 876 1246 1325 1246 1233 1246 979 1247 1148 1247 1063 1247 1233 1248 1146 1248 876 1248 1146 1249 1062 1249 876 1249 1145 1250 1321 1250 1232 1250 1061 1251 978 1251 1144 1251 978 1252 793 1252 1060 1252 978 1253 1060 1253 1143 1253 979 1254 876 1254 1062 1254 1147 1255 979 1255 1062 1255 1146 1256 1147 1256 1062 1256 1146 1257 1323 1257 1147 1257 1147 1258 1323 1258 1326 1258 1326 1259 1234 1259 1147 1259 1234 1260 979 1260 1147 1260 1324 1261 1146 1261 1233 1261 1146 1262 1324 1262 1419 1262 1526 1263 1326 1263 1323 1263 1326 1264 1526 1264 1420 1264 1321 1265 1145 1265 1418 1265 1418 1266 1524 1266 1321 1266 1326 1267 1420 1267 1234 1267 1420 1268 1421 1268 1234 1268 1234 1269 1421 1269 1327 1269 1148 1270 1234 1270 1327 1270 1146 1271 1419 1271 1323 1271 1323 1272 1419 1272 1525 1272 1148 1273 979 1273 1234 1273 1144 1274 978 1274 1143 1274 1144 1275 1145 1275 1061 1275 1145 1276 1144 1276 1320 1276 1143 1277 1320 1277 1144 1277 1418 1278 1145 1278 1320 1278 1418 1279 1320 1279 1417 1279 1418 1280 1417 1280 1646 1280 1418 1281 1646 1281 1647 1281 1418 1282 1647 1282 1524 1282 1143 1283 1417 1283 1320 1283 1143 1284 1319 1284 1417 1284 1417 1285 1319 1285 1523 1285 1231 1286 1143 1286 1060 1286 1526 1287 1648 1287 1420 1287 1526 1288 1649 1288 1648 1288 1649 1289 1421 1289 1648 1289 1420 1290 1648 1290 1421 1290 1527 1291 1421 1291 1649 1291 1525 1292 1526 1292 1323 1292 1526 1293 1525 1293 1772 1293 1327 1294 1421 1294 1527 1294 1649 1295 1773 1295 1527 1295 1773 1296 1898 1296 1527 1296 1898 1297 2019 1297 1527 1297 1898 1298 1651 1298 2019 1298 1651 1299 2288 1299 2019 1299 2406 1300 2019 1300 2288 1300 2288 1301 2515 1301 2406 1301 2515 1302 2621 1302 2406 1302 2406 1303 2621 1303 2720 1303 2720 1304 2819 1304 2406 1304 2514 1305 2019 1305 2406 1305 1898 1306 1773 1306 1900 1306 1523 1307 1646 1307 1417 1307 1523 1308 1488 1308 1646 1308 1897 1309 1646 1309 1488 1309 1647 1310 1646 1310 1897 1310 1651 1311 1898 1311 1900 1311 1775 1312 1651 1312 1900 1312 1775 1313 1423 1313 1651 1313 1651 1314 1423 1314 1530 1314 1530 1315 1423 1315 1329 1315 1423 1316 1775 1316 1652 1316 1528 1317 1423 1317 1652 1317 1423 1318 1528 1318 1235 1318 1775 1319 1650 1319 1652 1319 1528 1320 1652 1320 1650 1320 1650 1321 1422 1321 1528 1321 1235 1322 1329 1322 1423 1322 1329 1323 1235 1323 1149 1323 1235 1324 1528 1324 1422 1324 1235 1325 1422 1325 1328 1325 1064 1326 1235 1326 1328 1326 1529 1327 1422 1327 1650 1327 1899 1328 1650 1328 1775 1328 1899 1329 1774 1329 1650 1329 1529 1330 1650 1330 1774 1330 1776 1331 1529 1331 1774 1331 1529 1332 1776 1332 1619 1332 1397 1333 1529 1333 1619 1333 1529 1334 1397 1334 1328 1334 2154 1335 1899 1335 1775 1335 1899 1336 2154 1336 2153 1336 2153 1337 2154 1337 2018 1337 2018 1338 1772 1338 2153 1338 1772 1339 1649 1339 1526 1339 2018 1340 1649 1340 1772 1340 1529 1341 1328 1341 1422 1341 1328 1342 1397 1342 1236 1342 1235 1343 1064 1343 1149 1343 1149 1344 1064 1344 877 1344 1236 1345 1064 1345 1328 1345 1064 1346 1236 1346 1127 1346 949 1347 1064 1347 1127 1347 1236 1348 1397 1348 1128 1348 1397 1349 1619 1349 1500 1349 949 1350 877 1350 1064 1350 877 1351 770 1351 725 1351 949 1352 770 1352 877 1352 877 1353 725 1353 980 1353 980 1354 725 1354 1065 1354 980 1355 1065 1355 1150 1355 1065 1356 1237 1356 1150 1356 1044 1357 949 1357 1127 1357 771 1358 949 1358 1044 1358 1128 1359 1127 1359 1236 1359 1500 1360 1128 1360 1397 1360 1128 1361 1044 1361 1127 1361 1044 1362 1128 1362 771 1362 771 1363 636 1363 770 1363 1217 1364 771 1364 1128 1364 1128 1365 1303 1365 1217 1365 1129 1366 771 1366 1217 1366 771 1367 1129 1367 1045 1367 771 1368 770 1368 949 1368 950 1369 1045 1369 1129 1369 1045 1370 950 1370 706 1370 636 1371 771 1371 705 1371 705 1372 581 1372 636 1372 853 1373 706 1373 950 1373 772 1374 706 1374 853 1374 637 1375 706 1375 772 1375 637 1376 772 1376 707 1376 582 1377 637 1377 707 1377 637 1378 582 1378 526 1378 637 1379 526 1379 581 1379 582 1380 707 1380 638 1380 582 1381 638 1381 527 1381 482 1382 582 1382 527 1382 582 1383 482 1383 526 1383 379 1384 526 1384 482 1384 482 1385 527 1385 445 1385 581 1386 706 1386 637 1386 853 1387 707 1387 772 1387 854 1388 707 1388 853 1388 854 1389 773 1389 707 1389 853 1390 950 1390 1046 1390 854 1391 853 1391 1046 1391 951 1392 854 1392 1046 1392 526 1393 379 1393 581 1393 705 1394 706 1394 581 1394 708 1395 527 1395 638 1395 708 1396 639 1396 527 1396 639 1397 583 1397 527 1397 527 1398 583 1398 445 1398 638 1399 707 1399 773 1399 854 1400 951 1400 773 1400 952 1401 773 1401 951 1401 773 1402 952 1402 776 1402 773 1403 776 1403 708 1403 773 1404 708 1404 638 1404 776 1405 774 1405 708 1405 775 1406 774 1406 776 1406 774 1407 775 1407 639 1407 855 1408 776 1408 952 1408 709 1409 776 1409 855 1409 776 1410 709 1410 641 1410 639 1411 708 1411 774 1411 641 1412 639 1412 775 1412 641 1413 446 1413 639 1413 583 1414 639 1414 446 1414 776 1415 641 1415 775 1415 641 1416 709 1416 585 1416 585 1417 709 1417 710 1417 710 1418 642 1418 585 1418 530 1419 585 1419 642 1419 446 1420 585 1420 530 1420 856 1421 710 1421 709 1421 856 1422 953 1422 710 1422 953 1423 777 1423 710 1423 710 1424 777 1424 643 1424 446 1425 641 1425 585 1425 446 1426 530 1426 485 1426 446 1427 485 1427 412 1427 344 1428 446 1428 412 1428 446 1429 344 1429 484 1429 446 1430 484 1430 529 1430 710 1431 643 1431 642 1431 344 1432 412 1432 380 1432 276 1433 344 1433 380 1433 344 1434 276 1434 307 1434 643 1435 530 1435 642 1435 643 1436 777 1436 711 1436 643 1437 711 1437 586 1437 711 1438 777 1438 778 1438 777 1439 953 1439 954 1439 778 1440 586 1440 711 1440 530 1441 586 1441 485 1441 586 1442 530 1442 643 1442 954 1443 778 1443 777 1443 954 1444 1047 1444 778 1444 485 1445 531 1445 412 1445 586 1446 587 1446 485 1446 712 1447 587 1447 586 1447 712 1448 644 1448 587 1448 644 1449 531 1449 587 1449 644 1450 712 1450 779 1450 857 1451 779 1451 712 1451 857 1452 955 1452 779 1452 779 1453 955 1453 957 1453 957 1454 780 1454 779 1454 1048 1455 780 1455 957 1455 779 1456 780 1456 644 1456 713 1457 644 1457 780 1457 644 1458 713 1458 588 1458 1047 1459 954 1459 1130 1459 857 1460 712 1460 956 1460 1047 1461 1130 1461 1218 1461 1130 1462 1219 1462 1218 1462 1130 1463 1131 1463 1219 1463 958 1464 1219 1464 1131 1464 1131 1465 859 1465 958 1465 858 1466 958 1466 859 1466 713 1467 958 1467 858 1467 714 1468 713 1468 858 1468 714 1469 858 1469 859 1469 1049 1470 859 1470 1131 1470 859 1471 1049 1471 860 1471 715 1472 859 1472 860 1472 714 1473 859 1473 715 1473 714 1474 715 1474 645 1474 588 1475 714 1475 645 1475 445 1476 379 1476 482 1476 485 1477 587 1477 531 1477 588 1478 531 1478 644 1478 588 1479 713 1479 714 1479 532 1480 588 1480 645 1480 532 1481 412 1481 588 1481 715 1482 532 1482 645 1482 715 1483 860 1483 781 1483 715 1484 781 1484 532 1484 861 1485 532 1485 781 1485 412 1486 447 1486 380 1486 531 1487 588 1487 412 1487 532 1488 486 1488 412 1488 959 1489 861 1489 781 1489 861 1490 959 1490 961 1490 863 1491 961 1491 959 1491 589 1492 961 1492 863 1492 412 1493 486 1493 447 1493 447 1494 486 1494 533 1494 447 1495 533 1495 487 1495 533 1496 589 1496 487 1496 591 1497 487 1497 589 1497 534 1498 487 1498 591 1498 534 1499 380 1499 487 1499 589 1500 863 1500 782 1500 782 1501 716 1501 589 1501 782 1502 862 1502 716 1502 862 1503 718 1503 716 1503 716 1504 718 1504 591 1504 589 1505 716 1505 591 1505 646 1506 591 1506 718 1506 591 1507 646 1507 534 1507 962 1508 782 1508 863 1508 646 1509 590 1509 534 1509 782 1510 962 1510 960 1510 718 1511 862 1511 785 1511 785 1512 646 1512 718 1512 783 1513 646 1513 785 1513 783 1514 647 1514 646 1514 960 1515 862 1515 782 1515 862 1516 960 1516 1050 1516 862 1517 1050 1517 783 1517 646 1518 647 1518 590 1518 647 1519 380 1519 590 1519 783 1520 785 1520 862 1520 1133 1521 783 1521 1050 1521 783 1522 1133 1522 1221 1522 783 1523 784 1523 647 1523 647 1524 784 1524 717 1524 1305 1525 1221 1525 1133 1525 1132 1526 1221 1526 1305 1526 1132 1527 1305 1527 1398 1527 1398 1528 1304 1528 1132 1528 1220 1529 1132 1529 1304 1529 964 1530 1132 1530 1220 1530 963 1531 1132 1531 964 1531 963 1532 964 1532 784 1532 1621 1533 1398 1533 1305 1533 1398 1534 1621 1534 1620 1534 1398 1535 1620 1535 1399 1535 784 1536 783 1536 963 1536 784 1537 964 1537 864 1537 1398 1538 1399 1538 1304 1538 1220 1539 1304 1539 1399 1539 1220 1540 1399 1540 1501 1540 1501 1541 1400 1541 1220 1541 1220 1542 1400 1542 1223 1542 1220 1543 1223 1543 964 1543 964 1544 1223 1544 1134 1544 1134 1545 1051 1545 964 1545 1307 1546 1223 1546 1400 1546 1399 1547 1620 1547 1622 1547 1621 1548 1873 1548 1620 1548 1620 1549 1873 1549 1994 1549 1750 1550 1620 1550 1994 1550 1750 1551 1749 1551 1620 1551 1622 1552 1620 1552 1749 1552 1749 1553 1501 1553 1622 1553 1750 1554 1501 1554 1749 1554 1501 1555 1399 1555 1622 1555 1501 1556 1623 1556 1400 1556 1629 1557 1400 1557 1623 1557 1629 1558 1505 1558 1400 1558 1623 1559 1501 1559 1750 1559 1623 1560 1874 1560 1629 1560 1874 1561 1623 1561 1750 1561 1754 1562 1629 1562 1874 1562 1505 1563 1307 1563 1400 1563 1754 1564 1505 1564 1629 1564 1754 1565 1753 1565 1505 1565 1505 1566 1753 1566 1628 1566 1628 1567 1307 1567 1505 1567 1628 1568 1504 1568 1307 1568 1504 1569 1626 1569 1307 1569 2262 1570 1750 1570 1994 1570 2262 1571 1994 1571 2380 1571 2262 1572 2380 1572 2264 1572 1877 1573 1628 1573 1753 1573 1628 1574 1877 1574 1997 1574 1997 1575 1875 1575 1628 1575 2380 1576 2129 1576 2264 1576 1753 1577 2264 1577 2129 1577 1753 1578 2129 1578 1998 1578 1753 1579 1998 1579 1877 1579 1877 1580 1998 1580 1997 1580 2263 1581 1998 1581 2129 1581 1998 1582 2263 1582 1995 1582 1752 1583 1998 1583 1995 1583 1998 1584 1752 1584 1875 1584 1875 1585 1997 1585 1998 1585 1875 1586 1752 1586 1751 1586 1504 1587 1875 1587 1751 1587 1223 1588 1307 1588 1134 1588 1134 1589 1222 1589 1051 1589 1504 1590 1222 1590 1626 1590 1504 1591 1628 1591 1875 1591 1627 1592 1504 1592 1751 1592 1402 1593 1504 1593 1627 1593 1751 1594 1752 1594 1627 1594 1752 1595 1995 1595 1876 1595 1752 1596 1876 1596 1402 1596 964 1597 1051 1597 864 1597 1402 1598 1222 1598 1504 1598 1402 1599 1306 1599 1222 1599 1402 1600 1627 1600 1752 1600 1996 1601 1402 1601 1876 1601 1402 1602 1996 1602 2128 1602 2127 1603 2128 1603 1996 1603 2128 1604 2127 1604 1624 1604 1306 1605 1402 1605 1502 1605 1502 1606 1401 1606 1306 1606 1051 1607 1306 1607 1401 1607 1977 1608 1624 1608 2127 1608 1854 1609 1624 1609 1977 1609 1602 1610 1624 1610 1854 1610 1401 1611 1624 1611 1602 1611 647 1612 717 1612 380 1612 1977 1613 2127 1613 2109 1613 1977 1614 2109 1614 1856 1614 1856 1615 1604 1615 1977 1615 1604 1616 1856 1616 1731 1616 1731 1617 1289 1617 1604 1617 1289 1618 1486 1618 1604 1618 1603 1619 1604 1619 1486 1619 1604 1620 1603 1620 1854 1620 1486 1621 1385 1621 1603 1621 1385 1622 1602 1622 1603 1622 1289 1623 1385 1623 1486 1623 1855 1624 1289 1624 1731 1624 1289 1625 1855 1625 1846 1625 1289 1626 1202 1626 1385 1626 1385 1627 1202 1627 1485 1627 1725 1628 1846 1628 1855 1628 1288 1629 1846 1629 1725 1629 1289 1630 1113 1630 1202 1630 1031 1631 1202 1631 1113 1631 1202 1632 1031 1632 1290 1632 1290 1633 1384 1633 1202 1633 1290 1634 1484 1634 1384 1634 1484 1635 1601 1635 1384 1635 1854 1636 1977 1636 1604 1636 1288 1637 1725 1637 1595 1637 1595 1638 1480 1638 1288 1638 1382 1639 1288 1639 1480 1639 936 1640 1288 1640 1382 1640 1201 1641 1288 1641 936 1641 1201 1642 936 1642 1113 1642 1847 1643 1595 1643 1725 1643 1847 1644 1845 1644 1595 1644 1595 1645 1845 1645 1596 1645 1602 1646 1854 1646 1603 1646 1385 1647 1485 1647 1602 1647 1602 1648 1730 1648 1401 1648 1730 1649 1602 1649 1485 1649 1113 1650 1289 1650 1201 1650 1595 1651 1596 1651 1480 1651 1484 1652 1625 1652 1601 1652 1601 1653 1625 1653 1401 1653 1382 1654 1481 1654 936 1654 1596 1655 1382 1655 1480 1655 1726 1656 1382 1656 1596 1656 1726 1657 1597 1657 1382 1657 1502 1658 1624 1658 1401 1658 1401 1659 1625 1659 1503 1659 1382 1660 1597 1660 1481 1660 1596 1661 1845 1661 1848 1661 1306 1662 1051 1662 1222 1662 1847 1663 2104 1663 1845 1663 1845 1664 2104 1664 2235 1664 2235 1665 1970 1665 1845 1665 1848 1666 1845 1666 1970 1666 1970 1667 1726 1667 1848 1667 1596 1668 1848 1668 1726 1668 2235 1669 2360 1669 1970 1669 1849 1670 1597 1670 1726 1670 2360 1671 2235 1671 2473 1671 2360 1672 2473 1672 2579 1672 2473 1673 2474 1673 2579 1673 1290 1674 1031 1674 1383 1674 1383 1675 1483 1675 1290 1675 1290 1676 1600 1676 1484 1676 1600 1677 1290 1677 1483 1677 1599 1678 1483 1678 1383 1678 1599 1679 1383 1679 1728 1679 1728 1680 1851 1680 1599 1680 1851 1681 1973 1681 1599 1681 2107 1682 1599 1682 1973 1682 2238 1683 1599 1683 2107 1683 1850 1684 1728 1684 1383 1684 1971 1685 1728 1685 1850 1685 1728 1686 1971 1686 1972 1686 2240 1687 2238 1687 2107 1687 2240 1688 1600 1688 2238 1688 1972 1689 1851 1689 1728 1689 1972 1690 2106 1690 1851 1690 1971 1691 1850 1691 2105 1691 1842 1692 1971 1692 2105 1692 2101 1693 1971 1693 1842 1693 1851 1694 2106 1694 1973 1694 2106 1695 2237 1695 1973 1695 2239 1696 1973 1696 2237 1696 1972 1697 1971 1697 2236 1697 1971 1698 2361 1698 2236 1698 2106 1699 2236 1699 2361 1699 1600 1700 2240 1700 2108 1700 1600 1701 2108 1701 1975 1701 1600 1702 1975 1702 1852 1702 1852 1703 1729 1703 1600 1703 1973 1704 2239 1704 2107 1704 1968 1705 2101 1705 1842 1705 1972 1706 2236 1706 2106 1706 2361 1707 2232 1707 2106 1707 1484 1708 1600 1708 1729 1708 1729 1709 1853 1709 1484 1709 1842 1710 1718 1710 1968 1710 2237 1711 2106 1711 2232 1711 1474 1712 1718 1712 1842 1712 1842 1713 1598 1713 1474 1713 1842 1714 1727 1714 1598 1714 1598 1715 1727 1715 1482 1715 1598 1716 1482 1716 1031 1716 1718 1717 1474 1717 1588 1717 1852 1718 1975 1718 1974 1718 1474 1719 1377 1719 1588 1719 1377 1720 1474 1720 1284 1720 1377 1721 1284 1721 1111 1721 1377 1722 1111 1722 1379 1722 1377 1723 1379 1723 1589 1723 1377 1724 1589 1724 1719 1724 1717 1725 1377 1725 1719 1725 1588 1726 1377 1726 1717 1726 1591 1727 1588 1727 1717 1727 1588 1728 1591 1728 1843 1728 2100 1729 1588 1729 1843 1729 2100 1730 1843 1730 2232 1730 2232 1731 2357 1731 2100 1731 1719 1732 1591 1732 1717 1732 1589 1733 1591 1733 1719 1733 1379 1734 1591 1734 1589 1734 2361 1735 2357 1735 2232 1735 1284 1736 1197 1736 1111 1736 1591 1737 1720 1737 1843 1737 1591 1738 1379 1738 1285 1738 1285 1739 1476 1739 1591 1739 1591 1740 1476 1740 1720 1740 2241 1741 1975 1741 2108 1741 1975 1742 2143 1742 1974 1742 1975 1743 2241 1743 2362 1743 2143 1744 2008 1744 1974 1744 1729 1745 1974 1745 2008 1745 1729 1746 1852 1746 1974 1746 2008 1747 1886 1747 1729 1747 1886 1748 1976 1748 1729 1748 1853 1749 1729 1749 1976 1749 2362 1750 2143 1750 1975 1750 2362 1751 2275 1751 2143 1751 2143 1752 2275 1752 1760 1752 1760 1753 2008 1753 2143 1753 1886 1754 2008 1754 1760 1754 1760 1755 1512 1755 1886 1755 2387 1756 1760 1756 2275 1756 1503 1757 1051 1757 1401 1757 1976 1758 1886 1758 1512 1758 2385 1759 2387 1759 2275 1759 2385 1760 2273 1760 2387 1760 2142 1761 2273 1761 2385 1761 2273 1762 2142 1762 1636 1762 2142 1763 2007 1763 1636 1763 2007 1764 2142 1764 2272 1764 2007 1765 2272 1765 2274 1765 2274 1766 2141 1766 2007 1766 2386 1767 2141 1767 2274 1767 2136 1768 2141 1768 2386 1768 2141 1769 2136 1769 2271 1769 2141 1770 2271 1770 2006 1770 1885 1771 2141 1771 2006 1771 2007 1772 2141 1772 1885 1772 2271 1773 2003 1773 2006 1773 1759 1774 2006 1774 2003 1774 2136 1775 2003 1775 2271 1775 1885 1776 2006 1776 1759 1776 1885 1777 1759 1777 1636 1777 1636 1778 2007 1778 1885 1778 1759 1779 1309 1779 1636 1779 1511 1780 1636 1780 1309 1780 1406 1781 1511 1781 1309 1781 1511 1782 1406 1782 1635 1782 1512 1783 1635 1783 1406 1783 2593 1784 2136 1784 2386 1784 1760 1785 1635 1785 1512 1785 1051 1786 1512 1786 1406 1786 2593 1787 2386 1787 2384 1787 2384 1788 2486 1788 2593 1788 2138 1789 2486 1789 2384 1789 1882 1790 2003 1790 2136 1790 2003 1791 1882 1791 1634 1791 1759 1792 2003 1792 1884 1792 2138 1793 2384 1793 2130 1793 2130 1794 2004 1794 2138 1794 1758 1795 2138 1795 2004 1795 1879 1796 1758 1796 2004 1796 1509 1797 1758 1797 1879 1797 1758 1798 1509 1798 1633 1798 1758 1799 1633 1799 1883 1799 2005 1800 1758 1800 1883 1800 1405 1801 1633 1801 1509 1801 1634 1802 1633 1802 1405 1802 1883 1803 1633 1803 1882 1803 1882 1804 2137 1804 1883 1804 1883 1805 2137 1805 2139 1805 1634 1806 1882 1806 1633 1806 2139 1807 2005 1807 1883 1807 1510 1808 1634 1808 1405 1808 2137 1809 1882 1809 2136 1809 2003 1810 2140 1810 1884 1810 1510 1811 1405 1811 1309 1811 2130 1812 1879 1812 2004 1812 1759 1813 1884 1813 1309 1813 2130 1814 1878 1814 1879 1814 1879 1815 1878 1815 1755 1815 2381 1816 2130 1816 2384 1816 2130 1817 2381 1817 2132 1817 1405 1818 1224 1818 1309 1818 1309 1819 1224 1819 1051 1819 1755 1820 1509 1820 1879 1820 1755 1821 1506 1821 1509 1821 1224 1822 1509 1822 1506 1822 1405 1823 1509 1823 1224 1823 1755 1824 1878 1824 1506 1824 1878 1825 2130 1825 2132 1825 1999 1826 1878 1826 2132 1826 1999 1827 1506 1827 1878 1827 1506 1828 1999 1828 2131 1828 1406 1829 1309 1829 1051 1829 1506 1830 1403 1830 1224 1830 1224 1831 1403 1831 1308 1831 1224 1832 1308 1832 1135 1832 1999 1833 2265 1833 2131 1833 2265 1834 2267 1834 2131 1834 2267 1835 2265 1835 2134 1835 2267 1836 2134 1836 1632 1836 1051 1837 1135 1837 864 1837 1224 1838 1135 1838 1051 1838 1308 1839 1403 1839 1507 1839 1507 1840 1404 1840 1308 1840 1632 1841 2134 1841 2001 1841 1632 1842 2001 1842 1881 1842 1630 1843 1632 1843 1881 1843 1630 1844 1404 1844 1632 1844 2268 1845 2001 1845 2134 1845 2001 1846 2268 1846 2269 1846 2269 1847 2133 1847 2001 1847 1503 1848 1512 1848 1051 1848 2001 1849 2133 1849 1881 1849 2133 1850 1880 1850 1881 1850 1404 1851 1507 1851 1632 1851 1630 1852 1508 1852 1404 1852 1404 1853 1508 1853 1135 1853 1630 1854 1881 1854 1880 1854 1880 1855 1756 1855 1630 1855 1880 1856 2133 1856 2000 1856 1880 1857 2000 1857 1756 1857 1757 1858 1756 1858 2000 1858 1631 1859 1756 1859 1757 1859 1756 1860 1631 1860 1508 1860 2266 1861 2000 1861 2133 1861 2000 1862 2266 1862 2382 1862 1631 1863 1135 1863 1508 1863 1135 1864 1631 1864 1757 1864 2266 1865 2133 1865 2269 1865 2266 1866 2484 1866 2382 1866 2270 1867 2382 1867 2484 1867 2000 1868 2135 1868 1757 1868 1757 1869 2135 1869 2002 1869 1757 1870 2002 1870 1225 1870 2270 1871 2484 1871 2689 1871 2270 1872 2689 1872 2591 1872 2270 1873 2591 1873 2485 1873 2383 1874 2270 1874 2485 1874 2014 1875 2270 1875 2383 1875 2014 1876 2002 1876 2270 1876 2002 1877 2135 1877 2270 1877 1508 1878 1630 1878 1756 1878 2485 1879 2591 1879 2592 1879 2793 1880 2591 1880 2689 1880 2793 1881 2897 1881 2591 1881 2591 1882 2897 1882 2690 1882 2591 1883 2690 1883 2592 1883 2690 1884 2383 1884 2592 1884 2383 1885 2282 1885 2014 1885 2282 1886 2149 1886 2014 1886 1890 1887 2014 1887 2149 1887 1890 1888 1225 1888 2014 1888 2383 1889 2485 1889 2592 1889 2607 1890 2383 1890 2690 1890 2607 1891 2499 1891 2383 1891 1404 1892 1135 1892 1308 1892 2383 1893 2499 1893 2282 1893 2282 1894 2499 1894 2397 1894 2807 1895 2690 1895 2897 1895 2793 1896 3000 1896 2897 1896 3088 1897 2897 1897 3000 1897 3088 1898 2918 1898 2897 1898 2897 1899 2918 1899 2807 1899 2918 1900 2607 1900 2807 1900 2807 1901 2607 1901 2690 1901 2918 1902 3088 1902 3178 1902 2607 1903 2704 1903 2499 1903 2499 1904 2704 1904 2606 1904 2806 1905 2704 1905 2607 1905 2915 1906 2704 1906 2806 1906 2706 1907 2704 1907 2915 1907 2704 1908 2706 1908 2606 1908 2706 1909 2500 1909 2606 1909 2397 1910 2606 1910 2500 1910 2397 1911 2499 1911 2606 1911 2500 1912 2149 1912 2397 1912 3099 1913 3178 1913 3088 1913 3099 1914 3088 1914 3177 1914 2917 1915 3099 1915 3177 1915 3098 1916 2917 1916 3177 1916 2917 1917 3098 1917 2808 1917 2917 1918 2808 1918 2705 1918 2917 1919 2705 1919 2804 1919 2917 1920 2804 1920 2916 1920 2805 1921 2917 1921 2916 1921 2705 1922 2500 1922 2804 1922 2916 1923 2804 1923 2500 1923 2805 1924 2916 1924 2500 1924 2706 1925 2805 1925 2500 1925 2805 1926 3099 1926 2917 1926 2502 1927 2500 1927 2705 1927 2282 1928 2397 1928 2149 1928 2705 1929 2808 1929 2707 1929 3098 1930 3011 1930 2808 1930 2808 1931 3011 1931 2919 1931 2919 1932 2608 1932 2808 1932 2808 1933 2608 1933 2707 1933 2707 1934 2608 1934 2502 1934 2502 1935 2149 1935 2500 1935 2705 1936 2707 1936 2502 1936 2502 1937 2608 1937 2398 1937 2149 1938 2280 1938 1890 1938 2502 1939 2398 1939 2149 1939 3010 1940 2608 1940 2919 1940 3010 1941 2919 1941 2989 1941 2989 1942 2882 1942 3010 1942 2676 1943 2398 1943 2608 1943 2398 1944 2676 1944 2467 1944 2398 1945 2467 1945 2501 1945 2280 1946 2398 1946 2501 1946 2782 1947 2882 1947 2989 1947 2882 1948 2782 1948 2468 1948 2782 1949 2677 1949 2468 1949 2677 1950 2782 1950 2881 1950 2677 1951 2881 1951 2578 1951 2578 1952 2577 1952 2677 1952 2577 1953 2470 1953 2677 1953 2677 1954 2470 1954 2469 1954 2468 1955 2677 1955 2469 1955 2469 1956 2229 1956 2468 1956 2229 1957 2355 1957 2468 1957 2576 1958 2468 1958 2355 1958 2467 1959 2576 1959 2355 1959 2470 1960 2231 1960 2469 1960 2576 1961 2467 1961 2676 1961 2355 1962 2228 1962 2467 1962 2467 1963 2228 1963 2501 1963 2577 1964 2578 1964 2359 1964 2359 1965 2356 1965 2577 1965 2398 1966 2280 1966 2149 1966 2229 1967 2469 1967 2231 1967 2231 1968 1967 1968 2229 1968 2098 1969 2229 1969 1967 1969 2359 1970 2578 1970 2472 1970 2359 1971 2472 1971 2234 1971 2103 1972 2359 1972 2234 1972 2359 1973 2103 1973 2358 1973 2359 1974 2358 1974 2471 1974 2229 1975 2098 1975 2355 1975 2098 1976 2228 1976 2355 1976 1841 1977 2228 1977 2098 1977 2231 1978 2470 1978 2356 1978 2099 1979 2231 1979 2356 1979 1967 1980 2231 1980 2099 1980 1967 1981 1841 1981 2098 1981 1716 1982 1841 1982 1967 1982 1587 1983 1841 1983 1716 1983 2099 1984 1716 1984 1967 1984 2577 1985 2356 1985 2470 1985 2359 1986 2471 1986 2356 1986 2099 1987 2356 1987 2471 1987 2099 1988 2230 1988 1716 1988 1890 1989 1763 1989 1225 1989 1890 1990 2280 1990 2147 1990 2394 1991 2147 1991 2280 1991 2394 1992 2280 1992 2495 1992 2602 1993 2495 1993 2280 1993 2602 1994 2697 1994 2495 1994 2697 1995 2802 1995 2495 1995 2495 1996 2802 1996 2698 1996 2603 1997 2495 1997 2698 1997 2698 1998 2699 1998 2603 1998 2699 1999 2394 1999 2603 1999 2909 2000 2699 2000 2698 2000 2909 2001 3008 2001 2699 2001 2699 2002 3008 2002 2911 2002 2699 2003 2911 2003 2803 2003 2495 2004 2603 2004 2394 2004 2803 2005 2394 2005 2699 2005 2910 2006 2394 2006 2803 2006 2910 2007 2803 2007 3009 2007 2910 2008 3009 2008 3097 2008 3175 2009 3097 2009 3009 2009 3097 2010 3175 2010 3254 2010 2013 2011 1890 2011 2147 2011 1890 2012 2013 2012 1763 2012 2013 2013 2148 2013 1763 2013 2281 2014 1763 2014 2148 2014 2281 2015 2395 2015 1763 2015 2396 2016 2281 2016 2148 2016 2148 2017 2498 2017 2396 2017 2605 2018 2498 2018 2148 2018 2498 2019 2605 2019 2703 2019 2498 2020 2703 2020 2702 2020 2702 2021 2497 2021 2498 2021 2498 2022 2497 2022 2396 2022 2281 2023 2396 2023 2497 2023 2497 2024 2496 2024 2281 2024 2395 2025 2281 2025 2496 2025 2496 2026 2604 2026 2395 2026 2914 2027 2702 2027 2703 2027 2914 2028 2912 2028 2702 2028 2702 2029 2912 2029 2700 2029 1587 2030 1716 2030 1376 2030 1473 2031 1587 2031 1376 2031 2497 2032 2702 2032 2700 2032 2912 2033 2913 2033 2700 2033 2913 2034 2701 2034 2700 2034 2701 2035 2496 2035 2700 2035 2913 2036 2794 2036 2701 2036 2794 2037 2898 2037 2701 2037 2496 2038 2497 2038 2700 2038 2496 2039 2701 2039 2604 2039 2913 2040 3089 2040 2794 2040 3089 2041 2913 2041 3090 2041 3089 2042 3090 2042 3001 2042 2794 2043 3089 2043 3001 2043 2899 2044 2794 2044 3001 2044 2595 2045 2794 2045 2899 2045 2691 2046 2794 2046 2595 2046 2691 2047 2898 2047 2794 2047 3001 2048 3090 2048 2899 2048 3090 2049 2913 2049 2912 2049 2912 2050 3176 2050 3090 2050 3090 2051 3176 2051 3092 2051 3090 2052 3092 2052 2899 2052 2899 2053 3092 2053 3002 2053 3002 2054 2595 2054 2899 2054 2595 2055 3002 2055 3091 2055 2691 2056 2595 2056 2276 2056 3091 2057 3002 2057 3092 2057 2488 2058 2276 2058 2595 2058 2388 2059 2276 2059 2488 2059 2388 2060 2144 2060 2276 2060 2144 2061 2009 2061 2276 2061 1887 2062 2009 2062 2144 2062 2009 2063 1887 2063 1513 2063 1513 2064 1887 2064 1761 2064 1637 2065 1513 2065 1761 2065 1513 2066 1637 2066 1310 2066 1513 2067 1310 2067 1407 2067 1407 2068 1310 2068 1225 2068 1514 2069 1407 2069 1225 2069 1514 2070 1225 2070 1638 2070 2388 2071 2487 2071 2144 2071 2594 2072 2144 2072 2487 2072 3092 2073 3176 2073 3315 2073 3315 2074 3249 2074 3092 2074 3091 2075 3092 2075 3249 2075 3091 2076 3249 2076 3316 2076 3316 2077 3249 2077 3373 2077 3373 2078 3249 2078 3320 2078 3373 2079 3320 2079 3426 2079 3373 2080 3426 2080 3318 2080 3376 2081 3318 2081 3426 2081 3376 2082 3094 2082 3318 2082 3318 2083 3094 2083 3251 2083 3094 2084 3172 2084 3251 2084 3251 2085 3377 2085 3318 2085 3320 2086 3376 2086 3426 2086 3249 2087 3378 2087 3320 2087 3320 2088 3378 2088 3253 2088 3174 2089 3320 2089 3253 2089 3320 2090 3174 2090 3376 2090 3376 2091 3174 2091 3319 2091 2799 2092 3172 2092 3094 2092 2799 2093 3094 2093 3005 2093 2905 2094 2799 2094 3005 2094 2905 2095 2695 2095 2799 2095 3173 2096 3005 2096 3094 2096 3094 2097 3252 2097 3173 2097 3174 2098 3173 2098 3252 2098 3095 2099 3173 2099 3174 2099 2907 2100 3095 2100 3174 2100 2905 2101 3095 2101 2907 2101 2905 2102 2907 2102 2696 2102 2905 2103 2696 2103 2906 2103 2906 2104 2696 2104 2800 2104 2695 2105 2906 2105 2800 2105 2600 2106 2800 2106 2696 2106 2695 2107 2905 2107 2906 2107 2600 2108 2695 2108 2800 2108 2392 2109 2695 2109 2600 2109 2599 2110 2695 2110 2392 2110 3319 2111 3094 2111 3376 2111 3319 2112 3174 2112 3252 2112 3319 2113 3252 2113 3094 2113 2801 2114 2696 2114 2907 2114 2696 2115 2801 2115 2601 2115 2494 2116 2696 2116 2601 2116 3174 2117 3253 2117 2907 2117 2695 2118 2599 2118 2799 2118 2492 2119 2599 2119 2392 2119 1761 2120 1888 2120 1637 2120 1761 2121 2010 2121 1888 2121 2696 2122 2494 2122 2600 2122 2600 2123 2494 2123 2493 2123 2493 2124 2494 2124 2279 2124 2392 2125 2493 2125 2279 2125 2493 2126 2392 2126 2600 2126 1762 2127 2392 2127 2279 2127 2601 2128 2393 2128 2494 2128 2392 2129 1762 2129 2492 2129 1637 2130 1762 2130 1310 2130 2494 2131 2393 2131 2279 2131 2393 2132 2146 2132 2279 2132 2391 2133 2146 2133 2393 2133 2278 2134 2146 2134 2391 2134 2146 2135 2278 2135 2012 2135 2146 2136 2012 2136 1762 2136 2146 2137 1762 2137 2279 2137 2012 2138 1889 2138 1762 2138 2393 2139 2598 2139 2391 2139 2278 2140 2391 2140 2390 2140 2391 2141 2491 2141 2390 2141 2390 2142 2491 2142 2277 2142 2390 2143 2277 2143 2012 2143 2012 2144 2278 2144 2390 2144 2277 2145 2145 2145 2012 2145 1889 2146 2012 2146 2145 2146 2491 2147 2391 2147 2694 2147 2694 2148 2391 2148 2798 2148 2391 2149 2903 2149 2798 2149 2694 2150 2798 2150 2904 2150 2796 2151 2694 2151 2904 2151 2796 2152 2597 2152 2694 2152 2694 2153 2597 2153 2491 2153 2796 2154 2692 2154 2597 2154 2489 2155 2597 2155 2692 2155 2692 2156 2596 2156 2489 2156 2389 2157 2489 2157 2596 2157 2489 2158 2389 2158 2277 2158 2596 2159 2490 2159 2389 2159 2145 2160 2389 2160 2490 2160 2489 2161 2277 2161 2597 2161 2277 2162 2491 2162 2597 2162 2145 2163 2277 2163 2389 2163 2796 2164 2904 2164 2900 2164 2796 2165 2900 2165 2692 2165 2692 2166 2795 2166 2596 2166 2596 2167 2795 2167 2693 2167 2795 2168 2901 2168 2693 2168 2693 2169 2901 2169 2797 2169 2797 2170 2490 2170 2693 2170 1889 2171 1310 2171 1762 2171 3003 2172 2901 2172 2795 2172 2901 2173 3003 2173 3076 2173 3076 2174 3075 2174 2901 2174 3075 2175 2875 2175 2901 2175 3171 2176 3076 2176 3003 2176 3003 2177 3250 2177 3171 2177 3003 2178 3317 2178 3250 2178 3003 2179 3374 2179 3317 2179 3317 2180 3374 2180 3425 2180 3375 2181 3250 2181 3317 2181 3240 2182 3250 2182 3375 2182 3240 2183 3171 2183 3250 2183 3240 2184 3160 2184 3171 2184 3171 2185 3160 2185 3076 2185 2986 2186 3076 2186 3160 2186 2986 2187 2876 2187 3076 2187 3312 2188 3240 2188 3375 2188 3074 2189 3240 2189 3312 2189 3240 2190 3074 2190 3077 2190 3240 2191 3077 2191 3160 2191 3075 2192 3076 2192 2876 2192 3077 2193 2986 2193 3160 2193 2986 2194 3077 2194 2778 2194 2876 2195 2986 2195 2778 2195 2673 2196 2876 2196 2778 2196 2673 2197 2875 2197 2876 2197 3077 2198 3074 2198 3073 2198 3074 2199 3312 2199 3162 2199 3074 2200 3162 2200 2984 2200 2984 2201 2874 2201 3074 2201 2874 2202 2985 2202 3074 2202 3073 2203 3074 2203 2985 2203 2985 2204 2778 2204 3073 2204 2874 2205 2778 2205 2985 2205 2778 2206 3077 2206 3073 2206 2672 2207 2778 2207 2874 2207 2574 2208 2778 2208 2672 2208 2574 2209 2673 2209 2778 2209 2097 2210 2673 2210 2574 2210 2779 2211 2673 2211 2097 2211 2797 2212 2901 2212 2875 2212 2779 2213 2875 2213 2673 2213 2875 2214 3075 2214 2876 2214 2874 2215 2984 2215 2983 2215 2983 2216 2984 2216 2873 2216 2873 2217 2672 2217 2983 2217 2873 2218 2984 2218 2777 2218 2672 2219 2466 2219 2574 2219 2672 2220 2874 2220 2983 2220 2672 2221 2873 2221 2777 2221 2984 2222 3162 2222 3079 2222 3079 2223 2880 2223 2984 2223 2574 2224 2466 2224 2097 2224 2984 2225 2880 2225 2777 2225 2880 2226 2675 2226 2777 2226 2675 2227 2466 2227 2777 2227 2880 2228 2879 2228 2675 2228 2675 2229 2879 2229 2781 2229 2575 2230 2675 2230 2781 2230 2879 2231 2880 2231 3078 2231 2879 2232 3078 2232 3161 2232 3161 2233 2988 2233 2879 2233 2879 2234 2988 2234 2878 2234 2466 2235 2672 2235 2777 2235 2675 2236 2575 2236 2466 2236 2575 2237 2354 2237 2466 2237 2781 2238 2879 2238 2878 2238 2988 2239 2780 2239 2878 2239 2575 2240 2878 2240 2780 2240 2781 2241 2878 2241 2575 2241 2780 2242 2674 2242 2575 2242 2354 2243 2575 2243 2674 2243 3241 2244 3161 2244 3078 2244 3241 2245 3096 2245 3161 2245 3161 2246 3096 2246 2987 2246 2988 2247 3161 2247 2987 2247 3096 2248 3008 2248 2909 2248 2909 2249 3006 2249 3096 2249 2909 2250 2698 2250 2908 2250 3007 2251 2909 2251 2908 2251 2780 2252 2988 2252 2987 2252 2877 2253 2780 2253 2987 2253 3096 2254 3006 2254 2987 2254 2802 2255 3007 2255 2908 2255 3006 2256 3007 2256 2802 2256 3007 2257 3006 2257 2909 2257 3006 2258 2802 2258 2877 2258 2780 2259 2877 2259 2674 2259 2802 2260 2908 2260 2698 2260 2802 2261 2697 2261 2877 2261 3006 2262 2877 2262 2987 2262 2011 2263 1310 2263 1889 2263 2596 2264 2693 2264 2490 2264 2358 2265 2099 2265 2471 2265 2102 2266 2099 2266 2358 2266 2358 2267 2103 2267 2233 2267 2230 2268 2099 2268 2102 2268 2102 2269 1721 2269 2230 2269 2233 2270 2102 2270 2358 2270 2102 2271 2233 2271 1969 2271 2233 2272 2103 2272 1969 2272 2234 2273 1844 2273 2103 2273 2103 2274 1844 2274 1969 2274 1844 2275 1722 2275 1969 2275 1844 2276 1593 2276 1722 2276 1593 2277 1844 2277 1723 2277 1593 2278 1723 2278 1479 2278 1593 2279 1479 2279 1381 2279 1593 2280 1381 2280 1478 2280 1722 2281 1721 2281 1969 2281 1722 2282 1593 2282 1478 2282 1477 2283 1722 2283 1478 2283 1287 2284 1478 2284 1381 2284 1477 2285 1478 2285 1287 2285 1380 2286 1477 2286 1287 2286 1592 2287 1477 2287 1380 2287 1477 2288 1592 2288 1721 2288 1721 2289 2102 2289 1969 2289 1722 2290 1477 2290 1721 2290 1724 2291 1479 2291 1723 2291 1479 2292 1724 2292 1594 2292 1594 2293 1200 2293 1479 2293 1381 2294 1479 2294 1200 2294 1287 2295 1381 2295 1200 2295 1200 2296 1030 2296 1287 2296 1380 2297 1287 2297 1030 2297 1590 2298 1200 2298 1594 2298 1475 2299 1590 2299 1594 2299 1475 2300 1029 2300 1590 2300 1200 2301 1110 2301 1030 2301 1030 2302 1110 2302 935 2302 765 2303 1030 2303 935 2303 765 2304 1112 2304 1030 2304 1199 2305 1112 2305 765 2305 1196 2306 1199 2306 765 2306 1196 2307 765 2307 1109 2307 1196 2308 1109 2308 1283 2308 1196 2309 1283 2309 1376 2309 1029 2310 1475 2310 1378 2310 1029 2311 1378 2311 1285 2311 1029 2312 1285 2312 1198 2312 1029 2313 1198 2313 1111 2313 1111 2314 844 2314 1029 2314 935 2315 1029 2315 844 2315 1285 2316 1378 2316 1476 2316 1198 2317 1285 2317 1286 2317 935 2318 844 2318 765 2318 1029 2319 935 2319 1110 2319 1111 2320 1197 2320 844 2320 1286 2321 1111 2321 1198 2321 1031 2322 936 2322 844 2322 1031 2323 1482 2323 1383 2323 1379 2324 1111 2324 1286 2324 1379 2325 1286 2325 1285 2325 1113 2326 936 2326 1031 2326 1203 2327 1114 2327 1032 2327 1291 2328 1203 2328 1032 2328 1291 2329 1386 2329 1203 2329 1293 2330 1204 2330 1114 2330 1293 2331 1387 2331 1204 2331 1293 2332 1114 2332 1389 2332 1490 2333 1389 2333 1114 2333 1389 2334 1490 2334 1606 2334 1734 2335 1389 2335 1606 2335 1860 2336 1734 2336 1606 2336 1386 2337 1291 2337 1487 2337 1386 2338 1487 2338 1605 2338 1386 2339 1605 2339 1733 2339 1859 2340 1733 2340 1605 2340 1979 2341 1733 2341 1859 2341 1732 2342 1605 2342 1487 2342 1732 2343 1857 2343 1605 2343 1605 2344 1857 2344 1859 2344 1732 2345 1487 2345 1858 2345 1858 2346 1487 2346 1978 2346 2473 2347 2242 2347 2474 2347 2110 2348 2474 2348 2242 2348 2242 2349 1981 2349 2110 2349 1980 2350 2110 2350 1981 2350 1980 2351 1981 2351 1735 2351 1980 2352 1735 2352 1734 2352 1980 2353 1734 2353 2110 2353 2111 2354 1981 2354 2242 2354 1981 2355 2111 2355 1862 2355 1608 2356 1981 2356 1862 2356 1981 2357 1608 2357 1735 2357 1735 2358 1608 2358 1607 2358 1389 2359 1735 2359 1607 2359 1389 2360 1734 2360 1735 2360 1491 2361 1389 2361 1607 2361 1608 2362 1491 2362 1607 2362 1608 2363 1862 2363 1736 2363 1736 2364 1293 2364 1608 2364 1608 2365 1293 2365 1491 2365 1293 2366 1389 2366 1491 2366 1736 2367 1861 2367 1293 2367 1861 2368 1982 2368 1293 2368 1897 2369 1982 2369 1861 2369 1488 2370 1982 2370 1897 2370 1523 2371 1319 2371 1488 2371 1292 2372 1488 2372 1319 2372 1488 2373 1292 2373 1387 2373 1292 2374 1204 2374 1387 2374 1292 2375 1319 2375 1416 2375 1416 2376 1319 2376 1231 2376 1143 2377 1231 2377 1319 2377 379 2378 305 2378 347 2378 379 2379 445 2379 411 2379 445 2380 483 2380 411 2380 483 2381 528 2381 411 2381 528 2382 584 2382 411 2382 640 2383 411 2383 584 2383 379 2384 636 2384 581 2384 306 2385 379 2385 411 2385 305 2386 379 2386 306 2386 305 2387 274 2387 209 2387 305 2388 306 2388 275 2388 239 2389 305 2389 275 2389 473 2390 519 2390 570 2390 473 2391 437 2391 519 2391 275 2392 306 2392 208 2392 275 2393 208 2393 239 2393 169 2394 239 2394 208 2394 274 2395 239 2395 169 2395 169 2396 242 2396 274 2396 242 2397 169 2397 209 2397 169 2398 189 2398 209 2398 241 2399 209 2399 189 2399 237 2400 241 2400 189 2400 189 2401 187 2401 237 2401 237 2402 187 2402 272 2402 208 2403 307 2403 276 2403 208 2404 276 2404 240 2404 240 2405 168 2405 208 2405 305 2406 239 2406 274 2406 169 2407 208 2407 168 2407 123 2408 169 2408 168 2408 123 2409 147 2409 169 2409 169 2410 147 2410 189 2410 272 2411 187 2411 235 2411 189 2412 147 2412 187 2412 187 2413 147 2413 144 2413 144 2414 186 2414 187 2414 235 2415 205 2415 272 2415 144 2416 166 2416 186 2416 85 2417 147 2417 123 2417 85 2418 144 2418 147 2418 123 2419 101 2419 85 2419 101 2420 39 2420 85 2420 61 2421 85 2421 39 2421 61 2422 93 2422 85 2422 47 2423 61 2423 39 2423 35 2424 61 2424 47 2424 168 2425 146 2425 123 2425 101 2426 122 2426 39 2426 122 2427 145 2427 39 2427 39 2428 145 2428 167 2428 39 2429 167 2429 188 2429 39 2430 188 2430 207 2430 207 2431 238 2431 39 2431 380 2432 447 2432 487 2432 380 2433 534 2433 590 2433 39 2434 23 2434 47 2434 47 2435 8 2435 35 2435 717 2436 784 2436 864 2436 400 2437 473 2437 475 2437 1135 2438 1757 2438 1225 2438 569 2439 519 2439 437 2439 276 2440 308 2440 240 2440 308 2441 276 2441 345 2441 60 2442 61 2442 35 2442 381 2443 276 2443 380 2443 380 2444 448 2444 381 2444 448 2445 380 2445 488 2445 380 2446 535 2446 488 2446 380 2447 592 2447 535 2447 648 2448 592 2448 380 2448 648 2449 535 2449 592 2449 535 2450 648 2450 593 2450 535 2451 593 2451 488 2451 488 2452 593 2452 536 2452 536 2453 448 2453 488 2453 448 2454 536 2454 537 2454 448 2455 537 2455 489 2455 448 2456 489 2456 381 2456 489 2457 537 2457 594 2457 593 2458 649 2458 536 2458 594 2459 537 2459 650 2459 594 2460 538 2460 489 2460 536 2461 649 2461 719 2461 650 2462 651 2462 594 2462 538 2463 594 2463 651 2463 650 2464 652 2464 651 2464 538 2465 651 2465 539 2465 539 2466 651 2466 652 2466 539 2467 381 2467 538 2467 652 2468 595 2468 539 2468 539 2469 595 2469 490 2469 650 2470 720 2470 652 2470 720 2471 595 2471 652 2471 653 2472 595 2472 720 2472 720 2473 650 2473 786 2473 653 2474 720 2474 786 2474 786 2475 721 2475 653 2475 490 2476 653 2476 721 2476 865 2477 786 2477 650 2477 721 2478 786 2478 865 2478 721 2479 865 2479 787 2479 1052 2480 865 2480 650 2480 787 2481 865 2481 965 2481 965 2482 865 2482 1052 2482 965 2483 866 2483 787 2483 490 2484 787 2484 866 2484 866 2485 965 2485 1053 2485 866 2486 1053 2486 966 2486 1053 2487 965 2487 1052 2487 966 2488 1053 2488 1055 2488 1055 2489 868 2489 966 2489 868 2490 490 2490 966 2490 1053 2491 1052 2491 1055 2491 868 2492 1055 2492 969 2492 868 2493 969 2493 788 2493 969 2494 1055 2494 1052 2494 1225 2495 1763 2495 1638 2495 1225 2496 2002 2496 2014 2496 788 2497 969 2497 967 2497 967 2498 867 2498 788 2498 788 2499 867 2499 722 2499 788 2500 722 2500 490 2500 276 2501 381 2501 345 2501 969 2502 1052 2502 1226 2502 1311 2503 969 2503 1226 2503 1136 2504 1052 2504 650 2504 1225 2505 1052 2505 1136 2505 381 2506 539 2506 490 2506 489 2507 538 2507 381 2507 381 2508 490 2508 449 2508 413 2509 381 2509 449 2509 413 2510 345 2510 381 2510 1310 2511 1052 2511 1225 2511 2490 2512 2797 2512 2902 2512 2490 2513 2902 2513 3004 2513 3004 2514 2902 2514 3093 2514 146 2515 101 2515 123 2515 23 2516 39 2516 31 2516 449 2517 490 2517 540 2517 9 2518 20 2518 14 2518 653 2519 490 2519 595 2519 868 2520 788 2520 490 2520 490 2521 866 2521 966 2521 490 2522 721 2522 787 2522 8 2523 13 2523 18 2523 540 2524 490 2524 596 2524 596 2525 655 2525 540 2525 596 2526 724 2526 655 2526 724 2527 792 2527 655 2527 792 2528 724 2528 873 2528 873 2529 724 2529 976 2529 976 2530 724 2530 1059 2530 724 2531 975 2531 1059 2531 1059 2532 975 2532 1142 2532 1142 2533 975 2533 1230 2533 1142 2534 1230 2534 1318 2534 1230 2535 1415 2535 1318 2535 1318 2536 1415 2536 1522 2536 1645 2537 1318 2537 1522 2537 967 2538 1054 2538 867 2538 968 2539 867 2539 1054 2539 29 2540 14 2540 20 2540 14 2541 29 2541 36 2541 13 2542 8 2542 4 2542 1310 2543 1226 2543 1052 2543 968 2544 1054 2544 1137 2544 968 2545 722 2545 867 2545 1056 2546 968 2546 1137 2546 1056 2547 869 2547 968 2547 18 2548 13 2548 26 2548 724 2549 872 2549 975 2549 975 2550 872 2550 1058 2550 975 2551 1058 2551 1141 2551 1141 2552 1229 2552 975 2552 1229 2553 1316 2553 975 2553 1316 2554 1412 2554 975 2554 975 2555 1412 2555 1413 2555 1317 2556 975 2556 1413 2556 1230 2557 975 2557 1317 2557 1230 2558 1317 2558 1414 2558 1414 2559 1521 2559 1230 2559 596 2560 790 2560 724 2560 1408 2561 1311 2561 1226 2561 1515 2562 1311 2562 1408 2562 1408 2563 1639 2563 1515 2563 1515 2564 1639 2564 1765 2564 1515 2565 1765 2565 1893 2565 1765 2566 2016 2566 1893 2566 1226 2567 1516 2567 1408 2567 1516 2568 1641 2568 1408 2568 1408 2569 1641 2569 1767 2569 1767 2570 1895 2570 1408 2570 1895 2571 1891 2571 1408 2571 1891 2572 1764 2572 1408 2572 1765 2573 2015 2573 2016 2573 1639 2574 1892 2574 1765 2574 48 2575 63 2575 80 2575 1521 2576 1415 2576 1230 2576 63 2577 96 2577 80 2577 114 2578 80 2578 96 2578 62 137 135 137 112 137 136 2579 114 2579 96 2579 114 2580 113 2580 80 2580 790 2581 596 2581 723 2581 790 2582 872 2582 724 2582 872 2583 790 2583 973 2583 871 2584 790 2584 723 2584 790 2585 871 2585 973 2585 490 2586 654 2586 596 2586 62 137 159 137 135 137 135 137 159 137 182 137 135 137 182 137 201 137 201 137 228 137 135 137 266 137 228 137 201 137 201 137 297 137 266 137 297 137 201 137 335 137 112 137 200 137 181 137 723 2587 596 2587 654 2587 654 2588 791 2588 723 2588 96 2589 160 2589 136 2589 96 2590 183 2590 160 2590 723 2591 974 2591 871 2591 654 2592 490 2592 722 2592 654 2593 722 2593 789 2593 722 2594 869 2594 789 2594 789 2595 869 2595 970 2595 970 2596 971 2596 789 2596 971 2597 870 2597 789 2597 654 2598 789 2598 870 2598 654 2599 870 2599 972 2599 869 2600 722 2600 968 2600 1057 2601 870 2601 971 2601 1057 2602 1140 2602 870 2602 970 2603 869 2603 1056 2603 970 2604 1056 2604 1138 2604 1227 2605 1138 2605 1056 2605 1227 2606 1313 2606 1138 2606 970 2607 1138 2607 1139 2607 1313 2608 1227 2608 1409 2608 43 2609 55 2609 26 2609 1409 2610 1227 2610 1312 2610 1312 2611 1517 2611 1409 2611 971 2612 970 2612 1139 2612 1139 2613 1228 2613 971 2613 971 2614 1228 2614 1315 2614 1411 2615 971 2615 1315 2615 1137 2616 1312 2616 1227 2616 1137 2617 1227 2617 1056 2617 71 2618 70 2618 105 2618 105 2619 70 2619 126 2619 1765 2620 1892 2620 2015 2620 112 137 227 137 200 137 1314 2621 1228 2621 1139 2621 1639 2622 1641 2622 1892 2622 1641 2623 2150 2623 1892 2623 2284 2624 1892 2624 2150 2624 2400 2625 1892 2625 2284 2625 1764 2626 1639 2626 1408 2626 1764 2627 1767 2627 1639 2627 1764 2628 1891 2628 1767 2628 1895 2629 1767 2629 1891 2629 1767 2630 1641 2630 1639 2630 1641 2631 2283 2631 2150 2631 2150 2632 2401 2632 2284 2632 2284 2633 2401 2633 2505 2633 2401 2634 2611 2634 2505 2634 2401 2635 2709 2635 2611 2635 2809 2636 2611 2636 2709 2636 2709 2637 2921 2637 2809 2637 2809 2638 2921 2638 3012 2638 2399 2639 2283 2639 1641 2639 2399 2640 2503 2640 2283 2640 2399 2641 1641 2641 2504 2641 2504 2642 2610 2642 2399 2642 2399 2643 2610 2643 2609 2643 2504 2644 2708 2644 2610 2644 2663 2645 2610 2645 2708 2645 2921 2646 3100 2646 3012 2646 3179 2647 3012 2647 3100 2647 2399 2648 2609 2648 2503 2648 2609 2649 2565 2649 2503 2649 1516 2650 1226 2650 1640 2650 1640 2651 1766 2651 1516 2651 2920 2652 2663 2652 2708 2652 2609 2653 2610 2653 2663 2653 2663 2654 2453 2654 2609 2654 3100 2655 3255 2655 3179 2655 3321 2656 3179 2656 3255 2656 2564 2657 2453 2657 2663 2657 2453 2658 2564 2658 2213 2658 2453 2659 2213 2659 2210 2659 2453 2660 2210 2660 2565 2660 2565 2661 2609 2661 2453 2661 2565 2662 2210 2662 2664 2662 2768 2663 2565 2663 2664 2663 1766 2664 1640 2664 1894 2664 2213 2665 1958 2665 2210 2665 1958 2666 2213 2666 2087 2666 2087 2667 1830 2667 1958 2667 1707 2668 1958 2668 1830 2668 1957 2669 1958 2669 1707 2669 1958 2670 1957 2670 2210 2670 2342 2671 2210 2671 1957 2671 1957 2672 1707 2672 1829 2672 1829 2673 2086 2673 1957 2673 2211 2674 1957 2674 2086 2674 2664 2663 2863 2663 2768 2663 2342 2675 1957 2675 2211 2675 3255 2676 3379 2676 3321 2676 3379 2677 3427 2677 3321 2677 1228 2678 1410 2678 1315 2678 2212 2679 1830 2679 2087 2679 2343 2680 2212 2680 2087 2680 2454 2681 2343 2681 2087 2681 2212 2682 2215 2682 1830 2682 2215 2683 2088 2683 1830 2683 2088 2684 1831 2684 1830 2684 1831 2685 1467 2685 1830 2685 2088 2686 2214 2686 1831 2686 1831 2687 2214 2687 2344 2687 2345 2688 1831 2688 2344 2688 2345 2689 2216 2689 1831 2689 1831 2690 2216 2690 2089 2690 1831 2691 2089 2691 1959 2691 1831 2692 1959 2692 1708 2692 1707 2693 1580 2693 1829 2693 2214 2694 2455 2694 2344 2694 2344 2695 2455 2695 2567 2695 2344 2696 2567 2696 2345 2696 2345 2697 2567 2697 2346 2697 2455 2698 2666 2698 2567 2698 2567 2699 2666 2699 2772 2699 2567 2700 2772 2700 2667 2700 2216 2701 2345 2701 2346 2701 2772 2702 2773 2702 2667 2702 2667 2703 2773 2703 2346 2703 2978 2704 2773 2704 2772 2704 2773 2705 2978 2705 2979 2705 2773 2706 2979 2706 2774 2706 2978 2707 3153 2707 2979 2707 2567 2708 2667 2708 2346 2708 2774 2709 2346 2709 2773 2709 2668 2710 2346 2710 2774 2710 2456 2711 2346 2711 2668 2711 2217 2712 2346 2712 2456 2712 2346 2713 2217 2713 2089 2713 2089 2714 2216 2714 2346 2714 2217 2715 1960 2715 2089 2715 2455 2716 2214 2716 2566 2716 2772 2717 2666 2717 2869 2717 2666 2718 2455 2718 2566 2718 2771 2719 2666 2719 2566 2719 2666 2720 2771 2720 2868 2720 2217 2721 2456 2721 2347 2721 2347 2722 2090 2722 2217 2722 2666 2723 2868 2723 2869 2723 2868 2724 2978 2724 2869 2724 1959 2725 2089 2725 1960 2725 2217 2726 2090 2726 1960 2726 1960 2727 2090 2727 1832 2727 1960 2728 1832 2728 1708 2728 2771 2729 2978 2729 2868 2729 2091 2730 2090 2730 2347 2730 2457 2731 2347 2731 2456 2731 2218 2732 2347 2732 2457 2732 2665 2733 2566 2733 2214 2733 2665 2734 2769 2734 2566 2734 2865 2735 2566 2735 2769 2735 2772 2736 2869 2736 2978 2736 3068 2737 2978 2737 2771 2737 2865 2738 2771 2738 2566 2738 2978 2739 3068 2739 3153 2739 2864 2740 2769 2740 2665 2740 3154 2741 3068 2741 2771 2741 3154 2742 3236 2742 3068 2742 3235 2743 3068 2743 3236 2743 3068 2744 3235 2744 3371 2744 3424 2745 3068 2745 3371 2745 3236 2746 2864 2746 3235 2746 2864 2747 3152 2747 3235 2747 3152 2748 3309 2748 3235 2748 3310 2749 3309 2749 3152 2749 3152 2750 2864 2750 3067 2750 3152 2751 3067 2751 3234 2751 3152 2752 3234 2752 3310 2752 3238 2753 3310 2753 3234 2753 2864 2754 2665 2754 2866 2754 3067 2755 3151 2755 3234 2755 3151 2756 3158 2756 3234 2756 3156 2757 3234 2757 3158 2757 2866 2758 3067 2758 2864 2758 3151 2759 3067 2759 2866 2759 2866 2760 3159 2760 3151 2760 2770 2761 2866 2761 2665 2761 3159 2762 2866 2762 3239 2762 3239 2763 3072 2763 3159 2763 3159 2764 3072 2764 2872 2764 2872 2765 3158 2765 3159 2765 2770 2766 2665 2766 2214 2766 2214 2767 2867 2767 2770 2767 3151 2768 3159 2768 3158 2768 2872 2769 3071 2769 3158 2769 3156 2770 3238 2770 3234 2770 3069 2771 3238 2771 3156 2771 3156 2772 3158 2772 3071 2772 3156 2773 3071 2773 2870 2773 3156 2774 2870 2774 3069 2774 2870 2775 2980 2775 3069 2775 2980 2776 3155 2776 3069 2776 2871 2777 2870 2777 3071 2777 2775 2778 2870 2778 2871 2778 2570 2779 2870 2779 2775 2779 2872 2780 2871 2780 3071 2780 2670 2781 2871 2781 2872 2781 2670 2782 2775 2782 2871 2782 2872 2783 3072 2783 2981 2783 2872 2784 2981 2784 2776 2784 2776 2785 2670 2785 2872 2785 2221 2786 2670 2786 2776 2786 2570 2787 2670 2787 2221 2787 3155 2788 2980 2788 3237 2788 2980 2789 2870 2789 2570 2789 3070 2790 2980 2790 2570 2790 2980 2791 3070 2791 3157 2791 2670 2792 2570 2792 2775 2792 2463 2793 2570 2793 2221 2793 3237 2794 2980 2794 3157 2794 3157 2795 3311 2795 3237 2795 2463 2796 2221 2796 2222 2796 2094 2797 2222 2797 2221 2797 1962 2798 2222 2798 2094 2798 2350 2799 2222 2799 1962 2799 3372 2800 3311 2800 3157 2800 1962 2801 2093 2801 2350 2801 2219 2802 2350 2802 2093 2802 2219 2803 2460 2803 2350 2803 2220 2804 2460 2804 2219 2804 2092 2805 2220 2805 2219 2805 2092 2806 1833 2806 2220 2806 2349 2807 2220 2807 1833 2807 2461 2808 2220 2808 2349 2808 2219 2809 1834 2809 2092 2809 2092 2810 1834 2810 1833 2810 1582 2811 1833 2811 1834 2811 1833 2812 1582 2812 1709 2812 1833 2813 2462 2813 2349 2813 2349 2814 2462 2814 2568 2814 1582 2815 1468 2815 1709 2815 1468 2816 1710 2816 1709 2816 2568 2817 2462 2817 2458 2817 2458 2818 2348 2818 2568 2818 1582 2819 1834 2819 1583 2819 1834 2820 1961 2820 1583 2820 1279 2821 1582 2821 1583 2821 1710 2822 1468 2822 1581 2822 1710 2823 1581 2823 1835 2823 1835 2824 2348 2824 2458 2824 2348 2825 1835 2825 2218 2825 2218 2826 2459 2826 2348 2826 1835 2827 1581 2827 1832 2827 1835 2828 1832 2828 2091 2828 1279 2829 1468 2829 1582 2829 1468 2830 1279 2830 1278 2830 2091 2831 2218 2831 1835 2831 1581 2832 1708 2832 1832 2832 1278 2833 1581 2833 1468 2833 1278 2834 1467 2834 1581 2834 1581 2835 1467 2835 1708 2835 1708 2836 1959 2836 1960 2836 2457 2837 2459 2837 2218 2837 2347 2838 2218 2838 2091 2838 2090 2839 2091 2839 1832 2839 2461 2840 2460 2840 2220 2840 2669 2841 2460 2841 2461 2841 2669 2842 2569 2842 2460 2842 2350 2843 2460 2843 2569 2843 2093 2844 1834 2844 2219 2844 2093 2845 1961 2845 1834 2845 1961 2846 2093 2846 1962 2846 2094 2847 1711 2847 1962 2847 1711 2848 1836 2848 1962 2848 1711 2849 1583 2849 1836 2849 1711 2850 1469 2850 1583 2850 1711 2851 2094 2851 2221 2851 2221 2852 2351 2852 1711 2852 1711 2853 2351 2853 2464 2853 2464 2854 2571 2854 1711 2854 1711 2855 2571 2855 2671 2855 1583 2856 1469 2856 1279 2856 1279 2857 1469 2857 1373 2857 1193 2858 1279 2858 1373 2858 1279 2859 1193 2859 1105 2859 1831 2860 1708 2860 1467 2860 1279 2861 1105 2861 1278 2861 1192 2862 1278 2862 1105 2862 1192 2863 1372 2863 1278 2863 1278 2864 1372 2864 1467 2864 1372 2865 1192 2865 1374 2865 1374 2866 1580 2866 1372 2866 1105 2867 932 2867 1192 2867 1467 2868 1372 2868 1580 2868 1467 2869 1707 2869 1830 2869 1580 2870 1956 2870 1829 2870 1580 2871 1707 2871 1467 2871 1580 2872 1374 2872 1584 2872 932 2873 1107 2873 1192 2873 1192 2874 1107 2874 1281 2874 1374 2875 1192 2875 1281 2875 1472 2876 1374 2876 1281 2876 1374 2877 1472 2877 1584 2877 1584 2878 1472 2878 1713 2878 2097 2879 2466 2879 2354 2879 2354 2880 2227 2880 2097 2880 2227 2881 1840 2881 2097 2881 1840 2882 1966 2882 2097 2882 2226 2883 2097 2883 1966 2883 1956 2884 1580 2884 2085 2884 2085 2885 1580 2885 2208 2885 2340 2886 2208 2886 1580 2886 2208 2887 2340 2887 2450 2887 2450 2888 2223 2888 2208 2888 2208 2889 2223 2889 2095 2889 2095 2890 2451 2890 2208 2890 2341 2891 2208 2891 2451 2891 2085 2892 2208 2892 2341 2892 2341 2893 2209 2893 2085 2893 1956 2894 2085 2894 2209 2894 1713 2895 1472 2895 1712 2895 1472 2896 1281 2896 1471 2896 1107 2897 1282 2897 1281 2897 1027 2898 1105 2898 1193 2898 1106 2899 1027 2899 1193 2899 1106 2900 626 2900 1027 2900 932 2901 1027 2901 626 2901 932 2902 1105 2902 1027 2902 932 2903 626 2903 842 2903 933 2904 932 2904 842 2904 1471 2905 1281 2905 1282 2905 1282 2906 1375 2906 1471 2906 1585 2907 1471 2907 1375 2907 1585 2908 1712 2908 1471 2908 842 2909 626 2909 764 2909 2086 2910 1829 2910 1956 2910 1280 2911 1106 2911 1193 2911 1107 2912 932 2912 933 2912 1107 2913 933 2913 1194 2913 933 2914 842 2914 764 2914 933 2915 764 2915 1026 2915 1026 2916 1108 2916 933 2916 1585 2917 1837 2917 1712 2917 1472 2918 1471 2918 1712 2918 1712 2919 1837 2919 1839 2919 1712 2920 1839 2920 2095 2920 1280 2921 1193 2921 1373 2921 1470 2922 1280 2922 1373 2922 626 2923 694 2923 764 2923 626 2924 515 2924 694 2924 515 2925 763 2925 694 2925 694 2926 763 2926 840 2926 840 2927 841 2927 694 2927 930 2928 840 2928 763 2928 1023 2929 840 2929 930 2929 841 2930 840 2930 1023 2930 841 2931 1023 2931 1025 2931 1025 2932 931 2932 841 2932 841 2933 931 2933 764 2933 839 2934 1023 2934 930 2934 929 2935 1023 2935 839 2935 1023 2936 929 2936 1102 2936 929 2937 839 2937 761 2937 761 2938 928 2938 929 2938 928 2939 1101 2939 929 2939 1023 2940 1102 2940 1025 2940 1102 2941 1275 2941 1025 2941 1370 2942 1025 2942 1275 2942 515 2943 626 2943 567 2943 515 2944 567 2944 470 2944 435 2945 515 2945 470 2945 515 2946 435 2946 566 2946 838 2947 928 2947 761 2947 927 2948 928 2948 838 2948 928 2949 927 2949 1098 2949 1098 2950 1189 2950 928 2950 1101 2951 1102 2951 929 2951 1101 2952 1274 2952 1102 2952 764 2953 931 2953 1026 2953 764 2954 694 2954 841 2954 1188 2955 1098 2955 927 2955 1188 836 1270 836 1098 836 1270 836 1364 836 1098 836 1364 836 1460 836 1098 836 1098 836 1460 836 1367 836 1367 836 1272 836 1098 836 625 2956 566 2956 435 2956 928 2957 1189 2957 1101 2957 1574 836 1460 836 1364 836 1188 2958 927 2958 1271 2958 1272 836 1189 836 1098 836 1189 836 1272 836 1366 836 1366 836 1461 836 1189 836 1369 2959 1189 2959 1461 2959 1369 2960 1274 2960 1189 2960 1024 2961 930 2961 763 2961 1364 836 1699 836 1574 836 1574 836 1699 836 1821 836 927 836 1365 836 1271 836 931 2962 1025 2962 1103 2962 931 2963 1103 2963 1104 2963 839 2964 930 2964 762 2964 762 2965 624 2965 839 2965 1821 836 1699 836 1946 836 2077 836 1821 836 1946 836 1365 836 927 836 1273 836 839 2966 624 2966 761 2966 624 2967 692 2967 761 2967 838 2968 761 2968 692 2968 691 2969 838 2969 692 2969 564 2970 691 2970 692 2970 691 2971 564 2971 563 2971 691 2972 563 2972 760 2972 690 2973 760 2973 563 2973 760 836 690 836 837 836 837 836 926 836 760 836 1021 836 760 836 926 836 1097 836 760 836 1021 836 1097 836 1099 836 760 836 1022 836 760 836 1099 836 927 836 760 836 1022 836 624 2974 762 2974 693 2974 624 2975 565 2975 692 2975 693 2976 434 2976 624 2976 1097 836 1021 836 1187 836 925 836 837 836 690 836 1187 836 1021 836 1269 836 1187 836 1269 836 1363 836 1020 836 925 836 690 836 1269 836 1459 836 1363 836 1363 836 1459 836 1573 836 690 836 1096 836 1020 836 1573 836 1459 836 1698 836 1698 2977 1820 2977 1573 2977 1573 836 1820 836 1945 836 564 2978 692 2978 565 2978 565 2979 514 2979 564 2979 514 2980 468 2980 564 2980 760 2981 838 2981 691 2981 564 2982 468 2982 563 2982 468 2983 513 2983 563 2983 623 2984 563 2984 513 2984 434 2985 565 2985 624 2985 1022 836 1100 836 927 836 563 2986 623 2986 690 2986 927 836 1190 836 1273 836 1100 836 1190 836 927 836 690 836 623 836 759 836 927 2987 838 2987 760 2987 759 836 836 836 690 836 924 836 690 836 836 836 690 836 924 836 1019 836 1019 836 1096 836 690 836 1096 836 1019 836 1186 836 1096 836 1186 836 1268 836 398 2988 435 2988 470 2988 435 2989 398 2989 362 2989 398 2990 290 2990 362 2990 326 2991 362 2991 290 2991 397 2992 362 2992 326 2992 326 2993 434 2993 397 2993 471 2994 435 2994 362 2994 517 2995 471 2995 362 2995 516 2996 435 2996 471 2996 434 2997 326 2997 436 2997 436 2998 514 2998 434 2998 2076 836 1945 836 1820 836 1362 836 1268 836 1186 836 1362 836 1458 836 1268 836 1966 2999 1840 2999 1715 2999 1473 3000 1715 3000 1840 3000 1586 3001 1715 3001 1473 3001 1473 3002 1283 3002 1586 3002 1283 3003 1473 3003 1376 3003 1109 3004 765 3004 1028 3004 326 3005 290 3005 259 3005 326 3006 399 3006 436 3006 259 3007 363 3007 326 3007 1028 3008 765 3008 934 3008 934 3009 765 3009 843 3009 434 3010 514 3010 565 3010 695 3011 843 3011 765 3011 695 3012 765 3012 571 3012 290 3013 224 3013 259 3013 259 3014 224 3014 197 3014 259 3015 197 3015 258 3015 259 3016 258 3016 325 3016 472 3017 436 3017 399 3017 436 3018 395 3018 514 3018 518 3019 436 3019 472 3019 568 3020 436 3020 518 3020 436 3021 568 3021 627 3021 363 3022 399 3022 326 3022 623 3023 513 3023 512 3023 623 836 835 836 759 836 835 836 623 836 923 836 512 3024 622 3024 623 3024 623 836 622 836 757 836 757 836 831 836 623 836 918 836 623 836 831 836 1362 836 1572 836 1458 836 1698 3025 1944 3025 1820 3025 1362 836 1697 836 1572 836 1572 836 1697 836 1819 836 1572 836 1819 836 1943 836 623 836 918 836 923 836 1094 836 923 836 918 836 1094 836 1184 836 923 836 1368 836 1273 836 1190 836 1943 3026 1819 3026 2074 3026 1819 836 1820 836 2074 836 1820 836 2075 836 2074 836 1266 836 1184 836 1094 836 1184 836 1266 836 1360 836 1273 836 1368 836 1462 836 1462 836 1368 836 1575 836 1575 836 1700 836 1462 836 2076 836 1820 836 2202 836 2332 836 2076 836 2202 836 1360 836 1266 836 1456 836 1456 836 1570 836 1360 836 757 836 622 836 830 836 2332 836 2202 836 2334 836 1820 836 1944 836 2075 836 1695 3027 1570 3027 1456 3027 1570 3028 1695 3028 1817 3028 1819 3029 1697 3029 1942 3029 1942 3030 2072 3030 1819 3030 1819 836 2072 836 1695 836 2078 3031 2334 3031 2202 3031 2078 836 2202 836 1947 836 1822 836 2078 836 1947 836 1822 836 1700 836 1575 836 1700 836 1822 836 1947 836 2202 3032 2335 3032 1947 3032 2335 836 2202 836 2446 836 2445 836 2446 836 2202 836 2445 836 2658 836 2446 836 2445 836 2558 836 2658 836 2203 3033 2558 3033 2445 3033 2333 3034 2203 3034 2445 3034 2333 836 2077 836 2203 836 2077 836 1946 836 2203 836 2445 3035 2559 3035 2333 3035 2559 3036 2445 3036 2207 3036 2559 836 2207 836 2449 836 2339 836 2449 836 2207 836 2339 836 2207 836 2083 836 1189 3037 1274 3037 1101 3037 1102 3038 1274 3038 1275 3038 1461 836 1577 836 1369 836 1823 836 2083 836 2207 836 1952 836 2083 836 1823 836 1703 836 1952 836 1823 836 1369 3039 1703 3039 1823 3039 1939 836 1817 836 1695 836 1939 836 1695 836 2072 836 931 3040 1104 3040 1026 3040 1274 3041 1463 3041 1275 3041 1275 3042 1463 3042 1464 3042 1369 3043 1577 3043 1703 3043 1701 836 1369 836 1823 836 1369 3044 1463 3044 1274 3044 1576 3045 1369 3045 1701 3045 1370 3046 1275 3046 1464 3046 1578 3047 1370 3047 1464 3047 1818 836 1695 836 1456 836 1940 836 1695 836 1818 836 1695 3048 1940 3048 1816 3048 1191 3049 1026 3049 1104 3049 1104 3050 1103 3050 1276 3050 1277 3051 1104 3051 1276 3051 395 3052 432 3052 468 3052 395 3053 468 3053 514 3053 432 3054 512 3054 513 3054 432 3055 513 3055 468 3055 622 836 917 836 830 836 622 836 1017 836 917 836 917 836 1017 836 1093 836 622 3056 512 3056 562 3056 433 3057 395 3057 436 3057 1578 3058 1464 3058 1704 3058 1465 3059 1578 3059 1704 3059 1463 3060 1702 3060 1464 3060 1369 3061 1576 3061 1463 3061 1093 836 1017 836 1183 836 1265 836 1093 836 1183 836 1701 3062 1824 3062 1576 3062 1824 836 1949 836 1576 836 1576 3063 1949 3063 2080 3063 1576 836 2080 836 1950 836 1950 836 1825 836 1576 836 1702 3064 1576 3064 1825 3064 1463 3065 1576 3065 1702 3065 1277 3066 1276 3066 1465 3066 1466 3067 1277 3067 1465 3067 1277 3068 1466 3068 1371 3068 1191 3069 1277 3069 1371 3069 1104 3070 1277 3070 1191 3070 1824 836 1701 836 1948 836 2079 836 1948 836 1701 836 1702 3071 1704 3071 1464 3071 1951 3072 1702 3072 1825 3072 1702 3073 1951 3073 1953 3073 2081 836 1825 836 1950 836 2205 836 1825 836 2081 836 2082 3074 1825 3074 2205 3074 1704 3075 1702 3075 1953 3075 1704 3076 1826 3076 1465 3076 1704 3077 1953 3077 1826 3077 1826 3078 1705 3078 1465 3078 2204 836 2079 836 1701 836 1108 3079 1026 3079 1195 3079 1194 3080 1282 3080 1107 3080 1466 3081 1465 3081 1705 3081 1579 3082 1466 3082 1705 3082 2336 836 2204 836 1701 836 2447 836 2204 836 2336 836 1371 3083 1466 3083 1579 3083 1371 3084 1579 3084 1706 3084 2336 836 2560 836 2447 836 2336 836 2659 836 2560 836 2765 836 2659 836 2336 836 2860 836 2659 836 2765 836 2659 3085 2860 3085 2973 3085 2976 836 2973 836 2860 836 2973 836 2976 836 2862 836 2862 836 2976 836 2767 836 2862 836 2767 836 2661 836 2661 836 2767 836 2562 836 2562 836 2448 836 2661 836 2338 836 2448 836 2562 836 2205 836 2448 836 2338 836 2082 3086 2205 3086 2338 3086 1826 3087 1953 3087 2084 3087 1954 3088 1826 3088 2084 3088 1705 3089 1826 3089 1954 3089 1705 3090 1954 3090 1955 3090 1705 3091 1955 3091 1827 3091 1951 3092 2084 3092 1953 3092 1579 3093 1705 3093 1827 3093 1579 3094 1827 3094 1828 3094 1579 3095 1828 3095 1706 3095 2082 3096 1951 3096 1825 3096 2082 836 2206 836 1951 836 2337 836 1951 836 2206 836 1951 836 2337 836 2322 836 2765 836 2974 836 2860 836 1375 3097 1714 3097 1585 3097 1375 3098 1282 3098 1194 3098 1827 3099 2053 3099 1828 3099 1828 3100 2053 3100 2054 3100 1827 3101 1955 3101 2053 3101 1955 3102 1954 3102 1807 3102 1955 3103 1807 3103 1803 3103 2561 3104 2322 3104 2337 3104 2660 836 2561 836 2337 836 2766 836 2561 836 2660 836 2766 3105 2660 3105 2861 3105 2975 836 2766 836 2861 836 1838 3106 1714 3106 1375 3106 1964 3107 1838 3107 1375 3107 2096 3108 1838 3108 1964 3108 1963 3109 1838 3109 2096 3109 2322 3110 2084 3110 1951 3110 2059 3111 2084 3111 2322 3111 2059 3112 1929 3112 2084 3112 2561 836 2552 836 2322 836 2440 836 2322 836 2552 836 3065 836 2975 836 2861 836 3149 836 2975 836 3065 836 2053 3113 1801 3113 2054 3113 1802 3114 2054 3114 1801 3114 2054 3115 1802 3115 2055 3115 1925 3116 2055 3116 1802 3116 2319 3117 2054 3117 2055 3117 2055 3118 2438 3118 2319 3118 2549 3119 2319 3119 2438 3119 3065 836 3232 836 3149 836 3232 836 3307 836 3149 836 1955 3120 1924 3120 2053 3120 3307 3121 3232 3121 3370 3121 3370 836 3423 836 3307 836 2974 836 2765 836 3064 836 3148 836 3064 836 2765 836 3231 836 3064 836 3148 836 3306 836 3064 836 3231 836 3231 836 3370 836 3306 836 1803 3122 1807 3122 1559 3122 1556 3123 1803 3123 1559 3123 3423 3124 3370 3124 3231 3124 3231 836 3470 836 3423 836 3470 836 3514 836 3423 836 1954 3125 1929 3125 1807 3125 1807 3126 1929 3126 1683 3126 1963 3127 2096 3127 2224 3127 1963 3128 2224 3128 2352 3128 1929 3129 2059 3129 1806 3129 1929 3130 1954 3130 2084 3130 1714 3131 1838 3131 1963 3131 1714 3132 1839 3132 1585 3132 1714 3133 1963 3133 1965 3133 3514 836 3470 836 3513 836 2440 836 2059 836 2322 836 2441 836 2059 836 2440 836 2441 3134 2323 3134 2059 3134 2323 3135 2441 3135 2553 3135 2441 836 2655 836 2553 836 2763 836 2553 836 2655 836 2856 836 2763 836 2655 836 2763 836 2856 836 2971 836 2856 836 3060 836 2971 836 3146 836 2971 836 3060 836 3146 836 3060 836 3229 836 3229 3136 3304 3136 3146 3136 3304 3137 3229 3137 3369 3137 3369 3138 3422 3138 3304 3138 3304 836 3422 836 3471 836 3369 836 3513 836 3470 836 3469 836 3471 836 3422 836 2193 836 2059 836 2323 836 3422 836 3368 836 3469 836 3422 836 3147 836 3368 836 3368 836 3147 836 3145 836 3422 3139 3369 3139 3470 3139 3147 3140 3228 3140 3145 3140 3228 836 3059 836 3145 836 3059 3141 2970 3141 3145 3141 3059 3142 2855 3142 2970 3142 2970 836 2855 836 2762 836 2762 836 2855 836 2654 836 2551 836 2762 836 2654 836 2439 836 2551 836 2654 836 2321 836 2551 836 2439 836 2439 836 2192 836 2321 836 1806 836 2321 836 2192 836 1806 836 2324 836 2321 836 2193 3143 2324 3143 1806 3143 1801 3144 1555 3144 1802 3144 1801 3145 2053 3145 1924 3145 1924 3146 1680 3146 1801 3146 1964 3147 1925 3147 2096 3147 1678 3148 1802 3148 1555 3148 1802 3149 1678 3149 1925 3149 1806 836 2059 836 2193 836 1806 836 2192 836 2058 836 1806 3150 1683 3150 1929 3150 1928 836 1806 836 2058 836 1447 3151 1806 3151 1928 3151 1806 3152 1447 3152 1683 3152 1683 3153 1559 3153 1807 3153 1683 3154 1447 3154 1446 3154 1683 3155 1446 3155 1559 3155 1559 3156 1446 3156 1351 3156 1556 3157 1559 3157 1351 3157 1556 3158 1351 3158 1348 3158 3147 836 3305 836 3228 836 1925 3159 2050 3159 2096 3159 3147 836 3230 836 3305 836 1801 3160 1680 3160 1555 3160 1680 3161 1348 3161 1555 3161 1555 3162 1348 3162 1442 3162 3147 836 3061 836 3230 836 3147 836 2972 836 3061 836 2764 3163 3061 3163 2972 3163 1555 3164 1442 3164 1678 3164 1678 3165 1920 3165 1925 3165 2857 836 2764 836 2972 836 2656 836 2764 836 2857 836 2554 836 2764 836 2656 836 2442 836 2554 836 2656 836 2442 836 2325 836 2554 836 2442 836 2194 836 2325 836 2325 836 2194 836 2060 836 1809 836 2060 836 2194 836 1809 3166 1930 3166 2060 3166 1447 836 1930 836 1809 836 3062 836 2857 836 2972 836 3063 836 3062 836 2972 836 1447 3167 1258 3167 1446 3167 1809 836 1685 836 1447 836 1447 836 1928 836 1930 836 1560 836 1447 836 1685 836 1560 836 1352 836 1447 836 3063 836 2972 836 2858 836 1446 3168 1258 3168 1351 3168 2858 836 2972 836 2761 836 2761 3169 2657 3169 2858 3169 1348 3170 1351 3170 1176 3170 1348 3171 1173 3171 1442 3171 1173 3172 1348 3172 1176 3172 2657 836 2761 836 2555 836 2443 836 2657 836 2555 836 1442 3173 1347 3173 1553 3173 2443 836 2555 836 2326 836 2443 836 2326 836 2195 836 2195 836 2326 836 2061 836 1931 836 2195 836 2061 836 1931 836 2061 836 1686 836 1686 836 1808 836 1931 836 1808 836 1686 836 1352 836 1352 836 1684 836 1808 836 1920 3174 2050 3174 1925 3174 2859 836 2555 836 2761 836 1553 3175 1678 3175 1442 3175 1352 836 1560 836 1684 836 1352 836 1686 836 1561 836 1352 836 1561 836 1448 836 1258 3176 1447 3176 1352 3176 1258 3177 1176 3177 1351 3177 2761 836 2854 836 2859 836 1173 3178 1176 3178 1006 3178 1173 3179 1347 3179 1442 3179 2854 836 2761 836 2653 836 2653 3180 2761 3180 1927 3180 2653 3181 1927 3181 2550 3181 2550 836 1927 836 2327 836 1563 836 1177 836 1687 836 2327 3182 1927 3182 2320 3182 2320 836 2196 836 2327 836 2327 836 2196 836 2062 836 2196 836 1932 836 2062 836 1810 836 2062 836 1932 836 1810 836 1932 836 1688 836 1172 3183 1554 3183 1443 3183 1172 3184 1004 3184 1003 3184 1688 836 1563 836 1810 836 1923 3185 1799 3185 1679 3185 2191 836 2320 836 1927 836 2317 3186 2547 3186 2548 3186 2317 3187 2548 3187 2224 3187 2224 3188 2096 3188 2050 3188 2224 3189 2050 3189 2317 3189 2224 3190 2465 3190 2352 3190 2465 3191 2224 3191 2548 3191 2548 3192 2547 3192 2760 3192 2760 3193 2853 3193 2548 3193 2739 3194 2548 3194 2853 3194 2452 3195 2548 3195 2739 3195 2452 3196 2465 3196 2548 3196 2452 3197 2353 3197 2465 3197 2353 3198 2225 3198 2465 3198 2547 3199 2435 3199 2756 3199 2756 3200 2847 3200 2547 3200 2847 3201 2963 3201 2547 3201 2963 3202 2852 3202 2547 3202 2756 3203 2962 3203 2847 3203 3048 3204 2847 3204 2962 3204 2847 3205 3048 3205 2963 3205 3133 3206 2963 3206 3048 3206 3133 3207 3056 3207 2963 3207 2547 3208 2852 3208 2760 3208 2852 3209 2969 3209 2760 3209 3058 3210 2760 3210 2969 3210 2760 3211 3058 3211 3144 3211 2963 3212 3056 3212 2852 3212 2852 3213 3056 3213 3142 3213 3058 3214 3227 3214 3144 3214 3303 3215 3144 3215 3227 3215 3303 3216 3366 3216 3144 3216 3056 3217 3133 3217 3224 3217 2353 3218 1965 3218 2225 3218 3047 3219 2962 3219 2756 3219 2846 3220 2961 3220 2960 3220 2846 3221 2960 3221 2756 3221 3224 3222 3142 3222 3056 3222 3300 3223 3142 3223 3224 3223 1963 3224 2225 3224 1965 3224 3047 3225 2756 3225 2960 3225 2960 3226 3132 3226 3047 3226 3132 3227 3216 3227 3047 3227 3289 3228 3047 3228 3216 3228 3355 3229 3047 3229 3289 3229 3410 3230 3355 3230 3289 3230 3410 3231 3048 3231 3355 3231 3048 3232 3410 3232 3357 3232 3048 3233 3357 3233 3290 3233 3048 3234 3290 3234 3217 3234 3048 3235 3217 3235 3133 3235 3291 3236 3133 3236 3217 3236 3133 3237 3291 3237 3299 3237 3217 3238 3290 3238 3291 3238 2960 3239 2961 3239 3126 3239 2960 3240 3126 3240 3215 3240 3057 3241 2969 3241 2852 3241 3216 3242 3356 3242 3289 3242 3057 3243 2852 3243 3143 3243 3225 3244 3143 3244 2852 3244 3301 3245 3143 3245 3225 3245 3226 3246 3143 3246 3301 3246 3301 3247 3364 3247 3226 3247 3302 3248 3226 3248 3364 3248 3057 3249 3226 3249 3302 3249 3143 3250 3226 3250 3057 3250 3418 3251 3302 3251 3364 3251 3419 3252 3302 3252 3418 3252 3419 3253 3365 3253 3302 3253 3057 3254 3302 3254 3365 3254 3420 3255 3057 3255 3365 3255 3225 3256 3363 3256 3301 3256 3418 3257 3511 3257 3419 3257 3420 3258 3365 3258 3467 3258 3467 3259 3512 3259 3420 3259 3468 3260 3512 3260 3467 3260 3512 3261 3468 3261 3227 3261 3468 3262 3421 3262 3227 3262 3227 3263 3421 3263 3367 3263 3421 3264 3468 3264 3485 3264 3421 3265 3485 3265 3387 3265 3387 3266 3332 3266 3421 3266 3367 3267 3303 3267 3227 3267 3421 3268 3332 3268 3367 3268 3332 3269 3269 3269 3367 3269 3303 3270 3367 3270 3269 3270 3366 3271 3303 3271 3269 3271 3269 3272 3331 3272 3366 3272 3483 3273 3387 3273 3485 3273 3387 3274 3483 3274 3437 3274 3198 3275 3387 3275 3437 3275 3387 3276 3198 3276 3332 3276 3364 3277 3301 3277 3417 3277 3417 3278 3418 3278 3364 3278 3509 3279 3418 3279 3417 3279 3509 3280 3544 3280 3418 3280 3301 3281 3363 3281 3416 3281 3466 3282 3301 3282 3416 3282 3511 3283 3418 3283 3544 3283 3300 3284 3224 3284 3362 3284 3362 3285 3416 3285 3300 3285 3269 3286 3332 3286 3198 3286 3198 3287 2948 3287 3269 3287 3362 3288 3224 3288 3361 3288 3466 3289 3362 3289 3361 3289 3417 3290 3301 3290 3466 3290 3417 3291 3466 3291 3510 3291 3484 3292 3198 3292 3437 3292 3331 3293 3269 3293 2948 3293 3362 3294 3466 3294 3416 3294 3361 3295 3465 3295 3466 3295 3224 3296 3299 3296 3361 3296 3415 3297 3361 3297 3299 3297 3510 3298 3466 3298 3465 3298 3509 3299 3510 3299 3465 3299 3465 3300 3361 3300 3415 3300 3299 3301 3224 3301 3133 3301 3437 3302 3489 3302 3484 3302 3199 3303 3484 3303 3489 3303 3509 3304 3417 3304 3510 3304 3465 3305 3415 3305 3509 3305 3509 3306 3415 3306 3508 3306 3544 3307 3509 3307 3508 3307 3543 3308 3544 3308 3508 3308 3412 3309 3508 3309 3415 3309 3412 3310 3462 3310 3508 3310 3543 3311 3508 3311 3462 3311 3462 3312 3507 3312 3543 3312 3412 3313 3415 3313 3299 3313 3462 3314 3412 3314 3290 3314 3290 3315 3411 3315 3462 3315 3507 3316 3462 3316 3411 3316 3291 3317 3412 3317 3299 3317 3290 3318 3412 3318 3291 3318 3290 3319 3357 3319 3411 3319 3216 3320 3346 3320 3356 3320 3346 3321 3403 3321 3356 3321 3132 3322 2960 3322 3215 3322 3403 3323 3346 3323 3281 3323 3215 3324 3126 3324 3210 3324 3215 3325 3216 3325 3132 3325 3215 3326 3210 3326 3346 3326 3346 3327 3216 3327 3215 3327 3346 3328 3210 3328 3281 3328 3281 3329 3210 3329 2955 3329 3210 3330 3126 3330 2955 3330 3198 3331 3117 3331 2948 3331 3199 3332 3489 3332 3439 3332 3439 3333 3390 3333 3199 3333 3439 3334 3488 3334 3390 3334 3390 3335 3488 3335 3490 3335 3490 3336 3440 3336 3390 3336 3440 3337 3490 3337 3525 3337 3525 3338 3524 3338 3440 3338 3524 3339 3438 3339 3440 3339 3440 3340 3438 3340 3334 3340 3524 3341 3525 3341 3572 3341 3572 3342 3557 3342 3524 3342 3487 3343 3524 3343 3557 3343 3524 3344 3487 3344 3438 3344 3487 3345 3389 3345 3438 3345 3487 3346 3557 3346 3556 3346 3487 3347 3556 3347 3486 3347 3572 3348 3586 3348 3557 3348 3529 3349 3556 3349 3557 3349 3529 3350 3492 3350 3556 3350 3492 3351 3527 3351 3556 3351 3487 3352 3486 3352 3389 3352 3388 3353 3389 3353 3486 3353 3389 3354 3388 3354 3270 3354 3270 3355 3334 3355 3389 3355 3556 3356 3527 3356 3486 3356 3523 3357 3486 3357 3527 3357 3527 3358 3492 3358 3443 3358 3443 3359 3526 3359 3527 3359 3492 3360 3529 3360 3444 3360 3444 3361 3393 3361 3492 3361 3587 3362 3529 3362 3557 3362 3587 3363 3573 3363 3529 3363 3573 3364 3528 3364 3529 3364 3492 3365 3393 3365 3443 3365 3393 3366 3336 3366 3443 3366 3444 3367 3273 3367 3393 3367 3336 3368 3393 3368 3273 3368 3273 3369 3444 3369 3493 3369 3273 3370 3120 3370 3336 3370 3495 3371 3273 3371 3493 3371 3392 3372 3336 3372 3120 3372 3336 3373 3392 3373 3442 3373 3528 3374 3444 3374 3529 3374 3493 3375 3449 3375 3495 3375 3121 3376 3495 3376 3449 3376 3444 3377 3528 3377 3493 3377 3273 3378 3202 3378 3120 3378 3120 3379 3202 3379 3035 3379 3035 3380 2741 3380 3120 3380 3200 3381 3120 3381 2741 3381 2741 3382 3118 3382 3200 3382 3200 3383 3118 3383 3271 3383 3200 3384 3271 3384 3335 3384 3121 3385 3449 3385 3395 3385 3395 3386 3339 3386 3121 3386 3121 3387 3339 3387 3275 3387 3275 3388 3203 3388 3121 3388 3203 3389 2949 3389 3121 3389 3035 3390 3121 3390 2949 3390 3121 3391 3035 3391 3202 3391 3395 3392 3448 3392 3339 3392 3339 3393 3448 3393 3446 3393 3339 3394 3446 3394 3338 3394 3339 3395 3338 3395 3275 3395 3203 3396 3274 3396 2949 3396 3203 3397 3275 3397 3338 3397 3203 3398 3338 3398 3394 3398 3203 3399 3394 3399 3337 3399 3203 3400 3337 3400 3274 3400 3338 3401 3446 3401 3447 3401 3442 3402 3443 3402 3336 3402 3531 3403 3446 3403 3448 3403 3446 3404 3531 3404 3559 3404 3559 3405 3532 3405 3446 3405 3335 3406 3271 3406 3391 3406 3335 3407 3391 3407 3441 3407 3335 3408 3441 3408 3491 3408 3526 3409 3523 3409 3527 3409 3526 3410 3443 3410 3442 3410 3446 3411 3532 3411 3447 3411 3532 3412 3533 3412 3447 3412 3533 3413 3494 3413 3447 3413 3394 3414 3447 3414 3494 3414 3575 3415 3532 3415 3559 3415 3532 3416 3575 3416 3576 3416 3447 3417 3394 3417 3338 3417 3494 3418 3445 3418 3394 3418 3532 3419 3576 3419 3533 3419 3576 3420 3558 3420 3533 3420 3486 3421 3523 3421 3388 3421 3337 3422 3394 3422 3445 3422 3559 3423 3590 3423 3575 3423 3575 3424 3590 3424 3601 3424 3608 3425 3575 3425 3601 3425 3608 3426 3588 3426 3575 3426 3601 3427 3619 3427 3608 3427 3619 3428 3623 3428 3608 3428 3608 3429 3623 3429 3609 3429 3599 3430 3608 3430 3609 3430 3609 3431 3574 3431 3599 3431 3574 3432 3588 3432 3599 3432 3623 3433 3617 3433 3609 3433 3600 3434 3609 3434 3617 3434 3608 3435 3599 3435 3588 3435 3574 3436 3558 3436 3588 3436 3588 3437 3558 3437 3591 3437 3623 3438 3619 3438 3631 3438 3631 3439 3630 3439 3623 3439 3623 3440 3630 3440 3617 3440 3630 3441 3624 3441 3617 3441 3591 3442 3558 3442 3576 3442 3600 3443 3574 3443 3609 3443 3591 3444 3575 3444 3588 3444 3574 3445 3600 3445 3589 3445 3574 3446 3589 3446 3530 3446 3576 3447 3575 3447 3591 3447 3600 3448 3617 3448 3624 3448 3625 3449 3600 3449 3624 3449 3625 3450 3618 3450 3600 3450 3610 3451 3600 3451 3618 3451 3600 3452 3610 3452 3589 3452 3530 3453 3558 3453 3574 3453 3530 3454 3494 3454 3558 3454 3630 3455 3631 3455 3626 3455 3494 3456 3533 3456 3558 3456 3630 3457 3626 3457 3636 3457 3494 3458 3530 3458 3445 3458 3636 3459 3624 3459 3630 3459 3624 3460 3636 3460 3625 3460 3628 3461 3625 3461 3636 3461 3625 3462 3628 3462 3618 3462 3634 3463 3618 3463 3628 3463 3636 3464 3626 3464 3639 3464 3626 3465 3631 3465 3633 3465 3626 3466 3633 3466 3611 3466 3611 3467 3620 3467 3626 3467 3626 3468 3620 3468 3632 3468 3626 3469 3632 3469 3637 3469 3639 3470 3626 3470 3637 3470 3637 3471 3628 3471 3639 3471 3637 3472 3632 3472 3628 3472 3628 3473 3636 3473 3639 3473 3627 3474 3628 3474 3632 3474 3627 3475 3614 3475 3628 3475 3621 3476 3628 3476 3614 3476 3621 3477 3634 3477 3628 3477 3621 3478 3614 3478 3593 3478 3593 3479 3614 3479 3603 3479 3563 3480 3593 3480 3603 3480 3563 3481 3579 3481 3593 3481 3498 3482 3579 3482 3563 3482 3614 3483 3627 3483 3613 3483 3603 3484 3614 3484 3613 3484 3613 3485 3592 3485 3603 3485 3592 3486 3536 3486 3603 3486 3620 3487 3611 3487 3602 3487 3577 3488 3602 3488 3611 3488 3592 3489 3602 3489 3577 3489 3592 3490 3577 3490 3534 3490 3534 3491 3578 3491 3592 3491 3535 3492 3578 3492 3534 3492 3535 3493 3536 3493 3578 3493 3534 3494 3450 3494 3535 3494 3450 3495 3452 3495 3535 3495 3536 3496 3498 3496 3563 3496 3535 3497 3452 3497 3536 3497 3536 3498 3592 3498 3578 3498 3560 3499 3534 3499 3577 3499 3534 3500 3560 3500 3496 3500 3603 3501 3536 3501 3612 3501 3534 3502 3496 3502 3450 3502 3396 3503 3450 3503 3496 3503 3450 3504 3396 3504 3340 3504 3452 3505 3450 3505 3340 3505 3452 3506 3340 3506 3341 3506 3341 3507 3498 3507 3452 3507 3560 3508 3561 3508 3496 3508 3497 3509 3496 3509 3561 3509 3498 3510 3536 3510 3452 3510 3496 3511 3497 3511 3396 3511 3396 3512 3497 3512 3451 3512 3276 3513 3396 3513 3451 3513 3340 3514 3396 3514 3276 3514 3340 3515 3276 3515 3204 3515 3561 3516 3562 3516 3497 3516 3562 3517 3453 3517 3497 3517 3340 3518 3204 3518 3341 3518 3204 3519 3277 3519 3341 3519 3398 3520 3341 3520 3277 3520 3277 3521 3454 3521 3398 3521 3454 3522 3500 3522 3398 3522 3454 3523 3538 3523 3500 3523 3564 3524 3538 3524 3454 3524 3451 3525 3497 3525 3453 3525 3451 3526 3453 3526 3397 3526 3397 3527 3276 3527 3451 3527 3278 3528 3276 3528 3397 3528 3123 3529 3276 3529 3278 3529 3453 3530 3562 3530 3537 3530 3453 3531 3537 3531 3499 3531 3278 3532 3453 3532 3499 3532 3123 3533 3204 3533 3276 3533 3204 3534 3123 3534 3036 3534 3453 3535 3278 3535 3397 3535 3204 3536 3036 3536 3277 3536 3278 3537 3499 3537 3502 3537 3502 3538 3456 3538 3278 3538 3278 3539 3205 3539 3123 3539 2950 3540 3123 3540 3205 3540 3402 3541 3456 3541 3502 3541 3280 3542 3456 3542 3402 3542 3036 3543 3123 3543 2950 3543 2950 3544 2837 3544 3036 3544 2837 3545 3122 3545 3036 3545 3402 3546 3344 3546 3280 3546 3401 3547 3344 3547 3402 3547 3344 3548 3401 3548 3279 3548 3279 3549 3207 3549 3344 3549 3344 3550 3207 3550 3208 3550 3208 3551 3280 3551 3344 3551 3208 3552 3125 3552 3280 3552 3209 3553 3280 3553 3125 3553 3280 3554 3209 3554 3342 3554 3209 3555 3205 3555 3342 3555 3207 3556 3041 3556 3208 3556 3278 3557 3342 3557 3205 3557 3125 3558 3208 3558 3041 3558 3125 3559 3041 3559 2953 3559 2953 3560 3042 3560 3125 3560 3209 3561 3125 3561 3042 3561 3209 3562 2950 3562 3205 3562 3042 3563 2950 3563 3209 3563 2314 3564 3042 3564 2953 3564 3399 3565 3279 3565 3401 3565 3279 3566 3399 3566 3345 3566 3040 3567 3279 3567 3345 3567 3279 3568 3040 3568 3207 3568 3041 3569 3207 3569 3040 3569 3040 3570 2842 3570 3041 3570 2953 3571 3041 3571 2842 3571 3400 3572 3040 3572 3345 3572 3345 3573 3455 3573 3400 3573 3400 3574 3455 3574 3501 3574 3501 3575 3539 3575 3400 3575 3040 3576 2841 3576 2842 3576 2842 3577 2841 3577 2754 3577 2842 3578 2754 3578 2314 3578 2841 3579 2648 3579 2754 3579 2648 3580 2543 3580 2314 3580 2648 3581 2841 3581 2840 3581 2753 3582 2648 3582 2840 3582 2952 3583 2753 3583 2840 3583 2840 3584 3039 3584 2952 3584 3124 3585 3039 3585 2840 3585 3039 3586 3124 3586 3206 3586 3039 3587 3206 3587 3130 3587 3130 3588 2958 3588 3039 3588 2958 3589 2952 3589 3039 3589 3343 3590 3130 3590 3206 3590 3130 3591 3343 3591 3354 3591 3354 3592 3287 3592 3130 3592 3131 3593 3130 3593 3287 3593 3131 3594 3046 3594 3130 3594 3130 3595 3046 3595 2958 3595 2845 3596 2958 3596 3046 3596 2845 3597 2753 3597 2958 3597 3131 3598 2959 3598 3046 3598 2958 3599 2753 3599 2952 3599 2649 3600 2753 3600 2845 3600 3287 3601 3354 3601 3409 3601 3288 3602 3287 3602 3409 3602 2845 3603 3046 3603 2959 3603 3287 3604 3288 3604 3131 3604 3288 3605 3213 3605 3131 3605 2753 3606 2543 3606 2648 3606 2845 3607 2959 3607 2649 3607 2649 3608 2543 3608 2753 3608 2957 3609 2649 3609 2959 3609 2649 3610 2957 3610 2844 3610 2959 3611 3131 3611 3213 3611 3128 3612 2959 3612 3213 3612 2754 3613 2648 3613 2314 3613 2957 3614 2959 3614 3128 3614 3128 3615 3129 3615 2957 3615 3129 3616 3045 3616 2957 3616 2953 3617 2842 3617 2314 3617 3128 3618 3213 3618 3285 3618 3213 3619 3288 3619 3285 3619 3128 3620 3214 3620 3129 3620 3214 3621 3128 3621 3352 3621 3408 3622 3214 3622 3352 3622 3214 3623 3408 3623 3353 3623 3286 3624 3214 3624 3353 3624 3286 3625 3045 3625 3214 3625 3353 3626 3045 3626 3286 3626 3214 3627 3045 3627 3129 3627 3409 3628 3407 3628 3288 3628 3288 3629 3407 3629 3285 3629 3407 3630 3408 3630 3285 3630 3408 3631 3457 3631 3353 3631 3457 3632 3347 3632 3353 3632 3282 3633 3353 3633 3347 3633 3211 3634 3282 3634 3347 3634 3044 3635 3282 3635 3211 3635 3457 3636 3348 3636 3347 3636 3407 3637 3458 3637 3408 3637 3211 3638 3347 3638 3348 3638 3044 3639 3211 3639 3127 3639 3283 3640 3211 3640 3348 3640 3044 3641 3127 3641 2956 3641 2956 3642 2844 3642 3044 3642 3045 3643 3044 3643 2844 3643 3458 3644 3457 3644 3408 3644 3458 3645 3348 3645 3457 3645 3348 3646 3458 3646 3404 3646 3127 3647 3211 3647 3283 3647 3283 3648 3348 3648 3404 3648 3127 3649 3283 3649 3212 3649 3351 3650 3283 3650 3404 3650 3212 3651 3043 3651 3127 3651 3458 3652 3407 3652 3542 3652 3503 3653 3404 3653 3458 3653 3404 3654 3503 3654 3504 3654 3404 3655 3504 3655 3459 3655 3212 3656 3283 3656 3351 3656 3404 3657 3459 3657 3351 3657 3406 3658 3212 3658 3351 3658 3351 3659 3459 3659 3505 3659 3212 3660 3406 3660 3460 3660 3351 3661 3505 3661 3540 3661 3351 3662 3540 3662 3541 3662 3351 3663 3541 3663 3506 3663 3506 3664 3461 3664 3351 3664 3406 3665 3351 3665 3461 3665 2844 3666 2755 3666 2649 3666 2844 3667 2956 3667 2755 3667 3043 3668 2956 3668 3127 3668 2755 3669 2954 3669 2843 3669 2956 3670 3043 3670 2755 3670 3284 3671 3043 3671 3212 3671 3043 3672 3284 3672 3349 3672 3212 3673 3350 3673 3284 3673 3405 3674 3284 3674 3350 3674 3284 3675 3405 3675 3349 3675 2954 3676 2955 3676 2843 3676 2755 3677 3043 3677 2954 3677 3126 3678 2961 3678 2955 3678 3045 3679 2844 3679 2957 3679 2314 3680 2940 3680 3054 3680 2314 3681 2545 3681 2652 3681 2314 3682 2950 3682 3042 3682 2314 3683 3054 3683 3139 3683 3139 3684 3221 3684 2314 3684 3438 3685 3389 3685 3334 3685 3390 3686 3440 3686 3334 3686 3334 3687 3270 3687 3199 3687 3333 3688 3270 3688 3388 3688 3270 3689 3333 3689 3118 3689 3199 3690 3390 3690 3334 3690 3270 3691 3118 3691 3199 3691 3032 3692 3199 3692 3118 3692 3199 3693 3032 3693 3117 3693 2948 3694 3117 3694 3032 3694 2948 3695 3032 3695 2741 3695 2948 3696 2741 3696 2739 3696 3033 3697 2948 3697 2739 3697 2739 3698 2982 3698 3033 3698 3032 3699 3118 3699 2741 3699 2313 3700 2048 3700 2049 3700 2048 3701 2188 3701 1677 3701 1919 3702 2048 3702 1677 3702 1919 3703 2049 3703 2048 3703 2049 3704 1919 3704 1798 3704 1919 3705 1677 3705 1798 3705 1798 3706 2186 3706 2049 3706 1346 3707 1170 3707 1440 3707 2741 3708 3035 3708 2949 3708 2949 3709 2837 3709 2741 3709 3034 3710 2837 3710 2949 3710 3034 3711 3119 3711 2837 3711 3201 3712 2837 3712 3119 3712 2837 3713 3201 3713 3272 3713 2741 3714 2837 3714 2639 3714 2533 3715 2741 3715 2639 3715 1253 3716 1170 3716 903 3716 1253 3717 1436 3717 1438 3717 1169 3718 1253 3718 903 3718 1169 3719 1343 3719 1253 3719 1436 3720 1344 3720 1438 3720 1253 3721 1343 3721 1436 3721 1343 3722 1169 3722 1344 3722 1343 3723 1344 3723 1436 3723 1344 3724 1169 3724 1252 3724 1169 3725 903 3725 1083 3725 1252 3726 1437 3726 1344 3726 1252 3727 1169 3727 1083 3727 1168 3728 1252 3728 1083 3728 1342 3729 1252 3729 1168 3729 1171 3730 1342 3730 1168 3730 999 3731 1168 3731 1083 3731 1168 3732 999 3732 1085 3732 901 3733 999 3733 1083 3733 999 3734 901 3734 817 3734 817 3735 1084 3735 999 3735 903 3736 901 3736 1083 3736 901 3737 903 3737 818 3737 901 3738 818 3738 745 3738 612 3739 818 3739 903 3739 1168 3740 1085 3740 1171 3740 1002 3741 1171 3741 1085 3741 999 3742 1084 3742 1085 3742 1000 3743 1085 3743 1084 3743 1000 3744 902 3744 1085 3744 817 3745 1000 3745 1084 3745 745 3746 817 3746 901 3746 817 3747 745 3747 677 3747 902 3748 817 3748 677 3748 745 3749 818 3749 612 3749 1085 3750 902 3750 1002 3750 1002 3751 902 3751 819 3751 998 3752 1002 3752 819 3752 1167 3753 1002 3753 998 3753 902 3754 1000 3754 817 3754 902 3755 677 3755 819 3755 998 3756 997 3756 1167 3756 997 3757 1166 3757 1167 3757 677 3758 744 3758 819 3758 744 3759 900 3759 819 3759 900 3760 998 3760 819 3760 816 3761 998 3761 900 3761 677 3762 745 3762 612 3762 677 3763 612 3763 552 3763 900 3764 744 3764 816 3764 744 3765 677 3765 552 3765 552 3766 676 3766 744 3766 612 3767 461 3767 552 3767 461 3768 502 3768 552 3768 552 3769 502 3769 611 3769 2426 3770 2306 3770 2427 3770 2641 3771 2536 3771 2426 3771 2307 3772 2426 3772 2536 3772 2641 3773 2742 3773 2534 3773 2640 3774 2641 3774 2534 3774 2640 3775 2643 3775 2641 3775 2641 3776 2643 3776 2536 3776 2640 3777 2307 3777 2643 3777 2640 3778 2534 3778 2425 3778 2176 3779 2425 3779 2534 3779 2425 3780 2176 3780 2174 3780 2307 3781 2038 3781 2426 3781 2307 3782 2536 3782 2643 3782 2176 3783 1913 3783 2174 3783 2174 3784 1913 3784 2175 3784 1912 3785 2174 3785 2175 3785 2174 3786 1912 3786 1915 3786 2040 3787 2174 3787 1915 3787 2175 3788 1913 3788 2036 3788 2036 3789 1912 3789 2175 3789 2040 3790 1915 3790 1792 3790 1913 3791 1789 3791 2036 3791 2040 3792 1792 3792 2180 3792 2180 3793 1792 3793 2307 3793 1789 3794 1912 3794 2036 3794 1543 3795 1912 3795 1789 3795 1912 3796 1543 3796 1788 3796 1913 3797 2176 3797 2037 3797 1913 3798 2037 3798 1790 3798 1669 3799 1913 3799 1790 3799 1912 3800 1788 3800 1915 3800 1672 3801 1792 3801 1915 3801 1667 3802 1788 3802 1543 3802 1547 3803 1792 3803 1672 3803 2428 3804 2307 3804 1792 3804 1672 3805 1247 3805 1547 3805 1547 3806 1247 3806 1435 3806 1913 3807 1669 3807 1789 3807 1789 3808 1669 3808 1668 3808 1668 3809 1669 3809 1434 3809 1543 3810 1668 3810 1434 3810 1668 3811 1543 3811 1789 3811 1434 3812 1159 3812 1543 3812 1669 3813 1790 3813 1544 3813 1247 3814 1341 3814 1435 3814 1667 3815 1543 3815 1159 3815 1434 3816 1669 3816 1544 3816 1544 3817 1340 3817 1434 3817 1544 3818 1337 3818 1340 3818 1339 3819 1340 3819 1337 3819 1340 3820 1339 3820 1158 3820 1158 3821 1159 3821 1340 3821 1159 3822 1434 3822 1340 3822 1544 3823 1787 3823 1337 3823 1339 3824 1337 3824 1245 3824 1337 3825 1157 3825 1245 3825 1157 3826 1071 3826 1245 3826 1158 3827 1245 3827 1071 3827 1339 3828 1245 3828 1158 3828 1071 3829 988 3829 1158 3829 1072 3830 1158 3830 988 3830 1072 3831 1159 3831 1158 3831 1338 3832 1157 3832 1337 3832 1337 3833 1542 3833 1338 3833 1157 3834 1338 3834 1246 3834 1246 3835 885 3835 1157 3835 997 3836 998 3836 816 3836 997 3837 816 3837 899 3837 815 3838 997 3838 899 3838 815 3839 1082 3839 997 3839 1071 3840 1157 3840 885 3840 676 3841 899 3841 816 3841 1082 3842 1166 3842 997 3842 1165 3843 1082 3843 815 3843 1251 3844 1082 3844 1165 3844 885 3845 1251 3845 1165 3845 988 3846 886 3846 1072 3846 1071 3847 885 3847 988 3847 801 3848 988 3848 885 3848 801 3849 886 3849 988 3849 885 3850 1246 3850 1251 3850 885 3851 663 3851 801 3851 802 3852 663 3852 885 3852 802 3853 733 3853 663 3853 815 3854 733 3854 802 3854 733 3855 815 3855 676 3855 676 3856 611 3856 733 3856 733 3857 611 3857 743 3857 743 3858 887 3858 733 3858 733 3859 887 3859 803 3859 733 3860 803 3860 548 3860 899 3861 676 3861 815 3861 611 3862 676 3862 552 3862 611 3863 502 3863 675 3863 887 3864 990 3864 803 3864 888 3865 803 3865 990 3865 548 3866 663 3866 733 3866 803 3867 888 3867 548 3867 548 3868 888 3868 664 3868 664 3869 734 3869 548 3869 675 3870 743 3870 611 3870 1073 3871 990 3871 887 3871 1073 3872 887 3872 898 3872 898 3873 896 3873 1073 3873 896 3874 1079 3874 1073 3874 1248 3875 1073 3875 1079 3875 1160 3876 1073 3876 1248 3876 1074 3877 1160 3877 1248 3877 1074 3878 888 3878 1160 3878 888 3879 1074 3879 889 3879 888 3880 889 3880 735 3880 888 3881 735 3881 804 3881 996 3882 898 3882 887 3882 898 3883 996 3883 814 3883 814 3884 742 3884 898 3884 604 3885 734 3885 664 3885 804 3886 735 3886 665 3886 804 3887 665 3887 664 3887 888 3888 804 3888 664 3888 549 3889 664 3889 665 3889 896 3890 898 3890 742 3890 742 3891 813 3891 896 3891 897 3892 896 3892 813 3892 1079 3893 1250 3893 1248 3893 1079 3894 896 3894 897 3894 897 3895 1081 3895 1079 3895 735 3896 605 3896 665 3896 1250 3897 1079 3897 1081 3897 735 3898 889 3898 805 3898 735 3899 805 3899 666 3899 742 3900 814 3900 502 3900 502 3901 674 3901 742 3901 813 3902 742 3902 674 3902 674 3903 897 3903 813 3903 674 3904 995 3904 897 3904 995 3905 1081 3905 897 3905 674 3906 502 3906 610 3906 1080 3907 995 3907 674 3907 610 3908 502 3908 551 3908 672 3909 610 3909 551 3909 1080 3910 1164 3910 995 3910 609 3911 672 3911 551 3911 741 3912 672 3912 609 3912 1080 3913 1162 3913 1164 3913 1162 3914 1078 3914 1164 3914 502 3915 386 3915 551 3915 741 3916 1078 3916 1162 3916 1078 3917 741 3917 994 3917 994 3918 1163 3918 1078 3918 609 3919 812 3919 741 3919 741 3920 812 3920 895 3920 994 3921 741 3921 895 3921 993 3922 994 3922 895 3922 1076 3923 994 3923 993 3923 1076 3924 1249 3924 994 3924 994 3925 1249 3925 1163 3925 609 3926 551 3926 386 3926 673 3927 609 3927 386 3927 812 3928 993 3928 895 3928 894 3929 812 3929 609 3929 812 3930 894 3930 893 3930 812 3931 893 3931 993 3931 993 3932 893 3932 1077 3932 673 3933 386 3933 669 3933 669 3934 811 3934 673 3934 665 3935 605 3935 549 3935 664 3936 549 3936 604 3936 993 3937 1077 3937 1076 3937 992 3938 1076 3938 1077 3938 740 3939 1076 3939 992 3939 740 3940 1161 3940 1076 3940 1076 3941 1161 3941 1249 3941 1077 3942 893 3942 992 3942 894 3943 811 3943 893 3943 893 3944 811 3944 739 3944 893 3945 739 3945 740 3945 811 3946 669 3946 739 3946 740 3947 1075 3947 1161 3947 807 3948 666 3948 805 3948 666 3949 605 3949 735 3949 666 3950 807 3950 736 3950 736 3951 497 3951 666 3951 1075 3952 740 3952 991 3952 991 3953 891 3953 1075 3953 740 3954 992 3954 893 3954 608 3955 740 3955 739 3955 740 3956 608 3956 670 3956 605 3957 666 3957 497 3957 549 3958 605 3958 497 3958 497 3959 419 3959 549 3959 991 3960 671 3960 891 3960 891 3961 671 3961 737 3961 737 3962 892 3962 891 3962 739 3963 669 3963 608 3963 892 3964 737 3964 810 3964 550 3965 670 3965 608 3965 671 3966 670 3966 550 3966 550 3967 607 3967 671 3967 607 3968 667 3968 671 3968 667 3969 607 3969 499 3969 499 3970 606 3970 667 3970 737 3971 667 3971 606 3971 737 3972 671 3972 667 3972 668 3973 737 3973 606 3973 500 3974 607 3974 550 3974 550 3975 313 3975 500 3975 313 3976 460 3976 500 3976 500 3977 460 3977 499 3977 608 3978 313 3978 550 3978 606 3979 499 3979 498 3979 668 3980 810 3980 737 3980 498 3981 668 3981 606 3981 738 3982 668 3982 498 3982 668 3983 738 3983 808 3983 499 3984 460 3984 420 3984 499 3985 607 3985 500 3985 420 3986 460 3986 313 3986 499 3987 420 3987 498 3987 459 3988 498 3988 420 3988 809 3989 738 3989 498 3989 738 3990 809 3990 890 3990 385 3991 459 3991 420 3991 459 3992 385 3992 458 3992 890 3993 809 3993 806 3993 890 3994 806 3994 736 3994 313 3995 608 3995 669 3995 313 3996 385 3996 420 3996 806 3997 497 3997 736 3997 497 3998 458 3998 419 3998 419 3999 458 3999 385 3999 604 4000 549 4000 419 4000 422 4001 462 4001 503 4001 422 4002 503 4002 614 4002 614 4003 680 4003 422 4003 748 4004 680 4004 614 4004 613 4005 748 4005 614 4005 822 4006 748 4006 613 4006 503 4007 554 4007 614 4007 554 4008 613 4008 614 4008 423 4009 613 4009 554 4009 613 4010 423 4010 679 4010 747 278 679 278 423 278 821 4011 679 4011 747 4011 744 4012 676 4012 816 4012 501 4013 462 4013 422 4013 421 4014 501 4014 422 4014 352 4015 421 4015 422 4015 422 4016 387 4016 352 4016 387 4017 314 4017 352 4017 281 4018 352 4018 314 4018 281 4019 313 4019 352 4019 352 4020 313 4020 386 4020 421 4021 352 4021 386 4021 421 4022 386 4022 461 4022 246 4023 281 4023 314 4023 192 4024 281 4024 246 4024 192 4025 245 4025 281 4025 246 4026 213 4026 192 4026 153 4027 192 4027 213 4027 152 4028 192 4028 153 4028 192 4029 152 4029 212 4029 153 4030 213 4030 215 4030 215 4031 193 4031 153 4031 193 4032 174 4032 153 4032 174 4033 129 4033 153 4033 153 4034 129 4034 106 4034 246 4035 249 4035 213 4035 215 4036 213 4036 249 4036 193 4037 215 4037 249 4037 193 4038 249 4038 248 4038 193 4039 248 4039 214 4039 282 4040 214 4040 248 4040 214 4041 174 4041 193 4041 173 4042 174 4042 214 4042 247 4043 173 4043 214 4043 247 4044 250 4044 173 4044 282 4045 248 4045 316 4045 130 4046 173 4046 175 4046 173 4047 130 4047 129 4047 173 4048 129 4048 174 4048 130 4049 73 4049 129 4049 73 4050 74 4050 44 4050 73 4051 130 4051 108 4051 44 4052 56 4052 73 4052 90 4053 73 4053 56 4053 90 4054 106 4054 73 4054 315 4055 248 4055 249 4055 212 4056 245 4056 192 4056 245 4057 313 4057 281 4057 245 4058 312 4058 350 4058 280 4059 245 4059 212 4059 90 4060 128 4060 106 4060 129 4061 73 4061 106 4061 106 4062 128 4062 152 4062 56 4063 44 4063 26 4063 26 4064 72 4064 56 4064 421 4065 461 4065 501 4065 423 4066 554 4066 503 4066 501 4067 461 4067 553 4067 905 4068 821 4068 747 4068 461 4069 612 4069 553 4069 461 4070 386 4070 502 4070 152 4071 153 4071 106 4071 678 4072 553 4072 612 4072 553 4073 504 4073 501 4073 312 4074 245 4074 280 4074 280 4075 351 4075 312 4075 351 4076 384 4076 312 4076 418 4077 312 4077 384 4077 612 4078 903 4078 1001 4078 904 4079 612 4079 1001 4079 820 4080 612 4080 904 4080 746 4081 612 4081 820 4081 34 4082 26 4082 44 4082 56 4083 107 4083 90 4083 72 4084 26 4084 55 4084 880 4085 1239 4085 1152 4085 1238 4086 2166 4086 2029 4086 983 4087 728 4087 1067 4087 1067 4088 1153 4088 983 4088 1240 4089 983 4089 1153 4089 983 4090 1240 4090 1331 4090 1240 4091 1426 4091 1331 4091 1535 4092 1331 4092 1426 4092 1426 4093 1659 4093 1535 4093 1783 4094 1535 4094 1659 4094 2639 4095 2424 4095 2533 4095 2639 4096 2837 4096 2950 4096 2950 4097 3037 4097 2639 4097 1153 4098 1067 4098 1156 4098 1156 4099 1243 4099 1153 4099 1240 4100 1153 4100 1332 4100 1332 4101 1428 4101 1240 4101 1428 4102 1539 4102 1240 4102 1663 4103 1240 4103 1539 4103 1663 4104 1785 4104 1240 4104 1782 4105 1659 4105 1426 4105 1782 4106 1908 4106 1659 4106 2031 4107 1659 4107 1908 4107 2166 4108 1238 4108 2300 4108 2533 4109 2739 4109 2741 4109 2305 4110 2533 4110 2424 4110 2305 4111 2532 4111 2533 4111 1240 4112 1534 4112 1426 4112 2639 4113 2740 4113 2424 4113 2424 4114 2740 4114 2836 4114 1070 4115 1243 4115 1156 4115 1070 4116 1244 4116 1243 4116 1244 4117 1432 4117 1243 4117 1539 4118 1428 4118 1538 4118 1539 4119 1538 4119 1663 4119 1538 4120 1428 4120 1332 4120 1538 4121 1332 4121 1660 4121 1427 4122 1332 4122 1153 4122 1153 4123 1537 4123 1427 4123 1662 4124 1427 4124 1537 4124 1662 4125 1661 4125 1427 4125 1427 4126 1661 4126 1536 4126 1536 4127 1332 4127 1427 4127 1909 4128 1782 4128 1426 4128 1909 4129 2032 4129 1782 4129 2424 4130 2031 4130 2305 4130 2170 4131 2305 4131 2031 4131 2170 4132 2423 4132 2305 4132 1908 4133 2170 4133 2031 4133 2532 4134 2305 4134 2423 4134 2532 4135 2452 4135 2739 4135 2532 4136 2423 4136 2563 4136 2030 4137 1908 4137 1782 4137 1908 4138 2030 4138 2168 4138 2423 4139 2170 4139 2421 4139 2638 4140 2423 4140 2421 4140 2168 4141 2170 4141 1908 4141 1332 4142 1536 4142 1660 4142 1658 4143 1534 4143 1240 4143 1536 4144 1784 4144 1660 4144 1660 4145 1784 4145 1911 4145 1911 4146 2035 4146 1660 4146 2035 4147 2173 4147 1660 4147 2304 4148 2173 4148 2035 4148 2173 4149 2304 4149 2422 4149 2304 4150 2169 4150 2422 4150 2422 4151 2169 4151 2531 4151 2030 4152 2304 4152 2035 4152 2169 4153 2030 4153 1782 4153 2030 4154 2169 4154 2304 4154 1911 4155 2172 4155 2035 4155 1784 4156 1536 4156 1910 4156 2034 4157 1784 4157 1910 4157 2172 4158 2168 4158 2030 4158 2172 4159 2030 4159 2035 4159 1536 4160 2033 4160 1910 4160 1244 4161 1070 4161 1155 4161 1244 4162 1155 4162 1336 4162 1336 4163 1433 4163 1244 4163 1156 4164 985 4164 1070 4164 1070 4165 985 4165 882 4165 2034 4166 1910 4166 2171 4166 2168 4167 2421 4167 2170 4167 1156 4168 1069 4168 985 4168 1069 4169 729 4169 985 4169 1433 4170 1432 4170 1244 4170 1432 4171 1433 4171 1666 4171 660 4172 601 4172 729 4172 660 4173 797 4173 728 4173 797 4174 660 4174 881 4174 2168 2663 2530 2663 2421 2663 2637 2663 2421 2663 2530 2663 2421 2663 2637 2663 2738 2663 2738 2663 2637 2663 2834 2663 2834 2663 2637 2663 2947 2663 2947 2663 2637 2663 3031 2663 3031 2663 2637 2663 3116 2663 3197 2663 3116 2663 2637 2663 3197 2663 2637 2663 3268 2663 3308 2663 3197 2663 3268 2663 882 4175 1155 4175 1070 4175 1068 4176 1155 4176 882 4176 2533 4177 2532 4177 2739 4177 882 4178 984 4178 1068 4178 1068 4179 984 4179 1154 4179 1154 4180 1242 4180 1068 4180 2662 4181 2563 4181 2423 4181 2835 4182 2662 4182 2423 4182 2209 4183 2563 4183 2662 4183 2209 4184 2452 4184 2563 4184 1242 4185 1154 4185 1335 4185 985 4186 729 4186 882 4186 729 4187 798 4187 882 4187 798 4188 729 4188 601 4188 3268 2663 3233 2663 3308 2663 3233 2663 3150 2663 3308 2663 2739 4189 2853 4189 2982 4189 456 4190 879 4190 800 4190 2341 4191 2452 4191 2209 4191 418 4192 456 4192 312 4192 2451 4193 2452 4193 2341 4193 2452 4194 2532 4194 2563 4194 2452 4195 2451 4195 2353 4195 2572 4196 2353 4196 2451 4196 2095 4197 2353 4197 2572 4197 2095 4198 2572 4198 2451 4198 2095 4199 1965 4199 2353 4199 2095 4200 2573 4200 1965 4200 1839 4201 1714 4201 1965 4201 1839 4202 1837 4202 1585 4202 2223 4203 1712 4203 2095 4203 2863 2663 2664 2663 2977 2663 2977 2663 3066 2663 2863 2663 3066 2663 2977 2663 3150 2663 3150 4204 3233 4204 3066 4204 612 4205 746 4205 678 4205 1086 4206 903 4206 1170 4206 1086 4207 1001 4207 903 4207 323 4208 393 4208 360 4208 393 4209 323 4209 428 4209 429 4210 430 4210 360 4210 678 4211 681 4211 553 4211 360 4212 393 4212 429 4212 1927 836 1805 836 2057 836 1927 836 2057 836 2191 836 284 4213 253 4213 319 4213 1335 4214 1154 4214 1430 4214 984 4215 882 4215 798 4215 984 4216 798 4216 986 4216 1333 4217 1430 4217 1154 4217 223 4218 258 4218 197 4218 633 4219 525 4219 703 4219 633 4220 727 4220 601 4220 689 4221 758 4221 622 4221 622 4222 758 4222 834 4222 834 836 922 836 622 836 922 836 1017 836 622 836 883 4223 986 4223 798 4223 227 137 112 137 265 137 337 4224 442 4224 404 4224 265 137 296 137 227 137 227 137 296 137 334 137 227 137 334 137 372 137 1265 836 1183 836 1359 836 1455 836 1265 836 1359 836 1241 4225 1333 4225 1154 4225 1241 4226 1429 4226 1333 4226 1241 4227 1154 4227 984 4227 1334 4228 1241 4228 984 4228 1241 4229 1334 4229 1431 4229 1241 4230 1431 4230 1541 4230 1665 4231 1241 4231 1541 4231 1455 836 1359 836 1569 836 1694 836 1455 836 1569 836 601 4232 883 4232 798 4232 1940 836 2071 836 1816 836 1569 836 1816 836 1694 836 1816 4233 1938 4233 1694 4233 442 4234 479 4234 404 4234 441 4235 524 4235 480 4235 403 137 372 137 334 137 479 4236 441 4236 404 4236 524 4237 580 4237 480 4237 524 4238 441 4238 479 4238 580 4239 524 4239 635 4239 524 4240 704 4240 635 4240 635 4241 704 4241 768 4241 768 4242 525 4242 635 4242 768 4243 704 4243 703 4243 525 4244 768 4244 703 4244 946 4245 703 4245 704 4245 946 4246 1040 4246 703 4246 265 137 112 137 295 137 333 137 295 137 112 137 946 4247 1121 4247 1040 4247 1041 4248 946 4248 704 4248 704 4249 1123 4249 1041 4249 1123 4250 704 4250 1212 4250 1300 4251 1123 4251 1212 4251 1212 4252 1395 4252 1300 4252 1395 4253 1212 4253 1498 4253 1395 4254 1498 4254 1617 4254 1747 4255 1617 4255 1498 4255 1871 4256 1747 4256 1498 4256 1991 4257 1747 4257 1871 4257 1747 4258 1991 4258 2123 4258 2258 4259 2123 4259 1991 4259 2123 4260 2258 4260 2374 4260 2374 4261 2258 4261 2373 4261 2373 4262 2257 4262 2374 4262 2257 4263 2373 4263 2122 4263 1990 4264 2257 4264 2122 4264 2376 4265 2373 4265 2258 4265 2376 4266 2588 4266 2373 4266 1870 4267 1990 4267 2122 4267 1990 4268 1870 4268 1299 4268 2374 4269 2259 4269 2123 4269 1991 4270 2124 4270 2258 4270 2588 4271 2376 4271 2375 4271 2375 4272 2482 4272 2588 4272 2376 4273 2258 4273 2124 4273 2123 4274 2259 4274 1747 4274 1871 4275 2124 4275 1991 4275 2260 4276 2482 4276 2375 4276 2124 4277 1871 4277 2260 4277 2375 4278 2376 4278 2124 4278 1870 4279 1745 4279 1299 4279 1870 4280 1989 4280 1745 4280 2121 4281 1745 4281 1989 4281 1745 4282 1615 4282 1299 4282 1615 4283 1497 4283 1299 4283 1394 4284 1299 4284 1497 4284 1299 4285 1394 4285 1211 4285 1211 4286 1122 4286 1299 4286 1211 4287 946 4287 1122 4287 1122 4288 946 4288 1041 4288 1211 4289 1210 4289 946 4289 2260 4290 2375 4290 2124 4290 2260 4291 1871 4291 2125 4291 2379 4292 2260 4292 2125 4292 1210 4293 1211 4293 1394 4293 1210 4294 1394 4294 1496 4294 1210 4295 1496 4295 1614 4295 1210 4296 1614 4296 1743 4296 1868 4297 1743 4297 1614 4297 1496 4298 1541 4298 1431 4298 1394 4299 1613 4299 1496 4299 1742 4300 1496 4300 1613 4300 1868 4301 1614 4301 1987 4301 1742 4302 1541 4302 1496 4302 1540 4303 1429 4303 1241 4303 1664 4304 1540 4304 1241 4304 1786 4305 1664 4305 1241 4305 1742 4306 1613 4306 1867 4306 1121 4307 946 4307 1210 4307 1121 4308 1210 4308 1298 4308 1613 4309 1394 4309 1741 4309 1394 4310 1865 4310 1741 4310 1741 4311 1865 4311 1985 4311 1985 4312 2114 4312 1741 4312 1741 4313 2114 4313 2245 4313 1741 4314 2245 4314 2248 4314 2248 4315 2116 4315 1741 4315 1986 4316 1741 4316 2116 4316 1741 4317 1986 4317 1866 4317 1866 4318 1613 4318 1741 4318 1866 4319 1867 4319 1613 4319 1867 4320 1866 4320 2115 4320 2247 4321 1867 4321 2115 4321 2247 4322 2115 4322 2366 4322 2366 4323 2115 4323 2478 4323 2116 4324 2249 4324 1986 4324 2367 4325 1986 4325 2249 4325 1986 4326 2367 4326 2250 4326 1986 4327 2250 4327 2117 4327 1986 4328 2117 4328 1866 4328 2478 4329 2115 4329 2582 4329 1497 4330 1615 4330 1744 4330 1497 4331 1616 4331 1394 4331 1746 4332 1394 4332 1616 4332 1497 4333 1746 4333 1616 4333 1394 4334 1746 4334 1865 4334 1869 4335 1744 4335 1615 4335 2582 4336 2115 4336 2477 4336 1988 4337 1869 4337 1615 4337 2118 4338 1869 4338 1988 4338 1870 4339 2120 4339 1989 4339 2115 4340 1866 4340 2246 4340 2246 4341 2365 4341 2115 4341 2250 4342 2367 4342 2251 4342 2250 4343 2251 4343 2583 4343 2583 4344 2678 4344 2250 4344 2681 4345 2250 4345 2678 4345 2681 4346 2585 4346 2250 4346 2585 4347 2479 4347 2250 4347 2479 4348 2368 4348 2250 4348 2250 4349 2368 4349 2117 4349 2118 4350 1988 4350 2251 4350 1615 4351 2119 4351 1988 4351 2252 4352 2119 4352 1615 4352 2370 4353 2252 4353 1615 4353 1870 4354 2254 4354 2120 4354 1989 4355 2256 4355 2121 4355 2256 4356 2372 4356 2121 4356 2255 4357 1989 4357 2120 4357 2254 4358 2371 4358 2120 4358 2254 4359 2481 4359 2371 4359 2481 4360 2587 4360 2371 4360 2371 4361 2587 4361 2686 4361 2789 4362 2686 4362 2587 4362 2789 4363 2791 4363 2686 4363 2894 4364 2686 4364 2791 4364 2686 4365 2894 4365 3083 4365 3083 4366 2894 4366 3085 4366 3245 4367 3083 4367 3085 4367 3245 4368 3085 4368 2889 4368 3167 4369 2889 4369 3085 4369 3082 4370 2889 4370 3167 4370 3082 4371 2994 4371 2889 4371 2683 4372 2889 4372 2994 4372 2683 4373 2994 4373 2788 4373 2684 4374 2683 4374 2788 4374 2683 4375 2684 4375 2480 4375 2480 4376 2586 4376 2683 4376 2480 4377 2369 4377 2586 4377 2369 4378 2682 4378 2586 4378 2586 4379 2682 4379 2786 4379 2586 4380 2786 4380 2888 4380 2586 4381 2888 4381 2787 4381 2787 4382 2683 4382 2586 4382 2787 4383 2889 4383 2683 4383 3166 4384 2994 4384 3082 4384 3242 4385 2994 4385 3166 4385 3082 4386 3167 4386 3244 4386 3244 4387 3243 4387 3082 4387 3082 4388 3243 4388 3166 4388 3314 4389 3083 4389 3245 4389 3314 4390 3246 4390 3083 4390 3246 4391 3168 4391 3083 4391 3313 4392 3244 4392 3167 4392 3085 4393 2894 4393 2997 4393 3085 4394 2997 4394 3167 4394 2997 4395 3247 4395 3167 4395 3247 4396 3313 4396 3167 4396 2997 4397 3169 4397 3247 4397 3084 4398 3169 4398 2997 4398 3083 4399 3168 4399 2686 4399 1988 4400 2119 4400 2253 4400 2253 4401 2369 4401 1988 4401 2687 4402 2894 4402 2791 4402 2687 4403 2997 4403 2894 4403 2369 4404 2480 4404 2251 4404 2583 4405 2480 4405 2684 4405 2788 4406 2583 4406 2684 4406 2995 4407 2788 4407 2994 4407 2792 4408 2995 4408 2994 4408 2896 4409 2792 4409 2994 4409 2896 278 2688 278 2792 278 2688 4410 2378 4410 2792 4410 2895 4411 2792 4411 2378 4411 2995 4412 2792 4412 2895 4412 2995 4413 2895 4413 2890 4413 2788 4414 2995 4414 2890 4414 2678 4415 2589 4415 2681 4415 2895 4416 3086 4416 2890 4416 2583 4417 2788 4417 2890 4417 3086 4418 2895 4418 2998 4418 2251 4419 1988 4419 2369 4419 2251 4420 2480 4420 2583 4420 2681 4421 2483 4421 2585 4421 2681 4422 2589 4422 2483 4422 2680 4423 2585 4423 2483 4423 2585 4424 2680 4424 2479 4424 2887 4425 2680 4425 2483 4425 2680 4426 2887 4426 2885 4426 2680 4427 2885 4427 2679 4427 2992 4428 2885 4428 2887 4428 2999 278 2688 278 2896 278 3084 4429 2997 4429 2687 4429 2896 278 3087 278 2999 278 3087 4430 3170 4430 2999 4430 3170 278 3087 278 3248 278 2688 4431 2590 4431 2378 4431 2887 4432 3164 4432 2992 4432 2992 4433 3164 4433 3081 4433 2992 4434 3081 4434 2886 4434 2679 4435 2992 4435 2886 4435 2590 4436 2379 4436 2378 4436 2378 4437 2998 4437 2895 4437 2379 4438 2590 4438 2687 4438 2590 4439 2790 4439 2687 4439 2892 4440 2790 4440 2590 4440 2791 4441 2379 4441 2687 4441 2893 4442 2379 4442 2791 4442 2893 4443 2791 4443 2789 4443 2893 4444 2789 4444 2891 4444 2125 4445 2378 4445 2379 4445 2378 4446 2125 4446 2261 4446 2125 4447 1992 4447 2261 4447 2377 4448 2261 4448 1992 4448 2483 4449 2377 4449 1992 4449 2587 4450 2891 4450 2789 4450 2891 4451 2587 4451 2996 4451 2685 4452 2587 4452 2481 4452 1871 4453 1992 4453 2125 4453 2680 4454 2679 4454 2479 4454 2479 4455 2584 4455 2368 4455 2479 4456 2679 4456 2584 4456 2377 4457 2483 4457 2589 4457 3165 4458 3081 4458 3164 4458 3081 4459 3165 4459 2993 4459 1498 4460 1992 4460 1871 4460 2885 4461 2992 4461 2679 4461 2886 4462 2785 4462 2679 4462 2246 4463 2476 4463 2365 4463 3164 4464 3256 4464 3165 4464 3256 4465 3180 4465 3165 4465 2785 4466 2584 4466 2679 4466 2884 4467 2584 4467 2785 4467 2884 4468 2783 4468 2584 4468 2783 4469 2580 4469 2584 4469 2783 4470 2884 4470 2990 4470 2783 4471 2990 4471 3080 4471 2783 4472 3080 4472 2923 4472 2923 4473 2812 4473 2783 4473 2883 4474 2783 4474 2812 4474 3014 4475 2883 4475 2812 4475 3014 4476 3163 4476 2883 4476 2785 4477 3080 4477 2990 4477 2785 4478 2990 4478 2884 4478 2785 4479 2886 4479 2993 4479 2923 4480 2785 4480 2993 4480 2476 4481 2584 4481 2580 4481 2785 4482 2923 4482 3080 4482 2924 4483 2923 4483 2993 4483 2923 4484 2924 4484 2813 4484 2711 4485 2812 4485 2923 4485 2783 4486 2883 4486 2580 4486 2612 4487 2812 4487 2711 4487 2580 4488 2883 4488 2784 4488 2811 4489 2812 4489 2612 4489 2580 4490 2784 4490 2581 4490 2365 4491 2580 4491 2581 4491 2811 4492 3014 4492 2812 4492 2883 4493 2991 4493 2784 4493 3180 4494 2924 4494 2993 4494 2924 4495 3180 4495 3102 4495 2924 4496 3102 4496 3015 4496 2924 4497 3015 4497 2712 4497 2712 4498 2813 4498 2924 4498 2712 4499 2613 4499 2813 4499 2612 4500 2710 4500 2811 4500 2365 4501 2477 4501 2115 4501 2365 4502 2476 4502 2580 4502 2581 4503 2477 4503 2365 4503 2612 4504 2711 4504 2507 4504 2507 4505 2402 4505 2612 4505 3103 4506 2712 4506 3015 4506 2712 4507 3103 4507 3016 4507 3016 4508 2925 4508 2712 4508 2925 4509 2814 4509 2712 4509 2814 4510 2508 4510 2712 4510 2613 4511 2712 4511 2508 4511 2613 4512 2508 4512 2285 4512 2402 4513 2710 4513 2612 4513 2710 4514 2402 4514 2810 4514 3081 4515 2993 4515 2886 4515 3165 4516 3180 4516 2993 4516 2285 4517 2402 4517 2507 4517 2151 4518 2402 4518 2285 4518 2151 4519 2506 4519 2402 4519 2814 4520 2713 4520 2508 4520 2614 4521 2508 4521 2713 4521 2286 4522 2508 4522 2614 4522 2286 4523 2285 4523 2508 4523 2285 4524 2286 4524 2017 4524 3102 4525 3181 4525 3015 4525 3181 4526 3182 4526 3015 4526 3185 4527 3016 4527 3103 4527 3183 4528 3016 4528 3185 4528 3016 4529 3183 4529 3104 4529 2925 4530 3016 4530 3104 4530 2925 4531 3104 4531 3184 4531 3184 4532 3017 4532 2925 4532 3105 4533 2925 4533 3017 4533 3185 4534 3103 4534 3260 4534 3185 4535 3260 4535 3325 4535 3258 4536 3185 4536 3325 4536 3183 4537 3258 4537 3104 4537 3259 4538 3104 4538 3258 4538 3103 4539 3257 4539 3260 4539 3380 4540 3260 4540 3257 4540 3184 4541 3104 4541 3259 4541 3184 4542 3259 4542 3324 4542 3103 4543 3182 4543 3257 4543 3257 4544 3182 4544 3323 4544 3186 4545 3017 4545 3184 4545 3186 4546 3106 4546 3017 4546 3017 4547 3106 4547 2716 4547 2716 4548 2926 4548 3017 4548 3380 4549 3257 4549 3429 4549 3382 4550 3324 4550 3259 4550 3182 4551 3181 4551 3322 4551 3182 4552 3103 4552 3015 4552 3017 4553 2926 4553 3105 4553 2815 4554 2926 4554 2716 4554 2614 4555 2714 4555 2286 4555 3430 4556 3258 4556 3325 4556 3258 4557 3183 4557 3185 4557 3430 4558 3381 4558 3258 4558 3381 4559 3259 4559 3258 4559 3431 4560 3259 4560 3381 4560 3260 4561 3383 4561 3325 4561 3432 4562 3325 4562 3383 4562 3325 4563 3432 4563 3476 4563 3475 4564 3325 4564 3476 4564 3382 4565 3259 4565 3431 4565 3477 1186 3432 1186 3383 1186 3519 1186 3432 1186 3477 1186 3432 1186 3519 1186 3476 1186 3476 4566 3519 4566 3552 4566 3552 1186 3570 1186 3476 1186 3106 4567 3187 4567 2716 4567 3261 4568 3187 4568 3106 4568 3106 4569 3326 4569 3261 4569 3189 4570 2716 4570 3187 4570 2617 4571 2815 4571 2716 4571 3476 4572 3549 4572 3475 4572 3475 4573 3549 4573 3550 4573 3475 4574 3550 4574 3518 4574 3430 4575 3475 4575 3518 4575 3325 4576 3475 4576 3430 4576 3518 4577 3551 4577 3430 4577 3430 4578 3551 4578 3569 4578 3584 4579 3569 4579 3551 4579 3569 4580 3584 4580 3597 4580 3187 4581 3263 4581 3189 4581 3263 4582 3108 4582 3189 4582 3189 4583 3108 4583 2816 4583 2511 4584 2617 4584 2716 4584 2152 4585 2617 4585 2511 4585 2404 4586 2152 4586 2511 4586 2287 4587 2152 4587 2404 4587 1771 4588 2152 4588 2287 4588 1771 4589 2017 4589 2152 4589 2405 4590 1771 4590 2287 4590 2286 4591 2714 4591 2615 4591 2286 4592 2152 4592 2017 4592 2152 4593 2286 4593 2403 4593 2403 4594 2510 4594 2152 4594 2152 4595 2510 4595 2616 4595 2615 4596 2509 4596 2286 4596 2404 4597 2512 4597 2287 4597 2512 4598 2619 4598 2287 4598 2619 4599 2513 4599 2287 4599 1896 4600 2017 4600 1771 4600 1896 4601 1771 4601 1644 4601 1644 4602 1771 4602 1520 4602 1315 4603 1644 4603 1520 4603 1644 4604 1315 4604 1770 4604 2017 4605 2151 4605 2285 4605 2151 4606 2017 4606 1896 4606 2287 4607 2513 4607 2405 4607 2513 4608 2620 4608 2405 4608 2719 4609 2405 4609 2620 4609 1315 4610 1769 4610 1770 4610 1315 4611 1643 4611 1769 4611 1315 4612 1519 4612 1643 4612 1411 4613 1315 4613 1520 4613 2512 4614 2718 4614 2619 4614 2810 4615 2402 4615 2922 4615 2922 4616 2402 4616 3013 4616 3013 4617 2402 4617 3101 4617 2286 4618 2509 4618 2403 4618 2616 4619 2510 4619 2715 4619 2617 4620 2616 4620 2715 4620 1410 4621 1519 4621 1315 4621 2404 4622 2511 4622 2618 4622 2152 4623 2616 4623 2617 4623 2618 4624 2512 4624 2404 4624 2717 4625 2512 4625 2618 4625 2717 4626 2817 4626 2512 4626 2817 4627 2929 4627 2512 4627 2929 4628 2930 4628 2512 4628 2930 4629 2818 4629 2512 4629 2818 4630 2718 4630 2512 4630 2511 4631 2716 4631 2816 4631 2927 4632 2511 4632 2816 4632 3018 4633 2927 4633 2816 4633 2927 4634 3018 4634 3107 4634 3018 4635 2816 4635 3108 4635 3190 4636 3018 4636 3108 4636 3188 4637 3018 4637 3190 4637 1228 4638 1518 4638 1410 4638 1518 4639 1228 4639 1642 4639 3188 4640 3190 4640 3327 4640 3188 4641 3327 4641 3328 4641 3262 4642 3188 4642 3328 4642 3188 4643 3262 4643 3107 4643 3018 4644 3188 4644 3107 4644 2817 4645 3020 4645 2929 4645 112 137 371 137 333 137 3328 4646 3327 4646 3433 4646 3328 4647 3384 4647 3262 4647 3435 4648 3262 4648 3384 4648 3435 4649 3480 4649 3262 4649 3478 4650 3328 4650 3433 4650 3328 4651 3478 4651 3434 4651 3480 4652 3435 4652 3521 4652 3521 4653 3554 4653 3480 4653 2717 4654 2928 4654 2817 4654 3019 4655 2928 4655 2717 4655 3109 4656 2928 4656 3019 4656 3191 4657 2928 4657 3109 4657 3265 4658 3191 4658 3109 4658 3265 4659 3329 4659 3191 4659 3020 4660 2817 4660 3110 4660 2817 4661 3192 4661 3110 4661 3266 4662 3192 4662 2817 4662 3266 4663 3330 4663 3192 4663 3266 4664 3386 4664 3330 4664 3330 4665 3386 4665 3436 4665 3482 4666 3436 4666 3386 4666 3436 4667 3482 4667 3522 4667 3522 4668 3482 4668 3555 4668 3555 4669 3571 4669 3522 4669 3585 4670 3571 4670 3555 4670 3598 4671 3571 4671 3585 4671 3110 4672 3193 4672 3020 4672 3020 4673 3111 4673 2929 4673 3435 4674 3384 4674 3481 4674 3585 4675 3607 4675 3598 4675 3434 4676 3384 4676 3328 4676 3384 4677 3434 4677 3479 4677 3434 4678 3478 4678 3520 4678 3582 4679 3584 4679 3551 4679 3568 4680 3582 4680 3551 4680 3568 4681 3548 4681 3582 4681 3548 4682 3546 4682 3582 4682 3581 4683 3582 4683 3546 4683 3566 4684 3581 4684 3546 4684 3581 4685 3566 4685 3595 4685 3595 4686 3605 4686 3581 4686 3516 4687 3566 4687 3546 4687 3516 4688 3520 4688 3566 4688 3553 4689 3566 4689 3520 4689 3547 4690 3554 4690 3521 4690 3521 4691 3435 4691 3481 4691 3473 4692 3546 4692 3548 4692 3479 4693 3481 4693 3384 4693 3516 4694 3481 4694 3479 4694 3481 4695 3516 4695 3547 4695 3479 4696 3520 4696 3516 4696 3520 4697 3478 4697 3553 4697 3520 4698 3479 4698 3434 4698 3584 4699 3582 4699 3581 4699 3616 4700 3584 4700 3581 4700 3616 4701 3606 4701 3584 4701 3519 4702 3548 4702 3568 4702 3517 4703 3548 4703 3519 4703 3190 4704 3108 4704 3264 4704 3597 4705 3584 4705 3606 4705 3551 4706 3518 4706 3568 4706 3550 4707 3567 4707 3518 4707 3567 4708 3583 4708 3518 4708 3568 4709 3596 4709 3519 4709 3583 4710 3596 4710 3568 4710 3568 4711 3518 4711 3583 4711 3477 4712 3517 4712 3519 4712 3473 4713 3516 4713 3546 4713 3516 4714 3473 4714 3428 4714 3473 4715 3548 4715 3517 4715 3473 4716 3517 4716 3323 4716 3517 4717 3477 4717 3323 4717 3474 4718 3429 4718 3257 4718 3547 4719 3521 4719 3481 4719 3547 4720 3516 4720 3428 4720 3322 4721 3181 4721 3329 4721 3322 4722 3323 4722 3182 4722 3322 4723 3428 4723 3323 4723 3428 4724 3322 4724 3329 4724 3323 4725 3428 4725 3473 4725 3385 4726 3428 4726 3329 4726 3329 4727 3265 4727 3385 4727 3181 4728 3102 4728 3256 4728 112 137 402 137 371 137 3256 4729 3102 4729 3180 4729 402 137 112 137 440 137 112 137 478 137 440 137 523 137 478 137 112 137 112 137 578 137 523 137 632 137 578 137 112 137 702 137 578 137 632 137 632 137 767 137 702 137 632 137 850 137 767 137 632 137 945 137 850 137 945 137 1039 137 850 137 1120 137 850 137 1039 137 1120 137 1209 137 850 137 1642 4730 1228 4730 1768 4730 3379 4731 3472 4731 3427 4731 3515 4732 3427 4732 3472 4732 3472 4733 3545 4733 3515 4733 3515 4734 3545 4734 3565 4734 3545 4735 3580 4735 3565 4735 3594 4736 3565 4736 3580 4736 3580 4737 3604 4737 3594 4737 3594 4738 3604 4738 3615 4738 3604 4739 3622 4739 3615 4739 3629 4740 3615 4740 3622 4740 3622 4741 3635 4741 3629 4741 3629 4742 3635 4742 3638 4742 3635 4743 3640 4743 3638 4743 3641 4744 3638 4744 3640 4744 3640 4745 3642 4745 3641 4745 3643 4746 3641 4746 3642 4746 3642 4747 3644 4747 3643 4747 3643 4748 3644 4748 3645 4748 3644 4749 3646 4749 3645 4749 3647 4750 3645 4750 3646 4750 3646 4751 3648 4751 3647 4751 3647 4752 3648 4752 3649 4752 3648 4753 3650 4753 3649 4753 3651 4754 3649 4754 3650 4754 3651 4755 3650 4755 3652 4755 3650 4756 3653 4756 3652 4756 3654 4757 3652 4757 3653 4757 3653 4758 3655 4758 3654 4758 3654 4759 3655 4759 3656 4759 3655 4760 3657 4760 3656 4760 3658 4761 3656 4761 3657 4761 3657 4762 3659 4762 3658 4762 3660 4763 3658 4763 3659 4763 3659 4764 3661 4764 3660 4764 3661 4765 3662 4765 3660 4765 3661 4766 3663 4766 3662 4766 3664 4767 3662 4767 3663 4767 3663 4768 3665 4768 3664 4768 3664 4769 3665 4769 3666 4769 3665 4770 3667 4770 3666 4770 3668 4771 3666 4771 3667 4771 3667 4772 3669 4772 3668 4772 3668 4773 3669 4773 3670 4773 3669 4774 3671 4774 3670 4774 3672 4775 3670 4775 3671 4775 3671 4776 3673 4776 3672 4776 3672 4777 3673 4777 3674 4777 3673 4778 3675 4778 3674 4778 3676 4779 3674 4779 3675 4779 3675 4780 3677 4780 3676 4780 3678 4781 3676 4781 3677 4781 3677 4782 3679 4782 3678 4782 3678 4783 3679 4783 3680 4783 3679 4784 3681 4784 3680 4784 3682 4785 3680 4785 3681 4785 3681 4786 3683 4786 3682 4786 3682 4787 3683 4787 3684 4787 1938 836 1816 836 2071 836 1816 4788 1569 4788 1937 4788 1937 836 2070 836 1816 836 1739 836 1816 836 2070 836 1941 836 1571 836 1739 836 1739 836 2073 836 1941 836 2073 836 1739 836 2070 836 3685 4789 3686 4789 3687 4789 3688 4790 3685 4790 3687 4790 3689 1186 3690 1186 3691 1186 3691 1186 3692 1186 3689 1186 3693 2663 3694 2663 3695 2663 3695 2663 3696 2663 3693 2663 3697 4791 3698 4791 3699 4791 3698 4792 3700 4792 3699 4792 3702 4792 3699 4792 3700 4792 3704 4793 3699 4793 3702 4793 3706 4792 3704 4792 3702 4792 3708 4794 3704 4794 3706 4794 3711 4792 3708 4792 3706 4792 3713 4792 3708 4792 3711 4792 3700 4795 3698 4795 3701 4795 3703 4792 3701 4792 3698 4792 3703 4796 3705 4796 3701 4796 3707 4792 3705 4792 3703 4792 3703 4792 3710 4792 3707 4792 3709 4792 3705 4792 3707 4792 3712 4797 3709 4797 3707 4797 3709 4792 3712 4792 3714 4792 3716 4798 3714 4798 3712 4798 3716 4799 3718 4799 3714 4799 3715 4792 3713 4792 3711 4792 3713 4792 3715 4792 3717 4792 3720 4792 3718 4792 3716 4792 3718 4792 3720 4792 3722 4792 3720 4792 3724 4792 3722 4792 3726 4800 3722 4800 3724 4800 3726 4801 3724 4801 3728 4801 3730 4792 3726 4792 3728 4792 3717 4802 3715 4802 3719 4802 3717 4803 3719 4803 3721 4803 3728 4792 3732 4792 3730 4792 3732 4792 3734 4792 3730 4792 3736 4792 3734 4792 3732 4792 3734 4792 3736 4792 3738 4792 3723 4792 3721 4792 3719 4792 3721 4792 3723 4792 3725 4792 3740 4804 3738 4804 3736 4804 3738 4805 3740 4805 3742 4805 3740 4792 3744 4792 3742 4792 3744 4806 3746 4806 3742 4806 3725 4792 3723 4792 3727 4792 3727 4792 3729 4792 3725 4792 3748 4792 3746 4792 3744 4792 3750 4792 3746 4792 3748 4792 3748 4792 3752 4792 3750 4792 3752 4807 3754 4807 3750 4807 3756 4792 3754 4792 3752 4792 3758 4808 3754 4808 3756 4808 3758 4809 3756 4809 3760 4809 3762 4810 3758 4810 3760 4810 3763 4811 3762 4811 3760 4811 3762 4792 3763 4792 3759 4792 3759 4812 3763 4812 3761 4812 3757 4792 3759 4792 3761 4792 3759 4792 3757 4792 3755 4792 3753 4792 3755 4792 3757 4792 3753 4813 3751 4813 3755 4813 3749 4792 3751 4792 3753 4792 3751 4814 3749 4814 3747 4814 3749 4792 3745 4792 3747 4792 3743 4792 3747 4792 3745 4792 3741 4792 3743 4792 3745 4792 3741 4815 3739 4815 3743 4815 3729 4792 3727 4792 3731 4792 3731 4792 3733 4792 3729 4792 3733 4816 3731 4816 3735 4816 3733 4792 3735 4792 3737 4792 3737 4817 3735 4817 3739 4817 3739 4792 3741 4792 3737 4792 3764 4818 3765 4818 3766 4818 3766 4819 3765 4819 3767 4819 3768 4820 3766 4820 3767 4820 3768 4821 3767 4821 3769 4821 3769 4822 3770 4822 3768 4822 3770 4823 3769 4823 3771 4823 3772 4824 3770 4824 3771 4824 3772 4825 3771 4825 3773 4825 3774 4826 3772 4826 3773 4826 3775 4827 3774 4827 3773 4827 3775 4828 3776 4828 3774 4828 3775 4829 3777 4829 3776 4829 3777 4830 3778 4830 3776 4830 3777 4831 3779 4831 3778 4831 3780 4832 3778 4832 3779 4832 3780 4833 3781 4833 3778 4833 3782 4834 3781 4834 3780 4834 3783 4835 3781 4835 3782 4835 3783 4836 3782 4836 3784 4836 3785 4837 3783 4837 3784 4837 3785 4838 3784 4838 3786 4838 3786 4839 3787 4839 3785 4839 3787 4840 3786 4840 3788 4840 3787 4841 3788 4841 3789 4841 3789 4842 3788 4842 3790 4842 3790 4843 3791 4843 3789 4843 3790 4844 3792 4844 3791 4844 3791 4845 3792 4845 3793 4845 3792 4846 3794 4846 3793 4846 3795 4847 3793 4847 3794 4847 3796 4848 3795 4848 3794 4848 3795 4849 3796 4849 3797 4849 3798 4850 3799 4850 3800 4850 3800 4851 3801 4851 3798 4851 3801 4852 3802 4852 3798 4852 3803 4853 3798 4853 3802 4853 3804 4854 3803 4854 3802 4854 3804 4855 3802 4855 3805 4855 3804 4856 3805 4856 3806 4856 3806 4857 3805 4857 3807 4857 3808 4858 3806 4858 3807 4858 3808 4859 3807 4859 3809 4859 3810 4860 3808 4860 3809 4860 3809 4861 3811 4861 3810 4861 3812 4862 3810 4862 3811 4862 3813 4863 3812 4863 3811 4863 3813 4864 3814 4864 3812 4864 3813 4865 3815 4865 3814 4865 3815 4866 3816 4866 3814 4866 3815 4867 3817 4867 3816 4867 3816 4868 3817 4868 3818 4868 3817 4869 3819 4869 3818 4869 3820 4870 3818 4870 3819 4870 3821 4871 3818 4871 3820 4871 3821 4872 3820 4872 3822 4872 3823 4873 3821 4873 3822 4873 3823 4874 3822 4874 3824 4874 3824 4875 3825 4875 3823 4875 3825 4876 3824 4876 3826 4876 3825 4877 3826 4877 3827 4877 3826 4878 3828 4878 3827 4878 3829 4879 3827 4879 3828 4879 3830 4880 3829 4880 3828 4880 3831 4881 3829 4881 3830 4881 3830 4882 3832 4882 3831 4882 3833 4883 3831 4883 3832 4883 3834 4884 3833 4884 3832 4884 3833 4885 3834 4885 3835 4885 3836 4886 3835 4886 3834 4886 3834 4887 3837 4887 3836 4887 3838 137 3839 137 3840 137 3840 137 3841 137 3838 137 3842 4888 3843 4888 3844 4888 3844 4889 3843 4889 3845 4889 3845 4890 3847 4890 3844 4890 3849 4891 3844 4891 3847 4891 3849 4892 3847 4892 3851 4892 3854 4893 3849 4893 3851 4893 3849 4894 3854 4894 3857 4894 3861 4895 3849 4895 3857 4895 3851 4896 3847 4896 3853 4896 3856 4897 3851 4897 3853 4897 3856 4898 3859 4898 3851 4898 3853 4899 3860 4899 3856 4899 3863 4900 3856 4900 3860 4900 3845 4901 3843 4901 3846 4901 3846 4902 3843 4902 3848 4902 3850 4903 3846 4903 3848 4903 3860 4904 3865 4904 3863 4904 3865 4905 3867 4905 3863 4905 3850 4906 3848 4906 3852 4906 3850 4907 3852 4907 3855 4907 3869 4908 3867 4908 3865 4908 3871 4909 3867 4909 3869 4909 3855 4910 3852 4910 3858 4910 3862 4911 3855 4911 3858 4911 3873 4912 3871 4912 3869 4912 3873 4913 3875 4913 3871 4913 3862 4914 3858 4914 3864 4914 3862 4915 3864 4915 3866 4915 3873 4916 3877 4916 3875 4916 3877 4917 3879 4917 3875 4917 3868 4918 3866 4918 3864 4918 3870 4919 3866 4919 3868 4919 3881 4920 3879 4920 3877 4920 3881 4921 3883 4921 3879 4921 3870 4922 3868 4922 3872 4922 3874 4923 3870 4923 3872 4923 3881 4924 3885 4924 3883 4924 3887 4925 3883 4925 3885 4925 3874 4926 3872 4926 3876 4926 3878 4927 3874 4927 3876 4927 3876 4928 3880 4928 3878 4928 3880 4929 3876 4929 3882 4929 3884 4930 3880 4930 3882 4930 3887 4931 3885 4931 3889 4931 3889 4932 3891 4932 3887 4932 3891 4933 3893 4933 3887 4933 3884 4934 3882 4934 3886 4934 3884 4935 3886 4935 3888 4935 3891 4936 3895 4936 3893 4936 3895 4937 3897 4937 3893 4937 3888 4938 3886 4938 3890 4938 3892 4939 3888 4939 3890 4939 3895 4940 3899 4940 3897 4940 3899 4941 3901 4941 3897 4941 3892 4942 3890 4942 3894 4942 3892 4943 3894 4943 3896 4943 3903 4944 3901 4944 3899 4944 3903 4945 3905 4945 3901 4945 3896 4946 3894 4946 3898 4946 3896 4947 3898 4947 3900 4947 3903 4948 3907 4948 3905 4948 3907 4949 3909 4949 3905 4949 3911 4950 3909 4950 3907 4950 3911 4951 3913 4951 3909 4951 3911 4952 3915 4952 3913 4952 3915 4953 3916 4953 3913 4953 3914 4954 3916 4954 3915 4954 3914 4955 3910 4955 3916 4955 3914 4956 3912 4956 3910 4956 3910 4957 3912 4957 3908 4957 3906 4958 3910 4958 3908 4958 3908 4959 3904 4959 3906 4959 3904 4960 3902 4960 3906 4960 3904 4961 3900 4961 3902 4961 3900 4962 3898 4962 3902 4962 3917 4963 3918 4963 3919 4963 3920 4964 3921 4964 3922 4964 3920 4965 3923 4965 3921 4965 3924 4966 3921 4966 3923 4966 3925 4967 3921 4967 3924 4967 3925 2663 3927 2663 3921 2663 3921 4968 3927 4968 3930 4968 3921 2663 3930 2663 3934 2663 3930 4969 3937 4969 3934 4969 3937 4970 3941 4970 3934 4970 3941 4971 3937 4971 3943 4971 3943 4972 3947 4972 3941 4972 3926 4973 3924 4973 3923 4973 3924 4974 3926 4974 3928 4974 3943 2663 3951 2663 3947 2663 3951 2663 3954 2663 3947 2663 3925 4975 3924 4975 3928 4975 3925 4976 3928 4976 3931 4976 3925 4977 3931 4977 3933 4977 3929 4978 3925 4978 3933 4978 3926 4979 3932 4979 3928 4979 3935 4980 3928 4980 3932 4980 3958 2663 3954 2663 3951 2663 3933 4981 3931 4981 3939 4981 3940 4982 3933 4982 3939 4982 3933 2663 3940 2663 3936 2663 3931 4983 3928 4983 3935 4983 3935 4984 3938 4984 3931 4984 3951 2663 3961 2663 3958 2663 3961 4985 3964 4985 3958 4985 3925 2663 3929 2663 3927 2663 3933 4986 3936 4986 3929 4986 3964 2663 3961 2663 3967 2663 3967 2663 3969 2663 3964 2663 3945 4987 3940 4987 3939 4987 3940 4988 3945 4988 3942 4988 3931 4989 3938 4989 3939 4989 3944 4990 3939 4990 3938 4990 3944 4991 3948 4991 3939 4991 3942 2663 3936 2663 3940 2663 3936 4992 3942 4992 3946 4992 3942 4993 3949 4993 3946 4993 3949 2663 3953 2663 3946 2663 3971 2663 3969 2663 3967 2663 3942 4994 3945 4994 3950 4994 3948 4995 3945 4995 3939 4995 3948 4996 3952 4996 3945 4996 3956 2663 3953 2663 3949 2663 3953 4997 3956 4997 3960 4997 3971 2663 3967 2663 3973 2663 3971 2663 3973 2663 3975 2663 3960 4998 3956 4998 3963 4998 3966 4999 3960 4999 3963 4999 3950 5000 3949 5000 3942 5000 3955 5001 3949 5001 3950 5001 3952 5002 3950 5002 3945 5002 3952 5003 3957 5003 3950 5003 3950 5004 3957 5004 3959 5004 3975 5005 3973 5005 3977 5005 3979 2663 3975 2663 3977 2663 3966 5006 3963 5006 3968 5006 3966 5007 3968 5007 3970 5007 3968 5008 3972 5008 3970 5008 3972 5009 3974 5009 3970 5009 3972 2663 3976 2663 3974 2663 3976 5010 3978 5010 3974 5010 3978 5011 3980 5011 3974 5011 3980 5012 3978 5012 3982 5012 3984 2663 3980 2663 3982 2663 3984 2663 3982 2663 3986 2663 3984 2663 3986 2663 3988 2663 3988 2663 3990 2663 3984 2663 3992 5013 3990 5013 3988 5013 3990 5014 3992 5014 3994 5014 3994 2663 3992 2663 3996 2663 3994 2663 3996 2663 3998 2663 3998 2663 3996 2663 4000 2663 4000 2663 4002 2663 3998 2663 3998 5015 4002 5015 4004 5015 3956 5016 3965 5016 3963 5016 3956 5017 3962 5017 3965 5017 3956 5018 3955 5018 3962 5018 3955 5019 3959 5019 3962 5019 4006 5020 4004 5020 4002 5020 4004 2663 4006 2663 4008 2663 3955 5021 3956 5021 3949 5021 3959 5022 3955 5022 3950 5022 4010 5023 4008 5023 4006 5023 4010 5024 4012 5024 4008 5024 4014 5025 4008 5025 4012 5025 4014 5026 4012 5026 4013 5026 4014 5027 4013 5027 4011 5027 4013 5028 4009 5028 4011 5028 4011 2663 4009 2663 4005 2663 4009 2663 4007 2663 4005 2663 4003 2663 4005 2663 4007 2663 4005 2663 4003 2663 4001 2663 4003 5029 3999 5029 4001 5029 3997 5030 4001 5030 3999 5030 3995 2663 3997 2663 3999 2663 3991 5031 3997 5031 3995 5031 3995 5032 3993 5032 3991 5032 3989 5033 3991 5033 3993 5033 3987 2663 3991 2663 3989 2663 3987 5034 3989 5034 3985 5034 3985 5035 3981 5035 3987 5035 3985 5036 3983 5036 3981 5036 3981 2663 3983 2663 3979 2663 3979 2663 3977 2663 3981 2663 4015 5037 4016 5037 4017 5037 4018 5038 4015 5038 4017 5038 4018 5039 4019 5039 4015 5039 4020 5040 4021 5040 4022 5040 4023 5041 4022 5041 4021 5041 4024 137 4025 137 4026 137 4028 137 4024 137 4026 137 4030 137 4028 137 4026 137 4032 137 4030 137 4026 137 4030 137 4032 137 4034 137 4036 137 4034 137 4032 137 4032 137 4038 137 4036 137 4036 137 4038 137 4040 137 4027 137 4025 137 4024 137 4027 137 4024 137 4029 137 4027 137 4029 137 4031 137 4031 137 4033 137 4027 137 4035 137 4027 137 4033 137 4042 137 4040 137 4038 137 4042 137 4038 137 4044 137 4044 137 4038 137 4047 137 4047 137 4051 137 4044 137 4051 137 4047 137 4052 137 4051 137 4052 137 4048 137 4048 137 4052 137 4045 137 4048 137 4045 137 4041 137 4045 137 4043 137 4041 137 4035 137 4041 137 4043 137 4041 137 4035 137 4039 137 4037 137 4039 137 4035 137 4033 137 4037 137 4035 137 4046 137 4035 137 4043 137 4049 137 4035 137 4046 137 4035 137 4049 137 4053 137 4035 137 4053 137 4055 137 4047 137 4038 137 4050 137 4038 137 4054 137 4050 137 4050 137 4054 137 4057 137 4057 137 4054 137 4060 137 4038 5042 4056 5042 4054 5042 4054 5043 4056 5043 4059 5043 4054 5044 4059 5044 4063 5044 4063 137 4069 137 4054 137 4054 137 4069 137 4064 137 4062 5045 4059 5045 4056 5045 4067 5046 4062 5046 4056 5046 4067 5047 4056 5047 4076 5047 4076 5048 4056 5048 4085 5048 4099 5049 4076 5049 4085 5049 4100 5050 4076 5050 4099 5050 4076 5051 4100 5051 4086 5051 4113 5052 4086 5052 4100 5052 4122 5053 4086 5053 4113 5053 4122 5054 4112 5054 4086 5054 4086 5055 4112 5055 4096 5055 4086 5056 4096 5056 4067 5056 4112 5057 4110 5057 4096 5057 4110 5058 4084 5058 4096 5058 4121 5059 4084 5059 4110 5059 4121 5060 4111 5060 4084 5060 4097 5061 4084 5061 4111 5061 4084 5062 4097 5062 4075 5062 4067 5063 4084 5063 4075 5063 4121 5064 4131 5064 4111 5064 4086 5065 4067 5065 4076 5065 4084 5066 4067 5066 4096 5066 4097 5067 4098 5067 4075 5067 4098 5068 4083 5068 4075 5068 4083 5069 4062 5069 4075 5069 4062 5070 4067 5070 4075 5070 4074 5071 4062 5071 4083 5071 4062 5072 4074 5072 4066 5072 4108 5073 4083 5073 4098 5073 4095 5074 4083 5074 4108 5074 4054 137 4064 137 4060 137 4059 5075 4068 5075 4063 5075 4074 5076 4082 5076 4066 5076 4066 5077 4059 5077 4062 5077 4059 5078 4066 5078 4073 5078 4066 5079 4082 5079 4073 5079 4083 5080 4095 5080 4074 5080 4064 137 4070 137 4060 137 4070 137 4064 137 4079 137 4079 137 4091 137 4070 137 4055 137 4053 137 4058 137 4058 137 4061 137 4055 137 4055 137 4061 137 4065 137 4072 137 4055 137 4065 137 4091 137 4079 137 4104 137 4105 137 4091 137 4104 137 4105 137 4104 137 4092 137 4080 137 4105 137 4092 137 4071 137 4080 137 4092 137 4071 137 4061 137 4080 137 4071 137 4065 137 4061 137 4069 137 4063 137 4078 137 4074 5081 4095 5081 4082 5081 4095 5082 4109 5082 4082 5082 4109 5083 4107 5083 4082 5083 4094 5084 4082 5084 4107 5084 4082 5085 4094 5085 4073 5085 4087 5086 4073 5086 4094 5086 4087 5087 4068 5087 4073 5087 4073 5088 4068 5088 4059 5088 4068 5089 4087 5089 4089 5089 4077 5090 4068 5090 4089 5090 4077 5091 4063 5091 4068 5091 4088 137 4063 137 4077 137 4063 137 4088 137 4101 137 4090 137 4063 137 4101 137 4090 137 4078 137 4063 137 4065 137 4081 137 4072 137 4081 137 4093 137 4072 137 4072 137 4093 137 4106 137 4090 137 4101 137 4118 137 4107 5092 4109 5092 4129 5092 4138 5093 4129 5093 4109 5093 4129 5094 4130 5094 4107 5094 4107 5095 4130 5095 4120 5095 4118 137 4101 137 4127 137 4127 137 4136 137 4118 137 4146 137 4136 137 4127 137 4136 137 4146 137 4154 137 4146 137 4147 137 4154 137 4128 137 4154 137 4147 137 4147 137 4137 137 4128 137 4128 137 4137 137 4106 137 4106 137 4119 137 4128 137 4106 137 4093 137 4119 137 4106 137 4137 137 4148 137 4155 137 4106 137 4148 137 4106 137 4155 137 4161 137 4102 137 4088 137 4077 137 4102 137 4077 137 4116 137 4077 137 4124 137 4116 137 4124 137 4134 137 4116 137 4107 5096 4120 5096 4094 5096 4161 137 4155 137 4167 137 4161 137 4167 137 4174 137 4161 137 4174 137 4176 137 4176 137 4181 137 4161 137 4161 137 4181 137 4192 137 4201 137 4161 137 4192 137 4161 137 4201 137 4210 137 4134 137 4124 137 4142 137 4134 137 4142 137 4151 137 4142 137 4156 137 4151 137 4156 137 4163 137 4151 137 4169 137 4163 137 4156 137 4163 137 4169 137 4176 137 4094 5097 4115 5097 4087 5097 4087 5098 4115 5098 4114 5098 4120 5099 4123 5099 4094 5099 4120 5100 4130 5100 4139 5100 4176 137 4169 137 4181 137 4077 137 4117 137 4124 137 4103 137 4117 137 4077 137 4117 137 4103 137 4125 137 4201 137 4220 137 4210 137 4220 137 4224 137 4210 137 4210 137 4224 137 4214 137 4103 5101 4077 5101 4089 5101 4089 5102 4114 5102 4103 5102 4103 5103 4114 5103 4126 5103 4103 5104 4126 5104 4135 5104 4135 137 4125 137 4103 137 4143 137 4125 137 4135 137 4132 5105 4114 5105 4115 5105 4114 5106 4089 5106 4087 5106 4115 5107 4094 5107 4123 5107 4123 5108 4133 5108 4115 5108 4123 5109 4120 5109 4140 5109 4141 5110 4123 5110 4140 5110 4135 137 4152 137 4143 137 4152 137 4157 137 4143 137 4157 137 4152 137 4164 137 4170 137 4157 137 4164 137 4141 5111 4133 5111 4123 5111 4141 5112 4150 5112 4133 5112 4133 5113 4150 5113 4149 5113 4149 5114 4132 5114 4133 5114 4115 5115 4133 5115 4132 5115 4149 5116 4153 5116 4132 5116 4153 5117 4144 5117 4132 5117 4126 5118 4132 5118 4144 5118 4164 137 4177 137 4170 137 4152 137 4135 137 4145 137 4160 137 4152 137 4145 137 4170 137 4177 137 4182 137 4145 137 4166 137 4160 137 4177 137 4188 137 4182 137 4182 137 4188 137 4196 137 4126 5119 4144 5119 4145 5119 4166 137 4145 137 4173 137 4173 137 4179 137 4166 137 4196 137 4214 137 4224 137 4196 137 4188 137 4205 137 4145 5120 4135 5120 4126 5120 4159 5121 4145 5121 4144 5121 4165 5122 4145 5122 4159 5122 4114 5123 4132 5123 4126 5123 4144 5124 4153 5124 4158 5124 4153 5125 4149 5125 4158 5125 4179 137 4173 137 4186 137 4186 137 4191 137 4179 137 4179 137 4191 137 4200 137 4149 5126 4150 5126 4162 5126 4205 137 4214 137 4196 137 4205 137 4223 137 4214 137 4229 137 4214 137 4223 137 4214 137 4229 137 4235 137 4191 137 4209 137 4200 137 4219 137 4200 137 4209 137 4209 137 4227 137 4219 137 4234 137 4219 137 4227 137 4165 5127 4159 5127 4172 5127 4172 5128 4159 5128 4178 5128 4178 5129 4185 5129 4172 5129 4238 137 4234 137 4227 137 4234 137 4238 137 4245 137 4158 5130 4159 5130 4144 5130 4159 5131 4158 5131 4171 5131 4251 137 4245 137 4238 137 4251 137 4235 137 4245 137 4245 137 4235 137 4246 137 4240 137 4246 137 4235 137 4162 5132 4158 5132 4149 5132 4175 5133 4158 5133 4162 5133 4162 5134 4150 5134 4168 5134 4190 5135 4185 5135 4178 5135 4186 137 4199 137 4191 137 4208 137 4191 137 4199 137 4235 137 4229 137 4240 137 4263 137 4235 137 4251 137 4235 137 4263 137 4270 137 4270 137 4277 137 4235 137 4277 137 4286 137 4235 137 4178 5136 4189 5136 4190 5136 4190 5137 4189 5137 4207 5137 4171 5138 4178 5138 4159 5138 4184 5139 4178 5139 4171 5139 4158 5140 4175 5140 4171 5140 4175 5141 4183 5141 4171 5141 4168 5142 4175 5142 4162 5142 4175 5143 4168 5143 4180 5143 4180 5144 4168 5144 4187 5144 4180 5145 4187 5145 4194 5145 4194 5146 4203 5146 4180 5146 4203 5147 4195 5147 4180 5147 4195 5148 4183 5148 4180 5148 4175 5149 4180 5149 4183 5149 4178 5150 4184 5150 4189 5150 4183 5151 4195 5151 4204 5151 4204 5152 4197 5152 4183 5152 4197 5153 4184 5153 4183 5153 4184 5154 4171 5154 4183 5154 4198 5155 4184 5155 4197 5155 4193 5156 4187 5156 4168 5156 4189 5157 4184 5157 4198 5157 4206 5158 4189 5158 4198 5158 4195 5159 4203 5159 4213 5159 4213 5160 4222 5160 4195 5160 4206 5161 4207 5161 4189 5161 4198 5162 4217 5162 4206 5162 4217 5163 4198 5163 4225 5163 4217 5164 4225 5164 4218 5164 4197 5165 4215 5165 4198 5165 4216 5166 4197 5166 4204 5166 4168 5167 4202 5167 4193 5167 4193 5168 4202 5168 4211 5168 4204 5169 4195 5169 4212 5169 4212 5170 4221 5170 4204 5170 4236 5171 4218 5171 4225 5171 4218 5172 4236 5172 4233 5172 4233 137 4226 137 4218 137 4218 137 4226 137 4208 137 4215 5173 4225 5173 4198 5173 4231 5174 4225 5174 4215 5174 4197 5175 4216 5175 4215 5175 4216 5176 4230 5176 4215 5176 4221 5177 4216 5177 4204 5177 4232 5178 4216 5178 4221 5178 4222 5179 4213 5179 4228 5179 4232 5180 4222 5180 4228 5180 4228 5181 4239 5181 4232 5181 4232 5182 4239 5182 4241 5182 4232 5183 4241 5183 4230 5183 4208 137 4199 137 4218 137 4237 137 4226 137 4233 137 4241 5184 4239 5184 4252 5184 4258 5185 4241 5185 4252 5185 4247 5186 4230 5186 4241 5186 4230 5187 4216 5187 4232 5187 4247 5188 4242 5188 4230 5188 4230 5189 4242 5189 4231 5189 4215 5190 4230 5190 4231 5190 4242 5191 4243 5191 4231 5191 4243 5192 4236 5192 4231 5192 4225 5193 4231 5193 4236 5193 4243 5194 4233 5194 4236 5194 4243 5195 4250 5195 4233 5195 4233 137 4250 137 4248 137 4248 137 4244 137 4233 137 4237 137 4233 137 4244 137 4244 137 4249 137 4237 137 4252 5196 4264 5196 4258 5196 4241 5197 4253 5197 4247 5197 4247 5198 4254 5198 4242 5198 4242 5199 4255 5199 4243 5199 4254 5200 4255 5200 4242 5200 4255 5201 4257 5201 4243 5201 4250 5202 4243 5202 4257 5202 4257 5203 4262 5203 4250 5203 4262 137 4260 137 4250 137 4248 137 4250 137 4260 137 4262 137 4274 137 4260 137 4256 137 4249 137 4244 137 4249 137 4256 137 4261 137 4281 137 4274 137 4262 137 4261 137 4256 137 4268 137 4275 137 4261 137 4268 137 4281 137 4262 137 4289 137 4281 137 4289 137 4297 137 4282 137 4275 137 4268 137 4282 137 4290 137 4275 137 4289 137 4306 137 4297 137 4306 137 4313 137 4297 137 4254 5204 4247 5204 4259 5204 4265 5205 4259 5205 4247 5205 4259 5206 4265 5206 4271 5206 4271 5207 4278 5207 4259 5207 4272 5208 4259 5208 4278 5208 4259 5209 4272 5209 4266 5209 4259 5210 4266 5210 4254 5210 4255 5211 4254 5211 4266 5211 4266 5212 4267 5212 4255 5212 4289 137 4262 137 4292 137 4257 5213 4255 5213 4267 5213 4273 5214 4257 5214 4267 5214 4269 5215 4257 5215 4273 5215 4269 5216 4262 5216 4257 5216 4262 137 4269 137 4276 137 4262 137 4276 137 4284 137 4284 137 4292 137 4262 137 4290 137 4282 137 4298 137 4290 137 4298 137 4286 137 4290 137 4286 137 4294 137 4313 137 4306 137 4322 137 4332 137 4313 137 4322 137 4322 137 4339 137 4332 137 4332 137 4339 137 4351 137 4361 137 4332 137 4351 137 4351 137 4340 137 4361 137 4351 137 4323 137 4340 137 4333 137 4340 137 4323 137 4314 137 4333 137 4323 137 4286 137 4314 137 4323 137 4298 137 4314 137 4286 137 4277 137 4294 137 4286 137 4276 137 4269 137 4283 137 4269 137 4291 137 4283 137 4291 137 4300 137 4283 137 4300 137 4307 137 4283 137 4360 137 4351 137 4339 137 4351 137 4360 137 4373 137 4373 137 4382 137 4351 137 4382 137 4374 137 4351 137 4384 137 4374 137 4382 137 4374 137 4384 137 4362 137 4362 137 4352 137 4374 137 4352 137 4383 137 4374 137 4374 137 4383 137 4393 137 4401 137 4374 137 4393 137 4307 137 4300 137 4315 137 4315 137 4324 137 4307 137 4334 137 4324 137 4315 137 4324 137 4334 137 4341 137 4352 137 4341 137 4334 137 4341 137 4352 137 4362 137 4291 137 4269 137 4299 137 4278 5217 4287 5217 4272 5217 4401 137 4393 137 4410 137 4401 137 4410 137 4411 137 4269 137 4301 137 4299 137 4266 5218 4272 5218 4279 5218 4288 5219 4272 5219 4287 5219 4301 137 4269 137 4293 137 4293 137 4308 137 4301 137 4316 137 4308 137 4293 137 4316 137 4293 137 4325 137 4335 137 4316 137 4325 137 4316 137 4335 137 4342 137 4353 137 4342 137 4335 137 4363 137 4342 137 4353 137 4363 137 4353 137 4375 137 4375 137 4385 137 4363 137 4394 137 4385 137 4375 137 4394 137 4402 137 4385 137 4402 137 4394 137 4411 137 4325 137 4293 137 4317 137 4293 5220 4269 5220 4285 5220 4302 5221 4293 5221 4285 5221 4309 137 4293 137 4302 137 4285 5222 4269 5222 4273 5222 4285 5223 4273 5223 4280 5223 4285 5224 4280 5224 4296 5224 4305 5225 4285 5225 4296 5225 4280 5226 4273 5226 4267 5226 4280 5227 4267 5227 4279 5227 4279 5228 4295 5228 4280 5228 4288 5229 4279 5229 4272 5229 4279 5230 4267 5230 4266 5230 4303 5231 4288 5231 4287 5231 4303 5232 4304 5232 4288 5232 4288 5233 4304 5233 4295 5233 4309 137 4317 137 4293 137 4410 137 4402 137 4411 137 4394 137 4421 137 4411 137 4433 137 4411 137 4421 137 4411 137 4433 137 4403 137 4302 137 4318 137 4309 137 4318 137 4302 137 4326 137 4336 137 4326 137 4302 137 4302 137 4343 137 4336 137 4336 137 4343 137 4355 137 4355 137 4364 137 4336 137 4355 137 4376 137 4364 137 4364 137 4376 137 4386 137 4376 137 4395 137 4386 137 4403 137 4386 137 4395 137 4412 137 4386 137 4403 137 4412 137 4403 137 4422 137 4302 137 4354 137 4343 137 4346 137 4354 137 4302 137 4346 137 4302 137 4338 137 4395 137 4413 137 4403 137 4423 137 4403 137 4413 137 4423 137 4434 137 4403 137 4422 137 4403 137 4433 137 4302 137 4327 137 4338 137 4338 137 4327 137 4345 137 4295 5234 4304 5234 4310 5234 4295 5235 4296 5235 4280 5235 4295 5236 4311 5236 4296 5236 4312 5237 4296 5237 4311 5237 4310 5238 4311 5238 4295 5238 4320 5239 4304 5239 4303 5239 4321 5240 4304 5240 4320 5240 4358 137 4345 137 4327 137 4327 137 4368 137 4358 137 4358 137 4368 137 4380 137 4380 137 4389 137 4358 137 4434 137 4423 137 4442 137 4446 137 4434 137 4442 137 4446 137 4438 137 4434 137 4434 137 4438 137 4460 137 4434 137 4460 137 4467 137 4380 137 4399 137 4389 137 4399 137 4406 137 4389 137 4418 137 4406 137 4399 137 4418 137 4427 137 4406 137 4427 137 4418 137 4438 137 4319 5241 4327 5241 4302 5241 4327 5242 4319 5242 4337 5242 4337 5243 4344 5243 4327 5243 4357 137 4327 137 4344 137 4327 137 4357 137 4366 137 4319 5244 4302 5244 4305 5244 4305 5245 4312 5245 4319 5245 4312 5246 4331 5246 4319 5246 4330 5247 4312 5247 4311 5247 4312 5248 4305 5248 4296 5248 4311 5249 4310 5249 4329 5249 4321 5250 4310 5250 4304 5250 4310 5251 4321 5251 4328 5251 4285 5252 4305 5252 4302 5252 4327 137 4366 137 4368 137 4279 5253 4288 5253 4295 5253 4438 137 4446 137 4427 137 4357 137 4344 137 4367 137 4467 137 4460 137 4477 137 4464 137 4467 137 4477 137 4379 137 4367 137 4344 137 4344 137 4377 137 4379 137 4379 137 4377 137 4396 137 4379 137 4396 137 4404 137 4414 137 4404 137 4396 137 4424 137 4404 137 4414 137 4344 137 4365 137 4377 137 4330 5254 4331 5254 4312 5254 4349 5255 4331 5255 4330 5255 4350 5256 4331 5256 4349 5256 4350 5257 4337 5257 4331 5257 4350 5258 4359 5258 4337 5258 4337 5259 4359 5259 4356 5259 4414 137 4435 137 4424 137 4424 137 4435 137 4443 137 4329 5260 4310 5260 4328 5260 4329 5261 4330 5261 4311 5261 4329 5262 4348 5262 4330 5262 4328 5263 4347 5263 4329 5263 4435 137 4452 137 4443 137 4443 137 4452 137 4457 137 4365 137 4344 137 4356 137 4378 137 4365 137 4356 137 4452 137 4464 137 4457 137 4457 137 4464 137 4472 137 4387 137 4378 137 4356 137 4477 137 4472 137 4464 137 4356 5264 4344 5264 4337 5264 4356 5265 4359 5265 4372 5265 4372 5266 4388 5266 4356 5266 4372 5267 4359 5267 4350 5267 4319 5268 4331 5268 4337 5268 4356 137 4397 137 4387 137 4349 5269 4371 5269 4350 5269 4330 5270 4348 5270 4349 5270 4348 5271 4370 5271 4349 5271 4381 5272 4349 5272 4370 5272 4348 5273 4329 5273 4347 5273 4369 5274 4348 5274 4347 5274 4464 137 4452 137 4471 137 4471 137 4482 137 4464 137 4465 137 4464 137 4482 137 4405 137 4397 137 4356 137 4397 137 4405 137 4415 137 4425 137 4397 137 4415 137 4425 137 4415 137 4436 137 4444 137 4425 137 4436 137 4436 137 4453 137 4444 137 4444 137 4453 137 4458 137 4465 137 4458 137 4453 137 4473 137 4458 137 4465 137 4465 137 4483 137 4473 137 4416 137 4405 137 4356 137 4465 137 4482 137 4483 137 4465 137 4453 137 4474 137 4465 137 4474 137 4484 137 4465 137 4484 137 4492 137 4416 137 4356 137 4426 137 4356 137 4437 137 4426 137 4437 137 4445 137 4426 137 4381 5275 4371 5275 4349 5275 4381 5276 4391 5276 4371 5276 4392 5277 4371 5277 4391 5277 4371 5278 4392 5278 4372 5278 4372 5279 4350 5279 4371 5279 4372 5280 4392 5280 4400 5280 4398 5281 4372 5281 4400 5281 4370 5282 4348 5282 4369 5282 4391 5283 4381 5283 4390 5283 4390 5284 4407 5284 4391 5284 4420 5285 4391 5285 4407 5285 4420 5286 4408 5286 4391 5286 4392 5287 4391 5287 4408 5287 4408 5288 4409 5288 4392 5288 4390 5289 4381 5289 4370 5289 4409 5290 4400 5290 4392 5290 4417 5291 4400 5291 4409 5291 4454 137 4445 137 4437 137 4454 137 4459 137 4445 137 4400 5292 4417 5292 4398 5292 4398 5293 4388 5293 4372 5293 4466 137 4459 137 4454 137 4475 137 4459 137 4466 137 4475 137 4485 137 4459 137 4407 5294 4390 5294 4419 5294 4407 5295 4419 5295 4429 5295 4430 5296 4407 5296 4429 5296 4428 5297 4419 5297 4390 5297 4390 5298 4439 5298 4428 5298 4439 5299 4447 5299 4428 5299 4407 5300 4430 5300 4420 5300 4430 5301 4440 5301 4420 5301 4440 5302 4431 5302 4420 5302 4420 5303 4431 5303 4408 5303 4408 5304 4431 5304 4432 5304 4408 5305 4432 5305 4409 5305 4485 137 4475 137 4493 137 4485 137 4493 137 4502 137 4430 5306 4448 5306 4440 5306 4440 5307 4448 5307 4455 5307 4456 5308 4440 5308 4455 5308 4449 5309 4440 5309 4456 5309 4417 5310 4409 5310 4432 5310 4432 5311 4441 5311 4417 5311 4440 5312 4449 5312 4431 5312 4431 5313 4449 5313 4450 5313 4431 5314 4450 5314 4432 5314 4450 5315 4451 5315 4432 5315 4451 5316 4441 5316 4432 5316 4476 137 4466 137 4454 137 4486 137 4466 137 4476 137 4509 137 4502 137 4493 137 4516 137 4502 137 4509 137 4486 137 4476 137 4494 137 4509 137 4522 137 4516 137 4521 137 4516 137 4522 137 4476 137 4503 137 4494 137 4510 137 4494 137 4503 137 4463 5317 4451 5317 4450 5317 4461 5318 4449 5318 4456 5318 4449 5319 4461 5319 4462 5319 4450 5320 4449 5320 4462 5320 4450 5321 4462 5321 4469 5321 4450 5322 4469 5322 4470 5322 4450 5323 4470 5323 4463 5323 4456 5324 4455 5324 4468 5324 4470 5325 4469 5325 4491 5325 4500 5326 4491 5326 4469 5326 4469 5327 4462 5327 4481 5327 4481 5328 4490 5328 4469 5328 4468 5329 4461 5329 4456 5329 4468 5330 4455 5330 4478 5330 4487 5331 4478 5331 4455 5331 4468 5332 4478 5332 4488 5332 4488 5333 4489 5333 4468 5333 4489 5334 4480 5334 4468 5334 4461 5335 4479 5335 4462 5335 4468 5336 4480 5336 4461 5336 4455 5337 4495 5337 4487 5337 4487 5338 4495 5338 4504 5338 4510 137 4503 137 4517 137 4517 137 4523 137 4510 137 4510 137 4523 137 4529 137 4529 137 4534 137 4510 137 4500 5339 4469 5339 4490 5339 4490 5340 4507 5340 4500 5340 4506 5341 4507 5341 4490 5341 4499 5342 4490 5342 4481 5342 4462 5343 4479 5343 4481 5343 4497 5344 4481 5344 4479 5344 4497 5345 4505 5345 4481 5345 4480 5346 4489 5346 4498 5346 4498 5347 4496 5347 4480 5347 4479 5348 4480 5348 4496 5348 4480 5349 4479 5349 4461 5349 4534 137 4529 137 4541 137 4541 137 4545 137 4534 137 4523 137 4517 137 4528 137 4523 137 4528 137 4533 137 4528 137 4540 137 4533 137 4540 137 4544 137 4533 137 4552 137 4545 137 4541 137 4557 137 4545 137 4552 137 4499 5350 4506 5350 4490 5350 4514 5351 4506 5351 4499 5351 4520 5352 4506 5352 4514 5352 4481 5353 4505 5353 4499 5353 4513 5354 4499 5354 4505 5354 4505 5355 4497 5355 4513 5355 4551 137 4544 137 4540 137 4496 5356 4497 5356 4479 5356 4512 5357 4497 5357 4496 5357 4496 5358 4498 5358 4511 5358 4496 5359 4511 5359 4518 5359 4496 5360 4518 5360 4519 5360 4567 137 4557 137 4552 137 4567 137 4565 137 4557 137 4540 137 4556 137 4551 137 4566 137 4551 137 4556 137 4566 137 4572 137 4551 137 4565 137 4567 137 4543 137 4565 137 4543 137 4555 137 4513 5361 4497 5361 4512 5361 4512 5362 4524 5362 4513 5362 4513 5363 4514 5363 4499 5363 4524 5364 4527 5364 4513 5364 4513 5365 4527 5365 4514 5365 4526 5366 4514 5366 4527 5366 4496 5367 4519 5367 4512 5367 4525 5368 4512 5368 4519 5368 4519 5369 4531 5369 4525 5369 4537 5370 4525 5370 4531 5370 4525 5371 4537 5371 4535 5371 4535 5372 4524 5372 4525 5372 4519 5373 4530 5373 4531 5373 4530 5374 4519 5374 4518 5374 4535 5375 4536 5375 4524 5375 4525 5376 4524 5376 4512 5376 4524 5377 4536 5377 4527 5377 4536 5378 4538 5378 4527 5378 4538 5379 4526 5379 4527 5379 4526 5380 4520 5380 4514 5380 4542 5381 4526 5381 4538 5381 4573 137 4566 137 4556 137 4556 137 4583 137 4573 137 4592 137 4573 137 4583 137 4566 137 4582 137 4572 137 4542 137 4592 137 4583 137 4587 137 4592 137 4542 137 4582 137 4591 137 4572 137 4542 137 4578 137 4587 137 4596 137 4587 137 4578 137 4591 137 4582 137 4601 137 4601 137 4610 137 4591 137 4578 137 4604 137 4596 137 4604 137 4616 137 4596 137 4610 137 4601 137 4621 137 4628 137 4610 137 4621 137 4624 137 4616 137 4604 137 4634 137 4616 137 4624 137 4621 137 4638 137 4628 137 4638 137 4609 137 4628 137 4609 137 4620 137 4628 137 4578 137 4542 137 4570 137 4634 137 4624 137 4643 137 4643 137 4652 137 4634 137 4547 5382 4535 5382 4537 5382 4535 5383 4547 5383 4546 5383 4536 5384 4535 5384 4546 5384 4546 5385 4548 5385 4536 5385 4548 5386 4538 5386 4536 5386 4538 5387 4548 5387 4549 5387 4542 5388 4538 5388 4549 5388 4554 5389 4542 5389 4549 5389 4542 137 4554 137 4563 137 4643 137 4658 137 4652 137 4665 137 4652 137 4658 137 4652 137 4665 137 4672 137 4609 137 4600 137 4620 137 4563 137 4570 137 4542 137 4668 137 4672 137 4665 137 4665 137 4655 137 4668 137 4661 137 4668 137 4655 137 4647 137 4661 137 4655 137 4655 137 4609 137 4647 137 4609 137 4638 137 4647 137 4600 137 4609 137 4543 137 4543 137 4590 137 4600 137 4673 137 4665 137 4658 137 4665 137 4673 137 4678 137 4665 137 4678 137 4671 137 4671 137 4657 137 4665 137 4590 137 4543 137 4581 137 4581 137 4543 137 4567 137 4543 137 4550 137 4555 137 4569 137 4563 137 4554 137 4554 137 4577 137 4569 137 4586 137 4569 137 4577 137 4657 137 4671 137 4664 137 4664 137 4642 137 4657 137 4651 137 4657 137 4642 137 4657 137 4651 137 4663 137 4657 137 4663 137 4670 137 4677 137 4657 137 4670 137 4586 137 4577 137 4595 137 4586 137 4595 137 4603 137 4595 137 4615 137 4603 137 4615 137 4623 137 4603 137 4615 137 4633 137 4623 137 4623 137 4633 137 4642 137 4539 137 4550 137 4543 137 4547 5390 4537 5390 4553 5390 4547 5391 4558 5391 4546 5391 4547 5392 4553 5392 4561 5392 4560 5393 4553 5393 4537 5393 4633 137 4651 137 4642 137 4543 137 4515 137 4539 137 4532 137 4539 137 4515 137 4554 137 4585 137 4577 137 4522 137 4532 137 4515 137 4579 137 4585 137 4554 137 4554 5394 4549 5394 4564 5394 4571 5395 4554 5395 4564 5395 4522 137 4515 137 4521 137 4548 5396 4562 5396 4549 5396 4558 5397 4568 5397 4546 5397 4559 5398 4546 5398 4568 5398 4558 5399 4547 5399 4561 5399 4561 5400 4574 5400 4558 5400 4571 137 4579 137 4554 137 4579 137 4571 137 4588 137 4670 137 4682 137 4677 137 4674 137 4677 137 4682 137 4674 137 4683 137 4677 137 4588 137 4571 137 4597 137 4606 137 4588 137 4597 137 4515 137 4508 137 4521 137 4617 137 4606 137 4597 137 4617 137 4625 137 4606 137 4617 137 4635 137 4625 137 4635 137 4644 137 4625 137 4653 137 4644 137 4635 137 4644 137 4653 137 4659 137 4653 137 4666 137 4659 137 4666 137 4674 137 4659 137 4679 137 4683 137 4674 137 4679 137 4674 137 4666 137 4687 137 4683 137 4679 137 4689 137 4683 137 4687 137 4680 137 4683 137 4689 137 4597 137 4571 137 4605 137 4605 137 4571 137 4598 137 4564 5401 4580 5401 4571 5401 4589 5402 4571 5402 4580 5402 4598 137 4571 137 4589 137 4607 137 4598 137 4589 137 4562 5403 4548 5403 4559 5403 4562 5404 4564 5404 4549 5404 4575 5405 4564 5405 4562 5405 4562 5406 4559 5406 4575 5406 4559 5407 4548 5407 4546 5407 4559 5408 4568 5408 4576 5408 4618 137 4607 137 4589 137 4618 137 4626 137 4607 137 4618 137 4636 137 4626 137 4645 137 4626 137 4636 137 4654 137 4645 137 4636 137 4660 137 4645 137 4654 137 4660 137 4654 137 4667 137 4660 137 4667 137 4675 137 4667 137 4680 137 4675 137 4685 137 4675 137 4680 137 4680 137 4689 137 4685 137 4680 137 4667 137 4684 137 4684 137 4688 137 4680 137 4680 137 4688 137 4686 137 4669 137 4680 137 4686 137 4618 137 4589 137 4627 137 4637 137 4627 137 4589 137 4599 5409 4589 5409 4580 5409 4589 5410 4599 5410 4608 5410 4580 5411 4564 5411 4575 5411 4580 5412 4575 5412 4594 5412 4576 5413 4575 5413 4559 5413 4576 5414 4593 5414 4575 5414 4576 5415 4568 5415 4584 5415 4646 137 4637 137 4589 137 4589 137 4619 137 4646 137 4619 137 4650 137 4646 137 4641 137 4650 137 4619 137 4686 137 4681 137 4669 137 4676 137 4669 137 4681 137 4669 137 4676 137 4656 137 4656 137 4662 137 4669 137 4619 5416 4608 5416 4599 5416 4619 137 4631 137 4641 137 4631 137 4649 137 4641 137 4614 5417 4619 5417 4599 5417 4580 5418 4594 5418 4599 5418 4656 137 4649 137 4631 137 4593 5419 4594 5419 4575 5419 4593 5420 4613 5420 4594 5420 4613 5421 4622 5421 4594 5421 4622 5422 4614 5422 4594 5422 4614 5423 4599 5423 4594 5423 4622 5424 4632 5424 4614 5424 4640 5425 4614 5425 4632 5425 4640 5426 4631 5426 4614 5426 4631 137 4662 137 4656 137 4630 5427 4632 5427 4622 5427 4630 5428 4622 5428 4613 5428 4630 5429 4613 5429 4639 5429 4639 5430 4613 5430 4629 5430 4612 5431 4629 5431 4613 5431 4648 5432 4639 5432 4629 5432 4619 5433 4614 5433 4631 5433 4593 5434 4612 5434 4613 5434 4612 5435 4593 5435 4602 5435 4576 5436 4602 5436 4593 5436 4602 5437 4576 5437 4611 5437 4492 137 4484 137 4501 137 4492 137 4508 137 4515 137 4501 137 4508 137 4492 137 4690 5438 4691 5438 4692 5438 4692 5439 4693 5439 4690 5439 4694 5440 4695 5440 4696 5440 4695 5441 4694 5441 4697 5441 4698 5442 4699 5442 4700 5442 4701 5443 4700 5443 4699 5443 4702 5444 4701 5444 4699 5444 4703 5445 4702 5445 4699 5445 4704 5446 4702 5446 4703 5446 4704 5447 4703 5447 4705 5447 4705 5448 4703 5448 4706 5448 4706 5449 4703 5449 4707 5449 4707 5450 4703 5450 4708 5450 4709 5451 4708 5451 4703 5451 4709 5452 4703 5452 4711 5452 4711 5453 4714 5453 4709 5453 4709 5454 4714 5454 4718 5454 4709 5455 4718 5455 4719 5455 4719 5456 4715 5456 4709 5456 4712 5457 4709 5457 4715 5457 4712 5458 4710 5458 4709 5458 4711 5459 4703 5459 4713 5459 4716 5460 4711 5460 4713 5460 4717 5461 4711 5461 4716 5461 4718 5462 4725 5462 4719 5462 4721 5463 4719 5463 4725 5463 4728 5464 4725 5464 4718 5464 4725 137 4728 137 4735 137 4740 137 4725 137 4735 137 4740 137 4746 137 4725 137 4751 137 4725 137 4746 137 4725 137 4751 137 4757 137 4717 5465 4714 5465 4711 5465 4720 5466 4714 5466 4717 5466 4718 5467 4714 5467 4720 5467 4720 5468 4724 5468 4718 5468 4710 5469 4708 5469 4709 5469 4721 5470 4715 5470 4719 5470 4725 5471 4729 5471 4721 5471 4762 137 4757 137 4751 137 4757 137 4762 137 4767 137 4767 137 4771 137 4757 137 4717 5472 4716 5472 4722 5472 4726 5473 4722 5473 4716 5473 4726 5474 4716 5474 4731 5474 4731 5475 4716 5475 4736 5475 4722 5476 4726 5476 4730 5476 4722 5477 4730 5477 4732 5477 4732 5478 4723 5478 4722 5478 4717 5479 4722 5479 4723 5479 4720 5480 4717 5480 4723 5480 4723 5481 4727 5481 4720 5481 4720 5482 4727 5482 4724 5482 4727 5483 4734 5483 4724 5483 4728 5484 4724 5484 4734 5484 4728 5485 4718 5485 4724 5485 4734 5486 4738 5486 4728 5486 4739 137 4735 137 4728 137 4745 137 4739 137 4728 137 4730 5487 4741 5487 4732 5487 4741 5488 4747 5488 4732 5488 4732 5489 4733 5489 4723 5489 4723 5490 4733 5490 4727 5490 4733 5491 4737 5491 4727 5491 4727 5492 4737 5492 4734 5492 4744 5493 4734 5493 4737 5493 4732 5494 4742 5494 4733 5494 4745 137 4728 137 4750 137 4756 137 4745 137 4750 137 4744 5495 4738 5495 4734 5495 4737 5496 4749 5496 4744 5496 4744 5497 4749 5497 4738 5497 4738 5498 4749 5498 4755 5498 4733 5499 4743 5499 4737 5499 4742 5500 4748 5500 4733 5500 4750 137 4761 137 4756 137 4755 137 4761 137 4750 137 4761 137 4755 137 4770 137 4743 5501 4749 5501 4737 5501 4754 5502 4749 5502 4743 5502 4754 5503 4760 5503 4749 5503 4733 5504 4748 5504 4743 5504 4748 5505 4753 5505 4743 5505 4748 5506 4742 5506 4752 5506 4759 5507 4748 5507 4752 5507 4752 5508 4747 5508 4741 5508 4752 5509 4741 5509 4758 5509 4776 137 4770 137 4755 137 4776 137 4755 137 4769 137 4776 137 4769 137 4781 137 4749 5510 4760 5510 4755 5510 4766 5511 4755 5511 4760 5511 4765 5512 4760 5512 4754 5512 4753 5513 4754 5513 4743 5513 4754 5514 4753 5514 4764 5514 4781 137 4769 137 4788 137 4759 5515 4753 5515 4748 5515 4753 5516 4759 5516 4763 5516 4758 5517 4759 5517 4752 5517 4758 5518 4768 5518 4759 5518 4782 137 4788 137 4769 137 4782 137 4769 137 4771 137 4771 137 4777 137 4782 137 4766 5519 4760 5519 4765 5519 4774 5520 4766 5520 4765 5520 4775 5521 4766 5521 4774 5521 4766 5522 4775 5522 4769 5522 4765 5523 4754 5523 4764 5523 4763 5524 4764 5524 4753 5524 4773 5525 4764 5525 4763 5525 4773 5526 4779 5526 4764 5526 4779 5527 4774 5527 4764 5527 4763 5528 4759 5528 4768 5528 4772 5529 4763 5529 4768 5529 4772 5530 4778 5530 4763 5530 4783 5531 4763 5531 4778 5531 4763 5532 4783 5532 4789 5532 4769 5533 4775 5533 4780 5533 4755 5534 4766 5534 4769 5534 4787 5535 4769 5535 4780 5535 4774 5536 4786 5536 4775 5536 4774 5537 4765 5537 4764 5537 4779 5538 4785 5538 4774 5538 4773 5539 4784 5539 4779 5539 4790 5540 4779 5540 4784 5540 4786 5541 4774 5541 4785 5541 4771 137 4767 137 4777 137 4779 5542 4790 5542 4785 5542 4789 5543 4783 5543 4791 5543 4791 5544 4792 5544 4789 5544 4789 5545 4792 5545 4793 5545 4793 5546 4794 5546 4789 5546 4775 5547 4786 5547 4780 5547 4795 5548 4796 5548 4797 5548 4798 5549 4799 5549 4800 5549 4801 5550 4800 5550 4799 5550 4802 5551 4803 5551 4804 5551 4805 5552 4806 5552 4807 5552 4808 5553 4809 5553 4810 5553 4812 5554 4808 5554 4810 5554 4815 5555 4808 5555 4812 5555 4814 5556 4808 5556 4815 5556 4814 5557 4811 5557 4808 5557 4822 5558 4814 5558 4815 5558 4818 5559 4814 5559 4822 5559 4826 5560 4818 5560 4822 5560 4826 5561 4831 5561 4818 5561 4818 5562 4831 5562 4827 5562 4827 5563 4820 5563 4818 5563 4820 5564 4811 5564 4818 5564 4831 5565 4826 5565 4836 5565 4836 5566 4844 5566 4831 5566 4831 5567 4844 5567 4851 5567 4851 5568 4857 5568 4831 5568 4831 5569 4857 5569 4853 5569 4831 5570 4853 5570 4845 5570 4845 5571 4838 5571 4831 5571 4811 5572 4809 5572 4808 5572 4819 5573 4815 5573 4812 5573 4811 5574 4813 5574 4809 5574 4817 5575 4809 5575 4813 5575 4809 5576 4817 5576 4821 5576 4821 5577 4817 5577 4825 5577 4811 5578 4820 5578 4816 5578 4811 5579 4814 5579 4818 5579 4822 5580 4815 5580 4819 5580 4822 5581 4819 5581 4828 5581 4824 5582 4820 5582 4827 5582 4828 5583 4826 5583 4822 5583 4828 5584 4837 5584 4826 5584 4831 5585 4838 5585 4827 5585 4838 5586 4843 5586 4827 5586 4827 5587 4843 5587 4835 5587 4826 5588 4837 5588 4836 5588 4836 5589 4837 5589 4849 5589 4850 5590 4836 5590 4849 5590 4812 5591 4823 5591 4819 5591 4830 5592 4819 5592 4823 5592 4828 5593 4819 5593 4830 5593 4839 5594 4828 5594 4830 5594 4828 5595 4839 5595 4837 5595 4852 5596 4837 5596 4839 5596 4837 5597 4852 5597 4849 5597 4852 5598 4863 5598 4849 5598 4849 5599 4863 5599 4864 5599 4844 5600 4836 5600 4850 5600 4812 137 4829 137 4823 137 4829 137 4812 137 4832 137 4840 137 4832 137 4812 137 4840 137 4812 137 4846 137 4840 137 4846 137 4854 137 4854 137 4846 137 4858 137 4865 137 4858 137 4846 137 4865 137 4846 137 4870 137 4870 137 4876 137 4865 137 4823 137 4829 137 4833 137 4833 137 4841 137 4823 137 4841 137 4842 137 4823 137 4834 5601 4823 5601 4842 5601 4842 5602 4847 5602 4834 5602 4847 5603 4848 5603 4834 5603 4834 5604 4848 5604 4839 5604 4861 5605 4848 5605 4847 5605 4848 5606 4861 5606 4862 5606 4852 5607 4848 5607 4862 5607 4874 5608 4862 5608 4861 5608 4875 5609 4862 5609 4874 5609 4869 5610 4862 5610 4875 5610 4841 137 4855 137 4842 137 4869 5611 4863 5611 4852 5611 4875 5612 4881 5612 4869 5612 4881 5613 4864 5613 4869 5613 4855 137 4859 137 4842 137 4866 137 4842 137 4859 137 4847 5614 4842 5614 4856 5614 4830 5615 4823 5615 4834 5615 4830 5616 4834 5616 4839 5616 4847 5617 4856 5617 4861 5617 4856 5618 4868 5618 4861 5618 4868 5619 4874 5619 4861 5619 4868 5620 4880 5620 4874 5620 4886 5621 4874 5621 4880 5621 4869 5622 4852 5622 4862 5622 4852 5623 4839 5623 4848 5623 4874 5624 4886 5624 4875 5624 4860 5625 4856 5625 4842 5625 4856 5626 4860 5626 4867 5626 4856 5627 4867 5627 4873 5627 4868 5628 4856 5628 4873 5628 4880 5629 4868 5629 4873 5629 4880 5630 4873 5630 4885 5630 4880 5631 4885 5631 4890 5631 4849 5632 4864 5632 4850 5632 4886 5633 4880 5633 4890 5633 4881 5634 4875 5634 4886 5634 4886 5635 4891 5635 4881 5635 4864 5636 4863 5636 4869 5636 4871 137 4866 137 4859 137 4877 137 4866 137 4871 137 4883 137 4866 137 4877 137 4866 137 4883 137 4887 137 4872 5637 4867 5637 4860 5637 4872 5638 4878 5638 4867 5638 4867 5639 4878 5639 4873 5639 4884 5640 4873 5640 4878 5640 4884 5641 4888 5641 4873 5641 4888 5642 4893 5642 4873 5642 4893 5643 4889 5643 4873 5643 4885 5644 4873 5644 4889 5644 4885 5645 4889 5645 4894 5645 4885 5646 4894 5646 4895 5646 4885 5647 4895 5647 4890 5647 4895 5648 4897 5648 4890 5648 4897 5649 4899 5649 4890 5649 4900 5650 4890 5650 4899 5650 4891 5651 4886 5651 4896 5651 4891 5652 4896 5652 4898 5652 4811 5653 4816 5653 4813 5653 4892 137 4887 137 4883 137 4860 5654 4879 5654 4872 5654 4887 137 4892 137 4882 137 4882 137 4870 137 4887 137 4870 137 4882 137 4876 137 4835 5655 4824 5655 4827 5655 4816 5656 4820 5656 4824 5656 4901 5657 4902 5657 4903 5657 4904 5658 4905 5658 4906 5658 4907 5659 4908 5659 4909 5659 4910 5660 4909 5660 4908 5660 4911 5661 4912 5661 4913 5661 4914 5662 4911 5662 4913 5662 4913 5663 4915 5663 4914 5663 4916 5664 4917 5664 4918 5664 4919 5665 4920 5665 4921 5665 4922 5666 4923 5666 4924 5666 4925 5667 4926 5667 4927 5667 4926 5668 4928 5668 4927 5668 4928 5669 4926 5669 4929 5669 4930 5670 4931 5670 4932 5670 4933 5671 4934 5671 4935 5671 4936 2663 4937 2663 4938 2663 4937 5672 4936 5672 4939 5672 4936 2663 4940 2663 4939 2663 4936 5673 4941 5673 4940 5673 4942 5674 4943 5674 4944 5674 4944 5675 4945 5675 4942 5675 4945 5676 4946 5676 4942 5676 4942 5677 4946 5677 4947 5677 4942 5678 4947 5678 4948 5678 4949 5679 4950 5679 4951 5679 4952 5680 4953 5680 4954 5680 4955 5681 4956 5681 4957 5681 4957 5682 4956 5682 4958 5682 4959 5683 4957 5683 4958 5683 4960 5684 4961 5684 4962 5684 4963 5685 4964 5685 4965 5685 4966 5686 4965 5686 4964 5686 4966 5687 4964 5687 4967 5687 4967 5688 4969 5688 4966 5688 4971 5689 4966 5689 4969 5689 4971 5690 4974 5690 4966 5690 4971 5691 4978 5691 4974 5691 4966 5692 4974 5692 4979 5692 4982 5693 4979 5693 4974 5693 4987 5694 4979 5694 4982 5694 4981 5695 4974 5695 4978 5695 4967 5696 4964 5696 4968 5696 4967 5697 4970 5697 4969 5697 4970 5698 4967 5698 4968 5698 4969 5699 4970 5699 4973 5699 4975 5700 4969 5700 4973 5700 4975 5701 4971 5701 4969 5701 4975 5702 4980 5702 4971 5702 4973 5703 4970 5703 4977 5703 4968 5704 4972 5704 4970 5704 4972 5705 4976 5705 4970 5705 4980 5706 4978 5706 4971 5706 4980 5707 4985 5707 4978 5707 4978 5708 4985 5708 4986 5708 4973 5709 4977 5709 4975 5709 4984 5710 4975 5710 4977 5710 4984 5711 4983 5711 4975 5711 4980 5712 4975 5712 4983 5712 4988 5713 4984 5713 4977 5713 4984 5714 4988 5714 4992 5714 4992 5715 4998 5715 4984 5715 4984 5716 4991 5716 4983 5716 4983 5717 4991 5717 4985 5717 5004 5718 4998 5718 4992 5718 5006 5719 4998 5719 5004 5719 5006 5720 4996 5720 4998 5720 4998 5721 4996 5721 4991 5721 4991 5722 5007 5722 4998 5722 5011 5723 4996 5723 5006 5723 4997 5724 4992 5724 4988 5724 4992 5725 4997 5725 5002 5725 5003 5726 4997 5726 4988 5726 4996 5727 4985 5727 4991 5727 4985 5728 4980 5728 4983 5728 5011 5729 5006 5729 5017 5729 4993 5730 4986 5730 4985 5730 4995 5731 4986 5731 4993 5731 4995 5732 4990 5732 4986 5732 4990 5733 4981 5733 4986 5733 4981 5734 4978 5734 4986 5734 4981 5735 4990 5735 4989 5735 4989 5736 4982 5736 4981 5736 4981 5737 4982 5737 4974 5737 4982 5738 4989 5738 4994 5738 4999 5739 4994 5739 4989 5739 4993 5740 5001 5740 4995 5740 4995 5741 5001 5741 4990 5741 5000 5742 4990 5742 5001 5742 4993 5743 5008 5743 5001 5743 4989 5744 4990 5744 5000 5744 5005 5745 4989 5745 5000 5745 5005 5746 5000 5746 5010 5746 5016 5747 5005 5747 5010 5747 5005 5748 5016 5748 5021 5748 4989 5749 5005 5749 5009 5749 5010 5750 5022 5750 5016 5750 5009 5751 5005 5751 5015 5751 5020 5752 5015 5752 5005 5752 5022 5753 5027 5753 5016 5753 5000 5754 5008 5754 5010 5754 5010 5755 5008 5755 5014 5755 5030 5756 5027 5756 5022 5756 5027 5757 5030 5757 5034 5757 5014 5758 5022 5758 5010 5758 5022 5759 5014 5759 5029 5759 5008 5760 5000 5760 5001 5760 5008 5761 4993 5761 5014 5761 4993 5762 5019 5762 5014 5762 5014 5763 5019 5763 5026 5763 5019 5764 4993 5764 5025 5764 5029 5765 5030 5765 5022 5765 5033 5766 5030 5766 5029 5766 5030 5767 5033 5767 5032 5767 5032 5768 5035 5768 5030 5768 5031 5769 5033 5769 5029 5769 5017 5770 5031 5770 5029 5770 5028 5771 5031 5771 5017 5771 5017 5772 5018 5772 5028 5772 5018 5773 5024 5773 5028 5773 5033 5774 5028 5774 5024 5774 5031 5775 5028 5775 5033 5775 5018 5776 5017 5776 5006 5776 5018 5777 5006 5777 5013 5777 5033 5778 5024 5778 5032 5778 5023 5779 5032 5779 5024 5779 5024 5780 5018 5780 5013 5780 5013 5781 5006 5781 5004 5781 5012 5782 5013 5782 5004 5782 5013 5783 5012 5783 5023 5783 5004 5784 4992 5784 5002 5784 5023 5785 5024 5785 5013 5785 5004 5786 5002 5786 5012 5786 5036 5787 5037 5787 5038 5787 5039 5788 5040 5788 5041 5788 5041 5789 5042 5789 5039 5789 5042 5790 5044 5790 5039 5790 5048 5791 5039 5791 5044 5791 5048 5792 5044 5792 5053 5792 5053 5793 5058 5793 5048 5793 5042 5794 5041 5794 5043 5794 5046 5795 5042 5795 5043 5795 5046 5796 5047 5796 5042 5796 5042 5797 5047 5797 5044 5797 5052 5798 5044 5798 5047 5798 5058 5799 5053 5799 5062 5799 5062 5800 5068 5800 5058 5800 5044 5801 5052 5801 5053 5801 5052 5802 5061 5802 5053 5802 5045 5803 5043 5803 5041 5803 5049 5804 5043 5804 5045 5804 5049 5805 5054 5805 5043 5805 5043 5806 5054 5806 5060 5806 5051 5807 5046 5807 5043 5807 5047 5808 5046 5808 5051 5808 5053 5809 5061 5809 5062 5809 5072 5810 5068 5810 5062 5810 5062 5811 5061 5811 5070 5811 5051 5812 5052 5812 5047 5812 5052 5813 5051 5813 5061 5813 5051 5814 5067 5814 5061 5814 5061 5815 5067 5815 5071 5815 5060 5816 5054 5816 5064 5816 5059 5817 5054 5817 5049 5817 5054 5818 5059 5818 5063 5818 5054 5819 5063 5819 5069 5819 5069 5820 5074 5820 5054 5820 5067 5821 5054 5821 5074 5821 5045 5822 5055 5822 5049 5822 5045 5823 5041 5823 5050 5823 5057 5824 5045 5824 5050 5824 5041 5825 5056 5825 5050 5825 5059 5826 5049 5826 5055 5826 5066 5827 5059 5827 5055 5827 5059 5828 5066 5828 5063 5828 5066 5829 5073 5829 5063 5829 5055 5830 5045 5830 5057 5830 5057 5831 5065 5831 5055 5831 5069 5832 5063 5832 5073 5832 5069 5833 5073 5833 5074 5833 5073 5834 5079 5834 5074 5834 5074 5835 5079 5835 5084 5835 5074 5836 5084 5836 5080 5836 5065 5837 5066 5837 5055 5837 5065 5838 5075 5838 5066 5838 5075 5839 5073 5839 5066 5839 5079 5840 5073 5840 5075 5840 5075 5841 5083 5841 5079 5841 5074 5842 5080 5842 5067 5842 5067 5843 5080 5843 5082 5843 5082 5844 5078 5844 5067 5844 5076 5845 5067 5845 5078 5845 5071 5846 5067 5846 5076 5846 5071 5847 5076 5847 5070 5847 5081 5848 5076 5848 5078 5848 5078 5849 5085 5849 5081 5849 5081 5850 5085 5850 5088 5850 5085 5851 5092 5851 5088 5851 5071 5852 5070 5852 5061 5852 5076 5853 5081 5853 5070 5853 5084 5854 5079 5854 5086 5854 5084 5855 5086 5855 5090 5855 5090 5856 5086 5856 5094 5856 5090 5857 5094 5857 5096 5857 5086 5858 5079 5858 5089 5858 5086 5859 5089 5859 5093 5859 5082 5860 5080 5860 5084 5860 5082 5861 5085 5861 5078 5861 5082 5862 5087 5862 5085 5862 5085 5863 5087 5863 5091 5863 5085 5864 5091 5864 5095 5864 5084 5865 5087 5865 5082 5865 5062 5866 5070 5866 5072 5866 5072 5867 5070 5867 5077 5867 5097 5868 5098 5868 5099 5868 5100 5869 5101 5869 5102 5869 5100 5870 5102 5870 5103 5870 5104 5871 5105 5871 5106 5871 5106 5872 5107 5872 5104 5872 5107 5873 5106 5873 5108 5873 5109 5874 5110 5874 5111 5874 5112 5875 5113 5875 5114 5875 5115 5876 5114 5876 5113 5876 5115 5877 5113 5877 5116 5877 5116 5878 5118 5878 5115 5878 5120 5879 5115 5879 5118 5879 5120 5880 5123 5880 5115 5880 5120 5881 5127 5881 5123 5881 5115 5882 5123 5882 5128 5882 5123 5883 5131 5883 5128 5883 5127 5884 5130 5884 5123 5884 5116 5885 5113 5885 5117 5885 5116 5886 5119 5886 5118 5886 5119 5887 5116 5887 5117 5887 5118 5888 5119 5888 5122 5888 5124 5889 5118 5889 5122 5889 5124 5890 5120 5890 5118 5890 5124 5891 5129 5891 5120 5891 5122 5892 5119 5892 5126 5892 5117 5893 5121 5893 5119 5893 5121 5894 5125 5894 5119 5894 5129 5895 5127 5895 5120 5895 5129 5896 5134 5896 5127 5896 5135 5897 5127 5897 5134 5897 5122 5898 5126 5898 5124 5898 5133 5899 5124 5899 5126 5899 5133 5900 5132 5900 5124 5900 5129 5901 5124 5901 5132 5901 5136 5902 5133 5902 5126 5902 5133 5903 5136 5903 5139 5903 5139 5904 5145 5904 5133 5904 5133 5905 5138 5905 5132 5905 5132 5906 5138 5906 5134 5906 5151 5907 5145 5907 5139 5907 5153 5908 5145 5908 5151 5908 5153 5909 5143 5909 5145 5909 5145 5910 5143 5910 5138 5910 5138 5911 5154 5911 5145 5911 5158 5912 5143 5912 5153 5912 5144 5913 5139 5913 5136 5913 5139 5914 5144 5914 5149 5914 5150 5915 5144 5915 5136 5915 5143 5916 5134 5916 5138 5916 5134 5917 5129 5917 5132 5917 5158 5918 5153 5918 5163 5918 5135 5919 5134 5919 5140 5919 5142 5920 5135 5920 5140 5920 5142 5921 5137 5921 5135 5921 5137 5922 5130 5922 5135 5922 5127 5923 5135 5923 5130 5923 5130 5924 5137 5924 5141 5924 5141 5925 5147 5925 5130 5925 5130 5926 5131 5926 5123 5926 5140 5927 5148 5927 5142 5927 5142 5928 5148 5928 5137 5928 5146 5929 5137 5929 5148 5929 5140 5930 5155 5930 5148 5930 5141 5931 5137 5931 5146 5931 5152 5932 5141 5932 5146 5932 5141 5933 5152 5933 5156 5933 5155 5934 5140 5934 5161 5934 5155 5935 5161 5935 5157 5935 5155 5936 5146 5936 5148 5936 5146 5937 5155 5937 5157 5937 5167 5938 5157 5938 5161 5938 5157 5939 5167 5939 5162 5939 5162 5940 5152 5940 5157 5940 5167 5941 5161 5941 5177 5941 5167 5942 5177 5942 5178 5942 5178 5943 5173 5943 5167 5943 5140 5944 5165 5944 5161 5944 5165 5945 5170 5945 5161 5945 5162 5946 5167 5946 5173 5946 5172 5947 5162 5947 5173 5947 5162 5948 5172 5948 5166 5948 5173 5949 5178 5949 5182 5949 5152 5950 5146 5950 5157 5950 5166 5951 5152 5951 5162 5951 5171 5952 5152 5952 5166 5952 5165 5953 5176 5953 5170 5953 5177 5954 5170 5954 5176 5954 5175 5955 5176 5955 5165 5955 5176 5956 5175 5956 5181 5956 5181 5957 5177 5957 5176 5957 5177 5958 5161 5958 5170 5958 5165 5959 5164 5959 5175 5959 5164 5960 5169 5960 5175 5960 5164 5961 5165 5961 5153 5961 5164 5962 5153 5962 5160 5962 5178 5963 5177 5963 5181 5963 5181 5964 5186 5964 5178 5964 5187 5965 5178 5965 5186 5965 5186 5966 5188 5966 5187 5966 5181 5967 5175 5967 5169 5967 5181 5968 5169 5968 5180 5968 5169 5969 5164 5969 5160 5969 5168 5970 5169 5970 5160 5970 5168 5971 5180 5971 5169 5971 5180 5972 5168 5972 5184 5972 5168 5973 5185 5973 5184 5973 5160 5974 5153 5974 5151 5974 5159 5975 5160 5975 5151 5975 5151 5976 5139 5976 5149 5976 5160 5977 5159 5977 5168 5977 5174 5978 5168 5978 5159 5978 5159 5979 5179 5979 5174 5979 5151 5980 5149 5980 5159 5980 5179 5981 5159 5981 5183 5981 5189 5982 5190 5982 5191 5982 5192 5983 5193 5983 5194 5983 5195 5984 5196 5984 5197 5984 5197 5985 5198 5985 5195 5985 5199 5986 5195 5986 5198 5986 5199 5987 5200 5987 5195 5987 5200 5988 5202 5988 5195 5988 5195 5989 5202 5989 5205 5989 5200 5990 5199 5990 5201 5990 5201 5991 5199 5991 5203 5991 5206 5992 5203 5992 5199 5992 5207 5993 5203 5993 5206 5993 5199 5994 5210 5994 5206 5994 5206 5995 5210 5995 5216 5995 5220 5996 5216 5996 5210 5996 5210 5997 5225 5997 5220 5997 5206 5998 5216 5998 5215 5998 5215 5999 5216 5999 5223 5999 5223 6000 5219 6000 5215 6000 5219 6001 5207 6001 5215 6001 5219 6002 5223 6002 5229 6002 5224 6003 5219 6003 5229 6003 5233 6004 5224 6004 5229 6004 5224 6005 5233 6005 5236 6005 5206 6006 5215 6006 5207 6006 5236 6007 5233 6007 5241 6007 5224 6008 5207 6008 5219 6008 5201 6009 5203 6009 5207 6009 5211 6010 5201 6010 5207 6010 5209 6011 5201 6011 5211 6011 5209 6012 5204 6012 5201 6012 5204 6013 5200 6013 5201 6013 5200 6014 5204 6014 5208 6014 5208 6015 5213 6015 5200 6015 5208 6016 5218 6016 5213 6016 5211 6017 5214 6017 5209 6017 5211 6018 5221 6018 5214 6018 5221 6019 5212 6019 5214 6019 5212 6020 5204 6020 5214 6020 5209 6021 5214 6021 5204 6021 5221 6022 5211 6022 5228 6022 5222 6023 5221 6023 5228 6023 5208 6024 5217 6024 5218 6024 5208 6025 5204 6025 5212 6025 5217 6026 5226 6026 5218 6026 5211 6027 5232 6027 5228 6027 5228 6028 5232 6028 5235 6028 5231 6029 5228 6029 5235 6029 5212 6030 5221 6030 5222 6030 5233 6031 5229 6031 5237 6031 5217 6032 5212 6032 5222 6032 5243 6033 5233 6033 5237 6033 5249 6034 5233 6034 5243 6034 5249 6035 5232 6035 5233 6035 5232 6036 5249 6036 5245 6036 5245 6037 5240 6037 5232 6037 5254 6038 5249 6038 5243 6038 5228 6039 5231 6039 5222 6039 5222 6040 5231 6040 5227 6040 5229 6041 5242 6041 5237 6041 5242 6042 5229 6042 5247 6042 5252 6043 5242 6043 5247 6043 5247 6044 5256 6044 5252 6044 5232 6045 5240 6045 5235 6045 5249 6046 5254 6046 5245 6046 5248 6047 5237 6047 5242 6047 5237 6048 5248 6048 5250 6048 5242 6049 5253 6049 5248 6049 5246 6050 5245 6050 5254 6050 5240 6051 5245 6051 5246 6051 5235 6052 5238 6052 5231 6052 5240 6053 5246 6053 5235 6053 5257 6054 5250 6054 5248 6054 5250 6055 5243 6055 5237 6055 5243 6056 5250 6056 5255 6056 5250 6057 5257 6057 5258 6057 5248 6058 5259 6058 5257 6058 5246 6059 5254 6059 5251 6059 5238 6060 5246 6060 5251 6060 5255 6061 5254 6061 5243 6061 5246 6062 5238 6062 5235 6062 5258 6063 5255 6063 5250 6063 5251 6064 5244 6064 5238 6064 5260 6065 5255 6065 5258 6065 5234 6066 5238 6066 5244 6066 5255 6067 5251 6067 5254 6067 5238 6068 5234 6068 5231 6068 5231 6069 5234 6069 5227 6069 5217 6070 5208 6070 5212 6070 5227 6071 5217 6071 5222 6071 5217 6072 5227 6072 5230 6072 5234 6073 5239 6073 5227 6073 5230 6074 5226 6074 5217 6074 5261 6075 5262 6075 5263 6075 5264 6076 5261 6076 5263 6076 5265 6077 5266 6077 5267 6077 5268 6078 5269 6078 5270 6078 5271 6079 5272 6079 5273 6079 5274 6080 5275 6080 5276 6080 5276 6081 5277 6081 5274 6081 5277 6082 5278 6082 5274 6082 5279 6083 5274 6083 5278 6083 5280 1186 5281 1186 5282 1186 5281 6084 5283 6084 5282 6084 5284 6085 5285 6085 5286 6085 5287 6086 5288 6086 5289 6086 5290 6087 5291 6087 5292 6087 5293 6088 5292 6088 5291 6088 5294 6089 5295 6089 5296 6089 5295 6090 5294 6090 5297 6090 5296 6091 5298 6091 5294 6091 5296 6092 5299 6092 5298 6092 5299 6093 5300 6093 5298 6093 5299 6094 5301 6094 5300 6094 5302 6095 5303 6095 5304 6095 5305 6096 5304 6096 5303 6096 5305 6097 5306 6097 5304 6097 5306 6098 5307 6098 5304 6098 5308 6099 5307 6099 5306 6099 5307 6100 5308 6100 5309 6100 5310 6101 5311 6101 5312 6101 5313 6102 5312 6102 5311 6102 5314 6103 5315 6103 5316 6103 5317 6104 5316 6104 5315 6104 5317 6105 5315 6105 5318 6105 5318 6106 5315 6106 5319 6106 5320 6107 5321 6107 5322 6107 5323 6108 5324 6108 5325 6108 5326 6109 5327 6109 5328 6109 5329 6110 5330 6110 5331 6110 5329 6111 5331 6111 5332 6111 5333 6112 5334 6112 5335 6112 5336 6113 5337 6113 5338 6113 5337 6114 5339 6114 5338 6114 5340 6115 5341 6115 5342 6115 5340 6116 5343 6116 5341 6116 5344 6117 5345 6117 5346 6117 5347 6118 5348 6118 5349 6118 5350 6119 5351 6119 5352 6119 5353 6120 5354 6120 5355 6120 5356 6121 5357 6121 5358 6121 5359 6122 5360 6122 5361 6122 5359 6123 5361 6123 5362 6123 5363 6124 5364 6124 5365 6124 5366 6125 5367 6125 5368 6125 5369 6126 5370 6126 5371 6126 5372 6127 5373 6127 5374 6127 5375 6128 5376 6128 5377 6128 5378 6129 5379 6129 5380 6129 5381 6130 5382 6130 5383 6130 5384 6131 5385 6131 5386 6131 5384 6132 5386 6132 5387 6132 5388 6133 5389 6133 5390 6133 5390 6134 5391 6134 5388 6134 5390 6135 5392 6135 5391 6135 5393 6136 5394 6136 5395 6136 5396 6137 5397 6137 5398 6137 5399 6138 5400 6138 5401 6138 5402 6139 5403 6139 5404 6139 5404 6140 5405 6140 5402 6140 5406 6141 5405 6141 5404 6141 5407 6142 5408 6142 5409 6142 5410 6143 5411 6143 5412 6143 5413 6144 5414 6144 5415 6144 5415 6145 5416 6145 5413 6145 5417 6146 5418 6146 5419 6146 5420 6147 5421 6147 5422 6147 5423 6148 5420 6148 5422 6148 5422 6149 5424 6149 5423 6149 5425 6150 5426 6150 5427 6150 5428 6151 5427 6151 5426 6151 5427 6152 5428 6152 5429 6152 5430 6153 5431 6153 5432 6153 5433 6154 5434 6154 5435 6154 5436 6155 5437 6155 5438 6155 5439 6156 5440 6156 5441 6156 5439 6157 5441 6157 5443 6157 5445 6157 5439 6157 5443 6157 5443 6158 5447 6158 5445 6158 5449 6158 5445 6158 5447 6158 5442 6156 5441 6156 5440 6156 5440 6159 5444 6159 5442 6159 5442 6159 5444 6159 5446 6159 5451 6160 5449 6160 5447 6160 5453 6161 5449 6161 5451 6161 5444 6162 5448 6162 5446 6162 5450 6163 5446 6163 5448 6163 5455 6164 5453 6164 5451 6164 5450 6165 5448 6165 5452 6165 5451 6166 5457 6166 5455 6166 5459 6167 5455 6167 5457 6167 5448 6168 5454 6168 5452 6168 5456 6169 5452 6169 5454 6169 5461 6170 5459 6170 5457 6170 5463 6171 5459 6171 5461 6171 5454 6172 5458 6172 5456 6172 5456 6173 5458 6173 5460 6173 5461 6174 5465 6174 5463 6174 5467 6175 5463 6175 5465 6175 5458 6176 5462 6176 5460 6176 5464 6177 5460 6177 5462 6177 5469 6178 5467 6178 5465 6178 5471 6179 5467 6179 5469 6179 5462 6180 5466 6180 5464 6180 5464 6181 5466 6181 5468 6181 5469 6182 5473 6182 5471 6182 5475 6183 5471 6183 5473 6183 5466 6184 5470 6184 5468 6184 5472 6185 5468 6185 5470 6185 5477 6186 5475 6186 5473 6186 5479 6187 5475 6187 5477 6187 5470 6188 5474 6188 5472 6188 5472 6189 5474 6189 5476 6189 5477 6190 5481 6190 5479 6190 5483 6191 5479 6191 5481 6191 5485 6192 5479 6192 5483 6192 5474 6193 5478 6193 5476 6193 5478 6194 5480 6194 5476 6194 5482 6195 5476 6195 5480 6195 5483 6196 5487 6196 5485 6196 5489 6197 5485 6197 5487 6197 5480 6198 5484 6198 5482 6198 5482 6199 5484 6199 5486 6199 5491 6200 5489 6200 5487 6200 5488 6201 5486 6201 5484 6201 5493 6202 5491 6202 5487 6202 5493 6203 5495 6203 5491 6203 5497 6204 5491 6204 5495 6204 5484 6205 5490 6205 5488 6205 5490 6206 5492 6206 5488 6206 5488 6207 5492 6207 5494 6207 5499 6208 5497 6208 5495 6208 5501 6208 5497 6208 5499 6208 5492 6209 5496 6209 5494 6209 5498 6209 5494 6209 5496 6209 5499 6210 5502 6210 5501 6210 5500 6210 5501 6210 5502 6210 5500 6211 5502 6211 5498 6211 5496 6211 5500 6211 5498 6211 5503 6212 5504 6212 5505 6212 5504 6213 5506 6213 5505 6213 5505 6214 5507 6214 5503 6214 5506 6213 5508 6213 5505 6213 5509 6215 5503 6215 5507 6215 5510 6216 5508 6216 5506 6216 5511 6217 5509 6217 5507 6217 5510 6218 5506 6218 5512 6218 5513 6219 5509 6219 5511 6219 5510 6220 5512 6220 5514 6220 5511 6219 5515 6219 5513 6219 5516 6221 5510 6221 5514 6221 5515 6222 5517 6222 5513 6222 5514 6223 5518 6223 5516 6223 5519 6224 5517 6224 5515 6224 5518 6223 5514 6223 5520 6223 5521 6225 5517 6225 5519 6225 5518 6226 5520 6226 5522 6226 5521 6227 5519 6227 5523 6227 5518 6228 5522 6228 5524 6228 5523 6229 5525 6229 5521 6229 5526 6230 5524 6230 5522 6230 5521 6229 5525 6229 5527 6229 5522 6230 5528 6230 5526 6230 5527 6231 5525 6231 5529 6231 5526 6232 5528 6232 5530 6232 5525 6233 5531 6233 5529 6233 5528 6234 5532 6234 5530 6234 5529 6235 5531 6235 5533 6235 5534 6236 5530 6236 5532 6236 5531 6235 5534 6235 5533 6235 5532 6237 5533 6237 5534 6237 5535 6238 5536 6238 5537 6238 5536 6239 5535 6239 5538 6239 5539 6240 5535 6240 5537 6240 5538 6241 5540 6241 5536 6241 5535 6240 5539 6240 5541 6240 5540 6242 5538 6242 5542 6242 5541 6243 5539 6243 5543 6243 5544 6244 5540 6244 5542 6244 5543 6243 5539 6243 5545 6243 5544 6244 5542 6244 5546 6244 5543 6245 5545 6245 5547 6245 5544 6246 5546 6246 5548 6246 5549 6247 5543 6247 5547 6247 5548 6246 5550 6246 5544 6246 5551 6248 5549 6248 5547 6248 5550 6249 5548 6249 5552 6249 5551 6250 5547 6250 5553 6250 5552 6251 5548 6251 5554 6251 5553 6252 5555 6252 5551 6252 5554 6253 5556 6253 5552 6253 5551 6254 5555 6254 5557 6254 5554 6255 5558 6255 5556 6255 5555 6256 5559 6256 5557 6256 5560 6257 5556 6257 5558 6257 5555 6258 5561 6258 5559 6258 5560 6259 5558 6259 5562 6259 5561 6260 5563 6260 5559 6260 5560 6261 5562 6261 5564 6261 5563 6262 5565 6262 5559 6262 5566 6263 5560 6263 5564 6263 5563 6264 5567 6264 5565 6264 5568 6265 5566 6265 5564 6265 5563 6266 5568 6266 5567 6266 5567 6265 5568 6265 5564 6265 5569 6267 5570 6267 5571 6267 5570 6268 5572 6268 5571 6268 5573 6269 5569 6269 5571 6269 5574 6270 5572 6270 5570 6270 5573 6241 5571 6241 5575 6241 5574 6271 5570 6271 5576 6271 5577 6272 5573 6272 5575 6272 5574 6273 5576 6273 5578 6273 5579 6272 5577 6272 5575 6272 5574 6273 5578 6273 5580 6273 5579 6274 5581 6274 5577 6274 5580 6275 5578 6275 5582 6275 5581 6276 5583 6276 5577 6276 5582 6277 5578 6277 5584 6277 5585 6278 5583 6278 5581 6278 5582 6279 5584 6279 5586 6279 5581 6280 5587 6280 5585 6280 5588 6281 5582 6281 5586 6281 5589 6282 5585 6282 5587 6282 5588 6283 5586 6283 5590 6283 5587 6284 5591 6284 5589 6284 5590 6285 5586 6285 5592 6285 5593 6286 5589 6286 5591 6286 5590 6287 5592 6287 5594 6287 5591 6288 5595 6288 5593 6288 5590 6289 5594 6289 5596 6289 5595 6263 5597 6263 5593 6263 5598 6290 5596 6290 5594 6290 5599 6261 5593 6261 5597 6261 5594 6291 5600 6291 5598 6291 5597 6292 5601 6292 5599 6292 5600 6293 5602 6293 5598 6293 5602 6292 5601 6292 5597 6292 5601 6293 5602 6293 5600 6293 5603 6294 5604 6294 5605 6294 5604 6295 5603 6295 5606 6295 5607 6296 5603 6296 5605 6296 5606 6297 5608 6297 5604 6297 5609 6296 5603 6296 5607 6296 5604 6298 5608 6298 5610 6298 5607 6299 5611 6299 5609 6299 5610 6300 5608 6300 5612 6300 5607 6301 5613 6301 5611 6301 5614 6302 5612 6302 5608 6302 5613 6303 5615 6303 5611 6303 5614 6304 5616 6304 5612 6304 5615 6305 5617 6305 5611 6305 5616 6306 5614 6306 5618 6306 5619 6307 5617 6307 5615 6307 5620 6308 5616 6308 5618 6308 5615 6307 5621 6307 5619 6307 5622 6309 5620 6309 5618 6309 5623 6310 5619 6310 5621 6310 5620 6276 5622 6276 5624 6276 5621 6311 5625 6311 5623 6311 5626 6312 5620 6312 5624 6312 5623 6313 5625 6313 5627 6313 5626 6278 5624 6278 5628 6278 5625 6314 5629 6314 5627 6314 5624 6278 5630 6278 5628 6278 5629 6315 5631 6315 5627 6315 5630 6316 5632 6316 5628 6316 5631 6315 5633 6315 5627 6315 5634 6282 5632 6282 5630 6282 5631 6288 5634 6288 5633 6288 5632 6286 5634 6286 5631 6286 5635 6304 5636 6304 5637 6304 5638 6317 5637 6317 5636 6317 5635 6306 5637 6306 5639 6306 5636 6318 5640 6318 5638 6318 5635 6300 5639 6300 5641 6300 5638 6319 5640 6319 5642 6319 5641 6302 5639 6302 5643 6302 5640 6320 5644 6320 5642 6320 5643 6298 5645 6298 5641 6298 5642 6278 5644 6278 5646 6278 5645 6321 5647 6321 5641 6321 5646 6278 5644 6278 5648 6278 5647 6322 5645 6322 5649 6322 5650 6316 5646 6316 5648 6316 5649 6323 5645 6323 5651 6323 5646 6324 5650 6324 5652 6324 5651 6325 5653 6325 5649 6325 5654 6326 5652 6326 5650 6326 5653 6327 5655 6327 5649 6327 5656 6326 5654 6326 5650 6326 5657 6328 5655 6328 5653 6328 5658 6329 5654 6329 5656 6329 5657 6330 5653 6330 5659 6330 5660 6331 5658 6331 5656 6331 5659 6332 5661 6332 5657 6332 5662 6333 5658 6333 5660 6333 5659 6334 5663 6334 5661 6334 5664 6333 5662 6333 5660 6333 5665 6335 5661 6335 5663 6335 5666 6336 5662 6336 5664 6336 5665 6335 5667 6335 5661 6335 5666 6336 5664 6336 5668 6336 5668 6337 5667 6337 5665 6337 5665 6338 5666 6338 5668 6338 5669 6219 5670 6219 5671 6219 5670 6219 5669 6219 5672 6219 5669 6215 5671 6215 5673 6215 5674 6224 5670 6224 5672 6224 5673 6339 5671 6339 5675 6339 5676 6224 5674 6224 5672 6224 5673 6340 5675 6340 5677 6340 5674 6227 5676 6227 5678 6227 5677 6214 5675 6214 5679 6214 5674 6341 5678 6341 5680 6341 5679 6213 5681 6213 5677 6213 5680 6342 5678 6342 5682 6342 5683 6213 5681 6213 5679 6213 5684 6229 5682 6229 5678 6229 5683 6343 5685 6343 5681 6343 5684 6231 5686 6231 5682 6231 5685 6344 5687 6344 5681 6344 5684 6231 5688 6231 5686 6231 5685 6345 5689 6345 5687 6345 5690 6346 5686 6346 5688 6346 5691 6347 5687 6347 5689 6347 5692 6235 5690 6235 5688 6235 5689 6221 5693 6221 5691 6221 5694 6236 5690 6236 5692 6236 5689 6348 5695 6348 5693 6348 5696 6349 5694 6349 5692 6349 5693 6350 5695 6350 5697 6350 5698 6351 5694 6351 5696 6351 5697 6223 5699 6223 5693 6223 5700 6234 5698 6234 5696 6234 5701 6226 5699 6226 5697 6226 5698 6230 5700 6230 5701 6230 5697 6226 5702 6226 5701 6226 5701 6352 5702 6352 5698 6352 5703 6274 5704 6274 5705 6274 5706 6272 5704 6272 5703 6272 5707 6274 5703 6274 5705 6274 5704 6272 5706 6272 5708 6272 5709 6353 5707 6353 5705 6353 5708 6242 5706 6242 5710 6242 5705 6278 5711 6278 5709 6278 5710 6354 5706 6354 5712 6354 5709 6282 5711 6282 5713 6282 5710 6355 5712 6355 5714 6355 5713 6324 5711 6324 5715 6324 5714 6356 5712 6356 5716 6356 5713 6288 5715 6288 5717 6288 5714 6273 5716 6273 5718 6273 5717 6357 5719 6357 5713 6357 5718 6273 5716 6273 5720 6273 5717 6261 5721 6261 5719 6261 5720 6275 5722 6275 5718 6275 5723 6263 5719 6263 5721 6263 5722 6275 5720 6275 5724 6275 5725 6265 5723 6265 5721 6265 5724 6358 5726 6358 5722 6358 5725 6265 5721 6265 5727 6265 5726 6279 5728 6279 5722 6279 5727 6359 5729 6359 5725 6359 5726 6283 5730 6283 5728 6283 5725 6359 5729 6359 5731 6359 5732 6360 5728 6360 5730 6360 5729 6290 5733 6290 5731 6290 5734 6289 5732 6289 5730 6289 5734 6291 5733 6291 5729 6291 5734 6361 5730 6361 5733 6361 5735 6362 5736 6362 5737 6362 5737 6363 5736 6363 5738 6363 5737 6238 5739 6238 5735 6238 5738 6240 5736 6240 5740 6240 5739 6364 5741 6364 5735 6364 5742 6243 5738 6243 5740 6243 5743 6365 5741 6365 5739 6365 5738 6243 5742 6243 5744 6243 5743 6366 5745 6366 5741 6366 5746 6367 5744 6367 5742 6367 5745 6368 5743 6368 5747 6368 5742 6296 5748 6296 5746 6296 5747 6369 5749 6369 5745 6369 5748 6299 5750 6299 5746 6299 5751 6369 5749 6369 5747 6369 5746 6299 5750 6299 5752 6299 5749 6370 5751 6370 5753 6370 5750 6252 5754 6252 5752 6252 5753 6370 5751 6370 5755 6370 5754 6254 5750 6254 5756 6254 5757 6371 5753 6371 5755 6371 5756 6258 5758 6258 5754 6258 5759 6372 5753 6372 5757 6372 5758 6258 5760 6258 5754 6258 5761 6373 5759 6373 5757 6373 5760 6374 5758 6374 5762 6374 5763 6373 5761 6373 5757 6373 5758 6375 5764 6375 5762 6375 5763 6326 5765 6326 5761 6326 5766 6376 5762 6376 5764 6376 5767 6377 5765 6377 5763 6377 5764 6378 5768 6378 5766 6378 5768 6379 5765 6379 5767 6379 5768 6379 5767 6379 5766 6379 5769 6380 5770 6380 5771 6380 5770 6381 5769 6381 5772 6381 5769 6382 5771 6382 5773 6382 5772 6304 5774 6304 5770 6304 5773 6383 5771 6383 5775 6383 5776 6384 5774 6384 5772 6384 5775 6323 5777 6323 5773 6323 5774 6308 5776 6308 5778 6308 5779 6323 5773 6323 5777 6323 5780 6309 5774 6309 5778 6309 5777 6385 5781 6385 5779 6385 5780 6312 5778 6312 5782 6312 5781 6386 5777 6386 5783 6386 5782 6312 5778 6312 5784 6312 5785 6387 5781 6387 5783 6387 5784 6280 5786 6280 5782 6280 5787 6387 5781 6387 5785 6387 5786 6278 5788 6278 5782 6278 5785 6335 5789 6335 5787 6335 5788 6316 5786 6316 5790 6316 5785 6388 5791 6388 5789 6388 5790 6316 5786 6316 5792 6316 5791 6389 5793 6389 5789 6389 5792 6288 5794 6288 5790 6288 5793 6389 5795 6389 5789 6389 5792 6357 5796 6357 5794 6357 5795 6390 5793 6390 5797 6390 5798 6315 5794 6315 5796 6315 5793 6391 5799 6391 5797 6391 5800 6315 5798 6315 5796 6315 5799 6392 5800 6392 5797 6392 5799 6314 5798 6314 5800 6314 5801 6393 5802 6393 5803 6393 5804 6394 5803 6394 5802 6394 5803 6212 5805 6212 5801 6212 5806 6298 5803 6298 5804 6298 5805 6395 5807 6395 5801 6395 5804 6396 5808 6396 5806 6396 5809 6397 5807 6397 5805 6397 5804 6396 5810 6396 5808 6396 5811 6398 5807 6398 5809 6398 5810 6281 5812 6281 5808 6281 5811 6366 5809 6366 5813 6366 5814 6399 5808 6399 5812 6399 5813 6320 5815 6320 5811 6320 5812 6400 5816 6400 5814 6400 5815 6320 5817 6320 5811 6320 5816 6401 5818 6401 5814 6401 5815 6280 5819 6280 5817 6280 5818 6402 5816 6402 5820 6402 5821 6403 5819 6403 5815 6403 5820 6404 5816 6404 5822 6404 5819 6324 5821 6324 5823 6324 5820 6289 5822 6289 5824 6289 5821 6282 5825 6282 5823 6282 5820 6289 5824 6289 5826 6289 5827 6326 5823 6326 5825 6326 5828 6307 5826 6307 5824 6307 5829 6326 5827 6326 5825 6326 5824 6307 5830 6307 5828 6307 5827 6379 5829 6379 5831 6379 5832 6405 5828 6405 5830 6405 5827 6379 5831 6379 5833 6379 5830 6351 5834 6351 5832 6351 5834 6406 5833 6406 5831 6406 5834 6407 5831 6407 5832 6407 5835 6356 5836 6356 5837 6356 5838 6408 5837 6408 5836 6408 5837 6409 5839 6409 5835 6409 5838 6408 5840 6408 5837 6408 5839 6410 5841 6410 5835 6410 5840 6243 5838 6243 5842 6243 5839 6304 5843 6304 5841 6304 5838 6243 5844 6243 5842 6243 5845 6411 5841 6411 5843 6411 5844 6245 5846 6245 5842 6245 5847 6411 5845 6411 5843 6411 5842 6247 5846 6247 5848 6247 5849 6312 5845 6312 5847 6312 5846 6248 5850 6248 5848 6248 5849 6312 5851 6312 5845 6312 5850 6250 5852 6250 5848 6250 5851 6249 5849 6249 5853 6249 5850 6252 5854 6252 5852 6252 5853 6251 5849 6251 5855 6251 5852 6254 5854 6254 5856 6254 5857 6253 5853 6253 5855 6253 5856 6291 5854 6291 5858 6291 5857 6255 5855 6255 5859 6255 5854 6290 5860 6290 5858 6290 5861 6288 5857 6288 5859 6288 5862 6359 5858 6359 5860 6359 5863 6357 5861 6357 5859 6357 5860 6359 5864 6359 5862 6359 5865 6412 5861 6412 5863 6412 5862 6333 5864 6333 5865 6333 5866 6235 5861 6235 5865 6235 5864 6333 5866 6333 5865 6333 5867 6300 5868 6300 5869 6300 5870 6413 5869 6413 5868 6413 5867 6414 5869 6414 5871 6414 5868 6415 5872 6415 5870 6415 5869 6217 5873 6217 5871 6217 5872 6415 5874 6415 5870 6415 5873 6272 5875 6272 5871 6272 5874 6416 5872 6416 5876 6416 5875 6272 5877 6272 5871 6272 5876 6416 5872 6416 5878 6416 5879 6417 5877 6417 5875 6417 5876 6323 5878 6323 5880 6323 5879 6418 5881 6418 5877 6418 5878 6419 5882 6419 5880 6419 5883 6371 5881 6371 5879 6371 5882 6281 5884 6281 5880 6281 5879 6420 5885 6420 5883 6420 5884 6421 5886 6421 5880 6421 5883 6422 5885 6422 5887 6422 5888 6360 5886 6360 5884 6360 5885 6422 5889 6422 5887 6422 5884 6360 5890 6360 5888 6360 5887 6423 5889 6423 5891 6423 5892 6424 5888 6424 5890 6424 5891 6425 5889 6425 5893 6425 5894 6335 5888 6335 5892 6335 5895 6261 5891 6261 5893 6261 5896 6426 5894 6426 5892 6426 5891 6427 5895 6427 5897 6427 5892 6337 5898 6337 5896 6337 5897 6237 5895 6237 5899 6237 5898 6336 5900 6336 5896 6336 5895 6349 5900 6349 5899 6349 5898 6311 5899 6311 5900 6311 5901 6298 5902 6298 5903 6298 5904 6428 5903 6428 5902 6428 5903 6298 5905 6298 5901 6298 5904 6428 5902 6428 5906 6428 5901 6302 5905 6302 5907 6302 5904 6367 5906 6367 5908 6367 5901 6429 5907 6429 5909 6429 5908 6296 5910 6296 5904 6296 5909 6410 5907 6410 5911 6410 5910 6299 5908 6299 5912 6299 5911 6304 5907 6304 5913 6304 5910 6299 5912 6299 5914 6299 5913 6430 5915 6430 5911 6430 5914 6305 5912 6305 5916 6305 5915 6430 5917 6430 5911 6430 5912 6431 5918 6431 5916 6431 5917 6432 5915 6432 5919 6432 5916 6426 5918 6426 5920 6426 5921 6432 5917 6432 5919 6432 5920 6307 5918 6307 5922 6307 5923 6274 5921 6274 5919 6274 5922 6310 5924 6310 5920 6310 5923 6274 5925 6274 5921 6274 5924 6311 5926 6311 5920 6311 5927 6280 5925 6280 5923 6280 5926 6313 5924 6313 5928 6313 5923 6278 5929 6278 5927 6278 5930 6314 5928 6314 5924 6314 5929 6316 5931 6316 5927 6316 5932 6315 5928 6315 5930 6315 5929 6316 5933 6316 5931 6316 5934 6433 5928 6433 5932 6433 5933 6288 5934 6288 5931 6288 5934 6357 5932 6357 5931 6357 5935 6298 5936 6298 5937 6298 5937 6302 5936 6302 5938 6302 5935 6321 5937 6321 5939 6321 5937 6300 5938 6300 5940 6300 5939 6322 5941 6322 5935 6322 5938 6414 5942 6414 5940 6414 5943 6323 5941 6323 5939 6323 5942 6215 5938 6215 5944 6215 5941 6279 5943 6279 5945 6279 5944 6272 5946 6272 5942 6272 5941 6279 5945 6279 5947 6279 5946 6434 5948 6434 5942 6434 5947 6435 5945 6435 5949 6435 5948 6436 5946 6436 5950 6436 5951 6360 5947 6360 5949 6360 5948 6417 5950 6417 5952 6417 5951 6335 5949 6335 5953 6335 5954 6372 5952 6372 5950 6372 5949 6335 5955 6335 5953 6335 5950 6372 5956 6372 5954 6372 5955 6307 5957 6307 5953 6307 5956 6373 5958 6373 5954 6373 5955 6307 5959 6307 5957 6307 5956 6422 5960 6422 5958 6422 5961 6311 5957 6311 5959 6311 5958 6425 5960 6425 5962 6425 5959 6437 5963 6437 5961 6437 5964 6425 5958 6425 5962 6425 5961 6438 5963 6438 5965 6438 5962 6263 5965 6263 5964 6263 5963 6349 5966 6349 5965 6349 5966 6263 5964 6263 5965 6263 5967 6439 5968 6439 5969 6439 5968 6440 5970 6440 5969 6440 5969 6219 5971 6219 5967 6219 5972 6441 5970 6441 5968 6441 5967 6219 5971 6219 5973 6219 5972 6442 5968 6442 5974 6442 5975 6274 5973 6274 5971 6274 5972 6443 5974 6443 5976 6443 5977 6276 5973 6276 5975 6276 5976 6409 5974 6409 5978 6409 5979 6251 5977 6251 5975 6251 5976 6273 5978 6273 5980 6273 5975 6444 5981 6444 5979 6444 5980 6273 5978 6273 5982 6273 5983 6253 5979 6253 5981 6253 5984 6445 5980 6445 5982 6445 5983 6446 5981 6446 5985 6446 5982 6447 5986 6447 5984 6447 5985 6288 5987 6288 5983 6288 5988 6247 5984 6247 5986 6247 5987 6288 5989 6288 5983 6288 5988 6448 5990 6448 5984 6448 5989 6412 5987 6412 5991 6412 5988 6248 5992 6248 5990 6248 5993 6412 5989 6412 5991 6412 5994 6449 5990 6449 5992 6449 5995 6333 5993 6333 5991 6333 5992 6252 5996 6252 5994 6252 5997 6333 5995 6333 5991 6333 5992 6252 5998 6252 5996 6252 5995 6359 5997 6359 5999 6359 5996 6291 5998 6291 5999 6291 5995 6359 5999 6359 6000 6359 5998 6291 6000 6291 5999 6291 6001 6393 6002 6393 6003 6393 6002 6213 6004 6213 6003 6213 6005 6214 6001 6214 6003 6214 6006 6450 6003 6450 6004 6450 6005 6242 6007 6242 6001 6242 6004 6447 6008 6447 6006 6447 6007 6269 6005 6269 6009 6269 6004 6243 6010 6243 6008 6243 6009 6272 6011 6272 6007 6272 6012 6247 6008 6247 6010 6247 6011 6244 6009 6244 6013 6244 6014 6247 6008 6247 6012 6247 6011 6276 6013 6276 6015 6276 6014 6451 6012 6451 6016 6451 6017 6312 6011 6312 6015 6312 6012 6248 6018 6248 6016 6248 6019 6278 6017 6278 6015 6278 6020 6452 6016 6452 6018 6452 6021 6278 6019 6278 6015 6278 6020 6252 6022 6252 6016 6252 6021 6316 6023 6316 6019 6316 6020 6453 6024 6453 6022 6453 6021 6282 6025 6282 6023 6282 6026 6454 6024 6454 6020 6454 6025 6286 6027 6286 6023 6286 6024 6455 6026 6455 6028 6455 6025 6288 6029 6288 6027 6288 6026 6456 6030 6456 6028 6456 6027 6263 6029 6263 6031 6263 6030 6234 6032 6234 6028 6234 6031 6263 6033 6263 6027 6263 6030 6351 6034 6351 6032 6351 6034 6457 6033 6457 6031 6457 6032 6292 6034 6292 6031 6292 6035 6300 6036 6300 6037 6300 6036 6300 6038 6300 6037 6300 6035 6306 6037 6306 6039 6306 6040 6321 6038 6321 6036 6321 6041 6306 6039 6306 6037 6306 6042 6298 6040 6298 6036 6298 6039 6318 6041 6318 6043 6318 6040 6323 6042 6323 6044 6323 6045 6317 6043 6317 6041 6317 6042 6419 6046 6419 6044 6419 6045 6320 6047 6320 6043 6320 6046 6458 6048 6458 6044 6458 6047 6459 6045 6459 6049 6459 6050 6460 6044 6460 6048 6460 6051 6280 6047 6280 6049 6280 6052 6334 6050 6334 6048 6334 6049 6461 6053 6461 6051 6461 6050 6334 6052 6334 6054 6334 6055 6324 6051 6324 6053 6324 6056 6424 6054 6424 6052 6424 6057 6324 6055 6324 6053 6324 6056 6335 6052 6335 6058 6335 6059 6462 6055 6462 6057 6462 6056 6426 6058 6426 6060 6426 6059 6326 6057 6326 6061 6326 6058 6337 6062 6337 6060 6337 6063 6463 6059 6463 6061 6463 6064 6336 6060 6336 6062 6336 6065 6329 6063 6329 6061 6329 6066 6311 6060 6311 6064 6311 6063 6333 6065 6333 6064 6333 6064 6313 6065 6313 6066 6313 6067 6445 6068 6445 6069 6445 6069 6213 6068 6213 6070 6213 6067 6445 6069 6445 6071 6445 6072 6213 6070 6213 6068 6213 6067 6448 6071 6448 6073 6448 6070 6214 6072 6214 6074 6214 6075 6247 6067 6247 6073 6247 6070 6340 6074 6340 6076 6340 6073 6451 6077 6451 6075 6451 6076 6241 6074 6241 6078 6241 6077 6451 6079 6451 6075 6451 6078 6242 6074 6242 6080 6242 6077 6252 6081 6252 6079 6252 6078 6272 6080 6272 6082 6272 6083 6254 6081 6254 6077 6254 6082 6272 6084 6272 6078 6272 6085 6464 6081 6464 6083 6464 6084 6274 6082 6274 6086 6274 6085 6230 6083 6230 6087 6230 6088 6274 6084 6274 6086 6274 6085 6234 6087 6234 6089 6234 6090 6280 6088 6280 6086 6280 6089 6351 6091 6351 6085 6351 6086 6278 6092 6278 6090 6278 6091 6292 6089 6292 6093 6292 6090 6316 6092 6316 6094 6316 6093 6457 6089 6457 6095 6457 6092 6316 6096 6316 6094 6316 6093 6263 6095 6263 6097 6263 6096 6288 6098 6288 6094 6288 6098 6261 6093 6261 6097 6261 6098 6357 6097 6357 6094 6357 6099 6214 6100 6214 6101 6214 6102 6212 6100 6212 6099 6212 6099 6298 6101 6298 6103 6298 6100 6395 6102 6395 6104 6395 6101 6298 6105 6298 6103 6298 6106 6465 6100 6465 6104 6465 6105 6275 6107 6275 6103 6275 6104 6366 6108 6366 6106 6366 6109 6396 6103 6396 6107 6396 6106 6366 6108 6366 6110 6366 6109 6281 6107 6281 6111 6281 6112 6319 6110 6319 6108 6319 6107 6399 6113 6399 6111 6399 6114 6320 6112 6320 6108 6320 6115 6435 6111 6435 6113 6435 6116 6280 6112 6280 6114 6280 6115 6283 6117 6283 6111 6283 6114 6403 6118 6403 6116 6403 6117 6289 6115 6289 6119 6289 6120 6316 6116 6316 6118 6316 6115 6289 6121 6289 6119 6289 6120 6282 6118 6282 6122 6282 6123 6307 6119 6307 6121 6307 6124 6326 6120 6326 6122 6326 6119 6307 6123 6307 6125 6307 6126 6326 6120 6326 6124 6326 6127 6234 6125 6234 6123 6234 6128 6379 6126 6379 6124 6379 6129 6405 6127 6405 6123 6405 6130 6379 6128 6379 6124 6379 6130 6406 6127 6406 6129 6406 6129 6466 6128 6466 6130 6466 6131 6381 6132 6381 6133 6381 6132 6304 6134 6304 6133 6304 6131 6467 6133 6467 6135 6467 6132 6306 6136 6306 6134 6306 6137 6382 6131 6382 6135 6382 6136 6308 6138 6308 6134 6308 6139 6383 6137 6383 6135 6383 6138 6309 6140 6309 6134 6309 6137 6323 6139 6323 6141 6323 6138 6312 6142 6312 6140 6312 6143 6323 6137 6323 6141 6323 6144 6312 6142 6312 6138 6312 6143 6385 6141 6385 6145 6385 6146 6280 6142 6280 6144 6280 6145 6386 6147 6386 6143 6386 6146 6278 6144 6278 6148 6278 6149 6387 6147 6387 6145 6387 6146 6316 6148 6316 6150 6316 6145 6387 6151 6387 6149 6387 6150 6316 6152 6316 6146 6316 6151 6468 6153 6468 6149 6468 6150 6288 6154 6288 6152 6288 6153 6469 6155 6469 6149 6469 6150 6357 6156 6357 6154 6357 6153 6470 6157 6470 6155 6470 6154 6433 6156 6433 6158 6433 6155 6470 6157 6470 6159 6470 6158 6315 6156 6315 6160 6315 6157 6471 6161 6471 6159 6471 6162 6392 6158 6392 6160 6392 6157 6389 6163 6389 6161 6389 6160 6313 6164 6313 6162 6313 6161 6391 6163 6391 6164 6391 6163 6472 6162 6472 6164 6472 6165 6239 6166 6239 6167 6239 6168 6363 6167 6363 6166 6363 6167 6473 6169 6473 6165 6473 6168 6363 6166 6363 6170 6363 6169 6269 6171 6269 6165 6269 6170 6445 6172 6445 6168 6445 6171 6241 6169 6241 6173 6241 6170 6447 6174 6447 6172 6447 6173 6272 6175 6272 6171 6272 6174 6247 6176 6247 6172 6247 6175 6272 6177 6272 6171 6272 6172 6448 6176 6448 6178 6448 6179 6474 6177 6474 6175 6474 6176 6248 6180 6248 6178 6248 6179 6475 6181 6475 6177 6475 6180 6449 6182 6449 6178 6449 6181 6251 6179 6251 6183 6251 6184 6252 6182 6252 6180 6252 6183 6444 6179 6444 6185 6444 6184 6252 6180 6252 6186 6252 6183 6253 6185 6253 6187 6253 6184 6256 6186 6256 6188 6256 6185 6446 6189 6446 6187 6446 6186 6256 6190 6256 6188 6256 6189 6257 6191 6257 6187 6257 6192 6476 6188 6476 6190 6476 6191 6257 6193 6257 6187 6257 6192 6476 6194 6476 6188 6476 6195 6261 6193 6261 6191 6261 6192 6265 6195 6265 6194 6265 6195 6261 6196 6261 6193 6261 6192 6265 6196 6265 6195 6265 6197 6477 6198 6477 6199 6477 6198 6364 6197 6364 6200 6364 6197 6366 6199 6366 6201 6366 6198 6238 6200 6238 6202 6238 6203 6368 6197 6368 6201 6368 6202 6473 6200 6473 6204 6473 6205 6320 6203 6320 6201 6320 6204 6363 6206 6363 6202 6363 6201 6320 6207 6320 6205 6320 6206 6240 6204 6240 6208 6240 6209 6371 6205 6371 6207 6371 6206 6243 6208 6243 6210 6243 6207 6372 6211 6372 6209 6372 6212 6243 6206 6243 6210 6243 6211 6373 6213 6373 6209 6373 6210 6367 6214 6367 6212 6367 6213 6373 6215 6373 6209 6373 6214 6296 6216 6296 6212 6296 6217 6326 6215 6326 6213 6326 6218 6299 6216 6299 6214 6299 6213 6377 6219 6377 6217 6377 6214 6299 6220 6299 6218 6299 6221 6478 6217 6478 6219 6478 6222 6252 6218 6252 6220 6252 6223 6379 6221 6379 6219 6379 6222 6254 6224 6254 6218 6254 6225 6376 6221 6376 6223 6376 6222 6256 6226 6256 6224 6256 6225 6479 6223 6479 6227 6479 6226 6258 6228 6258 6224 6258 6226 6480 6225 6480 6227 6480 6228 6375 6226 6375 6227 6375 6229 137 6230 137 6231 137 6230 137 6229 137 6232 137 6231 137 6230 137 6233 137 6232 137 6234 137 6230 137 6231 137 6233 137 6235 137 6234 137 6232 137 6236 137 6235 137 6233 137 6237 137 6236 137 6238 137 6234 137 6237 137 6239 137 6235 137 6238 137 6236 137 6240 137 6241 137 6239 137 6237 137 6242 137 6238 137 6240 137 6239 137 6241 137 6243 137 6240 137 6244 137 6242 137 6243 137 6241 137 6245 137 6246 137 6242 137 6244 137 6245 137 6247 137 6243 137 6246 137 6244 137 6248 137 6249 137 6243 137 6247 137 6250 137 6248 137 6244 137 6249 137 6247 137 6251 137 6248 137 6250 137 6252 137 6251 137 6253 137 6249 137 6252 137 6250 137 6254 137 6253 137 6251 137 6255 137 6252 137 6254 137 6256 137 6255 137 6257 137 6253 137 6256 137 6254 137 6258 137 6257 137 6255 137 6259 137 6258 137 6259 137 6256 137 6259 137 6260 137 6257 137 6260 137 6259 137 6258 137 6261 6481 6262 6481 6263 6481 6264 6482 6263 6482 6262 6482 6265 6483 6261 6483 6263 6483 6262 6484 6266 6484 6264 6484 6267 6485 6261 6485 6265 6485 6268 6486 6264 6486 6266 6486 6265 6487 6269 6487 6267 6487 6266 6486 6270 6486 6268 6486 6271 6488 6267 6488 6269 6488 6270 6489 6272 6489 6268 6489 6273 6490 6271 6490 6269 6490 6272 6489 6274 6489 6268 6489 6275 6491 6271 6491 6273 6491 6274 6492 6272 6492 6276 6492 6273 6493 6277 6493 6275 6493 6272 6494 6278 6494 6276 6494 6279 6495 6275 6495 6277 6495 6278 6496 6280 6496 6276 6496 6281 6497 6279 6497 6277 6497 6278 6496 6282 6496 6280 6496 6281 6498 6283 6498 6279 6498 6280 6499 6282 6499 6284 6499 6285 6500 6283 6500 6281 6500 6282 6499 6286 6499 6284 6499 6283 6501 6285 6501 6287 6501 6288 6502 6284 6502 6286 6502 6285 6503 6289 6503 6287 6503 6286 6504 6290 6504 6288 6504 6291 6505 6287 6505 6289 6505 6290 6506 6292 6506 6288 6506 6293 6507 6291 6507 6289 6507 6290 6508 6294 6508 6292 6508 6294 6509 6291 6509 6293 6509 6292 6510 6294 6510 6293 6510 6295 6511 6296 6511 6297 6511 6298 6512 6297 6512 6296 6512 6299 6483 6295 6483 6297 6483 6296 6482 6300 6482 6298 6482 6301 6485 6295 6485 6299 6485 6298 6486 6300 6486 6302 6486 6299 6513 6303 6513 6301 6513 6300 6514 6304 6514 6302 6514 6305 6490 6301 6490 6303 6490 6306 6515 6302 6515 6304 6515 6307 6516 6305 6516 6303 6516 6304 6517 6308 6517 6306 6517 6307 6491 6309 6491 6305 6491 6310 6518 6306 6518 6308 6518 6311 6491 6309 6491 6307 6491 6308 6519 6312 6519 6310 6519 6309 6520 6311 6520 6313 6520 6312 6521 6314 6521 6310 6521 6311 6520 6315 6520 6313 6520 6314 6522 6316 6522 6310 6522 6317 6523 6313 6523 6315 6523 6316 6524 6314 6524 6318 6524 6319 6523 6317 6523 6315 6523 6314 6525 6320 6525 6318 6525 6321 6503 6317 6503 6319 6503 6320 6504 6322 6504 6318 6504 6323 6503 6321 6503 6319 6503 6320 6526 6324 6526 6322 6526 6325 6527 6321 6527 6323 6527 6322 6528 6324 6528 6326 6528 6325 6505 6323 6505 6327 6505 6324 6508 6328 6508 6326 6508 6328 6529 6325 6529 6327 6529 6327 6510 6326 6510 6328 6510 6329 6530 6330 6530 6331 6530 6332 6531 6331 6531 6330 6531 6333 6530 6329 6530 6331 6530 6334 6531 6332 6531 6330 6531 6335 6532 6329 6532 6333 6532 6332 6533 6334 6533 6336 6533 6337 6532 6335 6532 6333 6532 6336 6534 6334 6534 6338 6534 6339 6535 6335 6535 6337 6535 6336 6536 6338 6536 6340 6536 6339 6535 6337 6535 6341 6535 6338 6537 6342 6537 6340 6537 6343 6538 6339 6538 6341 6538 6344 6539 6340 6539 6342 6539 6341 6540 6345 6540 6343 6540 6342 6541 6346 6541 6344 6541 6347 6542 6343 6542 6345 6542 6344 6543 6346 6543 6348 6543 6349 6544 6347 6544 6345 6544 6346 6545 6350 6545 6348 6545 6351 6523 6347 6523 6349 6523 6352 6546 6348 6546 6350 6546 6351 6547 6349 6547 6353 6547 6350 6546 6354 6546 6352 6546 6355 6548 6351 6548 6353 6548 6352 6549 6354 6549 6356 6549 6357 6548 6355 6548 6353 6548 6354 6549 6358 6549 6356 6549 6355 6550 6357 6550 6359 6550 6360 6551 6356 6551 6358 6551 6361 6550 6355 6550 6359 6550 6358 6551 6362 6551 6360 6551 6362 6552 6361 6552 6359 6552 6359 6552 6360 6552 6362 6552 6363 6553 6364 6553 6365 6553 6366 6554 6365 6554 6364 6554 6367 6555 6363 6555 6365 6555 6368 6554 6366 6554 6364 6554 6363 6556 6367 6556 6369 6556 6370 6490 6366 6490 6368 6490 6369 6557 6367 6557 6371 6557 6372 6490 6370 6490 6368 6490 6369 6558 6371 6558 6373 6558 6374 6493 6370 6493 6372 6493 6371 6514 6375 6514 6373 6514 6374 6559 6372 6559 6376 6559 6377 6560 6373 6560 6375 6560 6378 6520 6374 6520 6376 6520 6375 6560 6379 6560 6377 6560 6376 6561 6380 6561 6378 6561 6377 6562 6379 6562 6381 6562 6382 6563 6378 6563 6380 6563 6379 6562 6383 6562 6381 6562 6384 6564 6382 6564 6380 6564 6385 6565 6381 6565 6383 6565 6386 6566 6382 6566 6384 6566 6383 6567 6387 6567 6385 6567 6386 6568 6384 6568 6388 6568 6385 6569 6387 6569 6389 6569 6390 6570 6386 6570 6388 6570 6387 6571 6391 6571 6389 6571 6392 6572 6390 6572 6388 6572 6393 6573 6389 6573 6391 6573 6390 6574 6392 6574 6394 6574 6391 6575 6395 6575 6393 6575 6396 6576 6390 6576 6394 6576 6394 6577 6393 6577 6395 6577 6395 6577 6396 6577 6394 6577 6397 6578 6398 6578 6399 6578 6400 6531 6399 6531 6398 6531 6401 6578 6397 6578 6399 6578 6398 6531 6402 6531 6400 6531 6403 6579 6397 6579 6401 6579 6402 6533 6404 6533 6400 6533 6403 6579 6401 6579 6405 6579 6402 6580 6406 6580 6404 6580 6407 6581 6403 6581 6405 6581 6404 6582 6406 6582 6408 6582 6409 6581 6407 6581 6405 6581 6406 6583 6410 6583 6408 6583 6407 6584 6409 6584 6411 6584 6408 6496 6410 6496 6412 6496 6413 6584 6407 6584 6411 6584 6410 6585 6414 6585 6412 6585 6415 6538 6413 6538 6411 6538 6416 6586 6412 6586 6414 6586 6411 6587 6417 6587 6415 6587 6418 6545 6416 6545 6414 6545 6419 6588 6415 6588 6417 6588 6416 6546 6418 6546 6420 6546 6417 6589 6421 6589 6419 6589 6420 6546 6418 6546 6422 6546 6423 6590 6419 6590 6421 6590 6420 6591 6422 6591 6424 6591 6425 6592 6423 6592 6421 6592 6422 6591 6426 6591 6424 6591 6427 6593 6423 6593 6425 6593 6428 6594 6424 6594 6426 6594 6425 6595 6429 6595 6427 6595 6426 6594 6430 6594 6428 6594 6430 6552 6427 6552 6429 6552 6428 6552 6430 6552 6429 6552 6431 6596 6432 6596 6433 6596 6434 6597 6433 6597 6432 6597 6435 6578 6431 6578 6433 6578 6432 6597 6436 6597 6434 6597 6437 6579 6431 6579 6435 6579 6438 6598 6434 6598 6436 6598 6435 6579 6439 6579 6437 6579 6436 6599 6440 6599 6438 6599 6441 6600 6437 6600 6439 6600 6440 6601 6442 6601 6438 6601 6443 6600 6441 6600 6439 6600 6442 6602 6444 6602 6438 6602 6445 6603 6441 6603 6443 6603 6444 6604 6442 6604 6446 6604 6443 6605 6447 6605 6445 6605 6442 6606 6448 6606 6446 6606 6449 6607 6445 6607 6447 6607 6448 6608 6450 6608 6446 6608 6451 6607 6449 6607 6447 6607 6448 6608 6452 6608 6450 6608 6451 6609 6453 6609 6449 6609 6450 6610 6452 6610 6454 6610 6455 6609 6453 6609 6451 6609 6452 6611 6456 6611 6454 6611 6453 6612 6455 6612 6457 6612 6458 6546 6454 6546 6456 6546 6455 6613 6459 6613 6457 6613 6456 6546 6460 6546 6458 6546 6461 6552 6457 6552 6459 6552 6460 6614 6462 6614 6458 6614 6463 6552 6461 6552 6459 6552 6460 6615 6464 6615 6462 6615 6464 6616 6461 6616 6463 6616 6462 6616 6464 6616 6463 6616 6465 6530 6466 6530 6467 6530 6468 6597 6467 6597 6466 6597 6469 6530 6465 6530 6467 6530 6466 6597 6470 6597 6468 6597 6471 6532 6465 6532 6469 6532 6468 6617 6470 6617 6472 6617 6469 6618 6473 6618 6471 6618 6470 6599 6474 6599 6472 6599 6475 6600 6471 6600 6473 6600 6476 6619 6472 6619 6474 6619 6477 6600 6475 6600 6473 6600 6474 6619 6478 6619 6476 6619 6477 6620 6479 6620 6475 6620 6480 6621 6476 6621 6478 6621 6481 6605 6479 6605 6477 6605 6478 6621 6482 6621 6480 6621 6479 6622 6481 6622 6483 6622 6482 6623 6484 6623 6480 6623 6481 6622 6485 6622 6483 6622 6484 6624 6486 6624 6480 6624 6487 6625 6483 6625 6485 6625 6486 6626 6484 6626 6488 6626 6489 6625 6487 6625 6485 6625 6484 6626 6490 6626 6488 6626 6491 6612 6487 6612 6489 6612 6490 6546 6492 6546 6488 6546 6493 6627 6491 6627 6489 6627 6490 6546 6494 6546 6492 6546 6495 6552 6491 6552 6493 6552 6492 6628 6494 6628 6496 6628 6495 6552 6493 6552 6497 6552 6494 6628 6498 6628 6496 6628 6498 6629 6495 6629 6497 6629 6497 6630 6496 6630 6498 6630 6499 6511 6500 6511 6501 6511 6501 6631 6500 6631 6502 6631 6499 6511 6501 6511 6503 6511 6504 6631 6501 6631 6502 6631 6499 6482 6503 6482 6505 6482 6502 6490 6506 6490 6504 6490 6507 6482 6499 6482 6505 6482 6508 6490 6506 6490 6502 6490 6509 6558 6507 6558 6505 6558 6510 6632 6506 6632 6508 6632 6509 6514 6505 6514 6511 6514 6508 6633 6512 6633 6510 6633 6509 6583 6511 6583 6513 6583 6514 6544 6510 6544 6512 6544 6513 6634 6515 6634 6509 6634 6514 6542 6512 6542 6516 6542 6513 6635 6517 6635 6515 6635 6518 6636 6514 6636 6516 6636 6513 6637 6519 6637 6517 6637 6516 6638 6520 6638 6518 6638 6517 6639 6519 6639 6521 6639 6522 6640 6518 6640 6520 6640 6519 6641 6523 6641 6521 6641 6524 6642 6522 6642 6520 6642 6521 6504 6523 6504 6525 6504 6526 6505 6522 6505 6524 6505 6527 6504 6525 6504 6523 6504 6526 6505 6524 6505 6528 6505 6529 6528 6525 6528 6527 6528 6530 6643 6526 6643 6528 6643 6530 6528 6529 6528 6527 6528 6529 6643 6530 6643 6528 6643 6531 6644 6532 6644 6533 6644 6532 6645 6534 6645 6533 6645 6535 6646 6531 6646 6533 6646 6534 6647 6532 6647 6536 6647 6533 6648 6537 6648 6535 6648 6532 6649 6538 6649 6536 6649 6539 6559 6535 6559 6537 6559 6538 6650 6540 6650 6536 6650 6537 6493 6541 6493 6539 6493 6538 6650 6542 6650 6540 6650 6543 6520 6539 6520 6541 6520 6540 6482 6542 6482 6544 6482 6545 6520 6543 6520 6541 6520 6542 6482 6546 6482 6544 6482 6547 6564 6543 6564 6545 6564 6548 6514 6544 6514 6546 6514 6545 6564 6549 6564 6547 6564 6546 6558 6550 6558 6548 6558 6551 6568 6547 6568 6549 6568 6550 6560 6552 6560 6548 6560 6553 6566 6551 6566 6549 6566 6550 6651 6554 6651 6552 6651 6555 6652 6551 6652 6553 6652 6552 6653 6554 6653 6556 6653 6553 6654 6557 6654 6555 6654 6554 6562 6558 6562 6556 6562 6559 6655 6555 6655 6557 6655 6556 6567 6558 6567 6560 6567 6561 6656 6559 6656 6557 6656 6558 6565 6562 6565 6560 6565 6561 6657 6563 6657 6559 6657 6564 6546 6560 6546 6562 6546 6564 6657 6563 6657 6561 6657 6563 6546 6564 6546 6562 6546 6565 6658 6566 6658 6567 6658 6566 6597 6568 6597 6567 6597 6567 6659 6569 6659 6565 6659 6566 6660 6570 6660 6568 6660 6571 6661 6565 6661 6569 6661 6568 6662 6570 6662 6572 6662 6573 6663 6571 6663 6569 6663 6570 6662 6574 6662 6572 6662 6575 6664 6571 6664 6573 6664 6572 6560 6574 6560 6576 6560 6575 6600 6573 6600 6577 6600 6574 6560 6578 6560 6576 6560 6579 6665 6575 6665 6577 6665 6580 6496 6576 6496 6578 6496 6581 6666 6579 6666 6577 6666 6582 6496 6580 6496 6578 6496 6579 6667 6581 6667 6583 6667 6580 6668 6582 6668 6584 6668 6585 6669 6579 6669 6583 6669 6584 6668 6582 6668 6586 6668 6587 6495 6585 6495 6583 6495 6584 6502 6586 6502 6588 6502 6583 6497 6589 6497 6587 6497 6586 6504 6590 6504 6588 6504 6591 6498 6587 6498 6589 6498 6592 6506 6588 6506 6590 6506 6589 6500 6593 6500 6591 6500 6590 6508 6594 6508 6592 6508 6595 6568 6591 6568 6593 6568 6592 6510 6594 6510 6596 6510 6597 6670 6595 6670 6593 6670 6594 6509 6598 6509 6596 6509 6598 6505 6595 6505 6597 6505 6597 6507 6596 6507 6598 6507 6599 6671 6600 6671 6601 6671 6602 6482 6601 6482 6600 6482 6601 6672 6603 6672 6599 6672 6600 6482 6604 6482 6602 6482 6605 6485 6599 6485 6603 6485 6604 6673 6606 6673 6602 6673 6607 6487 6605 6487 6603 6487 6606 6673 6608 6673 6602 6673 6609 6490 6605 6490 6607 6490 6608 6674 6606 6674 6610 6674 6607 6490 6611 6490 6609 6490 6606 6675 6612 6675 6610 6675 6613 6493 6609 6493 6611 6493 6612 6537 6614 6537 6610 6537 6615 6559 6613 6559 6611 6559 6612 6583 6616 6583 6614 6583 6617 6589 6613 6589 6615 6589 6614 6496 6616 6496 6618 6496 6615 6544 6619 6544 6617 6544 6616 6539 6620 6539 6618 6539 6621 6523 6617 6523 6619 6523 6622 6543 6618 6543 6620 6543 6623 6590 6621 6590 6619 6590 6620 6610 6624 6610 6622 6610 6623 6566 6625 6566 6621 6566 6624 6504 6626 6504 6622 6504 6627 6568 6625 6568 6623 6568 6624 6504 6628 6504 6626 6504 6625 6505 6627 6505 6629 6505 6626 6676 6628 6676 6630 6676 6627 6505 6631 6505 6629 6505 6628 6677 6632 6677 6630 6677 6632 6509 6629 6509 6631 6509 6630 6510 6632 6510 6631 6510 6633 6554 6634 6554 6635 6554 6636 6490 6635 6490 6634 6490 6637 6554 6633 6554 6635 6554 6638 6678 6636 6678 6634 6678 6633 6555 6637 6555 6639 6555 6640 6559 6636 6559 6638 6559 6639 6553 6637 6553 6641 6553 6642 6493 6640 6493 6638 6493 6639 6679 6641 6679 6643 6679 6644 6520 6640 6520 6642 6520 6641 6680 6645 6680 6643 6680 6644 6520 6642 6520 6646 6520 6647 6514 6643 6514 6645 6514 6648 6523 6644 6523 6646 6523 6645 6514 6649 6514 6647 6514 6646 6523 6650 6523 6648 6523 6647 6560 6649 6560 6651 6560 6652 6568 6648 6568 6650 6568 6649 6560 6653 6560 6651 6560 6654 6566 6652 6566 6650 6566 6655 6496 6651 6496 6653 6496 6656 6681 6652 6681 6654 6681 6653 6496 6657 6496 6655 6496 6656 6505 6654 6505 6658 6505 6655 6565 6657 6565 6659 6565 6660 6682 6656 6682 6658 6682 6657 6565 6661 6565 6659 6565 6662 6682 6660 6682 6658 6682 6663 6683 6659 6683 6661 6683 6660 6684 6662 6684 6664 6684 6661 6685 6665 6685 6663 6685 6666 6684 6660 6684 6664 6684 6664 6575 6663 6575 6665 6575 6665 6573 6666 6573 6664 6573 6667 6553 6668 6553 6669 6553 6670 6531 6669 6531 6668 6531 6671 6555 6667 6555 6669 6555 6668 6531 6672 6531 6670 6531 6673 6554 6667 6554 6671 6554 6672 6686 6674 6686 6670 6686 6673 6687 6671 6687 6675 6687 6672 6688 6676 6688 6674 6688 6677 6689 6673 6689 6675 6689 6674 6690 6676 6690 6678 6690 6679 6691 6677 6691 6675 6691 6676 6560 6680 6560 6678 6560 6677 6692 6679 6692 6681 6692 6678 6562 6680 6562 6682 6562 6683 6693 6677 6693 6681 6693 6680 6694 6684 6694 6682 6694 6685 6695 6683 6695 6681 6695 6686 6696 6682 6696 6684 6696 6681 6697 6687 6697 6685 6697 6688 6698 6686 6698 6684 6698 6689 6699 6685 6699 6687 6699 6686 6700 6688 6700 6690 6700 6687 6520 6691 6520 6689 6520 6690 6700 6688 6700 6692 6700 6693 6564 6689 6564 6691 6564 6690 6676 6692 6676 6694 6676 6695 6701 6693 6701 6691 6701 6692 6677 6696 6677 6694 6677 6697 6702 6693 6702 6695 6702 6698 6510 6694 6510 6696 6510 6695 6501 6699 6501 6697 6501 6696 6509 6700 6509 6698 6509 6700 6703 6697 6703 6699 6703 6698 6703 6700 6703 6699 6703 6701 6704 6702 6704 6703 6704 6703 6597 6702 6597 6704 6597 6703 6704 6705 6704 6701 6704 6702 6597 6706 6597 6704 6597 6701 6663 6705 6663 6707 6663 6708 6533 6704 6533 6706 6533 6705 6663 6709 6663 6707 6663 6706 6534 6710 6534 6708 6534 6711 6600 6707 6600 6709 6600 6708 6560 6710 6560 6712 6560 6709 6600 6713 6600 6711 6600 6710 6651 6714 6651 6712 6651 6715 6705 6711 6705 6713 6705 6716 6706 6712 6706 6714 6706 6717 6707 6715 6707 6713 6707 6714 6708 6718 6708 6716 6708 6719 6520 6715 6520 6717 6520 6718 6709 6720 6709 6716 6709 6717 6710 6721 6710 6719 6710 6716 6711 6720 6711 6722 6711 6723 6712 6719 6712 6721 6712 6724 6700 6722 6700 6720 6700 6725 6713 6719 6713 6723 6713 6720 6700 6726 6700 6724 6700 6723 6714 6727 6714 6725 6714 6726 6715 6728 6715 6724 6715 6729 6716 6725 6716 6727 6716 6730 6715 6728 6715 6726 6715 6731 6703 6729 6703 6727 6703 6730 6717 6732 6717 6728 6717 6732 6703 6729 6703 6731 6703 6731 6717 6728 6717 6732 6717 6733 6718 6734 6718 6735 6718 6735 6719 6734 6719 6736 6719 6737 6659 6733 6659 6735 6659 6734 6597 6738 6597 6736 6597 6739 6661 6733 6661 6737 6661 6740 6662 6736 6662 6738 6662 6739 6720 6737 6720 6741 6720 6742 6721 6740 6721 6738 6721 6743 6600 6739 6600 6741 6600 6740 6515 6742 6515 6744 6515 6741 6722 6745 6722 6743 6722 6744 6517 6742 6517 6746 6517 6747 6723 6743 6723 6745 6723 6744 6518 6746 6518 6748 6518 6749 6723 6747 6723 6745 6723 6746 6519 6750 6519 6748 6519 6751 6520 6747 6520 6749 6520 6752 6565 6748 6565 6750 6565 6751 6520 6749 6520 6753 6520 6750 6668 6754 6668 6752 6668 6755 6724 6751 6724 6753 6724 6752 6504 6754 6504 6756 6504 6757 6725 6755 6725 6753 6725 6754 6526 6758 6526 6756 6526 6755 6726 6757 6726 6759 6726 6760 6528 6756 6528 6758 6528 6761 6726 6755 6726 6759 6726 6758 6508 6762 6508 6760 6508 6763 6670 6761 6670 6759 6670 6760 6510 6762 6510 6764 6510 6759 6670 6765 6670 6763 6670 6762 6529 6766 6529 6764 6529 6766 6527 6763 6527 6765 6527 6765 6505 6764 6505 6766 6505 6767 6727 6768 6727 6769 6727 6769 6728 6768 6728 6770 6728 6769 6729 6771 6729 6767 6729 6768 6482 6772 6482 6770 6482 6773 6730 6767 6730 6771 6730 6774 6731 6770 6731 6772 6731 6775 6732 6773 6732 6771 6732 6772 6733 6776 6733 6774 6733 6777 6734 6773 6734 6775 6734 6778 6735 6774 6735 6776 6735 6775 6734 6779 6734 6777 6734 6776 6735 6780 6735 6778 6735 6781 6736 6777 6736 6779 6736 6780 6737 6782 6737 6778 6737 6783 6738 6781 6738 6779 6738 6782 6739 6784 6739 6778 6739 6783 6740 6785 6740 6781 6740 6784 6741 6782 6741 6786 6741 6787 6742 6785 6742 6783 6742 6782 6743 6788 6743 6786 6743 6785 6744 6787 6744 6789 6744 6788 6610 6790 6610 6786 6610 6787 6745 6791 6745 6789 6745 6788 6746 6792 6746 6790 6746 6793 6747 6789 6747 6791 6747 6790 6546 6792 6546 6794 6546 6795 6748 6793 6748 6791 6748 6792 6749 6796 6749 6794 6749 6797 6750 6793 6750 6795 6750 6798 6628 6794 6628 6796 6628 6799 6750 6797 6750 6795 6750 6796 6751 6800 6751 6798 6751 6800 6752 6797 6752 6799 6752 6800 6629 6799 6629 6798 6629 6801 6511 6802 6511 6803 6511 6803 6482 6802 6482 6804 6482 6803 6483 6805 6483 6801 6483 6802 6482 6806 6482 6804 6482 6807 6631 6801 6631 6805 6631 6808 6514 6804 6514 6806 6514 6809 6753 6807 6753 6805 6753 6806 6558 6810 6558 6808 6558 6809 6490 6811 6490 6807 6490 6808 6537 6810 6537 6812 6537 6813 6490 6811 6490 6809 6490 6810 6583 6814 6583 6812 6583 6811 6754 6813 6754 6815 6754 6816 6496 6812 6496 6814 6496 6813 6633 6817 6633 6815 6633 6814 6539 6818 6539 6816 6539 6819 6589 6815 6589 6817 6589 6820 6567 6816 6567 6818 6567 6821 6544 6819 6544 6817 6544 6818 6565 6822 6565 6820 6565 6823 6523 6819 6523 6821 6523 6822 6755 6824 6755 6820 6755 6825 6590 6823 6590 6821 6590 6824 6756 6826 6756 6820 6756 6827 6593 6823 6593 6825 6593 6826 6757 6824 6757 6828 6757 6827 6612 6825 6612 6829 6612 6824 6758 6830 6758 6828 6758 6831 6505 6827 6505 6829 6505 6830 6528 6832 6528 6828 6528 6829 6505 6833 6505 6831 6505 6830 6508 6834 6508 6832 6508 6834 6759 6831 6759 6833 6759 6832 6643 6834 6643 6833 6643 6835 6718 6836 6718 6837 6718 6836 6760 6838 6760 6837 6760 6837 6718 6839 6718 6835 6718 6838 6761 6840 6761 6837 6761 6841 6762 6835 6762 6839 6762 6840 6763 6838 6763 6842 6763 6839 6762 6843 6762 6841 6762 6838 6764 6844 6764 6842 6764 6845 6600 6841 6600 6843 6600 6844 6765 6846 6765 6842 6765 6847 6600 6845 6600 6843 6600 6844 6766 6848 6766 6846 6766 6849 6538 6845 6538 6847 6538 6846 6560 6848 6560 6850 6560 6847 6587 6851 6587 6849 6587 6848 6767 6852 6767 6850 6767 6853 6520 6849 6520 6851 6520 6854 6768 6850 6768 6852 6768 6855 6561 6853 6561 6851 6561 6852 6708 6856 6708 6854 6708 6857 6769 6853 6769 6855 6769 6856 6770 6858 6770 6854 6770 6855 6713 6859 6713 6857 6713 6856 6771 6860 6771 6858 6771 6861 6772 6857 6772 6859 6772 6858 6700 6860 6700 6862 6700 6863 6773 6861 6773 6859 6773 6860 6700 6864 6700 6862 6700 6863 6703 6865 6703 6861 6703 6862 6774 6864 6774 6866 6774 6867 6703 6865 6703 6863 6703 6864 6774 6868 6774 6866 6774 6865 6775 6867 6775 6868 6775 6867 6775 6866 6775 6868 6775 6869 6776 6870 6776 6871 6776 6870 6482 6872 6482 6871 6482 6871 6481 6873 6481 6869 6481 6870 6482 6874 6482 6872 6482 6875 6777 6869 6777 6873 6777 6872 6778 6874 6778 6876 6778 6877 6777 6875 6777 6873 6777 6874 6779 6878 6779 6876 6779 6879 6490 6875 6490 6877 6490 6876 6780 6878 6780 6880 6780 6879 6490 6877 6490 6881 6490 6878 6780 6882 6780 6880 6780 6883 6781 6879 6781 6881 6781 6884 6519 6880 6519 6882 6519 6885 6781 6883 6781 6881 6781 6886 6519 6884 6519 6882 6519 6883 6782 6885 6782 6887 6782 6884 6610 6886 6610 6888 6610 6889 6783 6883 6783 6887 6783 6888 6611 6886 6611 6890 6611 6891 6784 6889 6784 6887 6784 6888 6504 6890 6504 6892 6504 6887 6784 6893 6784 6891 6784 6890 6504 6894 6504 6892 6504 6895 6785 6891 6785 6893 6785 6896 6614 6892 6614 6894 6614 6893 6785 6897 6785 6895 6785 6894 6615 6898 6615 6896 6615 6899 6612 6895 6612 6897 6612 6896 6616 6898 6616 6900 6616 6901 6613 6899 6613 6897 6613 6898 6616 6902 6616 6900 6616 6902 6505 6899 6505 6901 6505 6901 6505 6900 6505 6902 6505 6903 6786 6904 6786 6905 6786 6904 6787 6906 6787 6905 6787 6903 6776 6905 6776 6907 6776 6906 6787 6904 6787 6908 6787 6907 6788 6909 6788 6903 6788 6906 6789 6908 6789 6910 6789 6903 6777 6909 6777 6911 6777 6910 6790 6908 6790 6912 6790 6913 6791 6911 6791 6909 6791 6912 6792 6914 6792 6910 6792 6909 6490 6915 6490 6913 6490 6914 6793 6912 6793 6916 6793 6915 6794 6917 6794 6913 6794 6916 6795 6918 6795 6914 6795 6919 6754 6917 6754 6915 6754 6918 6795 6920 6795 6914 6795 6921 6784 6917 6784 6919 6784 6920 6796 6918 6796 6922 6796 6917 6784 6921 6784 6923 6784 6918 6797 6924 6797 6922 6797 6925 6785 6923 6785 6921 6785 6924 6798 6926 6798 6922 6798 6927 6785 6925 6785 6921 6785 6924 6799 6928 6799 6926 6799 6929 6612 6925 6612 6927 6612 6926 6800 6928 6800 6930 6800 6931 6801 6929 6801 6927 6801 6928 6800 6932 6800 6930 6800 6933 6552 6929 6552 6931 6552 6934 6802 6930 6802 6932 6802 6935 6803 6933 6803 6931 6803 6932 6614 6936 6614 6934 6614 6936 6616 6933 6616 6935 6616 6936 6804 6935 6804 6934 6804 6937 6727 6938 6727 6939 6727 6939 6482 6938 6482 6940 6482 6941 6727 6937 6727 6939 6727 6938 6482 6942 6482 6940 6482 6943 6513 6937 6513 6941 6513 6944 6805 6940 6805 6942 6805 6943 6730 6941 6730 6945 6730 6946 6779 6944 6779 6942 6779 6947 6490 6943 6490 6945 6490 6944 6735 6946 6735 6948 6735 6945 6490 6949 6490 6947 6490 6948 6735 6946 6735 6950 6735 6951 6806 6947 6806 6949 6806 6948 6807 6950 6807 6952 6807 6953 6808 6951 6808 6949 6808 6950 6807 6954 6807 6952 6807 6955 6809 6951 6809 6953 6809 6956 6610 6952 6610 6954 6610 6955 6809 6953 6809 6957 6809 6954 6810 6958 6810 6956 6810 6959 6811 6955 6811 6957 6811 6956 6504 6958 6504 6960 6504 6961 6812 6959 6812 6957 6812 6958 6504 6962 6504 6960 6504 6959 6813 6961 6813 6963 6813 6964 6628 6960 6628 6962 6628 6965 6814 6959 6814 6963 6814 6962 6628 6966 6628 6964 6628 6967 6612 6965 6612 6963 6612 6964 6630 6966 6630 6968 6630 6963 6627 6969 6627 6967 6627 6966 6629 6970 6629 6968 6629 6970 6505 6967 6505 6969 6505 6969 6505 6968 6505 6970 6505 6971 6672 6972 6672 6973 6672 6974 6487 6973 6487 6972 6487 6975 6672 6971 6672 6973 6672 6976 6487 6974 6487 6972 6487 6971 6482 6975 6482 6977 6482 6978 6490 6974 6490 6976 6490 6977 6482 6975 6482 6979 6482 6980 6490 6978 6490 6976 6490 6977 6815 6979 6815 6981 6815 6982 6559 6978 6559 6980 6559 6979 6816 6983 6816 6981 6816 6982 6493 6980 6493 6984 6493 6985 6583 6981 6583 6983 6583 6986 6544 6982 6544 6984 6544 6983 6582 6987 6582 6985 6582 6984 6817 6988 6817 6986 6817 6985 6818 6987 6818 6989 6818 6990 6819 6986 6819 6988 6819 6987 6637 6991 6637 6989 6637 6992 6638 6990 6638 6988 6638 6993 6696 6989 6696 6991 6696 6994 6501 6990 6501 6992 6501 6991 6820 6995 6820 6993 6820 6994 6702 6992 6702 6996 6702 6993 6504 6995 6504 6997 6504 6998 6821 6994 6821 6996 6821 6995 6504 6999 6504 6997 6504 7000 6822 6998 6822 6996 6822 7001 6677 6997 6677 6999 6677 6998 6823 7000 6823 7002 6823 6999 6677 7003 6677 7001 6677 7004 6824 6998 6824 7002 6824 7002 6509 7001 6509 7003 6509 7003 6509 7004 6509 7002 6509 7005 6825 7006 6825 7007 6825 7008 6531 7007 6531 7006 6531 7009 6650 7005 6650 7007 6650 7010 6531 7008 6531 7006 6531 7011 6826 7005 6826 7009 6826 7008 6721 7010 6721 7012 6721 7013 6827 7011 6827 7009 6827 7012 6828 7010 6828 7014 6828 7015 6535 7011 6535 7013 6535 7012 6690 7014 6690 7016 6690 7015 6535 7013 6535 7017 6535 7014 6560 7018 6560 7016 6560 7019 6829 7015 6829 7017 6829 7020 6562 7016 6562 7018 6562 7017 6830 7021 6830 7019 6830 7018 6694 7022 6694 7020 6694 7023 6699 7019 6699 7021 6699 7020 6641 7022 6641 7024 6641 7025 6520 7023 6520 7021 6520 7022 6639 7026 6639 7024 6639 7027 6564 7023 6564 7025 6564 7028 6700 7024 6700 7026 6700 7027 6701 7025 6701 7029 6701 7026 6700 7030 6700 7028 6700 7031 6831 7027 6831 7029 6831 7028 6528 7030 6528 7032 6528 7033 6832 7031 6832 7029 6832 7030 6508 7034 6508 7032 6508 7031 6833 7033 6833 7035 6833 7036 6643 7032 6643 7034 6643 7037 6833 7031 6833 7035 6833 7034 6759 7038 6759 7036 6759 7038 6703 7037 6703 7035 6703 7035 6703 7036 6703 7038 6703 7039 6834 7040 6834 7041 6834 7040 6834 7042 6834 7041 6834 7043 6826 7039 6826 7041 6826 7042 6835 7040 6835 7044 6835 7041 6827 7045 6827 7043 6827 7040 6835 7046 6835 7044 6835 7047 6836 7043 6836 7045 6836 7046 6482 7048 6482 7044 6482 7045 6837 7049 6837 7047 6837 7046 6838 7050 6838 7048 6838 7051 6493 7047 6493 7049 6493 7048 6558 7050 6558 7052 6558 7053 6493 7051 6493 7049 6493 7050 6514 7054 6514 7052 6514 7055 6520 7051 6520 7053 6520 7056 6560 7052 6560 7054 6560 7053 6520 7057 6520 7055 6520 7054 6560 7058 6560 7056 6560 7059 6523 7055 6523 7057 6523 7058 6496 7060 6496 7056 6496 7061 6523 7059 6523 7057 6523 7058 6496 7062 6496 7060 6496 7063 6568 7059 6568 7061 6568 7060 6565 7062 6565 7064 6565 7061 6568 7065 6568 7063 6568 7062 6567 7066 6567 7064 6567 7067 6839 7063 6839 7065 6839 7064 6840 7066 6840 7068 6840 7069 6841 7067 6841 7065 6841 7066 6504 7070 6504 7068 6504 7069 6656 7071 6656 7067 6656 7072 6657 7068 6657 7070 6657 7072 6655 7071 6655 7069 6655 7071 6657 7072 6657 7070 6657 7073 6842 7074 6842 7075 6842 7073 6842 7075 6842 7077 6842 7073 6843 7077 6843 7079 6843 7079 6844 7081 6844 7073 6844 7081 6845 7079 6845 7083 6845 7075 6846 7074 6846 7076 6846 7076 6846 7078 6846 7075 6846 7083 6847 7079 6847 7085 6847 7085 6848 7087 6848 7083 6848 7080 6849 7078 6849 7076 6849 7080 6849 7082 6849 7078 6849 7087 6850 7085 6850 7089 6850 7087 6851 7089 6851 7091 6851 7087 6852 7091 6852 7093 6852 7082 6853 7080 6853 7084 6853 7084 6854 7086 6854 7082 6854 7093 6855 7091 6855 7095 6855 7095 6856 7097 6856 7093 6856 7088 6857 7086 6857 7084 6857 7088 6858 7090 6858 7086 6858 7097 6859 7095 6859 7099 6859 7097 6860 7099 6860 7101 6860 7090 6861 7088 6861 7092 6861 7092 6862 7094 6862 7090 6862 7101 6863 7099 6863 7103 6863 7103 6864 7105 6864 7101 6864 7096 6865 7094 6865 7092 6865 7096 6866 7098 6866 7094 6866 7105 6867 7103 6867 7107 6867 7105 6868 7107 6868 7109 6868 7098 6869 7096 6869 7100 6869 7100 6869 7102 6869 7098 6869 7109 6870 7107 6870 7111 6870 7111 6871 7113 6871 7109 6871 7104 6872 7102 6872 7100 6872 7104 6872 7106 6872 7102 6872 7113 6873 7111 6873 7115 6873 7113 6874 7115 6874 7117 6874 7106 6875 7104 6875 7108 6875 7108 6875 7110 6875 7106 6875 7117 6876 7115 6876 7119 6876 7119 6877 7121 6877 7117 6877 7112 6878 7110 6878 7108 6878 7112 6878 7114 6878 7110 6878 7121 6879 7119 6879 7123 6879 7114 6880 7112 6880 7116 6880 7116 6881 7118 6881 7114 6881 7123 6882 7119 6882 7125 6882 7125 6883 7127 6883 7123 6883 7120 6884 7118 6884 7116 6884 7120 6885 7122 6885 7118 6885 7127 6886 7125 6886 7129 6886 7127 6887 7129 6887 7131 6887 7127 6888 7131 6888 7133 6888 7120 6889 7124 6889 7122 6889 7133 6890 7131 6890 7135 6890 7135 6890 7136 6890 7133 6890 7124 6891 7120 6891 7126 6891 7126 6892 7128 6892 7124 6892 7134 6893 7136 6893 7135 6893 7134 6893 7132 6893 7136 6893 7132 6894 7134 6894 7128 6894 7128 6894 7130 6894 7132 6894 7130 6895 7128 6895 7126 6895 7137 6292 7138 6292 7139 6292 7140 6263 7139 6263 7138 6263 7141 6457 7137 6457 7139 6457 7138 6263 7142 6263 7140 6263 7143 6896 7137 6896 7141 6896 7140 6288 7142 6288 7144 6288 7141 6293 7145 6293 7143 6293 7142 6357 7146 6357 7144 6357 7147 6290 7143 6290 7145 6290 7148 6324 7144 6324 7146 6324 7149 6290 7147 6290 7145 6290 7146 6316 7150 6316 7148 6316 7149 6289 7151 6289 7147 6289 7152 6280 7148 6280 7150 6280 7153 6361 7151 6361 7149 6361 7150 6403 7154 6403 7152 6403 7151 6360 7153 6360 7155 6360 7154 6897 7156 6897 7152 6897 7153 6435 7157 6435 7155 6435 7156 6897 7158 6897 7152 6897 7159 6281 7155 6281 7157 6281 7158 6898 7156 6898 7160 6898 7161 6399 7159 6399 7157 6399 7156 6898 7162 6898 7160 6898 7163 6396 7159 6396 7161 6396 7162 6272 7164 6272 7160 6272 7165 6396 7163 6396 7161 6396 7162 6434 7166 6434 7164 6434 7167 6273 7163 6273 7165 6273 7164 6269 7166 6269 7168 6269 7167 6899 7165 6899 7169 6899 7166 6241 7170 6241 7168 6241 7170 6443 7167 6443 7169 6443 7169 6409 7168 6409 7170 6409 7171 6292 7172 6292 7173 6292 7174 6263 7173 6263 7172 6263 7175 6457 7171 6457 7173 6457 7172 6263 7176 6263 7174 6263 7177 6896 7171 6896 7175 6896 7174 6288 7176 6288 7178 6288 7175 6293 7179 6293 7177 6293 7176 6357 7180 6357 7178 6357 7181 6290 7177 6290 7179 6290 7182 6324 7178 6324 7180 6324 7183 6290 7181 6290 7179 6290 7180 6316 7184 6316 7182 6316 7183 6289 7185 6289 7181 6289 7186 6280 7182 6280 7184 6280 7187 6361 7185 6361 7183 6361 7184 6403 7188 6403 7186 6403 7185 6360 7187 6360 7189 6360 7188 6897 7190 6897 7186 6897 7187 6435 7191 6435 7189 6435 7190 6900 7192 6900 7186 6900 7193 6281 7189 6281 7191 6281 7192 6901 7190 6901 7194 6901 7195 6399 7193 6399 7191 6399 7190 6898 7196 6898 7194 6898 7197 6396 7193 6396 7195 6396 7196 6272 7198 6272 7194 6272 7199 6396 7197 6396 7195 6396 7196 6434 7200 6434 7198 6434 7201 6273 7197 6273 7199 6273 7198 6269 7200 6269 7202 6269 7201 6899 7199 6899 7203 6899 7200 6241 7204 6241 7202 6241 7204 6443 7201 6443 7203 6443 7203 6409 7202 6409 7204 6409 7205 137 7206 137 7207 137 7205 137 7208 137 7206 137 7209 137 7205 137 7207 137 7208 137 7205 137 7210 137 7206 137 7208 137 7211 137 7212 137 7205 137 7209 137 7207 137 7213 137 7209 137 7210 137 7214 137 7208 137 7205 137 7212 137 7215 137 7216 137 7212 137 7209 137 7217 137 7213 137 7207 137 7213 137 7218 137 7209 137 7212 137 7219 137 7215 137 7205 137 7215 137 7220 137 7221 137 7222 137 7223 137 7221 137 7223 137 7224 137 7223 137 7225 137 7224 137 7224 137 7226 137 7221 137 7226 137 7224 137 7227 137 7221 137 7226 137 7228 137 7221 137 7228 137 7229 137 7230 137 7229 137 7228 137 7229 137 7231 137 7221 137 7232 137 7230 137 7228 137 7229 137 7233 137 7231 137 7231 137 7234 137 7221 137 7221 137 7234 137 7235 137 7235 137 7236 137 7221 137 7237 137 7238 137 7239 137 7239 137 7238 137 7240 137 7237 137 7239 137 7241 137 7242 137 7237 137 7241 137 7237 137 7242 137 7243 137 7244 137 7242 137 7241 137 7244 137 7245 137 7242 137 7244 137 7241 137 7246 137 7244 137 7247 137 7245 137 7248 137 7242 137 7245 137 7241 137 7249 137 7246 137 7244 137 7246 137 7250 137 7251 137 7242 137 7248 137 7251 137 7252 137 7242 137 7253 137 7254 137 7255 137 7253 137 7255 137 7256 137 7256 137 7255 137 7257 137 7253 137 7256 137 7258 137 7256 137 7259 137 7258 137 7260 137 7253 137 7258 137 7259 137 7256 137 7261 137 7259 137 7262 137 7258 137 7253 137 7260 137 7263 137 7264 137 7260 137 7258 137 7265 137 7261 137 7256 137 7259 137 7261 137 7266 137 7267 137 7258 137 7262 137 7258 137 7267 137 7268 137 7269 137 7270 137 7271 137 7271 137 7272 137 7269 137 7273 137 7272 137 7271 137 7274 137 7272 137 7273 137 7271 137 7275 137 7273 137 7276 137 7272 137 7274 137 7277 137 7274 137 7273 137 7273 137 7275 137 7278 137 7279 137 7274 137 7277 137 7280 137 7277 137 7273 137 7281 137 7274 137 7279 137 7279 137 7277 137 7282 137 7274 137 7281 137 7283 137 7282 137 7284 137 7279 137 7285 137 7286 137 7287 137 7288 137 7285 137 7287 137 7288 137 7289 137 7285 137 7288 137 7290 137 7289 137 7289 137 7291 137 7285 137 7288 137 7292 137 7290 137 7290 137 7293 137 7289 137 7289 137 7294 137 7291 137 7295 137 7285 137 7291 137 7292 137 7296 137 7290 137 7297 137 7294 137 7289 137 7294 137 7298 137 7291 137 7285 137 7295 137 7299 137 7300 137 7290 137 7296 137 7301 137 7302 137 7303 137 7304 137 7301 137 7303 137 7301 137 7304 137 7305 137 7306 137 7304 137 7303 137 7304 137 7306 137 7307 137 7303 137 7308 137 7306 137 7307 137 7306 137 7309 137 7304 137 7307 137 7310 137 7308 137 7303 137 7311 137 7308 137 7312 137 7306 137 7311 137 7303 137 7313 137 7308 137 7311 137 7314 137 7303 137 7315 137 7313 137 7315 137 7303 137 7316 137 7317 137 7318 137 7319 137 7319 137 7318 137 7320 137 7321 137 7317 137 7319 137 7317 137 7321 137 7322 137 7323 137 7321 137 7319 137 7323 137 7324 137 7321 137 7325 137 7323 137 7319 137 7326 137 7324 137 7323 137 7327 137 7321 137 7324 137 7319 137 7328 137 7325 137 7329 137 7324 137 7326 137 7323 137 7330 137 7326 137 7324 137 7329 137 7331 137 7330 137 7323 137 7332 137 7333 137 7334 137 7335 137 7335 137 7336 137 7333 137 7333 137 7336 137 7337 137 7338 137 7337 137 7336 137 7333 137 7337 137 7339 137 7337 137 7338 137 7340 137 7341 137 7339 137 7337 137 7333 137 7339 137 7342 137 7337 137 7340 137 7343 137 7341 137 7344 137 7339 137 7337 137 7345 137 7341 137 7339 137 7346 137 7342 137 7333 137 7342 137 7347 137 7348 137 7337 137 7343 137 7349 137 7350 137 7351 137 7351 137 7352 137 7349 137 7352 137 7351 137 7353 137 7354 137 7349 137 7352 137 7349 137 7354 137 7355 137 7356 137 7354 137 7352 137 7349 137 7355 137 7357 137 7356 137 7358 137 7354 137 7352 137 7359 137 7356 137 7354 137 7358 137 7360 137 7361 137 7359 137 7352 137 7356 137 7359 137 7362 137 7354 137 7360 137 7363 137 7363 137 7364 137 7354 137 7365 137 7366 137 7367 137 7367 137 7368 137 7365 137 7365 137 7368 137 7369 137 7368 137 7370 137 7369 137 7369 137 7371 137 7365 137 7372 137 7371 137 7369 137 7365 137 7371 137 7373 137 7371 137 7372 137 7374 137 7369 137 7375 137 7372 137 7365 137 7373 137 7376 137 7374 137 7372 137 7377 137 7371 137 7374 137 7378 137 7372 137 7379 137 7377 137 7378 137 7380 137 7371 137 7381 137 7382 137 7383 137 7383 137 7384 137 7381 137 7385 137 7384 137 7383 137 7386 137 7381 137 7384 137 7387 137 7381 137 7386 137 7384 137 7388 137 7386 137 7387 137 7389 137 7381 137 7386 137 7390 137 7387 137 7384 137 7391 137 7388 137 7388 137 7392 137 7386 137 7381 137 7389 137 7393 137 7386 137 7394 137 7390 137 7386 137 7392 137 7395 137 7395 137 7396 137 7386 137 7397 137 7398 137 7399 137 7399 137 7400 137 7397 137 7400 137 7399 137 7401 137 7397 137 7400 137 7402 137 7403 137 7401 137 7399 137 7404 137 7400 137 7401 137 7405 137 7402 137 7400 137 7397 137 7402 137 7406 137 7404 137 7401 137 7407 137 7405 137 7408 137 7402 137 7400 137 7409 137 7405 137 7402 137 7410 137 7406 137 7397 137 7406 137 7411 137 7404 137 7407 137 7412 137 7413 137 7414 137 7415 137 7415 137 7414 137 7416 137 7417 137 7413 137 7415 137 7418 137 7417 137 7415 137 7417 137 7418 137 7419 137 7420 137 7418 137 7415 137 7421 137 7418 137 7420 137 7422 137 7420 137 7415 137 7418 137 7421 137 7423 137 7421 137 7420 137 7424 137 7425 137 7423 137 7421 137 7426 137 7418 137 7423 137 7423 137 7425 137 7427 137 7421 137 7428 137 7425 137 7429 137 7430 137 7431 137 7432 137 7429 137 7431 137 7429 137 7432 137 7433 137 7432 137 7431 137 7434 137 7435 137 7434 137 7431 137 7432 137 7434 137 7436 137 7434 137 7435 137 7437 137 7431 137 7438 137 7435 137 7436 137 7434 137 7439 137 7440 137 7432 137 7436 137 7437 137 7435 137 7441 137 7437 137 7442 137 7434 137 7438 137 7431 137 7443 137 7444 137 7435 137 7438 137 7445 137 7446 137 7447 137 7447 137 7446 137 7448 137 7448 137 7446 137 7449 137 7446 137 7450 137 7449 137 7448 137 7449 137 7451 137 7446 137 7452 137 7450 137 7450 137 7453 137 7449 137 7449 137 7454 137 7451 137 7448 137 7451 137 7455 137 7446 137 7456 137 7452 137 7457 137 7450 137 7452 137 7453 137 7458 137 7449 137 7455 137 7451 137 7459 137 7460 137 7457 137 7452 137 7461 137 7462 137 7463 137 7463 137 7462 137 7464 137 7464 137 7462 137 7465 137 7466 137 7465 137 7462 137 7465 137 7467 137 7464 137 7465 137 7466 137 7468 137 7462 137 7469 137 7466 137 7470 137 7467 137 7465 137 7467 137 7471 137 7464 137 7462 137 7472 137 7469 137 7471 137 7467 137 7473 137 7464 137 7471 137 7474 137 7467 137 7475 137 7473 137 7475 137 7467 137 7476 137 7477 137 7478 137 7479 137 7479 137 7478 137 7480 137 7481 137 7477 137 7479 137 7479 137 7482 137 7481 137 7479 137 7483 137 7482 137 7482 137 7484 137 7481 137 7485 137 7483 137 7479 137 7483 137 7486 137 7482 137 7487 137 7484 137 7482 137 7488 137 7481 137 7484 137 7489 137 7483 137 7485 137 7479 137 7490 137 7485 137 7488 137 7491 137 7481 137 7491 137 7492 137 7481 137 7493 137 7494 137 7495 137 7495 137 7496 137 7493 137 7497 137 7496 137 7495 137 7496 137 7498 137 7493 137 7496 137 7497 137 7499 137 7500 137 7498 137 7496 137 7493 137 7498 137 7501 137 7499 137 7502 137 7496 137 7500 137 7503 137 7498 137 7496 137 7504 137 7500 137 7503 137 7500 137 7505 137 7503 137 7506 137 7498 137 7507 137 7504 137 7496 137 7504 137 7508 137 7500 137 7509 137 7510 137 7511 137 7511 137 7510 137 7512 137 7512 137 7510 137 7513 137 7514 137 7511 137 7512 137 7513 137 7510 137 7515 137 7513 137 7516 137 7512 137 7511 137 7514 137 7517 137 7518 137 7514 137 7512 137 7514 137 7519 137 7517 137 7514 137 7518 137 7520 137 7518 137 7512 137 7521 137 7517 137 7519 137 7522 137 7521 137 7512 137 7523 137 7521 137 7524 137 7518 137 7525 137 7526 137 7527 137 7528 137 7525 137 7527 137 7527 137 7529 137 7528 137 7527 137 7530 137 7529 137 7531 137 7528 137 7529 137 7530 137 7527 137 7532 137 7530 137 7533 137 7529 137 7534 137 7531 137 7529 137 7535 137 7533 137 7530 137 7536 137 7529 137 7533 137 7537 137 7535 137 7530 137 7538 137 7529 137 7536 137 7529 137 7538 137 7539 137 7536 137 7540 137 7538 137 7541 137 7542 137 7543 137 7544 137 7541 137 7543 137 7541 137 7544 137 7545 137 7543 137 7546 137 7544 137 7547 137 7545 137 7544 137 7545 137 7548 137 7541 137 7546 137 7543 137 7549 137 7545 137 7550 137 7548 137 7548 137 7551 137 7541 137 7545 137 7552 137 7550 137 7553 137 7548 137 7550 137 7554 137 7551 137 7548 137 7548 137 7553 137 7555 137 7548 137 7556 137 7554 137 7557 137 7558 137 7559 137 7560 137 7557 137 7559 137 7561 137 7560 137 7559 137 7561 137 7562 137 7560 137 7559 137 7563 137 7561 137 7564 137 7562 137 7561 137 7559 137 7565 137 7563 137 7566 137 7561 137 7563 137 7565 137 7559 137 7567 137 7563 137 7565 137 7568 137 7561 137 7566 137 7569 137 7563 137 7570 137 7566 137 7571 137 7568 137 7565 137 7563 137 7568 137 7572 137 7573 836 7574 836 7575 836 7575 836 7574 836 7576 836 7577 836 7573 836 7575 836 7578 836 7573 836 7577 836 7577 836 7575 836 7579 836 7573 836 7578 836 7580 836 7575 6902 7581 6902 7579 6902 7577 836 7579 836 7582 836 7580 836 7583 836 7573 836 7584 836 7581 836 7575 836 7585 6903 7579 6903 7581 6903 7582 836 7586 836 7577 836 7585 6904 7581 6904 7587 6904 7587 836 7588 836 7585 836 7589 836 7590 836 7591 836 7590 836 7592 836 7591 836 7591 6905 7593 6905 7589 6905 7592 836 7594 836 7591 836 7593 6906 7591 6906 7595 6906 7593 836 7596 836 7589 836 7597 836 7591 836 7594 836 7591 836 7598 836 7595 836 7599 6907 7593 6907 7595 6907 7589 6908 7596 6908 7600 6908 7591 836 7601 836 7598 836 7593 6909 7599 6909 7602 6909 7596 836 7603 836 7600 836 7599 6910 7604 6910 7602 6910 7605 836 7606 836 7607 836 7605 6911 7607 6911 7608 6911 7608 6912 7607 6912 7609 6912 7608 6913 7610 6913 7605 6913 7607 6914 7611 6914 7609 6914 7608 6915 7609 6915 7612 6915 7605 836 7610 836 7613 836 7611 6916 7607 6916 7614 6916 7615 836 7612 836 7609 836 7608 836 7612 836 7616 836 7611 836 7614 836 7617 836 7618 6917 7608 6917 7616 6917 7618 6918 7619 6918 7608 6918 7608 836 7619 836 7620 836 7621 836 7622 836 7623 836 7624 836 7621 836 7623 836 7625 836 7621 836 7624 836 7621 836 7625 836 7626 836 7627 836 7625 836 7624 836 7625 6919 7627 6919 7628 6919 7627 836 7624 836 7629 836 7630 6920 7628 6920 7627 6920 7625 6921 7628 6921 7631 6921 7629 836 7624 836 7632 836 7627 836 7629 836 7633 836 7627 6922 7634 6922 7630 6922 7625 836 7631 836 7635 836 7632 836 7636 836 7629 836 7637 836 7638 836 7639 836 7640 836 7639 836 7638 836 7639 836 7640 836 7641 836 7641 6923 7640 6923 7642 6923 7639 6924 7641 6924 7643 6924 7643 836 7641 836 7644 836 7639 836 7643 836 7645 836 7643 836 7646 836 7645 836 7639 6925 7645 6925 7647 6925 7645 6926 7648 6926 7647 6926 7639 6927 7647 6927 7649 6927 7648 836 7645 836 7650 836 7639 836 7649 836 7651 836 7651 836 7652 836 7639 836 7653 6910 7654 6910 7655 6910 7656 836 7653 836 7655 836 7656 6928 7655 6928 7657 6928 7657 836 7655 836 7658 836 7656 836 7657 836 7659 836 7660 836 7659 836 7657 836 7661 836 7656 836 7659 836 7660 6929 7662 6929 7659 6929 7663 836 7660 836 7657 836 7664 836 7656 836 7661 836 7665 836 7662 836 7660 836 7662 836 7665 836 7666 836 7660 6930 7667 6930 7665 6930 7667 6931 7660 6931 7668 6931 7669 836 7670 836 7671 836 7672 836 7669 836 7671 836 7669 836 7672 836 7673 836 7674 836 7672 836 7671 836 7675 6932 7674 6932 7671 6932 7671 836 7676 836 7675 836 7677 6933 7676 6933 7671 6933 7677 836 7678 836 7676 836 7677 836 7671 836 7679 836 7680 836 7676 836 7678 836 7679 6934 7671 6934 7681 6934 7677 836 7679 836 7682 836 7671 836 7683 836 7681 836 7683 6935 7671 6935 7684 6935 7685 836 7686 836 7687 836 7685 836 7687 836 7688 836 7689 6936 7688 6936 7687 6936 7688 836 7690 836 7685 836 7691 836 7688 836 7689 836 7692 836 7689 836 7687 836 7685 836 7690 836 7693 836 7691 6937 7694 6937 7688 6937 7695 836 7691 836 7689 836 7696 836 7692 836 7687 836 7691 836 7697 836 7694 836 7689 836 7698 836 7695 836 7691 836 7699 836 7697 836 7697 836 7700 836 7694 836 7701 836 7702 836 7703 836 7703 836 7702 836 7704 836 7701 836 7703 836 7705 836 7702 836 7706 836 7704 836 7704 6938 7707 6938 7703 6938 7703 6939 7708 6939 7705 6939 7704 836 7706 836 7709 836 7704 836 7710 836 7707 836 7707 836 7711 836 7703 836 7708 836 7703 836 7712 836 7706 836 7713 836 7709 836 7704 836 7709 836 7714 836 7715 836 7707 836 7710 836 7704 836 7714 836 7716 836 7717 836 7718 836 7719 836 7718 6940 7720 6940 7719 6940 7720 836 7718 836 7721 836 7719 836 7720 836 7722 836 7723 6941 7721 6941 7718 6941 7720 836 7721 836 7724 836 7722 6942 7720 6942 7725 6942 7721 6943 7723 6943 7726 6943 7723 836 7718 836 7727 836 7728 836 7720 836 7724 836 7725 836 7720 836 7729 836 7727 836 7730 836 7723 836 7720 836 7731 836 7729 836 7731 836 7720 836 7732 836 7733 836 7734 836 7735 836 7736 836 7733 836 7735 836 7737 836 7736 836 7735 836 7736 836 7737 836 7738 836 7735 836 7739 836 7737 836 7738 836 7737 836 7740 836 7738 836 7741 836 7736 836 7739 836 7735 836 7742 836 7743 836 7740 836 7737 836 7740 836 7744 836 7738 836 7744 836 7740 836 7745 836 7744 836 7746 836 7738 836 7744 836 7745 836 7747 836 7746 836 7744 836 7748 836 7749 836 7750 836 7751 836 7752 836 7749 836 7751 836 7753 6944 7749 6944 7752 6944 7753 6945 7754 6945 7749 6945 7752 836 7755 836 7753 836 7753 836 7756 836 7754 836 7757 6946 7749 6946 7754 6946 7758 836 7755 836 7752 836 7755 6947 7759 6947 7753 6947 7754 6931 7760 6931 7757 6931 7761 836 7755 836 7758 836 7752 836 7762 836 7758 836 7755 6948 7763 6948 7759 6948 7764 836 7753 836 7759 836 7765 836 7766 836 7767 836 7767 836 7768 836 7765 836 7767 6949 7769 6949 7768 6949 7768 836 7770 836 7765 836 7769 836 7767 836 7771 836 7769 6950 7772 6950 7768 6950 7773 836 7770 836 7768 836 7774 836 7772 836 7769 836 7772 836 7775 836 7768 836 7773 836 7776 836 7770 836 7777 836 7773 836 7768 836 7772 836 7774 836 7778 836 7779 836 7777 836 7768 836 7780 836 7779 836 7768 836 7781 6951 7782 6951 7783 6951 7783 836 7782 836 7784 836 7781 836 7783 836 7785 836 7782 836 7786 836 7784 836 7785 6952 7783 6952 7787 6952 7781 6908 7785 6908 7788 6908 7789 836 7787 836 7783 836 7790 836 7785 836 7787 836 7785 836 7791 836 7788 836 7789 836 7792 836 7787 836 7785 836 7790 836 7793 836 7789 836 7794 836 7792 836 7785 6953 7793 6953 7795 6953 7795 836 7796 836 7785 836 7797 6954 7798 6954 7799 6954 7797 6955 7799 6955 7800 6955 7800 836 7799 836 7801 836 7802 6956 7797 6956 7800 6956 7797 836 7802 836 7803 836 7804 836 7802 836 7800 836 7802 836 7804 836 7805 836 7806 836 7804 836 7800 836 7807 836 7805 836 7804 836 7808 836 7802 836 7805 836 7809 836 7804 836 7806 836 7805 836 7807 836 7810 836 7807 836 7804 836 7811 836 7807 836 7811 836 7812 836 7813 836 7814 836 7815 836 7815 836 7814 836 7816 836 7817 6957 7813 6957 7815 6957 7813 6958 7817 6958 7818 6958 7817 836 7815 836 7819 836 7820 6959 7818 6959 7817 6959 7818 836 7821 836 7813 836 7822 836 7819 836 7815 836 7817 836 7819 836 7823 836 7820 6955 7817 6955 7824 6955 7825 836 7822 836 7815 836 7817 836 7823 836 7826 836 7824 836 7817 836 7827 836 7824 836 7828 836 7820 836 7829 836 7830 836 7831 836 7831 836 7830 836 7832 836 7833 836 7829 836 7831 836 7834 836 7829 836 7833 836 7833 6960 7831 6960 7835 6960 7834 836 7833 836 7836 836 7831 6961 7837 6961 7835 6961 7838 6962 7833 6962 7835 6962 7834 6948 7836 6948 7839 6948 7837 836 7831 836 7840 836 7841 836 7838 836 7835 836 7840 836 7831 836 7842 836 7838 836 7841 836 7843 836 7844 836 7842 836 7831 836 7845 836 7846 836 7847 836 7847 6963 7846 6963 7848 6963 7849 6964 7845 6964 7847 6964 7845 836 7849 836 7850 836 7851 836 7849 836 7847 836 7850 6965 7849 6965 7852 6965 7853 836 7845 836 7850 836 7852 836 7849 836 7854 836 7855 6966 7850 6966 7852 6966 7845 6904 7853 6904 7856 6904 7857 836 7853 836 7850 836 7852 6967 7858 6967 7855 6967 7856 836 7859 836 7845 836 7850 836 7860 836 7857 836 7861 6968 7862 6968 7863 6968 7862 6969 7861 6969 7864 6969 7862 836 7864 836 7865 836 7864 6970 7866 6970 7865 6970 7862 836 7865 836 7867 836 7868 836 7866 836 7864 836 7865 836 7866 836 7869 836 7867 836 7870 836 7862 836 7868 6971 7871 6971 7866 6971 7872 836 7868 836 7864 836 7871 836 7868 836 7873 836 7871 6910 7874 6910 7866 6910 7864 836 7875 836 7872 836 7875 836 7864 836 7876 836 7877 6943 7878 6943 7879 6943 7877 6972 7879 6972 7880 6972 7881 6973 7880 6973 7879 6973 7877 836 7880 836 7882 836 7883 6974 7880 6974 7881 6974 7881 836 7879 836 7884 836 7880 836 7883 836 7885 836 7886 836 7883 836 7881 836 7881 836 7884 836 7887 836 7883 6975 7888 6975 7885 6975 7885 836 7889 836 7880 836 7881 836 7890 836 7886 836 7891 6976 7888 6976 7883 6976 7883 6922 7892 6922 7891 6922 7893 836 7894 836 7895 836 7896 6977 7893 6977 7895 6977 7895 6978 7897 6978 7896 6978 7897 6979 7895 6979 7898 6979 7899 836 7896 836 7897 836 7895 836 7900 836 7898 836 7898 6980 7901 6980 7897 6980 7900 6923 7895 6923 7902 6923 7903 836 7898 836 7900 836 7898 836 7904 836 7901 836 7897 836 7901 836 7905 836 7906 836 7898 836 7903 836 7898 836 7907 836 7904 836 7905 836 7908 836 7897 836 7909 6939 7910 6939 7911 6939 7911 836 7910 836 7912 836 7911 836 7913 836 7909 836 7914 836 7913 836 7911 836 7913 6908 7915 6908 7909 6908 7913 836 7914 836 7916 836 7911 836 7917 836 7914 836 7915 836 7913 836 7918 836 7916 836 7914 836 7919 836 7920 836 7913 836 7916 836 7921 836 7917 836 7911 836 7914 6981 7917 6981 7922 6981 7923 836 7921 836 7911 836 7914 836 7922 836 7924 836 7925 6908 7926 6908 7927 6908 7926 836 7928 836 7927 836 7929 6982 7925 6982 7927 6982 7925 836 7929 836 7930 836 7929 6983 7927 6983 7931 6983 7930 6984 7929 6984 7932 6984 7925 6967 7930 6967 7933 6967 7934 836 7931 836 7927 836 7935 836 7929 836 7931 836 7932 836 7936 836 7930 836 7937 836 7934 836 7927 836 7931 836 7938 836 7935 836 7927 6953 7939 6953 7937 6953 7939 836 7927 836 7940 836 7941 6985 7942 6985 7943 6985 7942 6986 7941 6986 7944 6986 7941 6987 7943 6987 7945 6987 7944 6988 7946 6988 7942 6988 7943 6989 7947 6989 7945 6989 7946 6990 7944 6990 7948 6990 7945 6991 7947 6991 7949 6991 7947 6992 7950 6992 7949 6992 7951 6993 7950 6993 7947 6993 7951 6994 7952 6994 7950 6994 7952 6995 7951 6995 7953 6995 7954 6996 7952 6996 7953 6996 7955 6997 7954 6997 7953 6997 7954 6998 7955 6998 7956 6998 7957 6999 7958 6999 7959 6999 7958 7000 7957 7000 7960 7000 7957 7001 7959 7001 7961 7001 7960 7002 7962 7002 7958 7002 7959 7003 7963 7003 7961 7003 7962 7004 7960 7004 7964 7004 7961 7005 7963 7005 7965 7005 7963 7006 7966 7006 7965 7006 7967 7007 7966 7007 7963 7007 7967 7008 7968 7008 7966 7008 7968 7009 7967 7009 7969 7009 7970 7010 7968 7010 7969 7010 7971 7011 7970 7011 7969 7011 7970 7012 7971 7012 7972 7012 7973 4792 7974 4792 7975 4792 7975 7013 7974 7013 7976 7013 7977 7014 7975 7014 7976 7014 7978 4792 7975 4792 7977 4792 7976 4792 7979 4792 7977 4792 7980 7015 7975 7015 7978 7015 7977 7016 7981 7016 7978 7016 7979 4792 7976 4792 7982 4792 7979 7017 7983 7017 7977 7017 7975 7018 7980 7018 7984 7018 7981 4792 7977 4792 7985 4792 7981 4792 7986 4792 7978 4792 7976 4792 7987 4792 7982 4792 7979 4792 7982 4792 7988 4792 7979 7019 7989 7019 7983 7019 7990 4792 7977 4792 7983 4792 7991 7020 7986 7020 7981 7020 7992 4792 7978 4792 7986 4792 7993 4792 7987 4792 7976 4792 7987 7021 7994 7021 7982 7021 7995 7022 7988 7022 7982 7022 7988 7023 7996 7023 7979 7023 7997 7024 7989 7024 7979 7024 7989 7025 7998 7025 7983 7025 7992 7026 7999 7026 7978 7026 7976 7027 8000 7027 7993 7027 7987 4792 8001 4792 7994 4792 7982 7028 7994 7028 8002 7028 8003 4792 8002 4792 7994 4792 7982 7029 8002 7029 8004 7029 8005 2663 8006 2663 8007 2663 8008 7030 8007 7030 8006 7030 8009 2663 8007 2663 8008 2663 8008 2663 8006 2663 8010 2663 8007 2663 8009 2663 8011 2663 8008 2663 8012 2663 8009 2663 8011 7031 8009 7031 8013 7031 8014 2663 8007 2663 8011 2663 8015 2663 8012 2663 8008 2663 8012 2663 8016 2663 8009 2663 8009 2663 8017 2663 8013 2663 8011 2663 8013 2663 8018 2663 8014 2663 8019 2663 8007 2663 8011 2663 8020 2663 8014 2663 8015 2663 8021 2663 8012 2663 8008 2663 8022 2663 8015 2663 8009 2663 8016 2663 8023 2663 8007 2663 8019 2663 8024 2663 8025 2663 8020 2663 8011 2663 8026 2663 8014 2663 8020 2663 8021 2663 8015 2663 8027 2663 8028 2663 8012 2663 8021 2663 8029 2663 8014 2663 8026 2663 8026 2663 8020 2663 8030 2663 8028 2663 8031 2663 8012 2663 8032 2663 8028 2663 8021 2663 8029 2663 8033 2663 8014 2663 8034 2663 8029 2663 8026 2663 8031 2663 8028 2663 8035 2663 8033 2663 8029 2663 8036 2663 8037 137 8038 137 8039 137 8040 137 8037 137 8039 137 8037 137 8040 137 8041 137 8042 137 8040 137 8039 137 8040 137 8042 137 8043 137 8039 137 8044 137 8042 137 8043 137 8042 137 8045 137 8043 137 8046 137 8040 137 8039 137 8047 137 8044 137 8042 137 8044 137 8048 137 8047 137 8039 137 8049 137 8047 137 8050 137 8044 137 8048 137 8044 137 8051 137 8048 137 8052 137 8042 137 8053 836 8054 836 8055 836 8056 6953 8053 6953 8055 6953 8057 836 8056 836 8055 836 8056 836 8057 836 8058 836 8055 6969 8059 6969 8057 6969 8060 836 8058 836 8057 836 8061 836 8056 836 8058 836 8059 836 8055 836 8062 836 8061 836 8063 836 8056 836 8058 836 8064 836 8061 836 8064 6918 8058 6918 8065 6918 8064 7032 8066 7032 8061 7032 8064 836 8065 836 8067 836 8066 836 8064 836 8068 836</p>
        </triangles>
      </mesh>
    </geometry>
    <geometry id="Mesh3_002-mesh" name="Mesh3.002">
      <mesh>
        <source id="Mesh3_002-mesh-positions">
          <float_array id="Mesh3_002-mesh-positions-array" count="624">1698.565 -53.9203 2467.693 1698.74 -55.6343 2467.465 1698.722 -56.5054 2482.481 1698.835 -57.6073 2482.334 1748.368 -49.4533 2467.97 1748.434 -51.1489 2482.876 1748.579 -52.5687 2482.687 1748.484 -50.5956 2467.818 1748.484 -50.5956 2467.818 1698.74 -55.6343 2467.465 1748.368 -49.4533 2467.97 1698.565 -53.9203 2467.693 1771.268 -64.3155 2500.2 1762.732 -64.3155 2500.2 1771.323 -64.277 2500.109 1762.677 -64.2769 2500.109 1771.344 -64.2619 2500 1762.656 -64.2619 2500 1771.323 -64.2769 2499.891 1762.677 -64.277 2499.891 1771.268 -64.3155 2499.8 1762.732 -64.3155 2499.8 1763.934 -65 2498.614 1770.066 -65 2498.614 1763.934 -65 2501.385 1762.732 -64.3155 2500.2 1771.268 -64.3155 2500.2 1770.066 -65 2501.385 1768.825 -65 2502.827 1765.175 -65 2502.827 1767 -65 2503.365 1770.066 -65 2498.614 1763.934 -65 2498.614 1765.175 -65 2497.173 1768.825 -65 2497.173 1767 -65 2496.635 1748.579 -52.5687 2482.687 1748.434 -51.1489 2482.876 1698.722 -56.5054 2482.481 1698.835 -57.6073 2482.334 1746.84 -51.7535 2475.24 1748.484 -50.5956 2467.818 1748.579 -52.5687 2482.687 1746.739 -51.698 2474.747 1746.745 -51.8289 2475.733 1746.456 -51.6709 2474.326 1746.468 -51.9127 2476.149 1746.034 -51.6763 2474.044 1746.05 -51.9923 2476.425 1745.539 -51.7135 2473.943 1745.555 -52.0555 2476.52 1745.045 -51.7766 2474.037 1745.06 -52.0926 2476.418 1698.74 -55.6343 2467.465 1698.835 -57.6073 2482.334 1702.26 -56.1103 2473.734 1702.275 -56.4263 2476.115 1744.627 -51.8562 2474.313 1701.764 -56.1475 2473.632 1701.78 -56.4895 2476.209 1702.692 -56.3467 2475.838 1702.681 -56.1049 2474.016 1701.27 -56.2106 2473.727 1701.285 -56.5266 2476.108 1744.638 -52.098 2476.136 1702.964 -56.132 2474.436 1700.852 -56.2902 2474.003 1700.864 -56.532 2475.825 1744.355 -52.0709 2475.716 1744.349 -51.9401 2474.729 1700.574 -56.3741 2474.419 1700.58 -56.5049 2475.406 1702.97 -56.2629 2475.422 1703.066 -56.1875 2474.929 1700.479 -56.4495 2474.911 1744.254 -52.0155 2475.222 1770.827 -59 2490.761 1774.071 -59 2492.929 1774.071 -60 2492.929 1776.239 -60 2496.173 1770.827 -60 2490.761 1776.239 -59 2496.173 1767 -59 2490 1777 -60 2500 1767 -60 2490 1777 -59 2500 1763.173 -59 2490.761 1776.239 -59 2503.827 1763.173 -60 2490.761 1776.239 -60 2503.827 1759.929 -59 2492.929 1774.071 -60 2507.071 1759.929 -60 2492.929 1774.071 -59 2507.071 1757.761 -59 2496.173 1770.827 -60 2509.239 1757.761 -60 2496.173 1770.827 -59 2509.239 1757 -59 2500 1767 -60 2510 1757 -60 2500 1767 -59 2510 1757.761 -59 2503.827 1763.173 -60 2509.239 1757.761 -60 2503.827 1763.173 -59 2509.239 1759.929 -59 2507.071 1759.929 -60 2507.071 1776.239 -60 2496.173 1777 -60 2500 1771.268 -64.3155 2499.8 1771.323 -64.2769 2499.891 1770.066 -65 2498.614 1771.344 -64.2619 2500 1774.071 -60 2492.929 1771.323 -64.277 2500.109 1768.825 -65 2497.173 1771.268 -64.3155 2500.2 1770.827 -60 2490.761 1776.239 -60 2503.827 1767 -65 2496.635 1770.066 -65 2501.385 1767 -60 2490 1774.071 -60 2507.071 1763.173 -60 2490.761 1768.825 -65 2502.827 1765.175 -65 2497.173 1770.827 -60 2509.239 1759.929 -60 2492.929 1767 -65 2503.365 1763.934 -65 2498.614 1767 -60 2510 1757.761 -60 2496.173 1763.173 -60 2509.239 1762.732 -64.3155 2499.8 1765.175 -65 2502.827 1757 -60 2500 1759.929 -60 2507.071 1762.677 -64.277 2499.891 1763.934 -65 2501.385 1762.656 -64.2619 2500 1757.761 -60 2503.827 1762.677 -64.2769 2500.109 1762.732 -64.3155 2500.2 1744.355 -52.0709 2475.716 1744.121 -50.7158 2475.395 1744.222 -50.7666 2475.89 1744.254 -52.0155 2475.222 1744.638 -52.098 2476.136 1744.218 -50.6485 2474.9 1744.505 -50.7933 2476.31 1744.349 -51.9401 2474.729 1744.927 -50.7922 2476.592 1744.497 -50.5759 2474.483 1745.06 -52.0926 2476.418 1744.627 -51.8562 2474.313 1745.423 -50.7642 2476.692 1744.916 -50.5095 2474.206 1745.555 -52.0555 2476.52 1745.045 -51.7766 2474.037 1745.918 -50.714 2476.596 1745.412 -50.4596 2474.11 1746.05 -51.9923 2476.425 1745.539 -51.7135 2473.943 1746.338 -50.6493 2476.318 1745.909 -50.4338 2474.21 1746.468 -51.9127 2476.149 1746.034 -51.6763 2474.044 1746.617 -50.5795 2475.9 1746.33 -50.4357 2474.492 1746.745 -51.8289 2475.733 1746.456 -51.6709 2474.326 1746.714 -50.5146 2475.406 1746.739 -51.698 2474.747 1746.84 -51.7535 2475.24 1746.613 -50.4642 2474.912 1700.574 -56.3741 2474.419 1700.852 -56.2902 2474.003 1700.437 -55.0336 2474.597 1700.712 -54.9245 2474.185 1700.344 -55.1322 2475.087 1701.27 -56.2106 2473.727 1700.479 -56.4495 2474.911 1701.128 -54.822 2473.912 1700.447 -55.2041 2475.579 1701.764 -56.1475 2473.632 1700.58 -56.5049 2475.406 1701.621 -54.7424 2473.82 1700.731 -55.2383 2475.998 1702.26 -56.1103 2473.734 1700.864 -56.532 2475.825 1702.116 -54.698 2473.922 1701.285 -56.5266 2476.108 1702.538 -54.6948 2474.205 1701.153 -55.2306 2476.281 1702.681 -56.1049 2474.016 1701.78 -56.4895 2476.209 1702.821 -54.7323 2474.623 1701.647 -55.1831 2476.384 1702.964 -56.132 2474.436 1702.275 -56.4263 2476.115 1702.924 -54.8042 2475.114 1702.139 -55.1036 2476.291 1703.066 -56.1875 2474.929 1702.692 -56.3467 2475.838 1702.831 -54.8994 2475.604 1702.555 -55.0042 2476.018 1702.97 -56.2629 2475.422</float_array>
          <technique_common>
            <accessor source="#Mesh3_002-mesh-positions-array" count="208" stride="3">
              <param name="X" type="float"/>
              <param name="Y" type="float"/>
              <param name="Z" type="float"/>
            </accessor>
          </technique_common>
        </source>
        <source id="Mesh3_002-mesh-normals">
          <float_array id="Mesh3_002-mesh-normals-array" count="549">-0.9948933 -0.1006861 -0.007048666 -0.9948706 -0.1009116 -0.00704503 0.994876 0.100855 0.007081568 0.9948953 0.1006677 0.007032811 -0.00630629 0.1315599 -0.9912882 -0.006270587 0.1315196 -0.9912937 0 -0.9214615 -0.3884699 -1.78047e-5 -0.9211062 -0.3893116 -6.63118e-6 -0.9904868 -0.1376087 0 -0.9906551 -0.1363908 -8.00676e-6 -0.9905961 0.1368194 8.04525e-6 -0.9904994 0.137517 1.78033e-5 -0.9210715 0.3893938 0 -0.9210846 0.3893628 0 -0.8660558 0.4999476 0 -0.8660571 0.4999451 0 -0.8660266 -0.4999979 0 -0.8660128 -0.5000221 0 -1 0 0.006321787 -0.1314621 0.9913011 0.006257832 -0.1315768 0.9912862 0.1008535 -0.9861739 -0.1314897 0.1002566 -0.9862315 -0.1315153 0.1008021 -0.9861682 -0.1315718 0.1009057 -0.9861562 -0.1315832 0.1006201 -0.9862088 -0.131407 0.1007663 -0.9861734 -0.1315615 0.1009106 -0.9861653 -0.1315104 0.1009564 -0.9861671 -0.1314628 0.1008834 -0.9861584 -0.1315835 0.1007685 -0.9861761 -0.1315393 0.1007727 -0.9861891 -0.1314378 0.1008278 -0.986176 -0.1314949 0.1008284 -0.986175 -0.131502 0.1008198 -0.9861783 -0.1314833 0.1008185 -0.9861768 -0.1314955 0.1008881 -0.9861571 -0.1315897 0.1010147 -0.9861425 -0.1316017 0.1009293 -0.986164 -0.131506 0.100728 -0.9861572 -0.1317119 0.1007965 -0.986162 -0.1316228 0.100613 -0.9862098 -0.131405 0.1006827 -0.9861877 -0.1315178 0.1008899 -0.9861356 -0.1317494 0.1008687 -0.9861549 -0.1316217 0.100911 -0.9861689 -0.1314837 0.1009115 -0.9861742 -0.1314436 0.1008601 -0.9861745 -0.1314803 0.1008791 -0.986159 -0.1315827 0.1008904 -0.9861668 -0.1315155 0.1006556 -0.9861748 -0.1316356 0.1008792 -0.986195 -0.1313128 0.1007922 -0.9861609 -0.1316345 0.1011061 -0.9861314 -0.131615 0.1014409 -0.9861292 -0.1313737 0.1007058 -0.9862075 -0.1313513 0.1007152 -0.9861882 -0.1314893 0.1008009 -0.9861789 -0.1314933 0.1008928 -0.9861943 -0.1313076 0.5556096 0 -0.8314434 0.8314626 0 -0.5555807 0.831424 0 -0.5556386 0.1950992 0 -0.9807835 0.9807823 0 -0.1951052 0.9807872 0 -0.1950813 -0.1950932 0 -0.9807847 0.9807823 0 0.1951052 -0.5556384 0 -0.8314241 0.8314626 0 0.5555807 0.8315013 0 0.555523 -0.8314337 0 -0.555624 0.555523 0 0.8315013 -0.8313951 0 -0.5556818 0.5556096 0 0.8314434 -0.9807884 0 -0.1950751 0.1950992 0 0.9807835 -0.9807931 0 -0.1950511 -0.9807884 0 0.1950751 -0.1950932 0 0.9807847 -0.8314337 0 0.555624 -0.5556384 0 0.8314241 -0.8314724 0 0.5555662 -0.555552 0 0.8314819 0.5998189 -0.7911885 -0.1193231 0.6051253 -0.7957748 -0.02379119 0.5896998 -0.7956628 -0.1384737 0.6010239 -0.7992087 -0.005981147 0.5074943 -0.7921042 -0.3391469 0.6000536 -0.7999258 0.007389426 0.4511381 -0.8033413 -0.3887382 0.6041316 -0.7965753 0.02219951 0.3406159 -0.7900448 -0.5097156 0.5997903 -0.791209 0.1193315 0.1688526 -0.8021115 -0.5728054 0.5897023 -0.7956556 0.1385043 0.1188831 -0.7929612 -0.5975611 0.5075935 -0.7920646 0.3390907 -0.118876 -0.7929748 -0.5975444 0.4511381 -0.8033413 0.3887382 -0.168824 -0.8021594 -0.5727466 0.3405994 -0.790068 0.5096909 -0.3406432 -0.7900315 -0.5097182 0.1688516 -0.8021142 0.5728018 -0.4511958 -0.8033217 -0.3887115 0.1188831 -0.7929612 0.5975611 -0.5074631 -0.7921167 -0.3391643 -0.118876 -0.7929748 0.5975444 -0.5897125 -0.7956411 -0.1385439 -0.1688147 -0.8021841 0.5727149 -0.5998383 -0.7911764 -0.1193069 -0.3406391 -0.7900372 0.5097119 -0.6051589 -0.7957916 -0.02233231 -0.4511958 -0.8033217 0.3887115 -0.601677 -0.7987056 -0.007378101 -0.5075623 -0.7920771 0.3391081 -0.60038 -0.7996745 0.008050799 -0.5896299 -0.7956972 0.1385734 -0.6027765 -0.7976227 0.02141332 -0.5998097 -0.7911968 0.1193154 0.9746346 0.1240055 -0.1863066 0.9746007 0.1244754 -0.1861705 0.8240876 0.1566057 -0.5443843 0.9770338 0.0729863 0.2001948 0.8237343 0.1567242 -0.5448849 0.9769559 0.07336819 0.2004352 0.5469414 0.1650536 -0.820739 0.8300609 0.01066535 0.5575708 0.5471096 0.165265 -0.8205844 0.8308539 0.01056873 0.5563903 0.1886354 0.1486066 -0.9707382 0.5568291 -0.05323892 0.8289192 0.1883082 0.1486619 -0.9707934 0.5581215 -0.05361145 0.8280256 -0.2000342 0.1093018 -0.9736732 0.2013422 -0.1093021 0.9734035 -0.2004606 0.1095573 -0.9735568 0.1992165 -0.1094815 0.9738206 -0.5578636 0.0534588 -0.8282092 -0.1885237 -0.1483962 0.9707921 -0.5577023 0.0536198 -0.8283074 -0.1880221 -0.1486508 0.9708505 -0.8307759 -0.01089167 -0.5565007 -0.5488146 -0.165103 0.8194777 -0.8307487 -0.01073586 -0.5565441 -0.5470581 -0.1654812 0.8205751 -0.9768246 -0.07297676 -0.2012165 -0.823907 -0.1569804 0.5445498 -0.9770494 -0.07308709 -0.2000826 -0.8241644 -0.1568279 0.5442043 -0.9746326 -0.1239788 0.186335 -0.9745481 -0.1243203 0.1865496 0.8306231 0.01079881 0.5567306 0.830044 0.01080238 0.5575933 0.97697 0.07276058 0.2005884 0.5581019 -0.05308222 0.8280728 0.9769701 0.07318258 0.200434 0.5575132 -0.05343848 0.8284465 0.9745035 0.1244641 -0.1866863 0.2002893 -0.1092875 0.9736224 0.974574 0.1243749 -0.1863771 0.2010619 -0.109624 0.9734253 0.823631 0.1567344 -0.545038 -0.1885449 -0.1489269 0.9707068 0.8234121 0.15705 -0.5452777 -0.1886618 -0.1487558 0.9707103 0.5480401 0.1654391 -0.819928 -0.5477818 -0.1651917 0.8201505 0.5474409 0.1653221 -0.8203518 -0.5474743 -0.1654881 0.8202961 0.1880544 0.1486399 -0.9708459 -0.823935 -0.1564062 0.5446727 0.1883251 0.1488105 -0.9707674 -0.8235175 -0.1570783 0.5451104 -0.2006967 0.1092934 -0.9735378 -0.9746813 -0.1245501 0.1856977 -0.2005779 0.1092633 -0.9735656 -0.9745506 -0.1246518 0.1863151 -0.558441 0.05293703 -0.8278535 -0.9769941 -0.07334321 -0.2002581 -0.5577293 0.05372297 -0.8282826 -0.9770545 -0.07301181 -0.2000844 -0.8304452 -0.01061046 -0.5569993 -0.8309461 -0.01078242 -0.5562484</float_array>
          <technique_common>
            <accessor source="#Mesh3_002-mesh-normals-array" count="183" stride="3">
              <param name="X" type="float"/>
              <param name="Y" type="float"/>
              <param name="Z" type="float"/>
            </accessor>
          </technique_common>
        </source>
        <vertices id="Mesh3_002-mesh-vertices">
          <input semantic="POSITION" source="#Mesh3_002-mesh-positions"/>
        </vertices>
        <triangles material="Material_2_002-material" count="196">
          <input semantic="VERTEX" source="#Mesh3_002-mesh-vertices" offset="0"/>
          <input semantic="NORMAL" source="#Mesh3_002-mesh-normals" offset="1"/>
          <p>0 0 1 0 2 0 3 1 2 1 1 1 4 2 5 2 6 2 6 3 7 3 4 3 8 4 9 4 10 4 11 5 10 5 9 5 12 6 13 6 14 6 14 7 13 7 15 7 16 8 14 8 15 8 17 9 16 9 15 9 18 10 16 10 17 10 18 11 17 11 19 11 18 12 19 12 20 12 21 13 20 13 19 13 20 14 21 14 22 14 22 15 23 15 20 15 24 16 25 16 26 16 26 17 27 17 24 17 24 18 27 18 28 18 28 18 29 18 24 18 30 18 29 18 28 18 31 18 32 18 33 18 31 18 33 18 34 18 35 18 34 18 33 18 36 19 37 19 38 19 38 20 39 20 36 20 40 21 41 21 42 21 41 22 40 22 43 22 44 23 40 23 42 23 43 24 45 24 41 24 42 25 46 25 44 25 45 26 47 26 41 26 48 27 46 27 42 27 49 28 41 28 47 28 48 29 42 29 50 29 41 30 49 30 51 30 52 31 50 31 42 31 41 32 51 32 53 32 52 33 42 33 54 33 51 34 55 34 53 34 54 35 56 35 52 35 57 36 55 36 51 36 58 37 53 37 55 37 59 38 56 38 54 38 56 39 60 39 52 39 57 40 61 40 55 40 58 41 62 41 53 41 54 42 63 42 59 42 52 43 60 43 64 43 57 44 65 44 61 44 66 45 53 45 62 45 63 46 54 46 67 46 64 47 60 47 68 47 69 48 65 48 57 48 53 49 66 49 70 49 71 50 67 50 54 50 68 51 60 51 72 51 65 52 69 52 73 52 70 53 74 53 53 53 71 54 54 54 74 54 72 55 73 55 68 55 69 56 75 56 73 56 53 57 74 57 54 57 75 58 68 58 73 58 76 59 77 59 78 59 79 60 78 60 77 60 78 59 80 59 76 59 81 61 79 61 77 61 76 62 80 62 82 62 83 63 79 63 81 63 80 62 84 62 82 62 81 64 85 64 83 64 86 65 82 65 84 65 83 66 85 66 87 66 84 65 88 65 86 65 89 66 83 66 87 66 86 67 88 67 90 67 91 68 89 68 87 68 88 67 92 67 90 67 87 69 93 69 91 69 94 70 90 70 92 70 95 71 91 71 93 71 92 72 96 72 94 72 97 73 95 73 93 73 98 74 94 74 96 74 99 75 95 75 97 75 100 76 98 76 96 76 97 75 101 75 99 75 102 77 98 77 100 77 103 78 99 78 101 78 100 77 104 77 102 77 105 78 103 78 101 78 102 79 104 79 106 79 107 80 103 80 105 80 104 81 107 81 106 81 105 82 106 82 107 82 108 83 109 83 110 83 109 84 111 84 110 84 110 85 112 85 108 85 109 86 113 86 111 86 112 87 114 87 108 87 113 88 109 88 115 88 116 89 114 89 112 89 117 90 115 90 109 90 114 91 116 91 118 91 119 92 117 92 109 92 118 93 116 93 120 93 119 94 121 94 117 94 122 95 118 95 120 95 121 96 119 96 123 96 120 97 124 97 122 97 125 98 121 98 123 98 124 99 120 99 126 99 125 100 123 100 127 100 126 101 128 101 124 101 127 102 129 102 125 102 126 103 130 103 128 103 129 104 127 104 131 104 130 105 132 105 128 105 131 106 133 106 129 106 132 107 130 107 134 107 133 108 135 108 129 108 132 109 134 109 136 109 137 110 135 110 133 110 134 111 138 111 136 111 135 112 137 112 139 112 140 113 136 113 138 113 139 114 137 114 141 114 136 115 140 115 142 115 143 116 139 116 141 116 136 117 142 117 143 117 141 118 136 118 143 118 144 119 145 119 146 119 145 120 144 120 147 120 144 121 146 121 148 121 149 122 145 122 147 122 150 123 148 123 146 123 149 124 147 124 151 124 148 125 150 125 152 125 151 126 153 126 149 126 154 127 148 127 152 127 153 128 151 128 155 128 154 129 152 129 156 129 155 130 157 130 153 130 156 131 158 131 154 131 159 132 157 132 155 132 156 133 160 133 158 133 157 134 159 134 161 134 162 135 158 135 160 135 161 136 159 136 163 136 160 137 164 137 162 137 161 138 163 138 165 138 164 139 166 139 162 139 165 140 163 140 167 140 164 141 168 141 166 141 165 142 167 142 169 142 166 143 168 143 170 143 167 144 171 144 169 144 168 145 172 145 170 145 171 146 173 146 169 146 170 147 172 147 174 147 173 148 175 148 169 148 174 149 172 149 175 149 173 150 174 150 175 150 176 151 177 151 178 151 179 152 178 152 177 152 178 153 180 153 176 153 181 154 179 154 177 154 176 155 180 155 182 155 181 156 183 156 179 156 182 157 180 157 184 157 181 158 185 158 183 158 186 159 182 159 184 159 185 160 187 160 183 160 186 161 184 161 188 161 185 162 189 162 187 162 186 163 188 163 190 163 191 164 187 164 189 164 190 165 188 165 192 165 189 166 193 166 191 166 192 167 188 167 194 167 189 168 195 168 193 168 194 169 196 169 192 169 195 170 197 170 193 170 198 171 196 171 194 171 195 172 199 172 197 172 198 173 200 173 196 173 197 174 199 174 201 174 200 175 198 175 202 175 199 176 203 176 201 176 204 177 200 177 202 177 205 178 201 178 203 178 206 179 204 179 202 179 205 180 203 180 207 180 204 181 206 181 207 181 207 182 206 182 205 182</p>
        </triangles>
      </mesh>
    </geometry>
    <geometry id="Mesh2_002-mesh" name="Mesh2.002">
      <mesh>
        <source id="Mesh2_002-mesh-positions">
          <float_array id="Mesh2_002-mesh-positions-array" count="105">1844.5 -48 2446.571 1844.5 -48 2451 1839.5 -48 2446.571 1839.5 -48 2451 1842 -48 2453.5 1842.957 -48 2453.31 1841.043 -48 2453.31 1843.768 -48 2452.768 1840.232 -48 2452.768 1844.31 -48 2451.957 1839.69 -48 2451.957 1839.5 -52 2448.234 1839.5 -48 2446.571 1839.5 -48 2451 1839.5 -52 2451 1839.69 -48 2451.957 1839.69 -52 2451.957 1840.232 -48 2452.768 1840.232 -52 2452.768 1841.043 -48 2453.31 1841.043 -52 2453.31 1842 -48 2453.5 1842 -52 2453.5 1842.957 -48 2453.31 1842.957 -52 2453.31 1843.768 -48 2452.768 1843.768 -52 2452.768 1844.31 -48 2451.957 1844.31 -52 2451.957 1844.5 -48 2451 1844.5 -52 2451 1844.5 -52 2451 1844.5 -48 2451 1844.5 -52 2448.234 1844.5 -48 2446.571</float_array>
          <technique_common>
            <accessor source="#Mesh2_002-mesh-positions-array" count="35" stride="3">
              <param name="X" type="float"/>
              <param name="Y" type="float"/>
              <param name="Z" type="float"/>
            </accessor>
          </technique_common>
        </source>
        <source id="Mesh2_002-mesh-normals">
          <float_array id="Mesh2_002-mesh-normals-array" count="45">0 -1 0 1 0 0 0.9807967 0 -0.1950334 0.9807776 0 -0.1951292 0.8314337 0 -0.555624 0.5556818 0 -0.8313951 0.1947201 0 -0.9808589 0.1952016 0 -0.9807631 -0.1952016 0 -0.9807631 -0.1947201 0 -0.9808589 -0.5556818 0 -0.8313951 -0.8314915 0 -0.5555375 -0.9807537 0 -0.1952496 -0.9807727 0 -0.1951537 -1 0 0</float_array>
          <technique_common>
            <accessor source="#Mesh2_002-mesh-normals-array" count="15" stride="3">
              <param name="X" type="float"/>
              <param name="Y" type="float"/>
              <param name="Z" type="float"/>
            </accessor>
          </technique_common>
        </source>
        <vertices id="Mesh2_002-mesh-vertices">
          <input semantic="POSITION" source="#Mesh2_002-mesh-positions"/>
        </vertices>
        <triangles material="Material_1_002-material" count="29">
          <input semantic="VERTEX" source="#Mesh2_002-mesh-vertices" offset="0"/>
          <input semantic="NORMAL" source="#Mesh2_002-mesh-normals" offset="1"/>
          <p>0 0 1 0 2 0 1 0 3 0 2 0 3 0 1 0 4 0 1 0 5 0 4 0 3 0 4 0 6 0 7 0 5 0 1 0 8 0 3 0 6 0 9 0 7 0 1 0 10 0 3 0 8 0 11 1 12 1 13 1 13 1 14 1 11 1 14 2 13 2 15 2 15 3 16 3 14 3 16 4 15 4 17 4 17 4 18 4 16 4 18 5 17 5 19 5 18 5 19 5 20 5 19 6 21 6 20 6 20 7 21 7 22 7 22 8 21 8 23 8 24 9 22 9 23 9 24 10 23 10 25 10 26 10 24 10 25 10 26 11 25 11 27 11 27 11 28 11 26 11 28 12 27 12 29 12 28 13 29 13 30 13 31 14 32 14 33 14 34 14 33 14 32 14</p>
        </triangles>
      </mesh>
    </geometry>
    <geometry id="Mesh1_002-mesh" name="Mesh1.002">
      <mesh>
        <source id="Mesh1_002-mesh-positions">
          <float_array id="Mesh1_002-mesh-positions-array" count="5805">1674.373 20.197 2561.903 1673.708 21.1019 2561.839 1673.706 20.1956 2561.941 1674.376 21.2926 2561.781 1674.526 22.9285 2561.551 1674.384 22.2585 2561.657 1674.73 22.2649 2561.702 1674.723 21.2972 2561.823 1675.158 22.6586 2561.853 1674.376 21.2926 2561.781 1675.034 21.3155 2561.983 1675.04 22.2876 2561.864 1675.33 22.994 2561.777 1674.978 20.0975 2562.079 1675.275 22.3237 2562.12 1674.919 23.4988 2561.444 1674.373 20.197 2561.903 1675.271 21.3449 2562.239 1675.552 22.8391 2562.364 1675.615 23.2586 2561.711 1673.586 22.922 2561.59 1674.376 21.2926 2561.781 1674.505 19.629 2562.153 1675.237 20.0758 2562.33 1675.405 21.9334 2562.496 1675.406 22.3689 2562.441 1675.33 22.994 2561.777 1675.506 23.8852 2561.359 1673.201 23.4871 2561.506 1673.717 22.2535 2561.687 1675.079 19.5804 2562.462 1674.108 19.5816 2562.221 1675.404 21.3818 2562.56 1675.404 21.3818 2562.56 1675.72 23.0195 2562.328 1675.511 24.7353 2561.199 1676.212 23.4385 2561.651 1674.927 25.1165 2561.132 1672.886 22.9025 2561.875 1674.384 22.2585 2561.657 1674.569 19.4136 2562.434 1673.706 20.1956 2561.941 1675.345 19.7876 2562.738 1675.404 20.0864 2562.701 1675.615 23.2586 2561.711 1676.209 24.6042 2561.211 1676.204 24.0266 2561.316 1673.219 25.1055 2561.173 1673.02 22.5596 2561.941 1672.642 23.1808 2561.825 1673.708 21.1019 2561.839 1674.921 19.3659 2562.801 1673.568 19.4132 2562.49 1673.601 19.6286 2562.204 1675.175 19.5347 2562.772 1676.227 23.198 2562.283 1676.204 24.0266 2561.316 1675.542 25.5605 2561.32 1678.271 24.0448 2561.269 1674.545 25.6824 2561.011 1672.618 23.8654 2561.456 1673.376 22.2645 2561.763 1674.376 21.2926 2561.781 1674.619 19.3067 2562.82 1676.212 23.4385 2561.651 1678.277 24.6222 2561.175 1675.859 25.4047 2561.357 1675.288 25.8055 2561.253 1678.393 23.4953 2561.543 1673.609 25.6765 2561.03 1672.63 24.7161 2561.277 1673.082 22.2919 2561.951 1673.717 22.2535 2561.687 1671.937 23.4226 2561.803 1673.063 19.5836 2562.573 1673.561 19.3066 2562.881 1677.673 23.1983 2562.238 1678.271 24.0448 2561.269 1676.211 25.2724 2561.317 1678.868 23.9582 2561.468 1672.789 25.7061 2561.333 1674.416 26.3448 2560.852 1675.12 26.1263 2561.159 1671.924 23.9959 2561.456 1672.485 25.4797 2561.414 1673.368 21.111 2561.917 1672.871 22.3322 2562.227 1673.708 21.1019 2561.839 1673.123 20.1022 2562.181 1673.258 19.3664 2562.898 1678.393 23.4953 2561.543 1676.209 24.6042 2561.211 1678.447 23.2927 2561.829 1678.926 24.5259 2561.422 1673.007 26.0254 2561.225 1673.748 26.3403 2560.862 1674.761 26.3589 2560.907 1671.928 24.5741 2561.332 1672.136 25.3637 2561.464 1673.076 21.133 2562.109 1672.715 22.6758 2562.515 1669.852 23.9844 2561.55 1672.893 20.0831 2562.46 1673.706 20.1956 2561.941 1673 19.5374 2562.898 1673.561 19.3066 2562.881 1678.277 24.6222 2561.175 1679.118 23.9489 2561.728 1673.404 26.3569 2560.926 1674.431 28.3965 2560.27 1674.416 26.3448 2560.852 1675.066 26.4014 2561.075 1671.931 25.2457 2561.418 1672.867 21.1651 2562.387 1672.886 22.9025 2561.875 1672.77 22.3806 2562.558 1669.75 23.4597 2561.858 1672.829 19.7932 2562.881 1678.485 23.1986 2562.214 1678.396 25.2316 2561.261 1679.097 23.4905 2562.149 1678.874 24.769 2561.34 1679.122 24.8609 2561.585 1673.748 26.3403 2560.862 1673.104 26.4022 2561.101 1673.762 28.3924 2560.27 1674.431 28.3965 2560.27 1675.026 28.5672 2560.425 1675.292 26.4671 2561.333 1669.855 24.5629 2561.419 1671.928 24.5741 2561.332 1672.768 20.7164 2562.779 1672.768 20.8382 2562.764 1672.77 22.3806 2562.558 1672.42 23.0543 2562.459 1669.715 23.2744 2562.151 1669.283 23.9174 2561.781 1672.768 20.0957 2562.848 1678.792 23.26 2562.201 1678.447 25.5149 2561.468 1679.26 23.8389 2562.122 1679.273 23.9758 2562.102 1673.762 28.3924 2560.27 1672.885 26.4706 2561.365 1673.168 28.563 2560.422 1675.458 26.2704 2561.719 1669.855 24.5629 2561.419 1672.768 20.7469 2562.775 1672.893 20.0831 2562.46 1672.769 20.9599 2562.75 1672.768 20.7773 2562.771 1672.769 21.2035 2562.721 1672.642 23.1808 2561.825 1669.154 23.4226 2562.447 1671.962 23.1978 2562.435 1669.218 24.5495 2561.697 1679.011 25.4501 2561.71 1676.221 25.7201 2561.824 1679.274 24.9551 2561.953 1672.922 28.6889 2560.656 1672.601 26.0371 2561.817 1674.549 29.0127 2560.277 1675.27 28.6926 2560.661 1675.288 25.8055 2561.253 1675.412 26.548 2561.652 1669.741 25.1773 2561.476 1672.768 20.0957 2562.848 1672.769 21.2035 2562.721 1669.407 23.2561 2562.488 1669.703 23.1978 2562.536 1669.052 23.9242 2562.043 1669.855 24.5629 2561.419 1678.786 25.6718 2561.824 1678.482 25.7272 2561.807 1675.859 25.4047 2561.357 1679.215 25.255 2561.906 1672.776 28.8334 2561.008 1672.774 26.5537 2561.686 1672.789 25.7061 2561.333 1673.041 29.278 2560.68 1673.644 29.0077 2560.273 1675.149 29.278 2560.683 1675.757 25.8683 2561.804 1669.702 25.4724 2561.669 1669.269 24.7264 2561.61 1668.981 23.6728 2562.419 1669.036 24.8358 2561.863 1679.044 25.5062 2561.86 1672.774 26.5537 2561.686 1672.315 25.797 2561.88 1672.836 29.1198 2560.913 1673.762 28.3924 2560.27 1673.596 29.3167 2560.44 1674.597 29.3213 2560.445 1675.415 28.8358 2561.016 1675.356 29.1252 2560.927 1675.542 25.5605 2561.32 1671.948 25.7087 2561.912 1669.176 25.3871 2561.876 1668.913 23.9705 2562.408 1668.913 23.9705 2562.408 1672.485 25.4797 2561.414 1673.007 29.3593 2560.827 1672.776 28.8334 2561.008 1674.929 29.5244 2560.782 1675.185 29.3662 2560.844 1669.687 25.7039 2561.994 1669.387 25.6479 2562.026 1668.907 24.953 2562.231 1672.136 25.3637 2561.464 1673.263 29.5183 2560.768 1673.566 29.5737 2560.745 1674.626 29.5768 2560.753 1669.687 25.7039 2561.994 1669.135 25.4866 2562.083 1668.966 25.2433 2562.156 1668.907 23.9787 2562.456 1671.948 25.7087 2561.912 1673.566 29.5737 2560.745 1668.907 24.953 2562.231 1671.931 25.2457 2561.418 1671.002 10.3701 2562.951 1671.58 9.6311 2562.943 1671.775 9.918701 2562.973 1674.526 7.6706 2562.799 1671.829 10.4316 2563.205 1674.721 7.9576 2562.835 1671.956 10.1775 2563.121 1671.712 10.6549 2563.201 1675.291 7.4197 2562.751 1672.101 10.3762 2563.367 1671.671 10.9043 2563.184 1675.289 8.133001 2563.014 1674.901 8.2142 2562.988 1672.024 10.7476 2563.825 1670.982 11.3049 2562.897 1675.562 8.138401 2562.987 1675.033 8.2154 2563.036 1671.712 10.6549 2563.201 1672.193 10.4904 2563.684 1675.045 8.4091 2563.238 1671.713 11.1576 2563.156 1667.415 12.2482 2563.148 1676.074 7.594 2562.691 1671.671 10.9043 2563.184 1672.193 10.4904 2563.684 1671.837 11.3895 2563.121 1671.58 9.6311 2562.943 1671.527 12.0671 2562.804 1676.184 6.318 2562.722 1675.82 8.2342 2562.956 1675.397 8.443901 2563.611 1671.996 10.9233 2563.864 1675.134 8.5187 2563.557 1671.244 13.1151 2562.781 1677.372 6.3192 2562.642 1674.526 7.6706 2562.799 1676.033 8.4111 2562.927 1675.562 8.138401 2562.987 1675.134 8.5187 2563.557 1671.713 11.1576 2563.156 1672.035 11.5722 2563.082 1672.423 12.3613 2562.716 1667.416 13.1097 2563.083 1676.657 8.1435 2562.632 1675.668 8.5056 2563.617 1672.022 11.0798 2563.865 1672.289 11.6799 2563.044 1675.072 13.1205 2562.479 1677.375 8.4487 2562.562 1676.175 8.6498 2562.901 1675.82 8.2342 2562.956 1672.098 11.2267 2563.833 1675.372 12.3655 2562.508 1672.444 11.7364 2562.989 1676.872 8.911601 2562.588 1676.533 8.9149 2562.671 1676.033 8.4111 2562.927 1671.837 11.3895 2563.121 1675.765 13.2586 2562.426 1675.377 12.0274 2562.59 1677.378 10.5782 2562.481 1676.242 8.922901 2562.866 1676.872 8.911601 2562.588 1675.867 8.6934 2563.569 1672.213 11.3381 2563.77 1675.947 12.253 2562.478 1675.372 12.3655 2562.508 1675.39 11.7376 2562.781 1676.875 10.8759 2562.497 1676.037 8.9344 2563.149 1676.245 10.8901 2562.773 1676.535 10.8801 2562.579 1676.175 8.6498 2562.901 1672.035 11.5722 2563.082 1676.351 13.6474 2562.364 1675.408 11.5312 2563.061 1675.669 11.675 2562.781 1677.516 11.2639 2562.438 1676.039 10.9046 2563.055 1675.867 8.6934 2563.569 1676.875 10.8759 2562.497 1672.289 11.6799 2563.044 1675.685 13.9806 2562.646 1677.911 13.6492 2562.275 1672.49 11.4334 2563.6 1676.761 11.4478 2562.474 1675.942 10.9218 2563.391 1675.942 8.948101 2563.485 1676.208 11.0758 2562.78 1672.49 11.4334 2563.6 1675.978 14.2255 2562.601 1675.075 13.4662 2562.517 1678.497 13.2622 2562.269 1676.743 14.2281 2562.302 1675.917 11.5422 2562.77 1675.43 11.4332 2563.394 1675.63 11.3906 2563.41 1677.908 11.8446 2562.384 1675.899 11.1239 2563.408 1676.104 11.3339 2562.77 1672.444 11.7364 2562.989 1675.072 13.1205 2562.479 1675.328 13.8468 2562.686 1678.483 14.0433 2562.466 1678.494 12.2333 2562.33 1677.521 14.2286 2562.258 1676.435 11.9307 2562.467 1672.49 11.4328 2563.604 1678.311 11.2942 2562.646 1676.175 14.5553 2562.557 1667.416 13.1097 2563.083 1675.438 14.2221 2563.215 1675.085 13.7782 2562.67 1678.227 14.3255 2562.459 1678.818 13.8572 2562.459 1679.186 12.3714 2562.285 1676.882 14.9135 2562.245 1678.134 10.9595 2562.681 1678.592 11.5554 2562.609 1675.791 11.2822 2563.415 1676.541 14.9194 2562.324 1667.312 13.7152 2563.242 1675.101 14.0186 2562.921 1675.685 14.3823 2563.189 1679.19 13.4726 2562.281 1679.187 13.127 2562.241 1677.385 14.9144 2562.217 1678.077 14.6746 2562.439 1677.725 10.5802 2562.521 1675.917 11.5422 2562.77 1676.249 14.9335 2562.516 1676.882 14.9135 2562.245 1675.085 13.7782 2562.67 1666.842 13.2464 2563.324 1675.122 14.1584 2563.239 1675.978 14.2255 2562.601 1679.198 13.7836 2562.436 1679.187 13.127 2562.241 1680.382 12.3733 2562.225 1676.882 14.9568 2562.241 1677.732 14.9174 2562.26 1678.038 10.5879 2562.678 1677.378 10.5782 2562.481 1679.191 12.0327 2562.364 1675.63 11.3906 2563.41 1676.041 14.9541 2562.797 1676.299 15.0913 2562.461 1676.882 14.9568 2562.241 1667.286 13.979 2563.484 1666.785 13.8339 2563.634 1666.794 12.8175 2563.403 1667.291 14.1556 2563.848 1675.865 14.63 2563.161 1680.51 13.7306 2562.336 1679.211 14.0223 2562.689 1680.384 13.129 2562.182 1680.384 13.129 2562.182 1677.385 14.9577 2562.214 1677.385 14.9144 2562.217 1678.043 14.929 2562.419 1678.277 10.6004 2562.933 1677.978 6.2052 2562.8 1677.372 6.3192 2562.642 1679.186 12.3714 2562.285 1678.949 11.7097 2562.573 1675.669 11.675 2562.781 1666.622 13.3169 2563.602 1667.415 12.2482 2563.148 1678.984 14.1969 2563.019 1677.385 14.9577 2562.214 1677.988 15.0879 2562.368 1678.281 14.9476 2562.675 1678.24 6.1626 2563.046 1678.505 10.9909 2563.23 1680.382 12.3733 2562.225 1679.201 11.7417 2562.555 1679.215 11.5337 2562.833 1675.943 14.9788 2563.132 1676.068 15.1602 2562.73 1676.772 15.5615 2562.397 1666.991 14.097 2563.884 1666.57 13.6761 2563.962 1666.811 12.202 2563.432 1666.605 12.1982 2563.721 1680.57 13.9902 2562.577 1679.227 14.16 2563.008 1678.699 14.3543 2563.024 1677.988 15.0879 2562.368 1678.044 14.929 2562.419 1678.469 14.6783 2563.015 1678.412 6.1427 2563.415 1678.413 10.6162 2563.255 1678.311 11.2942 2562.646 1678.125 5.624 2563.239 1680.512 11.7926 2562.444 1678.924 11.3734 2563.186 1676.215 15.6984 2562.816 1677.2 15.6166 2562.411 1666.739 13.9288 2563.925 1666.511 13.3764 2563.989 1667.032 11.7862 2563.439 1681.153 13.905 2562.827 1679.227 14.16 2563.008 1678.483 14.0433 2562.466 1677.512 15.5614 2562.357 1678.227 14.3255 2562.459 1678.415 14.9711 2562.997 1678.413 10.6162 2563.255 1678.685 11.224 2563.207 1677.505 5.7327 2562.842 1678.353 5.8409 2563.429 1679.201 11.7417 2562.555 1680.986 12.2644 2562.398 1679.232 11.4339 2563.166 1675.943 15.2181 2563.114 1676.002 15.5186 2563.089 1676.736 15.8246 2562.64 1677.385 14.9577 2562.214 1666.907 11.6282 2563.731 1671.469 8.7456 2563.24 1666.511 12.2103 2564.079 1680.986 13.2571 2562.342 1680.921 14.1014 2562.938 1680.617 14.1605 2562.943 1678.16 15.746 2562.85 1677.372 6.3192 2562.642 1677.571 5.4947 2563.104 1678.182 5.5858 2563.445 1678.412 6.1427 2563.415 1680.573 11.562 2562.713 1681.111 11.7054 2562.82 1676.172 15.7722 2563.059 1676.426 15.9412 2563.03 1677.574 15.8246 2562.594 1666.603 11.8402 2564.097 1676.184 6.318 2562.722 1681.243 13.3206 2562.588 1680.384 13.129 2562.182 1681.177 13.931 2562.939 1680.617 14.1605 2562.943 1678.247 15.1551 2562.611 1676.931 5.6813 2562.924 1677.928 5.4156 2563.463 1679.215 11.5337 2562.833 1681.243 12.2289 2562.649 1676.727 16.0001 2563.005 1666.857 11.5558 2564.089 1675.874 5.7751 2562.99 1675.778 5.5876 2563.27 1681.348 13.6752 2562.947 1681.04 12.8196 2562.407 1678.355 15.5153 2562.964 1678.281 14.9476 2562.675 1677.927 15.9415 2562.951 1676.167 5.4683 2563.244 1677.625 5.356 2563.481 1680.621 11.4341 2563.095 1680.924 11.4937 2563.081 1681.348 11.9183 2563.042 1677.623 16.0005 2562.957 1675.739 5.4926 2563.61 1676.161 5.6874 2562.971 1681.408 13.3719 2562.959 1680.382 12.3733 2562.225 1678.184 15.771 2562.953 1678.415 15.2119 2562.98 1678.044 14.929 2562.419 1678.415 14.9711 2562.997 1677.623 16.0005 2562.957 1679.232 11.4339 2563.166 1680.621 11.4341 2563.095 1681.178 11.6636 2563.062 1681.408 12.2194 2563.021 1676.183 5.3558 2563.58 1681.408 12.2194 2563.021 1678.415 15.2119 2562.98 1681.408 13.3719 2562.959 1675.085 13.7782 2562.67 1675.101 14.0186 2562.921 1675.085 13.7782 2562.67 1675.075 13.4662 2562.517 1675.159 0.1298 2562.866 1674.447 0.04799997 2562.922 1674.57 -0.2737 2562.971 1670.995 -1.5901 2563.268 1674.978 -0.548 2563.152 1671.115 -1.8746 2563.428 1670.872 -1.268 2563.221 1674.688 -0.5572 2563.135 1675.253 -0.5807 2563.121 1671.075 -1.9404 2563.47 1670.158 -1.817 2563.282 1674.787 -0.7681 2563.394 1675.828 -0.1237 2562.813 1671.217 -2.087 2563.684 1670.856 -2.0993 2563.496 1675.098 -0.8591 2563.744 1677.3 0.7924 2562.709 1675.503 -0.7042 2563.093 1670.702 -2.3159 2563.511 1674.854 -0.8808 2563.716 1675.253 -0.5807 2563.121 1671.288 -2.2017 2564.005 1678.142 1.4513 2562.652 1676.982 -0.221 2562.726 1675.697 -0.9053 2563.069 1671.068 -2.3931 2564.134 1669.89 -2.6732 2563.293 1675.329 -0.947 2563.742 1674.854 -0.8808 2563.716 1674.447 0.04799997 2562.922 1676.303 -0.6571 2562.772 1670.625 -2.5678 2563.515 1667.465 -1.7347 2563.553 1675.503 -0.7042 2563.093 1680.371 3.3925 2562.502 1676.475 -1.3497 2562.75 1676.136 -1.3509 2562.837 1670.632 -2.8319 2563.507 1670.872 -1.268 2563.221 1667.465 -3.5336 2563.52 1675.697 -0.9053 2563.069 1680.37 2.3013 2562.508 1676.98 -5.0264 2562.623 1675.811 -1.1606 2563.053 1676.475 -1.3497 2562.75 1670.164 -3.5258 2563.248 1675.493 -1.1293 2563.711 1676.473 -3.9548 2562.695 1675.848 -1.3538 2563.035 1675.645 -1.3579 2563.32 1676.473 -3.9548 2562.695 1670.725 -3.0836 2563.487 1670.88 -4.0676 2563.166 1676.303 -4.6444 2562.687 1676.135 -3.9572 2562.781 1675.493 -1.1293 2563.711 1670.897 -3.2958 2563.456 1674.454 -5.357 2562.81 1675.831 -5.1774 2562.706 1675.847 -3.9629 2562.98 1675.553 -1.3628 2563.657 1671.002 -3.7473 2563.224 1680.366 -8.5151 2562.236 1675.647 -4.4787 2562.998 1677.308 -6.0557 2562.56 1675.645 -3.971 2563.265 1675.782 -4.2365 2562.994 1670.88 -4.0676 2563.166 1671.121 -3.4691 2563.395 1678.169 -6.7091 2562.471 1675.436 -4.6604 2563.012 1675.164 -5.4343 2562.749 1675.553 -1.3628 2563.657 1674.454 -5.357 2562.81 1671.222 -3.2667 2563.66 1674.576 -5.0372 2562.872 1680.366 -7.5018 2562.286 1675.177 -4.7601 2563.036 1675.553 -3.9806 2563.603 1675.493 -4.2144 2563.646 1671.071 -2.9776 2564.122 1674.694 -4.7603 2563.047 1675.553 -3.9806 2563.603 1670.725 -3.0836 2563.487 1671.293 -3.1647 2563.985 1674.792 -4.5602 2563.314 1674.901 -4.7669 2563.067 1670.632 -2.8319 2563.507 1675.102 -4.4835 2563.667 1670.98 -2.6906 2564.182 1674.859 -4.4608 2563.641 1675.436 -4.6604 2563.012 1670.625 -2.5678 2563.515 1675.331 -4.3966 2563.669 1671.068 -2.3931 2564.134 1675.647 -4.4787 2562.998 1670.702 -2.3159 2563.511 1675.493 -4.2144 2563.646 1670.856 -2.0993 2563.496 1675.782 -4.2365 2562.994 1673.837 1.4874 2563.217 1680.371 3.3925 2562.502 1680.327 3.9792 2562.675 1667.465 -1.7347 2563.553 1680.317 4.2421 2562.92 1667.184 -1.1968 2563.803 1680.92 4.1717 2562.867 1667.095 -0.9925 2564.081 1666.873 -1.6548 2563.832 1680.946 3.56 2562.643 1680.703 4.475 2563.31 1680.325 4.4219 2563.327 1666.847 -2.6572 2563.842 1681.213 3.6362 2562.875 1680.371 3.3925 2562.502 1680.325 4.4219 2563.327 1681.024 4.304 2563.127 1667.066 -0.8798 2564.441 1666.665 -1.6264 2564.122 1667.465 -3.5336 2563.52 1681.03 2.9316 2562.704 1681.315 4.061 2563.283 1681.06 4.3446 2563.294 1666.706 -1.1703 2564.481 1666.873 -3.6243 2563.795 1666.665 -3.6637 2564.084 1681.251 2.1852 2562.935 1681.405 3.6897 2563.276 1680.37 2.3013 2562.508 1667.066 -0.8798 2564.441 1666.571 -1.6131 2564.489 1667.186 -4.0818 2563.749 1680.998 2.2173 2562.683 1681.405 3.6897 2563.276 1667.099 -4.2971 2564.019 1673.857 -6.7008 2563.05 1666.571 -3.6908 2564.451 1680.812 1.5494 2562.959 1681.405 2.1676 2563.283 1666.708 -4.1362 2564.426 1680.366 -8.5151 2562.236 1680.681 1.7587 2562.701 1681.267 1.7211 2563.292 1667.071 -4.4235 2564.374 1680.326 -9.1092 2562.382 1680.318 -9.382901 2562.616 1678.485 0.6413 2563.132 1680.899 1.4316 2563.309 1681.405 2.1676 2563.283 1680.329 -9.5803 2563.014 1680.942 -8.687601 2562.365 1678.387 0.8498 2562.871 1678.549 0.5308 2563.455 1680.932 -9.3255 2562.587 1681.027 -8.1478 2562.45 1680.706 -9.6301 2562.992 1678.268 1.1312 2562.704 1678.187 0.7456 2562.887 1680.899 1.4316 2563.309 1680.366 -7.5018 2562.286 1681.21 -8.7735 2562.594 1680.37 2.3013 2562.508 1678.239 0.32 2563.476 1681.029 -9.455901 2562.832 1680.994 -7.4244 2562.462 1681.248 -7.4031 2562.714 1681.314 -9.2141 2562.98 1678.142 1.4513 2562.652 1680.998 2.2173 2562.683 1677.904 0.4856 2562.911 1678.549 0.5308 2563.455 1681.062 -9.4975 2562.979 1680.671 -6.9651 2562.503 1681.404 -8.8443 2562.99 1677.3 0.7924 2562.709 1678.098 0.1065 2563.486 1680.8 -6.7657 2562.77 1678.29 -6.3897 2562.537 1681.404 -7.4008 2563.063 1677.722 0.151 2562.924 1681.262 -6.9492 2563.094 1678.169 -6.7091 2562.471 1678.406 -6.1143 2562.716 1678.502 -5.9162 2562.986 1677.33 -0.2213 2562.762 1677.886 -0.2247999 2563.168 1680.887 -6.6627 2563.125 1677.308 -6.0557 2562.56 1678.072 -5.9143 2562.756 1678.565 -5.8194 2563.314 1676.982 -0.221 2562.726 1677.644 -0.2226 2562.916 1678.027 -0.2276 2563.488 1678.233 -5.5941 2563.348 1677.328 -5.0277 2562.658 1677.643 -5.0329 2562.811 1677.885 -5.0416 2563.063 1677.827 -5.6188 2562.793 1676.98 -5.0264 2562.623 1678.026 -5.0525 2563.383 1677.693 -5.2631 2562.822 1677.827 -5.6188 2562.793 1678.027 -0.2276 2563.488 1678.1 -5.3899 2563.365 1677.673 -5.0337 2562.834 1677.885 -5.0416 2563.063 1678.026 -5.0525 2563.383 1677.643 -5.0329 2562.811 1677.673 -5.0337 2562.834 1677.885 -5.0416 2563.063 1675.542 -15.1137 2562.112 1676.395 -18.6905 2561.696 1676.392 -15.1142 2562.048 1675.545 -18.6897 2561.757 1676.058 -14.4935 2562.364 1676.392 -15.1142 2562.048 1676.528 -14.5412 2562.284 1675.542 -15.1137 2562.112 1676.597 -14.3202 2562.559 1675.441 -14.5416 2562.365 1677.117 -14.4788 2562.604 1675.413 -14.3204 2562.647 1674.964 -15.0164 2562.362 1677 -15.0104 2562.209 1676.955 -14.2649 2562.92 1676.654 -14.2059 2562.943 1674.902 -14.4823 2562.77 1674.915 -17.023 2562.218 1677.263 -14.9833 2562.455 1676.392 -15.1142 2562.048 1677.208 -14.4336 2562.889 1676.654 -14.2059 2562.943 1675.414 -14.2058 2563.037 1675.11 -14.266 2563.06 1674.739 -14.9919 2562.644 1675.545 -18.6897 2561.757 1677.378 -14.6864 2562.856 1677.056 -17.0264 2562.059 1674.853 -14.4375 2563.068 1674.682 -14.6941 2563.06 1674.965 -18.8325 2561.983 1674.74 -18.911 2562.254 1677.437 -14.9865 2562.823 1677.264 -18.9005 2562.071 1676.395 -18.6905 2561.696 1674.622 -14.9967 2563.034 1675.437 -19.2998 2561.895 1674.622 -18.9822 2562.637 1677 -18.8252 2561.834 1677.437 -14.9865 2562.823 1674.894 -19.4404 2562.296 1676.061 -19.3555 2561.884 1674.681 -19.2816 2562.601 1677.081 -19.3912 2562.054 1677.438 -18.97 2562.434 1676.395 -18.6905 2561.696 1675.405 -19.5709 2562.129 1676.523 -19.2986 2561.815 1677.378 -19.2733 2562.409 1674.85 -19.5331 2562.56 1676.588 -19.5701 2562.042 1675.103 -19.7006 2562.52 1677.438 -18.97 2562.434 1677.187 -19.508 2562.313 1676.644 -19.7589 2562.398 1675.402 -19.7585 2562.487 1676.948 -19.6998 2562.388 1677.206 -19.5292 2562.392 1676.644 -19.7589 2562.398 1678.126 -15.8367 2438.141 1676.016 -15.8353 2437.99 1678.126 -15.1751 2438.081 1676.016 -15.1739 2437.929 1675.326 -15.9711 2437.95 1675.322 -15.0362 2437.864 1674.74 -16.359 2437.942 1675.32 -16.761 2437.774 1674.738 -14.6482 2437.784 1675.065 -17.0397 2437.784 1675.653 -16.576 2437.783 1675.435 -14.3643 2437.56 1673.089 -16.3586 2437.809 1674.349 -16.9392 2437.968 1676.018 -16.182 2437.961 1675.157 -14.1012 2437.504 1676.023 -14.838 2437.839 1673.48 -16.9386 2437.898 1673.086 -14.6483 2437.649 1674.913 -17.3846 2437.813 1676.029 -16.4979 2437.816 1676.016 -15.8353 2437.99 1674.347 -14.0683 2437.704 1676.016 -15.1739 2437.929 1675.791 -14.5208 2437.612 1672.714 -16.9488 2437.572 1672.505 -15.9703 2437.721 1673.618 -17.6239 2437.98 1674.56 -17.6278 2437.993 1676.048 -16.7448 2437.572 1678.126 -15.8367 2438.141 1674.985 -13.7675 2437.45 1678.126 -15.1751 2438.081 1676.038 -14.5535 2437.639 1676.059 -14.3548 2437.355 1672.418 -16.7092 2437.509 1672.914 -17.2754 2437.635 1672.501 -15.0358 2437.634 1673.478 -14.0683 2437.632 1674.212 -17.6243 2438.027 1674.875 -17.6436 2437.842 1674.212 -17.6243 2438.027 1675.851 -16.9231 2437.244 1678.255 -16.4428 2438.01 1674.557 -13.3853 2437.603 1678.26 -14.6019 2437.844 1675.744 -14.1922 2436.987 1673.28 -17.6331 2437.892 1672.556 -14.302 2437.335 1671.811 -15.8326 2437.647 1671.813 -16.1793 2437.62 1672.812 -14.0171 2437.332 1674.209 -13.3826 2437.636 1673.62 -19.6751 2438.206 1675.119 -17.6696 2437.593 1674.82 -19.8111 2438.119 1674.214 -19.6756 2438.253 1676.071 -16.8928 2437.258 1675.32 -16.761 2437.774 1678.732 -15.9692 2437.998 1676.029 -16.4985 2437.815 1674.873 -13.3974 2437.453 1674.209 -13.3826 2437.636 1678.733 -15.0714 2437.916 1678.328 -14.3807 2437.569 1675.515 -14.037 2436.955 1676.084 -14.266 2437.019 1673.618 -17.6239 2437.98 1672.993 -17.6538 2437.693 1672.217 -14.4841 2437.319 1671.81 -15.1713 2437.586 1672.063 -16.5819 2437.453 1672.954 -13.6647 2437.31 1673.615 -13.3824 2437.587 1674.214 -19.6756 2438.253 1675.29 -17.4891 2437.256 1675.085 -19.8881 2437.884 1678.374 -16.8932 2437.419 1675.506 -17.1216 2437.236 1678.788 -15.6181 2437.927 1678.81 -16.5293 2437.771 1678.32 -16.7105 2437.779 1675.117 -13.4174 2437.203 1674.817 -11.224 2437.328 1674.208 -11.3314 2437.483 1678.849 -14.5391 2437.52 1675.157 -14.1012 2437.504 1673.62 -19.6751 2438.206 1672.792 -17.6836 2437.409 1673.22 -19.7679 2438.097 1671.818 -14.8358 2437.495 1669.712 -15.8313 2437.456 1669.712 -15.8313 2437.456 1671.826 -16.4956 2437.476 1672.22 -16.9679 2436.957 1673.277 -13.3896 2437.497 1674.208 -11.3314 2437.483 1675.065 -17.0397 2437.784 1675.261 -17.7026 2437.275 1675.261 -17.7026 2437.275 1674.342 -20.2827 2438.139 1675.01 -20.4977 2437.646 1678.994 -16.0406 2437.76 1675.083 -11.1919 2437.085 1675.348 -13.8112 2436.923 1678.995 -15.0442 2437.669 1678.684 -14.3251 2437.206 1678.384 -14.2661 2437.185 1673.227 -19.7668 2438.102 1672.627 -17.3768 2437.031 1672.87 -19.8046 2437.783 1671.836 -14.5518 2437.295 1671.81 -15.1713 2437.586 1669.608 -16.4362 2437.311 1669.711 -15.1701 2437.393 1671.847 -16.7431 2437.233 1672.46 -17.1357 2436.993 1672.99 -13.4057 2437.298 1673.615 -13.3824 2437.587 1673.614 -11.3312 2437.433 1675.262 -19.9602 2437.522 1675.133 -20.3926 2437.56 1678.679 -16.834 2437.43 1679.107 -16.4074 2437.416 1675.26 -11.1877 2436.719 1675.26 -13.443 2436.885 1674.949 -10.6772 2436.921 1674.345 -10.7538 2437.259 1679.108 -14.7469 2437.268 1678.938 -14.4939 2437.236 1673.544 -20.0823 2438.163 1672.702 -17.7188 2437.072 1672.714 -16.9488 2437.572 1672.702 -18.3031 2437.135 1672.894 -19.8696 2437.824 1669.616 -14.5991 2437.135 1671.861 -14.3539 2437.01 1669.711 -15.1701 2437.393 1669.138 -15.9725 2437.217 1671.054 -16.8918 2436.847 1671.875 -16.892 2436.919 1672.979 -13.4067 2437.286 1673.038 -11.2293 2437.18 1673.614 -11.3312 2437.433 1674.409 -20.5557 2437.917 1675.262 -19.9602 2437.522 1679.167 -16.104 2437.394 1678.916 -16.6424 2437.511 1675.201 -10.8869 2436.691 1674.012 -10.7053 2437.187 1679.167 -15.0471 2437.3 1672.705 -19.8558 2437.344 1672.702 -17.7188 2437.072 1671.836 -14.5514 2437.294 1672.103 -14.2379 2436.691 1669.081 -16.5644 2436.92 1671.875 -16.892 2436.919 1669.581 -16.7037 2437.077 1672.79 -13.4288 2437.011 1672.99 -13.4057 2437.297 1673.56 -20.4907 2437.921 1674.787 -20.6835 2437.571 1678.936 -16.6633 2437.428 1674.416 -10.5274 2436.989 1675.032 -10.6335 2436.661 1672.894 -19.8696 2437.824 1669.593 -14.379 2436.852 1671.891 -14.2658 2436.675 1672.556 -14.302 2437.335 1668.918 -16.0483 2436.939 1669.586 -16.8887 2436.721 1672.661 -13.7081 2436.692 1673.515 -10.7543 2437.189 1672.816 -11.1994 2436.897 1673.592 -20.7382 2437.527 1673.542 -20.0907 2438.161 1674.467 -20.7478 2437.564 1674.778 -10.4644 2436.632 1673.489 -10.5277 2436.912 1672.706 -19.9682 2437.363 1671.861 -14.3539 2437.01 1669.086 -14.544 2436.73 1672.431 -14.0607 2436.703 1668.868 -16.4132 2436.592 1669.09 -15.6157 2437.136 1669.287 -16.8287 2436.691 1672.812 -14.0171 2437.332 1672.701 -13.456 2436.675 1672.978 -10.6861 2436.778 1674.467 -20.7478 2437.564 1673.491 -20.4624 2437.942 1673.544 -20.0823 2438.163 1674.477 -10.4053 2436.607 1673.492 -10.4053 2436.525 1672.768 -20.2567 2437.429 1669.6 -14.2657 2436.462 1669.138 -15.0745 2437.132 1669.297 -14.3261 2436.434 1669.036 -16.6622 2436.644 1668.808 -16.1152 2436.554 1668.919 -15.0515 2436.845 1669.712 -15.8313 2437.456 1669.586 -16.8887 2436.721 1672.701 -11.1965 2436.506 1672.761 -10.8937 2436.487 1674.214 -19.6756 2438.253 1673.189 -10.4655 2436.498 1672.938 -20.4962 2437.505 1671.891 -14.2658 2436.675 1669.711 -15.1701 2437.393 1669.04 -14.4979 2436.422 1669.6 -14.2657 2436.462 1668.808 -15.9638 2436.539 1672.933 -10.6369 2436.486 1673.62 -19.6751 2438.206 1673.491 -20.4624 2437.942 1672.935 -20.5017 2437.485 1668.868 -14.755 2436.427 1668.808 -16.1152 2436.554 1668.808 -15.058 2436.453 1673.22 -19.7679 2438.097 1673.184 -20.6702 2437.517 1668.808 -15.058 2436.453 1673.542 -20.0907 2438.161 1673.48 -20.7362 2437.524 1671.861 -14.3539 2437.01 1671.836 -14.5518 2437.295 1671.836 -14.5514 2437.294 1672.79 -13.4288 2437.011 1672.99 -13.4057 2437.297 1672.99 -13.4057 2437.298 1673.48 -20.7362 2437.524 1673.491 -20.4624 2437.942 1673.592 -20.7382 2437.527 1673.56 -20.4907 2437.921 1673.22 -19.7679 2438.097 1673.227 -19.7668 2438.102 1673.544 -20.0823 2438.163 1673.542 -20.0907 2438.161 1675.133 -20.3926 2437.56 1674.787 -20.6835 2437.571 1675.01 -20.4977 2437.646 1676.048 -16.7448 2437.572 1676.029 -16.4979 2437.816 1676.029 -16.4985 2437.815 1676.018 -16.182 2437.961 1676.472 27.5356 2439.466 1676.442 24.0331 2438.69 1675.592 24.0261 2438.668 1675.621 27.5293 2439.468 1674.629 23.9821 2437.796 1674.627 23.9836 2437.785 1674.632 27.9421 2438.719 1674.768 23.9461 2438.175 1674.78 27.8107 2439.076 1674.689 23.6954 2437.787 1674.692 28.2318 2438.805 1674.958 26.0738 2438.839 1674.848 23.4499 2437.763 1674.896 28.4018 2439.025 1675.007 23.9482 2438.443 1675.026 27.6936 2439.313 1674.864 28.4744 2438.882 1675.592 24.0261 2438.668 1675.621 27.5293 2439.468 1675.482 23.4831 2438.375 1675.12 28.6358 2438.934 1675.503 28.1437 2439.444 1675.592 24.0261 2438.668 1675.44 23.2869 2438.082 1675.454 28.4464 2439.267 1676.472 27.5356 2439.466 1676.566 23.4886 2438.408 1676.621 23.2904 2438.119 1675.083 23.2786 2437.729 1675.422 28.6923 2438.952 1676.59 28.1511 2439.435 1676.442 24.0331 2438.69 1676.66 23.2027 2437.731 1675.364 23.2045 2437.687 1676.638 28.453 2439.255 1677.066 27.7006 2439.302 1677.04 23.9495 2438.492 1677.257 23.4807 2437.823 1675.42 23.2025 2437.69 1675.42 23.2025 2437.69 1676.665 28.6964 2438.937 1677.187 28.3985 2439.021 1677.113 26.0581 2438.852 1676.803 23.2155 2437.737 1676.967 28.6435 2438.909 1677.31 27.8169 2439.061 1677.291 23.9444 2438.233 1676.66 23.2027 2437.731 1677.223 28.4833 2438.852 1677.394 28.2392 2438.778 1677.447 23.9775 2437.859 1677.453 27.9464 2438.701 1677.447 23.9775 2437.859 1670.993 -1.4119 2436.791 1671.571 -0.6735 2436.836 1671.767 -0.9590001 2436.796 1674.521 1.2919 2437.08 1671.806 -1.4526 2436.56 1674.716 1.0071 2437.035 1671.949 -1.2109 2436.639 1671.69 -1.6848 2436.549 1675.284 1.5441 2437.141 1672.097 -1.3986 2436.385 1671.655 -1.9392 2436.549 1675.289 0.845 2436.857 1674.897 0.757 2436.874 1672.024 -1.7487 2435.912 1670.971 -2.3474 2436.803 1675.563 0.8392 2436.886 1675.032 0.761 2436.828 1671.69 -1.6848 2436.549 1672.192 -1.4994 2436.065 1675.042 0.5718 2436.617 1671.702 -2.1921 2436.562 1667.404 -3.2972 2436.468 1676.067 1.3718 2437.2 1671.655 -1.9392 2436.549 1672.192 -1.4994 2436.065 1671.828 -2.42 2436.585 1671.515 -3.1101 2436.869 1671.571 -0.6735 2436.836 1675.82 0.7422 2436.914 1676.18 2.6474 2437.213 1675.396 0.5519 2436.247 1671.996 -1.9185 2435.866 1675.133 0.4741 2436.296 1671.23 -4.1581 2436.845 1676.031 0.564 2436.937 1674.521 1.2919 2437.08 1677.369 2.6483 2437.298 1675.563 0.8392 2436.886 1675.133 0.4741 2436.296 1672.02 -2.0774 2435.857 1672.026 -2.5987 2436.616 1672.41 -3.4026 2436.956 1667.403 -4.1588 2436.489 1676.65 0.8233 2437.244 1675.667 0.493 2436.241 1671.702 -2.1921 2436.562 1672.278 -2.705 2436.651 1675.057 -4.1573 2437.2 1676.168 0.325 2436.952 1677.368 0.5188 2437.309 1675.82 0.7422 2436.914 1672.095 -2.2239 2435.883 1672.432 -2.7663 2436.709 1675.358 -3.4018 2437.204 1676.525 0.05439996 2437.177 1676.864 0.055 2437.263 1676.031 0.564 2436.937 1671.828 -2.42 2436.585 1675.363 -3.0606 2437.135 1675.749 -4.2939 2437.26 1676.237 0.05299997 2436.979 1676.864 0.055 2437.263 1677.366 -1.6107 2437.319 1675.866 0.3054 2436.282 1672.21 -2.3381 2435.943 1675.358 -3.4018 2437.204 1675.378 -2.7638 2436.954 1675.933 -3.2884 2437.246 1676.034 0.05099999 2436.695 1676.524 -1.9109 2437.201 1676.863 -1.9093 2437.287 1676.863 -1.9093 2437.287 1672.026 -2.5987 2436.616 1675.399 -2.5473 2436.682 1675.658 -2.6957 2436.956 1676.333 -4.6812 2437.317 1676.236 -1.9144 2437.003 1677.504 -2.2967 2437.341 1672.278 -2.705 2436.651 1672.485 -2.4384 2436.111 1675.68 -5.0039 2437.02 1677.895 -4.6801 2437.432 1676.033 -1.9194 2436.719 1675.941 0.04859995 2436.357 1676.207 -2.0975 2436.996 1676.748 -2.4821 2437.29 1672.485 -2.4384 2436.111 1675.908 -2.5648 2436.978 1675.425 -2.4375 2436.352 1675.63 -2.3926 2436.342 1675.972 -5.2504 2437.059 1675.061 -4.5015 2437.15 1676.725 -5.2614 2437.366 1678.481 -4.2925 2437.461 1676.099 -2.3569 2436.992 1677.895 -2.8769 2437.382 1672.432 -2.7663 2436.709 1676.421 -2.9656 2437.276 1672.485 -2.4379 2436.108 1675.908 -2.5648 2436.978 1675.324 -4.8688 2436.978 1675.057 -4.1573 2437.2 1677.504 -5.2603 2437.424 1678.468 -5.07 2437.239 1675.941 -1.9253 2436.382 1678.298 -2.3158 2437.142 1675.788 -2.2856 2436.343 1676.165 -5.581 2437.092 1675.074 -4.8076 2436.986 1675.095 -5.0385 2436.726 1667.403 -4.1588 2436.489 1678.215 -5.3566 2437.229 1676.862 -5.9474 2437.402 1678.48 -3.2642 2437.432 1678.804 -4.8789 2437.26 1675.901 -2.12 2436.357 1678.578 -2.5749 2437.174 1678.12 -1.9836 2437.118 1676.524 -5.9508 2437.315 1675.623 -5.3374 2436.448 1667.304 -4.7561 2436.301 1677.713 -5.9488 2437.404 1677.365 -5.9474 2437.439 1679.171 -3.4007 2437.483 1679.175 -4.5006 2437.454 1677.714 -1.6113 2437.283 1676.862 -5.9474 2437.402 1676.235 -5.9586 2437.117 1675.972 -5.2504 2437.059 1675.121 -5.1663 2436.404 1675.074 -4.8079 2436.985 1666.832 -4.2841 2436.236 1678.07 -5.7069 2437.232 1677.365 -5.9474 2437.439 1676.862 -5.9907 2437.404 1679.171 -4.1563 2437.505 1679.186 -4.8069 2437.29 1679.171 -4.1563 2437.505 1679.176 -3.0598 2437.414 1677.366 -1.6107 2437.319 1678.028 -1.6138 2437.129 1676.862 -5.9907 2437.404 1676.284 -6.1182 2437.169 1676.033 -5.9697 2436.832 1675.832 -5.5769 2436.472 1667.282 -5.0079 2436.045 1666.785 -4.8503 2435.912 1678.028 -5.9548 2437.25 1678.27 -5.9647 2436.998 1677.365 -5.9906 2437.441 1677.365 -5.9906 2437.441 1680.367 -3.4003 2437.562 1679.203 -5.0381 2437.03 1680.496 -4.7531 2437.415 1680.367 -4.156 2437.583 1678.933 -2.7296 2437.209 1679.171 -3.4007 2437.483 1677.369 2.6483 2437.298 1677.976 2.7676 2437.145 1678.27 -1.6179 2436.876 1676.284 -6.1182 2437.169 1675.095 -5.0385 2436.726 1666.616 -4.3409 2435.951 1677.972 -6.1151 2437.294 1678.534 -5.5474 2436.671 1680.367 -4.156 2437.583 1678.778 -5.2992 2436.681 1679.188 -2.7633 2437.232 1679.207 -2.5472 2436.96 1680.367 -3.4003 2437.562 1678.238 2.8183 2436.903 1678.537 -2.058 2436.573 1676.059 -6.1781 2436.892 1675.941 -5.983 2436.495 1667.292 -5.1665 2435.673 1666.992 -5.1073 2435.635 1666.57 -4.6829 2435.573 1666.785 -3.8056 2436.176 1678.468 -5.07 2437.239 1678.41 -5.9772 2436.678 1677.496 -6.5891 2437.28 1680.561 -5.0058 2437.168 1679.225 -5.1661 2436.708 1680.972 -4.2793 2437.429 1678.745 -2.28 2436.593 1680.498 -2.8137 2437.36 1677.501 3.2411 2437.117 1678.138 3.3759 2436.685 1678.411 2.8504 2436.534 1678.411 -1.6231 2436.556 1678.298 -2.3158 2437.142 1676.215 -6.7038 2436.815 1675.941 -5.983 2436.495 1675.121 -5.1663 2436.404 1667.292 -5.1665 2435.673 1666.739 -4.9376 2435.6 1666.51 -4.3814 2435.56 1666.6 -3.2192 2435.889 1667.403 -4.1588 2436.489 1678.236 -6.1738 2437.055 1678.149 -6.7516 2436.812 1681.141 -4.908 2436.951 1681.027 -3.8146 2437.377 1679.229 -2.4375 2436.631 1679.188 -2.7631 2437.232 1680.972 -3.2863 2437.401 1676.931 3.2934 2437.037 1678.352 3.1534 2436.529 1676.757 -6.5901 2437.225 1676 -6.5244 2436.519 1675.941 -6.2229 2436.505 1666.51 -4.3814 2435.56 1666.802 -3.2373 2436.18 1667.404 -3.2972 2436.468 1678.41 -5.9772 2436.678 1677.564 -6.8441 2437.036 1680.918 -5.1066 2436.812 1680.615 -5.1661 2436.799 1681.233 -4.3359 2437.187 1680.618 -2.4374 2436.721 1680.564 -2.5758 2437.098 1681.117 -2.7056 2436.962 1677.567 3.4877 2436.864 1676.18 2.6474 2437.213 1678.181 3.409 2436.52 1676.862 -5.9907 2437.404 1676.727 -6.8449 2436.973 1676.17 -6.779 2436.543 1675.941 -6.2229 2436.505 1666.51 -3.2138 2435.531 1666.901 -2.6503 2435.911 1678.351 -6.5216 2436.693 1678.41 -6.2182 2436.688 1677.924 -6.9482 2436.683 1677.206 -6.6431 2437.219 1681.174 -4.936 2436.82 1681.234 -3.2439 2437.155 1681.345 -4.6802 2436.822 1677.926 3.5794 2436.507 1676.163 3.5146 2436.721 1676.158 3.2862 2436.986 1676.424 -6.9486 2436.572 1667.023 -2.8223 2436.196 1666.602 -2.8437 2435.532 1667.023 -2.8223 2436.196 1678.18 -6.7775 2436.692 1678.41 -6.2182 2436.688 1677.62 -7.0077 2436.668 1677.365 -5.9906 2437.441 1681.404 -4.3769 2436.818 1680.92 -2.497 2436.737 1681.346 -2.9224 2436.771 1677.623 3.6389 2436.491 1675.871 3.1983 2436.964 1676.725 -7.0077 2436.602 1666.51 -3.2138 2435.531 1666.855 -2.5602 2435.558 1671.487 0.2382 2436.579 1677.62 -7.0077 2436.668 1681.404 -3.2242 2436.785 1681.175 -2.6672 2436.754 1676.18 3.6387 2436.39 1675.775 3.3952 2436.691 1667.404 -3.2972 2436.468 1676.725 -7.0077 2436.602 1675.737 3.5022 2436.355 1666.855 -2.5602 2435.558 1679.188 -2.7633 2437.232 1679.207 -2.5472 2436.96 1679.188 -2.7631 2437.232 1679.176 -3.0598 2437.414 1670.893 13.0234 2437.211 1670.902 12.2703 2436.894 1670.178 12.4811 2437.114 1671.134 12.4384 2436.953 1670.73 12.053 2436.854 1674.593 14.002 2437.489 1670.64 11.7963 2436.819 1674.471 14.3185 2437.566 1674.709 13.7327 2437.302 1669.901 11.63 2437.033 1675.183 14.3969 2437.617 1674.803 13.5432 2437.026 1674.914 13.747 2437.285 1667.477 12.4843 2436.875 1670.639 11.5302 2436.793 1675.19 13.7384 2437.309 1671.299 12.1597 2436.352 1670.893 13.0234 2437.211 1667.474 10.6857 2436.752 1670.167 10.7737 2437.002 1675.85 14.1406 2437.64 1674.865 13.4565 2436.695 1674.471 14.3185 2437.566 1670.722 11.2816 2436.781 1677.328 15.0215 2437.788 1675.448 13.6364 2437.322 1675.107 13.4807 2436.666 1671.3 12.1593 2436.348 1680.115 17.3795 2438.1 1670.881 10.2241 2437.031 1670.878 11.0727 2436.782 1678.19 15.677 2437.881 1676.998 13.9924 2437.697 1675.655 13.4527 2437.322 1674.865 13.4565 2436.695 1674.455 8.9141 2437.246 1671.003 10.5484 2436.998 1676.32 13.6083 2437.631 1680.39 16.4739 2438.041 1680.373 5.5807 2437.527 1671.121 10.8401 2436.849 1670.881 10.2241 2437.031 1676.489 12.92 2437.596 1675.786 13.2102 2437.31 1680.392 17.3804 2438.111 1678.147 7.5175 2437.443 1671.094 10.9224 2436.795 1674.577 9.238201 2437.208 1674.455 8.9141 2437.246 1676.485 10.3153 2437.45 1676.149 12.9252 2437.515 1680.374 6.6718 2437.551 1675.168 8.833701 2437.293 1671.22 11.0639 2436.601 1674.694 9.5283 2437.054 1676.991 9.187601 2437.431 1675.858 12.9374 2437.322 1676.489 12.92 2437.596 1677.306 8.1752 2437.412 1671.068 11.3891 2436.167 1674.982 9.5243 2437.031 1676.312 9.623001 2437.406 1675.651 12.9552 2437.04 1676.145 10.3193 2437.367 1676.485 10.3153 2437.45 1675.837 9.0889 2437.351 1674.79 9.749001 2436.802 1670.722 11.2816 2436.781 1671.287 11.1925 2436.285 1675.855 10.3288 2437.173 1675.488 13.2239 2436.67 1675.255 9.557001 2437.06 1671.287 11.1925 2436.285 1670.639 11.5302 2436.793 1675.099 9.8539 2436.453 1675.702 9.878601 2437.123 1675.65 10.3426 2436.89 1675.555 12.9764 2436.704 1675.655 13.4527 2437.322 1675.821 10.1341 2437.15 1675.505 9.6789 2437.092 1674.854 9.8736 2436.483 1670.982 11.6904 2436.134 1675.255 9.557001 2437.06 1675.334 13.3938 2436.657 1670.64 11.7963 2436.819 1675.33 9.944001 2436.456 1675.554 10.3591 2436.554 1675.448 13.6364 2437.322 1671.078 11.9812 2436.209 1675.505 9.6789 2437.092 1675.493 10.1254 2436.492 1675.19 13.7384 2437.309 1670.73 12.053 2436.854 1675.702 9.878601 2437.123 1675.107 13.4807 2436.666 1670.902 12.2703 2436.894 1675.493 10.1254 2436.492 1671.299 12.1597 2436.352 1671.134 12.4384 2436.953 1680.115 17.3795 2438.1 1680.392 17.4869 2438.12 1680.392 17.3804 2438.111 1680.814 7.4364 2437.117 1678.487 8.343001 2436.986 1678.549 8.4634 2436.666 1680.684 7.2202 2437.37 1680.899 7.5635 2436.77 1678.391 8.1263 2437.241 1681.002 6.7607 2437.375 1681.268 7.2738 2436.777 1678.273 7.8395 2437.4 1678.191 8.229001 2437.23 1680.374 6.6718 2437.551 1681.254 6.7996 2437.124 1678.216 8.7014 2436.652 1681.033 6.0735 2437.337 1681.406 6.8266 2436.775 1678.147 7.5175 2437.443 1677.906 8.486001 2437.22 1678.549 8.4634 2436.666 1680.373 5.5807 2437.527 1681.214 5.3474 2437.146 1681.406 5.3048 2436.744 1677.306 8.1752 2437.412 1677.72 8.8199 2437.221 1680.948 5.4172 2437.381 1677.891 9.206501 2436.981 1680.329 4.9985 2437.339 1681.315 4.9342 2436.729 1680.905 4.8344 2437.171 1677.338 9.1892 2437.392 1677.651 9.1958 2437.236 1678.029 9.220001 2436.661 1673.826 7.4872 2436.896 1676.991 9.187601 2437.431 1667.474 10.6857 2436.752 1680.319 4.7423 2437.086 1681.014 4.6992 2436.914 1676.998 13.9924 2437.697 1677.345 13.9953 2437.655 1667.192 10.1596 2436.479 1667.102 9.9687 2436.192 1680.704 4.5208 2436.691 1681.061 4.6512 2436.711 1677.657 14.0061 2437.497 1666.88 10.6189 2436.476 1680.326 4.5738 2436.674 1677.328 15.0215 2437.788 1677.712 14.2375 2437.489 1677.654 9.1959 2437.234 1666.853 11.6688 2436.518 1667.07 9.8738 2435.827 1677.844 14.5945 2437.53 1677.895 14.0235 2437.241 1677.891 9.206501 2436.981 1666.669 10.6047 2436.186 1667.477 12.4843 2436.875 1666.708 10.1657 2435.803 1678.089 14.8912 2437.573 1666.881 12.5875 2436.611 1666.67 12.6408 2436.327 1678.198 14.5416 2436.964 1678.311 15.3606 2437.802 1678.029 9.220001 2436.661 1666.572 10.6094 2435.819 1667.193 13.0414 2436.676 1666.572 12.6858 2435.963 1678.514 14.9023 2437.335 1678.19 15.677 2437.881 1678.424 15.0915 2437.613 1678.03 14.0455 2436.919 1678.03 14.0455 2436.919 1667.101 13.2691 2436.418 1679.992 17.7025 2438.061 1666.708 13.1277 2436.009 1678.571 14.816 2437.003 1680.39 16.4739 2438.041 1680.691 15.9441 2437.802 1680.115 17.3795 2438.1 1679.889 17.9961 2437.905 1675.537 16.7069 2436.987 1667.068 13.4126 2436.071 1680.392 17.4869 2438.12 1680.814 15.7528 2437.527 1680.347 18.0843 2437.991 1679.817 18.2248 2437.653 1681.014 16.4025 2437.848 1678.571 14.816 2437.003 1680.817 18.1115 2437.964 1679.787 18.361 2437.334 1681.262 16.3887 2437.589 1680.892 15.6598 2437.168 1680.333 18.3645 2437.766 1680.965 17.6643 2437.979 1681.267 15.9459 2437.199 1681.281 17.4181 2437.64 1681.226 17.7573 2437.747 1680.71 18.6237 2437.385 1680.333 18.5732 2437.373 1681.409 16.3964 2437.237 1680.892 15.6598 2437.168 1681.047 17.3973 2437.9 1681.41 17.444 2437.316 1681.32 18.2091 2437.369 1680.333 18.5732 2437.373 1680.954 18.3182 2437.763 1680.738 17.3842 2438.063 1681.409 16.3964 2437.237 1680.954 18.3182 2437.763 1681.41 17.8396 2437.347 1681.41 17.444 2437.316 1681.041 18.4526 2437.515 1680.39 16.4739 2438.041 1681.41 17.8396 2437.347 1681.067 18.4919 2437.384 1680.392 17.3804 2438.111 1680.691 15.9441 2437.802 1680.392 17.4869 2438.12 1677.651 9.1958 2437.236 1677.654 9.1959 2437.234 1677.891 9.206501 2436.981 1678.281 14.9476 2562.675 1678.044 14.929 2562.419 1678.043 14.929 2562.419 1679.201 11.7417 2562.555 1679.215 11.5337 2562.833 1679.201 11.7417 2562.555 1679.191 12.0327 2562.364 1672.99 -13.4057 2437.298 1672.979 -13.4067 2437.286 1672.79 -13.4288 2437.011 1675.074 -4.8076 2436.986 1675.095 -5.0385 2436.726 1675.074 -4.8079 2436.985 1675.061 -4.5015 2437.15 1675.074 -4.8076 2436.986 1675.074 -4.8079 2436.985 1678.868 23.9582 2561.468 1679.118 23.9489 2561.728 1676.541 14.9194 2562.324 1676.299 15.0913 2562.461 1666.811 12.202 2563.432 1667.032 11.7862 2563.439 1675.874 5.7751 2562.99 1676.161 5.6874 2562.971 1667.184 -1.1968 2563.803 1680.92 4.1717 2562.867 1666.873 -1.6548 2563.832 1681.024 4.304 2563.127 1666.873 -3.6243 2563.795 1667.186 -4.0818 2563.749 1680.932 -9.3255 2562.587 1681.029 -9.455901 2562.832 1680.994 -7.4244 2562.462 1677.904 0.4856 2562.911 1680.671 -6.9651 2562.503 1677.722 0.151 2562.924 1677.713 -5.9488 2437.404 1677.972 -6.1151 2437.294 1676.158 3.2862 2436.986 1675.871 3.1983 2436.964 1680.684 7.2202 2437.37 1681.002 6.7607 2437.375 1677.906 8.486001 2437.22 1677.72 8.8199 2437.221 1680.905 4.8344 2437.171 1681.014 4.6992 2436.914 1667.192 10.1596 2436.479 1666.88 10.6189 2436.476 1677.844 14.5945 2437.53 1678.089 14.8912 2437.573 1666.881 12.5875 2436.611 1667.193 13.0414 2436.676 1679.889 17.9961 2437.905 1680.347 18.0843 2437.991 1678.868 23.9582 2561.468 1679.118 23.9489 2561.728 1676.541 14.9194 2562.324 1676.299 15.0913 2562.461 1666.811 12.202 2563.432 1667.032 11.7862 2563.439 1675.874 5.7751 2562.99 1676.161 5.6874 2562.971 1667.184 -1.1968 2563.803 1680.92 4.1717 2562.867 1666.873 -1.6548 2563.832 1681.024 4.304 2563.127 1666.873 -3.6243 2563.795 1667.186 -4.0818 2563.749 1680.932 -9.3255 2562.587 1681.029 -9.455901 2562.832 1680.994 -7.4244 2562.462 1677.904 0.4856 2562.911 1680.671 -6.9651 2562.503 1677.722 0.151 2562.924 1677.713 -5.9488 2437.404 1677.972 -6.1151 2437.294 1676.158 3.2862 2436.986 1675.871 3.1983 2436.964 1680.684 7.2202 2437.37 1681.002 6.7607 2437.375 1677.906 8.486001 2437.22 1677.72 8.8199 2437.221 1680.905 4.8344 2437.171 1681.014 4.6992 2436.914 1667.192 10.1596 2436.479 1666.88 10.6189 2436.476 1677.844 14.5945 2437.53 1678.089 14.8912 2437.573 1666.881 12.5875 2436.611 1667.193 13.0414 2436.676 1679.889 17.9961 2437.905 1680.347 18.0843 2437.991 1678.868 23.9582 2561.468 1679.118 23.9489 2561.728 1676.541 14.9194 2562.324 1676.299 15.0913 2562.461 1666.811 12.202 2563.432 1667.032 11.7862 2563.439 1675.874 5.7751 2562.99 1676.161 5.6874 2562.971 1667.184 -1.1968 2563.803 1680.92 4.1717 2562.867 1666.873 -1.6548 2563.832 1681.024 4.304 2563.127 1666.873 -3.6243 2563.795 1667.186 -4.0818 2563.749 1680.932 -9.3255 2562.587 1681.029 -9.455901 2562.832 1680.994 -7.4244 2562.462 1677.904 0.4856 2562.911 1680.671 -6.9651 2562.503 1677.722 0.151 2562.924 1677.713 -5.9488 2437.404 1677.972 -6.1151 2437.294 1676.158 3.2862 2436.986 1675.871 3.1983 2436.964 1680.684 7.2202 2437.37 1681.002 6.7607 2437.375 1677.906 8.486001 2437.22 1677.72 8.8199 2437.221 1680.905 4.8344 2437.171 1681.014 4.6992 2436.914 1667.192 10.1596 2436.479 1666.88 10.6189 2436.476 1677.844 14.5945 2437.53 1678.089 14.8912 2437.573 1666.881 12.5875 2436.611 1667.193 13.0414 2436.676 1679.889 17.9961 2437.905 1680.347 18.0843 2437.991 1678.868 23.9582 2561.468 1679.118 23.9489 2561.728 1676.541 14.9194 2562.324 1676.299 15.0913 2562.461 1666.811 12.202 2563.432 1667.032 11.7862 2563.439 1675.874 5.7751 2562.99 1676.161 5.6874 2562.971 1667.184 -1.1968 2563.803 1680.92 4.1717 2562.867 1666.873 -1.6548 2563.832 1681.024 4.304 2563.127 1666.873 -3.6243 2563.795 1667.186 -4.0818 2563.749 1680.932 -9.3255 2562.587 1681.029 -9.455901 2562.832 1680.994 -7.4244 2562.462 1677.904 0.4856 2562.911 1680.671 -6.9651 2562.503 1677.722 0.151 2562.924 1677.713 -5.9488 2437.404 1677.972 -6.1151 2437.294 1676.158 3.2862 2436.986 1675.871 3.1983 2436.964 1680.684 7.2202 2437.37 1681.002 6.7607 2437.375 1677.906 8.486001 2437.22 1677.72 8.8199 2437.221 1680.905 4.8344 2437.171 1681.014 4.6992 2436.914 1667.192 10.1596 2436.479 1666.88 10.6189 2436.476 1677.844 14.5945 2437.53 1678.089 14.8912 2437.573 1666.881 12.5875 2436.611 1667.193 13.0414 2436.676 1679.889 17.9961 2437.905 1680.347 18.0843 2437.991 1678.868 23.9582 2561.468 1679.118 23.9489 2561.728 1676.541 14.9194 2562.324 1676.299 15.0913 2562.461 1666.811 12.202 2563.432 1667.032 11.7862 2563.439 1675.874 5.7751 2562.99 1676.161 5.6874 2562.971 1667.184 -1.1968 2563.803 1680.92 4.1717 2562.867 1666.873 -1.6548 2563.832 1681.024 4.304 2563.127 1666.873 -3.6243 2563.795 1667.186 -4.0818 2563.749 1680.932 -9.3255 2562.587 1681.029 -9.455901 2562.832 1680.994 -7.4244 2562.462 1677.904 0.4856 2562.911 1680.671 -6.9651 2562.503 1677.722 0.151 2562.924 1677.713 -5.9488 2437.404 1677.972 -6.1151 2437.294 1676.158 3.2862 2436.986 1675.871 3.1983 2436.964 1680.684 7.2202 2437.37 1681.002 6.7607 2437.375 1677.906 8.486001 2437.22 1677.72 8.8199 2437.221 1680.905 4.8344 2437.171 1681.014 4.6992 2436.914 1667.192 10.1596 2436.479 1666.88 10.6189 2436.476 1677.844 14.5945 2437.53 1678.089 14.8912 2437.573 1666.881 12.5875 2436.611 1667.193 13.0414 2436.676 1679.889 17.9961 2437.905 1680.347 18.0843 2437.991 1678.868 23.9582 2561.468 1679.118 23.9489 2561.728 1676.541 14.9194 2562.324 1676.299 15.0913 2562.461 1666.811 12.202 2563.432 1667.032 11.7862 2563.439 1675.874 5.7751 2562.99 1676.161 5.6874 2562.971 1667.184 -1.1968 2563.803 1680.92 4.1717 2562.867 1666.873 -1.6548 2563.832 1681.024 4.304 2563.127 1666.873 -3.6243 2563.795 1667.186 -4.0818 2563.749 1680.932 -9.3255 2562.587 1681.029 -9.455901 2562.832 1680.994 -7.4244 2562.462 1677.904 0.4856 2562.911 1680.671 -6.9651 2562.503 1677.722 0.151 2562.924 1677.713 -5.9488 2437.404 1677.972 -6.1151 2437.294 1676.158 3.2862 2436.986 1675.871 3.1983 2436.964 1680.684 7.2202 2437.37 1681.002 6.7607 2437.375 1677.906 8.486001 2437.22 1677.72 8.8199 2437.221 1680.905 4.8344 2437.171 1681.014 4.6992 2436.914 1667.192 10.1596 2436.479 1666.88 10.6189 2436.476 1677.844 14.5945 2437.53 1678.089 14.8912 2437.573 1666.881 12.5875 2436.611 1667.193 13.0414 2436.676 1679.889 17.9961 2437.905 1680.347 18.0843 2437.991 1678.868 23.9582 2561.468 1679.118 23.9489 2561.728 1676.541 14.9194 2562.324 1676.299 15.0913 2562.461 1666.811 12.202 2563.432 1667.032 11.7862 2563.439 1675.874 5.7751 2562.99 1676.161 5.6874 2562.971 1667.184 -1.1968 2563.803 1666.873 -1.6548 2563.832 1680.92 4.1717 2562.867 1681.024 4.304 2563.127 1666.873 -3.6243 2563.795 1667.186 -4.0818 2563.749 1680.932 -9.3255 2562.587 1681.029 -9.455901 2562.832 1680.994 -7.4244 2562.462 1680.671 -6.9651 2562.503 1677.904 0.4856 2562.911 1677.722 0.151 2562.924 1677.713 -5.9488 2437.404 1677.972 -6.1151 2437.294 1676.158 3.2862 2436.986 1675.871 3.1983 2436.964 1680.684 7.2202 2437.37 1681.002 6.7607 2437.375 1677.906 8.486001 2437.22 1677.72 8.8199 2437.221 1680.905 4.8344 2437.171 1681.014 4.6992 2436.914 1667.192 10.1596 2436.479 1666.88 10.6189 2436.476 1677.844 14.5945 2437.53 1678.089 14.8912 2437.573 1666.881 12.5875 2436.611 1667.193 13.0414 2436.676 1679.889 17.9961 2437.905 1680.347 18.0843 2437.991 1673.123 20.1022 2562.181 1671.937 23.4226 2561.803 1678.447 23.2927 2561.829 1679.118 23.9489 2561.728 1678.868 23.9582 2561.468 1676.211 25.2724 2561.317 1676.299 15.0913 2562.461 1676.541 14.9194 2562.324 1677.732 14.9174 2562.26 1666.811 12.202 2563.432 1667.032 11.7862 2563.439 1675.874 5.7751 2562.99 1676.161 5.6874 2562.971 1667.184 -1.1968 2563.803 1666.873 -1.6548 2563.832 1666.873 -3.6243 2563.795 1667.186 -4.0818 2563.749 1680.681 1.7587 2562.701 1680.994 -7.4244 2562.462 1680.671 -6.9651 2562.503 1672.87 -19.8046 2437.783 1675.871 3.1983 2436.964 1666.802 -3.2373 2436.18 1676.158 3.2862 2436.986 1676.524 -5.9508 2437.315 1677.972 -6.1151 2437.294 1677.713 -5.9488 2437.404 1680.684 7.2202 2437.37 1681.002 6.7607 2437.375 1667.192 10.1596 2436.479 1666.88 10.6189 2436.476 1681.014 16.4025 2437.848 1666.881 12.5875 2436.611 1667.193 13.0414 2436.676 1679.889 17.9961 2437.905 1680.347 18.0843 2437.991 1675.158 22.6586 2561.853 1673.02 22.5596 2561.941 1675.12 26.1263 2561.159 1673.007 26.0254 2561.225 1671.829 10.4316 2563.205 1676.104 11.3339 2562.77 1675.289 8.133001 2563.014 1676.175 14.5553 2562.557 1675.685 13.9806 2562.646 1678.818 13.8572 2562.459 1678.077 14.6746 2562.439 1678.134 10.9595 2562.681 1678.592 11.5554 2562.609 1675.177 -4.7601 2563.036 1670.897 -3.2958 2563.456 1674.978 -0.548 2563.152 1681.024 4.304 2563.127 1680.92 4.1717 2562.867 1681.029 -9.455901 2562.832 1680.932 -9.3255 2562.587 1677.722 0.151 2562.924 1677.904 0.4856 2562.911 1678.072 -5.9143 2562.756 1677.693 -5.2631 2562.822 1672.217 -14.4841 2437.319 1672.954 -13.6647 2437.31 1672.914 -17.2754 2437.635 1672.418 -16.7092 2437.509 1674.985 -13.7675 2437.45 1675.435 -14.3643 2437.56 1675.653 -16.576 2437.783 1674.913 -17.3846 2437.813 1676.165 -5.581 2437.092 1675.68 -5.0039 2437.02 1678.12 -1.9836 2437.118 1678.578 -2.5749 2437.174 1678.804 -4.8789 2437.26 1678.215 -5.3566 2437.229 1671.806 -1.4526 2436.56 1675.658 -2.6957 2436.956 1676.099 -2.3569 2436.992 1676.168 0.325 2436.952 1675.289 0.845 2436.857 1677.72 8.8199 2437.221 1677.906 8.486001 2437.22 1681.014 4.6992 2436.914 1680.905 4.8344 2437.171 1678.089 14.8912 2437.573 1677.844 14.5945 2437.53 1681.041 18.4526 2437.515 1680.817 18.1115 2437.964 1670.878 11.0727 2436.782 1674.982 9.5243 2437.031 1675.786 13.2102 2437.31</float_array>
          <technique_common>
            <accessor source="#Mesh1_002-mesh-positions-array" count="1935" stride="3">
              <param name="X" type="float"/>
              <param name="Y" type="float"/>
              <param name="Z" type="float"/>
            </accessor>
          </technique_common>
        </source>
        <source id="Mesh1_002-mesh-normals">
          <float_array id="Mesh1_002-mesh-normals-array" count="5997">0.05604922 0.111548 0.9921772 0.0543493 0.1104799 0.9923912 -0.1307737 0.1820831 0.9745482 -0.3993681 0.08516389 0.9128265 -0.2799895 0.345546 0.8956584 -0.2795202 0.3603152 0.8899672 0.03927224 0.1587818 0.9865324 0.04022735 0.1523371 0.9875096 0.04380345 0.147296 0.9881221 0.04408967 0.1296709 0.9905765 0.04887378 0.1265079 0.9907609 -0.1922187 0.4275798 0.883305 -0.1761624 0.4581779 0.8712289 0.0192998 0.1844337 0.9826555 0.009609282 0.189215 0.9818887 0.0343725 0.1889661 0.9813818 -0.1317985 0.1242774 0.9834554 -0.4586718 0.1137125 0.8813 -0.4649909 0.1108989 0.8783422 -0.4650503 0.1732123 0.8681738 -0.7310665 0.2514794 0.6342712 -0.8087198 0.1679112 0.563718 -0.7660756 0.4879624 0.4183551 -0.6255169 0.6627489 0.4116947 -0.5816757 0.7202445 0.378023 -0.7365223 0.08690106 0.6708078 0.03451985 0.1694864 0.9849278 0.343495 0.3626 0.8663328 0.3522442 0.3063768 0.8843401 0.4925277 0.07248318 0.8672731 0.2179585 0.1833537 0.95858 0.2180386 0.1252916 0.9678643 -0.7403182 0.08429628 0.6669507 -0.9267499 0.0489431 0.3724772 -0.9269821 0.04853725 0.3719522 -0.27557 0.8796621 0.3876286 -0.2377399 0.9059683 0.3502876 -0.8896401 0.3285258 0.3171931 0.5418543 0.1577136 0.8255425 0.5429717 0.107126 0.83289 -0.05695772 0.4811572 0.8747822 -0.04639589 0.4933435 0.8685963 0.022143 0.2013629 0.9792664 0.04723036 0.2009803 0.9784561 0.2309314 0.4682703 0.8528738 0.7923871 0.2046837 0.574654 0.7982993 0.07666772 0.5973611 -0.924438 0.04519402 0.3786448 -0.1204386 0.1270699 0.9845547 0.2786144 0.4007975 0.8727745 -0.4573331 0.09039473 0.8846895 0.01084077 0.9347623 0.3551084 -0.004849135 0.9212662 0.3889024 -0.7366738 0.0861172 0.6707425 -0.6925783 0.06999033 0.7179392 -0.9243134 0.05184984 0.3780957 0.8838028 0.009878516 0.4677554 0.9424123 0.2112527 0.2592905 0.135901 0.4740939 0.8699229 0.01570552 0.494201 0.8692058 0.226856 0.1273815 0.9655622 0.2281299 0.1084191 0.9675754 -0.9117262 0.04497432 0.4083293 -0.6288733 0.3807828 0.6778812 -0.7914815 0.3803951 0.4783896 -0.891267 0.2252599 0.393575 -0.7656205 0.5580874 0.3199436 -0.3768078 0.5039968 0.7771764 -0.2745954 0.7316483 0.6239297 -0.3049495 0.8625376 0.4037758 -0.5086243 0.8147746 0.2782873 -0.2060016 0.3535308 0.9124578 0.1052706 0.4208453 0.9010035 -0.1675439 0.9443386 0.2831143 0.009618222 0.7945489 0.6071242 0.03213375 0.8167663 0.5760732 0.01450341 0.964175 0.2648705 0.01503539 0.9645904 0.2633234 0.04900747 0.4421327 0.8956099 0.00758171 0.4200295 0.9074788 -0.2530173 0.1494364 0.955851 -0.122869 0.1101973 0.9862859 0.3554721 0.1548216 0.9217754 0.3088276 0.353066 0.8831592 0.4604436 0.4998871 0.7335562 0.3430511 0.731224 0.5895994 0.05264592 0.7950206 0.6042935 0.3498658 0.8624192 0.3658239 0.2012876 0.9440075 0.2614062 0.5511635 0.08405071 0.8301532 0.8884465 0.07343482 0.4530676 0.7660606 -0.1615188 0.6221438 0.5493701 0.1095755 0.8283632 0.5401171 0.8125446 0.2191912 0.702412 0.374953 0.6050023 0.842966 0.373686 0.3869976 0.9516834 0.03405719 0.3051865 0.7998169 0.5533547 0.2325763 0.9310255 0.2178176 0.292826 0.8940238 0.04644274 0.4456059 0.8957169 0.04623049 0.442215 0.8951946 0.051979 0.442634 0.8026074 0.07850944 0.5913186 0.9567549 0.0362631 0.2886261 0.9592632 0.03795856 0.2799525 0.7631038 0.3738757 0.5271526 0.9596266 0.03417062 0.279194 0.9593909 0.03273278 0.2801744 0.8403176 0.3995775 0.3663389 0.6941154 0.5994381 0.3985949 0.6667714 0.6503891 0.363882 0.3026434 0.9086665 0.2876324 0.2693095 0.9105595 0.3136141 -0.01034563 0.9418601 0.3358461 0.008749663 0.9806857 0.1953948 0.09800529 0.5170173 0.8503459 0.1880344 0.8173803 0.5445483 0.006542682 0.9716458 0.236351 -0.1795826 0.9515928 0.2494423 -0.4678431 0.7306228 0.4973061 -0.492695 0.6014201 0.6289241 -0.5432397 0.6387351 0.5448929 -0.5349923 0.6373605 0.5545764 -0.7130925 0.1280969 0.689268 -0.2997571 0.1065093 0.9480514 -0.7373302 0.107298 0.6669567 -0.7153065 0.0804882 0.6941601 -0.3140767 0.2437117 0.917584 0.03210568 0.4522323 0.8913223 -0.3322417 0.1550058 0.9303702 -0.2390311 0.3907224 0.888932 -0.8140063 0.4129124 0.4085302 -0.9194694 0.1342923 0.3695155 -0.6228164 -0.2719822 0.7335703 -0.4689366 -0.3468601 0.8122726 -0.2463102 -0.08930444 0.9650679 0.02294993 -0.1451313 0.9891463 0.0188449 -0.1566485 0.9874746 -0.9240708 0.06306421 0.3769827 -0.9274255 0.05785518 0.3695063 -0.9070028 -0.1156669 0.4049286 -0.3895538 -0.4957693 0.7761834 -0.7879827 -0.265927 0.5553073 -0.801425 -0.4827935 0.3530276 -0.5347099 -0.7473785 0.3943485 -0.3524529 -0.6851685 0.6374332 -0.1807782 -0.8247544 0.5358167 0.006782352 -0.847372 0.5309565 0.03667891 -0.7493328 0.6611771 -0.04648721 -0.1563134 0.986613 0.009668886 -0.5911526 0.8065019 -0.2011027 -0.7323741 0.6505275 -0.2524234 -0.6996783 0.6683807 -0.4067634 -0.6785087 0.611694 0.01818603 0.1843865 0.9826856 0.02403599 0.1785907 0.9836299 0.01568722 0.1786687 0.9837842 0.02145558 0.1608604 0.986744 0.02020937 -0.2395656 0.9706698 -0.1803587 -0.135269 0.9742552 -0.6328088 -0.4950243 0.5954025 -0.6837357 -0.3768274 0.6249053 -0.7962823 -0.256784 0.5477194 -0.2006258 -0.1340905 0.9704479 -0.2753015 -0.02516913 0.9610285 -0.308558 -0.006210863 0.9511853 -0.8607545 0.1941694 0.4705318 -0.7588117 0.05120998 0.6492938 -0.4930273 0.1665633 0.8539208 -0.4302682 0.2697257 0.8614623 -0.9280112 -0.06400072 0.3670138 -0.9390742 0.09074485 0.3315195 -0.7306721 0.1911574 0.6554214 -0.7626049 0.1728751 0.6233363 -0.1640877 0.2009459 0.9657618 0.02161204 0.2220504 0.9747956 -0.3243126 0.1057782 0.9400172 -0.4936746 0.2414377 0.8354599 -0.3072084 0.238122 0.921369 -0.1640828 0.2701423 0.9487361 0.01785224 0.2307407 0.9728516 0.01794993 0.2379321 0.971116 0.0128315 0.2435312 0.9698082 0.01241177 0.272511 0.9620727 -0.001867294 0.2767996 0.9609259 0.3460598 -0.002147912 0.93821 0.291171 -0.04634159 0.9555481 0.2526445 -0.1243557 0.9595345 0.3477081 0.07800054 0.9343528 0.4309468 0.26218 0.8634504 0.1896672 0.2039685 0.9604287 0.1893404 0.2706261 0.9438812 0.3040937 0.2431865 0.9210795 0.5164018 0.2428721 0.8211835 0.7266241 0.1867604 0.6611641 0.7794684 0.1789779 0.60033 0.7711844 0.00957179 0.6365399 0.5155003 0.1449021 0.844549 0.8244958 0.04765063 0.5638582 0.7712452 -0.3448094 0.5350583 0.9325534 0.09587717 0.3480688 0.9475744 0.09030109 0.3065105 0.587378 -0.5437233 0.5994598 0.5766308 -0.5614775 0.5934981 0.9054704 -0.209075 0.3693389 0.3264284 -0.7213384 0.6108317 0.0375483 0.2051919 0.9780013 0.1849839 -0.139575 0.9727795 -0.03770291 -0.3046638 0.9517135 0.1026608 -0.1267299 0.9866106 -0.6413165 -0.1606185 0.7502766 -0.4751439 -0.2261084 0.8503607 0.2310572 -0.721077 0.6531926 0.2616046 -0.7079728 0.6560013 -0.9345147 0.09673488 0.342527 -0.9140328 -0.06656754 0.4001409 -0.2625023 0.0397576 0.9641121 -0.003068745 -0.009987175 0.9999455 0 -0.005153357 0.9999867 0.258494 0.04470002 0.9649782 0.4729748 -0.224244 0.8520619 -0.3898921 -0.392767 0.8328976 -0.001967906 -0.4784311 0.8781229 0.6388387 -0.1596376 0.7525962 0.7956315 -0.1847495 0.5769214 0.9132804 -0.05847513 0.4031125 -7.68181e-4 -0.4743516 0.8803352 -0.3544703 -0.6050084 0.7129627 -0.1902105 -0.7469213 0.6371253 -0.002578556 -0.7695696 0.6385578 -0.8056453 -0.1873359 0.5619975 -0.8039551 -0.4298374 0.4109698 0.04242116 -0.126981 0.9909977 3.05232e-4 -0.7649117 0.6441351 0.03830748 0.2051466 0.9779813 0.8032144 -0.4220082 0.4204235 -0.5410946 -0.6822265 0.4917151 0.3891113 -0.3887435 0.8351473 0.3551917 -0.5914545 0.7238926 0.5370879 -0.6789491 0.5005645 0.1841489 -0.7425358 0.6439952 0.0345363 0.2093489 0.977231 0.04328858 0.2092987 0.9768931 0.02780646 0.8431413 0.5369727 0.02888357 -0.08642625 0.9958395 0.3003059 -0.03187125 0.9533104 0.03974139 0.2205719 0.9745609 0.03582978 0.5183026 0.8544465 0.03897881 -0.5430209 0.8388141 0.3890005 -0.4666783 0.7942859 0.00274074 -0.7292861 0.6842035 0.02282398 -0.8137621 0.5807498 0.03006964 0.5011456 0.8648405 0.2925882 0.4406578 0.8486536 0.525274 0.6307013 0.5712295 0.4893564 -0.2658082 0.830588 0.681148 -0.1892453 0.707265 0.7541337 0.1022984 0.6487045 0.3725636 0.3223197 0.8702336 0.3872683 0.2016029 0.8996554 0.4615512 0.7238613 0.5128307 0.1583626 0.9674282 0.1974946 0.4405083 0.7790337 0.4461606 0.7754164 0.1352307 0.6168 0.7421321 0.1634652 0.6500148 0.3556843 0.1596257 0.9208737 0.3645932 -0.6676446 0.6490937 0.2101104 -0.7915322 0.5738733 0.5522897 -0.7033064 0.4475893 0.810271 -0.4497691 0.375724 0.8318755 -0.2225916 0.5083661 0.9283947 -0.09871566 0.3582439 0.9350463 0.08444178 0.3443226 0.6269078 0.5617002 0.5398884 0.691504 0.5329735 0.487608 0.9474428 0.06277865 0.3137056 0.9903081 0.0301128 0.1355853 0.9209071 0.2202588 0.3215839 -0.06503355 -0.06165456 0.9959766 -0.2458595 -0.3775885 0.8927373 -0.2823805 -0.1296321 0.9505035 -0.3355789 0.008716821 0.9419718 -0.3610647 0.04584807 0.9314131 0.08552074 0.05866736 0.9946077 0.08337861 0.05423808 0.9950408 -0.1793591 -0.3895457 0.9033739 -0.5188106 -0.4905994 0.7001056 -0.4552056 -0.7272918 0.5136483 -0.7913548 -0.4074106 0.4558227 -0.8819609 -0.1136248 0.4574215 -0.8756661 -0.2285911 0.4253882 -0.8874241 0.1917738 0.4191675 -0.01482075 -0.09548288 0.9953208 -0.02511096 -0.1074445 0.9938939 -0.3029145 0.1521709 0.9407906 -0.2688259 0.2837939 0.9204313 -0.2699509 0.3035796 0.9137647 0.05909287 0.01675921 0.9981118 0.06084424 0.0177738 0.997989 -0.205007 -0.3723355 0.9051732 -0.2157865 -0.3837029 0.8978911 -0.9017313 0.1406324 0.4087827 -0.777393 0.49124 0.3928658 -0.78284 0.479422 0.396631 -0.3707013 -0.6043604 0.7052157 -0.3786281 -0.6129958 0.693453 -0.4921132 -0.7636427 0.417941 -0.533808 0.7604936 0.3697277 -0.5797822 0.7139517 0.3925886 -0.636847 -0.6475804 0.4184084 -0.4979197 -0.7678751 0.4030432 -0.3137184 0.871375 0.3772089 -0.1504448 0.3608325 0.9204164 -0.05446946 0.4445694 0.8940869 -0.05659151 0.4425038 0.8949793 0.08366477 0.04438006 0.9955052 0.08526957 0.04471796 0.9953539 -0.05236643 0.9055284 0.4210418 -0.1616261 0.8789804 0.4486318 0.1722177 0.3993598 0.9004736 0.0843513 0.4021211 0.9116927 0.06815111 0.234225 0.9697908 0.07850325 0.03601962 0.996263 0.0857836 0.05978369 0.9945186 0.07816076 0.07459127 0.9941465 0.01803749 -0.1353095 0.9906392 -0.1864585 -0.3400371 0.9217419 -0.1005706 -0.5335829 0.839747 0.07324683 0.03237771 0.9967882 -0.3246295 -0.3067749 0.8947094 -0.2430543 -0.6935152 0.6782044 -0.1691085 -0.7071056 0.6865888 -0.428129 -0.7676606 0.4768677 -0.3246716 -0.86268 0.3877781 0.05846613 0.5528736 0.8312115 0.04145318 0.8050707 0.5917287 0.05137568 0.8959931 0.4410861 0.01971119 0.9594768 0.2810975 0.1808625 0.9465865 0.266951 0.008968412 0.9918223 0.1273112 0.1785289 0.7969928 0.5770009 -0.06462466 0.9105545 0.4083064 0.1230949 0.5520432 0.8246794 -0.01292502 0.4695423 0.8828154 0.09559792 0.2339714 0.9675321 0.2336416 0.361166 0.9027573 0.257324 0.357702 0.8976824 0.05866932 0.05323004 0.9968574 0.05869543 0.05891019 0.9965363 0.0558263 0.06654435 0.9962206 0.05680572 0.06505262 0.9962638 0.06193739 0.0632047 0.9960768 0.06533491 0.06337487 0.9958489 0.3181312 0.2832848 0.9047333 0.06371575 0.0634467 0.9959493 0.3603565 0.2560509 0.8969845 0.05947011 0.05464041 0.9967336 0.4108924 0.006249904 0.9116625 0.6184206 0.2791287 0.734604 0.7094912 0.3108724 0.6324403 0.9421889 0.07297134 0.3270401 0.7601893 0.5039314 0.41008 0.6879269 0.6160726 0.383681 0.5020205 0.7635361 0.4061874 0.4486894 0.803323 0.3915992 0.9473455 0.1832605 0.2625873 0.9613252 0.01229971 0.2751412 0.8092007 0.02737736 0.5868942 0.8064088 0.02697807 0.5907429 0.8027499 0.1352 0.5807871 0.5596834 0.03848707 0.8278124 0.5555204 0.03789854 0.8306388 0.5559325 0.07776576 0.8275818 0.2380879 0.04483634 0.9702082 0.2345623 0.04446077 0.9710839 0.2346711 0.08602124 0.9682613 0.2664253 -0.253054 0.9300437 0.0392735 -0.286915 0.9571508 0.09790301 -0.1076176 0.9893602 0.07839685 -0.1076529 0.9910928 0.2957506 -0.5444499 0.7849241 0.06662642 -0.4424864 0.8942968 0.9623492 0.01269829 0.2715193 0.9432188 -0.1869368 0.2745777 0.9073073 0.07962083 0.4128608 0.0590741 0.05305951 0.9968426 0.0591945 0.05236864 0.996872 0.0614643 0.05007761 0.9968523 0.05911135 0.04587286 0.9971969 0.08527755 0.03747904 0.9956521 -0.2536765 0.2588666 0.9320067 -0.1710386 0.3191118 0.9321553 -0.1527742 0.3571195 0.9214802 0.1582233 -0.7184776 0.6773148 0.3544433 -0.7958599 0.4908941 0.05661326 0.06902068 0.9960077 0.3611285 -0.144587 0.9212388 0.8007479 -0.1240152 0.586023 0.3006713 -0.1894491 0.9347224 -0.01360511 -0.8139278 0.5808068 0.5037107 -0.694817 0.5133273 0.6060253 -0.6398021 0.4726381 0.7299496 -0.4755373 0.4909562 0.7909249 -0.4087873 0.4553359 0.8910862 0.0255779 0.4531127 0.9390183 -0.1856539 0.2894431 0.7961606 -0.09349197 0.5978189 0.8011834 -0.04305267 0.5968682 0.7691957 0.1029754 0.6306616 0.5496333 -0.01874786 0.8351956 0.3634221 -0.09113663 0.9271562 0.9583672 -0.03475189 0.2834163 0.951167 0.02363073 0.307771 0.5495951 0.1176354 0.8271077 0.4564515 0.1046241 0.8835756 0.2583163 -0.3509203 0.9000709 0.2277838 0.03498882 0.9730829 0.3091552 -0.18492 0.9328599 0.4901866 -0.388623 0.7801854 0.688992 -0.2920662 0.6633154 0.8389636 -0.3001248 0.4539441 0.2095469 -0.9000747 0.3820415 0.03152114 -0.9155635 0.4009363 0.03593373 -0.8993085 0.4358361 0.0532779 -0.7228513 0.6889467 0.05971366 -0.6714823 0.7386108 0.06930357 -0.4423184 0.8941764 0.931168 -0.1578529 0.3286469 0.2283709 0.07432407 0.9707331 0.8090448 -0.5081667 0.2953187 0.3821471 -0.5980906 0.7044511 0.3623364 -0.7735342 0.5199588 8.91515e-4 -0.25007 0.9682274 0.05603671 0.06740236 0.996151 0.0558874 0.07170051 0.9958592 0.05453526 0.07038259 0.9960282 0.05438953 0.07841509 0.9954361 0.05426329 0.07284486 0.9958661 -0.2535811 -0.1416916 0.9568804 -0.266148 -0.05939394 0.9621007 -0.391851 0.1178252 0.9124528 -0.1218897 0.03510677 0.9919226 -0.1226089 0.07436931 0.9896648 0.5489112 -0.7683207 0.3292111 -0.1616941 -0.344514 0.9247515 -0.204848 -0.1849369 0.9611637 0.06207108 -0.671782 0.7381438 0.03855764 -0.6983574 0.7147099 0.02377754 -0.9006651 0.4338629 0.2078822 -0.879464 0.4281685 0.05299347 -0.2732698 0.9604767 0.1200447 -0.2532943 0.9599121 -0.4548537 0.01092737 0.8904991 -0.4547386 0.12463 0.8818618 0.02337408 -0.9007737 0.4336596 -0.4587681 -0.4444985 0.7693849 -0.3935012 -0.5622243 0.7273655 -0.7320333 -0.0415048 0.6800034 0 0 1 -0.8197167 0.128148 0.5582497 -0.5795251 -0.3774684 0.7222661 -0.9092417 -0.1464511 0.3896561 -0.6956303 0.1084501 0.710167 -0.7326624 -0.03646552 0.6796147 -0.9218258 -0.02800899 0.3865913 -0.9119315 0.02849781 0.4093518 -0.7852472 -0.3072904 0.5375495 -0.670915 -0.4582948 0.5829572 0.01165229 -0.6705377 0.741784 -0.3549083 -0.7262372 0.5887441 -0.7426737 -0.3421181 0.5756657 -0.8905628 -0.152779 0.428435 -0.7941159 -0.5239055 0.3080636 -0.1503934 -0.2446522 0.9578765 -0.1169259 -0.2449553 0.962458 -0.1620032 -0.8792861 0.4478963 -0.6256261 -0.5528678 0.5503903 -0.3948486 -0.729242 0.5588388 -0.3910639 -0.7304673 0.5598987 -0.5253841 -0.7917374 0.3116465 -0.2076474 -0.1652443 0.9641457 0.08860015 -0.3471276 0.9336234 -0.0321998 -0.4457375 0.8945845 -0.09843522 -0.7213066 0.6855853 0.0665968 -0.8617048 0.5030208 -0.1193892 -0.9093596 0.3985115 0.02292841 -0.7275787 0.685641 0.04438221 -0.6847811 0.7273961 0.01093548 -0.9183259 0.3956742 0.01996612 -0.9076429 0.4192681 0.0499016 -0.447113 0.8930845 0.0526067 0.05896908 0.9968728 0.05105108 0.05728673 0.9970517 0.01673924 -0.1144958 0.9932827 0.04937952 -0.114568 0.9921874 0.04981392 0.05728018 0.9971146 0.04881942 0.05597764 0.9972379 -0.3926575 -0.5747576 0.7179651 -0.3530481 -0.7414379 0.5706373 -0.165391 -0.8861576 0.4328631 0.008381545 -0.2489636 0.9684766 -0.5305325 -0.7932884 0.2987121 0.06690269 0.3880358 0.9192128 0.01767653 0.2282803 0.9734351 0.04805725 0.2284184 0.9723762 -0.2011286 0.6343736 0.746403 -0.006941378 0.5476767 0.8366614 -0.4602624 -0.4525592 0.7637727 -0.5877114 -0.3825142 0.7129364 -0.7521822 -0.3453599 0.5612027 -0.7969903 -0.5257192 0.2973648 -0.2259668 0.6823952 0.6951805 -0.2111076 -0.1996417 0.9568579 -0.2761651 0.1074933 0.9550801 -0.05751127 0.7982288 0.5996026 0.05919152 0.0500344 0.996992 0.008062899 0.3550398 0.9348165 -0.2125831 0.3037865 0.9287208 -0.8934121 -0.1604897 0.4195925 -0.6939539 0.02083373 0.719718 -0.7176101 0.03862136 0.6953734 -0.9138963 0.02251785 0.4053229 -0.9145036 0.02205497 0.4039762 -0.692255 0.05637449 0.7194477 -0.6178954 0.3806139 0.687996 -0.7894707 0.361 0.4964021 -0.8927044 0.2059572 0.4008247 -0.2739362 0.0110194 0.9616848 -0.3002439 0.05394089 0.9523361 -0.7795153 0.544411 0.3097948 -0.4109693 0.4883882 0.769793 -0.3136693 0.6840533 0.6585459 -0.3122596 0.8350241 0.4530218 -0.5175796 0.807643 0.2825321 0.02510851 0.761539 0.6476325 0.03600072 0.801419 0.597019 0.008176028 0.9484241 0.3168993 -0.1678786 0.9282128 0.3320209 0.01455765 0.9580126 0.2863565 0.04894804 0.5486317 0.8346302 -0.0924412 0.933197 0.3472722 -0.1658779 0.9422979 0.2907905 -0.4327234 0.7585463 0.487194 -0.5680536 0.6794461 0.4644011 -0.6559396 0.5586026 0.5076479 -0.7520025 0.449016 0.4825733 -0.8285878 0.06019359 0.5566139 -0.8973218 0.2433261 0.3682471 -0.7217568 0.1800757 0.6683113 -0.7294912 0.02340269 0.6835898 -0.9062183 0.01819801 0.4224185 -0.9208036 0.01410621 0.3897714 -0.447885 0.1079806 0.8875468 -0.4500555 0.03091329 0.8924654 -0.2546259 0.2335169 0.9384219 -0.3660962 0.001109361 0.9305763 -0.1147886 0.08520555 0.9897291 -0.114051 0.03754585 0.9927653 0.08258271 0.03372126 0.9960136 0.08208477 0.03735375 0.9959251 0.5570992 -0.033629 0.8297648 0.5187897 0.04030907 0.8539512 0.2373986 -0.01098942 0.9713503 0.3797817 -0.1248967 0.9166061 0.3253771 -0.2475501 0.9126055 0.3317973 -0.2468164 0.9104902 0.218952 -0.2982175 0.929046 0.1514231 -0.3584844 0.9211732 -0.6807929 0.02958279 0.7318784 -0.5992405 0.3808532 0.7041745 -0.7732333 0.3554907 0.5251065 -0.885455 0.1933588 0.4225894 -0.2438158 0.04763156 0.9686512 0.06297606 -0.8895375 0.4525011 0.1862078 -0.8623714 0.470789 0.3583467 -0.831658 0.4241847 0.6143639 -0.6698877 0.4169025 0.669395 -0.6006706 0.4371559 0.8067833 -0.4349401 0.3999099 0.1004716 -0.3432862 0.9338417 0.07017475 0.03088819 0.9970565 0.06799894 0.03067767 0.9972137 0.06932592 0.03291934 0.9970508 -0.4114826 0.481126 0.7740802 -0.1936597 0.2781749 0.9408054 0.102389 0.342571 0.933896 0.06220853 0.366896 0.9281798 0.06071865 0.3648958 0.9290664 0.1679623 0.3567667 0.9189703 0.2579282 0.3050009 0.9167593 0.4710703 0.6489211 0.59749 0.2706485 0.7540113 0.5985119 0.2688028 0.7530367 0.6005672 0.04481285 0.7790197 0.6253962 0.04853314 0.7743213 0.6309289 0.4784926 0.658427 0.5809637 0.5498279 0.7861661 0.2821922 0.2998649 0.9094234 0.2881496 0.2980304 0.9093316 0.2903343 0.02164137 0.948328 0.3165527 0.02892625 0.7424406 0.6692872 0.5560557 0.7960584 0.2389417 0.01664555 0.9391937 0.3429843 -0.1598982 0.9189887 0.360406 -0.3094633 0.8166394 0.4871681 -0.3207516 0.6582367 0.6810603 -0.5173697 0.8035742 0.294274 -0.7785245 0.5403876 0.3191879 0.274602 0.3412953 0.8989502 0.2735073 0.3403297 0.8996497 0.06992363 0.06577157 0.9953818 0.3981532 0.2288784 0.8883067 0.7409527 0.4045324 0.5360436 0.4824476 0.6671466 0.5675913 0.7433416 0.4032381 0.5337063 0.8004344 0.4326797 0.4148412 0.08264911 -0.2389775 0.9675014 0.3435759 -0.1821508 0.9212908 0.4087529 0.1204653 0.9046598 0.4310953 0.06710249 0.8998078 0.7285857 0.6443423 0.2323487 0.4209691 0.05366814 0.9054861 0.9399785 0.2445684 0.237964 0.3843049 -0.6029449 0.699119 0.8130784 0.04963231 0.5800346 0.813723 0.04927384 0.5791606 0.9621341 0.01399999 0.2722169 0.786948 0.02502524 0.6165116 0.9674568 0.019207 0.2523062 0.5008301 -0.3653596 0.7846538 0.223219 -0.8781586 0.4230967 0.7214155 -0.2669486 0.6389821 0.8586254 -0.2959121 0.4185672 0.3760299 -0.7762806 0.5059548 0.5583887 -0.7585536 0.3358551 0.9427542 -0.1580435 0.2936613 0.8156588 -0.4993565 0.2921369 0.05724668 0.1720539 0.9834228 -0.1230336 0.4125344 0.9025952 0.1479764 0.3505632 0.9247748 0.2067213 0.3543618 0.9119727 0.0759347 -0.008920788 0.9970729 0.07707911 -0.01113361 0.9969629 0.07972037 -0.02008289 0.9966149 0.2532563 0.3011205 0.919341 0.07777416 -0.01261121 0.9968913 0.3563804 0.2362957 0.9039676 0.1057818 -0.0625143 0.9924224 0.3468319 0.2391684 0.9069213 0.1049784 -0.05912029 0.9927157 0.07394605 -0.01060569 0.9972059 0.02240186 0.1594184 0.986957 -0.0950933 0.4585315 0.8835758 -0.1000682 0.466327 0.8789344 -0.06553453 0.4786593 0.8755516 -0.06117784 0.7617657 0.6449575 -0.31318 0.8130835 0.4907276 0.1533932 0.8872391 0.4350602 0.3214394 0.8326271 0.4510086 0.4400404 0.7961459 0.4153506 -0.2071861 0.7111401 0.6718286 0.6793478 0.6089392 0.4094872 -0.2105064 0.7166873 0.6648656 -0.293275 0.8775709 0.379288 -0.2963067 0.8804989 0.3700327 0.7096846 0.5638399 0.4224128 -0.1232402 0.9283604 0.3506548 0.4475671 -0.02422881 0.8939221 0.2481769 0.03082865 0.9682241 0.6299178 0.2365888 0.7397496 0.7100991 0.2778384 0.6469661 0.8106366 0.09785091 0.5773158 0.9428021 0.07263648 0.325343 0.9473863 0.1854122 0.2609242 0.8158235 -0.01242977 0.5781674 0.5673241 -0.01751595 0.8233084 0.5652814 -0.01783263 0.8247054 0.5650146 0.02741581 0.8246253 0.2476327 -0.02076631 0.9686315 0.0754404 -0.01286166 0.9970674 0.09415131 -0.02143085 0.9953273 0.2487369 -0.02069538 0.96835 0.07460325 -0.006512582 0.9971921 0.81554 -0.01230072 0.57857 0.964805 -0.005863368 0.2629014 0.9650899 -0.005468368 0.2618619 0.8072086 -0.1624769 0.5674642 0.565936 -0.09304803 0.8191816 0.5112467 0.007614254 0.8594004 0.2477412 -0.07222193 0.9661306 0.9133732 0.061378 0.4024701 0.9480741 -0.1945901 0.2515759 0.02688974 0.1517827 0.9880481 -0.01950335 0.1345429 0.9907159 -0.100481 0.4294298 0.8974931 -0.2265188 0.4477285 0.8650021 0.09938728 -0.019198 0.9948636 0.06259614 0.5116554 0.8569076 -0.3527125 0.6452725 0.6776558 -0.3771114 0.6289311 0.6798769 -0.2777089 0.834199 0.4764344 -0.2036108 0.2156628 0.9550039 -0.3018767 0.1066014 0.9473682 -0.3014629 0.1066865 0.9474905 -0.2841821 -0.03837054 0.9580023 -0.465543 0.7952772 0.3883345 -0.3032789 -0.1475464 0.9414095 -0.2651441 -0.1743783 0.9483095 -0.1798982 -0.2807592 0.9427677 0.09977251 -0.01844161 0.9948394 0.09945458 -0.01839017 0.9948722 -0.09987705 -0.4738146 0.8749425 -0.13286 -0.4777852 0.8683717 -0.3474925 -0.6759077 0.6499214 -0.215354 -0.857946 0.4664241 -0.4617794 -0.8123448 0.3561682 -0.6571722 -0.598496 0.4581783 -0.8031436 -0.3340481 0.4933278 -0.7987263 -0.3546386 0.4860738 -0.884729 -0.03782975 0.464568 -0.8108226 0.3189784 0.4907338 -0.8186475 0.2578316 0.513166 -0.6996896 0.532029 0.4768434 -0.2044149 -0.7379811 0.6431162 -0.2083278 -0.7444224 0.6343775 -0.2901352 -0.8930141 0.3440164 -0.2936365 -0.8960443 0.3329903 -0.09278512 -0.4936739 0.8646832 0.1005592 -0.02060723 0.9947177 0.1002753 -0.01811248 0.9947949 -0.01749265 -0.1720281 0.9849368 0.03015494 -0.1894108 0.9814348 0.1060628 0.01985025 0.9941613 -0.08219736 -0.7826624 0.6169954 -0.3697514 -0.7861907 0.4951648 -0.1215033 -0.9423916 0.3116648 -0.09741097 -0.5028612 0.8588607 0.02390551 -0.1993698 0.9796327 0.0603947 -0.2121993 0.9753584 -0.07143366 -0.3896765 0.9181773 0.09793072 -0.6591491 0.7456085 -0.09906953 -0.5025529 0.8588515 0.06782615 -0.9108089 0.4072186 0.3606613 -0.8377466 0.410005 0.3231021 -0.8592845 0.3965293 0.1055814 0.01665824 0.9942712 0.07785493 -0.03507047 0.9963477 0.08239006 -0.02290117 0.9963371 0.6203574 -0.6886029 0.3754768 0.7094108 -0.5778322 0.4035422 0.8120566 -0.4473659 0.3747372 0.2069319 -0.3870758 0.8985275 0.2253609 -0.3647791 0.9034095 0.3161321 -0.2938564 0.9020583 0.3518206 -0.2803869 0.8930876 0.07862973 -0.0329262 0.9963601 0.07812428 -0.03380131 0.9963704 0.07621157 -0.03639054 0.9964274 0.3778952 -0.196906 0.9046675 0.07587432 -0.03242921 0.99659 0.07728213 -0.03033477 0.9965477 0.09708333 -0.02121394 0.9950502 0.06599503 -0.04991966 0.9965705 0.06215476 0.005079805 0.9980537 0.18041 -0.2647411 0.9472932 0.3059694 -0.6439013 0.7012659 0.3508915 -0.7687488 0.5346966 0.338605 -0.7031022 0.6252951 0.2101138 -0.3195567 0.9239782 0.1774302 -0.2515897 0.9514312 -0.01553374 -0.6827793 0.7304596 -0.04948323 -0.8351303 0.5478219 0.1463106 -0.9058362 0.3975601 0.3926076 -0.2110635 0.8951601 0.4250967 -0.001576304 0.9051466 0.4433971 -0.01662242 0.8961711 0.7048524 -0.4448977 0.5524936 0.3699939 -0.852368 0.3695583 0.3757565 -0.8753026 0.3043889 -0.1683965 -0.8500737 0.4990165 -0.3172649 -0.9031963 0.2891009 -0.1868561 -0.3454931 0.91963 -0.1461803 -0.288928 0.9461247 -0.2534418 0.05955487 0.9655157 -0.2883676 0.005276978 0.9575052 -0.2697182 -0.01536411 0.9628167 -0.7048527 0.01166814 0.7092578 -0.7065437 0.01029878 0.7075945 -0.6558624 -0.0145924 0.7547395 -0.6041997 0.4418153 0.6631304 -0.6019057 0.4421247 0.6650078 -0.2224058 0.6985105 0.6801609 -0.234125 0.7147833 0.6589919 -0.1210415 0.4675866 0.8756208 -0.07600998 0.2957729 0.9522295 0.002349257 0.1612195 0.9869158 -0.04381209 0.1430311 0.988748 -0.1221813 0.3648595 0.923011 -0.2365162 0.1656067 0.9574103 -0.4082702 0.03545433 0.9121724 -0.1031647 0.04880976 0.9934661 -0.103374 -0.02145153 0.9944113 -0.4358741 -0.0192511 0.8998018 -0.4386456 -0.019418 0.8984504 -0.43858 0.07110339 0.895875 -0.7145916 0.1332957 0.686725 -0.830365 -5.0632e-4 0.5572199 -0.721884 -0.01484608 0.6918549 -0.7375133 0.4210932 0.5279724 -0.6862642 0.4783799 0.5478999 -0.5535988 0.6510862 0.5192449 -0.7215602 -0.01497203 0.6921898 -0.9151717 -0.008590579 0.4029729 -0.9154777 -0.008684813 0.402275 -0.2052131 0.784344 0.5853992 -0.3550123 0.460547 0.8135495 -0.8971561 0.1956808 0.3960052 -0.1635722 0.4509919 0.8774112 -0.3025827 0.6860615 0.6616368 -0.5067799 0.7800942 0.366916 -0.2380776 0.2023291 0.949938 -0.3151322 0.8772127 0.3622013 -0.312555 0.8742331 0.3715187 -0.1010788 -0.0213204 0.99465 -0.1000804 -0.09255754 0.990665 -0.4475982 -0.07650637 0.8909561 -0.4349271 -0.05398565 0.8988459 -0.6144124 -0.09774744 0.7829068 -0.7307062 -0.1034178 0.6748135 -0.2720029 -0.1795123 0.9454047 -0.7972418 0.03284275 0.6027662 -0.8961414 -0.2165488 0.3873462 -0.1907081 -0.2754672 0.9422039 -0.7904619 -0.3375115 0.5111321 -0.6894877 -0.4969684 0.5269053 -0.1375748 -0.4653984 0.8743442 -0.1839789 -0.4795291 0.8580232 -0.3411133 -0.6962513 0.6315662 -0.2793961 -0.8108413 0.5142705 -0.6380992 -0.5912925 0.4931558 -0.5062471 -0.7957026 0.3325229 -0.1101973 -0.5079475 0.8543102 -0.2226532 -0.7469635 0.6264752 -0.2089294 -0.73181 0.6486931 -0.04124331 -0.1871587 0.9814636 0.008976936 -0.2051986 0.9786792 -0.3010325 -0.8972899 0.3228781 -0.298017 -0.8949596 0.332014 -0.06903815 -0.3398317 0.9379489 -0.2325004 -0.2477929 0.9405012 -0.5961927 -0.4770177 0.645762 -0.5986971 -0.4769437 0.6434956 -0.6225998 -0.4911387 0.6092227 -0.5492419 -0.7572468 0.3534273 -0.2665508 -0.02819347 0.9634085 -0.8697916 -0.300983 0.3909884 -0.7011285 -0.04329115 0.7117196 -0.7036437 -0.04232561 0.7092913 -0.8983837 -0.01303011 0.4390183 -0.9128724 -0.02057045 0.4077265 -0.2840682 -0.0479561 0.9576041 -0.2503215 -0.1113642 0.9617366 -0.1427707 0.2456594 0.9587846 0.1820079 0.223335 0.9575983 0.1830759 0.2276023 0.9563893 0.2093484 0.2841361 0.9356495 0.3355577 0.6807546 0.6511332 0.3460422 0.7400613 0.5766838 0.3039714 0.6148467 0.7277122 -0.02542114 0.6507268 0.7588863 -0.1984396 0.3247853 0.9247358 -0.5711106 0.2776031 0.7725085 0.365494 0.8375259 0.4061584 0.1421325 0.8881481 0.4370255 -0.7184517 0.353924 0.5988029 -0.6527789 -0.01662451 0.7573661 0.370847 0.8653398 0.3371344 -0.04907804 0.8109381 0.5830702 -0.1897034 0.833186 0.519436 -0.8654894 0.1979753 0.4601456 -0.3185645 0.8911613 0.3230299 -0.7055257 0.6247481 0.3345496 -0.6910744 0.4884811 0.5327312 -0.6314013 0.4591037 0.6249451 -0.5594317 0.733932 0.3852013 -0.8728986 0.2782421 0.4007862 -0.9006087 -0.006021618 0.4345891 -0.9144313 0.002027928 0.4047361 -0.6924323 -0.4927894 0.5269688 -0.7185811 -0.3833616 0.5802371 -0.8669123 -0.2199414 0.447313 -0.5769473 -0.3031537 0.7584391 -0.7015482 -0.6420174 0.3092635 0.8130851 -0.01481121 0.5819564 0.7077903 -0.4448168 0.5487905 0.7297216 -0.4621329 0.5039243 0.6215914 -0.7319186 0.2791404 0.9281945 -0.2777665 0.2475899 0.9687505 -0.004584491 0.2479947 0.8206381 -0.01083886 0.5713455 0.4245772 -0.0329591 0.9047917 0.8140071 -0.006326436 0.5808207 0.3920933 0.1778643 0.9025671 0.7038207 0.4263529 0.5682075 0.7080664 0.4251642 0.5638064 0.7276582 0.4446401 0.5223111 0.968861 -0.004642307 0.247562 0.618233 0.7238188 0.3063893 0.9276915 0.2706627 0.2571579 0.002014875 -0.9993894 -0.0348829 0.07522964 -0.09754353 0.992384 0.0720694 -0.09837794 0.992536 0.1134729 -0.4019839 0.9085884 0.02659678 -0.7823011 0.6223323 0.04460543 -0.8046551 0.5920646 0.06183451 -0.7821385 0.6200289 0.03376966 -0.4003897 0.9157225 -0.2737237 -0.7147055 0.6436393 -0.2977587 -0.8543853 0.4258704 -0.1608782 -0.9389482 0.3041296 0.3684856 -0.7133028 0.596169 0.4858952 -0.4943021 0.720813 0.02104467 -0.959001 0.2826209 0.02143532 -0.9591399 0.2821194 0.2068106 -0.9386394 0.2760174 0.06813633 -0.4238668 0.903158 0.3263636 -0.334693 0.8840065 0.3853775 -0.07530504 0.9196812 0.4238106 -0.08904528 0.9013632 -0.5052869 -0.8126809 0.2902328 -0.3718492 -0.4986089 0.7830181 -0.1879505 -0.3361196 0.9228751 -0.2442267 -0.07891726 0.9665017 -0.6757987 -0.07355856 0.7334067 -0.6094517 -0.3815266 0.6949864 -0.781217 -0.374019 0.4998097 0.7086886 -0.3739103 0.5982906 0.3602341 -0.8529337 0.3778038 0.5484725 -0.8090942 0.2110561 0.8087432 -0.5475866 0.2146705 -0.7633429 -0.5543794 0.3316193 -0.6824948 -0.07156592 0.7273783 -0.9038774 -0.04185467 0.4257392 -0.8831129 -0.2193161 0.4147435 0.8499878 -0.3655126 0.3793699 0.9370813 -0.2091526 0.2795243 0.9570926 -0.02867072 0.2883607 0.9563981 -0.02863806 0.2906588 0.7853516 -0.0611096 0.6160264 -0.9047217 -0.0414564 0.4239812 -0.2876214 -0.09400582 0.9531195 -0.2460952 -0.1127601 0.9626643 0.7757185 -0.06019508 0.6282019 0.7772982 -0.06387358 0.6258815 0.384427 -0.108541 0.9167523 0.3258779 0.1529975 0.9329499 0.03570437 0.2143803 0.9760975 0.07023745 0.2393508 0.9683893 0.118308 0.2155629 0.9692966 -0.1877064 0.1512454 0.9705107 -0.3333179 0.3000569 0.8937925 -0.6200611 0.2056173 0.7571301 0.7060471 0.2566328 0.6600282 -0.677342 -0.07064402 0.7322686 -0.7798804 0.2726016 0.5634492 -0.883375 0.1354412 0.4486697 0.9367238 0.1481602 0.3171708 0.03534823 0.6456472 0.7628173 0.4953463 0.3512621 0.7945106 0.384036 0.5768252 0.720964 0.06992888 0.6464359 0.7597571 -0.7609155 0.4134006 0.5001077 -0.7969231 0.5104551 0.3230316 -0.5222193 0.7845157 0.3343983 -0.4335811 0.7411324 0.5125721 -0.2892827 0.7576443 0.5850561 -0.1521139 0.8634279 0.4809925 -0.2343094 0.5893434 0.7731583 0.05328214 0.6736813 0.7370987 0.03346055 0.885185 0.4640346 0.03330075 0.8853678 0.4636972 0.3683802 0.7587764 0.5371727 0.2168955 0.8640123 0.4543558 0.5551652 0.7515214 0.3563811 0.8123391 0.4947434 0.3087625 0.8495946 0.2818619 0.4458059 0.07071608 -0.0894376 -0.9934789 0.07141089 -0.09089255 -0.9932971 0.07480877 -0.09087473 -0.9930486 0.07559186 -0.09129732 -0.9929506 0.07510352 -0.09128391 -0.9929888 0.07427012 -0.09138137 -0.9930426 -0.1338942 -0.389696 -0.9111583 0.08696895 -0.4228069 -0.902037 -0.1793255 -0.6567505 -0.7324761 0.01272445 -0.5754295 -0.8177525 0.06269937 -0.5760014 -0.8150407 0.03999066 -0.7835074 -0.6200943 -0.2769904 -0.7146509 -0.6423008 -0.3768041 -0.4985648 -0.780674 -0.6121561 -0.3813584 -0.6926981 -0.6787061 -0.08237916 -0.7297752 -0.7046883 -0.06360602 -0.7066603 -0.6772289 -0.03917849 -0.7347286 -0.6225569 0.2164992 -0.7520313 -0.3342443 0.3124728 -0.8891803 -0.2337303 0.6020612 -0.7634741 -0.1920089 0.167375 -0.967015 0.04696881 0.219559 -0.9744679 0.0711624 0.08227634 -0.9940657 0.04891377 0.659668 -0.7499638 -0.2585117 -0.1496507 -0.9543461 -0.2803205 -0.0864166 -0.9560087 -0.9055715 -0.03736776 -0.4225447 -0.292818 0.7664139 -0.5717233 -0.884795 0.142577 -0.4436325 -0.1533598 0.871357 -0.4660663 0.02751207 0.892885 -0.4494436 -0.2543076 -0.04491895 -0.9660797 -0.7811895 0.2816908 -0.5571296 -0.7625074 0.4180867 -0.4937468 -0.7836264 -0.3724644 -0.4971923 -0.8853306 -0.2181673 -0.4106007 -0.1923738 -0.3356848 -0.9221215 -0.795769 0.5175182 -0.3145262 -0.5240127 0.7894071 -0.3197613 -0.9057955 -0.03748166 -0.4220541 -0.4316316 0.7491983 -0.5023905 0.04451143 -0.8207672 -0.569526 0.01296341 -0.9669132 -0.2547761 0.02045977 -0.958855 -0.283158 -0.1628495 -0.9385986 -0.3041589 -0.2990913 -0.854384 -0.4249383 -0.5063985 -0.8127547 -0.2880809 -0.7651744 -0.5542058 -0.3276647 0.04005235 0.08229106 -0.9958032 0.0687924 0.4198846 -0.9049666 0.05410259 0.7046443 -0.7074951 0.03001427 0.9049882 -0.4243766 -0.09698247 0.897285 -0.4306669 0.08695518 0.8519178 -0.5164058 -0.08276641 0.6980544 -0.7112452 -0.009252488 0.4184446 -0.9081952 0.04308074 -0.3900898 -0.9197685 0.06916981 -0.2597602 -0.9631927 -0.04511904 -0.8177833 -0.573755 -0.3776966 0.7095912 -0.5948325 -0.1295274 0.2167139 -0.9676042 -0.3875484 0.698589 -0.6014813 -0.09334057 0.2177191 -0.971538 -0.6144457 0.5412393 -0.5740354 -0.6951073 0.3746737 -0.6135516 -0.7661939 0.2916325 -0.5726233 0.1128322 0.3202926 -0.9405751 -0.8289041 -0.1952115 -0.5242236 -0.9064553 0.08231329 -0.414202 -0.7139542 0.02402085 -0.6997804 -0.4343798 -0.03850942 -0.8999063 -0.3696169 -0.146394 -0.9175795 -0.2445403 0.02705836 -0.9692616 -0.2323359 0.1126674 -0.9660881 -0.7167382 -0.08012503 -0.6927239 -0.6731182 -0.07661062 -0.735556 0.0806567 -0.09126168 -0.9925553 -0.1870568 0.1360208 -0.9728865 0.07966989 -0.0986725 -0.9919257 -0.4339642 -0.1031783 -0.8950025 -0.2328327 -0.08329552 -0.9689432 -0.09605967 -0.1089973 -0.9893898 -0.09437161 -0.06595861 -0.9933497 0.03853511 -0.2595772 -0.9649533 0.07934159 -0.1019444 -0.991621 0.07792371 -0.1008993 -0.9918404 0.07776308 -0.1092275 -0.9909704 -0.2120896 -0.7062176 -0.6754812 -0.09506225 -0.9381809 -0.3328363 0.08157771 -0.09266245 -0.9923501 0.08174997 -0.08333182 -0.9931631 -0.2409669 -0.2911658 -0.925828 -0.1809566 -0.9473165 -0.2642841 -0.4498774 -0.7592091 -0.4703317 0.07993006 -0.09972292 -0.9917997 0.3874473 0.1197078 -0.9140868 0.3307718 0.1629191 -0.9295416 0.2926561 0.2320814 -0.9276264 -0.2411496 -0.2734963 -0.9311535 -0.1502025 -0.357053 -0.9219287 -0.5638859 -0.6929976 -0.4492071 -0.6620333 -0.5606409 -0.497387 -0.9138625 -0.0390774 -0.4041388 -0.9016034 -0.04732096 -0.4299676 0.3908517 0.06114006 -0.9184209 0.4801307 -0.130442 -0.8674441 0.2539789 -0.06379073 -0.9651039 0.2542755 -0.1058354 -0.9613235 0.2786802 -0.1008676 -0.9550723 0.465789 -0.09551972 -0.8797253 0.5704879 -0.09475564 -0.8158216 0.5689697 -0.008193135 -0.8223177 0.6715646 -0.06880879 -0.737744 0.8106169 0.07929944 -0.5801827 0.8185643 -0.07000023 -0.5701338 0.9050051 -0.03608155 -0.4238678 0.7988212 0.4024636 -0.4471107 0.7562182 0.448572 -0.4763583 0.6130215 0.632668 -0.4732187 0.9589316 -0.01414436 -0.2832846 0.9665389 -0.02753925 -0.2550377 0.9466906 0.1736136 -0.2713586 0.9368099 -0.0446453 -0.3469787 0.5440242 0.6677474 -0.5080857 0.3608102 0.7881676 -0.4986059 0.3133723 0.5231577 -0.7925301 0.02871197 0.7933404 -0.6081009 0.1859584 0.6969721 -0.6925672 0.2381232 0.8851651 -0.3997251 0.2054461 0.6945937 -0.6894428 0.06518536 0.8063591 -0.587823 0.07838958 0.416987 -0.9055259 0.08536088 -0.09257537 -0.99204 0.06405091 0.4170802 -0.90661 0.1114841 0.2131795 -0.9706317 0.05904603 0.2692785 -0.9612506 0.1212105 0.07808274 -0.989551 0.08712351 -0.0924285 -0.9919005 0.09059017 0.07819437 -0.9928137 0.03831404 0.9037864 -0.4262657 0.9266407 0.1038317 -0.3613255 0.9286599 -0.05488312 -0.3668497 0.6667138 -0.213145 -0.7141863 0.9130355 0.1045521 -0.3942528 0.7413192 0.345122 -0.5756185 0.8259095 0.4988469 -0.2627271 0.07782167 -0.1088908 -0.9910029 -0.1828558 0.1431312 -0.9726651 0.2445125 0.05697566 -0.9679708 0.08698529 -0.09222298 -0.9919318 0.09051448 -0.09217125 -0.9916207 0.09120649 -0.09434551 -0.9913528 0.550856 0.4095683 -0.7271943 0.4657722 0.6149969 -0.6362665 0.5652874 0.7684472 -0.2998989 0.5243074 0.375346 -0.764341 0.5243065 0.3756277 -0.7642034 0.196374 0.8182252 -0.5403191 -0.5570003 0.360685 -0.7481023 0.08736079 -0.09240722 -0.9918816 0.2735164 -0.3799912 -0.8836264 0.3280746 -0.3057473 -0.8938041 0.3759546 -0.2795764 -0.8834564 -0.447615 0.419466 -0.7897399 -0.3915989 0.5215812 -0.758026 0.04459214 0.6375027 -0.7691567 0.06213629 0.8476505 -0.5269039 0.1006652 0.5140616 -0.8518258 -0.049766 0.5110591 -0.8581037 0.04186606 0.2721294 -0.9613496 0.0170989 0.1874026 -0.9821344 0.07813525 0.09090739 -0.9927895 0.03043949 0.8796334 -0.4746773 -0.3539696 0.6826558 -0.6392861 -0.1615434 0.8551217 -0.4926161 0.2494302 -0.3809729 -0.8903058 0.03679662 -0.4810326 -0.8759301 0.1181484 -0.2632986 -0.9574522 0.0880832 -0.2636253 -0.9605952 0.106714 -0.3942914 -0.9127686 -0.03259295 0.6604667 -0.7501477 0.3442459 0.1621976 -0.9247631 0.5023626 0.3487043 -0.7912251 0.7244408 0.2528451 -0.6412916 0.7887934 -0.03431522 -0.6136998 0.8093011 -0.05548298 -0.5847679 0.7886455 -0.07513862 -0.6102397 0.7226999 -0.3706153 -0.5833946 0.4956259 -0.492565 -0.7153564 0.3743063 -0.7173686 -0.5876029 0.3430067 -0.3382135 -0.8763321 0.06093865 -0.7857219 -0.615571 0.06475991 -0.7771193 -0.6260128 0.4082258 -0.0438553 -0.911827 0.4320237 -0.08533799 -0.8978158 0.3668557 -0.8546138 -0.3674947 0.2125843 -0.9393175 -0.2692412 0.9626266 -0.02580606 -0.2696 0.9624328 -0.02571928 -0.2702991 0.4107802 -0.148431 -0.899571 0.8579331 -0.3646804 -0.361883 0.8117885 -0.5477884 -0.2023054 0.8579056 0.2868802 -0.4262604 0.9433082 0.1500046 -0.2960883 0.3861704 0.586524 -0.7119424 0.5504274 -0.8099325 -0.2025813 0.9425467 -0.2079608 -0.2614537 0.9625333 -0.02768456 -0.2697469 0.04123491 0.8863446 -0.4611867 0.3785193 0.7567242 -0.5330026 0.5598442 0.7475885 -0.3573317 0.8171603 0.4875238 -0.307522 0.2203112 0.8662915 -0.4483326 0.07064163 -0.5771961 -0.8135444 0.04847681 -0.8224823 -0.5667213 0.02998995 -0.959944 -0.2785823 0.02337628 -0.9673914 -0.252205 0.1539857 -0.5751552 -0.8034209 0.1789836 -0.8154017 -0.5505316 -0.02843904 -0.9324392 -0.3602064 0.4497912 -0.8006191 -0.3958497 0.1444264 -0.960107 -0.2394481 0.4476885 -0.8022275 -0.3949763 0.6883373 -0.6218449 -0.3734978 0.7533709 -0.5052795 -0.4208621 0.8501645 -0.3671731 -0.3773648 0.8986551 0.07874453 -0.4315301 0.9563481 -0.168134 -0.2390176 0.9670263 -0.01904141 -0.253964 0.9594516 -0.02549809 -0.280718 0.8200813 -0.03875476 -0.5709333 0.8224993 -0.1295718 -0.5538105 0.6996957 -0.1320675 -0.7021282 0.5717956 -0.1185635 -0.8117836 0.5134283 -0.01871871 -0.8579283 0.7828817 -0.05064421 -0.6201059 0.7737709 -0.04836064 -0.6316169 0.3874458 -0.2127613 -0.8970053 0.2568724 -0.1145531 -0.9596324 0.5733026 -0.05653345 -0.8173911 0.9396462 -0.2018884 -0.2762358 0.7135285 -0.3635188 -0.5989418 0.4940435 -0.4815293 -0.7239134 0.3333347 -0.3178542 -0.887613 0.8530582 -0.3578836 -0.3797513 0.03320378 -0.3839673 -0.9227496 0.07588332 -0.4061551 -0.910648 0.3764691 -0.7001709 -0.6066563 0.8117228 -0.5422506 -0.216957 0.5504764 -0.8052042 -0.2205038 0.3638696 -0.8449608 -0.3919696 0.2111211 -0.9324112 -0.2933214 0.02529561 -0.9531258 -0.3015154 0.05074411 -0.7923642 -0.6079341 0.07175177 -0.7692067 -0.6349589 0.02618587 -0.7697671 -0.6377876 0.1387878 -0.386983 -0.9115822 -0.1795231 -0.3180846 -0.9309101 -0.2297866 -0.09571385 -0.9685231 -0.09496068 -0.0744 -0.992697 -0.2798488 -0.6979361 -0.6592193 0.02521288 -0.9532012 -0.3012837 -0.1570726 -0.9331244 -0.3234302 -0.376315 -0.4929786 -0.7844484 -0.5972968 -0.380792 -0.7058569 -0.6685056 -0.0597828 -0.7413005 -0.2946923 -0.8445564 -0.4470806 -0.5047277 -0.8107437 -0.2965546 -0.7641995 -0.5509177 -0.3353935 -0.7755871 -0.3655279 -0.5146397 -0.8794292 -0.2115183 -0.4264557 -0.8998813 -0.03687757 -0.4345734 0.3860329 -0.09191256 -0.9178948 0.2565785 -0.07199299 -0.9638385 -0.09483414 -0.1163151 -0.9886746 -0.3579522 -0.02738177 -0.9333384 -0.4313438 -0.06262564 -0.9000114 -0.7156085 -0.04774045 -0.6968682 -0.7067441 -0.209821 -0.6756389 -0.9124721 -0.0299744 -0.4080394 -0.8902536 -0.251252 -0.3798961 0.08267265 -0.08415973 -0.9930169 0.08174663 -0.08108574 -0.9933493 0.08272135 -0.08197748 -0.9931954 0.08283901 -0.07437586 -0.9937837 0.08337235 -0.07436412 -0.99374 -0.8243131 -0.08338999 -0.5599591 -0.43048 -0.1248865 -0.8939186 -0.7483509 -0.4613806 -0.4765491 -0.7142645 0.3289672 -0.6177433 -0.8606176 0.2148249 -0.4617226 0.9595175 0.2408103 0.1460698 0.6160826 0.3850516 -0.6871517 0.02825671 0.836834 -0.5467271 0.1831582 0.8394752 -0.5115999 0.4242111 0.2699525 -0.8643904 0.4099783 0.1964479 -0.8906886 -0.6423123 0.7662456 0.01739591 -0.9577332 -0.2724931 0.09216678 -0.9986157 0.01463168 0.05052518 0.02458488 0.2158979 -0.9761065 -0.005375981 0.2226735 -0.9748783 0.9890819 0.03606027 -0.1428875 0.937942 0.07798731 -0.3379097 0.9245235 0.206198 -0.3205289 0.7182864 0.5085821 -0.4747726 0.9306347 0.08039158 -0.3570103 0.6643196 0.167836 -0.7283617 0.7394328 0.1395156 -0.6586156 0.6177318 0.5577855 -0.554331 0.527268 0.6216344 -0.5792748 0.4786289 0.6971507 -0.533756 0.4656046 0.7383866 -0.48785 0.3329336 0.1800534 -0.9256004 0.2150777 0.9467737 -0.2395024 0.04603779 0.97601 -0.2128033 0.01477497 0.8303196 -0.5570918 0.003957033 0.9753895 -0.2204535 0.006824553 0.9774594 -0.211013 0.2791871 0.410947 -0.8678579 0.02417939 0.4705771 -0.8820275 0.4073886 0.2001642 -0.8910493 0.01959586 0.4635363 -0.8858613 -0.2367376 0.4041737 -0.8835151 -0.500556 0.623993 -0.6000638 -0.4651489 0.6867435 -0.5585874 0.01293975 0.8262271 -0.5631887 -0.417652 0.8332883 -0.362212 -0.07864582 0.9704335 -0.2281966 0.724194 0.1658605 -0.669353 -0.2883902 0.1708003 -0.9421562 -0.7094846 0.1424055 -0.6901828 -0.5902622 0.5585539 -0.5827591 -0.8727012 0.357432 -0.3326184 -0.6545243 0.1609121 -0.7387186 -0.9223068 0.08509373 -0.3769739 -0.9355863 0.07455635 -0.3451371 -0.3941948 0.2017856 -0.8966009 -0.3187223 0.2420855 -0.9164119 0.6336787 -0.1895275 -0.7500205 0.4721811 -0.2571283 -0.8431667 0.2545357 0.01039963 -0.9670076 0.9113215 -0.07084816 -0.4055537 0.3083397 0.2556781 -0.9162726 -0.003260016 -0.0402413 -0.9991847 -0.008036077 -0.04805105 -0.9988126 0.3897678 -0.4166129 -0.8212885 0.7923309 -0.2055542 -0.5744209 0.8026838 -0.4385985 -0.4041414 0.5370494 -0.6974352 -0.4745126 -0.2655573 0.003060162 -0.9640904 -0.4770357 -0.2560286 -0.8407654 -0.6446436 -0.1870047 -0.7412584 0.3548792 -0.6139803 -0.7050454 0.1802507 -0.7658802 -0.6172012 -0.001807212 -0.7875786 -0.6162115 -0.005953669 -0.5122752 -0.8588008 -0.8081318 -0.2079579 -0.5510686 -0.7322012 0.1605179 -0.6619029 -0.00351727 -0.5056959 -0.8627047 -0.915528 -0.08089584 -0.3940362 -0.004574 -0.7933279 -0.6087775 -0.1931682 -0.7706968 -0.6072171 -0.3544792 -0.6335119 -0.6877552 -0.8049111 -0.444765 -0.3928134 -0.542788 -0.6992021 -0.4652931 -0.3891718 -0.4268622 -0.8162928 -0.05641549 0.1040651 -0.9929692 -0.2311927 0.4047223 -0.8847316 -0.2614267 0.1739352 -0.9494224 -0.3141115 0.04285645 -0.9484184 -0.3464032 -0.004096269 -0.9380767 0.09770888 -0.01494199 -0.995103 0.09787935 -0.01597553 -0.9950701 -0.1977336 0.410365 -0.8902259 -0.5068142 0.5251529 -0.6836329 -0.4336916 0.7552453 -0.4914429 -0.7890458 0.4127553 -0.4550164 -0.8739187 0.1225858 -0.4703605 -0.8673461 0.2589363 -0.4250446 -0.8880575 -0.1096367 -0.4464679 -0.8839238 -0.185447 -0.4292878 -0.008880019 0.1356801 -0.990713 -0.01796746 0.1465536 -0.9890396 -0.2924576 -0.1028926 -0.9507269 -0.2582211 -0.2387356 -0.9361235 -0.2589457 -0.2646201 -0.9289368 0.131445 -0.07179766 -0.9887201 0.09501498 -0.01649564 -0.9953393 -0.1993296 0.4084284 -0.8907604 -0.2069563 0.4168748 -0.8850902 -0.7729156 -0.4709073 -0.425262 -0.7715863 -0.4735285 -0.4247651 -0.3683426 0.6321983 -0.6816517 -0.374601 0.6387611 -0.6720554 -0.4908175 0.7786672 -0.3908653 -0.5279263 -0.744644 -0.4084107 -0.5684257 -0.7031179 -0.4272207 -0.6298266 0.6679257 -0.3964766 -0.4943329 0.7825537 -0.3784768 -0.3048882 -0.8574981 -0.4144158 -0.1423557 -0.3203004 -0.9365589 -0.04387694 -0.4061667 -0.912745 -0.04427742 -0.4075238 -0.9121206 0.09563255 -0.003270983 -0.9954114 0.09730756 -0.003683269 -0.9952476 -0.04443252 -0.888651 -0.4564267 -0.160813 -0.8591381 -0.4858198 0.1959718 -0.3610522 -0.9117217 0.09810388 -0.363812 -0.9262918 0.08213734 -0.198395 -0.9766744 0.0924372 0.002060651 -0.9957164 0.09771567 -0.01628595 -0.9950812 0.09257334 -0.02487307 -0.9953952 0.02119457 0.1721496 -0.9848428 -0.1791232 0.369233 -0.9119113 -0.09274244 0.5670064 -0.8184758 0.07679826 0.002467751 -0.9970436 -0.3175889 0.3396 -0.88533 -0.2475525 0.7144555 -0.6544243 -0.1631687 0.7301802 -0.6634854 -0.428967 0.7825529 -0.4512186 -0.3256093 0.8749707 -0.358336 0.07105487 -0.5225917 -0.8496171 0.05204629 -0.7833626 -0.6193823 0.06049507 -0.8773643 -0.4759958 0.02602666 -0.948963 -0.314312 0.1902143 -0.9357867 -0.2968531 0.0129587 -0.987959 -0.154173 0.1928789 -0.7751449 -0.6016214 -0.04884064 -0.8964971 -0.4403494 0.4518311 -0.7916133 -0.4113357 0.510521 -0.7475486 -0.4248994 0.6895645 -0.6059246 -0.3966815 0.1339163 -0.5212723 -0.8428178 0.76672 -0.4854024 -0.4201488 0.9470371 -0.0563454 -0.3161424 0.9518982 -0.1668158 -0.2570259 0.9646462 -0.003231406 -0.2635284 0.9643968 -0.003368437 -0.2644379 0.8146259 -0.007305026 -0.5799409 0.8110589 -0.1071925 -0.5750595 0.7176405 -0.2889828 -0.6336255 0.6213049 -0.2472093 -0.7435508 0.4205486 0.02317535 -0.9069741 0.3703846 -0.224123 -0.9014346 0.3345094 -0.2464277 -0.9096026 0.2715287 -0.3257502 -0.9056263 0.2533288 -0.3281211 -0.9100336 0.5640642 -0.0595321 -0.8235822 0.8144301 -0.007186532 -0.5802173 -0.002789318 -0.4405211 -0.897738 0.07603758 -0.02225488 -0.9968566 0.1106165 -0.1981372 -0.9739125 0.07107716 -0.0330277 -0.9969239 0.07380974 -0.02945399 -0.9968373 0.07899272 -0.02800732 -0.9964817 0.07770687 -0.02788496 -0.9965862 0.564392 -0.01012915 -0.8254448 0.5655443 -0.01011317 -0.8246561 0.2465386 -0.01176762 -0.9690616 0.07334136 -0.02017664 -0.9971029 0.07324349 -0.01983779 -0.9971169 0.08353441 -0.02885484 -0.9960871 0.0798155 -0.02726131 -0.9964368 0.2484118 -0.05403202 -0.9671464 0.2447221 -0.01230806 -0.9695152 0.2772048 0.283551 -0.9180176 0.05647206 0.3149263 -0.9474347 0.1121208 0.1456434 -0.9829634 0.0914759 0.1457441 -0.9850842 0.3070981 0.5741082 -0.7590064 0.08860588 0.4741826 -0.8759565 0.9443802 0.2007808 -0.260448 0.9107418 -0.06220912 -0.4082641 0.0726124 -0.02106946 -0.9971377 0.07213562 -0.018736 -0.9972189 0.07342612 -0.01733231 -0.9971501 0.0709747 -0.01255303 -0.9973992 0.095021 -0.004960775 -0.995463 -0.2412455 -0.229088 -0.9430373 -0.1600093 -0.2885292 -0.9440064 0.1633286 0.743741 -0.6482077 0.3195179 0.6254899 -0.7118082 0.07405936 -0.03530228 -0.9966288 0.3744905 0.1746422 -0.9106355 0.804894 0.1453633 -0.5753393 0.3113289 0.2212248 -0.9241937 0.3761722 0.1272647 -0.9177681 0.4717471 -0.07289725 -0.8787155 0.5645525 0.0505706 -0.8238465 0.808243 0.1120376 -0.5780925 0.8811367 0.01688283 -0.4725604 0.799524 0.423512 -0.4259097 0.6866582 0.5532826 -0.4715709 0.6123478 0.6543693 -0.4436565 0.2478517 -8.25326e-4 -0.9687976 0.248698 -0.03741168 -0.9678583 0.2741047 0.3806558 -0.8831579 0.5658806 -0.0916624 -0.8193761 0.9350986 0.2355826 -0.2647483 0.8130972 0.05923223 -0.5791066 0.7819608 -0.07983165 -0.6181945 0.9633943 0.04140514 -0.2648716 0.2060085 0.8359255 -0.5087132 0.3305767 0.8861847 -0.3246474 0.07388365 -0.03515851 -0.996647 0.07373261 -0.03698009 -0.9965922 -0.2386116 0.1749474 -0.9552267 -0.2707577 -0.05420148 -0.9611204 -0.1032633 -0.00196731 -0.9946521 0.07459104 -0.03762537 -0.9965043 0.0739758 -0.03967034 -0.9964708 0.0748409 -0.03908163 -0.9964295 0.7074117 0.3022383 -0.6389215 0.8495845 0.3132785 -0.4243381 0.9371483 0.1706618 -0.3043481 0.9571568 -0.01122152 -0.2893525 -0.102963 -0.0389896 -0.9939208 -0.1432419 0.3764169 -0.9153099 -0.1879262 0.2170261 -0.9579057 -0.538752 0.2161659 -0.8142596 -0.4379596 0.008334517 -0.8989561 -0.1889192 0.2000986 -0.9613897 -0.5931827 0.2385815 -0.7689039 0.8111183 0.5161027 -0.2751821 0.4949398 0.405054 -0.7687432 0.3250587 0.2177169 -0.9202914 0.02214986 0.2824107 -0.959038 0.07466143 0.6967152 -0.7134519 0.3813327 0.6266291 -0.6796481 0.3675599 0.7945328 -0.4833399 -0.7176828 0.06994956 -0.692848 -0.7190985 0.05903047 -0.6923964 0.07131844 0.3053985 -0.9495502 0.1445797 0.2862806 -0.9471749 0.0209335 0.6942018 -0.7194759 -0.1339819 0.2748049 -0.9521192 -0.09668415 0.2755951 -0.9563993 -0.6806285 -0.08469003 -0.7277173 -0.4376434 -0.0946837 -0.8941496 -0.5712972 0.3892662 -0.722559 0.05127841 0.7219464 -0.6900464 0.02960562 0.9149034 -0.402586 0.02978873 0.9152042 -0.401888 -0.4374254 0.4624977 -0.7712035 0.5528948 0.7755886 -0.3045814 -0.8426091 0.1228405 -0.5243282 -0.9140821 0.03963494 -0.4035879 -0.8834854 0.2475149 -0.3977309 -0.903466 -0.01776212 -0.4282917 -0.6184998 0.5644885 -0.5466359 -0.578859 0.5897418 -0.5631402 -0.7392553 0.3521992 -0.5739839 -0.8820362 0.165412 -0.4411928 -0.7886214 0.5290278 -0.3133783 -0.5216814 0.7974498 -0.3031868 -0.3346417 0.7544517 -0.5646394 -0.3957926 0.7516981 -0.52754 -0.01414835 0.8097863 -0.5865544 -0.2438992 0.8956794 -0.3718493 -0.3682045 0.5908168 -0.7178865 -0.1546152 0.8935887 -0.4214183 0.01529961 0.9298084 -0.3677259 0.025945 0.9185081 -0.3945502 -0.08714598 0.7407413 -0.6661141 0.03250747 0.7474056 -0.6635723 -0.0209971 0.4728919 -0.8808702 0.1027233 0.3731175 -0.92208 0.0334503 0.1447612 -0.988901 0.06500637 0.1448369 -0.9873178 0.02418804 0.2759923 -0.9608555 0.2142127 0.89402 -0.3934988 -0.1585264 0.897182 -0.4122304 0.05517786 0.7045264 -0.7075296 -0.3674935 0.5992358 -0.711242 0.06451719 0.4740148 -0.8781501 -0.1957777 0.2261309 -0.9542201 -0.1388 -0.3299409 -0.9337418 0.07130652 -0.02809131 -0.9970588 0.06780993 -0.02811497 -0.9973021 0.06813889 -0.02835232 -0.997273 0.06554841 -0.02833825 -0.997447 0.06523412 -0.02869993 -0.9974573 0.0810557 -0.3593839 -0.929663 0.03210675 -0.2002881 -0.9792109 0.06441563 -0.2004571 -0.9775826 -0.3349339 0.7643271 -0.5510205 -0.523652 0.7976726 -0.2991777 -0.4405124 0.4652324 -0.7677941 -0.5796809 0.3887139 -0.7161506 -0.7496302 0.3515235 -0.5607904 -0.1925993 -0.6147911 -0.764812 0.005469501 -0.5223398 -0.85272 -0.7910075 0.5287693 -0.3077505 -0.2611659 -0.07686144 -0.9622291 -0.2162259 -0.6598532 -0.7196111 -0.8865969 0.169228 -0.4304741 -0.04910147 -0.7801684 -0.6236396 0.02262759 -0.329999 -0.94371 -0.1970517 -0.2791425 -0.9398139 -0.2585874 0.01554054 -0.9658629 -0.6798076 -0.001437187 -0.7333891 -0.705826 -0.02045071 -0.70809 -0.2838774 -0.0274266 -0.9584683 -0.9073133 -0.01180285 -0.4202897 -0.6813337 -0.03845208 -0.7309623 -0.9080266 -0.01227015 -0.4187327 -0.5994439 -0.3811424 -0.7038449 -0.7752987 -0.3549914 -0.5223919 -0.8874481 -0.1919726 -0.4190257 -0.7785617 -0.5417265 -0.3168188 -0.4125692 -0.4812048 -0.7734524 -0.321574 -0.6591379 -0.6797996 -0.3104538 -0.8176603 -0.4848196 -0.5171589 -0.8043684 -0.2924693 -0.161526 -0.9189683 -0.3597314 0.0361936 -0.7439728 -0.667229 0.04642969 -0.7839319 -0.6191083 0.0150156 -0.939361 -0.342601 0.02038353 -0.948961 -0.314734 0.06276178 -0.5228816 -0.8500918 -0.2704148 -0.9078457 -0.3204561 -0.1247717 -0.8699799 -0.4770398 -0.5577763 -0.6640194 -0.4979596 -0.5970193 -0.6060377 -0.5256294 -0.7431046 -0.4346145 -0.508828 -0.7965086 -0.07036256 -0.6005191 -0.8830448 -0.2723757 -0.3821563 -0.9160237 -0.001889169 -0.4011199 -0.7149588 -0.1576457 -0.6811621 -0.7214303 -0.001141548 -0.6924862 -0.4391375 -0.08360457 -0.8945214 -0.4400272 -0.001952469 -0.8979824 -0.2421522 -0.1986961 -0.9496748 -0.3533881 0.02848869 -0.9350429 -0.1036705 -0.05266106 -0.9932166 -0.104129 -0.004782974 -0.9945524 0.5639674 0.05946594 -0.8236533 0.5265336 -0.01144635 -0.8500773 0.2437684 0.04436469 -0.9688182 0.09048759 5.31177e-4 -0.9958975 0.08714485 -0.004840254 -0.9961839 0.3841782 0.1612823 -0.9090628 0.3297593 0.2788373 -0.9019472 0.8126991 0.4425039 -0.3790916 0.6678763 0.6192756 -0.4128428 0.6181551 0.6810667 -0.3924697 0.3611417 0.8444973 -0.3954759 -0.9053614 -0.004047513 -0.4246227 -0.8845192 -0.179547 -0.430568 -0.6776119 -0.005410611 -0.7353999 -0.5846749 -0.3847 -0.7142557 -0.2421917 -0.01606035 -0.9700955 -0.1913275 -0.2477986 -0.9497314 0.3330936 0.2785526 -0.9008092 0.2241843 0.328442 -0.9175332 0.1541423 0.3887691 -0.9083495 0.182296 0.8782235 -0.4421445 -0.7599312 -0.3514509 -0.546797 -0.7842406 -0.5342925 -0.3154335 0.07545727 2.92147e-4 -0.997149 0.07130908 0.004175722 -0.9974456 0.06483656 0.9038221 -0.422968 -0.42508 -0.4716214 -0.7725804 -0.3433015 -0.6256808 -0.7004768 -0.3199948 -0.7897818 -0.523305 -0.5170521 -0.8020052 -0.2990733 -0.1583762 -0.9063995 -0.3916081 0.02013164 -0.927547 -0.3731638 0.02463436 -0.9366728 -0.3493382 0.03207904 -0.7195714 -0.6936773 0.1051226 -0.3118526 -0.9442972 0.06727522 -0.3354793 -0.9396423 0.06411814 -0.3322064 -0.9410248 0.04907661 -0.756861 -0.6517307 0.3012812 -0.8979028 -0.3209366 0.3020763 -0.8980447 -0.3197901 0.2733597 -0.7314795 -0.6246697 0.0524277 -0.7530407 -0.6558819 0.1719099 -0.3244799 -0.9301397 0.2638275 -0.2704452 -0.9258804 0.4760639 -0.6252449 -0.618411 0.2743421 -0.7315789 -0.6241224 0.4931792 -0.6501674 -0.5779764 0.5536625 -0.7735248 -0.3084109 0.5592755 -0.7829857 -0.2722946 0.1081676 0.3748611 -0.9207491 0.07654356 0.003700077 -0.9970594 0.2694945 -0.2818713 -0.9208265 0.2818276 -0.2970006 -0.9123398 0.4887998 -0.6381129 -0.5948839 0.746132 -0.3776018 -0.5483648 0.750484 -0.375242 -0.5440288 0.8057255 -0.4105518 -0.426912 0.7327376 -0.6304901 -0.2560821 0.09506684 0.285529 -0.9536434 0.3535242 0.2279877 -0.9072169 0.9430748 -0.2320111 -0.2382873 0.8200658 -0.02053183 -0.571901 0.8212605 -0.01966434 -0.5702145 0.9653173 -2.67253e-4 -0.2610793 0.9703949 -0.006231904 -0.2414436 0.4313547 -0.006427288 -0.9021596 0.4099859 -0.1842913 -0.8932796 0.4416246 -0.02251297 -0.8969175 0.4185981 -0.0710864 -0.9053852 0.08042079 0.4742963 -0.8766844 0.06669622 0.7076251 -0.7034333 0.3820351 0.6414085 -0.6653153 0.5026368 0.3970571 -0.7679206 0.7327163 0.2907654 -0.6152906 0.06042575 0.7486037 -0.6602585 0.03763961 0.9197169 -0.3907738 0.03414291 0.9299649 -0.3660596 0.7956985 0.002786993 -0.6056867 0.86339 0.3168997 -0.392597 0.9460119 0.1743662 -0.273236 0.3779866 0.8024809 -0.4616825 0.5603725 0.7723395 -0.2991231 0.2260091 0.89816 -0.3771322 0.8155457 0.5145054 -0.2648951 0.999531 0 0.03062528 -0.1654241 0.3805776 -0.9098327 -0.04346615 0.387041 -0.9210376 -0.0340631 0.3906497 -0.9199091 -0.1121354 0.535033 -0.8373563 -0.2191926 0.7679093 -0.6018887 -0.2472692 0.8512886 -0.4627804 -0.1876375 0.3212051 -0.9282346 -0.2689641 0.2214741 -0.9373407 -0.3125523 0.1895969 -0.9307868 0.0880028 0.06547451 -0.9939662 0.08802109 0.06148654 -0.9942191 0.09695601 0.004672527 -0.9952777 -0.3015419 0.9069283 -0.2941999 -0.2935349 0.94665 -0.133008 -0.2961946 0.0924316 -0.9506446 -0.315739 -0.06385409 -0.9466952 0.0902248 0.06390488 -0.993869 -0.3223298 -0.06017649 -0.9447129 -0.2247072 -0.1724534 -0.9590446 -0.112458 -0.4014258 -0.9089612 -0.02886587 -0.08959597 -0.9955599 -0.1369016 -0.4059358 -0.9035896 -0.3684836 -0.5948151 -0.7144333 -0.384712 -0.6089444 -0.6936739 -0.2905735 -0.8113491 -0.5072276 -0.6981058 -0.5260414 -0.485725 -0.8243395 -0.2494239 -0.5081854 -0.8191899 -0.2883962 -0.4957374 -0.890969 0.0472598 -0.4515979 -0.8011214 0.383924 -0.4591371 -0.8089247 0.3453835 -0.4757639 -0.6669728 0.6097104 -0.4282529 -0.3743085 0.8158006 -0.4408658 -0.4341836 0.765856 -0.4742883 -0.4717424 -0.7768433 -0.4171015 -0.4024372 -0.5946459 -0.6960178 -0.2105915 -0.6827213 -0.6996734 -0.1074471 -0.432408 -0.8952534 -0.1011675 -0.4202588 -0.9017471 0.01396435 -0.1204774 -0.9926179 0.02041524 -0.1079157 -0.9939505 0.08875274 0.06746822 -0.9937661 0.1020625 -0.0146352 -0.9946704 0.06417191 0.05588847 -0.9963726 0.06561654 0.05209666 -0.9964841 0.01056218 0.2383961 -0.9711106 0.0412603 0.2496376 -0.9674599 -0.08739119 0.4208873 -0.9028935 0.08485603 0.684723 -0.7238466 -0.105876 0.5374553 -0.8366194 -0.1031288 0.8036938 -0.5860383 0.07802593 0.7673683 -0.6364416 -0.2136756 0.9161774 -0.3390601 -0.1288209 0.9531261 -0.2737809 0.09012144 0.06498122 -0.9938086 0.09393978 0.09290742 -0.9912334 0.0891509 0.07434141 -0.9932399 0.1909461 0.4171056 -0.8885734 0.2027167 0.4022459 -0.892807 0.0611279 0.06028664 -0.9963077 0.2950803 0.3307358 -0.8964048 0.3387814 0.3138319 -0.8869819 0.3624622 0.2381683 -0.9010533 0.5023324 0.02202588 -0.8643941 0.553059 0.1116383 -0.8256286 0.7982858 0.1877759 -0.5722588 0.9059267 -0.02917796 -0.422428 0.8105961 0.4559006 -0.3675441 0.6985906 0.6002167 -0.3895012 0.6203403 0.6965659 -0.3605188 0.3567683 0.856244 -0.3735808 0.3159269 0.8659271 -0.3877636 0.8073091 0.03273683 -0.5892202 0.8090255 0.03311717 -0.5868398 0.9609692 0.01519775 -0.2762381 0.9416725 0.216336 -0.2577823 0.5542352 0.04619741 -0.8310771 0.06037831 0.06688785 -0.995932 0.05810588 0.06937128 -0.9958973 0.9618153 0.01546704 -0.2732619 0.05861979 0.06749135 -0.9959963 0.05861335 0.06485253 -0.9961721 0.2351978 0.106026 -0.9661473 0.2355104 0.05412721 -0.9703634 0.07799732 0.05576163 -0.9953929 0.80567 -0.07622396 -0.58744 0.7023729 -0.2550847 -0.664533 0.9394557 -0.06435292 -0.3365733 0.5569225 0.04673308 -0.8292488 0.9444563 -0.1756621 -0.2777499 0.2367718 0.05455791 -0.9700323 0.2375756 0.002388596 -0.9713661 0.4390553 0.05495345 -0.8967779 0.08531576 0.05479246 -0.9948463 0.06701934 0.04659241 -0.9966632 0.5564386 -0.004458606 -0.8308768 0.6219741 -0.2075763 -0.7550234 0.338812 -0.2071908 -0.9177573 0.350345 -0.2036036 -0.9142232 0.2501132 -0.2685394 -0.9302312 0.2028919 -0.3225492 -0.9245523 0.1375438 -0.3188784 -0.9377624 0.06540769 0.04456698 -0.996863 -0.1303013 -0.3823404 -0.9147883 -0.07912772 -0.4429857 -0.8930299 -0.06326425 -0.7393422 -0.6703512 -0.3130975 -0.7961422 -0.5178104 -0.1196651 -0.9162092 -0.3824148 -0.2983297 -0.8671659 -0.3987764 0.153882 -0.8714897 -0.465646 0.3230462 -0.8147309 -0.4815131 0.4371945 -0.7812368 -0.4455673 0.6741119 -0.5974529 -0.4343079 0.7081046 -0.5454509 -0.4484097 0.06616747 0.03980702 -0.9970142 0.06907409 0.04443562 -0.9966215 0.05164229 -0.134057 -0.9896272 0.0665192 0.03950464 -0.9970028 0.07306522 0.05062377 -0.9960415 -0.2939856 -0.8618056 -0.4133564 -0.2164736 -0.6926788 -0.6879937 0.0648092 0.03109455 -0.9974131 0.056535 0.02183961 -0.9981617 0.04397475 0.07879728 -0.9959203 0.03681468 0.07720184 -0.9963356 0.03709769 0.0800563 -0.9960998 -0.3156325 -0.86664 -0.3864082 -0.313573 -0.8644999 -0.3928256 -0.560932 -0.7239122 -0.4016296 -0.6344097 -0.4433053 -0.6332494 -0.6069732 -0.4249736 -0.6715511 -0.6040769 -0.425483 -0.6738363 -0.2413914 -0.1777318 -0.9540134 -0.08120173 -0.2701988 -0.9593743 -0.1243138 -0.4401541 -0.8892753 -0.2365401 -0.6947833 -0.6792091 -0.7076575 0.007670402 -0.7065141 -0.8742907 -0.2689335 -0.4040926 -0.9160332 0.008156299 -0.4010196 -0.901714 0.01785665 -0.4319643 -0.2752242 0.04161465 -0.960479 -0.2914388 0.02125746 -0.9563533 -0.7089377 0.008418619 -0.7052209 -0.6577605 0.03410983 -0.7524546 -0.2546671 -0.03234225 -0.9664878 -0.1491192 0.3140541 -0.9376213 0.1751998 0.2904916 -0.9407017 0.1832737 0.322635 -0.9286105 -0.5807554 0.3137414 -0.7511922 -0.8680122 0.2322611 -0.4388732 -0.170978 0.3450796 -0.9228687 -0.006989121 0.7026998 -0.7114521 -0.3046239 -0.6669005 -0.6800354 -0.2254729 -0.6803275 -0.697364 -0.2248454 -0.7493925 -0.6227805 -0.5261417 -0.7576441 -0.3861999 -0.1655698 -0.4232963 -0.8907339 -8.81981e-4 -0.1309742 -0.9913855 -0.05142527 -0.1117643 -0.9924033 -0.126451 -0.3321613 -0.9347081 -0.7151207 0.4028141 -0.5712646 -0.6993891 0.4645942 -0.5431457 -0.1281352 0.853901 -0.504415 -0.05631542 0.846687 -0.529103 0.1451654 0.9167042 -0.3722639 0.3651956 0.8638995 -0.3468571 0.3398869 0.7662222 -0.5453262 -0.3642708 -0.4348064 -0.8235595 -0.6975526 0.6453957 -0.3112632 -0.5510722 -0.6340262 -0.5425222 -0.7290931 -0.4044262 -0.5521438 -0.7587941 -0.06565767 -0.6480128 -0.8692093 -0.3091014 -0.3859168 -0.3141121 0.9055147 -0.2852659 -0.2408209 -0.1308809 -0.9617045 -0.4132602 -0.004420816 -0.9106023 -0.4464305 -0.04667645 -0.8936002 -0.7211092 -0.1051809 -0.6847909 -0.4487283 0.04942387 -0.8923006 -0.4536057 0.04883831 -0.8898633 -0.5251551 0.04917436 -0.8495847 -0.7280781 0.03796947 -0.6844419 -0.73318 0.03721368 -0.6790157 -0.9192692 0.02195698 -0.3930168 -0.9219548 0.02103048 -0.3867265 -0.1114311 -0.01561474 -0.9936496 -0.1113789 0.0549643 -0.9922569 -0.1185637 0.05438226 -0.9914562 0.2035457 0.3634764 -0.9090952 -0.1174689 0.1255419 -0.9851093 -0.366779 0.1131082 -0.9234067 -0.5472643 0.2917295 -0.7844718 -0.4528818 0.07876205 -0.8880848 -0.7290007 0.1520085 -0.6674216 -0.6166653 0.3106971 -0.7233196 -0.8231661 0.1961705 -0.5328367 -0.878731 0.3281074 -0.346666 0.3008397 0.6641155 -0.6844313 -0.2091204 0.3077497 -0.9282019 -0.6494113 0.6038019 -0.4622643 -0.3091958 0.8000494 -0.5141196 -0.5453606 0.783624 -0.2975152 0.372864 0.8896721 -0.2635452 -0.1564099 0.4917237 -0.8565885 -0.2038264 0.5045614 -0.8389712 -0.3567047 0.7142006 -0.6022288 -0.2382432 0.7649354 -0.5984264 -0.2249213 0.7492029 -0.6229811 -0.3104183 0.9056038 -0.2890025 -0.3065112 0.9031133 -0.3007282 -0.1306611 0.5330511 -0.8359332 -0.06140011 0.219244 -0.9737362 -0.01540631 0.2364046 -0.9715325 -0.610747 0.4940804 -0.6187672 -0.6154392 0.4927178 -0.6151942 -0.6373904 0.5053344 -0.5816963 -0.5575839 0.7659739 -0.3199758 -0.08973777 0.3666262 -0.9260306 -0.8802838 0.3078921 -0.3609749 -0.7196092 0.04729044 -0.6927672 -0.9289501 0.03491318 -0.368555 -0.9223489 0.02977782 -0.3852088 -0.7456229 0.0594958 -0.6637068 -0.469714 0.06186902 -0.8806481 -0.2788718 0.1306232 -0.9514033 -0.2562965 0.2734074 -0.9271249 -0.1363176 0.07690817 -0.9876755 -0.1358411 0.07925772 -0.9875553 -0.1962268 -0.1323791 -0.9715816 -0.4695641 0.1157917 -0.8752724 -0.7427628 -0.03060305 -0.6688551 -0.6834136 0.1178137 -0.7204623 -0.926992 -0.03122073 -0.3737796 -0.91053 0.03240782 -0.4121707 -0.6012171 -0.2257251 -0.7665417 -0.6714628 -0.3886858 -0.6309209 -0.8769493 -0.187713 -0.4424068 0.3838756 0.2556714 -0.8872833 0.4169991 0.046992 -0.9076914 0.4342116 0.06050324 -0.8987768 -0.2065396 -0.1022182 -0.9730842 -0.04563105 -0.2128393 -0.9760212 0.218293 -0.1890329 -0.9574 -0.1475785 -0.5031336 -0.8515146 0.1002454 -0.08299732 -0.991495 0.1246014 -0.07375001 -0.9894622 0.1908373 -0.2418032 -0.951374 0.2382387 -0.3885219 -0.8901085 0.3408792 -0.7255198 -0.5978482 0.3359076 -0.6481835 -0.6833918 0.2604176 -0.6767831 -0.6885836 0.321498 -0.5844431 -0.7450271 0.3612729 -0.8446825 -0.3949602 0.3198161 -0.8600153 -0.3976072 0.3526637 -0.8261225 -0.4394884 -0.01007729 -0.6273152 -0.7787004 -0.1309178 -0.7542007 -0.6434608 0.12217 -0.7316926 -0.6705971 -0.7450698 -0.1380654 -0.6525406 -0.2203206 -0.8232469 -0.523186 0.1324126 -0.8751746 -0.4653345 -0.3273839 -0.8858965 -0.3286448 -0.7140321 -0.6204216 -0.3243998 -0.7013742 -0.4937974 -0.5140414 0.3127443 -0.654207 -0.6886249 0.370456 -0.845714 -0.3840966 0.3825518 -0.1313926 -0.9145437 0.6985945 -0.3948578 -0.5967019 0.7008472 -0.3947515 -0.5941249 0.7232476 -0.416229 -0.5510594 0.6169465 -0.7052812 -0.3492214 0.9249227 -0.2560818 -0.2809628 0.805898 0.03530424 -0.591001 0.8152137 0.03958123 -0.5778062 0.9658331 0.01750719 -0.258573 0.9664346 0.01774936 -0.256299 0.4154766 0.07915276 -0.9061536 0.3326668 0.7333441 -0.5929074 0.8077251 0.04382747 -0.587928 0.6990838 0.4733648 -0.5359175 0.6170128 0.7469854 -0.2476047 0.7246276 0.4873983 -0.4871937 0.7027246 0.4719688 -0.5323755 0.9257022 0.2909733 -0.2416821 -0.02498912 0.9995657 0.0156182 0 0.9984964 -0.05481857 0.00830388 -0.9964684 0.08355802 0 0 -1 0.9239841 -0.3777465 -0.05967396</float_array>
          <technique_common>
            <accessor source="#Mesh1_002-mesh-normals-array" count="1999" stride="3">
              <param name="X" type="float"/>
              <param name="Y" type="float"/>
              <param name="Z" type="float"/>
            </accessor>
          </technique_common>
        </source>
        <vertices id="Mesh1_002-mesh-vertices">
          <input semantic="POSITION" source="#Mesh1_002-mesh-positions"/>
        </vertices>
        <triangles material="Material_0_002-material" count="2004">
          <input semantic="VERTEX" source="#Mesh1_002-mesh-vertices" offset="0"/>
          <input semantic="NORMAL" source="#Mesh1_002-mesh-normals" offset="1"/>
          <p>0 0 1 0 2 0 1 1 0 1 3 1 4 2 5 2 6 2 4 3 6 3 8 3 12 4 4 4 8 4 4 5 12 5 15 5 4 6 15 6 20 6 20 7 29 7 4 7 39 8 4 8 29 8 29 9 50 9 39 9 62 10 39 10 50 10 19 11 15 11 12 11 27 12 15 12 19 12 15 13 27 13 35 13 37 14 15 14 35 14 37 15 28 15 15 15 5 16 7 16 6 16 6 17 7 17 10 17 6 18 10 18 11 18 11 19 8 19 6 19 8 20 11 20 14 20 14 21 18 21 8 21 8 22 18 22 26 22 18 23 34 23 26 23 44 24 26 24 34 24 17 25 11 25 10 25 15 26 28 26 20 26 38 27 20 27 28 27 20 28 38 28 48 28 48 29 61 29 20 29 61 30 72 30 20 30 87 31 72 31 61 31 11 32 17 32 14 32 14 33 17 33 24 33 25 34 14 34 24 34 34 35 55 35 44 35 64 36 44 36 55 36 18 37 14 37 25 37 71 38 61 38 48 38 71 39 85 39 61 39 36 40 27 40 19 40 27 41 36 41 46 41 37 42 47 42 28 42 28 43 47 43 60 43 60 44 49 44 28 44 86 45 71 45 48 45 71 46 86 46 99 46 24 47 17 47 33 47 7 48 5 48 9 48 38 49 28 49 49 49 7 50 13 50 10 50 64 51 55 51 76 51 90 52 64 52 76 52 13 53 17 53 10 53 13 54 23 54 17 54 23 55 32 55 17 55 86 56 48 56 100 56 100 57 115 57 86 57 49 58 60 58 73 58 58 59 46 59 36 59 87 60 61 60 85 60 103 61 87 61 85 61 23 62 43 62 32 62 13 63 30 63 23 63 23 64 30 64 42 64 23 65 42 65 43 65 54 66 42 66 30 66 30 67 13 67 22 67 22 68 40 68 30 68 40 69 51 69 30 69 54 70 30 70 51 70 22 71 13 71 16 71 31 72 22 72 16 72 63 73 51 73 40 73 22 74 31 74 40 74 31 75 52 75 40 75 52 76 63 76 40 76 52 77 75 77 63 77 41 78 31 78 16 78 31 79 41 79 53 79 7 80 16 80 13 80 16 81 7 81 21 81 103 82 85 82 88 82 53 83 103 83 88 83 88 84 74 84 53 84 53 85 74 85 52 85 53 86 52 86 31 86 52 87 74 87 89 87 52 88 89 88 105 88 85 89 99 89 88 89 99 90 131 90 88 90 148 91 88 91 131 91 85 92 71 92 99 92 104 93 89 93 74 93 102 94 74 94 88 94 102 95 117 95 74 95 166 96 148 96 131 96 104 97 74 97 117 97 137 98 117 98 102 98 147 99 131 99 99 99 147 100 99 100 150 100 150 101 99 101 132 101 113 102 99 102 86 102 86 103 133 103 113 103 151 104 113 104 133 104 113 105 132 105 99 105 132 106 113 106 149 106 149 107 113 107 167 107 48 108 114 108 100 108 100 109 114 109 134 109 134 110 114 110 152 110 152 111 73 111 134 111 134 112 73 112 154 112 135 113 154 113 73 113 135 114 169 114 154 114 60 115 83 115 73 115 90 116 76 116 92 116 92 117 76 117 118 117 118 118 138 118 92 118 92 119 138 119 120 119 120 120 107 120 92 120 92 121 107 121 79 121 79 122 68 122 92 122 79 123 107 123 93 123 93 124 58 124 79 124 93 125 107 125 122 125 121 126 93 126 122 126 93 127 121 127 106 127 58 128 36 128 68 128 58 129 93 129 106 129 68 130 79 130 58 130 140 131 107 131 120 131 141 132 107 132 140 132 122 133 156 133 121 133 121 134 156 134 119 134 119 135 106 135 121 135 119 136 78 136 106 136 106 137 78 137 91 137 107 138 141 138 122 138 141 139 158 139 122 139 122 140 158 140 175 140 119 141 156 141 139 141 175 142 156 142 122 142 175 143 187 143 156 143 187 144 172 144 156 144 156 145 172 145 139 145 139 146 172 146 173 146 139 147 173 147 157 147 139 148 157 148 78 148 35 149 91 149 78 149 78 150 119 150 139 150 78 151 157 151 174 151 182 152 174 152 157 152 174 153 182 153 196 153 35 154 27 154 45 154 45 155 27 155 56 155 45 156 56 156 65 156 65 157 56 157 77 157 66 158 35 158 78 158 57 159 35 159 66 159 196 160 182 160 163 160 182 161 145 161 163 161 163 162 145 162 82 162 37 163 35 163 57 163 67 164 37 164 57 164 37 165 67 165 59 165 128 166 82 166 145 166 82 167 128 167 111 167 111 168 96 168 82 168 96 169 59 169 82 169 145 170 164 170 128 170 162 171 128 171 164 171 127 172 128 172 162 172 127 173 111 173 128 173 59 174 96 174 110 174 59 175 47 175 37 175 59 176 67 176 82 176 111 177 127 177 96 177 126 178 96 178 127 178 126 179 110 179 96 179 69 180 47 180 59 180 69 181 59 181 81 181 81 182 95 182 69 182 109 183 95 183 81 183 95 184 109 184 125 184 69 185 80 185 47 185 47 186 80 186 84 186 70 187 47 187 84 187 80 188 69 188 94 188 69 189 108 189 94 189 69 190 123 190 108 190 123 191 142 191 108 191 142 192 144 192 108 192 144 193 124 193 108 193 159 194 124 194 144 194 124 195 159 195 143 195 94 196 124 196 143 196 124 197 94 197 108 197 143 198 160 198 94 198 94 199 160 199 178 199 176 200 143 200 159 200 176 201 188 201 143 201 160 202 189 202 178 202 189 203 201 203 178 203 160 204 143 204 177 204 201 205 189 205 209 205 70 206 60 206 47 206 98 207 70 207 84 207 112 208 70 208 98 208 70 209 112 209 130 209 162 210 181 210 127 210 127 211 181 211 161 211 217 212 209 212 189 212 220 213 209 213 217 213 194 214 162 214 164 214 162 215 194 215 195 215 161 216 126 216 127 216 180 217 126 217 161 217 191 218 126 218 180 218 180 219 144 219 191 219 179 220 144 220 180 220 161 221 181 221 193 221 161 222 193 222 192 222 144 223 179 223 159 223 159 224 179 224 190 224 159 225 190 225 203 225 180 226 161 226 192 226 181 227 204 227 193 227 193 228 204 228 212 228 193 229 212 229 211 229 195 230 181 230 162 230 195 231 205 231 181 231 146 232 130 232 112 232 192 233 193 233 211 233 60 234 70 234 83 234 202 235 190 235 179 235 205 236 204 236 181 236 180 237 192 237 179 237 192 238 210 238 179 238 202 239 179 239 210 239 218 240 210 240 192 240 83 241 70 241 97 241 97 242 101 242 83 242 73 243 116 243 135 243 146 244 112 244 165 244 165 245 184 245 146 245 101 246 97 246 129 246 101 247 73 247 83 247 165 248 112 248 183 248 165 249 183 249 198 249 183 250 112 250 197 250 183 251 197 251 206 251 116 252 73 252 101 252 136 253 116 253 101 253 153 254 116 254 136 254 198 255 184 255 165 255 184 256 198 256 186 256 184 257 186 257 155 257 155 258 171 258 184 258 155 259 101 259 171 259 116 260 153 260 135 260 135 261 168 261 169 261 135 262 153 262 168 262 155 263 186 263 170 263 136 264 155 264 170 264 101 265 155 265 136 265 183 266 207 266 198 266 213 267 207 267 183 267 214 268 198 268 207 268 214 269 215 269 198 269 186 270 198 270 215 270 186 271 215 271 219 271 200 272 170 272 186 272 136 273 170 273 153 273 153 274 170 274 185 274 186 275 208 275 200 275 208 276 216 276 200 276 170 277 199 277 185 277 221 278 222 278 223 278 221 279 223 279 225 279 228 280 221 280 225 280 221 281 228 281 231 281 231 282 235 282 221 282 242 283 221 283 235 283 242 284 247 284 221 284 227 285 225 285 223 285 230 286 225 286 227 286 234 287 225 287 230 287 234 288 238 288 225 288 238 289 234 289 244 289 234 290 252 290 244 290 260 291 244 291 252 291 224 292 223 292 222 292 223 293 224 293 226 293 235 294 231 294 241 294 241 295 246 295 235 295 248 296 235 296 246 296 242 297 249 297 247 297 249 298 256 298 247 298 226 299 227 299 223 299 233 300 227 300 226 300 252 301 266 301 260 301 260 302 266 302 272 302 272 303 278 303 260 303 233 304 230 304 227 304 230 305 233 305 240 305 240 306 245 306 230 306 272 307 285 307 278 307 278 308 285 308 294 308 239 309 234 309 230 309 245 310 240 310 253 310 294 311 285 311 302 311 261 312 248 312 246 312 248 313 261 313 267 313 262 314 248 314 267 314 262 315 254 315 248 315 248 316 254 316 242 316 285 317 310 317 302 317 321 318 302 318 310 318 262 319 267 319 274 319 280 320 262 320 274 320 262 321 280 321 287 321 262 322 268 322 254 322 242 323 235 323 248 323 263 324 242 324 254 324 229 325 226 325 224 325 226 326 229 326 232 326 237 327 226 327 232 327 256 328 249 328 229 328 233 329 226 329 237 329 233 330 237 330 240 330 237 331 232 331 240 331 240 332 232 332 251 332 251 333 259 333 240 333 274 334 288 334 280 334 274 335 296 335 288 335 305 336 296 336 274 336 305 337 316 337 296 337 317 338 296 338 316 338 316 339 305 339 328 339 296 340 297 340 288 340 297 341 296 341 317 341 288 342 297 342 280 342 286 343 280 343 297 343 286 344 287 344 280 344 315 345 286 345 297 345 315 346 327 346 286 346 325 347 286 347 327 347 286 348 325 348 313 348 313 349 304 349 286 349 295 350 286 350 304 350 295 351 279 351 286 351 286 352 279 352 273 352 327 353 315 353 320 353 268 354 273 354 279 354 306 355 327 355 320 355 318 356 327 356 306 356 320 357 292 357 306 357 309 358 292 358 320 358 309 359 320 359 299 359 299 360 320 360 319 360 320 361 340 361 319 361 320 362 350 362 340 362 340 363 350 363 365 363 365 364 350 364 386 364 319 365 307 365 299 365 299 366 307 366 290 366 299 367 290 367 282 367 299 368 282 368 291 368 291 369 309 369 299 369 291 370 282 370 276 370 276 371 292 371 291 371 292 372 309 372 291 372 292 373 276 373 283 373 301 374 292 374 283 374 306 375 292 375 301 375 279 376 295 376 303 376 312 377 279 377 303 377 322 378 279 378 312 378 331 379 322 379 312 379 312 380 303 380 323 380 333 381 312 381 323 381 307 382 308 382 290 382 300 383 290 383 308 383 270 384 290 384 300 384 306 385 298 385 318 385 298 386 306 386 289 386 298 387 289 387 281 387 289 388 275 388 281 388 275 389 269 389 281 389 318 390 298 390 329 390 329 391 339 391 318 391 325 392 318 392 339 392 333 393 323 393 343 393 332 394 323 394 303 394 314 395 295 395 304 395 295 396 314 396 311 396 282 397 290 397 270 397 311 398 303 398 295 398 323 399 332 399 343 399 332 400 303 400 344 400 356 401 344 401 303 401 344 402 356 402 373 402 330 403 373 403 356 403 373 404 330 404 366 404 398 405 373 405 366 405 366 406 330 406 351 406 367 407 366 407 351 407 367 408 399 408 366 408 351 409 330 409 341 409 314 410 330 410 311 410 399 411 398 411 366 411 399 412 435 412 398 412 367 413 351 413 341 413 341 414 330 414 314 414 341 415 368 415 367 415 314 416 352 416 341 416 400 417 367 417 368 417 417 418 367 418 400 418 367 419 417 419 399 419 399 420 417 420 436 420 332 421 355 421 343 421 343 422 355 422 372 422 343 423 372 423 369 423 353 424 343 424 369 424 342 425 353 425 369 425 312 426 353 426 342 426 399 427 436 427 435 427 368 428 341 428 352 428 452 429 436 429 417 429 400 430 437 430 417 430 437 431 453 431 417 431 418 432 400 432 368 432 326 433 314 433 304 433 337 434 314 434 326 434 326 435 347 435 337 435 360 436 337 436 347 436 347 437 378 437 360 437 326 438 304 438 334 438 348 439 326 439 334 439 361 440 326 440 348 440 361 441 379 441 326 441 379 442 361 442 390 442 452 443 417 443 453 443 390 444 361 444 408 444 425 445 390 445 408 445 400 446 418 446 437 446 418 447 454 447 437 447 454 448 466 448 437 448 466 449 453 449 437 449 438 450 418 450 368 450 418 451 438 451 425 451 380 452 361 452 348 452 391 453 361 453 380 453 454 454 480 454 466 454 408 455 445 455 425 455 425 456 445 456 454 456 348 457 392 457 380 457 380 458 409 458 391 458 392 459 348 459 410 459 461 460 445 460 408 460 410 461 427 461 392 461 461 462 408 462 473 462 408 463 487 463 473 463 473 464 488 464 461 464 488 465 496 465 461 465 426 466 410 466 348 466 407 467 410 467 426 467 425 468 454 468 418 468 445 469 474 469 454 469 472 470 445 470 461 470 461 471 486 471 472 471 472 472 485 472 445 472 324 473 304 473 313 473 324 474 313 474 335 474 454 475 474 475 489 475 426 476 424 476 407 476 335 477 407 477 424 477 389 478 407 478 335 478 485 479 474 479 445 479 304 480 324 480 334 480 345 481 335 481 313 481 335 482 345 482 357 482 375 483 335 483 357 483 335 484 375 484 389 484 389 485 375 485 406 485 374 486 375 486 357 486 374 487 405 487 375 487 405 488 423 488 375 488 405 489 444 489 423 489 374 490 357 490 345 490 313 491 325 491 336 491 336 492 346 492 313 492 358 493 345 493 313 493 345 494 358 494 376 494 346 495 336 495 359 495 359 496 377 496 346 496 374 497 422 497 405 497 422 498 443 498 405 498 405 499 443 499 460 499 345 500 376 500 374 500 459 501 443 501 422 501 364 502 325 502 339 502 325 503 364 503 384 503 395 504 384 504 364 504 385 505 364 505 339 505 396 506 364 506 385 506 442 507 422 507 374 507 457 508 422 508 442 508 470 509 422 509 457 509 470 510 459 510 422 510 339 511 397 511 385 511 374 512 458 512 442 512 471 513 442 513 458 513 396 514 385 514 397 514 327 515 318 515 325 515 395 516 364 516 415 516 415 517 433 517 395 517 457 518 483 518 470 518 442 519 471 519 457 519 471 520 465 520 457 520 465 521 495 521 457 521 495 522 497 522 457 522 433 523 465 523 471 523 433 524 451 524 465 524 465 525 451 525 479 525 465 526 479 526 493 526 471 527 484 527 433 527 484 528 471 528 458 528 492 529 479 529 451 529 451 530 433 530 415 530 415 531 450 531 451 531 450 532 478 532 451 532 492 533 451 533 478 533 415 534 432 534 450 534 432 535 464 535 450 535 464 536 477 536 450 536 491 537 478 537 450 537 464 538 490 538 477 538 364 539 432 539 415 539 397 540 339 540 416 540 416 541 434 541 397 541 416 542 339 542 429 542 413 543 429 543 339 543 429 544 413 544 394 544 394 545 413 545 338 545 381 546 394 546 338 546 394 547 381 547 412 547 338 548 362 548 381 548 393 549 381 549 362 549 411 550 381 550 393 550 411 551 428 551 381 551 362 552 338 552 349 552 382 553 362 553 349 553 298 554 338 554 329 554 349 555 338 555 298 555 298 556 363 556 349 556 363 557 383 557 349 557 275 558 264 558 269 558 255 559 269 559 264 559 282 560 270 560 276 560 276 561 270 561 264 561 264 562 283 562 276 562 257 563 264 563 270 563 243 564 264 564 257 564 243 565 257 565 250 565 250 566 236 566 243 566 229 567 243 567 236 567 393 568 362 568 382 568 382 569 414 569 393 569 393 570 414 570 431 570 393 571 431 571 449 571 383 572 382 572 349 572 232 573 258 573 251 573 265 574 251 574 258 574 271 575 265 575 258 575 271 576 277 576 265 576 277 577 284 577 265 577 293 578 284 578 277 578 229 579 236 579 232 579 249 580 243 580 229 580 243 581 249 581 255 581 255 582 264 582 243 582 414 583 382 583 430 583 430 584 382 584 446 584 462 585 430 585 446 585 456 586 462 586 446 586 462 587 456 587 482 587 482 588 456 588 468 588 440 589 468 589 456 589 468 590 440 590 469 590 475 591 468 591 469 591 475 592 482 592 468 592 482 593 475 593 462 593 462 594 475 594 447 594 440 595 439 595 469 595 439 596 481 596 469 596 494 597 469 597 481 597 469 598 494 598 475 598 475 599 494 599 476 599 430 600 462 600 447 600 439 601 467 601 481 601 475 602 476 602 447 602 476 603 463 603 447 603 447 604 463 604 414 604 430 605 447 605 414 605 448 606 414 606 463 606 448 607 431 607 414 607 388 608 440 608 456 608 440 609 388 609 421 609 262 610 273 610 268 610 421 611 388 611 403 611 403 612 439 612 421 612 421 613 439 613 440 613 404 614 439 614 403 614 439 615 404 615 455 615 331 616 312 616 342 616 342 617 354 617 331 617 371 618 331 618 354 618 331 619 371 619 388 619 455 620 467 620 439 620 371 621 403 621 388 621 455 622 404 622 441 622 342 623 369 623 370 623 403 624 371 624 404 624 371 625 387 625 404 625 387 626 420 626 404 626 354 627 387 627 371 627 420 628 441 628 404 628 370 629 354 629 342 629 372 630 401 630 369 630 354 631 370 631 387 631 387 632 370 632 402 632 369 633 401 633 370 633 419 634 370 634 401 634 387 635 402 635 420 635 419 636 402 636 370 636 498 458 499 458 500 458 500 458 501 458 498 458 502 637 503 637 504 637 502 638 504 638 506 638 510 639 502 639 506 639 514 640 502 640 510 640 518 641 502 641 514 641 524 642 502 642 518 642 524 643 531 643 502 643 510 644 519 644 514 644 536 645 531 645 524 645 514 646 519 646 526 646 531 647 536 647 534 647 532 648 514 648 526 648 531 649 534 649 540 649 525 650 514 650 532 650 505 651 504 651 503 651 507 652 504 652 505 652 507 653 509 653 504 653 509 654 506 654 504 654 513 655 506 655 509 655 506 656 513 656 517 656 517 657 522 657 506 657 529 658 522 658 517 658 522 659 529 659 535 659 509 660 507 660 515 660 535 661 529 661 542 661 515 662 513 662 509 662 513 663 515 663 523 663 523 664 530 664 513 664 529 665 548 665 542 665 517 666 513 666 521 666 526 667 538 667 532 667 532 668 538 668 546 668 545 669 538 669 526 669 545 670 526 670 551 670 550 671 545 671 551 671 551 672 526 672 557 672 557 673 562 673 551 673 550 674 551 674 561 674 550 675 561 675 556 675 538 676 550 676 556 676 538 677 545 677 550 677 538 678 556 678 552 678 537 679 525 679 532 679 525 680 537 680 544 680 552 681 546 681 538 681 525 682 518 682 514 682 551 683 567 683 561 683 567 684 551 684 574 684 574 685 580 685 567 685 568 686 561 686 567 686 561 687 568 687 556 687 556 688 568 688 555 688 555 689 552 689 556 689 567 690 581 690 568 690 581 691 567 691 584 691 503 692 508 692 505 692 512 693 505 693 508 693 516 694 505 694 512 694 511 695 505 695 516 695 512 696 540 696 534 696 505 697 511 697 507 697 507 698 511 698 515 698 511 699 516 699 515 699 515 700 516 700 527 700 512 701 520 701 516 701 528 702 520 702 512 702 520 703 528 703 533 703 539 704 533 704 528 704 527 705 523 705 515 705 539 706 528 706 547 706 547 707 553 707 539 707 553 708 547 708 558 708 528 709 512 709 534 709 534 710 541 710 528 710 547 711 563 711 558 711 570 712 558 712 563 712 576 713 558 713 570 713 582 714 558 714 576 714 586 715 582 715 576 715 582 716 585 716 558 716 585 717 582 717 589 717 582 718 591 718 589 718 594 719 589 719 591 719 591 720 596 720 594 720 594 721 596 721 598 721 596 722 600 722 598 722 583 723 576 723 570 723 576 724 583 724 587 724 587 725 586 725 576 725 586 726 587 726 592 726 577 727 570 727 563 727 547 728 528 728 541 728 554 729 547 729 541 729 547 730 569 730 563 730 575 731 563 731 569 731 541 732 559 732 554 732 583 733 588 733 587 733 588 734 590 734 587 734 590 735 592 735 587 735 583 736 570 736 577 736 563 737 575 737 577 737 573 738 577 738 575 738 577 739 573 739 579 739 588 740 577 740 579 740 583 741 577 741 588 741 588 742 579 742 590 742 579 743 593 743 590 743 595 744 590 744 593 744 564 745 559 745 541 745 559 746 564 746 571 746 571 747 573 747 559 747 597 748 595 748 593 748 597 749 599 749 595 749 599 750 597 750 601 750 573 751 560 751 579 751 579 752 560 752 572 752 572 753 560 753 565 753 560 754 555 754 565 754 566 755 573 755 571 755 573 756 566 756 560 756 560 757 566 757 544 757 555 758 568 758 565 758 555 759 560 759 544 759 544 760 549 760 555 760 544 761 537 761 549 761 571 762 564 762 578 762 524 763 543 763 536 763 602 764 603 764 604 764 604 765 606 765 602 765 602 766 606 766 609 766 607 767 602 767 609 767 602 768 607 768 605 768 603 769 602 769 605 769 604 770 608 770 606 770 612 771 606 771 608 771 606 772 612 772 617 772 610 773 605 773 607 773 614 774 605 774 610 774 605 775 614 775 621 775 610 776 607 776 609 776 606 777 613 777 609 777 613 778 619 778 609 778 608 779 618 779 612 779 624 780 612 780 618 780 611 781 608 781 604 781 604 782 616 782 611 782 622 783 611 783 616 783 630 784 622 784 616 784 622 785 630 785 634 785 634 786 628 786 622 786 622 787 628 787 615 787 611 788 622 788 615 788 628 789 634 789 639 789 634 790 643 790 639 790 643 791 648 791 639 791 643 792 653 792 648 792 653 793 643 793 658 793 663 794 658 794 643 794 663 795 669 795 658 795 658 796 669 796 676 796 676 797 671 797 658 797 671 798 676 798 681 798 676 799 686 799 681 799 686 800 676 800 692 800 692 801 696 801 686 801 696 802 697 802 686 802 697 803 693 803 686 803 686 804 693 804 681 804 681 805 693 805 687 805 687 806 677 806 681 806 698 807 693 807 697 807 681 808 677 808 671 808 677 809 664 809 671 809 664 810 659 810 671 810 693 811 698 811 687 811 698 812 701 812 687 812 701 813 704 813 687 813 664 814 648 814 659 814 658 815 671 815 659 815 677 816 687 816 694 816 653 817 658 817 659 817 653 818 659 818 648 818 664 819 672 819 648 819 670 820 663 820 643 820 639 821 648 821 654 821 660 822 639 822 654 822 692 823 700 823 696 823 700 824 689 824 696 824 689 825 702 825 696 825 697 826 696 826 702 826 706 827 697 827 702 827 706 828 702 828 707 828 699 829 702 829 689 829 707 830 702 830 705 830 705 831 708 831 707 831 699 832 689 832 690 832 703 833 705 833 702 833 695 834 705 834 703 834 679 835 690 835 689 835 684 836 690 836 679 836 685 837 690 837 684 837 685 838 695 838 690 838 703 839 690 839 695 839 685 840 691 840 695 840 674 841 684 841 679 841 674 842 685 842 684 842 674 843 678 843 685 843 689 844 683 844 679 844 679 845 683 845 661 845 678 846 691 846 685 846 678 847 688 847 691 847 679 848 661 848 674 848 674 849 661 849 666 849 666 850 678 850 674 850 667 851 678 851 666 851 678 852 667 852 682 852 682 853 688 853 678 853 656 854 666 854 661 854 682 855 667 855 680 855 666 856 656 856 667 856 656 857 662 857 667 857 662 858 675 858 667 858 675 859 680 859 667 859 642 860 656 860 661 860 656 861 642 861 652 861 652 862 642 862 646 862 637 863 646 863 642 863 621 864 637 864 642 864 637 865 621 865 633 865 633 866 636 866 637 866 637 867 636 867 647 867 646 868 637 868 647 868 655 869 646 869 647 869 646 870 655 870 652 870 652 871 655 871 662 871 636 872 651 872 647 872 651 873 657 873 647 873 668 874 662 874 655 874 652 875 662 875 656 875 636 876 645 876 651 876 657 877 655 877 647 877 655 878 657 878 665 878 662 879 668 879 675 879 673 880 665 880 657 880 673 881 668 881 665 881 655 882 665 882 668 882 639 883 644 883 628 883 639 884 649 884 644 884 644 885 650 885 628 885 628 886 635 886 615 886 628 887 640 887 635 887 608 888 623 888 618 888 623 889 608 889 615 889 629 890 623 890 615 890 608 891 611 891 615 891 624 892 618 892 623 892 610 893 620 893 614 893 620 894 610 894 609 894 609 895 625 895 620 895 609 896 631 896 625 896 625 897 632 897 620 897 620 898 632 898 627 898 614 899 620 899 627 899 614 900 626 900 621 900 626 901 614 901 627 901 633 902 621 902 626 902 626 903 636 903 633 903 627 904 636 904 626 904 636 905 627 905 641 905 632 906 638 906 627 906 641 907 645 907 636 907 641 908 627 908 638 908 709 909 710 909 711 909 712 910 713 910 714 910 713 911 712 911 715 911 716 912 717 912 718 912 718 913 720 913 716 913 716 914 720 914 723 914 721 915 716 915 723 915 716 916 721 916 719 916 718 917 722 917 720 917 720 918 722 918 726 918 720 919 726 919 733 919 721 920 723 920 728 920 728 921 724 921 721 921 720 922 727 922 723 922 727 923 734 923 723 923 734 924 735 924 723 924 717 925 716 925 719 925 721 926 724 926 719 926 729 927 719 927 724 927 719 928 729 928 737 928 732 929 726 929 722 929 725 930 722 930 718 930 718 931 731 931 725 931 739 932 725 932 731 932 725 933 739 933 730 933 730 934 722 934 725 934 730 935 738 935 722 935 724 936 728 936 736 936 723 937 735 937 728 937 740 938 728 938 735 938 740 939 741 939 728 939 732 940 722 940 738 940 739 941 745 941 730 941 745 942 751 942 730 942 744 943 738 943 730 943 736 944 728 944 741 944 736 945 741 945 747 945 736 946 747 946 749 946 736 947 749 947 743 947 729 948 736 948 743 948 745 949 756 949 751 949 746 950 739 950 731 950 739 951 746 951 750 951 742 952 729 952 743 952 724 953 736 953 729 953 729 954 742 954 737 954 748 955 737 955 742 955 753 956 737 956 748 956 737 957 753 957 757 957 753 958 759 958 757 958 750 959 757 959 759 959 759 960 755 960 750 960 750 961 755 961 745 961 743 962 752 962 742 962 750 963 745 963 739 963 760 964 745 964 755 964 745 965 760 965 764 965 749 966 754 966 743 966 759 967 753 967 762 967 742 968 752 968 748 968 748 969 752 969 758 969 748 970 758 970 753 970 755 971 765 971 760 971 769 972 760 972 765 972 769 973 765 973 768 973 755 974 768 974 765 974 768 975 755 975 762 975 770 976 768 976 762 976 755 977 759 977 762 977 753 978 758 978 762 978 758 979 766 979 762 979 758 980 767 980 766 980 758 981 752 981 763 981 758 982 763 982 767 982 761 983 763 983 752 983 761 984 752 984 754 984 743 985 754 985 752 985 771 986 772 986 773 986 774 987 773 987 772 987 772 988 775 988 774 988 776 989 774 989 775 989 775 990 777 990 776 990 779 991 776 991 777 991 776 992 779 992 782 992 787 993 776 993 782 993 795 994 787 994 782 994 804 995 787 995 795 995 816 996 787 996 804 996 816 997 804 997 835 997 816 998 835 998 856 998 856 999 834 999 816 999 834 1000 856 1000 876 1000 834 1001 876 1001 850 1001 850 1002 876 1002 873 1002 830 1003 850 1003 873 1003 851 1004 830 1004 873 1004 830 1005 851 1005 814 1005 814 1006 851 1006 852 1006 814 1007 801 1007 830 1007 801 1008 814 1008 785 1008 792 1009 801 1009 785 1009 852 1010 831 1010 814 1010 850 1011 830 1011 801 1011 803 1012 850 1012 801 1012 876 1013 917 1013 873 1013 893 1014 852 1014 851 1014 873 1015 917 1015 894 1015 852 1016 893 1016 848 1016 848 1017 800 1017 852 1017 850 1018 803 1018 834 1018 894 1019 851 1019 873 1019 894 1020 918 1020 851 1020 856 1021 899 1021 876 1021 876 1022 899 1022 921 1022 816 1023 834 1023 803 1023 894 1024 933 1024 918 1024 933 1025 893 1025 918 1025 876 1026 921 1026 917 1026 918 1027 893 1027 851 1027 835 1028 804 1028 805 1028 835 1029 805 1029 837 1029 878 1030 835 1030 837 1030 835 1031 878 1031 877 1031 877 1032 856 1032 835 1032 877 1033 900 1033 856 1033 900 1034 899 1034 856 1034 792 1035 785 1035 775 1035 814 1036 831 1036 785 1036 852 1037 800 1037 831 1037 848 1038 828 1038 800 1038 813 1039 800 1039 828 1039 781 1040 800 1040 813 1040 800 1041 781 1041 791 1041 781 1042 785 1042 791 1042 803 1043 787 1043 816 1043 803 1044 794 1044 787 1044 795 1045 805 1045 804 1045 813 1046 829 1046 781 1046 778 1047 777 1047 775 1047 849 1048 829 1048 813 1048 778 1049 775 1049 781 1049 868 1050 829 1050 849 1050 849 1051 846 1051 868 1051 790 1052 868 1052 846 1052 785 1053 781 1053 775 1053 790 1054 846 1054 825 1054 846 1055 869 1055 825 1055 811 1056 790 1056 825 1056 799 1057 790 1057 811 1057 790 1058 799 1058 784 1058 790 1059 784 1059 780 1059 784 1060 777 1060 780 1060 847 1061 811 1061 825 1061 847 1062 826 1062 811 1062 777 1063 783 1063 779 1063 778 1064 780 1064 777 1064 788 1065 777 1065 784 1065 826 1066 799 1066 811 1066 799 1067 826 1067 827 1067 799 1068 827 1068 812 1068 812 1069 784 1069 799 1069 794 1070 776 1070 787 1070 798 1071 788 1071 784 1071 810 1072 798 1072 784 1072 824 1073 798 1073 810 1073 805 1074 795 1074 782 1074 782 1075 817 1075 805 1075 783 1076 789 1076 779 1076 789 1077 793 1077 779 1077 779 1078 793 1078 786 1078 817 1079 837 1079 805 1079 817 1080 782 1080 836 1080 777 1081 788 1081 783 1081 796 1082 783 1082 788 1082 783 1083 796 1083 806 1083 797 1084 783 1084 806 1084 793 1085 802 1085 786 1085 786 1086 782 1086 779 1086 857 1087 836 1087 782 1087 836 1088 857 1088 875 1088 847 1089 825 1089 870 1089 847 1090 870 1090 891 1090 796 1091 788 1091 807 1091 788 1092 818 1092 807 1092 788 1093 838 1093 818 1093 838 1094 858 1094 818 1094 879 1095 818 1095 858 1095 818 1096 879 1096 860 1096 818 1097 860 1097 839 1097 839 1098 807 1098 818 1098 860 1099 881 1099 839 1099 859 1100 807 1100 839 1100 839 1101 881 1101 859 1101 807 1102 859 1102 880 1102 880 1103 903 1103 807 1103 887 1104 903 1104 880 1104 806 1105 903 1105 887 1105 859 1106 881 1106 904 1106 923 1107 859 1107 904 1107 880 1108 859 1108 902 1108 881 1109 922 1109 904 1109 806 1110 887 1110 865 1110 842 1111 806 1111 865 1111 842 1112 821 1112 806 1112 842 1113 865 1113 886 1113 864 1114 842 1114 886 1114 865 1115 911 1115 886 1115 910 1116 864 1116 886 1116 864 1117 910 1117 884 1117 884 1118 821 1118 864 1118 797 1119 789 1119 783 1119 821 1120 842 1120 864 1120 862 1121 821 1121 884 1121 821 1122 797 1122 806 1122 820 1123 797 1123 821 1123 797 1124 820 1124 808 1124 862 1125 820 1125 821 1125 910 1126 886 1126 927 1126 922 1127 881 1127 936 1127 950 1128 922 1128 936 1128 860 1129 905 1129 881 1129 950 1130 936 1130 965 1130 936 1131 978 1131 965 1131 965 1132 978 1132 987 1132 845 1133 824 1133 810 1133 827 1134 826 1134 871 1134 901 1135 879 1135 858 1135 841 1136 808 1136 820 1136 820 1137 863 1137 841 1137 885 1138 841 1138 863 1138 978 1139 936 1139 986 1139 986 1140 992 1140 978 1140 992 1141 987 1141 978 1141 986 1142 936 1142 991 1142 991 1143 994 1143 986 1143 986 1144 995 1144 992 1144 826 1145 847 1145 872 1145 808 1146 789 1146 797 1146 819 1147 789 1147 808 1147 819 1148 822 1148 789 1148 809 1149 789 1149 822 1149 871 1150 826 1150 872 1150 915 1151 871 1151 872 1151 915 1152 931 1152 871 1152 915 1153 945 1153 931 1153 931 1154 946 1154 871 1154 961 1155 946 1155 931 1155 946 1156 962 1156 871 1156 976 1157 871 1157 962 1157 985 1158 976 1158 962 1158 960 1159 945 1159 915 1159 872 1160 932 1160 915 1160 932 1161 947 1161 915 1161 819 1162 808 1162 840 1162 861 1163 840 1163 808 1163 883 1164 861 1164 808 1164 883 1165 908 1165 861 1165 908 1166 906 1166 861 1166 884 1167 910 1167 928 1167 884 1168 909 1168 862 1168 926 1169 909 1169 884 1169 909 1170 926 1170 940 1170 909 1171 940 1171 955 1171 955 1172 940 1172 971 1172 967 1173 955 1173 971 1173 971 1174 952 1174 967 1174 967 1175 952 1175 906 1175 906 1176 952 1176 937 1176 906 1177 980 1177 967 1177 937 1178 924 1178 906 1178 924 1179 882 1179 906 1179 955 1180 967 1180 980 1180 972 1181 955 1181 980 1181 952 1182 968 1182 937 1182 937 1183 968 1183 982 1183 940 1184 983 1184 971 1184 983 1185 990 1185 971 1185 955 1186 972 1186 909 1186 988 1187 952 1187 971 1187 988 1188 981 1188 952 1188 940 1189 926 1189 954 1189 940 1190 954 1190 970 1190 884 1191 928 1191 926 1191 981 1192 968 1192 952 1192 971 1193 993 1193 988 1193 983 1194 940 1194 989 1194 941 1195 928 1195 910 1195 928 1196 956 1196 926 1196 969 1197 926 1197 956 1197 954 1198 926 1198 969 1198 973 1199 956 1199 928 1199 906 1200 882 1200 861 1200 937 1201 951 1201 924 1201 966 1202 951 1202 937 1202 966 1203 979 1203 951 1203 840 1204 861 1204 882 1204 907 1205 840 1205 882 1205 840 1206 907 1206 925 1206 925 1207 939 1207 840 1207 925 1208 907 1208 938 1208 953 1209 939 1209 925 1209 957 1210 939 1210 953 1210 953 1211 942 1211 957 1211 942 1212 843 1212 957 1212 929 1213 843 1213 942 1213 942 1214 958 1214 929 1214 929 1215 958 1215 974 1215 929 1216 974 1216 944 1216 930 1217 929 1217 944 1217 912 1218 843 1218 929 1218 912 1219 888 1219 843 1219 866 1220 843 1220 888 1220 843 1221 866 1221 809 1221 913 1222 930 1222 944 1222 888 1223 930 1223 913 1223 809 1224 822 1224 843 1224 809 1225 866 1225 889 1225 913 1226 866 1226 888 1226 944 1227 974 1227 975 1227 944 1228 959 1228 913 1228 913 1229 959 1229 943 1229 943 1230 914 1230 913 1230 975 1231 959 1231 944 1231 920 1232 914 1232 943 1232 914 1233 920 1233 855 1233 943 1234 959 1234 949 1234 975 1235 984 1235 959 1235 984 1236 977 1236 959 1236 959 1237 977 1237 949 1237 949 1238 977 1238 964 1238 949 1239 964 1239 934 1239 920 1240 949 1240 934 1240 943 1241 949 1241 920 1241 898 1242 920 1242 934 1242 920 1243 898 1243 855 1243 898 1244 854 1244 855 1244 855 1245 854 1245 815 1245 833 1246 855 1246 815 1246 898 1247 934 1247 897 1247 964 1248 963 1248 934 1248 934 1249 963 1249 948 1249 897 1250 854 1250 898 1250 854 1251 897 1251 874 1251 874 1252 832 1252 854 1252 948 1253 897 1253 934 1253 948 1254 935 1254 897 1254 935 1255 919 1255 897 1255 897 1256 919 1256 874 1256 874 1257 919 1257 895 1257 895 1258 853 1258 874 1258 914 1259 866 1259 913 1259 889 1260 866 1260 914 1260 793 1261 833 1261 815 1261 815 1262 802 1262 793 1262 854 1263 832 1263 815 1263 874 1264 853 1264 832 1264 802 1265 832 1265 853 1265 895 1266 896 1266 853 1266 875 1267 853 1267 896 1267 793 1268 789 1268 809 1268 809 1269 823 1269 793 1269 823 1270 809 1270 844 1270 823 1271 844 1271 867 1271 844 1272 890 1272 867 1272 853 1273 875 1273 802 1273 832 1274 802 1274 815 1274 875 1275 857 1275 802 1275 872 1276 847 1276 892 1276 916 1277 892 1277 847 1277 996 1278 997 1278 998 1278 999 1279 1000 1279 1001 1279 1002 1280 1003 1280 1004 1280 1005 1281 1004 1281 1003 1281 1006 1282 1007 1282 1008 1282 1008 1283 1009 1283 1006 1283 1010 1284 1011 1284 1012 1284 1013 1285 1014 1285 1015 1285 1016 1286 1015 1286 1014 1286 1017 1287 1018 1287 1019 1287 1019 1288 1020 1288 1017 1288 1021 1289 1022 1289 1023 1289 1021 1290 1023 1290 1024 1290 1026 1291 1021 1291 1024 1291 1029 1292 1026 1292 1024 1292 1024 1293 1023 1293 1025 1293 1028 1294 1024 1294 1025 1294 1031 1295 1024 1295 1028 1295 1031 1296 1029 1296 1024 1296 1029 1297 1031 1297 1036 1297 1036 1298 1040 1298 1029 1298 1040 1299 1045 1299 1029 1299 1028 1300 1034 1300 1031 1300 1040 1301 1050 1301 1045 1301 1040 1302 1056 1302 1050 1302 1036 1303 1044 1303 1040 1303 1044 1304 1049 1304 1040 1304 1040 1305 1049 1305 1055 1305 1036 1306 1031 1306 1039 1306 1039 1307 1043 1307 1036 1307 1034 1308 1028 1308 1035 1308 1039 1309 1048 1309 1043 1309 1043 1310 1048 1310 1053 1310 1053 1311 1054 1311 1043 1311 1043 1312 1054 1312 1044 1312 1043 1313 1044 1313 1036 1313 1044 1314 1054 1314 1060 1314 1044 1315 1060 1315 1064 1315 1032 1316 1028 1316 1025 1316 1048 1317 1059 1317 1053 1317 1053 1318 1059 1318 1063 1318 1063 1319 1054 1319 1053 1319 1054 1320 1063 1320 1067 1320 1059 1321 1062 1321 1063 1321 1069 1322 1063 1322 1062 1322 1062 1323 1068 1323 1069 1323 1059 1324 1048 1324 1042 1324 1059 1325 1042 1325 1052 1325 1025 1326 1030 1326 1032 1326 1032 1327 1030 1327 1038 1327 1038 1328 1035 1328 1032 1328 1025 1329 1023 1329 1027 1329 1028 1330 1032 1330 1035 1330 1042 1331 1035 1331 1038 1331 1042 1332 1038 1332 1047 1332 1038 1333 1030 1333 1041 1333 1027 1334 1030 1334 1025 1334 1027 1335 1033 1335 1030 1335 1033 1336 1037 1336 1030 1336 1047 1337 1052 1337 1042 1337 1058 1338 1052 1338 1047 1338 1052 1339 1058 1339 1062 1339 1030 1340 1037 1340 1041 1340 1041 1341 1037 1341 1046 1341 1041 1342 1046 1342 1051 1342 1047 1343 1041 1343 1051 1343 1062 1344 1058 1344 1066 1344 1052 1345 1062 1345 1059 1345 1038 1346 1041 1346 1047 1346 1062 1347 1066 1347 1068 1347 1051 1348 1046 1348 1057 1348 1057 1349 1061 1349 1051 1349 1051 1350 1061 1350 1058 1350 1065 1351 1066 1351 1058 1351 1065 1352 1058 1352 1061 1352 1047 1353 1051 1353 1058 1353 1070 1354 1071 1354 1072 1354 1070 1355 1072 1355 1074 1355 1077 1356 1070 1356 1074 1356 1070 1357 1077 1357 1080 1357 1080 1358 1084 1358 1070 1358 1070 1359 1084 1359 1091 1359 1097 1360 1070 1360 1091 1360 1076 1361 1074 1361 1072 1361 1079 1362 1074 1362 1076 1362 1083 1363 1074 1363 1079 1363 1083 1364 1087 1364 1074 1364 1087 1365 1083 1365 1093 1365 1083 1366 1101 1366 1093 1366 1109 1367 1093 1367 1101 1367 1093 1368 1109 1368 1115 1368 1073 1369 1072 1369 1071 1369 1072 1370 1073 1370 1075 1370 1084 1371 1080 1371 1090 1371 1090 1372 1095 1372 1084 1372 1096 1373 1084 1373 1095 1373 1097 1374 1091 1374 1099 1374 1105 1375 1097 1375 1099 1375 1075 1376 1076 1376 1072 1376 1082 1377 1076 1377 1075 1377 1115 1378 1109 1378 1121 1378 1121 1379 1127 1379 1115 1379 1082 1380 1079 1380 1076 1380 1079 1381 1082 1381 1089 1381 1089 1382 1094 1382 1079 1382 1121 1383 1134 1383 1127 1383 1127 1384 1134 1384 1142 1384 1088 1385 1083 1385 1079 1385 1094 1386 1089 1386 1102 1386 1142 1387 1134 1387 1148 1387 1110 1388 1096 1388 1095 1388 1096 1389 1110 1389 1116 1389 1111 1390 1096 1390 1116 1390 1103 1391 1096 1391 1111 1391 1096 1392 1103 1392 1091 1392 1134 1393 1156 1393 1148 1393 1166 1394 1148 1394 1156 1394 1111 1395 1116 1395 1122 1395 1128 1396 1111 1396 1122 1396 1111 1397 1128 1397 1135 1397 1117 1398 1103 1398 1111 1398 1096 1399 1091 1399 1084 1399 1103 1400 1112 1400 1091 1400 1078 1401 1075 1401 1073 1401 1075 1402 1078 1402 1081 1402 1086 1403 1075 1403 1081 1403 1099 1404 1078 1404 1105 1404 1082 1405 1075 1405 1086 1405 1082 1406 1086 1406 1089 1406 1086 1407 1081 1407 1089 1407 1089 1408 1081 1408 1100 1408 1100 1409 1108 1409 1089 1409 1122 1410 1136 1410 1128 1410 1122 1411 1143 1411 1136 1411 1149 1412 1143 1412 1122 1412 1149 1413 1158 1413 1143 1413 1159 1414 1143 1414 1158 1414 1158 1415 1149 1415 1168 1415 1143 1416 1144 1416 1136 1416 1144 1417 1143 1417 1159 1417 1159 1418 1169 1418 1144 1418 1176 1419 1169 1419 1159 1419 1164 1420 1169 1420 1176 1420 1136 1421 1144 1421 1128 1421 1164 1422 1176 1422 1185 1422 1152 1423 1164 1423 1185 1423 1185 1424 1174 1424 1152 1424 1152 1425 1174 1425 1153 1425 1152 1426 1153 1426 1138 1426 1146 1427 1152 1427 1138 1427 1146 1428 1154 1428 1152 1428 1154 1429 1164 1429 1152 1429 1154 1430 1139 1430 1164 1430 1164 1431 1139 1431 1155 1431 1155 1432 1167 1432 1164 1432 1167 1433 1157 1433 1164 1433 1157 1434 1167 1434 1137 1434 1157 1435 1137 1435 1144 1435 1139 1436 1154 1436 1146 1436 1146 1437 1138 1437 1130 1437 1137 1438 1128 1438 1144 1438 1167 1439 1163 1439 1137 1439 1137 1440 1135 1440 1128 1440 1151 1441 1137 1441 1163 1441 1151 1442 1145 1442 1137 1442 1145 1443 1129 1443 1137 1443 1123 1444 1137 1444 1129 1444 1146 1445 1130 1445 1139 1445 1139 1446 1130 1446 1124 1446 1124 1447 1140 1447 1139 1447 1165 1448 1167 1448 1155 1448 1183 1449 1167 1449 1165 1449 1123 1450 1117 1450 1111 1450 1123 1451 1129 1451 1117 1451 1155 1452 1139 1452 1140 1452 1140 1453 1124 1453 1131 1453 1129 1454 1145 1454 1150 1454 1150 1455 1161 1455 1129 1455 1129 1456 1161 1456 1171 1456 1180 1457 1171 1457 1161 1457 1170 1458 1161 1458 1150 1458 1161 1459 1170 1459 1178 1459 1133 1460 1138 1460 1153 1460 1118 1461 1138 1461 1133 1461 1147 1462 1165 1462 1155 1462 1155 1463 1141 1463 1147 1463 1132 1464 1147 1464 1141 1464 1141 1465 1125 1465 1132 1465 1132 1466 1125 1466 1119 1466 1175 1467 1165 1467 1147 1467 1165 1468 1175 1468 1186 1468 1178 1469 1170 1469 1179 1469 1170 1470 1150 1470 1179 1470 1145 1471 1151 1471 1162 1471 1160 1472 1145 1472 1162 1472 1130 1473 1138 1473 1118 1473 1145 1474 1160 1474 1150 1474 1162 1475 1177 1475 1160 1475 1162 1476 1188 1476 1177 1476 1188 1477 1197 1477 1177 1477 1177 1478 1197 1478 1213 1478 1213 1479 1214 1479 1177 1479 1214 1480 1198 1480 1177 1480 1189 1481 1198 1481 1214 1481 1150 1482 1198 1482 1189 1482 1188 1483 1162 1483 1196 1483 1188 1484 1196 1484 1211 1484 1188 1485 1211 1485 1230 1485 1212 1486 1197 1486 1188 1486 1214 1487 1213 1487 1243 1487 1213 1488 1197 1488 1212 1488 1212 1489 1242 1489 1213 1489 1242 1490 1262 1490 1213 1490 1179 1491 1150 1491 1189 1491 1189 1492 1199 1492 1179 1492 1151 1493 1172 1493 1162 1493 1162 1494 1172 1494 1182 1494 1172 1495 1151 1495 1181 1495 1181 1496 1191 1496 1172 1496 1172 1497 1191 1497 1203 1497 1182 1498 1172 1498 1192 1498 1192 1499 1204 1499 1182 1499 1204 1500 1192 1500 1220 1500 1212 1501 1261 1501 1242 1501 1242 1502 1261 1502 1279 1502 1242 1503 1279 1503 1298 1503 1242 1504 1280 1504 1262 1504 1191 1505 1219 1505 1203 1505 1191 1506 1233 1506 1219 1506 1250 1507 1219 1507 1233 1507 1202 1508 1191 1508 1181 1508 1191 1509 1202 1509 1217 1509 1151 1510 1173 1510 1181 1510 1202 1511 1181 1511 1218 1511 1297 1512 1279 1512 1261 1512 1261 1513 1212 1513 1278 1513 1278 1514 1212 1514 1295 1514 1304 1515 1278 1515 1295 1515 1278 1516 1304 1516 1296 1516 1278 1517 1296 1517 1261 1517 1296 1518 1311 1518 1261 1518 1217 1519 1202 1519 1218 1519 1217 1520 1218 1520 1233 1520 1318 1521 1304 1521 1295 1521 1304 1522 1318 1522 1250 1522 1250 1523 1285 1523 1304 1523 1173 1524 1151 1524 1163 1524 1173 1525 1163 1525 1184 1525 1269 1526 1233 1526 1218 1526 1233 1527 1191 1527 1217 1527 1269 1528 1270 1528 1233 1528 1304 1529 1285 1529 1296 1529 1285 1530 1328 1530 1296 1530 1328 1531 1334 1531 1296 1531 1233 1532 1270 1532 1250 1532 1297 1533 1261 1533 1311 1533 1218 1534 1181 1534 1234 1534 1218 1535 1284 1535 1269 1535 1234 1536 1249 1536 1218 1536 1269 1537 1284 1537 1302 1537 1181 1538 1248 1538 1234 1538 1234 1539 1248 1539 1236 1539 1301 1540 1270 1540 1269 1540 1269 1541 1316 1541 1301 1541 1301 1542 1315 1542 1270 1542 1315 1543 1303 1543 1270 1543 1270 1544 1303 1544 1285 1544 1236 1545 1248 1545 1184 1545 1184 1546 1222 1546 1236 1546 1236 1547 1222 1547 1252 1547 1250 1548 1270 1548 1285 1548 1285 1549 1303 1549 1317 1549 1251 1550 1252 1550 1222 1550 1251 1551 1287 1551 1252 1551 1184 1552 1206 1552 1222 1552 1223 1553 1222 1553 1206 1553 1206 1554 1184 1554 1194 1554 1194 1555 1184 1555 1163 1555 1163 1556 1207 1556 1194 1556 1224 1557 1194 1557 1207 1557 1194 1558 1224 1558 1223 1558 1324 1559 1311 1559 1296 1559 1251 1560 1286 1560 1287 1560 1223 1561 1251 1561 1222 1561 1223 1562 1271 1562 1251 1562 1223 1563 1206 1563 1194 1563 1223 1564 1224 1564 1253 1564 1183 1565 1165 1565 1186 1565 1183 1566 1163 1566 1167 1566 1183 1567 1193 1567 1163 1567 1205 1568 1163 1568 1193 1568 1205 1569 1193 1569 1221 1569 1205 1570 1221 1570 1235 1570 1186 1571 1208 1571 1183 1571 1208 1572 1226 1572 1183 1572 1239 1573 1226 1573 1208 1573 1271 1574 1286 1574 1251 1574 1305 1575 1286 1575 1271 1575 1253 1576 1271 1576 1223 1576 1288 1577 1271 1577 1253 1577 1307 1578 1271 1578 1288 1578 1225 1579 1208 1579 1186 1579 1237 1580 1208 1580 1225 1580 1307 1581 1305 1581 1271 1581 1272 1582 1253 1582 1224 1582 1225 1583 1186 1583 1238 1583 1288 1584 1319 1584 1307 1584 1225 1585 1238 1585 1237 1585 1239 1586 1208 1586 1255 1586 1255 1587 1275 1587 1239 1587 1272 1588 1239 1588 1275 1588 1253 1589 1272 1589 1288 1589 1272 1590 1306 1590 1288 1590 1239 1591 1272 1591 1224 1591 1306 1592 1319 1592 1288 1592 1275 1593 1306 1593 1272 1593 1306 1594 1329 1594 1319 1594 1275 1595 1291 1595 1306 1595 1306 1596 1291 1596 1321 1596 1306 1597 1321 1597 1329 1597 1330 1598 1321 1598 1291 1598 1291 1599 1275 1599 1255 1599 1255 1600 1290 1600 1291 1600 1290 1601 1320 1601 1291 1601 1330 1602 1291 1602 1320 1602 1289 1603 1320 1603 1290 1603 1255 1604 1274 1604 1290 1604 1274 1605 1238 1605 1290 1605 1238 1606 1289 1606 1290 1606 1238 1607 1273 1607 1289 1607 1208 1608 1274 1608 1255 1608 1254 1609 1273 1609 1238 1609 1254 1610 1238 1610 1186 1610 1260 1611 1254 1611 1186 1611 1254 1612 1260 1612 1241 1612 1241 1613 1260 1613 1187 1613 1229 1614 1241 1614 1187 1614 1241 1615 1229 1615 1259 1615 1229 1616 1258 1616 1259 1616 1187 1617 1210 1617 1229 1617 1240 1618 1229 1618 1210 1618 1195 1619 1210 1619 1187 1619 1228 1620 1210 1620 1195 1620 1147 1621 1187 1621 1175 1621 1147 1622 1195 1622 1187 1622 1195 1623 1147 1623 1209 1623 1227 1624 1195 1624 1209 1624 1130 1625 1118 1625 1124 1625 1124 1626 1118 1626 1113 1626 1113 1627 1131 1627 1124 1627 1113 1628 1119 1628 1125 1628 1119 1629 1113 1629 1106 1629 1104 1630 1113 1630 1118 1630 1092 1631 1113 1631 1104 1631 1118 1632 1133 1632 1126 1632 1126 1633 1133 1633 1114 1633 1120 1634 1126 1634 1114 1634 1120 1635 1114 1635 1107 1635 1229 1636 1240 1636 1258 1636 1240 1637 1277 1637 1258 1637 1228 1638 1240 1638 1210 1638 1228 1639 1257 1639 1240 1639 1195 1640 1227 1640 1228 1640 1256 1641 1228 1641 1227 1641 1092 1642 1104 1642 1098 1642 1098 1643 1085 1643 1092 1643 1092 1644 1085 1644 1078 1644 1114 1645 1100 1645 1107 1645 1240 1646 1257 1646 1277 1646 1294 1647 1277 1647 1257 1647 1106 1648 1113 1648 1092 1648 1092 1649 1099 1649 1106 1649 1081 1650 1107 1650 1100 1650 1257 1651 1228 1651 1256 1651 1256 1652 1292 1652 1257 1652 1292 1653 1308 1653 1257 1653 1294 1654 1257 1654 1308 1654 1322 1655 1308 1655 1292 1655 1309 1656 1322 1656 1292 1656 1309 1657 1331 1657 1322 1657 1256 1658 1276 1658 1292 1658 1276 1659 1256 1659 1227 1659 1293 1660 1276 1660 1227 1660 1276 1661 1293 1661 1310 1661 1310 1662 1309 1662 1276 1662 1332 1663 1331 1663 1309 1663 1331 1664 1332 1664 1335 1664 1309 1665 1310 1665 1323 1665 1276 1666 1309 1666 1292 1666 1310 1667 1293 1667 1323 1667 1327 1668 1323 1668 1293 1668 1323 1669 1327 1669 1332 1669 1309 1670 1323 1670 1332 1670 1327 1671 1300 1671 1332 1671 1300 1672 1335 1672 1332 1672 1300 1673 1336 1673 1335 1673 1078 1674 1085 1674 1081 1674 1078 1675 1099 1675 1092 1675 1333 1676 1327 1676 1293 1676 1327 1677 1333 1677 1314 1677 1314 1678 1300 1678 1327 1678 1282 1679 1300 1679 1314 1679 1267 1680 1300 1680 1282 1680 1300 1681 1267 1681 1313 1681 1313 1682 1326 1682 1300 1682 1180 1683 1161 1683 1190 1683 1190 1684 1201 1684 1180 1684 1313 1685 1267 1685 1325 1685 1282 1686 1247 1686 1267 1686 1247 1687 1232 1687 1267 1687 1232 1688 1281 1688 1267 1688 1281 1689 1299 1689 1267 1689 1247 1690 1282 1690 1283 1690 1312 1691 1283 1691 1282 1691 1268 1692 1247 1692 1283 1692 1247 1693 1268 1693 1201 1693 1161 1694 1200 1694 1190 1694 1190 1695 1200 1695 1215 1695 1190 1696 1215 1696 1216 1696 1216 1697 1201 1697 1190 1697 1201 1698 1216 1698 1232 1698 1200 1699 1231 1699 1215 1699 1231 1700 1244 1700 1215 1700 1244 1701 1231 1701 1263 1701 1201 1702 1232 1702 1247 1702 1232 1703 1216 1703 1246 1703 1232 1704 1246 1704 1266 1704 1215 1705 1245 1705 1216 1705 1265 1706 1216 1706 1245 1706 1264 1707 1245 1707 1215 1707 1265 1708 1246 1708 1216 1708 1337 1709 1338 1709 1339 1709 1339 458 1340 458 1337 458 1341 1710 1342 1710 1343 1710 1342 1711 1341 1711 1344 1711 1341 1712 1346 1712 1344 1712 1349 1713 1344 1713 1346 1713 1344 1714 1349 1714 1352 1714 1344 1715 1352 1715 1357 1715 1343 1716 1342 1716 1345 1716 1343 1717 1345 1717 1347 1717 1350 1718 1343 1718 1347 1718 1354 1719 1343 1719 1350 1719 1354 1720 1358 1720 1343 1720 1358 1721 1354 1721 1363 1721 1357 1722 1352 1722 1362 1722 1368 1723 1357 1723 1362 1723 1355 1724 1350 1724 1347 1724 1350 1725 1355 1725 1360 1725 1359 1726 1350 1726 1360 1726 1360 1727 1355 1727 1364 1727 1360 1728 1364 1728 1371 1728 1371 1729 1377 1729 1360 1729 1360 1730 1377 1730 1382 1730 1377 1731 1371 1731 1381 1731 1387 1732 1381 1732 1371 1732 1387 1733 1371 1733 1394 1733 1394 1734 1371 1734 1400 1734 1400 1735 1371 1735 1408 1735 1414 1736 1400 1736 1408 1736 1423 1737 1400 1737 1414 1737 1426 1738 1423 1738 1414 1738 1430 1739 1423 1739 1426 1739 1434 1740 1430 1740 1426 1740 1430 1741 1434 1741 1437 1741 1430 1742 1437 1742 1439 1742 1439 1743 1437 1743 1440 1743 1400 1744 1409 1744 1394 1744 1381 1745 1387 1745 1394 1745 1395 1746 1381 1746 1394 1746 1381 1747 1395 1747 1388 1747 1381 1748 1388 1748 1377 1748 1377 1749 1388 1749 1389 1749 1389 1750 1382 1750 1377 1750 1350 1751 1359 1751 1354 1751 1354 1752 1369 1752 1363 1752 1363 1753 1369 1753 1372 1753 1351 1754 1363 1754 1372 1754 1341 1755 1348 1755 1346 1755 1351 1756 1346 1756 1348 1756 1346 1757 1351 1757 1356 1757 1353 1758 1346 1758 1356 1758 1349 1759 1346 1759 1353 1759 1349 1760 1353 1760 1352 1760 1353 1761 1356 1761 1352 1761 1352 1762 1356 1762 1367 1762 1367 1763 1375 1763 1352 1763 1359 1764 1360 1764 1370 1764 1370 1765 1376 1765 1359 1765 1359 1766 1376 1766 1380 1766 1351 1767 1361 1767 1356 1767 1356 1768 1361 1768 1366 1768 1372 1769 1365 1769 1351 1769 1366 1770 1361 1770 1374 1770 1361 1771 1378 1771 1374 1771 1378 1772 1384 1772 1374 1772 1391 1773 1384 1773 1378 1773 1397 1774 1384 1774 1391 1774 1384 1775 1397 1775 1403 1775 1403 1776 1411 1776 1384 1776 1411 1777 1419 1777 1384 1777 1419 1778 1411 1778 1425 1778 1419 1779 1425 1779 1429 1779 1429 1780 1425 1780 1433 1780 1436 1781 1433 1781 1425 1781 1397 1782 1410 1782 1403 1782 1403 1783 1410 1783 1417 1783 1417 1784 1418 1784 1403 1784 1411 1785 1403 1785 1418 1785 1404 1786 1397 1786 1391 1786 1351 1787 1365 1787 1361 1787 1373 1788 1361 1788 1365 1788 1418 1789 1417 1789 1428 1789 1378 1790 1361 1790 1373 1790 1378 1791 1373 1791 1383 1791 1378 1792 1398 1792 1391 1792 1391 1793 1398 1793 1405 1793 1390 1794 1383 1794 1373 1794 1410 1795 1420 1795 1417 1795 1420 1796 1416 1796 1417 1796 1417 1797 1416 1797 1432 1797 1410 1798 1397 1798 1404 1798 1432 1799 1428 1799 1417 1799 1391 1800 1405 1800 1404 1800 1402 1801 1404 1801 1405 1801 1416 1802 1404 1802 1402 1802 1390 1803 1373 1803 1396 1803 1402 1804 1390 1804 1396 1804 1404 1805 1420 1805 1410 1805 1420 1806 1404 1806 1416 1806 1402 1807 1406 1807 1416 1807 1406 1808 1421 1808 1416 1808 1412 1809 1421 1809 1406 1809 1406 1810 1393 1810 1412 1810 1412 1811 1393 1811 1401 1811 1396 1812 1406 1812 1402 1812 1393 1813 1388 1813 1401 1813 1395 1814 1401 1814 1388 1814 1407 1815 1401 1815 1395 1815 1401 1816 1407 1816 1415 1816 1415 1817 1407 1817 1422 1817 1413 1818 1422 1818 1407 1818 1415 1819 1424 1819 1401 1819 1427 1820 1424 1820 1415 1820 1424 1821 1427 1821 1431 1821 1431 1822 1427 1822 1435 1822 1427 1823 1438 1823 1435 1823 1396 1824 1399 1824 1406 1824 1406 1825 1399 1825 1393 1825 1393 1826 1389 1826 1388 1826 1386 1827 1393 1827 1399 1827 1376 1828 1393 1828 1386 1828 1407 1829 1394 1829 1413 1829 1394 1830 1407 1830 1395 1830 1386 1831 1380 1831 1376 1831 1392 1832 1380 1832 1386 1832 1379 1833 1372 1833 1369 1833 1369 1834 1385 1834 1379 1834 1441 1835 1442 1835 1443 1835 1444 1836 1445 1836 1446 1836 1448 1837 1444 1837 1446 1837 1444 1838 1448 1838 1451 1838 1444 1839 1451 1839 1455 1839 1455 1840 1450 1840 1444 1840 1450 1841 1447 1841 1444 1841 1450 1842 1454 1842 1447 1842 1454 1843 1452 1843 1447 1843 1449 1844 1447 1844 1452 1844 1447 1845 1449 1845 1445 1845 1450 1846 1455 1846 1457 1846 1451 1847 1458 1847 1455 1847 1455 1848 1458 1848 1464 1848 1455 1849 1464 1849 1463 1849 1457 1850 1454 1850 1450 1850 1454 1851 1457 1851 1462 1851 1457 1852 1455 1852 1463 1852 1467 1853 1457 1853 1463 1853 1457 1854 1467 1854 1462 1854 1469 1855 1462 1855 1467 1855 1475 1856 1462 1856 1469 1856 1462 1857 1475 1857 1477 1857 1471 1858 1467 1858 1463 1858 1463 1859 1464 1859 1470 1859 1467 1860 1471 1860 1469 1860 1469 1861 1471 1861 1478 1861 1449 1862 1453 1862 1445 1862 1447 1863 1445 1863 1444 1863 1456 1864 1445 1864 1453 1864 1456 1865 1461 1865 1445 1865 1449 1866 1452 1866 1453 1866 1454 1867 1459 1867 1452 1867 1452 1868 1459 1868 1465 1868 1465 1869 1460 1869 1452 1869 1470 1870 1471 1870 1463 1870 1470 1871 1479 1871 1471 1871 1479 1872 1484 1872 1471 1872 1484 1873 1478 1873 1471 1873 1478 1874 1484 1874 1488 1874 1478 1875 1488 1875 1483 1875 1475 1876 1478 1876 1483 1876 1452 1877 1460 1877 1453 1877 1470 1878 1485 1878 1479 1878 1456 1879 1453 1879 1460 1879 1466 1880 1456 1880 1460 1880 1466 1881 1468 1881 1456 1881 1468 1882 1474 1882 1456 1882 1485 1883 1484 1883 1479 1883 1466 1884 1460 1884 1465 1884 1466 1885 1465 1885 1472 1885 1472 1886 1473 1886 1466 1886 1468 1887 1466 1887 1473 1887 1472 1888 1481 1888 1473 1888 1473 1889 1481 1889 1486 1889 1486 1890 1491 1890 1473 1890 1491 1891 1486 1891 1496 1891 1496 1892 1486 1892 1495 1892 1495 1893 1505 1893 1496 1893 1505 1894 1495 1894 1513 1894 1465 1895 1476 1895 1472 1895 1476 1896 1480 1896 1472 1896 1472 1897 1480 1897 1481 1897 1475 1898 1482 1898 1477 1898 1489 1899 1481 1899 1480 1899 1489 1900 1494 1900 1481 1900 1481 1901 1494 1901 1490 1901 1486 1902 1481 1902 1490 1902 1495 1903 1486 1903 1490 1903 1495 1904 1490 1904 1494 1904 1494 1905 1503 1905 1495 1905 1495 1906 1503 1906 1512 1906 1469 1907 1478 1907 1475 1907 1500 1908 1494 1908 1489 1908 1503 1909 1494 1909 1500 1909 1509 1910 1503 1910 1500 1910 1509 1911 1517 1911 1503 1911 1488 1912 1493 1912 1483 1912 1500 1913 1489 1913 1504 1913 1511 1914 1500 1914 1504 1914 1509 1915 1500 1915 1511 1915 1519 1916 1509 1916 1511 1916 1519 1917 1525 1917 1509 1917 1525 1918 1529 1918 1509 1918 1525 1919 1533 1919 1529 1919 1519 1920 1511 1920 1504 1920 1510 1921 1504 1921 1489 1921 1518 1922 1504 1922 1510 1922 1528 1923 1525 1923 1519 1923 1532 1924 1525 1924 1528 1924 1525 1925 1532 1925 1536 1925 1536 1926 1542 1926 1525 1926 1504 1927 1518 1927 1519 1927 1536 1928 1532 1928 1541 1928 1528 1929 1537 1929 1532 1929 1532 1930 1537 1930 1544 1930 1549 1931 1532 1931 1544 1931 1528 1932 1543 1932 1537 1932 1543 1933 1528 1933 1548 1933 1554 1934 1548 1934 1528 1934 1558 1935 1554 1935 1528 1935 1554 1936 1557 1936 1548 1936 1559 1937 1548 1937 1557 1937 1548 1938 1559 1938 1535 1938 1548 1939 1535 1939 1543 1939 1535 1940 1537 1940 1543 1940 1535 1941 1538 1941 1537 1941 1538 1942 1552 1942 1537 1942 1538 1943 1555 1943 1552 1943 1535 1944 1530 1944 1538 1944 1530 1945 1545 1945 1538 1945 1551 1946 1538 1946 1545 1946 1487 1947 1477 1947 1482 1947 1492 1948 1477 1948 1487 1948 1477 1949 1492 1949 1498 1949 1530 1950 1535 1950 1524 1950 1530 1951 1524 1951 1526 1951 1524 1952 1521 1952 1526 1952 1521 1953 1524 1953 1515 1953 1524 1954 1520 1954 1515 1954 1515 1955 1520 1955 1498 1955 1515 1956 1498 1956 1507 1956 1521 1957 1515 1957 1507 1957 1522 1958 1521 1958 1507 1958 1522 1959 1527 1959 1521 1959 1526 1960 1521 1960 1527 1960 1526 1961 1527 1961 1534 1961 1527 1962 1522 1962 1531 1962 1534 1963 1527 1963 1531 1963 1540 1964 1534 1964 1531 1964 1530 1965 1526 1965 1534 1965 1534 1966 1539 1966 1530 1966 1539 1967 1547 1967 1530 1967 1550 1968 1545 1968 1530 1968 1547 1969 1539 1969 1553 1969 1534 1970 1546 1970 1539 1970 1556 1971 1553 1971 1539 1971 1545 1972 1553 1972 1556 1972 1545 1973 1550 1973 1553 1973 1514 1974 1522 1974 1507 1974 1514 1975 1523 1975 1522 1975 1507 1976 1498 1976 1501 1976 1501 1977 1514 1977 1507 1977 1502 1978 1514 1978 1501 1978 1514 1979 1502 1979 1516 1979 1516 1980 1523 1980 1514 1980 1516 1981 1502 1981 1508 1981 1501 1982 1492 1982 1502 1982 1492 1983 1497 1983 1502 1983 1497 1984 1508 1984 1502 1984 1497 1985 1506 1985 1508 1985 1492 1986 1501 1986 1498 1986 1482 1987 1475 1987 1483 1987 1487 1988 1497 1988 1492 1988 1487 1989 1482 1989 1483 1989 1483 1990 1493 1990 1499 1990 1483 1991 1499 1991 1497 1991 1497 1992 1487 1992 1483 1992 1499 1993 1506 1993 1497 1993 1560 1994 1561 1994 1562 1994 1563 1995 1564 1995 1565 1995 1566 458 1567 458 1568 458 1566 458 1568 458 1569 458 1570 1996 1571 1996 1572 1996 1573 1997 1574 1997 1575 1997 1576 1998 1577 1998 1578 1998</p>
        </triangles>
      </mesh>
    </geometry>
  </library_geometries>
  <library_visual_scenes>
    <visual_scene id="Scene" name="Scene">
      <node id="link_4" name="link_4" type="NODE">
        <matrix sid="transform">0.001 0 0 0 0 0.001 0 0 0 0 0.001 0 0 0 0 1</matrix>
        <node id="Default" name="Default" type="NODE">
          <matrix sid="transform">1 0 0 0 0 1 0 0 0 0 1 0 0 0 0 1</matrix>
          <instance_geometry url="#Mesh1_002-mesh" name="Default">
            <bind_material>
              <technique_common>
                <instance_material symbol="Material_0_002-material" target="#Material_0_002-material"/>
              </technique_common>
            </bind_material>
          </instance_geometry>
        </node>
        <node id="Default_001" name="Default.001" type="NODE">
          <matrix sid="transform">1 0 0 0 0 1 0 0 0 0 1 0 0 0 0 1</matrix>
          <instance_geometry url="#Mesh2_002-mesh" name="Default.001">
            <bind_material>
              <technique_common>
                <instance_material symbol="Material_1_002-material" target="#Material_1_002-material"/>
              </technique_common>
            </bind_material>
          </instance_geometry>
        </node>
        <node id="Default_002" name="Default.002" type="NODE">
          <matrix sid="transform">1 0 0 0 0 1 0 0 0 0 1 0 0 0 0 1</matrix>
          <instance_geometry url="#Mesh3_002-mesh" name="Default.002">
            <bind_material>
              <technique_common>
                <instance_material symbol="Material_2_002-material" target="#Material_2_002-material"/>
              </technique_common>
            </bind_material>
          </instance_geometry>
        </node>
        <node id="Default_003" name="Default.003" type="NODE">
          <matrix sid="transform">1 0 0 0 0 1 0 0 0 0 1 0 0 0 0 1</matrix>
          <instance_geometry url="#Mesh4_002-mesh" name="Default.003">
            <bind_material>
              <technique_common>
                <instance_material symbol="Material_3_001-material" target="#Material_3_001-material"/>
              </technique_common>
            </bind_material>
          </instance_geometry>
        </node>
      </node>
    </visual_scene>
  </library_visual_scenes>
  <scene>
    <instance_visual_scene url="#Scene"/>
  </scene>
</COLLADA>
