<?xml version="1.0" encoding="utf-8"?>
<COLLADA xmlns="http://www.collada.org/2005/11/COLLADASchema" version="1.4.1" xmlns:xsi="http://www.w3.org/2001/XMLSchema-instance">
  <asset>
    <contributor>
      <author>Blender User</author>
      <authoring_tool>Blender 3.4.1</authoring_tool>
    </contributor>
    <created>2026-08-25T02:03:55</created>
    <modified>2026-08-25T02:03:55</modified>
    <unit name="meter" meter="1"/>
    <up_axis>Z_UP</up_axis>
  </asset>
  <library_effects>
    <effect id="Material_2_002-effect">
      <profile_COMMON>
        <technique sid="common">
          <lambert>
            <emission>
              <color sid="emission">0 0 0 1</color>
            </emission>
            <diffuse>
              <color sid="diffuse">0.09989873 0.09989873 0.09989873 1</color>
            </diffuse>
            <index_of_refraction>
              <float sid="ior">1.45</float>
            </index_of_refraction>
          </lambert>
        </technique>
      </profile_COMMON>
    </effect>
    <effect id="Material_1_002-effect">
      <profile_COMMON>
        <technique sid="common">
          <lambert>
            <emission>
              <color sid="emission">0 0 0 1</color>
            </emission>
            <diffuse>
              <color sid="diffuse">1 1 1 1</color>
            </diffuse>
            <index_of_refraction>
              <float sid="ior">1.45</float>
            </index_of_refraction>
          </lambert>
        </technique>
      </profile_COMMON>
    </effect>
    <effect id="Material_0_002-effect">
      <profile_COMMON>
        <technique sid="common">
          <lambert>
            <emission>
              <color sid="emission">0 0 0 1</color>
            </emission>
            <diffuse>
              <color sid="diffuse">0.9130986 0.05126946 0.01520852 1</color>
            </diffuse>
            <index_of_refraction>
              <float sid="ior">1.45</float>
            </index_of_refraction>
          </lambert>
        </technique>
      </profile_COMMON>
    </effect>
  </library_effects>
  <library_images/>
  <library_materials>
    <material id="Material_2_002-material" name="Material_2.002">
      <instance_effect url="#Material_2_002-effect"/>
    </material>
    <material id="Material_1_002-material" name="Material_1.002">
      <instance_effect url="#Material_1_002-effect"/>
    </material>
    <material id="Material_0_002-material" name="Material_0.002">
      <instance_effect url="#Material_0_002-effect"/>
    </material>
  </library_materials>
  <library_geometries>
    <geometry id="Mesh3_002-mesh" name="Mesh3.002">
      <mesh>
        <source id="Mesh3_002-mesh-positions">
          <float_array id="Mesh3_002-mesh-positions-array" count="1038">1647.943 -45.0462 2087.651 1648.089 -46.6566 2087.509 1598.295 -51.1876 2087.494 1598.143 -49.5203 2087.641 1648.132 -47.1753 2102.521 1648.203 -47.959 2102.452 1648.089 -46.6566 2087.509 1647.943 -45.0462 2087.651 1644.399 -47.7964 2096.659 1648.203 -47.959 2102.452 1598.409 -52.49 2102.437 1645.099 -47.7475 2096.828 1601.89 -51.6694 2096.703 1645.808 -47.6731 2096.716 1601.18 -51.7438 2096.815 1602.5 -51.5807 2096.326 1646.419 -47.5844 2096.339 1600.48 -51.7927 2096.646 1643.814 -47.8123 2096.235 1646.837 -47.4951 2095.756 1599.896 -51.8086 2096.221 1602.919 -51.4914 2095.742 1647 -47.4186 2095.054 1599.516 -51.7891 2095.605 1643.434 -47.7928 2095.619 1648.089 -46.6566 2087.509 1599.399 -51.7371 2094.893 1603.083 -51.4085 2094.967 1646.883 -47.3666 2094.341 1598.295 -51.1876 2087.494 1643.316 -47.7472 2094.98 1646.503 -47.3471 2093.725 1599.561 -51.6606 2094.191 1602.964 -51.3629 2094.328 1645.918 -47.363 2093.3 1599.98 -51.5713 2093.607 1643.48 -47.6643 2094.204 1645.218 -47.4119 2093.131 1600.59 -51.4826 2093.23 1602.584 -51.3434 2093.711 1644.509 -47.4863 2093.244 1601.3 -51.4082 2093.118 1643.899 -47.5749 2093.62 1602 -51.3593 2093.287 1598.339 -51.7199 2102.505 1598.295 -51.1876 2087.494 1598.409 -52.49 2102.437 1598.143 -49.5203 2087.641 1648.203 -47.959 2102.452 1648.132 -47.1753 2102.521 1598.339 -51.7199 2102.505 1598.409 -52.49 2102.437 1472.085 8.0744 2169.072 1472.085 7.615 2169.096 1474.855 7.4566 2169.021 1474.779 7.0744 2169.048 1475.071 7.7808 2168.993 1472.085 7.1555 2169.121 1475.395 7.9977 2168.967 1472.085 6.2366 2169.171 1474.779 11.046 2168.74 1472.085 5.3177 2169.22 1475.779 8.0744 2168.949 1472.085 11.046 2168.83 1472.085 4.8583 2169.245 1478 10.046 2168.717 1467.51 11.046 2168.961 1472.085 11.5386 2168.781 1474.779 2.5255 2169.239 1477 11.046 2168.663 1478 9.0744 2168.797 1466.623 8.0702 2169.236 1474.779 12.0312 2168.644 1472.085 4.6285 2169.257 1477.924 10.4289 2168.686 1477 8.0744 2168.906 1466.617 8.0744 2169.236 1472.085 12.0312 2168.733 1472.085 4.3988 2169.27 1477.707 10.753 2168.665 1477.924 8.692501 2168.828 1462.935 11.046 2169.092 1464.737 6.5521 2169.344 1472.161 12.4129 2168.691 1471.838 1.6998 2169.351 1477.383 10.9699 2168.657 1477.708 8.3683 2168.86 1461.935 8.995201 2169.292 1462.37 8.1696 2169.342 1467.104 4.9347 2169.346 1473.085 13.0312 2168.594 1472.403 1.5255 2169.336 1477.384 8.1512 2168.887 1461.935 10.046 2169.207 1469.351 6.2382 2169.253 1474.703 12.4137 2168.607 1472.377 12.7369 2168.649 1472.085 4.402 2169.27 1472.108 1.5699 2169.345 1473.779 1.5255 2169.291 1462.011 10.4291 2169.171 1462.05 8.5285 2169.324 1473.779 13.0312 2168.571 1472.701 12.9542 2168.615 1474.703 2.1431 2169.25 1462.227 10.753 2169.137 1474.486 12.7379 2168.579 1474.486 1.8189 2169.263 1462.552 10.9698 2169.109 1474.162 12.955 2168.567 1474.162 1.602 2169.278 1471.668 -4.9253 2169.28 1471.668 -5.4707 2169.248 1474.365 -4.5728 2169.208 1471.668 -6.0161 2169.217 1474.41 -4.2766 2169.216 1471.668 -7.1069 2169.154 1474.541 -4.0069 2169.221 1474.365 -9.5828 2168.922 1469.628 -2.3297 2169.363 1471.668 -8.1977 2169.092 1474.746 -3.7881 2169.221 1468.7 -6.0263 2169.311 1471.668 -8.7432 2169.06 1475.007 -3.6393 2169.216 1466.128 -3.7309 2169.442 1471.668 -9.2886 2169.029 1476.628 0.4728 2169.206 1465.738 -7.1253 2169.342 1474.412 -9.8843 2168.896 1477.359 -2.7362 2169.158 1465.733 -7.1274 2169.342 1474.546 -10.1567 2168.87 1478 -1.8027 2169.151 1466.137 -10.4092 2169.059 1462.628 -5.1322 2169.52 1469.637 -11.7729 2168.827 1477.955 -2.099 2169.148 1478 -0.4555 2169.16 1462.637 -9.0456 2169.291 1468.703 -8.2069 2169.185 1462 -6.0605 2169.493 1474.757 -10.3762 2168.844 1477.824 -2.3687 2169.148 1477.883 0.01409995 2169.164 1462 -7.0872 2169.433 1462.044 -5.7677 2169.506 1476.637 -14.5002 2168.361 1477.62 -2.5874 2169.152 1477.56 0.3729 2169.174 1462 -8.113801 2169.373 1462.171 -5.5006 2169.516 1475.023 -10.5226 2168.823 1477.106 0.5387 2169.189 1462.045 -8.4098 2169.352 1462.372 -5.2826 2169.52 1477.342 -11.3659 2168.671 1462.175 -8.6783 2169.33 1478 -12.3056 2168.558 1462.378 -8.8968 2169.309 1478 -13.5684 2168.424 1477.953 -12.0044 2168.589 1477.885 -14.0335 2168.374 1477.819 -11.732 2168.62 1477.566 -14.3929 2168.343 1477.609 -11.5124 2168.648 1477.115 -14.5616 2168.338 1472.085 4.3988 2169.27 1472.085 4.6285 2169.257 1472.085 4.402 2169.27 1645.099 -47.7475 2096.828 1644.399 -47.7964 2096.659 1644.567 -48.9364 2096.689 1643.969 -48.9888 2096.288 1645.272 -48.8747 2096.83 1643.814 -47.8123 2096.235 1645.808 -47.6731 2096.716 1643.569 -49.0237 2095.688 1645.977 -48.813 2096.689 1643.434 -47.7928 2095.619 1646.419 -47.5844 2096.339 1643.429 -49.036 2094.98 1646.575 -48.7607 2096.288 1643.316 -47.7472 2094.98 1646.837 -47.4951 2095.756 1643.569 -49.0237 2094.272 1646.975 -48.7258 2095.688 1643.48 -47.6643 2094.204 1647 -47.4186 2095.054 1643.969 -48.9888 2093.672 1647.115 -48.7135 2094.98 1643.899 -47.5749 2093.62 1646.883 -47.3666 2094.341 1644.567 -48.9364 2093.271 1646.975 -48.7258 2094.272 1644.509 -47.4863 2093.244 1646.503 -47.3471 2093.725 1645.272 -48.8747 2093.13 1646.575 -48.7607 2093.672 1645.218 -47.4119 2093.131 1645.918 -47.363 2093.3 1645.977 -48.813 2093.271 1643.429 -49.036 2094.98 1643.569 -49.0237 2094.272 1643.569 -49.0237 2095.688 1643.969 -48.9888 2096.288 1643.969 -48.9888 2093.672 1647.115 -48.7135 2094.98 1646.575 -48.7607 2093.672 1646.575 -48.7607 2096.288 1645.272 -48.8747 2093.13 1646.975 -48.7258 2094.272 1645.272 -48.8747 2096.83 1646.975 -48.7258 2095.688 1645.977 -48.813 2093.271 1644.567 -48.9364 2093.271 1645.977 -48.813 2096.689 1644.567 -48.9364 2096.689 1603.083 -51.4085 2094.967 1602.919 -51.4914 2095.742 1603.196 -52.7095 2094.967 1603.056 -52.7217 2095.675 1603.056 -52.7217 2094.258 1602.656 -52.7567 2096.275 1602.964 -51.3629 2094.328 1602.5 -51.5807 2096.326 1602.584 -51.3434 2093.711 1602.059 -52.809 2096.676 1602.656 -52.7567 2093.658 1601.89 -51.6694 2096.703 1602 -51.3593 2093.287 1601.353 -52.8707 2096.817 1602.059 -52.809 2093.257 1601.18 -51.7438 2096.815 1601.3 -51.4082 2093.118 1600.648 -52.9324 2096.676 1601.353 -52.8707 2093.116 1600.48 -51.7927 2096.646 1600.59 -51.4826 2093.23 1600.05 -52.9847 2096.275 1600.648 -52.9324 2093.257 1599.896 -51.8086 2096.221 1599.98 -51.5713 2093.607 1599.651 -53.0197 2095.675 1600.05 -52.9847 2093.658 1599.516 -51.7891 2095.605 1599.561 -51.6606 2094.191 1599.51 -53.0319 2094.967 1599.651 -53.0197 2094.258 1599.399 -51.7371 2094.893 1603.196 -52.7095 2094.967 1603.056 -52.7217 2095.675 1603.056 -52.7217 2094.258 1602.656 -52.7567 2093.658 1602.656 -52.7567 2096.275 1599.51 -53.0319 2094.967 1599.651 -53.0197 2095.675 1599.651 -53.0197 2094.258 1600.05 -52.9847 2096.275 1600.05 -52.9847 2093.658 1601.353 -52.8707 2096.817 1601.353 -52.8707 2093.116 1600.648 -52.9324 2096.676 1602.059 -52.809 2096.676 1600.648 -52.9324 2093.257 1602.059 -52.809 2093.257 1471.731 -20.385 2167.655 1468.665 -20.385 2167.74 1471.731 -25.615 2166.633 1468.74 -20.0053 2167.803 1468.665 -25.615 2166.716 1471.655 -20.0037 2167.723 1471.656 -25.9934 2166.552 1468.955 -19.681 2167.852 1468.74 -25.995 2166.63 1471.44 -19.6799 2167.783 1471.442 -26.3174 2166.485 1469.279 -19.4624 2167.879 1468.954 -26.3184 2166.552 1471.116 -19.462 2167.828 1471.118 -26.5369 2166.444 1469.665 -19.385 2167.881 1469.279 -26.5373 2166.494 1470.731 -19.385 2167.851 1470.731 -26.615 2166.437 1469.665 -26.615 2166.466 1468.053 24.4679 2166.921 1467.665 24.3896 2166.948 1468.05 21.5212 2167.499 1467.665 21.5981 2167.497 1468.374 21.3029 2167.529 1465.509 24.3896 2167.012 1468.377 24.6871 2166.865 1465.509 21.5981 2167.562 1471.826 21.3018 2167.426 1464.509 23.3896 2167.24 1471.612 20.9779 2167.49 1471.827 24.6859 2166.763 1464.798 24.0931 2167.095 1464.509 22.5981 2167.396 1468.59 20.9788 2167.581 1472.15 21.5203 2167.376 1468.591 25.0107 2166.79 1465.122 24.3116 2167.04 1464.584 23.77 2167.167 1465.124 21.6753 2167.559 1471.537 20.5981 2167.563 1472.151 24.4669 2166.799 1471.612 25.0098 2166.7 1464.584 22.2188 2167.473 1468.665 20.5981 2167.646 1472.537 21.5981 2167.352 1468.665 25.3896 2166.706 1464.799 21.8942 2167.528 1471.537 18.4068 2167.926 1472.537 24.3896 2166.806 1471.537 25.3896 2166.624 1468.665 18.4068 2168.01 1474.696 21.5981 2167.282 1468.665 27.5932 2166.205 1470.537 17.4068 2168.11 1474.696 24.3896 2166.736 1471.537 27.5932 2166.125 1469.665 17.4068 2168.132 1470.922 17.4841 2168.082 1475.696 22.5981 2167.06 1469.665 28.5932 2165.935 1469.281 17.4834 2168.132 1471.246 17.702 2168.04 1475.407 21.8952 2167.209 1475.696 23.3896 2166.906 1468.739 27.9715 2166.113 1470.537 28.5932 2165.914 1468.956 17.7012 2168.11 1471.461 18.0258 2167.984 1475.621 22.2194 2167.142 1475.083 21.6762 2167.26 1475.62 23.7705 2166.839 1468.953 28.2949 2166.029 1471.463 27.9713 2166.033 1468.741 18.0255 2168.067 1475.081 24.3125 2166.744 1469.277 28.5146 2165.966 1471.249 28.2956 2165.961 1475.405 24.0941 2166.78 1470.924 28.5154 2165.917</float_array>
          <technique_common>
            <accessor source="#Mesh3_002-mesh-positions-array" count="346" stride="3">
              <param name="X" type="float"/>
              <param name="Y" type="float"/>
              <param name="Z" type="float"/>
            </accessor>
          </technique_common>
        </source>
        <source id="Mesh3_002-mesh-normals">
          <float_array id="Mesh3_002-mesh-normals-array" count="996">-0.0076043 0.08690166 -0.9961879 -0.007600486 0.08697497 -0.9961815 0.9959121 0.09032768 2.8419e-4 0.9958692 0.09079968 2.99932e-4 0.09029972 -0.9920942 -0.08715033 0.09029525 -0.9920949 -0.08714705 0.09030097 -0.9920933 -0.08715921 0.0902996 -0.9920948 -0.08714342 0.09027433 -0.9920955 -0.08716088 0.09035426 -0.9920792 -0.0872637 0.09038203 -0.9920851 -0.08716833 0.09027606 -0.9920953 -0.08716261 0.09025973 -0.9921003 -0.08712261 0.09015268 -0.992109 -0.08713436 0.09038078 -0.9920868 -0.08714985 0.09028899 -0.9921024 -0.0870676 0.09046858 -0.9920836 -0.0870952 0.09025835 -0.9921035 -0.08708691 0.0902847 -0.9921001 -0.08709758 0.09028804 -0.9920948 -0.08715611 0.09008169 -0.9921163 -0.08712399 0.09033209 -0.9921111 -0.08692419 0.09061706 -0.9920569 -0.08724546 0.09038794 -0.9920849 -0.0871647 0.09034037 -0.9920569 -0.08753138 0.09019774 -0.9921028 -0.08715909 0.09034544 -0.9920862 -0.08719313 0.09026885 -0.992063 -0.08753627 0.0903232 -0.9920934 -0.08713507 0.09017294 -0.9921077 -0.08712857 0.090303 -0.9921156 -0.08690392 0.09037888 -0.9920863 -0.08715742 0.09037375 -0.9920872 -0.08715355 0.0902872 -0.9921039 -0.087053 0.09020346 -0.9920975 -0.08721178 0.09025192 -0.9920994 -0.08714109 0.09024745 -0.992092 -0.08722847 0.09029823 -0.9920935 -0.08715879 0.09035968 -0.9920852 -0.08719056 0.09039342 -0.9920815 -0.08719748 0.09030818 -0.9920932 -0.08715313 0.09017413 -0.9921116 -0.08708137 -0.9958591 -0.09091001 -2.9918e-4 -0.9958971 -0.09049379 -3.05446e-4 0.007566034 -0.08682686 0.9961947 0.00754857 -0.08679276 0.9961978 0.03011959 0.05357122 0.9981097 0.03071463 0.06274455 0.9975569 0.03281044 0.06662416 0.9972386 0.02884656 0.05355811 0.998148 0.03310495 0.06835073 0.9971119 0.02875077 0.05383998 0.9981357 0.03342407 0.08087182 0.996164 0.02875077 0.05383384 0.998136 0.03089934 0.08048635 0.9962767 0.03306043 0.08118504 0.9961507 0.02875345 0.05408507 0.9981223 0.03223031 0.08074611 0.9962134 0.02848112 0.08119893 0.9962909 0.03294628 0.09761494 0.9946789 0.03851574 0.04201215 0.9983745 0.03457444 0.08828252 0.9954953 0.0317775 0.081613 0.9961574 0.02986419 0.08320558 0.9960849 0.03303855 0.09735685 0.9947011 0.04564714 0.05193716 0.9976066 0.03171533 0.08652347 0.995745 0.03506505 0.07367902 0.9966654 0.07804882 0.07779735 0.9939095 0.03276193 0.09811431 0.9946358 0.04880064 0.05511593 0.9972867 0.03373003 0.0877164 0.9955743 0.03179442 0.076406 0.9965698 0.02868908 0.08363473 0.9960834 0.02777802 0.03993093 0.9988163 0.03269833 0.1028758 0.9941567 0.0304141 0.02732223 0.9991639 0.03542208 0.08936923 0.9953685 0.03369891 0.07426589 0.996669 0.02819329 0.08331477 0.9961245 0.02569508 0.03918039 0.9989018 0.0258398 0.03918027 0.9988981 0.03335535 0.1057587 0.9938323 0.01836895 0.02841728 0.9994274 0.03291571 0.01973068 0.9992634 0.03537189 0.07074379 0.9968672 0.03425335 0.08077317 0.9961438 0.02655458 0.0738154 0.9969183 0.01945728 0.03823101 0.9990796 0.03142708 0.1027219 0.9942135 0.03364503 0.1045922 0.993946 0.02236294 0.07607501 0.9968513 0.02777731 0.0162034 0.9994829 0.03226923 0.01976931 0.9992837 0.02852773 0.08652436 0.9958413 0.03158468 0.07670575 0.9965534 0.01950842 0.03822183 0.9990789 0.03286653 0.1065684 0.993762 0.03206866 0.1074559 0.9936926 0.03025013 0.02211546 0.9992977 0.02641695 0.08649718 0.9959018 0.03218233 0.1065126 0.9937905 0.03162825 0.02064108 0.9992865 0.02290594 0.09474736 0.9952378 0.03478842 0.1053714 0.9938243 0.03082793 0.01574051 0.9994009 0.03410995 -0.05805736 0.9977304 0.03427708 -0.05716985 0.9977759 0.0311411 -0.0343647 0.9989241 0.03427672 -0.05739694 0.9977629 0.0312922 -0.03112918 0.9990254 0.03374671 -0.05689358 0.9978098 0.02464014 -0.01258486 0.9996173 0.03344964 -0.05739849 0.9977909 0.02168065 -0.02054071 0.9995539 0.01717203 -0.01839864 0.9996833 0.03311312 -0.05716156 0.9978157 0.02478361 -0.01284581 0.9996103 0.03127664 -0.02191144 0.9992706 0.03311848 -0.05762624 0.9977889 0.02549254 -0.007538497 0.9996466 0.02240478 -0.03195661 0.9992381 0.03072708 -0.07993614 0.9963263 0.02786386 -0.008540153 0.9995753 0 -0.03079903 0.9995257 0.03061705 -0.08146333 0.996206 0.02565032 -0.009179115 0.9996289 0.05149751 -0.08046489 0.9954262 0.03567236 -0.03352886 0.998801 0.02462607 -0.1009357 0.9945881 0.02964961 -0.01392078 0.9994635 0.02852421 -0.006883442 0.9995694 0.03424727 -0.08165973 0.9960718 0.02248138 -0.08312225 0.9962858 0.02664351 -0.04771661 0.9985056 0.01758354 -0.09540742 0.9952831 0.02232956 -0.09474545 0.9952512 0.03305262 -0.0135383 0.9993619 0.0339542 8.54553e-5 0.9994234 0.02355867 -0.06433612 0.9976502 0.03018045 -0.0921241 0.9952901 0.02377724 -0.05814778 0.9980249 0.03231775 -0.0492739 0.9982624 0.02519226 -0.1049661 0.9941567 0.03653526 -0.01933801 0.9991453 0.03513544 0.003558933 0.9993762 0.04095679 -0.05838668 0.9974536 0.02925753 -0.05153089 0.9982428 0.01714074 -0.1083713 0.9939627 0.03548246 0.006844997 0.9993469 0.02987128 -0.06710672 0.9972987 0.02360028 -0.04602056 0.9986617 0.02760243 -0.1043929 0.9941531 0.02864599 -0.06813377 0.9972649 0.02280497 -0.103402 0.9943783 0.02993714 -0.06994926 0.9971013 0.02650994 -0.1054934 0.9940667 0.02985179 -0.0997188 0.9945678 0.03175914 -0.113142 0.9930711 0.03305894 -0.09635931 0.9947975 0.03196817 -0.1143167 0.9929299 0.02832233 -0.1018515 0.9943965 0.03271216 -0.1192806 0.9923216 -1 0 0 -0.2336738 -0.00898528 0.9722736 -0.5530537 -0.05957192 0.8310132 -0.1933867 -0.02837473 0.9807123 -0.5865363 -0.04048526 0.8089105 0.1544151 0.02487665 0.9876929 -0.8271322 -0.08375477 0.5557317 0.1947126 0.005845785 0.980843 -0.8503223 -0.06363701 0.5224006 0.5186008 0.05680435 0.8531276 -0.9761139 -0.09614032 0.1948305 0.5549309 0.03749918 0.8310508 -0.9807694 -0.08580273 0.1752977 0.8039328 0.08101469 0.5891764 -0.9770771 -0.08573603 -0.1948583 0.8290485 0.06216496 0.5557105 -0.9740363 -0.07436776 -0.2138286 0.9673207 0.09517472 0.2350157 -0.8273658 -0.08219796 -0.5556164 0.9778995 0.0754556 0.1949846 -0.8067526 -0.06129431 -0.5877017 0.983291 0.09600025 -0.1546702 -0.5527095 -0.05761373 -0.8313801 0.9778325 0.0757907 -0.1951912 -0.5207246 -0.03660976 -0.8529395 0.8494227 0.08380508 -0.5210161 -0.1931505 -0.02586418 -0.9808282 0.8290684 0.0633561 -0.5555464 -0.157501 -0.004948079 -0.9875065 0.5859153 0.06046229 -0.8081136 0.1957469 0.00801146 -0.9806218 0.5539892 0.03935706 -0.8315932 0.2330788 0.02922224 -0.9720187 0.08756262 -0.9961591 0 0.08702284 -0.9962064 0 0.08698225 -0.9962099 0 0.08716839 -0.9961936 0 0.08718198 -0.9961924 -3.90141e-5 0.08717757 -0.9961929 3.567e-5 0.08720541 -0.9961904 -6.45647e-5 0.08681774 -0.9962243 9.56143e-5 0.08720541 -0.9961904 5.91843e-5 0.08699971 -0.9962084 -9.57304e-5 0.08721059 -0.99619 -7.65005e-5 0.0871973 -0.996191 -3.82444e-4 0.08724272 -0.9961871 7.63947e-5 0.08691304 -0.9962159 3.81868e-4 0.9729811 0.08515936 0.2146058 0.9758405 0.098387 0.1950784 0.9770829 0.08542943 -0.1949637 0.8291443 0.06176221 0.5556125 0.9814029 0.07536554 -0.1765459 0.8037708 0.08153527 0.5893255 0.8495428 0.08411049 -0.5207711 0.5546309 0.03755313 0.8312488 0.8288599 0.06304979 -0.5558921 0.5182709 0.05681413 0.8533273 0.5858052 0.05999463 -0.8082283 0.1956515 0.005844175 0.9806562 0.5547023 0.03972047 -0.8311003 0.1532688 0.0252791 0.9878612 0.2322662 0.02961254 -0.9722014 -0.1938236 -0.0279752 0.9806374 0.1948316 0.008117675 -0.9808032 -0.232615 -0.009017467 0.9725272 -0.1557278 -0.004747927 -0.9877887 -0.5523399 -0.0596677 0.8314809 -0.1932537 -0.02570295 -0.9808122 -0.5868359 -0.04021972 0.8087065 -0.5214853 -0.03636366 -0.8524852 -0.8274134 -0.08327603 0.5553848 -0.5528541 -0.05750924 -0.8312912 -0.850063 -0.06387138 0.5227938 -0.8065767 -0.06132429 -0.58794 -0.9761164 -0.09594172 0.1949157 -0.8272235 -0.08197706 -0.5558606 -0.9847241 -0.07626116 0.1565334 -0.9695096 -0.07513445 -0.2332508 -0.9762033 -0.09545218 -0.1947208 0.08662796 -0.9962408 0 0.08724159 -0.9961873 0 0.08723616 -0.9961877 0 0.08714348 -0.9961958 0 0.08722007 -0.9961891 -8.92429e-5 0.08712488 -0.9961975 8.92064e-5 0.08715629 -0.9961947 5.83116e-5 0.08716112 -0.9961943 -6.80567e-5 0.08716267 -0.9961941 0 0.08714127 -0.996196 0 0.0870853 -0.9962009 -3.82624e-5 0.08704549 -0.9962044 0 0.08729588 -0.9961825 7.64413e-5 0.08721619 -0.9961895 0 0.02724933 -0.1917018 0.9810749 0.02748155 -0.1694613 0.9851536 0.02653062 -0.1921082 0.9810152 0.02726083 -0.1692987 0.9851877 0.02651345 -0.213739 0.9765309 0.02733713 -0.1658729 0.9857682 0.02623534 -0.2149902 0.9762638 0.02739197 -0.16611 0.9857267 0.0262205 -0.2187304 0.9754331 0.02729082 -0.1607775 0.9866134 0.02618163 -0.2190125 0.9753708 0.02737915 -0.1616048 0.9864757 0.02610719 -0.2209177 0.974943 0.02734446 -0.1640668 0.9860703 0.02645766 -0.2210055 0.9749137 0.02826315 -0.1593015 0.9868254 0.02611929 -0.2214441 0.9748232 0.02586734 -0.2220283 0.9746971 0.03020817 0.1925771 0.9808169 0.03212189 0.1926201 0.9807475 0.0391919 0.1923575 0.9805421 0.0289638 0.192666 0.9808369 0.03930562 0.19227 0.9805546 0.02975726 0.192925 0.9807623 0.02927172 0.1924598 0.9808682 0.03036421 0.1929073 0.9807471 0.02949881 0.1762647 0.9839007 0.02921545 0.1922065 0.9809195 0.03530871 0.1870349 0.9817185 0.02904194 0.1930081 0.9807673 0.02956974 0.1774919 0.9836779 0.02141177 0.1922282 0.9811167 0.0290113 0.207989 0.9777009 0.03224974 0.2025689 0.9787368 0.07116949 0.173214 0.9823094 0.03264409 0.1946989 0.9803197 0.02957397 0.1830348 0.9826615 0.01845335 0.1920948 0.9812029 0.0291574 0.207167 0.9778711 0.0537315 0.2086635 0.9765104 0.02846288 0.1741706 0.9843041 0.02223098 0.1921168 0.9811202 0.0290122 0.2108538 0.977087 0.03491073 0.1894421 0.9812711 0.02846276 0.1633934 0.9861503 0.021362 0.1921469 0.9811336 0.02782958 0.2018604 0.9790189 0.02876663 0.1638015 0.9860738 0.03195387 0.1920809 0.9808588 0.02782672 0.221486 0.9747665 0.02888965 0.1522588 0.9879184 0.031955 0.1919088 0.9808925 0.02722859 0.2210068 0.9748922 0.02492344 0.1454216 0.9890558 0.04421997 0.1382732 0.9894065 0.02539783 0.1919427 0.9810775 0.02708894 0.2353765 0.9715268 0.03139406 0.1516726 0.9879322 0.03075039 0.1458814 0.9888241 0.01617515 0.2007455 0.9795099 0.02481633 0.191646 0.9811503 0.03359055 0.2301539 0.9725744 0.02397596 0.2292705 0.9730675 0.03491193 0.1527398 0.9876497 0.04619699 0.1409534 0.9889378 -0.01253241 0.2140961 0.9767323 0.01609426 0.2009274 0.979474 0.005509793 0.1735095 0.9848168 0.02987158 0.2343497 0.9716933 0.03432554 0.2412539 0.9698548 0.03132385 0.1525734 0.9877957 0.01828891 0.1898598 0.9816409 0.02969408 0.2350782 0.9715228 0.03403246 0.2382274 0.970613 0.02471446 0.197201 0.9800515 0.04148691 0.2573179 0.9654359</float_array>
          <technique_common>
            <accessor source="#Mesh3_002-mesh-normals-array" count="332" stride="3">
              <param name="X" type="float"/>
              <param name="Y" type="float"/>
              <param name="Z" type="float"/>
            </accessor>
          </technique_common>
        </source>
        <vertices id="Mesh3_002-mesh-vertices">
          <input semantic="POSITION" source="#Mesh3_002-mesh-positions"/>
        </vertices>
        <triangles material="Material_2_002-material" count="332">
          <input semantic="VERTEX" source="#Mesh3_002-mesh-vertices" offset="0"/>
          <input semantic="NORMAL" source="#Mesh3_002-mesh-normals" offset="1"/>
          <p>0 0 1 0 2 0 2 1 3 1 0 1 4 2 5 2 6 2 6 3 7 3 4 3 8 4 9 4 10 4 8 5 11 5 9 5 10 6 12 6 8 6 13 7 9 7 11 7 14 8 12 8 10 8 12 9 15 9 8 9 13 10 16 10 9 10 10 11 17 11 14 11 8 12 15 12 18 12 9 13 16 13 19 13 17 14 10 14 20 14 18 15 15 15 21 15 19 16 22 16 9 16 23 17 20 17 10 17 24 18 18 18 21 18 22 19 25 19 9 19 23 20 10 20 26 20 21 21 27 21 24 21 25 22 22 22 28 22 29 23 26 23 10 23 30 24 24 24 27 24 28 25 31 25 25 25 32 26 26 26 29 26 33 27 30 27 27 27 31 28 34 28 25 28 29 29 35 29 32 29 36 30 30 30 33 30 37 31 25 31 34 31 35 32 29 32 38 32 33 33 39 33 36 33 25 34 37 34 40 34 41 35 38 35 29 35 36 36 39 36 42 36 25 37 40 37 29 37 41 38 29 38 43 38 42 39 39 39 43 39 43 40 29 40 40 40 42 41 43 41 40 41 44 42 45 42 46 42 45 43 44 43 47 43 48 44 49 44 50 44 50 45 51 45 48 45 52 46 53 46 54 46 53 47 55 47 54 47 54 48 56 48 52 48 55 49 53 49 57 49 52 50 56 50 58 50 55 51 57 51 59 51 52 52 58 52 60 52 55 53 59 53 61 53 60 54 58 54 62 54 63 55 52 55 60 55 64 56 55 56 61 56 65 57 60 57 62 57 52 58 63 58 66 58 60 59 67 59 63 59 68 60 55 60 64 60 65 61 69 61 60 61 62 62 70 62 65 62 66 63 71 63 52 63 72 64 67 64 60 64 64 65 73 65 68 65 74 66 69 66 65 66 70 67 62 67 75 67 66 68 76 68 71 68 72 69 77 69 67 69 78 70 68 70 73 70 79 71 69 71 74 71 80 72 70 72 75 72 81 73 76 73 66 73 71 74 76 74 82 74 83 75 77 75 72 75 68 76 78 76 84 76 85 77 69 77 79 77 75 78 86 78 80 78 76 79 81 79 87 79 88 80 82 80 76 80 71 81 82 81 89 81 72 82 90 82 83 82 84 83 78 83 89 83 84 84 91 84 68 84 92 85 86 85 75 85 93 86 87 86 81 86 76 87 87 87 88 87 89 88 94 88 71 88 95 89 90 89 72 89 96 90 83 90 90 90 89 91 78 91 97 91 98 92 91 92 84 92 99 93 68 93 91 93 93 94 81 94 100 94 101 95 88 95 87 95 94 96 89 96 97 96 102 97 90 97 95 97 90 98 103 98 96 98 99 99 104 99 68 99 81 100 105 100 100 100 106 101 102 101 95 101 104 102 99 102 107 102 108 103 105 103 81 103 106 104 109 104 102 104 107 105 99 105 110 105 111 106 112 106 113 106 113 107 112 107 114 107 111 108 113 108 115 108 113 109 114 109 116 109 115 110 117 110 111 110 113 111 116 111 118 111 111 112 117 112 119 112 120 113 118 113 116 113 121 114 119 114 117 114 111 115 119 115 122 115 123 116 118 116 120 116 121 117 124 117 119 117 119 118 125 118 122 118 126 119 118 119 123 119 127 120 119 120 124 120 122 121 125 121 128 121 118 122 126 122 129 122 127 123 124 123 130 123 131 124 128 124 125 124 129 125 126 125 132 125 130 126 133 126 127 126 131 127 134 127 128 127 131 128 125 128 135 128 132 129 126 129 136 129 130 130 137 130 133 130 138 131 127 131 133 131 139 132 134 132 131 132 128 133 134 133 140 133 141 134 131 134 135 134 140 135 136 135 126 135 136 136 142 136 132 136 130 137 143 137 137 137 138 138 144 138 127 138 139 139 131 139 145 139 140 140 134 140 136 140 131 141 141 141 145 141 141 142 135 142 146 142 136 143 147 143 142 143 148 144 143 144 130 144 127 145 144 145 149 145 139 146 145 146 150 146 135 147 151 147 146 147 147 148 152 148 142 148 149 149 153 149 127 149 150 150 154 150 139 150 155 151 151 151 135 151 147 152 156 152 152 152 154 153 157 153 139 153 156 154 147 154 158 154 157 155 159 155 139 155 147 156 160 156 158 156 156 157 158 157 161 157 160 158 147 158 162 158 163 159 156 159 161 159 162 160 147 160 164 160 163 161 165 161 156 161 166 162 164 162 147 162 167 163 168 163 169 163 170 164 171 164 172 164 173 165 172 165 171 165 170 166 172 166 174 166 175 167 173 167 171 167 176 168 170 168 174 168 175 169 177 169 173 169 174 170 178 170 176 170 175 171 179 171 177 171 180 172 176 172 178 172 179 173 181 173 177 173 182 174 180 174 178 174 183 175 181 175 179 175 184 176 180 176 182 176 181 177 183 177 185 177 184 178 182 178 186 178 187 179 185 179 183 179 188 180 184 180 186 180 187 181 189 181 185 181 186 182 190 182 188 182 189 183 187 183 191 183 188 184 190 184 192 184 189 185 191 185 193 185 192 186 190 186 194 186 195 187 193 187 191 187 192 188 194 188 196 188 193 189 195 189 197 189 196 190 194 190 198 190 197 191 195 191 199 191 198 192 200 192 196 192 197 193 199 193 201 193 198 194 201 194 200 194 200 195 201 195 199 195 202 196 203 196 204 196 205 197 204 197 203 197 205 198 203 198 206 198 205 199 206 199 207 199 206 200 208 200 207 200 209 201 205 201 207 201 210 202 208 202 206 202 211 203 207 203 208 203 205 204 209 204 212 204 207 205 213 205 209 205 208 206 210 206 214 206 215 207 210 207 206 207 216 208 212 208 209 208 205 209 212 209 217 209 218 210 219 210 220 210 220 211 219 211 221 211 218 212 220 212 222 212 221 213 219 213 223 213 224 214 218 214 222 214 219 215 225 215 223 215 226 216 224 216 222 216 227 217 223 217 225 217 228 218 226 218 222 218 225 219 229 219 227 219 228 220 230 220 226 220 229 221 231 221 227 221 228 222 232 222 230 222 229 223 233 223 231 223 232 224 234 224 230 224 235 225 231 225 233 225 232 226 236 226 234 226 233 227 237 227 235 227 236 228 238 228 234 228 239 229 235 229 237 229 240 230 238 230 236 230 241 231 239 231 237 231 238 232 240 232 242 232 241 233 243 233 239 233 244 234 242 234 240 234 241 235 245 235 243 235 244 236 246 236 242 236 245 237 247 237 243 237 248 238 246 238 244 238 249 239 247 239 245 239 246 240 248 240 249 240 248 241 247 241 249 241 250 242 251 242 252 242 253 243 252 243 251 243 253 244 251 244 254 244 253 245 254 245 255 245 255 246 254 246 256 246 255 247 257 247 253 247 258 248 256 248 254 248 253 249 257 249 259 249 260 250 258 250 254 250 259 251 261 251 253 251 258 252 260 252 262 252 263 253 260 253 254 253 264 254 261 254 259 254 253 255 261 255 265 255 266 256 267 256 268 256 267 257 266 257 269 257 268 258 267 258 270 258 269 259 266 259 271 259 270 260 272 260 268 260 273 261 269 261 271 261 272 262 270 262 274 262 271 263 275 263 273 263 274 264 276 264 272 264 275 265 277 265 273 265 276 266 274 266 278 266 277 267 275 267 279 267 280 268 276 268 278 268 277 269 279 269 281 269 278 270 282 270 280 270 279 271 283 271 281 271 282 272 284 272 280 272 285 273 284 273 282 273 286 274 287 274 288 274 288 275 287 275 289 275 286 276 288 276 290 276 289 277 287 277 291 277 286 278 290 278 292 278 289 279 291 279 293 279 290 280 294 280 292 280 293 281 291 281 295 281 296 282 294 282 290 282 294 283 297 283 292 283 291 284 298 284 295 284 299 285 293 285 295 285 290 286 300 286 296 286 297 287 294 287 301 287 302 288 292 288 297 288 291 289 303 289 298 289 304 290 295 290 298 290 293 291 299 291 305 291 300 292 306 292 296 292 301 293 307 293 297 293 308 294 302 294 297 294 305 295 299 295 309 295 306 296 300 296 310 296 307 297 301 297 311 297 312 298 302 298 308 298 305 299 309 299 313 299 306 300 310 300 314 300 307 301 311 301 315 301 312 302 308 302 316 302 314 303 310 303 317 303 315 304 311 304 318 304 316 305 319 305 312 305 317 306 320 306 314 306 321 307 315 307 318 307 322 308 319 308 316 308 323 309 320 309 317 309 314 310 320 310 324 310 318 311 325 311 321 311 326 312 319 312 322 312 323 313 317 313 327 313 324 314 328 314 314 314 329 315 325 315 318 315 330 316 321 316 325 316 326 317 331 317 319 317 326 318 322 318 332 318 333 319 327 319 317 319 314 320 328 320 334 320 335 321 325 321 329 321 318 322 336 322 329 322 321 323 330 323 337 323 338 324 331 324 326 324 339 325 332 325 322 325 317 326 340 326 333 326 337 327 341 327 321 327 326 328 342 328 338 328 343 329 332 329 339 329 344 330 341 330 337 330 332 331 343 331 345 331</p>
        </triangles>
      </mesh>
    </geometry>
    <geometry id="Mesh2_002-mesh" name="Mesh2.002">
      <mesh>
        <source id="Mesh2_002-mesh-positions">
          <float_array id="Mesh2_002-mesh-positions-array" count="213">1421.129 2 2010.501 1410.5 2 2009.02 1426.582 2 2009.02 1409.5 2 2010.02 1415.5 2 2011 1409.5 2 2011 1426.582 -2 2009.02 1421.129 -2 2010.501 1426.582 2 2009.02 1421.129 2 2010.501 1415.5 -2 2011 1415.5 2 2011 1415.5 -2 2011 1409.5 -2 2010.02 1409.5 -2 2011 1421.129 -2 2010.501 1410.5 -2 2009.02 1426.582 -2 2009.02 1409.5 -2 2011 1409.5 2 2011 1415.5 2 2011 1415.5 -2 2011 1644.043 43.5 2107.69 1645 43.5 2107.5 1645 46.5 2107.5 1645.957 43.5 2107.69 1644.043 46.5 2107.69 1645.957 46.5 2107.69 1643.232 46.5 2108.232 1646.768 43.5 2108.232 1643.232 43.5 2108.232 1646.768 46.5 2108.232 1642.69 46.5 2109.043 1647.31 43.5 2109.043 1642.69 43.5 2109.043 1647.31 46.5 2109.043 1642.5 46.5 2110 1647.5 43.5 2110 1642.5 43.5 2110 1647.5 46.5 2110 1642.69 46.5 2110.957 1647.31 43.5 2110.957 1642.69 43.5 2110.957 1647.31 46.5 2110.957 1643.232 46.5 2111.768 1646.768 43.5 2111.768 1643.232 43.5 2111.768 1646.768 46.5 2111.768 1644.043 46.5 2112.31 1645.957 43.5 2112.31 1644.043 43.5 2112.31 1645.957 46.5 2112.31 1645 46.5 2112.5 1645 43.5 2112.5 1645.957 43.5 2107.69 1645 43.5 2107.5 1645 41.9978 2110 1644.043 43.5 2107.69 1646.768 43.5 2108.232 1643.232 43.5 2108.232 1647.31 43.5 2109.043 1642.69 43.5 2109.043 1647.5 43.5 2110 1642.5 43.5 2110 1647.31 43.5 2110.957 1642.69 43.5 2110.957 1646.768 43.5 2111.768 1643.232 43.5 2111.768 1645.957 43.5 2112.31 1644.043 43.5 2112.31 1645 43.5 2112.5</float_array>
          <technique_common>
            <accessor source="#Mesh2_002-mesh-positions-array" count="71" stride="3">
              <param name="X" type="float"/>
              <param name="Y" type="float"/>
              <param name="Z" type="float"/>
            </accessor>
          </technique_common>
        </source>
        <source id="Mesh2_002-mesh-normals">
          <float_array id="Mesh2_002-mesh-normals-array" count="153">0 -1 0 -0.2621613 0 -0.9650241 -0.2621211 0 -0.965035 -0.08826637 0 -0.996097 -0.08830922 0 -0.9960931 0 1 0 0 0 -1 0.1952016 0 0.9807632 -0.1952256 0 0.9807584 0.1945596 0 0.9808908 -0.1945835 0 0.980886 0.5558546 0 0.8312796 -0.5558546 0 0.8312796 0.5553932 0 0.8315879 -0.5553932 0 0.8315879 0.831543 0 0.5554604 -0.8314852 0 0.5555469 0.9807713 0 0.1951611 -0.9807713 0 0.1951611 0.9807966 0 0.1950334 -0.9807966 0 0.1950334 0.9807966 0 -0.1950334 -0.9807966 0 -0.1950334 0.9807713 0 -0.1951611 -0.9807713 0 -0.1951611 0.831543 0 -0.5554604 -0.8314852 0 -0.5555469 0.5553932 0 -0.8315879 -0.5553932 0 -0.8315879 0.5558546 0 -0.8312796 -0.5558546 0 -0.8312796 0.1945596 0 -0.9808908 -0.1945835 0 -0.980886 0.1952016 0 -0.9807632 -0.1952256 0 -0.9807584 -0.1020154 0.8526821 0.512373 0.1020026 0.8526833 0.5123737 -0.290166 0.8527433 0.4343187 0.290209 0.8526958 0.4343833 -0.4342103 0.8527514 0.2903041 0.434154 0.852815 0.2902013 -0.5124062 0.8526759 0.1019014 0.5124062 0.8526759 0.1019014 -0.5124062 0.8526759 -0.1019014 0.5124062 0.8526759 -0.1019014 -0.4342103 0.8527514 -0.2903041 0.4341863 0.8527913 -0.2902228 -0.290166 0.8527433 -0.4343187 0.290209 0.8526958 -0.4343833 -0.1020154 0.8526821 -0.512373 0.102012 0.8526536 -0.5124212</float_array>
          <technique_common>
            <accessor source="#Mesh2_002-mesh-normals-array" count="51" stride="3">
              <param name="X" type="float"/>
              <param name="Y" type="float"/>
              <param name="Z" type="float"/>
            </accessor>
          </technique_common>
        </source>
        <vertices id="Mesh2_002-mesh-vertices">
          <input semantic="POSITION" source="#Mesh2_002-mesh-positions"/>
        </vertices>
        <triangles material="Material_1_002-material" count="62">
          <input semantic="VERTEX" source="#Mesh2_002-mesh-vertices" offset="0"/>
          <input semantic="NORMAL" source="#Mesh2_002-mesh-normals" offset="1"/>
          <p>0 0 1 0 2 0 3 0 1 0 0 0 0 0 4 0 3 0 5 0 3 0 4 0 6 1 7 1 8 1 9 2 8 2 7 2 10 3 9 3 7 3 11 4 9 4 10 4 12 5 13 5 14 5 13 5 12 5 15 5 15 5 16 5 13 5 17 5 16 5 15 5 18 6 19 6 20 6 20 6 21 6 18 6 22 7 23 7 24 7 24 8 23 8 25 8 22 9 24 9 26 9 25 10 27 10 24 10 22 11 26 11 28 11 29 12 27 12 25 12 28 13 30 13 22 13 29 14 31 14 27 14 30 15 28 15 32 15 31 16 29 16 33 16 30 15 32 15 34 15 33 16 35 16 31 16 34 17 32 17 36 17 37 18 35 18 33 18 36 19 38 19 34 19 37 20 39 20 35 20 38 21 36 21 40 21 39 22 37 22 41 22 38 23 40 23 42 23 41 24 43 24 39 24 42 25 40 25 44 25 45 26 43 26 41 26 44 25 46 25 42 25 45 26 47 26 43 26 46 27 44 27 48 27 47 28 45 28 49 28 46 29 48 29 50 29 49 30 51 30 47 30 50 31 48 31 52 31 51 32 49 32 53 32 52 33 53 33 50 33 51 34 53 34 52 34 54 35 55 35 56 35 56 36 55 36 57 36 56 37 58 37 54 37 59 38 56 38 57 38 60 39 58 39 56 39 61 40 56 40 59 40 60 41 56 41 62 41 61 42 63 42 56 42 56 43 64 43 62 43 56 44 63 44 65 44 56 45 66 45 64 45 67 46 56 46 65 46 56 47 68 47 66 47 69 48 56 48 67 48 70 49 68 49 56 49 69 50 70 50 56 50</p>
        </triangles>
      </mesh>
    </geometry>
    <geometry id="Mesh1_002-mesh" name="Mesh1.002">
      <mesh>
        <source id="Mesh1_002-mesh-positions">
          <float_array id="Mesh1_002-mesh-positions-array" count="22926">1598.143 -49.5203 2087.641 1647.943 -45.0462 2087.651 1598.164 -49.5185 2087.641 1648.085 -46.643 2098.803 1651.46 -46.6292 2099.819 1648.132 -47.1753 2102.521 1648.037 -46.1107 2095.086 1685.599 -43.974 2100.275 1666.181 -46.0622 2110 1685.645 -42.6611 2090.607 1685.555 -44.5831 2110 1651.42 -47.3033 2110 1707.261 -41.9981 2094.684 1647.99 -45.5784 2091.368 1702.641 -43.4821 2110 1626.591 -49.5276 2110 1706.366 -42.6467 2099.859 1702.743 -41.6482 2090.795 1651.5 -45.1458 2089.704 1702.691 -42.8963 2100.371 1598.339 -51.7199 2102.505 1708.442 -42.2047 2095.187 1708.603 -41.2011 2089.874 1647.966 -45.3123 2089.51 1647.943 -45.0462 2087.651 1705.826 -43.3046 2110 1619.592 -50.1727 2110 1709.94 -41.4515 2090.409 1707.446 -42.7847 2100.066 1710.573 -40.2127 2085.045 1647.955 -45.1792 2088.58 1647.949 -45.1127 2088.115 1685.693 -40.6523 2081.085 1651.463 -46.6289 2120.181 1583.203 -53.3734 2110 1708.937 -42.4702 2095.647 1706.776 -43.1606 2105.125 1707.593 -42.8632 2100.323 1711.942 -40.5638 2085.869 1651.539 -42.8632 2079.767 1583.264 -52.707 2121.323 1651.424 -47.303 2110 1583.259 -52.7074 2098.676 1710.796 -42 2091.151 1705.91 -43.3095 2110 1714.479 -39.5776 2081.596 1702.796 -39.7444 2081.349 1711.455 -42 2090.285 1656.727 -39.7799 2071.174 1598.143 -49.5203 2087.641 1583.297 -50.8241 2132.555 1597.997 -52.0722 2110 1666.181 -46.0622 2110 1533.212 -57.7706 2110 1598.252 -50.6192 2095.073 1705.994 -43.3144 2110 1705.868 -43.3071 2110 1713.055 -39.1605 2080.677 1715.863 -40.4606 2082.362 1716.264 -38.0276 2076.509 1713.315 -41.3497 2086.469 1593.609 -43.3444 2066.444 1688.309 -38.2073 2073 1583.316 -47.9018 2076.448 1651.503 -45.1455 2130.296 1515.005 -55.9227 2134.218 1587.199 -53.0219 2110 1685.602 -43.9739 2119.725 1514.981 -58.1214 2097.828 1583.291 -50.8246 2087.445 1706.163 -43.3242 2110 1705.85 -43.306 2110 1717.571 -38.5418 2077.641 1718.884 -39.4977 2078.553 1712.114 -42 2089.418 1668.857 -37.3371 2069.147 1583.321 -47.9014 2143.552 1520.155 -52.599 2144.672 1514.989 -58.1209 2122.172 1584.5 -53.2593 2110 1685.558 -44.5829 2110 1514.998 -55.9231 2085.782 1522.394 -58.4593 2110 1706.5 -43.3439 2110 1720.007 -40.843 2079.185 1716.07 -42 2084.219 1704.119 -37.534 2073.367 1713.433 -42 2087.685 1593.068 -43.3769 2066.408 1687.54 -36.3943 2070.026 1593.668 -41.6925 2064.054 1520.155 -52.599 2075.328 1651.542 -42.863 2140.233 1685.648 -42.661 2129.393 1501.836 -54.3693 2142.789 1480.794 -57.6988 2134.661 1533.212 -57.7706 2110 1581.801 -53.4968 2110 1702.643 -43.482 2110 1480.785 -57.6992 2085.339 1516.986 -58.8036 2110 1598.164 -49.5185 2087.641 1719.954 -36.9793 2072.947 1721.168 -37.5591 2074.147 1723.3 -39.8652 2075.868 1717.033 -41.7464 2082.87 1719.917 -36.9806 2072.948 1556.654 -48.2652 2070.924 1686.544 -33.4021 2068.298 1593.609 -43.3444 2066.444 1667.927 -34.4638 2067.436 1593.609 -43.3444 2153.556 1556.654 -48.2652 2149.075 1707.261 -41.9981 2125.316 1517.22 -51.3246 2147.232 1483.468 -55.7774 2141.313 1480.786 -59.972 2122.402 1576.402 -53.9716 2110 1522.394 -58.4593 2110 1702.693 -42.8962 2119.629 1480.777 -59.9724 2097.598 1483.468 -55.7774 2078.686 1515.634 -58.8897 2110 1501.836 -54.3693 2077.211 1722.306 -38.5464 2075.14 1720.677 -42 2079.592 1719.141 -42 2081.135 1706.06 -35.5978 2070.308 1705.158 -32.5109 2068.581 1593.068 -43.3769 2066.408 1593.619 -39.2148 2062.537 1552.539 -46.9992 2068.477 1685.695 -40.6522 2138.914 1656.687 -39.782 2148.829 1593.068 -43.3769 2153.592 1552.539 -46.9992 2151.523 1706.366 -42.6467 2120.141 1702.745 -41.6481 2129.205 1499.549 -53.0709 2145.431 1465.041 -56.7558 2140.386 1446.597 -60.5609 2125.063 1489.943 -60.5253 2110 1516.986 -58.8036 2110 1705.826 -43.3046 2110 1446.597 -60.5609 2094.936 1489.943 -60.5253 2110 1465.041 -56.7558 2079.614 1514.282 -58.9758 2110 1517.22 -51.3246 2072.768 1726.855 -37.5492 2072.109 1722.212 -42 2078.05 1725.39 -35.8058 2070.752 1668.001 -26.7368 2065.521 1593.096 -41.8435 2064.131 1587.837 -42.0503 2063.981 1710.573 -40.2127 2134.955 1587.837 -42.0503 2156.018 1708.444 -42.2054 2124.812 1708.603 -41.2011 2130.126 1446.537 -50.8262 2149.386 1481.877 -54.4496 2144.036 1446.554 -58.0681 2136.376 1446.598 -60.7297 2123.181 1446.568 -58.899 2132.605 1484.526 -60.6986 2110 1511.577 -59.148 2110 1514.282 -58.9758 2110 1446.598 -60.7297 2096.819 1446.568 -58.899 2087.394 1511.577 -59.148 2110 1484.526 -60.6986 2110 1446.554 -58.0681 2083.624 1481.877 -54.4496 2075.964 1499.549 -53.0709 2074.569 1722.302 -38.5426 2075.135 1728.346 -39.7022 2072.702 1724.077 -41.4395 2076.276 1723.661 -31.934 2067.793 1724.27 -35.0319 2069.533 1719.954 -36.9793 2072.947 1594.238 -29.8185 2059.806 1704.715 -17.2669 2065.25 1587.837 -42.0503 2063.981 1593.032 -39.5549 2062.616 1593.068 -43.3769 2066.408 1446.537 -50.8262 2070.614 1702.798 -39.7443 2138.651 1688.264 -38.2093 2147.002 1707.449 -42.7853 2119.934 1709.943 -41.4525 2129.59 1446.539 -45.3448 2155.482 1464.202 -55.4011 2143.167 1446.539 -57.2372 2140.147 1446.557 -58.2758 2135.433 1446.599 -60.7719 2122.71 1446.561 -58.4836 2134.491 1481.818 -60.7852 2110 1446.599 -60.7719 2097.29 1446.561 -58.4836 2085.509 1481.818 -60.7852 2110 1446.539 -57.2372 2079.853 1446.557 -58.2758 2084.567 1464.202 -55.4011 2076.832 1722.298 -38.5387 2075.132 1732.659 -37.2582 2069.632 1728.109 -35.219 2069.654 1593.619 -39.2148 2062.537 1594.06 -20.2588 2057.893 1686.22 -17.6471 2064.909 1593.032 -39.5549 2062.616 1593.619 -39.2148 2062.537 1446.539 -45.3448 2064.518 1711.945 -40.5649 2134.13 1716.264 -38.0276 2143.491 1713.055 -39.1605 2139.322 1668.859 -37.337 2150.852 1706.776 -43.1606 2114.875 1707.593 -42.8632 2119.677 1708.937 -42.4703 2124.352 1446.524 -55.8653 2142.947 1587.837 -42.0503 2156.018 1442.035 -51.3519 2149.9 1446.524 -55.8653 2142.947 1446.559 -58.3797 2134.962 1446.599 -60.8141 2122.239 1446.56 -58.4316 2134.726 1479.11 -60.8718 2110 1446.599 -60.8141 2097.761 1446.559 -58.3797 2085.038 1479.11 -60.8718 2110 1446.524 -55.8653 2077.053 1722.289 -38.531 2075.124 1730.827 -34.6323 2068.556 1732.348 -42 2071.511 1723.171 -16.9937 2064.203 1729.468 -34.9256 2069.105 1557.09 -35.2864 2058.297 1557.235 -21.3743 2055.084 1667.752 -18.0998 2063.885 1685.855 -0.7297 2062.811 1557.09 -35.2864 2058.297 1442.035 -51.3519 2070.1 1714.482 -39.579 2138.402 1687.542 -36.3942 2149.974 1593.668 -41.6925 2155.946 1704.086 -37.5353 2146.633 1705.826 -43.3045 2110.001 1710.796 -42 2128.849 1446.529 -39.4448 2161.205 1442.037 -45.8447 2156.021 1442.492 -56.3229 2143.291 1446.539 -57.2372 2140.147 1446.6 -60.8985 2121.298 1468.276 -61.2183 2110 1446.6 -60.8985 2098.702 1468.276 -61.2183 2110 1722.271 -38.5156 2075.109 1719.954 -36.9793 2072.947 1737.084 -34.4122 2067.051 1738.01 -42 2069.39 1727.046 -42 2074.418 1704.301 -0.7143 2062.767 1732.3 -16.9134 2062.794 1736.316 -33.1435 2066.682 1557.373 -31.3929 2057.217 1557.138 -11.1824 2053.841 1593.935 -10.5757 2056.78 1667.422 -0.7484 2062.058 1593.619 -39.2147 2062.537 1552.743 -38.3696 2059.82 1446.529 -39.4448 2058.795 1442.492 -56.3229 2076.708 1442.037 -45.8447 2063.979 1715.865 -40.4621 2137.637 1717.574 -38.5433 2142.357 1686.587 -33.3999 2151.701 1593.609 -43.3444 2153.556 1593.644 -40.4536 2156.704 1718.109 -37.5034 2145.272 1706.163 -43.3242 2110.001 1712.114 -42 2130.582 1552.743 -38.3696 2160.18 1438.993 -52.8675 2151.159 1439.559 -57.5972 2144.228 1446.524 -55.8653 2142.947 1446.603 -61.2361 2117.531 1446.603 -61.2361 2102.468 1722.235 -38.4847 2075.078 1721.168 -37.5591 2074.147 1726.211 -40.5709 2074.489 1722.669 -0.7036 2061.16 1741.312 -15.9379 2060.725 1732.828 -31.8385 2066.708 1538.738 -33.6987 2056.636 1520.313 -11.7394 2051.384 1673.302 14.6571 2062.038 1715.5 5.2766 2061.244 1520.386 -32.111 2054.975 1439.559 -57.5972 2075.772 1438.993 -52.8582 2068.831 1713.317 -41.3511 2133.53 1718.885 -39.4993 2141.445 1719.954 -36.9793 2147.053 1706.062 -35.5977 2149.692 1705.142 -32.5116 2151.419 1667.988 -34.4601 2152.561 1719.032 -37.2414 2146.162 1706.5 -43.3439 2110 1557.09 -35.2864 2161.703 1517.522 -35.3801 2163.444 1442.027 -39.9331 2161.752 1438.945 -47.3019 2157.45 1439.447 -58.5564 2142.5 1446.539 -57.2372 2140.147 1446.61 -61.9114 2110 1446.61 -61.9114 2110 1722.164 -38.423 2075.016 1721.737 -38.0528 2074.644 1741.916 -31.8188 2065.067 1739.393 -32.9746 2065.961 1725.144 -41.0052 2075.382 1716.678 4.6912 2061.18 1742.071 -31.8048 2065.035 1741.921 -31.8063 2065.062 1739.088 -32.4092 2065.821 1520.382 -22.3974 2052.803 1520.267 -0.9388 2050.906 1557.073 -0.8926 2053.444 1593.848 -0.8423 2056.41 1667.557 14.785 2061.899 1685.187 14.2513 2062.129 1714.46 6.6383 2061.195 1716.258 4.7958 2061.217 1517.522 -35.3801 2056.556 1442.027 -39.9331 2058.248 1442.335 -57.8424 2079.698 1438.945 -47.281 2062.529 1716.07 -42 2135.78 1720.008 -40.844 2140.815 1721.168 -37.5591 2145.853 1725.391 -35.8057 2149.248 1667.998 -26.7395 2154.478 1593.632 -39.8342 2157.083 1719.493 -37.1103 2146.607 1713.433 -42 2132.314 1593.032 -39.5549 2157.384 1520.386 -32.111 2165.025 1446.507 -33.1495 2166.523 1439.332 -40.984 2163.003 1443.095 -33.4055 2166.832 1442.335 -57.8424 2140.302 1722.022 -38.2996 2074.892 1743.916 -42 2068.096 1724.629 -42 2076.234 1717.106 4.7027 2061.126 1731.726 -0.7006 2059.423 1741.741 -31.8343 2065.104 1740.492 -32.0727 2065.42 1741.888 -31.8242 2065.073 1483.42 -0.9754 2049.043 1483.45 -12.1846 2049.616 1593.791 8.8766 2056.734 1663.561 15.8919 2061.814 1668.748 17.9709 2061.562 1717.89 5.0421 2060.981 1483.525 -30.1508 2052.757 1446.507 -33.1495 2053.477 1439.333 -40.9696 2056.986 1443.095 -33.4055 2053.168 1446.539 -57.2372 2079.853 1439.336 -59.5157 2079.228 1717.034 -41.7474 2137.129 1723.3 -39.8652 2144.132 1722.306 -38.5464 2144.86 1723.611 -31.935 2152.202 1724.273 -35.0319 2150.468 1719.954 -36.9793 2147.053 1704.713 -17.2719 2154.75 1594.232 -29.8216 2160.194 1593.625 -39.5245 2157.273 1719.923 -36.9882 2147.022 1593.096 -41.8435 2155.869 1593.617 -39.2145 2157.463 1483.525 -30.1508 2167.243 1482.125 -33.5005 2165.622 1440.443 -34.0854 2167.682 1439.336 -59.5157 2140.771 1446.568 -58.899 2132.605 1740.611 -32.315 2065.477 1724.077 -41.4395 2076.276 1740.708 0 2057.306 1741.56 -31.8615 2065.145 1741.202 -31.9247 2065.233 1741.912 -31.8211 2065.068 1483.401 10.3265 2049.504 1520.237 9.9304 2051.355 1483.491 -23.2228 2051.209 1557.03 9.4252 2053.86 1667.432 18.109 2061.595 1673.57 18.4229 2061.369 1713.143 9.8278 2060.989 1718.529 5.6237 2060.819 1482.125 -33.5005 2054.378 1440.443 -34.0854 2052.318 1446.524 -55.8653 2077.053 1434.6 -59.0887 2078.416 1719.14 -42 2138.865 1720.676 -42 2140.407 1726.858 -37.5482 2147.893 1728.109 -35.2189 2150.346 1686.218 -17.6522 2155.09 1594.054 -20.2647 2162.107 1593.619 -39.2148 2157.463 1593.622 -39.3696 2157.368 1593.068 -43.3769 2153.592 1520.373 -22.4039 2167.196 1464.346 -33.1078 2166.244 1440.601 -32.1459 2168.785 1440.792 -61.861 2125.352 1443.355 -60.9007 2125.209 1741.25 -32.0291 2065.257 1723.85 -41.5096 2076.493 1748.118 -27.5113 2063.102 1741.92 -31.8159 2065.065 1446.613 -8.5715 2048.611 1446.609 6.4627 2048.504 1446.606 -15.9227 2049.135 1593.753 18.5187 2057.711 1557.002 19.695 2055.061 1666.014 18.5598 2061.605 1669.877 20.9426 2060.315 1668.991 20.9174 2060.504 1689.03 14.8146 2062.078 1719.491 7.0381 2060.495 1465.056 -29.754 2052.118 1464.346 -33.1078 2053.756 1446.558 -29.8139 2051.83 1440.601 -32.1435 2051.214 1434.6 -55.7085 2072.777 1434.6 -61.8999 2084.36 1722.211 -42 2141.949 1719.954 -36.9793 2147.053 1730.828 -34.6321 2151.444 1723.171 -16.9985 2155.795 1685.853 -0.7397 2157.188 1667.749 -18.1051 2156.114 1557.227 -21.3806 2164.916 1557.09 -35.2864 2161.703 1593.621 -39.2922 2157.416 1465.056 -29.754 2167.882 1538.738 -33.6987 2163.364 1483.48 -23.2295 2168.789 1446.558 -29.8139 2168.17 1442.921 -29.9057 2168.603 1440.15 -30.1998 2169.808 1438.868 -63.4304 2125.591 1446.583 -59.73 2128.834 1741.583 -31.9088 2065.156 1723.623 -41.5796 2076.71 1741.882 -27.8381 2063.958 1749.947 -42 2067.657 1741.914 -31.8224 2065.068 1741.832 -31.8221 2065.083 1446.609 -12.2471 2048.873 1446.619 -1.2204 2048.087 1446.614 2.6212 2048.296 1446.604 10.3043 2048.713 1483.39 21.619 2051.004 1520.218 20.7793 2052.723 1446.582 -22.8683 2050.482 1446.607 -14.0849 2049.004 1661.036 17.9727 2061.838 1665.258 19.0746 2061.614 1673.828 21.668 2059.343 1704.065 15.7051 2061.367 1720.797 10.1761 2059.885 1442.921 -29.9057 2051.397 1440.15 -30.1998 2050.192 1433.988 -55.8097 2072.709 1438.993 -52.8582 2068.831 1438.27 -62.7318 2086.469 1433.988 -59.1961 2078.359 1724.077 -41.4395 2143.724 1728.347 -39.7014 2147.3 1736.316 -33.1435 2153.318 1732.3 -16.9182 2157.205 1704.3 -0.7241 2157.231 1667.419 -0.7587 2157.941 1557.365 -31.3961 2162.783 1557.131 -11.1917 2166.159 1593.929 -10.5844 2163.219 1593.62 -39.2728 2157.427 1470.731 -26.615 2168.488 1471.656 -25.9934 2168.601 1483.439 -12.1946 2170.384 1446.558 -29.8139 2168.17 1440.15 -30.1998 2169.808 1434.6 -31.5836 2169.089 1440.797 -63.2284 2109.999 1438.243 -62.7366 2133.513 1443.358 -62.2639 2110 1446.59 -60.1454 2126.949 1741.753 -31.858 2065.109 1723.421 -42 2077.142 1741.691 -23.8714 2062.88 1755.381 -27.5113 2063.374 1741.892 -31.8292 2065.074 1446.617 0.7004 2048.192 1446.602 12.2251 2048.817 1446.599 14.1458 2048.921 1556.982 29.8404 2057.019 1660.159 19.4701 2061.906 1520.207 31.5137 2054.996 1668.368 21.126 2060.592 1673.001 22.9088 2058.677 1679.899 21.6837 2058.826 1700.341 16.0937 2061.607 1711.687 16.4529 2060.562 1716.451 29 2061.203 1446.558 -29.8139 2051.83 1440.15 -30.1998 2050.192 1434.6 -31.5836 2050.911 1433.988 -51.8858 2067.418 1434.6 -51.7917 2067.496 1434.6 -64.11501 2090.551 1433.988 -62.0125 2084.313 1732.662 -37.2562 2150.371 1732.791 -31.8386 2153.286 1737.083 -34.4127 2152.949 1741.312 -15.9379 2159.275 1722.668 -0.7133 2158.839 1673.302 14.6571 2157.962 1715.514 5.2584 2158.756 1520.304 -11.7491 2168.615 1593.62 -39.2692 2157.429 1471.118 -26.5369 2168.495 1469.665 -26.615 2168.517 1471.442 -26.3175 2168.535 1471.731 -25.615 2168.681 1477.566 -14.3929 2170.358 1446.57 -26.3411 2168.844 1446.507 -33.1495 2166.523 1434.6 -25.6398 2171.9 1434.6 -37.2232 2165.708 1438.888 -64.8066 2109.999 1437.79 -65.0945 2125.865 1446.61 -61.9114 2110 1446.593 -60.3532 2126.006 1723.168 -41.7197 2077.145 1747.963 -12.7892 2059.248 1755.823 -12.7892 2059.541 1755.978 -42 2068.081 1446.579 -23.7365 2050.651 1446.577 21.992 2050.114 1481.349 30.4446 2052.845 1593.727 28.0255 2059.303 1664.624 19.8542 2061.63 1659.706 21.0072 2062.006 1664.916 19.4323 2061.621 1516.049 32.412 2054.989 1670.382 23.4858 2059.478 1668.147 21.3686 2060.596 1673.828 21.668 2059.343 1679.029 22.9911 2057.114 1684.802 20.4112 2059.923 1694.312 18.5573 2061.416 1722.404 16.8057 2058.808 1711.687 16.4529 2060.562 1731.296 15.4486 2056.917 1446.57 -26.3411 2051.156 1440.814 -15.1287 2047.716 1434.6 -25.6398 2048.1 1434.6 -37.2232 2054.291 1433.468 -56.0981 2072.516 1433.468 -52.154 2067.198 1438.945 -47.281 2062.529 1437.791 -65.0873 2094.105 1433.468 -59.502 2078.196 1732.347 -42 2148.488 1739.088 -32.4092 2154.179 1741.831 -31.8229 2154.916 1741.921 -31.8063 2154.938 1716.678 4.6912 2158.82 1685.187 14.2513 2157.871 1667.557 14.785 2158.101 1714.46 6.6383 2158.805 1716.258 4.7958 2158.783 1593.842 -0.8539 2163.591 1520.257 -0.9517 2169.095 1557.065 -0.9049 2166.557 1469.279 -26.5374 2168.545 1471.731 -23 2169.183 1483.409 -0.9888 2170.957 1477.885 -14.0335 2170.389 1477.115 -14.5617 2170.354 1468.74 -25.9951 2168.679 1438.637 -23.0851 2172.897 1433.988 -25.6864 2172.012 1433.988 -31.641 2169.196 1439.332 -40.984 2163.003 1437.594 -66.5218 2117.994 1440.813 -61.8491 2094.649 1443.369 -60.8975 2094.79 1446.597 -60.5609 2125.063 1446.595 -60.457 2125.535 1741.84 -31.8351 2065.086 1722.817 -42 2077.596 1741.312 -15.9379 2060.725 1763.724 -12.7892 2061.096 1762.682 -27.5113 2064.81 1446.576 -24.6047 2050.819 1446.569 23.9672 2050.55 1443.367 15.1325 2048.684 1463.963 29.9574 2052.188 1585.258 37.9016 2061.073 1664.169 21.7698 2061.681 1672.333 24.3979 2058.61 1683.987 23.8969 2054.187 1684.654 22.6142 2057.439 1684.987 17.517 2061.546 1688.413 17.8221 2061.553 1700.208 18.9088 2061.083 1711.074 18.3237 2060.313 1721.01 29 2059.765 1715.5 29 2061.244 1721.6 13.4909 2059.346 1740.233 17.1368 2054.611 1438.887 -15.3193 2046.154 1443.375 -15.0161 2048.668 1433.988 -25.6864 2047.988 1438.634 -23.059 2047.093 1439.333 -40.9696 2056.986 1433.988 -37.2909 2054.19 1433.468 -47.7075 2062.292 1434.6 -47.3762 2062.624 1433.988 -64.2316 2090.516 1434.6 -65.7126 2096.929 1433.468 -62.3329 2084.181 1727.045 -42 2145.581 1738.009 -42 2150.61 1741.809 -31.8258 2154.911 1740.492 -32.0727 2154.58 1731.725 -0.7102 2160.575 1742.071 -31.8048 2154.965 1717.106 4.7027 2158.874 1663.561 15.8919 2158.186 1673.57 18.4229 2158.631 1716.451 29 2158.797 1593.785 8.8622 2163.267 1468.954 -26.3185 2168.602 1471.731 -21.6925 2169.434 1474.365 -7.0778 2171.069 1478 -13.5684 2170.437 1471.441 -19.6808 2169.81 1468.665 -25.615 2168.763 1434.6 -19.4491 2174.115 1433.988 -19.4844 2174.231 1433.988 -37.2909 2165.81 1434.6 -42.5043 2161.791 1437.591 -67 2110 1438.891 -63.4041 2094.413 1446.597 -60.5609 2094.936 1446.597 -60.5544 2125.093 1446.596 -60.509 2125.299 1722.713 -41.8599 2077.58 1741.161 -11.9534 2059.871 1756.179 2.1098 2056.456 1764.564 2.1098 2058.106 1761.888 -42 2069.36 1443.39 0.1036 2047.731 1444.736 29.9388 2051.643 1512.491 35.6956 2056.559 1479.585 33.7889 2054.469 1658.81 23.9845 2062.241 1619.836 34.937 2062.45 1659.706 21.0072 2062.006 1668.432 22.5738 2060.347 1668.071 21.6981 2060.56 1668.085 21.5261 2060.584 1682.608 24.1931 2053.731 1684.558 23.8827 2054.369 1687.363 22.6511 2057.887 1679.244 14.4542 2062.083 1687.839 20.5216 2060.109 1685.187 14.2513 2062.129 1693.994 21.3124 2060.005 1719.058 29.3827 2060.572 1723.278 19.2873 2058.022 1711.074 18.3237 2060.313 1716.444 29.3827 2061.127 1722.002 15.1483 2059.077 1731.319 16.9713 2056.709 1438.634 -23.059 2047.093 1440.831 0.1047 2046.771 1446.558 -29.8139 2051.83 1433.988 -31.641 2050.804 1433.988 -19.4844 2045.768 1434.6 -19.4491 2045.885 1434.6 -42.5043 2058.208 1433.988 -42.5816 2058.114 1433.122 -56.5297 2072.228 1433.122 -52.5552 2066.869 1433.988 -47.4623 2062.538 1433.122 -48.0746 2061.926 1437.594 -66.5193 2101.991 1433.122 -59.9598 2077.951 1726.212 -40.5705 2145.512 1739.392 -32.9753 2154.039 1741.786 -31.8286 2154.906 1741.202 -31.9247 2154.767 1740.708 0 2162.694 1713.143 9.8278 2159.011 1667.431 18.1075 2158.404 1684.987 17.517 2158.454 1668.748 17.9693 2158.437 1557.023 9.41 2166.142 1520.227 9.9143 2168.647 1483.39 10.3097 2170.498 1471.731 -20.385 2169.685 1474.365 -5.8253 2171.14 1474.365 -9.5828 2170.929 1478 -12.937 2170.503 1471.656 -20.0047 2169.751 1471.117 -19.4626 2169.855 1446.576 -24.6047 2169.181 1437.97 -15.5339 2175.174 1433.468 -31.8045 2169.502 1433.468 -25.8191 2172.333 1433.988 -42.5816 2161.885 1433.468 -37.4836 2166.098 1438.945 -47.3019 2157.45 1439.336 -59.5157 2079.228 1437.594 -66.5193 2101.991 1442.335 -57.8424 2079.698 1446.568 -58.899 2087.394 1446.597 -60.5479 2125.123 1446.596 -60.5349 2125.182 1722.514 -42 2077.823 1741.01 -7.969 2059.016 1747.838 2.1098 2056.144 1772.669 2.1098 2061.1 1771.363 -12.7892 2063.918 1769.741 -27.5113 2067.417 1446.561 25.9424 2050.987 1446.619 -1.2204 2048.087 1442.926 29.9849 2051.427 1445.641 29.9158 2051.751 1581.654 39.7743 2061.657 1446.524 33.2284 2053.509 1662.83 28.1882 2062.137 1681.424 24.9823 2053.317 1685.795 23.9434 2054.735 1673.303 14.6571 2062.038 1685.187 14.2513 2062.129 1700.117 21.6285 2059.656 1710.076 19.9663 2059.814 1724.432 28.4 2056.665 1711.712 29 2060.572 1713.774 29.3827 2061.031 1719.058 29.3827 2060.572 1722.312 15.502 2058.971 1722.303 16.3913 2058.875 1437.97 -15.5447 2044.828 1438.906 0.1065 2045.198 1446.606 -15.9227 2049.135 1433.468 -25.8191 2047.667 1433.468 -19.5851 2045.436 1437.97 -15.5447 2044.828 1433.468 -37.4836 2053.902 1433.468 -31.8045 2050.498 1433.468 -42.8016 2057.846 1433.122 -43.1309 2057.445 1433.988 -65.8321 2096.905 1433.468 -64.5635 2090.415 1434.6 -66.6774 2103.433 1433.122 -62.8125 2083.982 1725.145 -41.005 2144.618 1743.915 -42 2151.904 1741.56 -31.8615 2154.854 1740.705 0.1339 2162.715 1740.649 2.1421 2163.031 1717.89 5.0421 2159.018 1689.03 14.8146 2157.922 1593.747 18.5018 2162.291 1666.013 18.5585 2158.395 1684.802 20.4112 2160.077 1685.187 14.2513 2157.871 1669.877 20.9426 2159.685 1711.687 16.4529 2159.437 1556.994 19.6771 2164.943 1474.779 4.7999 2171.147 1477.359 -2.7362 2171.159 1477.342 -11.3659 2170.681 1478 -12.6213 2170.536 1470.731 -19.385 2169.878 1468.665 -23 2169.267 1433.988 -13.0948 2175.832 1434.6 -13.0711 2175.713 1433.468 -19.5851 2174.563 1433.468 -42.8016 2162.154 1434.6 -47.3762 2157.376 1433.988 -47.4623 2157.462 1438.27 -62.7318 2086.469 1437.591 -67 2109.999 1437.791 -65.0873 2094.105 1722.363 -42 2077.936 1758.078 17.1426 2054.341 1752.071 17.1598 2053.796 1769.912 17.051 2057.411 1767.555 -42 2071.467 1446.554 27.9176 2051.423 1440.809 15.2466 2047.73 1446.093 29.9043 2051.805 1578.071 41.2686 2062.67 1585.178 37.9476 2061.081 1446.546 29.8928 2051.859 1657.345 26.8016 2062.504 1668.061 29.6502 2060.512 1668.432 22.5738 2060.347 1678.888 22.9879 2057.179 1684.558 23.8827 2054.369 1687.032 24.0042 2055.101 1693.692 23.5441 2057.747 1700.002 23.6672 2057.489 1724.432 21.3754 2056.665 1724.457 28.7105 2056.629 1710.076 19.9663 2059.814 1713.774 29.3827 2061.031 1716.426 29.7071 2060.911 1718.987 29.7071 2060.367 1722.203 15.977 2058.943 1722.404 16.8057 2058.808 1437.672 -7.8191 2043.458 1433.988 -13.0948 2044.168 1433.468 -13.1625 2043.828 1434.6 -13.0711 2044.287 1433 -53.0285 2066.481 1433 -60.4998 2077.662 1433 -43.5194 2056.971 1433.988 -66.7986 2103.421 1437.591 -67 2110 1724.077 -41.4395 2143.724 1740.611 -32.3153 2154.523 1741.741 -31.8343 2154.896 1740.701 0.2678 2162.736 1740.679 1.0711 2162.862 1718.529 5.6237 2159.181 1712.415 13.1403 2159.224 1661.036 17.9727 2158.162 1668.991 20.9174 2159.496 1668.368 21.126 2159.408 1665.257 19.0734 2158.385 1687.839 20.5216 2159.891 1679.899 21.6838 2161.174 1673.828 21.668 2160.657 1711.712 29 2159.428 1520.208 20.7603 2167.281 1483.379 21.5991 2169 1477.383 8.1506 2170.893 1474.779 2.5255 2171.241 1474.365 -4.5728 2171.21 1477.619 -2.5881 2171.153 1475.023 -10.5226 2170.832 1477.609 -11.5124 2170.658 1478 -12.3056 2170.569 1476.637 -14.5002 2170.376 1446.579 -23.7365 2169.349 1437.672 -7.8096 2176.545 1433.122 -37.7719 2166.53 1433.122 -32.0492 2169.959 1433.122 -26.0178 2172.812 1433.468 -47.7075 2157.708 1433.122 -43.1309 2162.555 1434.6 -51.7917 2152.504 1446.539 -57.2372 2079.853 1722.288 -42 2077.993 1740.708 0 2057.306 1764.049 17.1063 2055.543 1746.1 17.1578 2053.892 1775.589 16.9765 2059.937 1780.181 2.1098 2065.343 1778.442 -12.7892 2067.917 1772.864 -42 2074.361 1446.55 28.9052 2051.641 1440.166 30.2771 2050.231 1446.32 29.8986 2051.832 1446.545 39.4982 2058.812 1654.458 32.333 2063.185 1661.946 31.3628 2062.428 1677.989 23.8987 2056.366 1692.197 24.2528 2056.362 1697.4 23.9815 2057.283 1702.604 23.353 2057.695 1707.808 22.7246 2058.108 1724.529 29 2056.528 1707.808 28.4 2058.108 1713.809 29.7071 2060.817 1721.34 29.7071 2059.218 1437.592 0.05299997 2043 1438.884 15.4392 2046.169 1433.122 -26.0178 2047.187 1433.122 -19.7358 2044.94 1433.122 -13.2637 2043.319 1437.672 -7.8191 2043.458 1433.122 -37.7719 2053.47 1433.122 -32.0492 2050.04 1433 -57.0388 2071.888 1433 -48.5075 2061.492 1433.468 -66.1722 2096.837 1433.122 -65.0602 2090.264 1433.988 -67.1218 2110 1434.6 -67 2110 1433 -63.3781 2083.748 1722.212 -41.9998 2141.949 1741.251 -32.029 2154.743 1741.832 -31.8221 2154.917 1740.694 0.5355 2162.778 1740.59 4.2842 2163.367 1719.491 7.0381 2159.505 1704.064 15.6906 2158.632 1660.159 19.4701 2158.094 1556.974 29.8199 2162.987 1668.147 21.3686 2159.404 1687.363 22.6511 2162.113 1688.413 17.8221 2158.447 1684.654 22.6142 2162.561 1673.001 22.9088 2161.322 1711.074 18.3237 2159.687 1520.197 31.4919 2165.01 1474.163 12.9544 2170.58 1477.707 8.3673 2170.866 1474.779 5.9372 2171.1 1477.56 0.3729 2171.175 1475.007 -3.6393 2171.218 1477.824 -2.3694 2171.15 1474.412 -9.8843 2170.904 1477.819 -11.732 2170.63 1477.953 -12.0044 2170.6 1469.665 -19.385 2169.908 1446.582 -22.8683 2169.518 1433.988 -6.5791 2176.799 1433.468 -13.1625 2176.172 1434.6 -6.5671 2176.677 1433.122 -19.7358 2175.06 1433.122 -48.0746 2158.074 1433.988 -51.8858 2152.582 1438.993 -52.8675 2151.159 1433.468 -52.154 2152.802 1722.259 -42 2078.015 1740.59 4.2842 2056.632 1752.471 19.4733 2053.221 1758.638 19.4574 2053.829 1740.471 8.5684 2055.958 1746.273 19.4716 2053.289 1764.703 19.424 2055.107 1770.592 19.3734 2057.038 1776.281 -27.5113 2071.112 1446.548 29.399 2051.75 1446.433 29.8957 2051.846 1443.113 33.4806 2053.206 1578.071 41.2686 2062.67 1667.852 33.2873 2060.605 1676.429 22.3296 2058.228 1680.626 26.195 2053.027 1687.032 24.0042 2055.101 1707.808 22.7246 2058.108 1707.776 28.7116 2058.076 1711.208 29.3827 2060.29 1716.398 29.9239 2060.588 1718.882 29.9239 2060.061 1721.163 29.9239 2058.946 1721.458 29.3827 2059.4 1437.673 7.899 2043.466 1433.468 -6.6131 2042.856 1433.988 -6.5791 2043.201 1433.122 -6.664 2042.34 1434.6 -6.5671 2043.322 1433 -57.0268 2059.457 1433 -80.8504 2062.353 1433 -50.1974 2060.356 1433 -47.0479 2058.803 1433 -38.1121 2052.961 1433.468 -67.1438 2103.387 1434.6 -66.6774 2116.567 1433 -74.2284 2085.05 1741.583 -31.9088 2154.844 1741.921 -31.8063 2154.938 1720.797 10.1761 2160.115 1700.341 16.0937 2158.393 1664.914 19.4312 2158.378 1664.622 19.8532 2158.369 1659.706 21.0072 2157.994 1593.721 28.0062 2160.701 1693.688 23.5714 2162.291 1693.992 21.3378 2160.013 1685.187 14.2513 2157.871 1684.558 23.8827 2165.631 1679.029 22.9911 2162.886 1677.982 23.9232 2163.652 1710.076 19.9663 2160.186 1516.049 32.412 2165.011 1481.349 30.4446 2167.154 1474.487 12.7369 2170.592 1471.246 17.7022 2170.067 1477.924 8.691201 2170.835 1474.779 6.5058 2171.076 1477.106 0.5387 2171.19 1477.883 0.01409995 2171.165 1474.41 -4.2766 2171.218 1477.955 -2.1 2171.15 1474.546 -10.1567 2170.877 1469.637 -11.7729 2170.837 1468.665 -21.6925 2169.518 1437.593 0 2177 1433 -43.5194 2163.029 1433 -32.3378 2170.5 1433 -19.9135 2175.646 1433.122 -52.5552 2153.131 1434.6 -55.7085 2147.223 1740.233 17.1368 2054.611 1740.117 19.4886 2054.017 1776.235 19.3063 2059.601 1781.001 16.883 2063.111 1786.829 2.1098 2070.646 1784.707 -12.7892 2072.914 1777.707 -42 2077.98 1446.547 29.6459 2051.805 1438.643 23.1683 2047.133 1446.489 29.8943 2051.852 1442.048 39.9799 2058.273 1446.555 45.3755 2064.516 1654.458 32.333 2063.185 1667.118 36.8153 2060.932 1672.333 24.3979 2058.61 1673.828 21.668 2059.343 1677.284 25.129 2055.968 1700.802 28.4 2057.699 1707.688 29 2057.989 1711.293 29.7071 2060.09 1713.86 29.9239 2060.497 1723.106 29.9239 2057.312 1721.01 29 2059.765 1723.344 29.7071 2057.532 1437.973 15.6205 2044.846 1433 -26.2521 2046.622 1433 -19.9135 2044.354 1433 -6.724 2041.73 1437.592 0.05299997 2043 1433 -32.3378 2049.5 1433 -53.7015 2060.586 1433 -59.6669 2057.142 1433 -44.7325 2056.163 1433 -43.6037 2052.838 1433.122 -66.6813 2096.736 1433 -65.6461 2090.086 1433.468 -67.4686 2110 1437.594 -66.5218 2117.994 1433 -71.1207 2086.685 1741.753 -31.8579 2154.891 1741.888 -31.824 2154.926 1740.471 8.5684 2164.041 1721.01 29 2160.235 1694.31 18.5715 2158.589 1664.169 21.7698 2158.319 1585.258 37.9016 2158.926 1550.654 35.1568 2161.969 1668.071 21.6981 2159.44 1668.085 21.5261 2159.416 1692.167 24.2545 2163.643 1687.032 24.0042 2164.899 1689.03 14.8146 2157.922 1683.987 23.8969 2165.812 1676.429 22.3296 2161.771 1677.287 25.1442 2164.039 1700.208 18.9228 2158.921 1707.808 28.4 2161.892 1475.406 24.0928 2168.815 1477.384 10.9693 2170.666 1471.462 18.0261 2170.011 1470.922 17.4842 2170.109 1478 9.0744 2170.803 1477 8.0744 2170.912 1474.703 2.1431 2171.251 1477.941 -0.2207 2171.163 1474.541 -4.0069 2171.223 1478 -1.8027 2171.152 1474.757 -10.3762 2170.853 1469.279 -19.4624 2169.906 1468.665 -21.0387 2169.644 1433.988 0 2177.122 1433.468 -6.6131 2177.144 1433.122 -13.2637 2176.681 1434.6 0 2177 1433 -38.1121 2167.039 1433 -26.2521 2173.378 1433 -53.0285 2153.519 1433 -48.5075 2158.508 1433.468 -56.0981 2147.484 1439.559 -57.5972 2144.228 1433.988 -55.8097 2147.291 1433.122 -56.5297 2147.772 1752.551 21.6493 2052.055 1746.222 21.6469 2052.123 1758.841 21.6345 2052.677 1765.036 21.6025 2053.983 1776.775 21.4899 2058.55 1786.07 16.7704 2066.908 1782.071 -27.5113 2075.73 1446.546 29.7694 2051.832 1446.518 29.8935 2051.856 1442.059 45.8684 2063.985 1440.459 34.1575 2052.361 1512.313 51.1785 2072.26 1660.945 34.5141 2062.823 1672.333 44.5042 2058.61 1668.432 22.5738 2060.347 1673.001 22.9088 2058.677 1680.351 27.6452 2052.925 1700.815 29.0123 2057.579 1708.898 29.3827 2058.947 1708.898 29.3827 2058.947 1716.364 30 2060.207 1720.954 30 2058.625 1722.826 30 2057.051 1723.503 29.3827 2057.68 1723.503 29.3827 2057.68 1433 -13.3832 2042.718 1433.122 0 2042.012 1433.468 0 2042.531 1433.988 0 2042.878 1434.6 0 2043 1433 -84.5789 2069.337 1433 -76.5464 2055.707 1433 -36.6964 2049.687 1433 -40.152 2049.062 1433.122 -67.6603 2103.336 1433 -67.2819 2096.617 1433 -68.8752 2089.384 1433.988 -66.7986 2116.579 1434.6 -65.7126 2123.071 1741.84 -31.8351 2154.914 1741.831 -31.8229 2154.916 1741.912 -31.821 2154.932 1721.6 13.4909 2160.654 1722.404 16.8057 2161.192 1668.432 22.5738 2159.653 1658.81 23.9845 2157.758 1619.836 34.937 2157.55 1672.333 24.3979 2161.39 1697.344 23.9869 2162.725 1687.032 24.0042 2164.899 1684.558 23.8827 2165.631 1700.117 21.6535 2160.363 1682.608 24.1965 2166.27 1678.869 23.0108 2162.856 1680.634 26.1896 2166.969 1672.333 24.3979 2161.39 1710.076 19.9663 2160.186 1707.808 22.7246 2161.892 1707.776 28.7116 2161.924 1512.491 35.6956 2163.441 1475.082 24.3118 2168.782 1475.621 23.7686 2168.873 1474.703 12.4126 2170.619 1477.708 10.752 2170.675 1471.537 18.4068 2169.951 1473.779 13.0312 2170.584 1478 9.5602 2170.765 1474.779 7.0744 2171.053 1474.486 1.8189 2171.265 1478 -0.4555 2171.161 1474.746 -3.7881 2171.223 1478 -1.1291 2171.156 1446.606 -15.9227 2170.865 1468.665 -20.7118 2169.707 1434.6 6.5671 2176.677 1433 -39.4214 2167.839 1433 -36.2453 2169.337 1433 -32.6975 2175.241 1433 -24.2578 2175.658 1433 -13.3832 2177.282 1433 -57.0388 2148.112 1433 -47.8614 2161.899 1434.6 -59.0887 2141.583 1739.907 21.6263 2052.885 1771.036 21.5541 2055.948 1782.231 21.41 2061.782 1781.565 19.2234 2062.763 1790.227 16.6548 2070.781 1792.423 2.1098 2076.753 1789.979 -12.7892 2078.669 1781.985 -42 2082.253 1446.546 29.8613 2051.852 1446.545 29.8928 2051.859 1439.349 41.0256 2057.029 1440.619 32.2206 2051.256 1442.057 51.3553 2070.083 1446.554 50.8372 2070.591 1581.747 42.1728 2063.976 1658.599 37.265 2063.656 1666.055 39.2922 2061.405 1670.845 44.7761 2059.272 1676.557 26.2828 2056.212 1672.333 24.3979 2058.61 1707.688 29 2057.989 1693.857 28.4 2056.694 1709.029 29.7071 2058.774 1711.42 29.9239 2059.791 1713.92 30 2060.119 1718.757 30 2059.699 1724.429 29.9302 2055.512 1724.554 29.7242 2055.927 1724.529 29 2056.528 1724.599 29.3995 2056.276 1433 -30.3795 2046.941 1433 -21.0154 2042.601 1433 -17.5054 2042.708 1434.6 0 2043 1433 0 2041.4 1433 -11.6638 2039.058 1434.6 6.5671 2043.322 1433 -77.7253 2084.728 1433 -61.2201 2053.992 1433 -33.2648 2048.942 1433 -43.8334 2049.333 1433 -67.8339 2092.738 1433.468 -67.1438 2116.613 1433.122 -67.9877 2110 1437.79 -65.0945 2125.865 1741.892 -31.8291 2154.926 1741.916 -31.8187 2154.933 1731.296 15.4342 2163.081 1723.278 19.2873 2161.978 1662.83 28.1883 2157.863 1668.432 22.5738 2159.653 1699.96 23.6713 2162.517 1681.426 24.9789 2166.682 1680.351 27.6453 2167.075 1676.557 26.2828 2163.788 1707.688 29 2162.011 1700.802 28.4 2162.3 1479.585 33.7889 2165.531 1550.654 35.1568 2161.969 1471.537 27.5932 2168.18 1475.696 23.3896 2168.946 1477 11.046 2170.673 1477.924 10.4277 2170.696 1471.537 19.5024 2169.773 1470.537 17.4068 2170.132 1478 10.046 2170.726 1474.855 7.4579 2171.027 1474.162 1.602 2171.279 1478 -0.7923 2171.159 1446.607 -14.0849 2170.996 1468.955 -19.6809 2169.879 1468.665 -20.385 2169.77 1433.468 0 2177.469 1433.122 -6.664 2177.66 1437.674 7.9076 2176.531 1433 -42.9289 2167.671 1433 -33.8842 2171.936 1433 -27.702 2176.343 1433 -20.8137 2176.343 1433 -17.8939 2178.294 1433 -6.724 2178.27 1433 -59.4992 2152.254 1433 -52.2429 2156.584 1433 -49.5236 2158.806 1433 -47.5096 2165.393 1433.468 -59.502 2141.804 1433.122 -59.9598 2142.049 1439.336 -59.5157 2140.771 1433.988 -59.1961 2141.641 1433 -60.4998 2142.338 1753.098 28.4 2052.083 1746.333 28.4 2052.116 1759.822 28.4 2052.838 1739.617 28.4 2052.937 1766.412 28.4 2054.371 1778.835 28.4 2059.676 1772.779 28.4 2056.66 1786.517 19.1259 2066.489 1786.942 -27.5113 2081.048 1438.963 47.3169 2062.565 1442.926 29.9849 2051.427 1440.166 30.2771 2050.231 1434.6 37.2232 2054.291 1439.012 52.8613 2068.833 1495.871 53.0816 2074.322 1585.337 40.8706 2062.772 1550.78 47.4873 2069.819 1653.385 36.4225 2064.334 1707.576 29.3995 2057.753 1697.4 23.9815 2057.283 1693.88 29.0123 2056.574 1707.576 29.3995 2057.753 1711.571 30 2059.44 1715.36 30 2058.243 1718.432 30 2057.687 1721.057 30 2055.999 1724.259 30 2055.069 1724.529 29 2056.528 1433 -28.4798 2043.987 1433 -24.2172 2041.159 1433 -14.2216 2041.464 1433.122 6.664 2042.34 1433.468 6.6131 2042.856 1433.988 6.5791 2043.201 1433 6.724 2041.73 1433 -6.8437 2037.345 1437.673 7.899 2043.466 1433 -87.7055 2076.612 1433 -71.6975 2049.448 1433 -43.1054 2047.163 1433 -68.2697 2103.276 1433 -68.1552 2096.235 1433.988 -65.8321 2123.095 1434.6 -64.11501 2129.449 1742.071 -31.8048 2154.965 1741.919 -31.8155 2154.935 1740.233 17.1368 2165.389 1722.002 15.1483 2160.923 1740.233 17.1368 2165.389 1724.432 28.4 2163.335 1668.061 29.6502 2159.488 1657.345 26.8016 2157.496 1702.576 23.3557 2162.309 1707.808 22.7246 2161.892 1700.815 29.0123 2162.421 1707.808 22.7246 2161.892 1446.524 33.2284 2166.491 1463.963 29.9574 2167.812 1581.654 39.7743 2158.343 1471.5 27.7821 2168.137 1471.537 26.4914 2168.426 1475.696 22.5981 2169.098 1474.741 12.2219 2170.637 1475.081 21.6753 2169.289 1473.085 13.0312 2170.607 1475.072 7.7818 2170.998 1476.628 0.4728 2171.207 1466.137 -10.4092 2171.067 1468.74 -20.0052 2169.832 1433.988 6.5791 2176.799 1434.6 13.0711 2175.713 1433 -30.6218 2178.294 1433 -15.9429 2181.214 1433 -15.2578 2184.658 1433 -55.6056 2155.572 1433 -58.9953 2148.779 1434.6 -61.8999 2135.64 1433 -59.8597 2145.375 1733.042 28.4 2054.534 1784.5 28.4 2063.376 1787.295 21.3162 2065.581 1791.033 19.0148 2070.732 1794.15 16.5203 2075.286 1796.864 2.1098 2083.376 1794.164 -12.7892 2084.911 1785.611 -42 2087.092 1446.546 29.8928 2051.859 1440.166 30.2771 2050.231 1434.6 31.5836 2050.911 1434.6 42.5043 2058.208 1439.578 57.5757 2075.736 1442.513 56.3102 2076.667 1479.427 54.5129 2075.862 1498.968 54.3053 2076.917 1581.654 39.7743 2061.657 1585.354 42.6664 2065.637 1516.286 52.3355 2074.757 1568.067 45.0769 2067.728 1656.287 38.853 2064.541 1650.468 34.1815 2063.602 1664.601 41.4415 2062.052 1670.155 45.1041 2059.58 1672.555 44.5 2058.51 1700.85 29.5314 2057.233 1707.808 22.7246 2058.108 1692.197 24.2528 2056.362 1687.024 28.4 2055.099 1709.225 29.9239 2058.516 1707.56 29.7242 2057.401 1707.688 29 2057.989 1712.31 30 2057.581 1722.836 30 2053.434 1732.575 30 2053.004 1433 -4.0859 2039.519 1433 -10.2215 2035.856 1434.6 13.0711 2044.287 1433 -81.07901 2085.77 1433 -61.4498 2050.488 1433 -45.3866 2046.184 1433 -69.7903 2099.343 1433.988 -64.2316 2129.484 1433.122 -67.6603 2116.664 1433.468 -66.1722 2123.163 1433 -68.6 2110 1438.243 -62.7366 2133.513 1748.06 -27.5113 2156.895 1741.914 -31.8223 2154.932 1722.404 16.8057 2161.192 1722.312 15.4876 2161.026 1740.117 19.4886 2165.983 1724.432 21.3754 2163.335 1724.457 28.7105 2163.371 1672.333 24.3979 2161.39 1661.946 31.3629 2157.572 1654.458 32.333 2156.815 1680.351 28.4 2167.075 1707.688 29 2162.011 1693.88 29.0123 2163.426 1697.344 23.9869 2162.725 1446.545 39.4982 2161.188 1446.524 33.2284 2166.491 1470.537 28.5932 2167.973 1567.956 36.5292 2160.448 1578.071 41.2686 2157.33 1471.463 27.971 2168.094 1474.696 24.3896 2168.779 1475.62 22.2172 2169.171 1474.779 12.0312 2170.655 1474.696 21.5981 2169.316 1475.405 21.8936 2169.238 1469.665 17.4068 2170.158 1475.779 8.0744 2170.955 1473.779 1.5255 2171.293 1446.608 -13.166 2171.061 1433.468 6.6131 2177.144 1433.122 0 2177.988 1437.973 15.6321 2175.151 1433 -46.234 2168.857 1433 -32.866 2178.749 1433 -15.9429 2188.102 1433 -59.0995 2155.924 1433.122 -62.8125 2136.018 1433.468 -62.3329 2135.819 1433.988 -62.0125 2135.686 1433 -61.9608 2142.562 1756.233 29.0123 2052.213 1741.409 29.0123 2052.517 1762.394 29.0123 2053.215 1733.042 21.4492 2054.534 1768.412 29.0123 2054.872 1774.218 29.0123 2057.164 1779.744 29.0123 2060.066 1791.898 21.2098 2069.893 1797.726 16.3671 2080.433 1790.81 -27.5113 2086.816 1446.524 33.2284 2053.509 1434.6 25.6398 2048.1 1433.988 37.2909 2054.19 1438.963 47.3169 2062.565 1433.988 42.5816 2058.114 1446.54 55.86 2077.006 1481.581 55.8073 2078.567 1585.178 37.9476 2061.081 1576.711 43.8716 2066.682 1659.079 41.3961 2064.209 1654.124 39.7721 2065.421 1619.836 34.937 2062.45 1651.625 37.2221 2064.934 1669.564 45.6141 2059.843 1677.272 44.5 2055.69 1672.333 44.5042 2058.61 1707.808 28.4 2058.108 1687.056 29.0123 2054.981 1693.944 29.5314 2056.234 1709.456 30 2058.211 1732.754 29.8782 2053.59 1726.111 30 2050.02 1433 -27.8549 2040.531 1433.122 13.2637 2043.319 1433.468 13.1625 2043.828 1433.988 13.0948 2044.168 1433 0 2041.4 1433 -8.5595 2034.281 1437.973 15.6205 2044.846 1433 -90.2077 2084.123 1433 -66.3384 2043.62 1433 -45.1071 2044.277 1433 -72.4902 2101.588 1433 -68.2697 2116.724 1433 -69.9949 2109.661 1749.945 -42 2152.343 1741.882 -27.8381 2156.042 1741.92 -31.8158 2154.935 1722.203 15.977 2161.057 1743.279 17.1478 2165.756 1733.042 21.4492 2165.466 1733.042 28.4 2165.466 1724.529 29 2163.472 1667.852 33.2873 2159.395 1650.468 34.1815 2156.398 1680.423 28.9482 2167.152 1707.576 29.3995 2162.247 1693.944 29.5314 2163.766 1693.857 28.4 2163.306 1578.071 41.2686 2157.33 1446.546 29.8928 2168.141 1469.665 28.5932 2167.998 1470.925 28.5149 2167.98 1576.607 37.2154 2159.687 1471.249 28.295 2168.023 1471.537 25.3896 2168.671 1474.779 11.7849 2170.679 1471.537 20.0503 2169.684 1472.702 12.9548 2170.627 1475.396 7.9983 2170.973 1472.403 1.5255 2171.337 1446.609 -12.2471 2171.127 1433.988 13.0948 2175.832 1433 0 2178.6 1434.6 19.4491 2174.115 1433 -48.5216 2168.756 1433 -32.5728 2181.214 1433 -1.1481 2201.228 1433 -61.2947 2155.272 1433 -63.3781 2136.252 1750 29.0123 2051.878 1733.007 29.0123 2054.418 1724.432 28.4 2056.665 1784.928 29.0123 2063.543 1789.694 28.4 2067.711 1795.059 18.8914 2075.443 1796.025 21.0912 2074.706 1800.144 2.1098 2090.235 1800.829 16.195 2086.213 1797.255 -12.7892 2091.374 1788.511 -42 2092.397 1438.643 23.1683 2047.133 1433.988 25.6864 2047.988 1433.988 31.641 2050.804 1434.6 47.3762 2062.624 1433.988 47.4623 2062.538 1439.465 58.5359 2077.463 1446.547 57.2342 2079.81 1462.984 55.4349 2076.764 1464.109 56.7833 2079.549 1517.355 55.3267 2086.082 1493.786 57.0365 2085.786 1585.416 40.8498 2062.762 1581.033 43.269 2066.159 1656.505 42.4754 2065.335 1620.023 36.6705 2063.087 1647.802 35.6724 2064.306 1661.672 43.9674 2063.356 1680.424 28.9493 2052.848 1700.902 29.8782 2056.717 1687.032 24.0042 2055.101 1680.424 28.9493 2052.848 1707.612 29.9302 2056.971 1709.745 30 2055.802 1724.46 29.8787 2055.616 1739.331 30 2051.363 1723.499 30 2050.384 1728.91 30 2051.4 1433 -26.6233 2038.601 1433 13.3832 2042.718 1433 -0.7061 2040.472 1433 -10.1143 2032.346 1433.988 19.4844 2045.768 1434.6 19.4491 2045.885 1433 -83.7789 2088.015 1433 -60.321 2047.163 1433 -48.0268 2043.869 1433 -71.8167 2106.659 1433.468 -64.5635 2129.585 1433.122 -66.6813 2123.263 1433 -67.2819 2123.383 1433 -69.4607 2113.132 1755.328 -27.5113 2156.632 1741.691 -23.8714 2157.12 1741.922 -31.8115 2154.936 1745.038 19.5067 2166.631 1724.429 21.3704 2163.332 1739.907 21.6263 2167.115 1733.007 29.0123 2165.582 1733.042 21.4492 2165.466 1672.333 44.5042 2161.39 1667.118 36.8153 2159.068 1660.945 34.5141 2157.177 1653.385 36.4225 2155.666 1620.024 36.6973 2156.899 1677.272 44.5 2164.31 1700.85 29.5314 2162.767 1687.15 29.5314 2165.353 1687.056 29.0123 2165.019 1692.167 24.2545 2163.643 1446.555 45.3755 2155.484 1469.278 28.5153 2168.028 1585.178 37.9476 2158.919 1471.612 25.0102 2168.749 1474.779 11.5386 2170.703 1471.537 20.5981 2169.594 1469.281 17.4834 2170.159 1469.628 -2.3297 2171.365 1462.637 -9.0456 2171.298 1433.468 13.1625 2176.172 1433.122 6.664 2177.66 1433 6.724 2178.27 1438.64 23.1413 2172.877 1433 -48.8334 2171.218 1433 -34.3639 2181.925 1433 -2.1213 2201.879 1433 -62.1929 2157.586 1433.122 -65.0602 2129.736 1433 -64.9787 2140.766 1750 28.4 2052 1762.468 29.5314 2052.876 1733.042 28.4 2054.534 1768.522 29.5314 2054.543 1724.432 21.3754 2056.665 1774.362 29.5314 2056.849 1779.922 29.5314 2059.768 1785.136 29.5314 2063.267 1794.349 28.4 2072.622 1798.546 18.7573 2080.564 1793.666 -27.5113 2092.789 1433.468 37.4836 2053.902 1433.468 42.8016 2057.846 1434.6 51.7917 2067.496 1433.468 47.7075 2062.292 1442.351 57.833 2079.657 1470.18 58.1679 2085.595 1524.909 51.1235 2073.522 1585.354 42.6664 2065.637 1585.258 37.9016 2061.073 1583.193 42.9677 2065.898 1658.672 45.217 2064.692 1652.005 40.3412 2066.306 1653.976 43.0335 2066.444 1647.802 35.6724 2064.306 1649.909 37.847 2065.572 1680.624 29.4236 2052.631 1680.351 28.4 2052.925 1684.558 23.8827 2054.369 1687.15 29.5314 2054.647 1680.449 29.0086 2052.821 1680.351 28.4 2052.925 1694.04 29.8782 2055.724 1707.703 30 2056.506 1724.492 29.8272 2055.719 1741.281 29.8782 2051.66 1724.053 30 2047.673 1732.575 30 2053.004 1433 -28.6 2037.1 1433.122 19.7358 2044.94 1433 19.9135 2044.354 1433 13.0863 2040.624 1433.468 19.5851 2045.436 1433 2.7812 2040.059 1433 -8.9723 2030.794 1433 -85.414 2091.123 1433 -58.0056 2044.523 1433 -45.8521 2040.846 1433 -74.6486 2104.583 1433 -72.3719 2119.375 1433 -70.2954 2116.543 1755.977 -42 2151.919 1747.901 -12.7892 2160.75 1744.802 17.1533 2165.939 1739.065 29.0123 2167.084 1724.529 29 2163.472 1724.432 21.3754 2163.335 1658.599 37.2651 2156.344 1651.625 37.2222 2155.066 1585.298 38.6386 2158.504 1647.802 35.6724 2155.694 1680.623 29.4229 2167.369 1672.555 44.5 2161.49 1707.568 29.5618 2162.423 1694.04 29.8782 2164.276 1687.289 29.8782 2165.853 1687.024 28.4 2164.901 1442.049 39.9798 2161.727 1512.313 51.1785 2147.739 1468.954 28.2961 2168.09 1580.933 37.5585 2159.307 1585.337 40.8706 2157.228 1472.537 24.3896 2168.849 1474.779 11.046 2170.75 1471.556 20.6932 2169.577 1472.378 12.7379 2170.662 1472.108 1.5699 2171.346 1462.378 -8.8968 2171.315 1433.988 19.4844 2174.231 1433 1.1481 2201.228 1433 0 2201 1434.6 25.6398 2171.9 1433 -50.7435 2171.475 1433 -33.2578 2184.658 1433 -17.8939 2191.022 1433 -64.1084 2157.373 1433 -65.6461 2129.914 1433 -67.9541 2136.605 1756.27 29.5314 2051.869 1789.945 29.5314 2067.304 1789.708 29.0123 2067.557 1794.031 29.0123 2072.06 1799.595 20.9629 2079.926 1798.4 28.4 2078.04 1802.328 2.1098 2097.082 1804.253 15.908 2095.799 1801.454 18.614 2086.036 1799.312 -12.7892 2097.826 1790.625 -42 2098.062 1433.468 31.8045 2050.498 1433.468 25.8191 2047.667 1433.988 51.8858 2067.418 1439.012 52.8613 2068.833 1433.468 52.154 2067.198 1439.352 59.496 2079.19 1443.357 60.8999 2094.769 1446.56 58.0651 2083.581 1517.302 57.3768 2097.979 1540.873 53.0936 2086.477 1493.752 59.1847 2097.825 1585.431 42.6607 2065.641 1585.344 42.6678 2065.638 1655.725 45.7754 2066.004 1620.091 38.2383 2064.228 1681.259 44.5 2051.908 1680.351 27.6453 2052.925 1701.02 30 2056.114 1681.424 24.9823 2053.317 1680.524 29.1865 2052.739 1680.473 29.0679 2052.793 1680.351 27.6453 2052.925 1694.392 30 2055.166 1708.057 30 2053.176 1724.554 29.7242 2055.927 1732.905 29.5314 2054.086 1741.056 30 2051.152 1722.943 30 2047.312 1732.025 30 2051.604 1433 -27.8674 2035.317 1433 16.1351 2042.367 1433 10.9365 2037.848 1433 -11.3584 2029.062 1433 -92.0679 2091.819 1433 -60.507 2038.265 1433 -51.352 2042.74 1433 -75.8438 2102.63 1433 -70.4916 2124.133 1762.635 -27.5113 2155.203 1755.765 -12.7892 2160.465 1741.312 -15.9379 2159.275 1744.992 17.1539 2165.963 1746.2 21.6469 2167.876 1739.617 28.4 2167.063 1732.905 29.5314 2165.914 1724.599 29.3995 2163.724 1670.855 44.7732 2160.732 1666.055 39.2922 2158.595 1656.287 38.853 2155.458 1654.124 39.7722 2154.579 1585.337 39.3757 2158.082 1585.278 38.2701 2158.715 1647.118 35.927 2155.489 1681.259 44.5 2168.092 1672.333 24.3979 2161.39 1707.56 29.7242 2162.599 1700.902 29.8782 2163.283 1680.915 29.7716 2167.694 1680.623 29.4229 2167.369 1680.423 28.9482 2167.152 1687.032 24.0042 2164.899 1442.059 45.8682 2156.015 1443.113 33.4806 2166.793 1581.746 42.1728 2156.024 1446.554 50.8372 2149.409 1468.74 27.9727 2168.173 1583.096 37.73 2159.117 1585.416 40.8498 2157.238 1471.826 24.6859 2168.81 1471.574 20.7882 2169.56 1462.935 11.046 2171.101 1471.838 1.6998 2171.352 1446.613 -8.5715 2171.389 1433.468 19.5851 2174.563 1433.122 13.2637 2176.681 1433 15.5065 2186.759 1440.166 30.2771 2169.769 1433 -50.3313 2174.394 1433 -36.9633 2184.286 1433 -15.7 2203.133 1433 -64.4147 2160.305 1433 -66.6244 2133.355 1433 -68.45401 2140.262 1768.686 29.8782 2054.05 1750 29.0123 2051.878 1762.579 29.8782 2052.369 1774.579 29.8782 2056.377 1780.187 29.8782 2059.322 1785.448 29.8782 2062.852 1790.3 29.8782 2066.925 1797.846 29.0123 2077.001 1802.562 20.8267 2085.479 1803.747 18.4633 2091.792 1795.567 -27.5113 2098.75 1433.122 37.7719 2053.47 1433.122 43.1309 2057.445 1433.122 48.0746 2061.926 1434.6 55.7085 2072.777 1433.122 52.5552 2066.869 1440.794 61.8596 2094.626 1446.599 60.5578 2094.894 1446.566 58.4805 2085.466 1540.798 54.9945 2098.183 1540.951 50.1543 2075.018 1470.161 60.3701 2097.725 1643.736 39.1999 2067.674 1638.404 43.7678 2073.039 1639.041 46.229 2073.444 1647.035 35.952 2064.54 1669.104 46.5 2060.192 1680.916 29.7721 2052.305 1680.626 26.195 2053.027 1682.608 24.1931 2053.731 1680.624 29.4236 2052.631 1687.289 29.8782 2054.147 1687.866 30 2053.671 1741.358 29.5314 2052.174 1741.2 30 2051.134 1723.049 30 2044.717 1734.981 30 2050.601 1433 -30.6016 2034.215 1433.122 26.0178 2047.187 1433 26.2521 2046.622 1433 19.6187 2042.81 1433 5.845 2038.343 1433 -8.019101 2027.414 1433 -85.7353 2094.62 1433 -54.8561 2042.97 1433 -45.2273 2037.39 1433 -78.0596 2103.748 1433 -73.7418 2122.803 1433 -67.9977 2126.605 1761.886 -42 2150.641 1747.773 2.1098 2163.853 1741.161 -11.9534 2160.129 1745.182 17.1546 2165.986 1749.995 19.5124 2166.848 1745.25 29.0123 2167.927 1739 29.5314 2167.425 1670.157 45.0993 2160.421 1664.601 41.4415 2157.948 1659.079 41.3961 2155.79 1649.908 37.8453 2154.425 1585.268 38.0858 2158.821 1620.092 38.2536 2155.758 1680.915 29.7716 2167.694 1672.333 44.5042 2161.39 1687.866 30 2166.329 1694.392 30 2164.833 1681.259 29.9653 2168.092 1680.351 28.4 2167.075 1684.558 23.8827 2165.631 1439.351 41.0111 2162.982 1442.057 51.3552 2149.916 1440.459 34.1575 2167.639 1446.524 33.2284 2166.491 1550.78 47.4873 2150.181 1495.871 53.0816 2145.678 1468.665 27.5933 2168.264 1584.177 37.8158 2159.021 1585.258 37.9016 2158.926 1585.354 42.6664 2154.363 1472.151 24.4669 2168.845 1471.612 20.9784 2169.526 1468.957 17.7012 2170.136 1472.162 12.4141 2170.702 1446.617 0.7004 2171.808 1462.175 -8.6783 2171.335 1433.988 25.6864 2172.012 1433 13.3832 2177.282 1433 15.3686 2183.25 1433 2.1213 2201.879 1434.6 31.5836 2169.089 1433 -53.8368 2173.137 1433 -32.5728 2188.102 1433 -2.7716 2202.852 1433 -18.1236 2202.079 1433 -67.512 2158.238 1433 -66.6397 2129.843 1433 -70.4263 2139.099 1750 29.5314 2051.531 1756.326 29.8782 2051.352 1794.687 29.8782 2071.495 1794.294 29.5314 2071.834 1798.131 29.5314 2076.804 1801.793 28.4 2083.894 1801.109 29.0123 2082.322 1805.53 15.7137 2102.332 1803.531 2.1098 2103.718 1805.398 18.3069 2097.764 1804.921 20.6827 2091.362 1800.447 -12.7892 2104.08 1791.911 -42 2103.969 1433.122 32.0492 2050.04 1433.468 56.0981 2072.516 1439.578 57.5757 2075.736 1433.988 55.8097 2072.709 1433.122 56.5297 2072.228 1438.869 63.4287 2094.387 1446.609 61.9127 2110 1443.357 62.2653 2110 1446.57 58.6882 2086.409 1488.877 60.4162 2110 1531.026 56.9126 2110 1587.669 49.2252 2098.669 1587.798 47.7306 2087.432 1533.533 49.9114 2072.288 1446.599 60.5578 2094.894 1620.119 39.4346 2065.755 1637.498 41.633 2071.921 1644.735 36.7908 2065.242 1646.268 36.2316 2064.774 1639.041 46.229 2073.444 1681.259 29.9653 2051.908 1698.988 30 2035.853 1683.987 23.8969 2054.187 1680.697 29.5108 2052.55 1680.916 29.7721 2052.305 1689.719 30 2043.17 1707.501 30 2050.105 1724.577 29.5618 2056.101 1733.007 29.0123 2054.418 1741.487 30 2051.099 1721.255 30 2044.687 1739.331 30 2051.363 1433 -27.7602 2031.807 1433 23.0066 2041.886 1433 8.019101 2035.586 1433 -13.7645 2026.505 1433 -93.2727 2099.644 1433 -54.2449 2033.42 1433 -79.3407 2102.308 1433 -75.374 2121.197 1763.673 -12.7892 2158.918 1769.701 -27.5113 2152.601 1741.01 -7.969 2160.984 1756.118 2.1098 2163.55 1745.563 17.156 2166.031 1746.324 17.1587 2166.123 1750 21.6484 2168 1746.333 28.4 2167.884 1733.042 28.4 2165.466 1724.554 29.7242 2164.073 1732.754 29.8782 2166.41 1669.564 45.6141 2160.157 1656.505 42.4754 2154.665 1652.005 40.3412 2153.694 1585.263 37.9937 2158.874 1646.435 36.1816 2155.283 1681.259 29.9653 2168.092 1707.586 29.8272 2162.813 1701.02 30 2163.886 1680.351 27.6453 2167.075 1681.426 24.9789 2166.682 1438.963 47.2957 2157.456 1439.012 52.8518 2151.177 1440.618 32.2181 2168.745 1446.546 29.8928 2168.141 1585.354 42.6664 2154.363 1568.067 45.0769 2152.272 1516.286 52.3355 2145.243 1498.968 54.3053 2143.083 1479.427 54.5129 2144.138 1442.513 56.3102 2143.333 1468.665 27.4555 2168.295 1585.166 37.8942 2158.935 1585.431 42.6607 2154.359 1471.827 21.3021 2169.461 1446.599 14.1458 2171.079 1472.085 12.0312 2170.744 1467.104 4.9347 2171.35 1446.618 -0.26 2171.86 1462.045 -8.4098 2171.357 1433.468 25.8191 2172.333 1433.122 19.7358 2175.06 1433 19.9135 2175.646 1433 16.9767 2189.948 1433 -50.4998 2177.902 1433 -40.2684 2185.473 1433 -13.7557 2204.966 1433 -20.8137 2192.973 1433 -65.4267 2163.668 1433 -71.8576 2141.127 1773.407 30 2055.189 1766.865 30 2052.836 1760.093 30 2051.261 1779.631 30 2058.288 1785.451 30 2062.09 1790.79 30 2066.545 1801.414 29.5314 2082.157 1804.48 28.4 2090.103 1806.628 20.5338 2097.461 1796.616 -27.5113 2104.529 1433 38.1121 2052.961 1433 32.3378 2049.5 1433 48.5075 2061.492 1433 53.0285 2066.481 1434.6 59.0887 2078.416 1438.275 62.7262 2086.454 1440.797 63.2296 2109.999 1446.573 58.896 2087.352 1587.955 45.4587 2076.416 1550.78 47.4873 2069.819 1446.6 60.7271 2096.782 1446.609 61.9127 2110 1641.667 37.9092 2066.178 1585.424 41.7552 2064.202 1636.416 40.0457 2070.207 1647.802 35.6724 2064.306 1643.201 37.35 2065.71 1630.682 46.4986 2077.188 1628.563 44.5595 2077.393 1644.735 36.7908 2065.242 1630.682 46.4986 2077.188 1708.164 30 2047.054 1680.77 29.5979 2052.468 1681.259 29.9653 2051.908 1681.088 29.8687 2052.107 1681.488 30 2051.639 1724.588 29.4807 2056.188 1750 29.8782 2051.012 1741.409 29.0123 2052.517 1724.564 29.1997 2056.402 1741.918 30 2051.046 1723.254 30 2041.602 1737.328 30 2048.543 1433 -33.555 2032.315 1433 28.0669 2042.637 1433 10.0128 2034.46 1433 -5.845 2024.656 1433 -84.6939 2097.973 1433 -47.5968 2029.12 1433 -81.5304 2104.282 1433 -77.2534 2122.818 1767.554 -42 2148.533 1740.708 0 2162.694 1752.336 17.1609 2166.198 1749.995 17.1621 2166.245 1752.496 21.6493 2167.946 1733.042 21.4492 2165.466 1745.222 29.5314 2168.273 1750 28.4 2168 1723.184 29.7071 2162.3 1738.903 29.8782 2167.934 1661.672 43.9674 2156.644 1653.977 43.0338 2153.553 1643.736 39.1999 2152.326 1620.119 39.4403 2154.236 1585.262 37.9706 2158.887 1645.067 36.6908 2154.873 1707.599 29.8787 2162.921 1681.488 30 2168.361 1689.719 30 2176.83 1707.612 29.9302 2163.028 1698.988 30 2184.147 1680.634 26.1896 2166.969 1682.608 24.1965 2166.27 1439.578 57.5757 2144.264 1442.926 29.9849 2168.573 1576.711 43.8716 2153.318 1481.581 55.8073 2141.433 1446.54 55.86 2142.994 1468.665 27.3178 2168.325 1472.537 21.5981 2169.386 1468.741 18.0254 2170.094 1462.55 10.9692 2171.118 1472.085 11.046 2170.839 1446.614 2.6212 2171.704 1466.128 -3.7309 2171.444 1462 -8.113801 2171.378 1433.988 31.641 2169.196 1433 18.9678 2177.377 1433 16.5841 2179.956 1433 15.6995 2203.132 1434.6 37.2232 2165.708 1433 -57.3308 2173.489 1433 -40.6099 2194.604 1433 -11.0326 2207.654 1433 -25.8206 2200.224 1433 -70.9873 2157.734 1433 -73.6647 2140.457 1753.184 30 2050.485 1798.559 29.8782 2076.51 1795.572 30 2071.59 1801.87 29.8782 2081.91 1803.782 29.0123 2087.963 1804.103 29.5314 2087.832 1806.387 18.1468 2103.88 1806.024 15.4857 2110 1803.899 2.1098 2110.001 1807.655 20.3826 2103.673 1806.427 28.4 2096.583 1800.793 -12.7892 2110.001 1792.343 -42 2110.001 1433 43.5194 2056.971 1433.468 59.502 2078.196 1433.122 59.9598 2077.951 1439.352 59.496 2079.19 1433.988 59.1961 2078.359 1433 57.0388 2071.888 1437.792 65.0892 2094.113 1438.888 64.8073 2109.999 1443.371 60.8968 2125.231 1440.815 61.8479 2125.372 1517.301 57.377 2122.02 1614.996 46.6555 2110 1611.127 46.4541 2098.897 1611.286 45.1486 2087.883 1446.601 60.8118 2097.727 1446.604 61.2352 2102.447 1470.154 60.3704 2122.275 1635.272 39.1703 2068.074 1585.427 42.2079 2064.921 1627.777 42.9126 2076.391 1642.434 37.6296 2065.944 1709.943 30 2044.489 1724.599 29.3995 2056.276 1746.232 30 2050.519 1724.529 29 2056.528 1742.781 30 2050.941 1718.69 30 2042.908 1741.331 30 2046.022 1433 -26.3179 2028.606 1433 25.7833 2039.736 1433 29.4811 2045.851 1433 8.9723 2032.206 1433 -15.6995 2016.868 1433 -84.5325 2106.104 1433 -43.3276 2034.437 1433 -82.4485 2100.673 1433 -78.8448 2121.731 1771.32 -12.7892 2156.102 1764.509 2.1098 2161.909 1772.863 -42 2145.64 1740.471 8.5684 2164.041 1758.243 17.1437 2165.637 1746.324 17.1587 2166.123 1755.567 19.4676 2166.559 1751.489 29.0123 2168.103 1722.952 29.9239 2162.526 1723.34 29.3827 2162.149 1724.429 29.9302 2164.488 1732.575 30 2166.996 1658.672 45.217 2155.308 1655.725 45.7754 2153.996 1638.404 43.7678 2146.961 1637.498 41.633 2148.079 1645.067 36.6908 2154.873 1642.333 37.7092 2154.052 1585.262 37.9678 2158.889 1707.703 30 2163.494 1708.109 30 2172.817 1683.987 23.8969 2165.812 1440.166 30.2771 2169.769 1581.033 43.269 2153.841 1517.353 55.3271 2133.917 1493.782 57.0369 2134.213 1464.109 56.7833 2140.451 1462.984 55.4349 2143.236 1442.351 57.833 2140.343 1468.665 27.0424 2168.387 1635.272 39.1703 2151.926 1472.151 21.5204 2169.413 1468.665 18.4068 2170.038 1446.602 12.2251 2171.183 1464.737 6.5521 2171.348 1446.619 -1.2204 2171.913 1462 -7.0872 2171.437 1433.988 37.2909 2165.81 1433.468 31.8045 2169.502 1433.122 26.0178 2172.812 1433 22.1568 2175.906 1433 2.7716 2202.852 1433 19.5553 2192.332 1439.351 41.0111 2162.982 1433 -60.507 2181.735 1433 -30.6218 2191.022 1433 -43.776 2185.304 1433 -3 2204 1433 -24.2578 2193.658 1433 -76.5464 2164.293 1433 -74.6713 2143.228 1780.718 30 2054.254 1767.664 30 2049.788 1764.625 30 2050.503 1758.89 30 2048.359 1784.053 30 2059.389 1786.921 30 2060.622 1795.285 30 2069.131 1804.583 29.8782 2087.634 1805.835 29.0123 2093.858 1806.024 15.4857 2110 1807.605 28.4 2103.246 1796.936 -27.5113 2110.001 1433 44.1245 2054.888 1433 35.2907 2049.552 1433 32.0178 2048.279 1433 52.2912 2060.66 1433 45.9984 2057.858 1433 60.4998 2077.662 1434.6 61.8999 2084.36 1433 55.7521 2060.065 1437.595 66.5205 2101.995 1446.599 60.5578 2125.105 1493.748 59.185 2122.174 1540.799 54.9945 2121.817 1587.674 49.2245 2121.33 1611.477 43.1866 2077.076 1585.354 42.6664 2065.637 1446.602 60.8965 2098.671 1446.604 61.2352 2117.553 1585.429 42.4343 2065.281 1626.868 41.7135 2074.953 1642.051 37.7694 2066.062 1642.243 37.6995 2066.003 1629.151 46.5 2077.865 1626.363 44.8665 2078.709 1710.751 30 2029.015 1750 30 2050.4 1724.457 28.7105 2056.629 1724.634 30 2038.803 1738.708 30 2045.744 1743.713 30 2048.039 1433 -33.3339 2022.274 1433 27.9902 2039.125 1433 10.456 2030.976 1433 -13.7557 2015.034 1433 -16.9663 2025.062 1433 -93.8137 2107.543 1433 -40.4423 2032.435 1433 -80.4918 2124.176 1776.25 -27.5113 2148.909 1758.802 21.6345 2167.326 1753.098 28.4 2167.917 1751.499 29.5314 2168.449 1745.179 29.8782 2168.79 1720.782 29.9239 2160.817 1720.946 29.7071 2160.537 1724.529 29 2163.472 1739.331 30 2168.637 1639.041 46.229 2146.556 1636.416 40.0457 2149.793 1647.802 35.6724 2155.694 1709.456 30 2161.789 1708.109 30 2166.694 1707.5 30 2169.756 1709.843 30 2175.413 1440.809 15.2465 2172.27 1583.193 42.9677 2154.102 1524.909 51.1235 2146.478 1470.174 58.1683 2134.403 1446.547 57.2342 2140.19 1446.547 57.2342 2140.19 1439.352 59.496 2140.81 1465.122 24.3116 2169.079 1446.577 21.992 2169.885 1462.226 10.752 2171.146 1446.609 6.4627 2171.496 1462.628 -5.1322 2171.523 1462 -6.5738 2171.467 1433 26.2521 2173.378 1433 13.7557 2204.966 1433 18.1236 2202.079 1434.6 42.5043 2161.791 1433.988 42.5816 2161.885 1433 -54.2449 2186.58 1433 -60.6934 2172.477 1433 -33.3339 2197.726 1433 -47.5968 2190.88 1433 -7.7967 2209.696 1433 -27.702 2192.973 1433 -74.0052 2155.938 1433 -71.6975 2170.552 1433 -77.1763 2140.472 1780.759 30 2051.133 1781.875 30 2057.154 1770.197 30 2047.963 1761.544 30 2050.001 1757.066 30 2045.825 1790.042 30 2060.662 1799.736 30 2077.159 1793.713 30 2066.435 1797.77 30 2071.02 1803.222 30 2083.174 1806.168 29.5314 2093.761 1806.667 29.8782 2093.617 1806.84 18.3099 2110 1803.531 2.1098 2116.289 1808 28.4 2110 1807.244 29.0123 2099.938 1800.446 -12.7892 2115.926 1796.615 -27.5113 2115.476 1433 43.5298 2051.427 1433 38.8015 2049.475 1433 48.8661 2059.885 1433.122 62.8125 2083.982 1433.468 62.3329 2084.181 1438.275 62.7262 2086.454 1433.988 62.0125 2084.313 1433 58.7219 2058.191 1433 80.8504 2062.353 1437.591 67 2109.999 1438.892 63.4025 2125.608 1442.351 57.833 2140.343 1446.547 57.2342 2140.19 1611.135 46.4533 2121.102 1616.453 45.7704 2097.594 1618.39 43.3912 2081.465 1585.431 42.6607 2065.641 1446.602 60.8965 2121.329 1625.918 41.0745 2073.214 1585.43 42.5475 2065.461 1625.263 43.3342 2077.878 1630.616 46.5014 2077.218 1626.995 46.5 2079.15 1712.568 30 2042.801 1733.042 28.4 2054.534 1715.64 30 2042.246 1739.902 30 2043.247 1746.232 30 2050.519 1433 -37.0106 2031.69 1433 -25.8206 2019.776 1433 27.5258 2036.687 1433 8.5595 2028.719 1433 -2.7716 2017.148 1433 -18.1236 2017.921 1433 -86.6089 2108.936 1433 -40.6099 2025.396 1433 -82.2557 2120.896 1772.623 2.1098 2158.921 1778.407 -12.7892 2152.107 1764.138 17.1073 2164.434 1777.706 -42 2142.02 1740.233 17.1368 2165.389 1761.084 19.4461 2165.739 1757.712 29.0123 2167.608 1722.826 30 2162.949 1720.954 30 2161.374 1721.057 29.3827 2160.351 1724.259 30 2164.931 1735.101 30 2169.469 1669.104 46.5 2159.808 1630.616 46.5014 2142.782 1628.563 44.5595 2142.607 1627.777 42.9126 2143.609 1709.843 30 2164.099 1709.047 29.9239 2161.622 1710.766 30 2190.994 1438.885 15.4391 2173.83 1443.368 15.1325 2171.316 1585.345 42.6677 2154.362 1540.873 53.0937 2133.522 1446.56 58.0651 2136.419 1446.54 55.86 2142.994 1446.562 25.9424 2169.013 1468.665 26.4914 2168.51 1465.124 21.6751 2169.588 1446.603 11.2647 2171.235 1462.37 8.1696 2171.347 1462.372 -5.2826 2171.523 1462 -6.0605 2171.496 1433.468 37.4836 2166.098 1433.122 32.0492 2169.959 1433 32.3378 2170.5 1433 25.6657 2175.769 1433 11.0326 2207.654 1433 22.8499 2193.547 1438.963 47.2957 2157.456 1433 -49.3132 2181.207 1433 -66.3384 2176.38 1433 -46.9521 2183.806 1433 -2.7716 2205.148 1433 -80.8504 2157.647 1433 -65.0749 2167.162 1433 -76.4668 2146.246 1771.839 30 2045.309 1752.572 30 2047.303 1793.292 30 2063.342 1805.983 30 2089.554 1807.586 29.5314 2099.878 1808 20.2295 2110 1805.53 15.7137 2117.667 1807.993 29.0123 2106.135 1791.911 -42 2116.031 1433 63.3781 2083.748 1434.6 64.11501 2090.551 1433 75.6098 2084.756 1437.595 66.51801 2118.02 1439.352 59.496 2140.81 1587.803 47.7301 2132.567 1616.453 45.7704 2122.406 1617.516 44.108 2085.191 1620.122 42.5974 2078.108 1446.601 60.8118 2122.273 1446.599 60.5578 2125.105 1585.43 42.6041 2065.551 1623.974 42.2746 2076.675 1624.552 45.2333 2080.555 1724.432 28.4 2056.665 1738.913 30 2042.629 1746.686 30 2048.991 1433 -23.7601 2026.199 1433 29.263 2035.853 1433 12.1985 2027.927 1433 -11.0326 2012.346 1433 -2.7812 2022.941 1433 -20.4763 2024.955 1433 -93.87801 2110 1433 -82.96401 2126.67 1769.947 17.0518 2162.572 1782.047 -27.5113 2144.291 1765.007 21.6027 2166.025 1759.822 28.4 2167.162 1757.758 29.5314 2167.952 1751.512 29.8782 2168.968 1746.232 30 2169.481 1718.757 30 2160.301 1718.238 29.9239 2159.74 1718.323 29.7071 2159.427 1729.046 30 2168.565 1732.164 30 2168.415 1737.412 30 2171.568 1669.564 45.6141 2160.157 1630.682 46.4986 2142.812 1626.868 41.7135 2145.047 1625.918 41.0745 2146.786 1712.438 30 2162.365 1711.011 29.9239 2160.394 1707.56 29.7242 2162.599 1712.438 30 2177.147 1704.88 30.093 2187.871 1438.64 23.1413 2172.877 1438.907 0.1065 2174.8 1440.832 0.1047 2173.228 1540.951 50.1547 2144.98 1446.566 58.4805 2134.533 1446.548 29.8928 2168.141 1464.798 24.0928 2169.132 1465.509 24.3896 2169.052 1468.665 19.5024 2169.86 1464.799 21.8936 2169.557 1443.39 0.1036 2172.269 1462.01 10.4279 2171.18 1462.05 8.5285 2171.33 1462.171 -5.5006 2171.518 1462.044 -5.7677 2171.509 1433 33.0152 2173.865 1433 28.9603 2176.984 1433 3 2204 1433 25.8206 2200.224 1433.988 47.4623 2157.462 1434.6 47.3762 2157.376 1433.468 42.8016 2162.154 1433 -63.4128 2170.255 1433 -2.1213 2206.121 1433 -76.1063 2153.124 1433 -80.4265 2139.143 1781.991 30 2048.265 1754.589 30 2044.92 1749.797 30 2048.732 1792.941 30 2059.506 1800.789 30 2071.815 1803.827 30 2081.3 1805.781 30 2083.735 1808.097 29.8782 2099.789 1807.984 30 2096.213 1807.244 29.0123 2099.938 1806.449 18.1306 2115.503 1802.325 2.1098 2122.929 1807.652 20.3832 2116.349 1808.073 29.0123 2112.377 1799.31 -12.7892 2122.185 1795.565 -27.5113 2121.259 1433 42.0157 2048.061 1433.122 65.0602 2090.264 1433.468 64.5635 2090.415 1433 72.2846 2085.885 1437.792 65.0892 2094.113 1433.988 64.2316 2090.516 1433 76.5464 2055.707 1433 84.5789 2069.337 1437.794 65.082 2125.916 1437.591 67 2110.001 1438.276 62.7201 2133.562 1611.293 45.148 2132.115 1617 46.5 2113.867 1618.883 46.0867 2097.859 1621.688 42.9422 2079.127 1622.683 41.7931 2075.282 1620.104 43.612 2082.082 1446.6 60.7271 2123.218 1446.573 58.896 2132.648 1585.431 42.6324 2065.596 1623.237 43.8487 2079.986 1625.208 46.5 2080.892 1723.32 30 2024.057 1739.643 30 2040.136 1433 27.9689 2033.204 1433 6.8437 2025.655 1433 -3 2016 1433 -2.1213 2018.121 1433 -87.4436 2112.347 1433 -85.0877 2118.82 1780.144 2.1098 2154.681 1775.592 16.9772 2160.054 1784.681 -12.7892 2147.11 1766.495 19.4105 2164.381 1781.984 -42 2137.748 1763.846 29.0123 2166.448 1743.836 30 2171.894 1721.157 30 2164.099 1718.562 30 2162.365 1718.38 29.3827 2159.218 1726.222 30 2169.896 1741.419 30 2173.869 1629.151 46.5 2142.134 1625.304 43.3799 2142.086 1711.571 30 2160.56 1710.871 29.7071 2160.101 1708.846 29.7071 2161.367 1715.5 30 2177.756 1437.973 15.6321 2175.151 1437.674 7.9076 2176.531 1446.546 29.8928 2168.141 1533.533 49.9114 2147.712 1464.584 23.7691 2169.202 1468.665 25.3896 2168.756 1465.509 21.5981 2169.592 1464.584 22.2178 2169.502 1446.619 -1.2204 2171.913 1446.604 10.3043 2171.287 1433.122 37.7719 2166.53 1433 34.7043 2170.787 1433 7.7967 2209.696 1433 26.3588 2193.409 1434.6 51.7917 2152.504 1433 0 2210 1433 -84.5789 2150.663 1433 -87.7055 2143.388 1772.341 30 2042.229 1756.351 30 2042.787 1794.087 30 2060.323 1803.294 30 2075.201 1802.954 30 2078.303 1808.518 30 2085.236 1809.049 30 2092.056 1808.339 29.5314 2106.112 1808.857 29.8782 2106.078 1805.649 18.2751 2121.021 1804.253 15.908 2124.201 1807.605 28.4 2116.754 1808.42 29.5314 2112.391 1790.625 -42 2121.939 1433 44.3048 2048.002 1433 65.6461 2090.086 1433 69.6444 2088.2 1434.6 65.7126 2096.929 1433 60.7487 2055.323 1433 79.11401 2084.986 1587.96 45.4585 2143.583 1617.516 44.108 2134.809 1618.899 46.0903 2122.157 1617 46.8386 2110 1620.551 44.6217 2085.423 1617 46.5 2106.133 1585.431 42.6465 2065.619 1623.243 45.6122 2082.827 1623.854 46.5 2082.996 1726.981 30 2036.745 1737.909 30 2039.673 1433 31.6913 2033.316 1433 14.9751 2025.777 1433 -7.7967 2010.304 1433 -1.1481 2018.772 1433 -93.8137 2112.456 1433 -92.0679 2128.181 1771.746 19.3612 2162.498 1786.926 -27.5113 2138.973 1770.993 21.5545 2164.069 1766.412 28.4 2165.629 1763.928 29.5314 2166.785 1757.827 29.8782 2168.466 1753.184 30 2169.515 1746.825 30 2170.995 1722.891 30 2166.694 1716.364 30 2159.793 1715.5 29.9239 2159.373 1715.5 29.7071 2159.049 1721.01 29 2160.235 1738.743 30 2174.392 1626.412 44.9554 2141.26 1623.996 42.2874 2143.303 1713.92 30 2159.881 1713.198 29.9239 2159.631 1713.126 29.7071 2159.315 1707.576 29.3995 2162.247 1724.55 30 2181.085 1437.592 0.03579998 2177 1438.888 -15.3192 2173.845 1440.815 -15.1287 2172.284 1550.78 47.4873 2150.181 1446.57 23.9672 2169.449 1468.591 25.0112 2168.839 1468.665 20.0503 2169.77 1464.509 22.5981 2169.433 1443.376 -15.0161 2171.332 1461.935 10.046 2171.214 1461.935 8.995201 2171.298 1433 38.1121 2167.039 1433 37.4429 2168.589 1433 32.6329 2177.356 1433 2.7716 2205.148 1433 33.3339 2197.726 1433.988 51.8858 2152.582 1433.468 47.7075 2157.708 1439.012 52.8518 2151.177 1433.122 43.1309 2162.555 1433 -1.1481 2206.771 1433 -76.9707 2149.721 1433 -82.9204 2136.67 1784.227 30 2046.087 1755.54 30 2041.947 1795.177 30 2057.328 1803.882 30 2071.394 1810.129 30 2089.127 1809.194 30 2103.059 1809.171 30 2095.175 1800.138 2.1098 2129.781 1806.618 20.5351 2122.592 1807.483 29.0123 2118.591 1807.826 29.5314 2118.642 1797.249 -12.7892 2128.641 1793.66 -27.5113 2127.225 1433 44.444 2045.524 1433.122 66.6813 2096.736 1433.468 66.1722 2096.837 1433 67.2819 2096.617 1437.595 66.5205 2101.995 1433.988 65.8321 2096.905 1433 71.6975 2049.448 1433 87.7055 2076.612 1611.485 43.1862 2142.922 1618.39 43.3912 2138.535 1618.673 46.5 2119.007 1617.516 44.108 2134.809 1620.345 46.5 2095.853 1614.996 46.6555 2110 1618.673 46.5 2100.993 1621.8 44.3721 2082.553 1585.431 42.6536 2065.63 1729.937 30 2035.741 1740.595 30 2037.164 1433 27.0453 2029.816 1433 15.7 2016.867 1433 -2.7716 2014.852 1433 0.7061 2022.528 1433 -86.9094 2115.818 1433 -84.2937 2129.92 1433 -93.2727 2120.355 1786.802 2.1098 2149.379 1780.994 16.8834 2156.89 1776.786 19.2986 2160.108 1789.961 -12.7892 2141.354 1785.61 -42 2132.909 1769.819 29.0123 2164.638 1749.931 30 2171.308 1769.819 29.0123 2164.638 1715.5 30 2161.756 1715.5 29.3827 2158.832 1721.081 29 2160.3 1723.5 30 2169.756 1739.942 30 2176.619 1624.611 45.3151 2139.425 1629.151 46.5 2142.134 1623.286 43.8891 2139.989 1622.683 41.7931 2144.718 1710.777 29.3827 2159.906 1713.078 29.3827 2159.104 1708.711 29.3827 2161.198 1718.562 30 2177.147 1723.307 30 2195.939 1437.672 -7.8096 2176.545 1464.509 23.3896 2169.28 1468.377 24.6879 2168.912 1468.665 20.3242 2169.726 1446.606 -15.9227 2170.865 1433 31.539 2179.368 1433 2.1213 2206.121 1433 29.5479 2191.939 1434.6 55.7085 2147.223 1433 0 2207 1433 -90.2077 2135.877 1771.626 30 2039.19 1756.852 30 2039.706 1795.976 30 2057.838 1804.795 30 2072.464 1811.621 30 2085.576 1810.478 30 2098.01 1808.938 29.8782 2112.412 1809.6 30 2110 1804.311 18.4169 2126.435 1800.829 16.195 2133.787 1806.427 28.4 2123.417 1808.34 29.8782 2118.719 1788.51 -42 2127.604 1433 46.3316 2045.135 1433 68.0913 2091.35 1433 67.8616 2094.854 1434.6 66.6774 2103.433 1433.988 66.7986 2103.421 1433 61.5237 2051.899 1433 82.2634 2086.539 1585.431 42.6607 2154.359 1620.133 43.6201 2137.91 1620.345 46.5 2124.147 1620.551 44.6217 2134.577 1622.999 46.5 2085.361 1617 46.8386 2110 1621.775 45.5608 2085.392 1585.431 42.6541 2065.631 1622.693 46.2652 2085.369 1736.513 30 2021.041 1735.851 30 2037.326 1433 34.9056 2031.902 1433 13.7557 2015.034 1433 18.1236 2017.921 1433 -2.1213 2013.879 1433 0 2019 1786.07 16.7704 2153.092 1776.755 21.4901 2161.46 1790.8 -27.5113 2133.202 1772.779 28.4 2163.34 1769.937 29.5314 2164.964 1764.052 29.8782 2167.29 1760.093 30 2168.739 1752.68 30 2172.785 1715.5 30 2159.756 1716.451 29 2158.797 1723.228 29 2162.276 1724.124 30 2172.207 1738.893 30 2177.51 1626.995 46.5 2140.85 1621.714 42.9525 2140.857 1707.688 29 2162.011 1723.218 30 2178.262 1726.861 30 2183.184 1437.97 -15.5339 2175.174 1440.15 -30.1998 2169.808 1442.921 -29.9057 2168.603 1585.354 42.6664 2154.363 1467.668 24.3896 2168.994 1468.665 20.4612 2169.703 1446.558 -29.8139 2168.17 1433 40.8143 2167.606 1433 43.5194 2163.029 1433 33.6156 2180.728 1433 31.9316 2189.36 1433.468 52.154 2152.802 1433.122 48.0746 2158.074 1433.988 55.8097 2147.291 1439.578 57.5757 2144.264 1433 1.1481 2206.771 1433 -84.2784 2133.432 1789.231 30 2029.004 1755.282 30 2038.837 1796.41 30 2054.459 1806.578 30 2069.822 1812.248 30 2086.835 1812.77 30 2100.128 1811.636 30 2106.874 1802.447 18.5545 2131.691 1796.853 2.1098 2136.644 1804.911 20.6836 2128.675 1806.566 29.5314 2124.793 1806.231 29.0123 2124.706 1807.068 29.8782 2124.925 1794.153 -12.7892 2135.109 1433 45.7168 2042.252 1433.122 67.6603 2103.336 1433.468 67.1438 2103.387 1433 68.9904 2098.179 1437.591 67 2110 1433 66.3384 2043.62 1433 90.2077 2084.123 1620.122 42.5974 2141.892 1622.387 46.0304 2085.376 1622.999 46.4997 2085.361 1733.052 30 2035.946 1742.612 30 2034.781 1433 33.3339 2022.274 1433 4.0859 2023.481 1433 18.3631 2024.854 1433 0 2010 1433 1.1481 2018.772 1792.404 2.1098 2143.271 1790.226 16.6548 2149.219 1781.567 19.2234 2157.235 1786.042 19.1362 2153.906 1782.212 21.4104 2158.232 1775.564 29.0123 2162.198 1758.993 30 2171.547 1757.125 30 2174.048 1715.5 29 2158.756 1722.891 30 2172.817 1739.629 30 2179.725 1625.208 46.5 2139.107 1623.307 45.687 2137.165 1621.855 44.4075 2137.433 1711.712 29 2159.428 1721.157 30 2175.413 1729.799 30 2184.239 1438.637 -23.0851 2172.897 1468.054 24.4686 2168.967 1468.665 20.5981 2169.681 1433 48.5075 2158.508 1433 33.0092 2182.557 1433 40.6099 2194.604 1434.6 59.0887 2141.583 1787.126 30 2044.93 1776.69 30 2024.06 1758.495 30 2037.052 1798.672 30 2056.266 1807.229 30 2070.51 1814.617 30 2084.703 1813.393 30 2104.294 1809.194 30 2116.941 1811 30 2109.93 1800.076 18.6867 2136.738 1797.727 16.367 2139.565 1804.48 28.4 2129.897 1807.984 30 2123.787 1433 49.3014 2043.261 1433 68.2697 2103.276 1434.6 67 2110 1433.988 67.1218 2110 1433.468 67.4686 2110 1433 60.929 2048.437 1433 84.5788 2089.179 1635.272 39.1703 2151.926 1622.999 46.5 2134.639 1433 40.6099 2025.396 1433 24.8954 2027.039 1433 2.7716 2017.148 1433 21.8466 2025.297 1433 -1.1481 2013.228 1790.169 19.038 2150.154 1778.835 28.4 2160.324 1775.717 29.5314 2162.509 1770.114 29.8782 2165.452 1766.865 30 2167.164 1761.675 30 2169.951 1754.656 30 2175.202 1723.069 30 2175.144 1737.838 30 2180.447 1623.854 46.5 2137.004 1713.089 29 2159.184 1736.524 30 2198.968 1468.59 20.9772 2169.617 1433 44.305 2167.988 1433 48.379 2160.585 1433 35.8136 2183.466 1433 38.8923 2185.155 1433.468 56.0981 2147.484 1433.122 52.5552 2153.131 1433 53.0285 2153.519 1433.988 59.1961 2141.641 1439.352 59.496 2140.81 1790.248 30 2044.971 1769.802 30 2036.657 1753.853 30 2036.062 1796.45 30 2051.339 1808.467 30 2067.337 1815.083 30 2085.528 1815.699 30 2101.209 1811.582 30 2112.997 1802.549 20.8273 2134.548 1805.139 29.8782 2130.959 1804.653 29.5314 2130.775 1804.329 29.0123 2130.651 1805.983 30 2130.446 1433 45.6402 2038.741 1433.122 67.9877 2110 1433 71.3057 2100.819 1434.6 66.6774 2116.567 1433 59.0551 2045.468 1433 92.0679 2091.819 1745.387 30 2033.352 1433 38.4164 2031.825 1433 25.8206 2019.776 1433 11.0326 2012.346 1433 2.1213 2018.121 1433 0 2013 1794.15 16.5203 2144.713 1793.907 18.9296 2146.015 1787.259 21.3169 2154.449 1784.5 28.4 2156.624 1781.015 29.0123 2159.155 1764.765 30 2169.503 1756.357 30 2177.073 1740.528 30 2182.714 1711.712 29 2159.428 1732.916 30 2184.089 1467.668 21.5981 2169.533 1433 47.485 2163.981 1433 50.5046 2157.79 1433 33.147 2186.066 1433 42.3831 2185.538 1434.6 61.8999 2135.64 1801.009 30 2035.851 1767.148 30 2035.014 1761.028 30 2035.228 1801.765 30 2055.845 1810.226 30 2069.637 1817.052 30 2082.749 1816.003 30 2102.582 1813.294 30 2115.607 1799.57 20.9639 2140.114 1797.22 18.8121 2141.529 1801.793 28.4 2136.105 1810.561 30 2121.878 1809.028 30 2127.806 1433 52.7623 2042.666 1433 68.6 2110 1433 72.8495 2105.696 1437.595 66.51801 2118.02 1433.468 67.1438 2116.613 1433.122 67.6603 2116.664 1433 60.507 2038.265 1433 85.7076 2092.504 1750.006 30 2020.02 1433 41.6892 2033.098 1433 3 2016 1433 1.1481 2013.228 1791.88 21.2102 2150.123 1775.945 29.8782 2162.975 1781.2 29.5314 2159.448 1773.407 30 2164.811 1767.79 30 2170.271 1755.555 30 2178.191 1735.739 30 2182.758 1468.376 21.3011 2169.566 1433 47.9585 2167.461 1433 47.5968 2190.88 1433.468 59.502 2141.804 1433.122 56.5297 2147.772 1433 53.5381 2156.021 1433.988 62.0125 2135.686 1438.276 62.7201 2133.562 1795.09 30.0935 2032.111 1793.116 30 2046.203 1763.472 30 2021.031 1751.47 30 2034.045 1809.293 30 2042.292 1809.262 30 2064.318 1818.202 30 2085.406 1818.818 30 2101.086 1812.89 30 2119.8 1803.222 30 2136.826 1802.573 29.8782 2136.751 1802.11 29.5314 2136.516 1801.801 29.0123 2136.358 1809.205 30 2124.689 1810.057 30 2130.753 1433 54.2449 2033.42 1433 70.5806 2108.376 1433 68.2697 2116.724 1433 74.4552 2102.372 1433.988 66.7986 2116.579 1434.6 65.7126 2123.071 1433 56.1874 2043.441 1433 85.4779 2096.008 1748.498 30 2033.093 1433 47.5968 2029.12 1433 7.7967 2010.304 1433 2.1213 2013.879 1796.011 21.0917 2145.312 1789.694 28.4 2152.289 1786.107 29.0123 2155.546 1773.615 30 2167.543 1772.408 30 2170.422 1756.805 30 2180.163 1742.503 30 2185.131 1468.053 21.5198 2169.536 1433 47.3838 2169.677 1433 45.7544 2184.555 1433 57.0388 2148.112 1433 57.0176 2155.547 1434.6 64.11501 2129.449 1795.294 30 2048.439 1764.067 30 2034.513 1804.784 30 2056.64 1813.329 30 2069.977 1818.553 30 2080.012 1819.07 30 2102 1815.874 30 2117.364 1798.4 28.4 2141.959 1805.889 30 2136.176 1798.676 29.0123 2141.761 1808.651 30 2134.723 1433 44.2259 2035.526 1433 69.51 2111.721 1433 75.9714 2104.088 1437.794 65.082 2125.916 1433.122 66.6813 2123.263 1433.468 66.1722 2123.163 1433 67.2819 2123.383 1433 93.2727 2099.644 1433 2.7716 2014.852 1794.349 28.4 2147.378 1781.477 29.8782 2159.887 1779.631 30 2161.712 1786.322 29.5314 2155.818 1775.832 30 2165.345 1770.291 30 2172.139 1755.242 30 2181.297 1745.253 30 2186.608 1433 49.7276 2170.494 1433 48.4931 2182.357 1433.468 62.3329 2135.819 1433.122 59.9598 2142.049 1433 60.4998 2142.338 1433 59.1337 2150.89 1433.988 64.2316 2129.484 1816.771 30 2049.654 1823.342 30 2057.837 1821.13 30 2086.486 1821.653 30 2099.78 1815.837 30 2118.77 1803.893 30 2138.576 1799.401 29.8782 2142.235 1798.966 29.5314 2141.951 1812.136 30 2133.082 1433 69.8008 2115.22 1433 77.9593 2102.602 1433.988 65.8321 2123.095 1433 71.4087 2118.342 1433 83.9248 2099.157 1790.783 29.0123 2151.411 1772.394 30 2173.543 1758.401 30 2182.845 1749.991 30 2199.98 1433 49.5818 2172.416 1433 54.2449 2186.58 1433 60.5659 2144.152 1433 59.1797 2147.379 1433 60.435 2154.152 1807.269 30 2058.529 1808.841 30 2061.225 1816.066 30 2071.478 1833.415 30 2076.208 1822.126 30 2102.636 1818.93 30 2118 1794.989 29.0123 2146.799 1802.967 30 2141.557 1799.736 30 2142.841 1795.257 29.5314 2147.018 1811.76 30 2134.437 1433 79.471 2103.797 1433.122 65.0602 2129.736 1433.468 64.5635 2129.585 1433 71.7268 2123.448 1433 85.4957 2107.137 1786.645 29.8782 2156.224 1785.451 30 2157.91 1778.721 30 2164.164 1791.027 29.5314 2151.658 1771.887 30 2174.822 1753.765 30 2184.047 1748.359 30 2186.921 1433 52.5228 2172.62 1433 50.1821 2179.278 1433.122 62.8125 2136.018 1433 63.0812 2141.702 1433 60.4135 2156.442 1828.915 30 2066.728 1818.893 30 2076.909 1823.422 30 2088.605 1823.772 30 2097.487 1818.954 30 2118.947 1795.659 29.8782 2147.347 1814.947 30 2134.437 1433 81.2846 2101.473 1433 65.6461 2129.914 1433 74.0889 2120.611 1433 68.8769 2125.5 1433 93.8137 2107.543 1433 82.8155 2104.868 1781.842 30 2164.177 1773.576 30 2176.432 1760.902 30 2184.713 1751.348 30 2186.021 1433 50.5644 2175.787 1433 60.507 2181.735 1433 63.3781 2136.252 1433 62.8853 2156.667 1818.02 30 2073.912 1836.781 30 2086.147 1824.706 30 2104.393 1821.997 30 2117.417 1803.253 30 2144.666 1795.572 30 2148.409 1791.391 29.8782 2152.028 1814.741 30 2135.363 1433 67.02901 2128.486 1433 75.14501 2122.643 1433 87.1035 2110.259 1790.79 30 2153.455 1784.721 30 2165.384 1772.335 30 2177.911 1763.484 30 2198.959 1433 55.9187 2173.514 1433 66.3429 2140.401 1433 63.2088 2158.567 1824.729 30 2091.44 1838.968 30 2096.411 1821.765 30 2120.303 1800.928 30 2148.177 1797.896 30 2148.919 1818.064 30 2134.615 1433 66.4645 2131.952 1433 77.4333 2121.682 1433 93.87801 2110 1793.285 30 2156.519 1786.919 30 2167.601 1775.774 30 2178.649 1433 59.3983 2173.04 1433 67.2694 2135.37 1433 66.1118 2158.053 1824.852 30 2094.559 1826.418 30 2107.003 1824.607 30 2115.706 1804.013 30 2148.653 1795.379 30 2150.765 1817.14 30 2137.359 1433 78.6109 2123.208 1433 93.8137 2112.456 1793.759 30 2153.434 1794.026 30 2159.551 1771.566 30 2180.936 1763.927 30 2185.481 1433 66.3384 2176.38 1433 69.3211 2138.219 1433 64.9778 2161.601 1839.945 30 2106.859 1823.843 30 2122.632 1804.706 30 2147.428 1818.594 30 2140.121 1433 80.9329 2121.391 1433 87.3943 2113.758 1795.872 30 2162.068 1778.653 30 2179.856 1767.016 30 2185.033 1433 62.4318 2171.271 1433 69.8542 2140.447 1433 69.6231 2158.099 1827 30 2110.07 1838.968 30 2123.589 1807.106 30 2149.424 1821.011 30 2133.585 1433 81.597 2125.055 1433 93.2727 2120.355 1788.101 30 2170.49 1769.699 30 2183.437 1776.676 30 2195.944 1433 64.5573 2168.476 1433 72.3072 2140.068 1433 65.4514 2165.08 1840.055 30 2110 1824.873 30 2125.579 1826.364 30 2113.125 1806.682 30 2150.271 1833.415 30 2143.792 1433 84.0548 2119.783 1433 86.3238 2117.103 1798.541 30 2163.687 1433 71.6975 2170.552 1433 73.0807 2141.833 1433 76.5464 2164.293 1839.945 30 2113.141 1836.781 30 2133.853 1808.528 30 2152.789 1823.34 30 2131.507 1818.88 30 2143.229 1433 83.6487 2127.905 1788.087 30 2173.612 1781.774 30 2179.87 1433 75.7731 2140.632 1433 72.8847 2156.798 1824.696 30 2128.696 1810.087 30 2150.35 1828.915 30 2153.271 1433 92.0679 2128.181 1801.009 30 2184.149 1789.246 30 2190.986 1433 75.53101 2144.348 1433 80.8504 2157.647 1809.269 30 2155.821 1817.954 30 2146.211 1433 84.4536 2131.323 1801.626 30 2164.162 1786.88 30 2176.49 1784.663 30 2178.688 1433 79.1913 2139.827 1433 75.4001 2154.348 1813.196 30 2150.064 1815.958 30 2148.611 1433 90.2077 2135.877 1809.293 30 2177.708 1433 76.8323 2147.61 1433 76.7863 2151.121 1823.342 30 2162.163 1433 83.8891 2134.789 1804.658 30 2163.42 1433 84.5789 2150.663 1808.795 30 2158.906 1433 87.7055 2143.388 1816.771 30 2170.345 1433 82.0412 2137.776 1807.175 30 2161.575 1666.181 -46.0622 2110 1685.555 -44.5831 2110 1705.826 -43.3046 2110 1702.641 -43.4821 2110 1626.591 -49.5276 2110 1666.181 -46.0622 2110 1651.424 -47.303 2110 1617 46.5 2113.867 1617 46.5 2106.133 1617 46.8386 2110 1630.616 46.5014 2142.782 1639.041 46.229 2146.556 1630.682 46.4986 2142.812 1722.404 16.8057 2058.808 1723.278 19.2873 2058.022 1740.233 17.1368 2054.611 1740.117 19.4886 2054.017 1733.042 21.4492 2054.534 1724.432 21.3754 2056.665 1736.475 21.5377 2053.709 1739.907 21.6263 2052.885 1722.259 -42 2078.015 1722.288 -42 2077.993 1722.212 -42 2078.05 1741.916 -31.8188 2065.067 1741.919 -31.8156 2065.065 1737.084 -34.4122 2067.051 1741.92 -31.8115 2065.064 1741.921 -31.8063 2065.062 1739.393 -32.9746 2065.961 1740.611 -32.315 2065.477 1741.25 -32.0291 2065.257 1741.583 -31.9088 2065.156 1737.083 -34.4127 2152.949 1739.392 -32.9753 2154.039 1741.831 -31.8229 2154.916 1740.611 -32.3153 2154.523 1741.251 -32.029 2154.743 1741.583 -31.9088 2154.844 1741.912 -31.8211 2065.068 1741.916 -31.8188 2065.067 1736.316 -33.1435 2066.682 1741.753 -31.858 2065.109 1741.583 -31.9088 2065.156 1741.921 -31.8063 2065.062 1678.888 22.9879 2057.179 1679.029 22.9911 2057.114 1676.429 22.3296 2058.228 1708.937 -42.4702 2095.647 1710.796 -42 2091.151 1708.934 -42 2095.653 1707.588 -42 2100.334 1707.593 -42.8632 2100.323 1706.773 -42 2105.136 1706.776 -43.1606 2105.125 1706.5 -42 2110 1706.5 -43.3439 2110 1706.776 -43.1606 2114.875 1706.773 -42 2114.864 1707.593 -42.8632 2119.677 1707.588 -42 2119.666 1708.937 -42.4703 2124.352 1708.934 -42 2124.347 1710.796 -42 2128.849 1705.85 -43.306 2110 1705.826 -43.3046 2110 1705.847 -43.3058 2110 1664.189 45.7346 2069.595 1669.104 46.5 2060.192 1663.022 46.5 2071.791 1669.564 45.6141 2059.843 1659.205 45.7346 2082.571 1664.581 45.0858 2069.78 1658.594 46.5 2084.117 1670.155 45.1041 2059.58 1656.171 45.7346 2096.137 1659.62 45.0858 2082.697 1670.845 44.7761 2059.272 1655.903 46.5 2096.934 1665.168 44.6522 2070.056 1655.152 45.7346 2110 1656.6 45.0858 2096.2 1660.241 44.6522 2082.884 1672.333 44.5042 2058.61 1655 46.5 2110 1660.973 44.5 2083.105 1665.861 44.5 2070.382 1655.903 46.5 2123.066 1655.586 45.0858 2110 1657.242 44.6522 2096.295 1657.999 44.5 2096.407 1672.555 44.5 2058.51 1656.171 45.7346 2123.863 1671.537 44.5 2094.393 1676.09 44.5 2079.385 1679.446 44.5 2072.288 1658.594 46.5 2135.883 1656.235 44.6522 2110 1656.6 45.0858 2123.8 1657 44.5 2110 1673.445 44.5 2086.777 1670.385 44.5 2102.159 1683.482 44.5 2065.554 1659.205 45.7346 2137.429 1677.272 44.5 2055.69 1663.022 46.5 2148.209 1657.242 44.6522 2123.705 1659.62 45.0858 2137.303 1670 44.5 2110 1688.159 44.5 2059.248 1664.189 45.7346 2150.405 1657.999 44.5 2123.593 1670.385 44.5 2117.841 1681.259 44.5 2051.908 1669.104 46.5 2159.808 1660.241 44.6522 2137.115 1660.973 44.5 2136.894 1664.581 45.0858 2150.22 1693.431 44.5 2053.431 1669.564 45.6141 2160.157 1671.537 44.5 2125.607 1690.734 44.5 2042.269 1665.168 44.6522 2149.944 1665.861 44.5 2149.617 1673.445 44.5 2133.223 1670.157 45.0993 2160.421 1699.248 44.5 2048.159 1670.855 44.7732 2160.732 1676.09 44.5 2140.615 1701.545 44.5 2034.158 1672.333 44.5042 2161.39 1679.446 44.5 2147.711 1705.554 44.5 2043.482 1672.555 44.5 2161.49 1712.288 44.5 2039.446 1683.482 44.5 2154.446 1713.448 44.5 2027.757 1677.272 44.5 2164.31 1719.385 44.5 2036.09 1688.159 44.5 2160.751 1726.777 44.5 2033.445 1681.259 44.5 2168.092 1726.176 44.5 2023.21 1693.431 44.5 2166.569 1734.393 44.5 2031.537 1690.734 44.5 2177.731 1739.442 44.5 2020.622 1699.248 44.5 2171.841 1742.159 44.5 2030.385 1701.545 44.5 2185.842 1750 44.5 2020 1705.554 44.5 2176.518 1750 44.5 2030 1712.288 44.5 2180.553 1752.945 44.5 2020.048 1713.448 44.5 2192.243 1757.841 44.5 2030.385 1719.385 44.5 2183.91 1766.383 44.5 2021.504 1726.777 44.5 2186.555 1765.607 44.5 2031.537 1726.176 44.5 2196.79 1773.223 44.5 2033.445 1734.393 44.5 2188.463 1779.45 44.5 2024.955 1739.442 44.5 2199.379 1780.614 44.5 2036.09 1742.159 44.5 2189.615 1791.854 44.5 2030.324 1750 44.5 2190 1787.712 44.5 2039.446 1752.945 44.5 2199.952 1794.446 44.5 2043.482 1757.841 44.5 2189.615 1803.313 44.5 2037.49 1766.383 44.5 2198.496 1800.752 44.5 2048.159 1759.75 44.5 2189.404 1813.57 44.5 2046.291 1765.607 44.5 2188.463 1806.569 44.5 2053.431 1773.223 44.5 2186.555 1811.841 44.5 2059.248 1779.45 44.5 2195.045 1822.394 44.5 2056.529 1780.614 44.5 2183.91 1816.518 44.5 2065.554 1791.854 44.5 2189.676 1829.585 44.5 2067.973 1787.712 44.5 2180.553 1820.554 44.5 2072.288 1794.446 44.5 2176.518 1823.91 44.5 2079.385 1803.313 44.5 2182.51 1834.981 44.5 2080.365 1800.752 44.5 2171.841 1826.555 44.5 2086.777 1813.57 44.5 2173.709 1838.461 44.5 2093.425 1806.569 44.5 2166.569 1828.463 44.5 2094.393 1811.841 44.5 2160.751 1829.615 44.5 2102.159 1822.394 44.5 2163.471 1839.945 44.5 2106.859 1816.518 44.5 2154.446 1830 44.5 2110 1829.585 44.5 2152.027 1840.055 44.5 2110 1820.554 44.5 2147.711 1839.945 44.5 2113.141 1823.91 44.5 2140.615 1829.615 44.5 2117.841 1834.981 44.5 2139.635 1838.461 44.5 2126.575 1826.555 44.5 2133.223 1828.463 44.5 2125.607 1689.719 30 2043.17 1681.259 44.5 2051.908 1690.734 44.5 2042.269 1681.488 30 2051.639 1698.988 30 2035.853 1681.259 29.9653 2051.908 1701.545 44.5 2034.158 1704.855 30.0926 2032.143 1710.94 30.173 2028.92 1710.751 30 2029.015 1713.448 44.5 2027.757 1723.6 30.2968 2023.959 1723.32 30 2024.057 1726.176 44.5 2023.21 1736.642 30.3715 2020.997 1736.513 30 2021.041 1739.442 44.5 2020.622 1749.755 30.397 2020 1750.006 30 2020.02 1750 44.5 2020 1750 30.3966 2020 1763.472 30 2021.031 1752.945 44.5 2020.048 1762.999 30.3729 2020.944 1776.69 30 2024.06 1766.383 44.5 2021.504 1776.167 30.2987 2023.888 1789.231 30 2029.004 1779.45 44.5 2024.955 1788.949 30.1744 2028.867 1795.09 30.0935 2032.111 1791.854 44.5 2030.324 1803.313 44.5 2037.49 1801.009 30 2035.851 1809.293 30 2042.292 1813.57 44.5 2046.291 1816.771 30 2049.654 1822.394 44.5 2056.529 1823.342 30 2057.837 1829.585 44.5 2067.973 1828.915 30 2066.728 1833.415 30 2076.208 1834.981 44.5 2080.365 1836.781 30 2086.147 1838.461 44.5 2093.425 1838.968 30 2096.411 1839.945 44.5 2106.859 1839.945 30 2106.859 1840.055 44.5 2110 1840.055 30 2110 1839.945 44.5 2113.141 1839.945 30 2113.141 1838.968 30 2123.589 1838.461 44.5 2126.575 1836.781 30 2133.853 1834.981 44.5 2139.635 1833.415 30 2143.792 1829.585 44.5 2152.027 1828.915 30 2153.271 1823.342 30 2162.163 1822.394 44.5 2163.471 1816.771 30 2170.345 1813.57 44.5 2173.709 1809.293 30 2177.708 1803.313 44.5 2182.51 1801.009 30 2184.149 1795.125 30.0929 2187.869 1791.854 44.5 2189.676 1789.018 30.1735 2191.1 1779.45 44.5 2195.045 1789.246 30 2190.986 1776.306 30.2974 2196.07 1766.383 44.5 2198.496 1776.676 30 2195.944 1763.199 30.3718 2199.025 1752.945 44.5 2199.952 1763.484 30 2198.959 1750.011 30.3966 2200 1739.442 44.5 2199.379 1749.991 30 2199.98 1736.824 30.3719 2199.029 1736.524 30 2198.968 1726.176 44.5 2196.79 1723.307 30 2195.939 1723.714 30.2975 2196.076 1713.448 44.5 2192.243 1710.766 30 2190.994 1710.992 30.1736 2191.105 1704.88 30.093 2187.871 1701.545 44.5 2185.842 1698.988 30 2184.147 1690.734 44.5 2177.731 1689.719 30 2176.83 1681.259 44.5 2168.092 1681.488 30 2168.361 1681.259 29.9653 2168.092 1708.776 29 2161.313 1708.711 29.3827 2161.198 1707.688 29 2162.011 1710.841 29 2159.988 1710.777 29.3827 2159.906 1711.712 29 2159.428 1698.988 30 2035.853 1704.855 30.0926 2032.143 1710.751 30 2029.015 1789.246 30 2190.986 1801.009 30 2184.149 1795.125 30.0929 2187.869 1468.665 -20.385 2169.77 1468.665 -20.385 2167.74 1468.74 -20.0053 2167.803 1468.74 -20.0052 2169.832 1468.955 -19.681 2167.852 1468.955 -19.6809 2169.879 1469.279 -19.4624 2167.879 1469.279 -19.4624 2169.906 1469.665 -19.385 2167.881 1469.665 -19.385 2169.908 1471.117 -19.4626 2169.855 1470.731 -19.385 2167.851 1471.116 -19.462 2167.828 1470.731 -19.385 2169.878 1471.441 -19.6808 2169.81 1471.44 -19.6799 2167.783 1471.656 -20.0047 2169.751 1471.655 -20.0037 2167.723 1471.731 -20.385 2169.685 1471.731 -20.385 2167.655 1471.731 -25.615 2166.633 1471.656 -25.9934 2166.552 1471.656 -25.9934 2168.601 1471.442 -26.3175 2168.535 1471.731 -25.615 2168.681 1471.442 -26.3174 2166.485 1471.118 -26.5369 2168.495 1471.118 -26.5369 2166.444 1470.731 -26.615 2168.488 1470.731 -26.615 2166.437 1469.665 -26.615 2168.517 1469.665 -26.615 2166.466 1469.279 -26.5373 2166.494 1469.279 -26.5374 2168.545 1468.954 -26.3184 2166.552 1468.954 -26.3185 2168.602 1468.74 -25.995 2166.63 1468.74 -25.9951 2168.679 1468.665 -25.615 2166.716 1468.665 -25.615 2168.763 1468.665 -20.385 2167.74 1468.665 -20.385 2169.77 1476.628 0.4728 2171.207 1476.628 0.4728 2169.206 1477.106 0.5387 2171.19 1477.106 0.5387 2169.189 1477.56 0.3729 2171.175 1477.56 0.3729 2169.174 1477.883 0.01409995 2171.165 1477.883 0.01409995 2169.164 1478 -0.4555 2171.161 1478 -0.4555 2169.16 1477.955 -2.1 2171.15 1478 -1.8027 2171.152 1478 -1.8027 2169.151 1477.955 -2.099 2169.148 1477.824 -2.3687 2169.148 1477.824 -2.3694 2171.15 1477.62 -2.5874 2169.152 1477.619 -2.5881 2171.153 1477.359 -2.7362 2169.158 1477.359 -2.7362 2171.159 1474.746 -3.7881 2169.221 1475.007 -3.6393 2171.218 1475.007 -3.6393 2169.216 1474.746 -3.7881 2171.223 1474.541 -4.0069 2169.221 1474.541 -4.0069 2171.223 1474.41 -4.2766 2171.218 1474.41 -4.2766 2169.216 1474.365 -4.5728 2171.21 1474.365 -4.5728 2169.208 1474.365 -9.5828 2170.929 1474.365 -9.5828 2168.922 1474.412 -9.8843 2170.904 1474.412 -9.8843 2168.896 1474.546 -10.1567 2170.877 1474.546 -10.1567 2168.87 1474.757 -10.3762 2170.853 1474.757 -10.3762 2168.844 1475.023 -10.5226 2170.832 1475.023 -10.5226 2168.823 1477.342 -11.3659 2170.681 1477.342 -11.3659 2168.671 1477.609 -11.5124 2170.658 1477.609 -11.5124 2168.648 1477.819 -11.732 2170.63 1477.819 -11.732 2168.62 1477.953 -12.0044 2170.6 1477.953 -12.0044 2168.589 1478 -12.3056 2170.569 1478 -12.3056 2168.558 1477.885 -14.0335 2170.389 1478 -13.5684 2170.437 1478 -13.5684 2168.424 1477.885 -14.0335 2168.374 1477.566 -14.3929 2170.358 1477.566 -14.3929 2168.343 1477.115 -14.5617 2170.354 1477.115 -14.5616 2168.338 1476.637 -14.5002 2168.361 1476.637 -14.5002 2170.376 1462.637 -9.0456 2171.298 1462.637 -9.0456 2169.291 1462.378 -8.8968 2169.309 1462.378 -8.8968 2171.315 1462.175 -8.6783 2169.33 1462.175 -8.6783 2171.335 1462.045 -8.4098 2169.352 1462.045 -8.4098 2171.357 1462 -8.113801 2169.373 1462 -8.113801 2171.378 1462 -6.0605 2171.496 1462 -6.0605 2169.493 1462.044 -5.7677 2169.506 1462.044 -5.7677 2171.509 1462.171 -5.5006 2169.516 1462.171 -5.5006 2171.518 1462.372 -5.2826 2169.52 1462.372 -5.2826 2171.523 1462.628 -5.1322 2169.52 1462.628 -5.1322 2171.523 1476.628 0.4728 2171.207 1476.628 0.4728 2169.206 1472.085 12.0312 2170.744 1472.085 12.0312 2168.733 1472.162 12.4141 2170.702 1472.161 12.4129 2168.691 1472.378 12.7379 2170.662 1472.377 12.7369 2168.649 1472.702 12.9548 2170.627 1472.701 12.9542 2168.615 1473.085 13.0312 2170.607 1473.085 13.0312 2168.594 1473.779 13.0312 2170.584 1473.779 13.0312 2168.571 1474.163 12.9544 2170.58 1474.162 12.955 2168.567 1474.486 12.7379 2168.579 1474.487 12.7369 2170.592 1474.703 12.4137 2168.607 1474.703 12.4126 2170.619 1474.779 12.0312 2168.644 1474.779 12.0312 2170.655 1477 11.046 2170.673 1477 11.046 2168.663 1477.384 10.9693 2170.666 1477.383 10.9699 2168.657 1477.707 10.753 2168.665 1477.708 10.752 2170.675 1477.924 10.4289 2168.686 1477.924 10.4277 2170.696 1478 10.046 2168.717 1478 10.046 2170.726 1477.924 8.692501 2168.828 1478 9.0744 2170.803 1478 9.0744 2168.797 1477.924 8.691201 2170.835 1477.708 8.3683 2168.86 1477.707 8.3673 2170.866 1477.384 8.1512 2168.887 1477.383 8.1506 2170.893 1477 8.0744 2168.906 1477 8.0744 2170.912 1475.395 7.9977 2168.967 1475.779 8.0744 2170.955 1475.779 8.0744 2168.949 1475.396 7.9983 2170.973 1475.071 7.7808 2168.993 1475.072 7.7818 2170.998 1474.855 7.4566 2169.021 1474.855 7.4579 2171.027 1474.779 7.0744 2169.048 1474.779 7.0744 2171.053 1474.703 2.1431 2169.25 1474.779 2.5255 2171.241 1474.779 2.5255 2169.239 1474.703 2.1431 2171.251 1474.486 1.8189 2169.263 1474.486 1.8189 2171.265 1474.162 1.602 2169.278 1474.162 1.602 2171.279 1473.779 1.5255 2169.291 1473.779 1.5255 2171.293 1472.403 1.5255 2171.337 1472.403 1.5255 2169.336 1472.108 1.5699 2169.345 1472.108 1.5699 2171.346 1471.838 1.6998 2169.351 1471.838 1.6998 2171.352 1462.37 8.1696 2171.347 1462.37 8.1696 2169.342 1462.05 8.5285 2171.33 1462.05 8.5285 2169.324 1461.935 8.995201 2171.298 1461.935 8.995201 2169.292 1462.01 10.4279 2171.18 1461.935 10.046 2169.207 1462.011 10.4291 2169.171 1461.935 10.046 2171.214 1462.226 10.752 2171.146 1462.227 10.753 2169.137 1462.55 10.9692 2171.118 1462.552 10.9698 2169.109 1462.935 11.046 2171.101 1462.935 11.046 2169.092 1472.085 11.046 2170.839 1472.085 11.046 2168.83 1468.054 24.4686 2168.967 1467.668 24.3896 2168.994 1467.665 24.3896 2166.948 1468.053 24.4679 2166.921 1468.377 24.6879 2168.912 1468.377 24.6871 2166.865 1468.591 25.0112 2168.839 1468.591 25.0107 2166.79 1468.665 25.3896 2168.756 1468.665 25.3896 2166.706 1468.665 27.5932 2166.205 1468.739 27.9715 2166.113 1468.74 27.9727 2168.173 1468.954 28.2961 2168.09 1468.665 27.5933 2168.264 1468.953 28.2949 2166.029 1469.278 28.5153 2168.028 1469.277 28.5146 2165.966 1469.665 28.5932 2167.998 1469.665 28.5932 2165.935 1470.537 28.5932 2167.973 1470.537 28.5932 2165.914 1470.924 28.5154 2165.917 1470.925 28.5149 2167.98 1471.249 28.2956 2165.961 1471.249 28.295 2168.023 1471.463 27.9713 2166.033 1471.463 27.971 2168.094 1471.537 27.5932 2166.125 1471.537 27.5932 2168.18 1471.537 25.3896 2168.671 1471.537 25.3896 2166.624 1471.612 25.0098 2166.7 1471.612 25.0102 2168.749 1471.827 24.6859 2166.763 1471.826 24.6859 2168.81 1472.151 24.4669 2166.799 1472.151 24.4669 2168.845 1472.537 24.3896 2166.806 1472.537 24.3896 2168.849 1474.696 24.3896 2168.779 1474.696 24.3896 2166.736 1475.081 24.3125 2166.744 1475.082 24.3118 2168.782 1475.405 24.0941 2166.78 1475.406 24.0928 2168.815 1475.62 23.7705 2166.839 1475.621 23.7686 2168.873 1475.696 23.3896 2166.906 1475.696 23.3896 2168.946 1475.621 22.2194 2167.142 1475.696 22.5981 2169.098 1475.696 22.5981 2167.06 1475.62 22.2172 2169.171 1475.407 21.8952 2167.209 1475.405 21.8936 2169.238 1475.083 21.6762 2167.26 1475.081 21.6753 2169.289 1474.696 21.5981 2167.282 1474.696 21.5981 2169.316 1472.15 21.5203 2167.376 1472.537 21.5981 2169.386 1472.537 21.5981 2167.352 1472.151 21.5204 2169.413 1471.826 21.3018 2167.426 1471.827 21.3021 2169.461 1471.612 20.9779 2167.49 1471.612 20.9784 2169.526 1471.537 20.5981 2167.563 1471.537 20.5981 2169.594 1471.461 18.0258 2167.984 1471.537 18.4068 2169.951 1471.537 18.4068 2167.926 1471.462 18.0261 2170.011 1471.246 17.702 2168.04 1471.246 17.7022 2170.067 1470.922 17.4841 2168.082 1470.922 17.4842 2170.109 1470.537 17.4068 2168.11 1470.537 17.4068 2170.132 1469.281 17.4834 2168.132 1469.665 17.4068 2170.158 1469.665 17.4068 2168.132 1469.281 17.4834 2170.159 1468.957 17.7012 2170.136 1468.956 17.7012 2168.11 1468.741 18.0254 2170.094 1468.741 18.0255 2168.067 1468.665 18.4068 2170.038 1468.665 18.4068 2168.01 1468.59 20.9772 2169.617 1468.665 20.5981 2169.681 1468.665 20.5981 2167.646 1468.59 20.9788 2167.581 1468.376 21.3011 2169.566 1468.374 21.3029 2167.529 1468.053 21.5198 2169.536 1468.05 21.5212 2167.499 1467.668 21.5981 2169.533 1467.665 21.5981 2167.497 1465.509 21.5981 2169.592 1465.509 21.5981 2167.562 1465.124 21.6751 2169.588 1465.124 21.6753 2167.559 1464.799 21.8936 2169.557 1464.799 21.8942 2167.528 1464.584 22.2178 2169.502 1464.584 22.2188 2167.473 1464.509 22.5981 2169.433 1464.509 22.5981 2167.396 1464.584 23.7691 2169.202 1464.509 23.3896 2167.24 1464.584 23.77 2167.167 1464.509 23.3896 2169.28 1464.798 24.0928 2169.132 1464.798 24.0931 2167.095 1465.122 24.3116 2169.079 1465.122 24.3116 2167.04 1465.509 24.3896 2169.052 1465.509 24.3896 2167.012 1467.668 24.3896 2168.994 1467.665 24.3896 2166.948 1593.62 -39.268 2157.43 1593.619 -39.2148 2157.463 1593.62 -39.2692 2157.429 1593.096 -41.8435 2155.869 1593.619 -39.2148 2157.463 1593.032 -39.5549 2157.384 1593.668 -41.6925 2155.946 1593.068 -43.3769 2153.592 1593.609 -43.3444 2153.556 1469.665 -19.385 2167.881 1470.731 -19.385 2169.878 1469.665 -19.385 2169.908 1470.731 -19.385 2167.851 1471.731 -20.385 2167.655 1471.731 -25.615 2168.681 1471.731 -20.385 2169.685 1471.731 -25.615 2166.633 1469.665 -26.615 2166.466 1469.665 -26.615 2168.517 1470.731 -26.615 2168.488 1470.731 -26.615 2166.437 1478 -0.4555 2169.16 1478 -1.8027 2169.151 1478 -1.8027 2171.152 1478 -0.4555 2171.161 1475.007 -3.6393 2169.216 1475.007 -3.6393 2171.218 1477.359 -2.7362 2171.159 1477.359 -2.7362 2169.158 1474.365 -4.5728 2169.208 1474.365 -9.5828 2168.922 1474.365 -9.5828 2170.929 1474.365 -4.5728 2171.21 1477.342 -11.3659 2168.671 1477.342 -11.3659 2170.681 1475.023 -10.5226 2168.823 1475.023 -10.5226 2170.832 1478 -12.3056 2168.558 1478 -13.5684 2168.424 1478 -13.5684 2170.437 1478 -12.3056 2170.569 1462.637 -9.0456 2169.291 1462.637 -9.0456 2171.298 1476.637 -14.5002 2170.376 1476.637 -14.5002 2168.361 1462 -6.0605 2171.496 1462 -8.113801 2171.378 1462 -6.0605 2169.493 1462 -8.113801 2169.373 1472.085 11.046 2168.83 1472.085 12.0312 2168.733 1472.085 12.0312 2170.744 1472.085 11.046 2170.839 1473.085 13.0312 2168.594 1473.779 13.0312 2168.571 1473.779 13.0312 2170.584 1473.085 13.0312 2170.607 1474.779 11.046 2170.75 1474.779 12.0312 2170.655 1474.779 11.046 2168.74 1474.779 12.0312 2168.644 1474.779 11.046 2168.74 1477 11.046 2168.663 1477 11.046 2170.673 1474.779 11.046 2170.75 1478 9.0744 2170.803 1478 10.046 2170.726 1478 9.0744 2168.797 1478 10.046 2168.717 1475.779 8.0744 2170.955 1477 8.0744 2170.912 1475.779 8.0744 2168.949 1477 8.0744 2168.906 1474.779 2.5255 2171.241 1474.779 7.0744 2171.053 1474.779 2.5255 2169.239 1474.779 7.0744 2169.048 1472.403 1.5255 2171.337 1473.779 1.5255 2171.293 1472.403 1.5255 2169.336 1473.779 1.5255 2169.291 1462.37 8.1696 2169.342 1462.37 8.1696 2171.347 1471.838 1.6998 2169.351 1471.838 1.6998 2171.352 1461.935 8.995201 2169.292 1461.935 10.046 2169.207 1461.935 10.046 2171.214 1461.935 8.995201 2171.298 1468.665 25.3896 2166.706 1468.665 27.5933 2168.264 1468.665 25.3896 2168.756 1468.665 27.5932 2166.205 1469.665 28.5932 2165.935 1470.537 28.5932 2165.914 1470.537 28.5932 2167.973 1469.665 28.5932 2167.998 1471.537 25.3896 2168.671 1471.537 27.5932 2168.18 1471.537 25.3896 2166.624 1471.537 27.5932 2166.125 1472.537 24.3896 2166.806 1474.696 24.3896 2166.736 1474.696 24.3896 2168.779 1472.537 24.3896 2168.849 1475.696 22.5981 2169.098 1475.696 23.3896 2168.946 1475.696 22.5981 2167.06 1475.696 23.3896 2166.906 1472.537 21.5981 2169.386 1474.696 21.5981 2169.316 1472.537 21.5981 2167.352 1474.696 21.5981 2167.282 1471.537 18.4068 2169.951 1471.537 20.5981 2169.594 1471.537 18.4068 2167.926 1471.537 20.5981 2167.563 1469.665 17.4068 2170.158 1470.537 17.4068 2170.132 1469.665 17.4068 2168.132 1470.537 17.4068 2168.11 1468.665 18.4068 2168.01 1468.665 20.5981 2169.681 1468.665 18.4068 2170.038 1468.665 20.5981 2167.646 1465.509 21.5981 2169.592 1467.668 21.5981 2169.533 1465.509 21.5981 2167.562 1467.665 21.5981 2167.497 1464.509 22.5981 2167.396 1464.509 23.3896 2167.24 1464.509 23.3896 2169.28 1464.509 22.5981 2169.433 1430.604 14.6031 2204.807 1433 18.1236 2202.079 1426.939 14.5754 2206.689 1433 15.6995 2203.132 1427.341 12.5176 2207.135 1433 13.7557 2204.966 1424.265 12.1003 2208.781 1427.763 10.6571 2208.172 1424.467 9.842 2209.231 1421.984 18.1622 2209.354 1421.984 9.0664 2210.592 1433 18.1236 2202.079 1421.984 9.0664 2210.592 1425.473 8.5389 2209.612 1422.264 7.1923 2210.744 1421.984 27.108 2207.294 1433 7.7967 2209.696 1422.739 6.3725 2210.799 1410.5 9.8375 2210.52 1433 25.8206 2200.224 1423.572 5.9406 2210.825 1433 11.0326 2207.654 1423.117 6.0815 2210.817 1421.984 18.1622 2209.354 1410.5 0 2211 1421.984 35.8299 2204.431 1432 4.7522 2210.888 1433 13.7557 2204.966 1423.572 5.9406 2210.825 1410.5 19.5815 2209.083 1433 33.3339 2197.726 1432 0 2211 1423.117 -6.0814 2210.817 1421.984 27.108 2207.294 1433 40.6099 2194.604 1423.572 -5.9406 2210.825 1422.739 -6.3719 2210.799 1410.5 29.1393 2206.705 1421.984 44.2558 2200.788 1432 -4.7522 2210.888 1425.473 -8.5389 2209.612 1422.264 -7.193 2210.744 1421.984 35.8299 2204.431 1433 47.5968 2190.88 1424.473 -9.8464 2209.228 1410.5 -9.8375 2210.52 1410.5 38.4199 2203.407 1421.984 52.3162 2196.394 1427.763 -10.6571 2208.172 1421.984 -9.0664 2210.592 1421.984 44.2558 2200.788 1433 54.2449 2186.58 1427.354 -12.5261 2207.127 1433 -7.7967 2209.696 1421.984 -18.1622 2209.354 1424.264 -12.1 2208.781 1410.5 47.3352 2199.221 1421.984 59.9443 2191.288 1433 -13.7557 2204.966 1423.572 -5.9406 2210.825 1433 -11.0326 2207.654 1410.5 -19.5815 2209.083 1421.984 -18.1622 2209.354 1421.984 52.3162 2196.394 1433 60.507 2181.735 1426.938 -14.5742 2206.691 1430.626 -14.6131 2204.792 1432 -4.7522 2210.888 1421.984 -27.108 2207.294 1410.5 55.8004 2194.186 1421.984 67.0772 2185.509 1433 -15.7 2203.133 1410.5 -29.1393 2206.705 1433 -18.1236 2202.079 1421.984 59.9443 2191.288 1433 66.3384 2176.38 1421.984 -35.8299 2204.431 1421.984 -27.108 2207.294 1410.5 63.7349 2188.351 1421.984 73.6561 2179.107 1410.5 -38.4199 2203.407 1433 -25.8206 2200.224 1421.984 67.0772 2185.509 1433 71.6975 2170.552 1421.984 -44.2558 2200.788 1421.984 -35.8299 2204.431 1410.5 71.0633 2181.77 1421.984 79.6264 2172.134 1410.5 -47.3352 2199.221 1433 -33.3339 2197.726 1421.984 73.6561 2179.107 1433 76.5464 2164.293 1421.984 -52.3162 2196.394 1433 -40.6099 2194.604 1410.5 77.71601 2174.508 1421.984 84.93901 2164.647 1410.5 -55.8004 2194.186 1421.984 -44.2558 2200.788 1421.984 79.6264 2172.134 1433 80.8504 2157.647 1421.984 -59.9443 2191.288 1433 -47.5968 2190.88 1410.5 83.6296 2166.631 1421.984 89.5499 2156.709 1410.5 -63.7349 2188.351 1421.984 -52.3162 2196.394 1421.984 84.93901 2164.647 1433 84.5789 2150.663 1421.984 -67.0772 2185.509 1433 -54.2449 2186.58 1410.5 88.7479 2158.216 1421.984 93.4211 2148.386 1410.5 -71.0633 2181.77 1421.984 -59.9443 2191.288 1421.984 89.5499 2156.709 1433 87.7055 2143.388 1421.984 -73.6561 2179.107 1433 -60.507 2181.735 1410.5 93.0222 2149.343 1421.984 96.5205 2139.745 1410.5 -77.71601 2174.508 1421.984 -67.0772 2185.509 1421.984 93.4211 2148.386 1433 90.2077 2135.877 1421.984 -79.6264 2172.134 1433 -66.3384 2176.38 1410.5 96.41201 2140.095 1421.984 98.8226 2130.859 1410.5 -83.6296 2166.631 1421.984 -73.6561 2179.107 1421.984 96.5205 2139.745 1433 92.0679 2128.181 1421.984 -84.93901 2164.647 1433 -71.6975 2170.552 1410.5 98.8849 2130.562 1421.984 100.3083 2121.8 1410.5 -88.7479 2158.216 1421.984 -79.6264 2172.134 1421.984 98.8226 2130.859 1433 93.2727 2120.355 1421.984 -89.5499 2156.709 1433 -76.5464 2164.293 1421.984 100.3083 2121.8 1421.984 100.9654 2112.644 1410.5 -93.0222 2149.343 1421.984 -84.93901 2164.647 1410.5 100.4174 2120.832 1433 93.8137 2112.456 1421.984 -93.4211 2148.386 1433 -80.8504 2157.647 1421.984 100.9654 2112.644 1422.037 101 2110 1410.5 -96.41201 2140.095 1421.984 -89.5499 2156.709 1410.5 100.995 2111 1433 93.87801 2110 1421.984 -96.5205 2139.745 1433 -84.5789 2150.663 1422.037 101 2110 1433 93.8137 2107.543 1410.5 -98.8849 2130.562 1421.984 -93.4211 2148.386 1421.984 100.9654 2107.356 1421.984 100.9654 2107.356 1421.984 -98.8226 2130.859 1433 -87.7055 2143.388 1410.5 100.6122 2101.158 1433 93.2727 2099.644 1421.984 -100.3083 2121.8 1421.984 -96.5205 2139.745 1421.984 100.3083 2098.2 1421.984 100.3083 2098.2 1410.5 -100.4174 2120.832 1433 -90.2077 2135.877 1410.5 99.2727 2091.401 1433 92.0679 2091.819 1421.984 -100.9654 2112.644 1421.984 -98.8226 2130.859 1421.984 98.8226 2089.141 1421.984 98.8226 2089.141 1410.5 -100.995 2111 1433 -92.0679 2128.181 1410.5 96.98901 2081.82 1433 90.2077 2084.123 1422.037 -101 2110 1421.984 -100.3083 2121.8 1421.984 96.5205 2080.255 1421.984 96.5205 2080.255 1421.984 -100.9654 2107.356 1433 -93.2727 2120.355 1410.5 93.7831 2072.507 1433 87.7055 2076.612 1410.5 -100.6122 2101.158 1421.984 -100.9654 2112.644 1421.984 93.4211 2071.614 1421.984 93.4211 2071.614 1421.984 -100.3083 2098.2 1433 -93.8137 2112.456 1410.5 89.6853 2063.55 1433 84.5789 2069.337 1410.5 -99.2727 2091.401 1422.037 -101 2110 1421.984 89.5499 2063.29 1421.984 89.5499 2063.29 1421.984 -98.8226 2089.141 1433 -93.87801 2110 1421.984 84.93901 2055.352 1433 80.8504 2062.353 1410.5 -96.98901 2081.82 1433 -93.8137 2107.543 1410.5 84.7346 2055.036 1421.984 84.93901 2055.352 1421.984 -96.5205 2080.255 1421.984 -100.9654 2107.356 1421.984 79.6264 2047.866 1433 76.5464 2055.707 1410.5 -93.7831 2072.507 1433 -93.2727 2099.644 1410.5 78.9781 2047.044 1421.984 79.6264 2047.866 1421.984 -93.4211 2071.614 1421.984 -100.3083 2098.2 1421.984 73.6561 2040.893 1433 71.6975 2049.448 1410.5 -89.6853 2063.55 1433 -92.0679 2091.819 1410.5 72.4706 2039.651 1421.984 73.6561 2040.893 1421.984 -89.5499 2063.29 1421.984 -98.8226 2089.141 1421.984 67.0772 2034.491 1433 66.3384 2043.62 1421.984 -84.93901 2055.352 1433 -90.2077 2084.123 1410.5 65.2739 2032.926 1421.984 67.0772 2034.491 1410.5 -84.7346 2055.036 1421.984 -96.5205 2080.255 1421.984 59.9443 2028.712 1433 60.507 2038.265 1421.984 -79.6264 2047.866 1433 -87.7055 2076.612 1410.5 57.4565 2026.935 1421.984 59.9443 2028.712 1410.5 -78.9781 2047.044 1421.984 -93.4211 2071.614 1421.984 52.3162 2023.606 1433 54.2449 2033.42 1421.984 -73.6561 2040.893 1433 -84.5789 2069.337 1410.5 49.0927 2021.734 1421.984 52.3162 2023.606 1410.5 -72.4706 2039.651 1421.984 -89.5499 2063.29 1421.984 44.2558 2019.212 1433 47.5968 2029.12 1421.984 -67.0772 2034.491 1433 -80.8504 2062.353 1410.5 40.262 2017.372 1421.984 44.2558 2019.212 1410.5 -65.2739 2032.926 1421.984 -84.93901 2055.352 1421.984 35.8299 2015.569 1433 40.6099 2025.396 1421.984 -59.9443 2028.712 1433 -76.5464 2055.707 1410.5 31.0485 2013.891 1421.984 35.8299 2015.569 1410.5 -57.4565 2026.935 1421.984 -79.6264 2047.866 1421.984 27.108 2012.706 1433 33.3339 2022.274 1421.984 -52.3162 2023.606 1433 -71.6975 2049.448 1410.5 21.5397 2011.324 1433 25.8206 2019.776 1410.5 -49.0927 2021.734 1421.984 -73.6561 2040.893 1421.984 18.1622 2010.646 1421.984 27.108 2012.706 1421.984 -44.2558 2019.212 1433 -66.3384 2043.62 1410.5 11.8261 2009.695 1433 18.1236 2017.921 1410.5 -40.262 2017.372 1421.984 -67.0772 2034.491 1421.984 9.0664 2009.408 1421.984 18.1622 2010.646 1421.984 -35.8299 2015.569 1433 -60.507 2038.265 1418.541 2 2009.02 1426.937 14.5741 2013.309 1410.5 -31.0485 2013.891 1421.984 -59.9443 2028.712 1410.5 2 2009.02 1422.264 7.193 2009.256 1430.626 14.613 2015.207 1424.264 12.0999 2011.218 1421.984 -27.108 2012.706 1433 -54.2449 2033.42 1422.739 6.3719 2009.201 1424.473 9.846301 2010.772 1433 15.7 2016.867 1427.354 12.526 2012.873 1410.5 -21.5397 2011.324 1421.984 -52.3162 2023.606 1423.117 6.0814 2009.183 1433 13.7557 2015.034 1421.984 -18.1622 2010.646 1433 -47.5968 2029.12 1425.473 8.5389 2010.388 1423.572 5.9406 2009.175 1427.763 10.6571 2011.828 1410.5 -11.8261 2009.695 1421.984 -44.2558 2019.212 1423.572 5.9406 2009.175 1426.582 2 2009.02 1433 11.0326 2012.346 1421.984 -9.0664 2009.408 1433 -40.6099 2025.396 1432 4.7522 2009.112 1433 7.7967 2010.304 1418.541 -2 2009.02 1421.984 -35.8299 2015.569 1432 -4.7522 2009.112 1410.5 -2 2009.02 1422.264 -7.1923 2009.256 1433 -33.3339 2022.274 1426.582 -2 2009.02 1422.739 -6.372 2009.201 1424.467 -9.842 2010.769 1433 -25.8206 2019.776 1423.572 -5.9406 2009.175 1423.117 -6.0812 2009.183 1424.265 -12.1004 2011.219 1421.984 -27.108 2012.706 1433 -7.7967 2010.304 1425.473 -8.5389 2010.388 1427.341 -12.5177 2012.864 1433 -18.1236 2017.921 1423.572 -5.9406 2009.175 1427.763 -10.6571 2011.828 1426.939 -14.5754 2013.311 1421.984 -18.1622 2010.646 1430.605 -14.6032 2015.193 1433 -13.7557 2015.034 1433 -11.0326 2012.346 1433 -18.1236 2017.921 1421.984 -9.0664 2009.408 1433 -15.6995 2016.868 1465.733 -7.1274 2169.342 1465.733 -7.1274 2171.346 1471.668 -4.9253 2171.282 1471.668 -4.9253 2169.28 1471.668 -9.2886 2169.029 1471.668 -4.9253 2169.28 1471.668 -9.2886 2171.035 1471.668 -4.9253 2171.282 1465.733 -7.1274 2171.346 1465.733 -7.1274 2169.342 1471.668 -9.2886 2171.035 1471.668 -9.2886 2169.029 1472.085 4.3988 2169.27 1472.085 8.0744 2169.072 1472.085 8.0744 2171.078 1472.085 4.3988 2171.272 1472.085 4.3988 2169.27 1472.085 4.3988 2171.272 1466.617 8.0744 2171.241 1466.617 8.0744 2169.236 1466.617 8.0744 2171.241 1472.085 8.0744 2171.078 1466.617 8.0744 2169.236 1472.085 8.0744 2169.072 1432 4.7522 2009.112 1433 7.7967 2010.304 1433 0 2010 1432 -4.7522 2009.112 1433 -7.7967 2010.304 1432 -4.7522 2210.888 1433 -7.7967 2209.696 1433 0 2210 1432 0 2211 1432 4.7522 2210.888 1433 7.7967 2209.696 1410.5 11.8261 2009.695 1410.5 2 2009.02 1409.5 2 2010.02 1409.5 11.7281 2010.69 1410.5 21.5397 2011.324 1409.5 21.3446 2012.305 1410.5 31.0485 2013.891 1409.5 30.7582 2014.848 1410.5 40.262 2017.372 1409.5 39.8793 2018.296 1410.5 49.0927 2021.734 1409.5 48.6212 2022.616 1410.5 57.4565 2026.935 1409.5 56.9009 2027.767 1410.5 65.2739 2032.926 1409.5 64.6394 2033.7 1410.5 72.4706 2039.651 1409.5 71.7634 2040.358 1410.5 78.9781 2047.044 1409.5 78.205 2047.678 1410.5 84.7346 2055.036 1409.5 83.90301 2055.592 1410.5 89.6853 2063.55 1409.5 88.8033 2064.022 1410.5 93.7831 2072.507 1409.5 92.8591 2072.89 1410.5 96.98901 2081.82 1409.5 96.03201 2082.11 1410.5 99.2727 2091.401 1409.5 98.2918 2091.595 1410.5 100.6122 2101.158 1409.5 99.61701 2101.256 1410.5 100.995 2111 1409.5 99.99501 2111 1410.5 100.4174 2120.832 1409.5 99.4222 2120.734 1410.5 98.8849 2130.562 1409.5 97.9041 2130.366 1410.5 96.41201 2140.095 1409.5 95.455 2139.805 1410.5 93.0222 2149.343 1409.5 92.0983 2148.96 1410.5 88.7479 2158.216 1409.5 87.8659 2157.745 1410.5 83.6296 2166.631 1409.5 82.7981 2166.075 1410.5 77.71601 2174.508 1409.5 76.943 2173.873 1410.5 71.0633 2181.77 1409.5 70.3562 2181.063 1410.5 63.7349 2188.351 1409.5 63.1005 2187.578 1410.5 55.8004 2194.186 1409.5 55.2448 2193.355 1410.5 47.3352 2199.221 1409.5 46.8638 2198.339 1410.5 38.4199 2203.407 1409.5 38.0372 2202.483 1410.5 29.1393 2206.705 1409.5 28.849 2205.748 1410.5 19.5815 2209.083 1409.5 19.3864 2208.103 1410.5 9.8375 2210.52 1409.5 9.7395 2209.525 1410.5 0 2211 1409.5 0 2210 1409.5 -9.7395 2209.525 1410.5 -9.8375 2210.52 1409.5 -19.3864 2208.103 1410.5 -19.5815 2209.083 1409.5 -28.849 2205.748 1410.5 -29.1393 2206.705 1409.5 -38.0372 2202.483 1410.5 -38.4199 2203.407 1409.5 -46.8638 2198.339 1410.5 -47.3352 2199.221 1409.5 -55.2448 2193.355 1410.5 -55.8004 2194.186 1409.5 -63.1005 2187.578 1410.5 -63.7349 2188.351 1409.5 -70.3562 2181.063 1410.5 -71.0633 2181.77 1409.5 -76.943 2173.873 1410.5 -77.71601 2174.508 1409.5 -82.7981 2166.075 1410.5 -83.6296 2166.631 1409.5 -87.8659 2157.745 1410.5 -88.7479 2158.216 1409.5 -92.0983 2148.96 1410.5 -93.0222 2149.343 1409.5 -95.455 2139.805 1410.5 -96.41201 2140.095 1409.5 -97.9041 2130.366 1410.5 -98.8849 2130.562 1409.5 -99.4222 2120.734 1410.5 -100.4174 2120.832 1409.5 -99.99501 2111 1410.5 -100.995 2111 1409.5 -99.61701 2101.256 1410.5 -100.6122 2101.158 1409.5 -98.2918 2091.595 1410.5 -99.2727 2091.401 1409.5 -96.03201 2082.11 1410.5 -96.98901 2081.82 1409.5 -92.8591 2072.89 1410.5 -93.7831 2072.507 1409.5 -88.8033 2064.022 1410.5 -89.6853 2063.55 1409.5 -83.90301 2055.592 1410.5 -84.7346 2055.036 1409.5 -78.205 2047.678 1410.5 -78.9781 2047.044 1409.5 -71.7634 2040.358 1410.5 -72.4706 2039.651 1409.5 -64.6394 2033.7 1410.5 -65.2739 2032.926 1409.5 -56.9009 2027.767 1410.5 -57.4565 2026.935 1409.5 -48.6212 2022.616 1410.5 -49.0927 2021.734 1409.5 -39.8793 2018.296 1410.5 -40.262 2017.372 1409.5 -30.7582 2014.848 1410.5 -31.0485 2013.891 1409.5 -21.3446 2012.305 1410.5 -21.5397 2011.324 1409.5 -11.7281 2010.69 1410.5 -11.8261 2009.695 1409.5 -2 2010.02 1410.5 -2 2009.02 1409.5 2 2011 1409.5 0 2011 1409.5 0 2012.5 1409.5 -2 2011 1409.5 9.5567 2012.97 1409.5 -9.5567 2012.97 1409.5 2 2010.02 1409.5 -2 2010.02 1409.5 11.7281 2010.69 1409.5 -11.7281 2010.69 1409.5 19.0213 2014.373 1409.5 -19.0213 2014.373 1409.5 21.3446 2012.305 1409.5 -21.3446 2012.305 1409.5 28.3028 2016.698 1409.5 -28.3028 2016.698 1409.5 30.7582 2014.848 1409.5 -30.7582 2014.848 1409.5 37.3116 2019.922 1409.5 -37.3116 2019.922 1409.5 39.8793 2018.296 1409.5 -39.8793 2018.296 1409.5 45.9612 2024.013 1409.5 -45.9612 2024.013 1409.5 48.6212 2022.616 1409.5 -48.6212 2022.616 1409.5 54.1681 2028.932 1409.5 -54.1681 2028.932 1409.5 56.9009 2027.767 1409.5 -56.9009 2027.767 1409.5 61.8533 2034.632 1409.5 -61.8533 2034.632 1409.5 64.6394 2033.7 1409.5 -64.6394 2033.7 1409.5 68.9429 2041.057 1409.5 -68.9429 2041.057 1409.5 71.7634 2040.358 1409.5 -71.7634 2040.358 1409.5 75.3685 2048.147 1409.5 -75.3685 2048.147 1409.5 78.205 2047.678 1409.5 -78.205 2047.678 1409.5 81.0683 2055.832 1409.5 -81.0683 2055.832 1409.5 83.90301 2055.592 1409.5 -83.90301 2055.592 1409.5 85.9873 2064.039 1409.5 -85.9873 2064.039 1409.5 88.8033 2064.022 1409.5 -88.8033 2064.022 1409.5 90.0783 2072.688 1409.5 -90.0783 2072.688 1409.5 92.8591 2072.89 1409.5 -92.8591 2072.89 1409.5 93.3017 2081.697 1409.5 -93.3017 2081.697 1409.5 96.03201 2082.11 1409.5 -96.03201 2082.11 1409.5 95.6266 2090.979 1409.5 -95.6266 2090.979 1409.5 98.2918 2091.595 1409.5 -98.2918 2091.595 1409.5 97.0305 2100.443 1409.5 -97.0305 2100.443 1409.5 99.61701 2101.256 1409.5 -99.61701 2101.256 1409.5 97.5 2110 1409.5 -97.5 2110 1409.5 99.99501 2111 1409.5 -99.99501 2111 1409.5 97.0305 2119.557 1409.5 -97.0305 2119.557 1409.5 99.4222 2120.734 1409.5 -99.4222 2120.734 1409.5 95.6266 2129.021 1409.5 -95.6266 2129.021 1409.5 97.9041 2130.366 1409.5 -97.9041 2130.366 1409.5 93.3017 2138.303 1409.5 -93.3017 2138.303 1409.5 95.455 2139.805 1409.5 -95.455 2139.805 1409.5 90.0783 2147.312 1409.5 -90.0783 2147.312 1409.5 92.0983 2148.96 1409.5 -92.0983 2148.96 1409.5 85.9873 2155.961 1409.5 -85.9873 2155.961 1409.5 87.8659 2157.745 1409.5 -87.8659 2157.745 1409.5 81.0683 2164.168 1409.5 -81.0683 2164.168 1409.5 82.7981 2166.075 1409.5 -82.7981 2166.075 1409.5 75.3685 2171.853 1409.5 -75.3685 2171.853 1409.5 76.943 2173.873 1409.5 -76.943 2173.873 1409.5 68.9429 2178.943 1409.5 -68.9429 2178.943 1409.5 70.3562 2181.063 1409.5 -70.3562 2181.063 1409.5 61.8533 2185.368 1409.5 -61.8533 2185.368 1409.5 63.1005 2187.578 1409.5 -63.1005 2187.578 1409.5 54.1681 2191.068 1409.5 -54.1681 2191.068 1409.5 55.2448 2193.355 1409.5 -55.2448 2193.355 1409.5 45.9612 2195.987 1409.5 -45.9612 2195.987 1409.5 46.8638 2198.339 1409.5 -46.8638 2198.339 1409.5 37.3116 2200.078 1409.5 -37.3116 2200.078 1409.5 38.0372 2202.483 1409.5 -38.0372 2202.483 1409.5 28.3028 2203.302 1409.5 -28.3028 2203.302 1409.5 28.849 2205.748 1409.5 -28.849 2205.748 1409.5 19.0213 2205.626 1409.5 -19.0213 2205.626 1409.5 19.3864 2208.103 1409.5 -19.3864 2208.103 1409.5 9.5567 2207.03 1409.5 -9.5567 2207.03 1409.5 9.7395 2209.525 1409.5 -9.7395 2209.525 1409.5 0 2207.5 1409.5 0 2210 1721.057 29.3827 2160.351 1723.228 29 2162.276 1723.34 29.3827 2162.149 1724.529 29 2163.472 1585.262 37.9678 2158.889 1585.262 37.9675 2158.889 1619.836 34.937 2157.55 1593.62 -39.2535 2157.439 1593.619 -39.2148 2157.463 1593.62 -39.2632 2157.433 1593.62 -39.2632 2157.433 1593.619 -39.2148 2157.463 1593.62 -39.268 2157.43 1465.748 -7.133 2171.345 1468.7 -8.208001 2171.191 1471.668 -4.9253 2171.282 1471.668 -9.2886 2171.035 1472.085 8.0744 2171.078 1466.643 8.0744 2171.241 1472.085 4.3988 2171.272 1626.591 -49.5276 2110 1651.42 -47.3033 2110 1666.181 -46.0622 2110 1705.826 -43.3046 2110 1702.643 -43.482 2110 1685.558 -44.5829 2110 1666.181 -46.0622 2110 1663.022 46.5 2148.209 1630.682 46.4986 2142.812 1669.104 46.5 2159.808 1658.594 46.5 2135.883 1645 46.5 2112.5 1644.043 46.5 2112.31 1655.903 46.5 2123.066 1643.232 46.5 2111.768 1645.957 46.5 2112.31 1642.69 46.5 2110.957 1646.768 46.5 2111.768 1630.616 46.5014 2142.782 1647.31 46.5 2110.957 1629.151 46.5 2142.134 1655 46.5 2110 1622.999 46.5 2134.639 1647.5 46.5 2110 1620.345 46.5 2124.147 1626.995 46.5 2140.85 1647.31 46.5 2109.043 1642.5 46.5 2110 1625.208 46.5 2139.107 1655.903 46.5 2096.934 1620.345 46.5 2095.853 1623.854 46.5 2137.004 1646.768 46.5 2108.232 1617 46.5 2106.133 1642.69 46.5 2109.043 1645.957 46.5 2107.69 1617 46.5 2113.867 1622.999 46.5 2085.361 1645 46.5 2107.5 1629.151 46.5 2077.865 1658.594 46.5 2084.117 1630.616 46.5014 2077.218 1626.995 46.5 2079.15 1630.682 46.4986 2077.188 1625.208 46.5 2080.892 1644.043 46.5 2107.69 1663.022 46.5 2071.791 1643.232 46.5 2108.232 1623.854 46.5 2082.996 1669.104 46.5 2060.192 1718.38 29.3827 2159.218 1716.451 29 2158.797 1718.324 29 2159.387 1721.01 29 2160.235 1585.258 37.9016 2158.926 1585.262 37.9591 2158.894 1585.262 37.9649 2158.89 1585.258 37.9016 2158.926 1585.262 37.9649 2158.89 1585.262 37.9675 2158.889 1413 2.3335 2206.333 1413 3.0488 2205.263 1413 2.7716 2205.148 1413 3 2204 1413 2.1213 2206.121 1413 3.3 2204 1413 1.1481 2206.771 1413 3.0488 2202.737 1413 1.2629 2207.049 1413 2.7716 2202.852 1413 0 2207 1413 2.3335 2201.666 1413 0 2207.3 1413 2.1213 2201.879 1413 -1.2629 2207.049 1413 1.1481 2201.228 1413 -1.1481 2206.771 1413 1.2629 2200.951 1413 -2.3335 2206.333 1413 0 2201 1413 -2.1213 2206.121 1413 0 2200.7 1413 -2.7716 2205.148 1413 -1.2629 2200.951 1413 -3.0488 2205.263 1413 -1.1481 2201.228 1413 -3 2204 1413 -2.3335 2201.666 1413 -3.3 2204 1413 -2.1213 2201.879 1413 -3.0488 2202.737 1413 -2.7716 2202.852 1408.5 1.2629 2200.951 1413 1.2629 2200.951 1413 2.3335 2201.666 1408.5 0 2200.7 1408.5 2.3335 2201.666 1413 0 2200.7 1413 3.0488 2202.737 1408.5 -1.2629 2200.951 1408.5 3.0488 2202.737 1413 -1.2629 2200.951 1413 3.3 2204 1408.5 -2.3335 2201.666 1408.5 3.3 2204 1413 -2.3335 2201.666 1413 3.0488 2205.263 1408.5 -3.0488 2202.737 1408.5 3.0488 2205.263 1413 -3.0488 2202.737 1413 2.3335 2206.333 1408.5 -3.3 2204 1408.5 2.3335 2206.333 1413 -3.3 2204 1413 1.2629 2207.049 1408.5 -3.0488 2205.263 1408.5 1.2629 2207.049 1413 -3.0488 2205.263 1413 0 2207.3 1408.5 -2.3335 2206.333 1408.5 0 2207.3 1413 -2.3335 2206.333 1408.5 -1.2629 2207.049 1413 -1.2629 2207.049 1408.5 0 2207.5 1408.5 9.5567 2207.03 1408.5 1.2629 2207.049 1408.5 2.3335 2206.333 1408.5 0 2207.3 1408.5 3.0488 2205.263 1408.5 -1.2629 2207.049 1408.5 3.3 2204 1408.5 -9.5567 2207.03 1408.5 3.0488 2202.737 1408.5 -2.3335 2206.333 1408.5 2.3335 2201.666 1408.5 -3.0488 2205.263 1408.5 19.0213 2205.626 1408.5 -3.3 2204 1408.5 9.7545 2159.039 1408.5 -3.0488 2202.737 1408.5 28.3028 2203.302 1408.5 1.2629 2200.951 1408.5 -2.3335 2201.666 1408.5 19.1342 2156.194 1408.5 0 2160 1408.5 -19.0213 2205.626 1408.5 37.3116 2200.078 1408.5 0 2200.7 1408.5 -9.7545 2159.039 1408.5 45.9612 2195.987 1408.5 -1.2629 2200.951 1408.5 -28.3028 2203.302 1408.5 27.7785 2151.573 1408.5 -19.1342 2156.194 1408.5 54.1681 2191.068 1408.5 -37.3116 2200.078 1408.5 61.8533 2185.368 1408.5 -45.9612 2195.987 1408.5 35.3553 2145.355 1408.5 -27.7785 2151.573 1408.5 68.9429 2178.943 1408.5 -54.1681 2191.068 1408.5 75.3685 2171.853 1408.5 -61.8533 2185.368 1408.5 41.5735 2137.779 1408.5 -35.3553 2145.355 1408.5 81.0683 2164.168 1408.5 -68.9429 2178.943 1408.5 85.9873 2155.961 1408.5 -75.3685 2171.853 1408.5 46.194 2129.134 1408.5 -41.5735 2137.779 1408.5 90.0783 2147.312 1408.5 -81.0683 2164.168 1408.5 93.3017 2138.303 1408.5 -85.9873 2155.961 1408.5 49.0393 2119.754 1408.5 -46.194 2129.134 1408.5 95.6266 2129.021 1408.5 -90.0783 2147.312 1408.5 97.0305 2119.557 1408.5 -93.3017 2138.303 1408.5 50 2110 1408.5 -49.0393 2119.754 1408.5 97.5 2110 1408.5 -95.6266 2129.021 1408.5 97.0305 2100.443 1408.5 -97.0305 2119.557 1408.5 49.0393 2100.246 1408.5 -50 2110 1408.5 95.6266 2090.979 1408.5 -97.5 2110 1408.5 93.3017 2081.697 1408.5 -97.0305 2100.443 1408.5 46.194 2090.865 1408.5 -49.0393 2100.246 1408.5 90.0783 2072.688 1408.5 -95.6266 2090.979 1408.5 85.9873 2064.039 1408.5 -93.3017 2081.697 1408.5 41.5735 2082.221 1408.5 -46.194 2090.865 1408.5 81.0683 2055.832 1408.5 -90.0783 2072.688 1408.5 75.3685 2048.147 1408.5 -85.9873 2064.039 1408.5 35.3553 2074.645 1408.5 -41.5735 2082.221 1408.5 68.9429 2041.057 1408.5 -81.0683 2055.832 1408.5 61.8533 2034.632 1408.5 -75.3685 2048.147 1408.5 27.7785 2068.426 1408.5 -35.3553 2074.645 1408.5 54.1681 2028.932 1408.5 -68.9429 2041.057 1408.5 45.9612 2024.013 1408.5 -61.8533 2034.632 1408.5 19.1342 2063.806 1408.5 -27.7785 2068.426 1408.5 37.3116 2019.922 1408.5 -54.1681 2028.932 1408.5 28.3028 2016.698 1408.5 -45.9612 2024.013 1408.5 9.7545 2060.961 1408.5 -19.1342 2063.806 1408.5 19.0213 2014.373 1408.5 -37.3116 2019.922 1408.5 2.3335 2018.333 1408.5 -28.3028 2016.698 1408.5 9.5567 2012.97 1408.5 1.2629 2019.049 1408.5 -9.7545 2060.961 1408.5 3.0488 2017.263 1408.5 0 2060 1408.5 -19.0213 2014.373 1408.5 3.3 2016 1408.5 0 2019.3 1408.5 -2.3335 2018.333 1408.5 3.0488 2014.737 1408.5 -1.2629 2019.049 1408.5 -9.5567 2012.97 1408.5 2.3335 2013.666 1408.5 -3.0488 2017.263 1408.5 1.2629 2012.951 1408.5 -3.3 2016 1408.5 0 2012.5 1408.5 -3.0488 2014.737 1408.5 0 2012.7 1408.5 -2.3335 2013.666 1408.5 -1.2629 2012.951 1413 0 2019.3 1413 1.2629 2019.049 1413 1.1481 2018.772 1413 2.3335 2018.333 1413 0 2019 1413 2.1213 2018.121 1413 -1.1481 2018.772 1413 3.0488 2017.263 1413 -1.2629 2019.049 1413 2.7716 2017.148 1413 -2.3335 2018.333 1413 3 2016 1413 -2.1213 2018.121 1413 3.3 2016 1413 -3.0488 2017.263 1413 3.0488 2014.737 1413 -2.7716 2017.148 1413 2.7716 2014.852 1413 -3 2016 1413 2.1213 2013.879 1413 -3.3 2016 1413 2.3335 2013.666 1413 -3.0488 2014.737 1413 1.1481 2013.228 1413 -2.7716 2014.852 1413 1.2629 2012.951 1413 -2.1213 2013.879 1413 0 2012.7 1413 -2.3335 2013.666 1413 0 2013 1413 -1.1481 2013.228 1413 -1.2629 2012.951 1413 3.3 2016 1408.5 3.3 2016 1408.5 3.0488 2014.737 1413 3.0488 2017.263 1413 3.0488 2014.737 1408.5 3.0488 2017.263 1408.5 2.3335 2013.666 1413 2.3335 2018.333 1413 2.3335 2013.666 1408.5 2.3335 2018.333 1408.5 1.2629 2012.951 1408.5 1.2629 2019.049 1413 1.2629 2012.951 1413 1.2629 2019.049 1408.5 0 2012.7 1408.5 0 2019.3 1413 0 2012.7 1413 0 2019.3 1413 -1.2629 2012.951 1408.5 -1.2629 2019.049 1408.5 -1.2629 2012.951 1413 -1.2629 2019.049 1413 -2.3335 2013.666 1413 -2.3335 2018.333 1408.5 -2.3335 2013.666 1408.5 -2.3335 2018.333 1408.5 -3.0488 2014.737 1413 -3.0488 2017.263 1413 -3.0488 2014.737 1408.5 -3.0488 2017.263 1408.5 -3.3 2016 1413 -3.3 2016 1750 -56.5 2147 1742.782 -56.5 2146.289 1757.218 -56.5 2146.289 1757.218 -56.5 2073.711 1742.782 -56.5 2073.711 1784.184 -56.5 2124.159 1715.816 -56.5 2095.841 1750 -56.5 2073 1784.184 -56.5 2095.841 1776.163 -56.5 2136.163 1715.816 -56.5 2124.159 1723.837 -56.5 2083.837 1776.163 -56.5 2083.837 1787 -56.5 2110 1780.764 -56.5 2130.556 1770.556 -56.5 2140.764 1723.837 -56.5 2136.163 1713 -56.5 2110 1719.236 -56.5 2089.444 1729.444 -56.5 2079.236 1770.556 -56.5 2079.236 1780.764 -56.5 2089.444 1786.289 -56.5 2102.781 1786.289 -56.5 2117.218 1764.159 -56.5 2144.184 1719.236 -56.5 2130.556 1729.444 -56.5 2140.764 1713.711 -56.5 2117.218 1713.711 -56.5 2102.781 1735.841 -56.5 2075.816 1764.159 -56.5 2075.816 1735.841 -56.5 2144.184 1750 -56.5 2073 1742.782 -56.5 2073.711 1742.782 -42 2073.711 1735.841 -42 2075.816 1750 -42 2073 1735.841 -56.5 2075.816 1757.218 -56.5 2073.711 1729.444 -42 2079.236 1757.218 -42 2073.711 1729.444 -56.5 2079.236 1764.159 -56.5 2075.816 1723.837 -42 2083.837 1764.159 -42 2075.816 1723.837 -56.5 2083.837 1770.556 -56.5 2079.236 1719.236 -42 2089.444 1770.556 -42 2079.236 1719.236 -56.5 2089.444 1776.163 -56.5 2083.837 1715.816 -42 2095.841 1776.163 -42 2083.837 1715.816 -56.5 2095.841 1780.764 -56.5 2089.444 1713.711 -42 2102.781 1780.764 -42 2089.444 1713.711 -56.5 2102.781 1784.184 -56.5 2095.841 1713 -42 2110 1784.184 -42 2095.841 1713 -56.5 2110 1786.289 -56.5 2102.781 1713.711 -42 2117.218 1786.289 -42 2102.781 1713.711 -56.5 2117.218 1787 -56.5 2110 1715.816 -42 2124.159 1787 -42 2110 1715.816 -56.5 2124.159 1786.289 -56.5 2117.218 1719.236 -42 2130.556 1786.289 -42 2117.218 1719.236 -56.5 2130.556 1784.184 -56.5 2124.159 1723.837 -42 2136.163 1784.184 -42 2124.159 1723.837 -56.5 2136.163 1780.764 -56.5 2130.556 1729.444 -42 2140.764 1780.764 -42 2130.556 1729.444 -56.5 2140.764 1776.163 -56.5 2136.163 1735.841 -42 2144.184 1776.163 -42 2136.163 1735.841 -56.5 2144.184 1770.556 -56.5 2140.764 1742.782 -42 2146.289 1770.556 -42 2140.764 1742.782 -56.5 2146.289 1764.159 -56.5 2144.184 1750 -56.5 2147 1764.159 -42 2144.184 1750 -42 2147 1757.218 -56.5 2146.289 1757.218 -42 2146.289 1750 -42 2147 1757.218 -42 2146.289 1755.977 -42 2151.919 1761.886 -42 2150.641 1749.945 -42 2152.343 1764.159 -42 2144.184 1743.915 -42 2151.904 1767.554 -42 2148.533 1742.782 -42 2146.289 1770.556 -42 2140.764 1738.009 -42 2150.61 1772.863 -42 2145.64 1735.841 -42 2144.184 1777.706 -42 2142.02 1732.347 -42 2148.488 1776.163 -42 2136.163 1729.444 -42 2140.764 1781.984 -42 2137.748 1727.045 -42 2145.581 1780.764 -42 2130.556 1722.211 -42 2141.949 1785.61 -42 2132.909 1723.837 -42 2136.163 1788.51 -42 2127.604 1716.07 -42 2135.78 1784.184 -42 2124.159 1719.236 -42 2130.556 1790.625 -42 2121.939 1710.796 -42 2128.849 1786.289 -42 2117.218 1715.816 -42 2124.159 1791.911 -42 2116.031 1708.934 -42 2124.347 1787 -42 2110 1713.711 -42 2117.218 1792.343 -42 2110.001 1707.588 -42 2119.666 1791.911 -42 2103.969 1706.773 -42 2114.864 1786.289 -42 2102.781 1713 -42 2110 1790.625 -42 2098.062 1706.5 -42 2110 1784.184 -42 2095.841 1706.773 -42 2105.136 1788.511 -42 2092.397 1713.711 -42 2102.781 1780.764 -42 2089.444 1707.588 -42 2100.334 1785.611 -42 2087.092 1708.934 -42 2095.653 1781.985 -42 2082.253 1715.816 -42 2095.841 1776.163 -42 2083.837 1710.796 -42 2091.151 1777.707 -42 2077.98 1719.236 -42 2089.444 1770.556 -42 2079.236 1716.07 -42 2084.219 1772.864 -42 2074.361 1723.837 -42 2083.837 1767.555 -42 2071.467 1722.212 -42 2078.05 1764.159 -42 2075.816 1729.444 -42 2079.236 1761.888 -42 2069.36 1727.046 -42 2074.418 1757.218 -42 2073.711 1732.348 -42 2071.511 1755.978 -42 2068.081 1735.841 -42 2075.816 1750 -42 2073 1738.01 -42 2069.39 1749.947 -42 2067.657 1742.782 -42 2073.711 1743.916 -42 2068.096 1750 44.5 2190 1757.841 44.5 2189.615 1757.841 59 2189.615 1759.75 44.5 2189.404 1750 59 2190 1759.75 59 2189.404 1742.159 44.5 2189.615 1765.607 59 2188.463 1742.159 59 2189.615 1765.607 44.5 2188.463 1734.393 44.5 2188.463 1773.223 59 2186.555 1734.393 59 2188.463 1773.223 44.5 2186.555 1726.777 44.5 2186.555 1780.614 59 2183.91 1726.777 59 2186.555 1780.614 44.5 2183.91 1719.385 44.5 2183.91 1787.712 59 2180.553 1719.385 59 2183.91 1787.712 44.5 2180.553 1712.288 44.5 2180.553 1794.446 59 2176.518 1712.288 59 2180.553 1794.446 44.5 2176.518 1705.554 44.5 2176.518 1800.752 59 2171.841 1705.554 59 2176.518 1800.752 44.5 2171.841 1699.248 44.5 2171.841 1806.569 59 2166.569 1699.248 59 2171.841 1806.569 44.5 2166.569 1693.431 44.5 2166.569 1811.841 59 2160.751 1693.431 59 2166.569 1811.841 44.5 2160.751 1688.159 44.5 2160.751 1816.518 59 2154.446 1688.159 59 2160.751 1816.518 44.5 2154.446 1683.482 44.5 2154.446 1820.554 59 2147.711 1683.482 59 2154.446 1820.554 44.5 2147.711 1679.446 44.5 2147.711 1823.91 59 2140.615 1679.446 59 2147.711 1823.91 44.5 2140.615 1676.09 44.5 2140.615 1826.555 59 2133.223 1676.09 59 2140.615 1826.555 44.5 2133.223 1673.445 44.5 2133.223 1828.463 59 2125.607 1673.445 59 2133.223 1828.463 44.5 2125.607 1671.537 44.5 2125.607 1829.615 59 2117.841 1671.537 59 2125.607 1829.615 44.5 2117.841 1670.385 44.5 2117.841 1830 59 2110 1670.385 59 2117.841 1830 44.5 2110 1670 44.5 2110 1829.615 59 2102.159 1670 59 2110 1829.615 44.5 2102.159 1670.385 44.5 2102.159 1828.463 59 2094.393 1670.385 59 2102.159 1828.463 44.5 2094.393 1671.537 44.5 2094.393 1826.555 59 2086.777 1671.537 59 2094.393 1826.555 44.5 2086.777 1673.445 44.5 2086.777 1823.91 59 2079.385 1673.445 59 2086.777 1823.91 44.5 2079.385 1676.09 44.5 2079.385 1820.554 59 2072.288 1676.09 59 2079.385 1820.554 44.5 2072.288 1679.446 44.5 2072.288 1816.518 59 2065.554 1679.446 59 2072.288 1816.518 44.5 2065.554 1683.482 44.5 2065.554 1811.841 44.5 2059.248 1683.482 59 2065.554 1811.841 59 2059.248 1688.159 59 2059.248 1806.569 44.5 2053.431 1688.159 44.5 2059.248 1806.569 59 2053.431 1693.431 59 2053.431 1800.752 59 2048.159 1693.431 44.5 2053.431 1800.752 44.5 2048.159 1699.248 44.5 2048.159 1794.446 59 2043.482 1699.248 59 2048.159 1794.446 44.5 2043.482 1705.554 44.5 2043.482 1787.712 59 2039.446 1705.554 59 2043.482 1787.712 44.5 2039.446 1712.288 44.5 2039.446 1780.614 59 2036.09 1712.288 59 2039.446 1780.614 44.5 2036.09 1719.385 44.5 2036.09 1773.223 44.5 2033.445 1719.385 59 2036.09 1773.223 59 2033.445 1726.777 59 2033.445 1765.607 44.5 2031.537 1726.777 44.5 2033.445 1765.607 59 2031.537 1734.393 59 2031.537 1757.841 44.5 2030.385 1734.393 44.5 2031.537 1757.841 59 2030.385 1742.159 59 2030.385 1750 44.5 2030 1742.159 44.5 2030.385 1750 59 2030 1757.841 59 2189.615 1759.75 59 2189.404 1765.607 59 2188.463 1750 59 2190 1734.393 59 2188.463 1712.288 59 2180.553 1742.159 59 2189.615 1787.712 59 2180.553 1719.385 59 2183.91 1780.614 59 2183.91 1800.752 59 2048.159 1726.777 59 2186.555 1773.223 59 2186.555 1811.841 59 2059.248 1699.248 59 2048.159 1811.841 59 2160.751 1806.569 59 2053.431 1726.777 59 2033.445 1688.159 59 2160.751 1826.555 59 2086.777 1800.752 59 2171.841 1705.554 59 2043.482 1742.159 59 2030.385 1673.445 59 2086.777 1699.248 59 2171.841 1823.91 59 2079.385 1830 59 2110 1794.446 59 2176.518 1806.569 59 2166.569 1712.288 59 2039.446 1734.393 59 2031.537 1765.607 59 2031.537 1683.482 59 2065.554 1670 59 2110 1693.431 59 2166.569 1705.554 59 2176.518 1816.518 59 2065.554 1828.463 59 2125.607 1828.463 59 2094.393 1719.385 59 2036.09 1787.712 59 2039.446 1750 59 2030 1688.159 59 2059.248 1676.09 59 2079.385 1676.09 59 2140.615 1671.537 59 2094.393 1820.554 59 2072.288 1829.615 59 2117.841 1816.518 59 2154.446 1829.615 59 2102.159 1794.446 59 2043.482 1780.614 59 2036.09 1757.841 59 2030.385 1693.431 59 2053.431 1679.446 59 2072.288 1671.537 59 2125.607 1683.482 59 2154.446 1670.385 59 2102.159 1823.91 59 2140.615 1773.223 59 2033.445 1670.385 59 2117.841 1673.445 59 2133.223 1679.446 59 2147.711 1820.554 59 2147.711 1826.555 59 2133.223 1804.013 30 2148.653 1806.682 30 2150.271 1806.682 20 2150.271 1808.528 20 2152.789 1804.013 20 2148.653 1808.528 30 2152.789 1800.928 20 2148.177 1809.269 20 2155.821 1800.928 30 2148.177 1809.269 30 2155.821 1797.896 30 2148.919 1808.795 20 2158.906 1797.896 20 2148.919 1808.795 30 2158.906 1795.379 30 2150.765 1807.175 20 2161.575 1795.379 20 2150.765 1807.175 30 2161.575 1793.759 30 2153.434 1804.658 20 2163.42 1793.759 20 2153.434 1804.658 30 2163.42 1793.285 30 2156.519 1801.626 20 2164.162 1793.285 20 2156.519 1801.626 30 2164.162 1794.026 30 2159.551 1798.541 20 2163.687 1794.026 20 2159.551 1798.541 30 2163.687 1795.872 30 2162.068 1795.872 20 2162.068 1784.721 30 2165.384 1786.919 30 2167.601 1785.904 20 2166.36 1787.639 20 2168.955 1784.721 20 2165.384 1788.101 30 2170.49 1783.309 20 2164.625 1788.248 20 2172.017 1781.842 30 2164.177 1788.087 30 2173.612 1780.248 20 2164.017 1787.639 20 2175.078 1778.721 30 2164.164 1786.88 30 2176.49 1777.186 20 2164.625 1785.904 20 2177.674 1775.832 30 2165.345 1784.663 30 2178.688 1774.591 20 2166.36 1783.309 20 2179.407 1773.615 30 2167.543 1781.774 30 2179.87 1772.857 20 2168.955 1780.248 20 2180.017 1772.408 30 2170.422 1778.653 30 2179.856 1772.248 20 2172.017 1777.186 20 2179.407 1772.394 30 2173.543 1775.774 30 2178.649 1772.857 20 2175.078 1774.591 20 2177.674 1773.576 30 2176.432 1770.291 30 2172.139 1771.887 30 2174.822 1771.737 20 2174.431 1772.346 20 2177.492 1770.291 20 2172.139 1772.335 30 2177.911 1770.003 20 2171.835 1771.737 20 2180.553 1767.79 30 2170.271 1771.566 30 2180.936 1767.407 20 2170.101 1770.003 20 2183.149 1764.765 30 2169.503 1769.699 30 2183.437 1764.346 20 2169.492 1767.407 20 2184.883 1761.675 30 2169.951 1767.016 30 2185.033 1761.284 20 2170.101 1764.346 20 2185.492 1758.993 30 2171.547 1763.927 30 2185.481 1758.689 20 2171.835 1761.284 20 2184.883 1757.125 30 2174.048 1760.902 30 2184.713 1756.955 20 2174.431 1758.689 20 2183.149 1756.357 30 2177.073 1758.401 30 2182.845 1756.346 20 2177.492 1756.955 20 2180.553 1756.805 30 2180.163 1754.656 30 2175.202 1755.555 30 2178.191 1754.983 20 2175.896 1755.592 20 2178.958 1754.656 20 2175.202 1755.242 30 2181.297 1753.249 20 2173.301 1754.983 20 2182.02 1752.68 30 2172.785 1753.765 30 2184.047 1750.653 20 2171.567 1753.249 20 2184.615 1749.931 30 2171.308 1751.348 30 2186.021 1747.592 20 2170.958 1750.653 20 2186.349 1746.825 30 2170.995 1748.359 30 2186.921 1744.53 20 2171.567 1747.592 20 2186.958 1743.836 30 2171.894 1745.253 30 2186.608 1741.935 20 2173.301 1744.53 20 2186.349 1741.419 30 2173.869 1742.503 30 2185.131 1740.201 20 2175.896 1741.935 20 2184.615 1739.942 30 2176.619 1740.528 30 2182.714 1739.592 20 2178.958 1740.201 20 2182.02 1739.629 30 2179.725 1738.743 30 2174.392 1738.893 30 2177.51 1738.981 20 2176.327 1738.372 20 2179.388 1738.743 20 2174.392 1737.838 30 2180.447 1738.372 20 2173.266 1736.638 20 2181.984 1737.412 30 2171.568 1735.739 30 2182.758 1736.638 20 2170.67 1734.042 20 2183.718 1735.101 30 2169.469 1732.916 30 2184.089 1734.042 20 2168.936 1730.981 20 2184.327 1732.164 30 2168.415 1729.799 30 2184.239 1730.981 20 2168.327 1727.92 20 2183.718 1729.046 30 2168.565 1726.861 30 2183.184 1727.92 20 2168.936 1725.324 20 2181.984 1726.222 30 2169.896 1724.55 30 2181.085 1725.324 20 2170.67 1723.59 20 2179.388 1724.124 30 2172.207 1723.218 30 2178.262 1723.59 20 2173.266 1722.981 20 2176.327 1723.069 30 2175.144 1723.5 30 2169.756 1722.891 30 2172.817 1722.891 20 2172.817 1721.157 20 2175.413 1723.5 20 2169.756 1721.157 30 2175.413 1722.891 20 2166.694 1718.562 20 2177.147 1722.891 30 2166.694 1718.562 30 2177.147 1721.157 30 2164.099 1715.5 20 2177.756 1721.157 20 2164.099 1715.5 30 2177.756 1718.562 30 2162.365 1712.438 20 2177.147 1718.562 20 2162.365 1712.438 30 2177.147 1715.5 30 2161.756 1709.843 20 2175.413 1715.5 20 2161.756 1709.843 30 2175.413 1712.438 30 2162.365 1708.109 20 2172.817 1712.438 20 2162.365 1708.109 30 2172.817 1709.843 30 2164.099 1707.5 20 2169.756 1709.843 20 2164.099 1707.5 30 2169.756 1708.109 30 2166.694 1708.109 20 2166.694 1780.759 30 2051.133 1781.991 30 2048.265 1781.193 20 2049.735 1782.928 20 2047.14 1780.759 20 2051.133 1784.227 30 2046.087 1780.584 20 2052.796 1785.523 20 2045.405 1780.718 30 2054.254 1787.126 30 2044.93 1781.193 20 2055.858 1788.584 20 2044.796 1781.875 30 2057.154 1790.248 30 2044.971 1782.928 20 2058.453 1791.646 20 2045.405 1784.053 30 2059.389 1793.116 30 2046.203 1785.523 20 2060.187 1794.241 20 2047.14 1786.921 30 2060.622 1795.294 30 2048.439 1788.584 20 2060.796 1795.975 20 2049.735 1790.042 30 2060.662 1796.45 30 2051.339 1791.646 20 2060.187 1796.584 20 2052.796 1792.941 30 2059.506 1796.41 30 2054.459 1794.241 20 2058.453 1795.975 20 2055.858 1795.177 30 2057.328 1794.087 30 2060.323 1795.976 30 2057.838 1795.62 20 2058.173 1798.216 20 2056.439 1794.087 20 2060.323 1798.672 30 2056.266 1793.886 20 2060.769 1801.277 20 2055.83 1793.292 30 2063.342 1801.765 30 2055.845 1793.277 20 2063.83 1804.338 20 2056.439 1793.713 30 2066.435 1804.784 30 2056.64 1793.886 20 2066.891 1806.934 20 2058.173 1795.285 30 2069.131 1807.269 30 2058.529 1795.62 20 2069.487 1808.668 20 2060.769 1797.77 30 2071.02 1808.841 30 2061.225 1798.216 20 2071.221 1809.277 20 2063.83 1800.789 30 2071.815 1809.262 30 2064.318 1801.277 20 2071.83 1808.668 20 2066.891 1803.882 30 2071.394 1808.467 30 2067.337 1804.338 20 2071.221 1806.934 20 2069.487 1806.578 30 2069.822 1804.795 30 2072.464 1807.229 30 2070.51 1805.266 20 2071.949 1807.862 20 2070.215 1804.795 20 2072.464 1810.226 30 2069.637 1803.532 20 2074.545 1810.923 20 2069.606 1803.294 30 2075.201 1813.329 30 2069.977 1802.923 20 2077.606 1813.985 20 2070.215 1802.954 30 2078.303 1816.066 30 2071.478 1803.532 20 2080.668 1816.58 20 2071.949 1803.827 30 2081.3 1818.02 30 2073.912 1805.266 20 2083.263 1818.314 20 2074.545 1805.781 30 2083.735 1818.893 30 2076.909 1807.862 20 2084.998 1818.923 20 2077.606 1808.518 30 2085.236 1818.553 30 2080.012 1810.923 20 2085.606 1818.314 20 2080.668 1811.621 30 2085.576 1817.052 30 2082.749 1813.985 20 2084.998 1816.58 20 2083.263 1814.617 30 2084.703 1812.248 30 2086.835 1815.083 30 2085.528 1813.889 20 2085.916 1816.95 20 2085.307 1812.248 20 2086.835 1818.202 30 2085.406 1811.294 20 2087.651 1820.012 20 2085.916 1810.129 30 2089.127 1821.13 30 2086.486 1809.559 20 2090.246 1822.607 20 2087.651 1809.049 30 2092.056 1823.422 30 2088.605 1808.95 20 2093.307 1824.341 20 2090.246 1809.171 30 2095.175 1824.729 30 2091.44 1809.559 20 2096.369 1824.95 20 2093.307 1810.478 30 2098.01 1824.852 30 2094.559 1811.294 20 2098.964 1824.341 20 2096.369 1812.77 30 2100.128 1823.772 30 2097.487 1813.889 20 2100.698 1822.607 20 2098.964 1815.699 30 2101.209 1821.653 30 2099.78 1816.95 20 2101.307 1820.012 20 2100.698 1818.818 30 2101.086 1816.003 30 2102.582 1819.07 30 2102 1819 20 2102 1822.062 20 2102.609 1816.003 20 2102.582 1822.126 30 2102.636 1813.393 30 2104.294 1824.657 20 2104.343 1813.343 20 2104.343 1824.706 30 2104.393 1811.636 30 2106.874 1826.391 20 2106.938 1811.609 20 2106.938 1826.418 30 2107.003 1811 30 2109.93 1827 20 2110 1811 20 2110 1827 30 2110.07 1811.582 30 2112.997 1826.391 20 2113.062 1811.609 20 2113.062 1826.364 30 2113.125 1813.294 30 2115.607 1824.657 20 2115.657 1813.343 20 2115.657 1824.607 30 2115.706 1815.874 30 2117.364 1822.062 20 2117.391 1815.938 20 2117.391 1821.997 30 2117.417 1818.93 30 2118 1819 20 2118 1815.837 30 2118.77 1818.954 30 2118.947 1816.95 20 2118.693 1820.012 20 2119.302 1815.837 20 2118.77 1821.765 30 2120.303 1813.889 20 2119.302 1822.607 20 2121.036 1812.89 30 2119.8 1823.843 30 2122.632 1811.294 20 2121.036 1824.341 20 2123.631 1810.561 30 2121.878 1824.873 30 2125.579 1809.559 20 2123.631 1824.95 20 2126.693 1809.205 30 2124.689 1824.696 30 2128.696 1808.95 20 2126.693 1824.341 20 2129.754 1809.028 30 2127.806 1823.34 30 2131.507 1809.559 20 2129.754 1822.607 20 2132.349 1810.057 30 2130.753 1821.011 30 2133.585 1811.294 20 2132.349 1820.012 20 2134.083 1812.136 30 2133.082 1818.064 30 2134.615 1813.889 20 2134.083 1816.95 20 2134.693 1814.947 30 2134.437 1811.76 30 2134.437 1814.741 30 2135.363 1813.985 20 2135.002 1816.58 20 2136.737 1811.76 20 2134.437 1817.14 30 2137.359 1810.923 20 2134.394 1818.314 20 2139.332 1808.651 30 2134.723 1818.594 30 2140.121 1807.862 20 2135.002 1818.923 20 2142.394 1805.889 30 2136.176 1818.88 30 2143.229 1805.266 20 2136.737 1818.314 20 2145.455 1803.893 30 2138.576 1817.954 30 2146.211 1803.532 20 2139.332 1816.58 20 2148.05 1802.967 30 2141.557 1815.958 30 2148.611 1802.923 20 2142.394 1813.985 20 2149.785 1803.253 30 2144.666 1813.196 30 2150.064 1803.532 20 2145.455 1810.923 20 2150.394 1804.706 30 2147.428 1810.087 30 2150.35 1805.266 20 2148.05 1807.862 20 2149.785 1807.106 30 2149.424 1756.351 30 2042.787 1756.852 30 2039.706 1756.346 20 2042.508 1756.955 20 2039.446 1756.351 20 2042.787 1758.495 30 2037.052 1756.955 20 2045.569 1758.689 20 2036.851 1757.066 30 2045.825 1761.028 30 2035.228 1758.689 20 2048.165 1761.284 20 2035.117 1758.89 30 2048.359 1764.067 30 2034.513 1761.284 20 2049.899 1764.346 20 2034.508 1761.544 30 2050.001 1767.148 30 2035.014 1764.346 20 2050.508 1767.407 20 2035.117 1764.625 30 2050.503 1769.802 30 2036.657 1767.407 20 2049.899 1770.003 20 2036.851 1767.664 30 2049.788 1771.626 30 2039.19 1770.003 20 2048.165 1771.737 20 2039.446 1770.197 30 2047.963 1772.341 30 2042.229 1771.737 20 2045.569 1772.346 20 2042.508 1771.839 30 2045.309 1739.902 30 2043.247 1739.643 30 2040.136 1739.592 20 2041.042 1740.201 20 2037.981 1739.902 20 2043.247 1740.595 30 2037.164 1740.201 20 2044.104 1741.935 20 2035.385 1741.331 30 2046.022 1742.612 30 2034.781 1741.935 20 2046.699 1744.53 20 2033.651 1743.713 30 2048.039 1745.387 30 2033.352 1744.53 20 2048.433 1747.592 20 2033.042 1746.686 30 2048.991 1748.498 30 2033.093 1747.592 20 2049.042 1750.653 20 2033.651 1749.797 30 2048.732 1751.47 30 2034.045 1750.653 20 2048.433 1753.249 20 2035.385 1752.572 30 2047.303 1753.853 30 2036.062 1753.249 20 2046.699 1754.983 20 2037.981 1754.589 30 2044.92 1755.282 30 2038.837 1754.983 20 2044.104 1755.592 20 2041.042 1755.54 30 2041.947 1724.053 30 2047.673 1723.049 30 2044.717 1723.59 20 2046.734 1722.981 20 2043.673 1724.053 20 2047.673 1723.254 30 2041.602 1725.324 20 2049.33 1723.59 20 2040.612 1726.111 30 2050.02 1724.634 30 2038.803 1727.92 20 2051.064 1725.324 20 2038.016 1728.91 30 2051.4 1726.981 30 2036.745 1730.981 20 2051.673 1727.92 20 2036.282 1732.025 30 2051.604 1729.937 30 2035.741 1734.042 20 2051.064 1730.981 20 2035.673 1734.981 30 2050.601 1733.052 30 2035.946 1736.638 20 2049.33 1734.042 20 2036.282 1737.328 30 2048.543 1735.851 30 2037.326 1738.372 20 2046.734 1736.638 20 2038.016 1738.708 30 2045.744 1737.909 30 2039.673 1738.981 20 2043.673 1738.372 20 2040.612 1738.913 30 2042.629 1709.745 30 2055.802 1708.057 30 2053.176 1708.109 20 2053.306 1707.5 20 2050.244 1709.745 20 2055.802 1707.501 30 2050.105 1709.843 20 2055.901 1708.109 20 2047.183 1712.31 30 2057.581 1708.164 30 2047.054 1712.438 20 2057.635 1709.843 20 2044.587 1715.36 30 2058.243 1709.943 30 2044.489 1715.5 20 2058.244 1712.438 20 2042.853 1718.432 30 2057.687 1712.568 30 2042.801 1718.562 20 2057.635 1715.5 20 2042.244 1721.057 30 2055.999 1715.64 30 2042.246 1721.157 20 2055.901 1718.562 20 2042.853 1722.836 30 2053.434 1718.69 30 2042.908 1722.891 20 2053.306 1721.157 20 2044.587 1723.499 30 2050.384 1721.255 30 2044.687 1723.5 20 2050.244 1722.891 20 2047.183 1722.943 30 2047.312 1800.928 20 2148.177 1804.013 20 2148.653 1806.682 20 2150.271 1798.541 20 2163.687 1801.626 20 2164.162 1795.872 20 2162.068 1807.175 20 2161.575 1797.896 20 2148.919 1809.269 20 2155.821 1804.658 20 2163.42 1795.379 20 2150.765 1808.795 20 2158.906 1808.528 20 2152.789 1793.285 20 2156.519 1794.026 20 2159.551 1793.759 20 2153.434 1777.186 20 2179.407 1774.591 20 2177.674 1772.857 20 2175.078 1787.639 20 2175.078 1787.639 20 2168.955 1785.904 20 2177.674 1788.248 20 2172.017 1784.721 20 2165.384 1783.309 20 2179.407 1785.904 20 2166.36 1780.248 20 2164.017 1780.248 20 2180.017 1772.857 20 2168.955 1783.309 20 2164.625 1772.248 20 2172.017 1774.591 20 2166.36 1777.186 20 2164.625 1771.737 20 2180.553 1770.003 20 2183.149 1767.407 20 2184.883 1761.284 20 2184.883 1770.291 20 2172.139 1764.346 20 2185.492 1756.955 20 2180.553 1771.737 20 2174.431 1764.346 20 2169.492 1758.689 20 2183.149 1772.346 20 2177.492 1767.407 20 2170.101 1756.955 20 2174.431 1770.003 20 2171.835 1758.689 20 2171.835 1756.346 20 2177.492 1761.284 20 2170.101 1754.983 20 2182.02 1753.249 20 2184.615 1750.653 20 2186.349 1747.592 20 2186.958 1754.656 20 2175.202 1753.249 20 2173.301 1754.983 20 2175.896 1747.592 20 2170.958 1755.592 20 2178.958 1740.201 20 2175.896 1750.653 20 2171.567 1740.201 20 2182.02 1741.935 20 2173.301 1744.53 20 2186.349 1739.592 20 2178.958 1744.53 20 2171.567 1741.935 20 2184.615 1738.981 20 2176.327 1738.372 20 2179.388 1738.743 20 2174.392 1738.372 20 2173.266 1725.324 20 2181.984 1730.981 20 2184.327 1723.59 20 2179.388 1727.92 20 2183.718 1736.638 20 2181.984 1730.981 20 2168.327 1734.042 20 2183.718 1736.638 20 2170.67 1723.59 20 2173.266 1734.042 20 2168.936 1722.981 20 2176.327 1725.324 20 2170.67 1727.92 20 2168.936 1722.891 20 2172.817 1721.157 20 2175.413 1715.5 20 2177.756 1718.562 20 2177.147 1722.891 20 2166.694 1715.5 20 2161.756 1723.5 20 2169.756 1721.157 20 2164.099 1708.109 20 2172.817 1718.562 20 2162.365 1708.109 20 2166.694 1709.843 20 2175.413 1707.5 20 2169.756 1709.843 20 2164.099 1712.438 20 2177.147 1712.438 20 2162.365 1781.193 20 2049.735 1782.928 20 2047.14 1785.523 20 2045.405 1788.584 20 2044.796 1781.193 20 2055.858 1780.584 20 2052.796 1782.928 20 2058.453 1780.759 20 2051.133 1795.975 20 2049.735 1791.646 20 2045.405 1788.584 20 2060.796 1794.241 20 2047.14 1795.975 20 2055.858 1785.523 20 2060.187 1794.241 20 2058.453 1796.584 20 2052.796 1791.646 20 2060.187 1795.62 20 2058.173 1798.216 20 2056.439 1794.087 20 2060.323 1804.338 20 2056.439 1806.934 20 2058.173 1801.277 20 2055.83 1808.668 20 2060.769 1795.62 20 2069.487 1801.277 20 2071.83 1793.886 20 2066.891 1808.668 20 2066.891 1798.216 20 2071.221 1793.277 20 2063.83 1806.934 20 2069.487 1809.277 20 2063.83 1793.886 20 2060.769 1804.338 20 2071.221 1805.266 20 2071.949 1807.862 20 2070.215 1804.795 20 2072.464 1810.923 20 2069.606 1803.532 20 2080.668 1803.532 20 2074.545 1810.923 20 2085.606 1802.923 20 2077.606 1818.314 20 2074.545 1805.266 20 2083.263 1816.58 20 2071.949 1818.314 20 2080.668 1807.862 20 2084.998 1813.985 20 2070.215 1816.58 20 2083.263 1818.923 20 2077.606 1813.985 20 2084.998 1822.607 20 2087.651 1824.341 20 2090.246 1812.248 20 2086.835 1816.95 20 2101.307 1816.95 20 2085.307 1824.341 20 2096.369 1809.559 20 2096.369 1820.012 20 2085.916 1813.889 20 2085.916 1822.607 20 2098.964 1824.95 20 2093.307 1809.559 20 2090.246 1811.294 20 2098.964 1820.012 20 2100.698 1808.95 20 2093.307 1811.294 20 2087.651 1813.889 20 2100.698 1822.062 20 2102.609 1824.657 20 2104.343 1816.003 20 2102.582 1826.391 20 2106.938 1819 20 2102 1826.391 20 2113.062 1827 20 2110 1819 20 2118 1822.062 20 2117.391 1813.343 20 2115.657 1824.657 20 2115.657 1811.609 20 2113.062 1815.938 20 2117.391 1811.609 20 2106.938 1811 20 2110 1813.343 20 2104.343 1816.95 20 2118.693 1820.012 20 2119.302 1815.837 20 2118.77 1824.341 20 2123.631 1816.95 20 2134.693 1822.607 20 2121.036 1824.341 20 2129.754 1811.294 20 2132.349 1822.607 20 2132.349 1824.95 20 2126.693 1809.559 20 2129.754 1813.889 20 2134.083 1820.012 20 2134.083 1809.559 20 2123.631 1808.95 20 2126.693 1811.294 20 2121.036 1813.889 20 2119.302 1807.862 20 2135.002 1810.923 20 2134.394 1805.266 20 2136.737 1803.532 20 2139.332 1803.532 20 2145.455 1811.76 20 2134.437 1802.923 20 2142.394 1810.923 20 2150.394 1818.314 20 2139.332 1805.266 20 2148.05 1816.58 20 2136.737 1818.314 20 2145.455 1807.862 20 2149.785 1813.985 20 2135.002 1816.58 20 2148.05 1818.923 20 2142.394 1813.985 20 2149.785 1756.351 20 2042.787 1756.346 20 2042.508 1756.955 20 2039.446 1756.955 20 2045.569 1764.346 20 2034.508 1758.689 20 2036.851 1770.003 20 2036.851 1761.284 20 2035.117 1767.407 20 2035.117 1758.689 20 2048.165 1770.003 20 2048.165 1771.737 20 2039.446 1761.284 20 2049.899 1771.737 20 2045.569 1767.407 20 2049.899 1772.346 20 2042.508 1764.346 20 2050.508 1739.592 20 2041.042 1740.201 20 2037.981 1739.902 20 2043.247 1740.201 20 2044.104 1744.53 20 2048.433 1750.653 20 2048.433 1741.935 20 2046.699 1744.53 20 2033.651 1747.592 20 2049.042 1741.935 20 2035.385 1755.592 20 2041.042 1750.653 20 2033.651 1754.983 20 2044.104 1747.592 20 2033.042 1754.983 20 2037.981 1753.249 20 2046.699 1753.249 20 2035.385 1725.324 20 2049.33 1724.053 20 2047.673 1723.59 20 2046.734 1723.59 20 2040.612 1722.981 20 2043.673 1734.042 20 2036.282 1738.372 20 2046.734 1727.92 20 2036.282 1738.981 20 2043.673 1727.92 20 2051.064 1725.324 20 2038.016 1730.981 20 2035.673 1736.638 20 2038.016 1736.638 20 2049.33 1738.372 20 2040.612 1734.042 20 2051.064 1730.981 20 2051.673 1709.843 20 2055.901 1709.745 20 2055.802 1708.109 20 2053.306 1715.5 20 2058.244 1712.438 20 2042.853 1712.438 20 2057.635 1708.109 20 2047.183 1718.562 20 2042.853 1707.5 20 2050.244 1709.843 20 2044.587 1722.891 20 2053.306 1715.5 20 2042.244 1722.891 20 2047.183 1721.157 20 2055.901 1721.157 20 2044.587 1723.5 20 2050.244 1718.562 20 2057.635 1433 3 2204 1413 3 2204 1413 2.7716 2202.852 1413 2.7716 2205.148 1433 2.7716 2202.852 1433 2.7716 2205.148 1413 2.1213 2201.879 1413 2.1213 2206.121 1433 2.1213 2201.879 1433 2.1213 2206.121 1433 1.1481 2201.228 1433 1.1481 2206.771 1413 1.1481 2201.228 1413 1.1481 2206.771 1433 0 2201 1433 0 2207 1413 0 2201 1413 0 2207 1433 -1.1481 2201.228 1433 -1.1481 2206.771 1413 -1.1481 2201.228 1413 -1.1481 2206.771 1433 -2.1213 2201.879 1433 -2.1213 2206.121 1413 -2.1213 2201.879 1413 -2.1213 2206.121 1413 -2.7716 2202.852 1433 -2.7716 2205.148 1433 -2.7716 2202.852 1413 -2.7716 2205.148 1413 -3 2204 1433 -3 2204 1433 3 2016 1413 3 2016 1413 2.7716 2014.852 1413 2.7716 2017.148 1433 2.7716 2014.852 1433 2.7716 2017.148 1413 2.1213 2013.879 1413 2.1213 2018.121 1433 2.1213 2013.879 1433 2.1213 2018.121 1433 1.1481 2013.228 1433 1.1481 2018.772 1413 1.1481 2013.228 1413 1.1481 2018.772 1433 0 2013 1413 0 2019 1413 0 2013 1433 0 2019 1413 -1.1481 2013.228 1413 -1.1481 2018.772 1433 -1.1481 2013.228 1433 -1.1481 2018.772 1413 -2.1213 2013.879 1413 -2.1213 2018.121 1433 -2.1213 2013.879 1433 -2.1213 2018.121 1413 -2.7716 2014.852 1433 -2.7716 2017.148 1433 -2.7716 2014.852 1413 -2.7716 2017.148 1413 -3 2016 1433 -3 2016 1433 81.2846 2101.473 1433 77.9593 2102.602 1445 77.9593 2102.602 1445 74.4552 2102.372 1445 81.2846 2101.473 1433 74.4552 2102.372 1445 83.9248 2099.157 1445 71.3057 2100.819 1433 83.9248 2099.157 1433 71.3057 2100.819 1433 85.4779 2096.008 1445 68.9904 2098.179 1445 85.4779 2096.008 1433 68.9904 2098.179 1433 85.7076 2092.504 1445 67.8616 2094.854 1445 85.7076 2092.504 1433 67.8616 2094.854 1433 84.5788 2089.179 1445 68.0913 2091.35 1445 84.5788 2089.179 1433 68.0913 2091.35 1433 82.2634 2086.539 1445 69.6444 2088.2 1445 82.2634 2086.539 1433 69.6444 2088.2 1433 79.11401 2084.986 1445 72.2846 2085.885 1445 79.11401 2084.986 1433 72.2846 2085.885 1433 75.6098 2084.756 1445 75.6098 2084.756 1433 80.9329 2121.391 1433 77.4333 2121.682 1445 78.4522 2121.739 1445 75.00801 2121.054 1445 80.9329 2121.391 1433 74.0889 2120.611 1445 81.8963 2121.054 1445 72.0882 2119.104 1433 84.0548 2119.783 1433 71.4087 2118.342 1445 84.8161 2119.104 1445 70.1373 2116.184 1433 86.3238 2117.103 1433 69.8008 2115.22 1445 86.7671 2116.184 1445 69.4522 2112.739 1433 87.3943 2113.758 1433 69.51 2111.721 1445 87.4522 2112.739 1445 70.1373 2109.295 1433 87.1035 2110.259 1433 70.5806 2108.376 1445 86.7671 2109.295 1445 72.0882 2106.375 1433 85.4957 2107.137 1433 72.8495 2105.696 1445 84.8161 2106.375 1445 75.00801 2104.425 1433 82.8155 2104.868 1433 75.9714 2104.088 1445 81.8963 2104.425 1445 78.4522 2103.739 1433 79.471 2103.797 1433 75.7731 2140.632 1433 72.3072 2140.068 1445 75.45901 2140.637 1445 72.0149 2139.952 1445 75.7731 2140.632 1433 69.3211 2138.219 1445 78.9032 2139.952 1445 69.0951 2138.001 1433 79.1913 2139.827 1433 67.2694 2135.37 1445 81.82301 2138.001 1445 67.1441 2135.082 1433 82.0412 2137.776 1433 66.4645 2131.952 1445 83.774 2135.082 1445 66.459 2131.637 1433 83.8891 2134.789 1433 67.02901 2128.486 1445 84.45901 2131.637 1445 67.1441 2128.193 1433 84.4536 2131.323 1433 68.8769 2125.5 1445 83.774 2128.193 1445 69.0951 2125.273 1433 83.6487 2127.905 1433 71.7268 2123.448 1445 81.82301 2125.273 1445 72.0149 2123.322 1433 81.597 2125.055 1433 75.14501 2122.643 1445 78.9032 2123.322 1445 75.45901 2122.637 1433 78.6109 2123.208 1433 66.1118 2158.053 1433 62.8853 2156.667 1445 64.5388 2157.565 1445 61.619 2155.614 1445 66.1118 2158.053 1433 60.435 2154.152 1445 67.983 2158.25 1445 59.6681 2152.694 1433 69.6231 2158.099 1433 59.1337 2150.89 1445 71.4271 2157.565 1445 58.983 2149.25 1433 72.8847 2156.798 1433 59.1797 2147.379 1445 74.347 2155.614 1445 59.6681 2145.806 1433 75.4001 2154.348 1433 60.5659 2144.152 1445 76.2979 2152.694 1445 61.619 2142.886 1433 76.7863 2151.121 1433 63.0812 2141.702 1445 76.983 2149.25 1445 64.5388 2140.935 1433 76.8323 2147.61 1433 66.3429 2140.401 1445 76.2979 2145.806 1445 67.983 2140.25 1433 75.53101 2144.348 1433 69.8542 2140.447 1445 74.347 2142.886 1445 71.4271 2140.935 1433 73.0807 2141.833 1433 52.5228 2172.62 1433 49.7276 2170.494 1445 50.1042 2170.894 1445 48.1533 2167.975 1445 52.5228 2172.62 1433 47.9585 2167.461 1445 53.024 2172.845 1445 47.4682 2164.531 1433 55.9187 2173.514 1433 47.485 2163.981 1445 56.4682 2173.531 1445 48.1533 2161.086 1433 59.3983 2173.04 1433 48.379 2160.585 1445 59.9123 2172.845 1445 50.1042 2158.167 1433 62.4318 2171.271 1433 50.5046 2157.79 1445 62.8321 2170.894 1445 53.024 2156.216 1433 64.5573 2168.476 1433 53.5381 2156.021 1445 64.7831 2167.975 1445 56.4682 2155.531 1433 65.4514 2165.08 1433 57.0176 2155.547 1445 65.4682 2164.531 1445 59.9123 2156.216 1433 64.9778 2161.601 1433 60.4135 2156.442 1445 64.7831 2161.086 1445 62.8321 2158.167 1433 63.2088 2158.567 1433 35.8136 2183.466 1433 33.6156 2180.728 1445 35.2347 2182.936 1445 33.2837 2180.016 1445 35.8136 2183.466 1433 32.6329 2177.356 1445 38.1545 2184.887 1445 32.5987 2176.572 1433 38.8923 2185.155 1433 33.0152 2173.865 1445 41.5987 2185.572 1445 33.2837 2173.127 1433 42.3831 2185.538 1433 34.7043 2170.787 1445 45.0428 2184.887 1445 35.2347 2170.208 1433 45.7544 2184.555 1433 37.4429 2168.589 1445 47.9626 2182.936 1445 38.1545 2168.257 1433 48.4931 2182.357 1433 40.8143 2167.606 1445 49.9136 2180.016 1445 41.5987 2167.572 1433 50.1821 2179.278 1433 44.305 2167.988 1445 50.5987 2176.572 1445 45.0428 2168.257 1433 50.5644 2175.787 1433 47.3838 2169.677 1445 49.9136 2173.127 1445 47.9626 2170.208 1433 49.5818 2172.416 1433 16.9767 2189.948 1433 15.5065 2186.759 1445 15.9429 2188.102 1445 15.2578 2184.658 1445 16.9767 2189.948 1433 15.3686 2183.25 1445 17.8939 2191.022 1445 15.9429 2181.214 1433 19.5553 2192.332 1433 16.5841 2179.956 1445 20.8137 2192.973 1445 17.8939 2178.294 1433 22.8499 2193.547 1433 18.9678 2177.377 1445 24.2578 2193.658 1445 20.8137 2176.343 1433 26.3588 2193.409 1433 22.1568 2175.906 1445 27.702 2192.973 1445 24.2578 2175.658 1433 29.5479 2191.939 1433 25.6657 2175.769 1445 30.6218 2191.022 1445 27.702 2176.343 1433 31.9316 2189.36 1433 28.9603 2176.984 1445 32.5728 2188.102 1445 30.6218 2178.294 1433 33.147 2186.066 1433 31.539 2179.368 1445 33.2578 2184.658 1445 32.5728 2181.214 1433 33.0092 2182.557 1433 -33.2578 2184.658 1433 -32.5728 2181.214 1445 -32.5728 2181.214 1445 -30.6218 2178.294 1445 -33.2578 2184.658 1433 -30.6218 2178.294 1445 -32.5728 2188.102 1433 -27.702 2176.343 1433 -32.5728 2188.102 1445 -27.702 2176.343 1433 -30.6218 2191.022 1433 -24.2578 2175.658 1445 -30.6218 2191.022 1445 -24.2578 2175.658 1433 -27.702 2192.973 1445 -20.8137 2176.343 1445 -27.702 2192.973 1433 -20.8137 2176.343 1433 -24.2578 2193.658 1445 -17.8939 2178.294 1445 -24.2578 2193.658 1433 -17.8939 2178.294 1433 -20.8137 2192.973 1445 -15.9429 2181.214 1445 -20.8137 2192.973 1433 -15.9429 2181.214 1433 -17.8939 2191.022 1445 -15.2578 2184.658 1445 -17.8939 2191.022 1433 -15.2578 2184.658 1433 -15.9429 2188.102 1445 -15.9429 2188.102 1433 -50.3313 2174.394 1433 -48.8334 2171.218 1445 -49.9136 2173.127 1445 -47.9626 2170.208 1445 -50.3313 2174.394 1433 -46.234 2168.857 1445 -50.5987 2176.572 1445 -45.0428 2168.257 1433 -50.4998 2177.902 1433 -42.9289 2167.671 1445 -49.9136 2180.016 1445 -41.5987 2167.572 1433 -49.3132 2181.207 1433 -39.4214 2167.839 1445 -47.9626 2182.936 1445 -38.1545 2168.257 1433 -46.9521 2183.806 1433 -36.2453 2169.337 1445 -45.0428 2184.887 1445 -35.2347 2170.208 1433 -43.776 2185.304 1433 -33.8842 2171.936 1445 -41.5987 2185.572 1445 -33.2837 2173.127 1433 -40.2684 2185.473 1433 -32.6975 2175.241 1445 -38.1545 2184.887 1445 -32.5987 2176.572 1433 -36.9633 2184.286 1433 -32.866 2178.749 1445 -35.2347 2182.936 1445 -33.2837 2180.016 1433 -34.3639 2181.925 1433 -64.4147 2160.305 1433 -62.1929 2157.586 1445 -62.8321 2158.167 1445 -59.9123 2156.216 1445 -64.4147 2160.305 1433 -59.0995 2155.924 1445 -64.7831 2161.086 1445 -56.4682 2155.531 1433 -65.4267 2163.668 1433 -55.6056 2155.572 1445 -65.4682 2164.531 1445 -53.024 2156.216 1433 -65.0749 2167.162 1433 -52.2429 2156.584 1445 -64.7831 2167.975 1445 -50.1042 2158.167 1433 -63.4128 2170.255 1433 -49.5236 2158.806 1445 -62.8321 2170.894 1445 -48.1533 2161.086 1433 -60.6934 2172.477 1433 -47.8614 2161.899 1445 -59.9123 2172.845 1445 -47.4682 2164.531 1433 -57.3308 2173.489 1433 -47.5096 2165.393 1445 -56.4682 2173.531 1445 -48.1533 2167.975 1433 -53.8368 2173.137 1433 -48.5216 2168.756 1445 -53.024 2172.845 1445 -50.1042 2170.894 1433 -50.7435 2171.475 1433 -74.6713 2143.228 1433 -71.8576 2141.127 1445 -74.347 2142.886 1445 -71.4271 2140.935 1445 -74.6713 2143.228 1433 -68.45401 2140.262 1445 -76.2979 2145.806 1445 -67.983 2140.25 1433 -76.4668 2146.246 1433 -64.9787 2140.766 1445 -76.983 2149.25 1445 -64.5388 2140.935 1433 -76.9707 2149.721 1433 -61.9608 2142.562 1445 -76.2979 2152.694 1445 -61.619 2142.886 1433 -76.1063 2153.124 1433 -59.8597 2145.375 1445 -74.347 2155.614 1445 -59.6681 2145.806 1433 -74.0052 2155.938 1433 -58.9953 2148.779 1445 -71.4271 2157.565 1445 -58.983 2149.25 1433 -70.9873 2157.734 1433 -59.4992 2152.254 1445 -67.983 2158.25 1445 -59.6681 2152.694 1433 -67.512 2158.238 1433 -61.2947 2155.272 1445 -64.5388 2157.565 1445 -61.619 2155.614 1433 -64.1084 2157.373 1433 -80.4918 2124.176 1433 -77.2534 2122.818 1445 -78.9032 2123.322 1445 -75.45901 2122.637 1445 -80.4918 2124.176 1433 -73.7418 2122.803 1445 -81.82301 2125.273 1445 -72.0149 2123.322 1433 -82.96401 2126.67 1433 -70.4916 2124.133 1445 -83.774 2128.193 1445 -69.0951 2125.273 1433 -84.2937 2129.92 1433 -67.9977 2126.605 1445 -84.45901 2131.637 1445 -67.1441 2128.193 1433 -84.2784 2133.432 1433 -66.6397 2129.843 1445 -83.774 2135.082 1445 -66.459 2131.637 1433 -82.9204 2136.67 1433 -66.6244 2133.355 1445 -81.82301 2138.001 1445 -67.1441 2135.082 1433 -80.4265 2139.143 1433 -67.9541 2136.605 1445 -78.9032 2139.952 1445 -69.0951 2138.001 1433 -77.1763 2140.472 1433 -70.4263 2139.099 1445 -75.45901 2140.637 1445 -72.0149 2139.952 1433 -73.6647 2140.457 1433 -81.5304 2104.282 1433 -78.0596 2103.748 1445 -78.4522 2103.739 1445 -75.00801 2104.425 1445 -81.5304 2104.282 1433 -74.6486 2104.583 1445 -81.8963 2104.425 1445 -72.0882 2106.375 1433 -84.5325 2106.104 1433 -71.8167 2106.659 1445 -84.8161 2106.375 1445 -70.1373 2109.295 1433 -86.6089 2108.936 1433 -69.9949 2109.661 1445 -86.7671 2109.295 1445 -69.4522 2112.739 1433 -87.4436 2112.347 1433 -69.4607 2113.132 1445 -87.4522 2112.739 1445 -70.1373 2116.184 1433 -86.9094 2115.818 1433 -70.2954 2116.543 1445 -86.7671 2116.184 1445 -72.0882 2119.104 1433 -85.0877 2118.82 1433 -72.3719 2119.375 1445 -84.8161 2119.104 1445 -75.00801 2121.054 1433 -82.2557 2120.896 1433 -75.374 2121.197 1445 -81.8963 2121.054 1445 -78.4522 2121.739 1433 -78.8448 2121.731 1433 -77.7253 2084.728 1433 -74.2284 2085.05 1445 -76.7846 2084.679 1445 -73.3404 2085.364 1445 -77.7253 2084.728 1433 -71.1207 2086.685 1445 -80.2287 2085.364 1445 -70.4206 2087.315 1433 -81.07901 2085.77 1433 -68.8752 2089.384 1445 -83.1485 2087.315 1445 -68.4697 2090.235 1433 -83.7789 2088.015 1433 -67.8339 2092.738 1445 -85.0995 2090.235 1445 -67.7846 2093.679 1433 -85.414 2091.123 1433 -68.1552 2096.235 1445 -85.7846 2093.679 1445 -68.4697 2097.123 1433 -85.7353 2094.62 1433 -69.7903 2099.343 1445 -85.0995 2097.123 1445 -70.4206 2100.043 1433 -84.6939 2097.973 1433 -72.4902 2101.588 1445 -83.1485 2100.043 1445 -73.3404 2101.994 1433 -82.4485 2100.673 1433 -75.8438 2102.63 1445 -80.2287 2101.994 1445 -76.7846 2102.679 1433 -79.3407 2102.308 1433 60.7487 2055.323 1433 58.7219 2058.191 1445 58.8907 2058.027 1445 55.9709 2059.978 1445 60.7487 2055.323 1433 55.7521 2060.065 1445 60.8417 2055.107 1445 52.5268 2060.663 1433 61.5237 2051.899 1433 52.2912 2060.66 1445 61.5268 2051.663 1445 49.0826 2059.978 1433 60.929 2048.437 1433 48.8661 2059.885 1445 60.8417 2048.219 1445 46.1628 2058.027 1433 59.0551 2045.468 1433 45.9984 2057.858 1445 58.8907 2045.299 1445 44.2118 2055.107 1433 56.1874 2043.441 1433 44.1245 2054.888 1445 55.9709 2043.348 1445 43.5268 2051.663 1433 52.7623 2042.666 1433 43.5298 2051.427 1445 52.5268 2042.663 1445 44.2118 2048.219 1433 49.3014 2043.261 1433 44.3048 2048.002 1445 49.0826 2043.348 1445 46.1628 2045.299 1433 46.3316 2045.135 1433 45.7168 2042.252 1433 44.444 2045.524 1445 45.1684 2044.133 1445 43.2175 2047.052 1445 45.7168 2042.252 1433 42.0157 2048.061 1445 45.8535 2040.689 1445 40.2977 2049.003 1433 45.6402 2038.741 1433 38.8015 2049.475 1445 45.1684 2037.244 1445 36.8535 2049.689 1433 44.2259 2035.526 1433 35.2907 2049.552 1445 43.2175 2034.325 1445 33.4094 2049.003 1433 41.6892 2033.098 1433 32.0178 2048.279 1445 40.2977 2032.374 1445 30.4896 2047.052 1433 38.4164 2031.825 1433 29.4811 2045.851 1445 36.8535 2031.689 1445 28.5386 2044.133 1433 34.9056 2031.902 1433 28.0669 2042.637 1445 33.4094 2032.374 1445 27.8535 2040.689 1433 31.6913 2033.316 1433 27.9902 2039.125 1445 30.4896 2034.325 1445 28.5386 2037.244 1433 29.263 2035.853 1433 27.9689 2033.204 1433 27.5258 2036.687 1445 27.9909 2033.832 1445 27.3058 2037.276 1445 27.9689 2033.204 1433 25.7833 2039.736 1445 27.3058 2030.388 1445 25.3548 2040.196 1433 27.0453 2029.816 1433 23.0066 2041.886 1445 25.3548 2027.468 1445 22.435 2042.147 1433 24.8954 2027.039 1433 19.6187 2042.81 1445 22.435 2025.517 1445 18.9909 2042.832 1433 21.8466 2025.297 1433 16.1351 2042.367 1445 18.9909 2024.832 1445 15.5467 2042.147 1433 18.3631 2024.854 1433 13.0863 2040.624 1445 15.5467 2025.517 1445 12.6269 2040.196 1433 14.9751 2025.777 1433 10.9365 2037.848 1445 12.6269 2027.468 1445 10.676 2037.276 1433 12.1985 2027.927 1433 10.0128 2034.46 1445 10.676 2030.388 1445 9.9909 2033.832 1433 10.456 2030.976 1433 8.5595 2028.719 1433 8.9723 2032.206 1445 9 2031.5 1445 8.3149 2034.944 1445 8.5595 2028.719 1433 8.019101 2035.586 1445 8.3149 2028.056 1445 6.364 2037.864 1433 6.8437 2025.655 1433 5.845 2038.343 1445 6.364 2025.136 1445 3.4442 2039.815 1433 4.0859 2023.481 1433 2.7812 2040.059 1445 3.4442 2023.185 1445 0 2040.5 1433 0.7061 2022.528 1433 -0.7061 2040.472 1445 0 2022.5 1445 -3.4442 2039.815 1433 -2.7812 2022.941 1433 -4.0859 2039.519 1445 -3.4442 2023.185 1445 -6.364 2037.864 1433 -5.845 2024.656 1433 -6.8437 2037.345 1445 -6.364 2025.136 1445 -8.3149 2034.944 1433 -8.019101 2027.414 1433 -8.5595 2034.281 1445 -8.3149 2028.056 1445 -9 2031.5 1433 -8.9723 2030.794 1433 -11.3584 2029.062 1433 -10.1143 2032.346 1445 -10.676 2030.388 1445 -9.9909 2033.832 1445 -11.3584 2029.062 1433 -10.2215 2035.856 1445 -12.6269 2027.468 1445 -10.676 2037.276 1433 -13.7645 2026.505 1433 -11.6638 2039.058 1445 -15.5467 2025.517 1445 -12.6269 2040.196 1433 -16.9663 2025.062 1433 -14.2216 2041.464 1445 -18.9909 2024.832 1445 -15.5467 2042.147 1433 -20.4763 2024.955 1433 -17.5054 2042.708 1445 -22.435 2025.517 1445 -18.9909 2042.832 1433 -23.7601 2026.199 1433 -21.0154 2042.601 1445 -25.3548 2027.468 1445 -22.435 2042.147 1433 -26.3179 2028.606 1433 -24.2172 2041.159 1445 -27.3058 2030.388 1445 -25.3548 2040.196 1433 -27.7602 2031.807 1433 -26.6233 2038.601 1445 -27.9909 2033.832 1445 -27.3058 2037.276 1433 -27.8674 2035.317 1433 -30.6016 2034.215 1433 -28.6 2037.1 1445 -30.4896 2034.325 1445 -28.5386 2037.244 1445 -30.6016 2034.215 1433 -27.8549 2040.531 1445 -33.4094 2032.374 1445 -27.8535 2040.689 1433 -33.555 2032.315 1433 -28.4798 2043.987 1445 -36.8535 2031.689 1445 -28.5386 2044.133 1433 -37.0106 2031.69 1433 -30.3795 2046.941 1445 -40.2977 2032.374 1445 -30.4896 2047.052 1433 -40.4423 2032.435 1433 -33.2648 2048.942 1445 -43.2175 2034.325 1445 -33.4094 2049.003 1433 -43.3276 2034.437 1433 -36.6964 2049.687 1445 -45.1684 2037.244 1445 -36.8535 2049.689 1433 -45.2273 2037.39 1433 -40.152 2049.062 1445 -45.8535 2040.689 1445 -40.2977 2049.003 1433 -45.8521 2040.846 1433 -43.1054 2047.163 1445 -45.1684 2044.133 1445 -43.2175 2047.052 1433 -45.1071 2044.277 1433 -48.0268 2043.869 1433 -45.3866 2046.184 1445 -46.1628 2045.299 1445 -44.2118 2048.219 1445 -48.0268 2043.869 1433 -43.8334 2049.333 1445 -49.0826 2043.348 1445 -43.5268 2051.663 1433 -51.352 2042.74 1433 -43.6037 2052.838 1445 -52.5268 2042.663 1445 -44.2118 2055.107 1433 -54.8561 2042.97 1433 -44.7325 2056.163 1445 -55.9709 2043.348 1445 -46.1628 2058.027 1433 -58.0056 2044.523 1433 -47.0479 2058.803 1445 -58.8907 2045.299 1445 -49.0826 2059.978 1433 -60.321 2047.163 1433 -50.1974 2060.356 1445 -60.8417 2048.219 1445 -52.5268 2060.663 1433 -61.4498 2050.488 1433 -53.7015 2060.586 1445 -61.5268 2051.663 1445 -55.9709 2059.978 1433 -61.2201 2053.992 1433 -57.0268 2059.457 1445 -60.8417 2055.107 1445 -58.8907 2058.027 1433 -59.6669 2057.142 1445 83.9248 2099.157 1445 81.2846 2101.473 1445 85.4779 2096.008 1445 85.7076 2092.504 1445 69.6444 2088.2 1445 84.5788 2089.179 1445 77.9593 2102.602 1445 75.6098 2084.756 1445 67.8616 2094.854 1445 79.11401 2084.986 1445 72.2846 2085.885 1445 68.9904 2098.179 1445 68.0913 2091.35 1445 82.2634 2086.539 1445 71.3057 2100.819 1445 74.4552 2102.372 1445 81.8963 2104.425 1445 84.8161 2106.375 1445 78.4522 2103.739 1445 86.7671 2109.295 1445 87.4522 2112.739 1445 86.7671 2116.184 1445 84.8161 2119.104 1445 81.8963 2121.054 1445 80.9329 2121.391 1445 78.4522 2121.739 1445 75.00801 2121.054 1445 72.0882 2119.104 1445 70.1373 2116.184 1445 69.4522 2112.739 1445 70.1373 2109.295 1445 72.0882 2106.375 1445 75.00801 2104.425 1445 67.1441 2135.082 1445 66.459 2131.637 1445 72.0149 2123.322 1445 67.1441 2128.193 1445 84.45901 2131.637 1445 69.0951 2125.273 1445 78.9032 2123.322 1445 72.0149 2139.952 1445 83.774 2128.193 1445 75.45901 2122.637 1445 75.7731 2140.632 1445 69.0951 2138.001 1445 81.82301 2125.273 1445 78.9032 2139.952 1445 75.45901 2140.637 1445 81.82301 2138.001 1445 83.774 2135.082 1445 64.5388 2140.935 1445 67.983 2140.25 1445 71.4271 2140.935 1445 59.6681 2152.694 1445 66.1118 2158.053 1445 58.983 2149.25 1445 64.5388 2157.565 1445 76.983 2149.25 1445 59.6681 2145.806 1445 61.619 2155.614 1445 71.4271 2157.565 1445 76.2979 2145.806 1445 61.619 2142.886 1445 67.983 2158.25 1445 74.347 2155.614 1445 74.347 2142.886 1445 76.2979 2152.694 1445 52.5228 2172.62 1445 50.1042 2170.894 1445 53.024 2172.845 1445 48.1533 2167.975 1445 47.4682 2164.531 1445 59.9123 2156.216 1445 65.4682 2164.531 1445 53.024 2156.216 1445 64.7831 2161.086 1445 64.7831 2167.975 1445 56.4682 2155.531 1445 48.1533 2161.086 1445 62.8321 2158.167 1445 59.9123 2172.845 1445 50.1042 2158.167 1445 62.8321 2170.894 1445 56.4682 2173.531 1445 35.2347 2170.208 1445 38.1545 2168.257 1445 33.2837 2173.127 1445 32.5987 2176.572 1445 38.1545 2184.887 1445 45.0428 2168.257 1445 33.2837 2180.016 1445 41.5987 2167.572 1445 50.5987 2176.572 1445 35.8136 2183.466 1445 49.9136 2173.127 1445 45.0428 2184.887 1445 35.2347 2182.936 1445 47.9626 2170.208 1445 41.5987 2185.572 1445 49.9136 2180.016 1445 47.9626 2182.936 1445 16.9767 2189.948 1445 32.5728 2181.214 1445 17.8939 2191.022 1445 15.9429 2188.102 1445 33.2578 2184.658 1445 30.6218 2178.294 1445 20.8137 2192.973 1445 15.2578 2184.658 1445 32.5728 2188.102 1445 27.702 2176.343 1445 24.2578 2193.658 1445 15.9429 2181.214 1445 30.6218 2191.022 1445 24.2578 2175.658 1445 27.702 2192.973 1445 17.8939 2178.294 1445 20.8137 2176.343 1445 -32.5728 2181.214 1445 -30.6218 2178.294 1445 -33.2578 2184.658 1445 -27.702 2176.343 1445 -20.8137 2176.343 1445 -24.2578 2175.658 1445 -27.702 2192.973 1445 -15.2578 2184.658 1445 -32.5728 2188.102 1445 -15.9429 2181.214 1445 -20.8137 2192.973 1445 -30.6218 2191.022 1445 -17.8939 2178.294 1445 -15.9429 2188.102 1445 -24.2578 2193.658 1445 -17.8939 2191.022 1445 -50.5987 2176.572 1445 -50.3313 2174.394 1445 -49.9136 2173.127 1445 -45.0428 2168.257 1445 -38.1545 2168.257 1445 -47.9626 2170.208 1445 -41.5987 2167.572 1445 -45.0428 2184.887 1445 -49.9136 2180.016 1445 -38.1545 2184.887 1445 -47.9626 2182.936 1445 -41.5987 2185.572 1445 -33.2837 2173.127 1445 -35.2347 2170.208 1445 -33.2837 2180.016 1445 -32.5987 2176.572 1445 -35.2347 2182.936 1445 -62.8321 2158.167 1445 -59.9123 2156.216 1445 -64.4147 2160.305 1445 -65.4682 2164.531 1445 -53.024 2156.216 1445 -64.7831 2161.086 1445 -56.4682 2155.531 1445 -59.9123 2172.845 1445 -64.7831 2167.975 1445 -47.4682 2164.531 1445 -62.8321 2170.894 1445 -53.024 2172.845 1445 -48.1533 2161.086 1445 -48.1533 2167.975 1445 -56.4682 2173.531 1445 -50.1042 2158.167 1445 -50.1042 2170.894 1445 -74.6713 2143.228 1445 -74.347 2142.886 1445 -76.2979 2145.806 1445 -76.983 2149.25 1445 -71.4271 2140.935 1445 -64.5388 2140.935 1445 -67.983 2140.25 1445 -71.4271 2157.565 1445 -76.2979 2152.694 1445 -58.983 2149.25 1445 -74.347 2155.614 1445 -59.6681 2145.806 1445 -64.5388 2157.565 1445 -61.619 2142.886 1445 -61.619 2155.614 1445 -67.983 2158.25 1445 -59.6681 2152.694 1445 -80.4918 2124.176 1445 -78.9032 2123.322 1445 -72.0149 2139.952 1445 -69.0951 2138.001 1445 -81.82301 2125.273 1445 -75.45901 2122.637 1445 -75.45901 2140.637 1445 -67.1441 2135.082 1445 -83.774 2128.193 1445 -72.0149 2123.322 1445 -78.9032 2139.952 1445 -66.459 2131.637 1445 -84.45901 2131.637 1445 -69.0951 2125.273 1445 -81.82301 2138.001 1445 -67.1441 2128.193 1445 -83.774 2135.082 1445 -81.8963 2104.425 1445 -81.5304 2104.282 1445 -78.4522 2103.739 1445 -84.8161 2106.375 1445 -86.7671 2109.295 1445 -87.4522 2112.739 1445 -86.7671 2116.184 1445 -84.8161 2119.104 1445 -81.8963 2121.054 1445 -78.4522 2121.739 1445 -75.00801 2121.054 1445 -72.0882 2119.104 1445 -70.1373 2116.184 1445 -69.4522 2112.739 1445 -70.1373 2109.295 1445 -72.0882 2106.375 1445 -75.00801 2104.425 1445 -77.7253 2084.728 1445 -76.7846 2084.679 1445 -73.3404 2085.364 1445 -80.2287 2085.364 1445 -85.0995 2097.123 1445 -80.2287 2101.994 1445 -85.7846 2093.679 1445 -67.7846 2093.679 1445 -83.1485 2100.043 1445 -85.0995 2090.235 1445 -73.3404 2101.994 1445 -68.4697 2090.235 1445 -83.1485 2087.315 1445 -68.4697 2097.123 1445 -76.7846 2102.679 1445 -70.4206 2087.315 1445 -70.4206 2100.043 1445 60.7487 2055.323 1445 58.8907 2058.027 1445 55.9709 2059.978 1445 61.5268 2051.663 1445 49.0826 2059.978 1445 60.8417 2055.107 1445 52.5268 2060.663 1445 46.1628 2045.299 1445 55.9709 2043.348 1445 43.5268 2051.663 1445 49.0826 2043.348 1445 58.8907 2045.299 1445 44.2118 2055.107 1445 44.2118 2048.219 1445 52.5268 2042.663 1445 60.8417 2048.219 1445 46.1628 2058.027 1445 45.7168 2042.252 1445 45.1684 2044.133 1445 45.8535 2040.689 1445 45.1684 2037.244 1445 40.2977 2049.003 1445 43.2175 2047.052 1445 33.4094 2049.003 1445 43.2175 2034.325 1445 36.8535 2049.689 1445 36.8535 2031.689 1445 28.5386 2037.244 1445 40.2977 2032.374 1445 27.8535 2040.689 1445 30.4896 2034.325 1445 28.5386 2044.133 1445 33.4094 2032.374 1445 30.4896 2047.052 1445 27.9689 2033.204 1445 27.9909 2033.832 1445 18.9909 2024.832 1445 27.3058 2037.276 1445 27.3058 2030.388 1445 25.3548 2040.196 1445 25.3548 2027.468 1445 22.435 2042.147 1445 22.435 2025.517 1445 18.9909 2042.832 1445 15.5467 2042.147 1445 12.6269 2040.196 1445 10.676 2037.276 1445 9.9909 2033.832 1445 10.676 2030.388 1445 12.6269 2027.468 1445 15.5467 2025.517 1445 8.3149 2028.056 1445 8.5595 2028.719 1445 9 2031.5 1445 8.3149 2034.944 1445 -6.364 2025.136 1445 3.4442 2023.185 1445 0 2040.5 1445 -3.4442 2023.185 1445 6.364 2025.136 1445 6.364 2037.864 1445 -8.3149 2034.944 1445 0 2022.5 1445 3.4442 2039.815 1445 -9 2031.5 1445 -6.364 2037.864 1445 -8.3149 2028.056 1445 -3.4442 2039.815 1445 -10.676 2030.388 1445 -9.9909 2033.832 1445 -25.3548 2040.196 1445 -22.435 2042.147 1445 -27.3058 2037.276 1445 -10.676 2037.276 1445 -11.3584 2029.062 1445 -18.9909 2042.832 1445 -12.6269 2027.468 1445 -12.6269 2040.196 1445 -27.9909 2033.832 1445 -15.5467 2042.147 1445 -15.5467 2025.517 1445 -27.3058 2030.388 1445 -18.9909 2024.832 1445 -25.3548 2027.468 1445 -22.435 2025.517 1445 -30.6016 2034.215 1445 -30.4896 2034.325 1445 -33.4094 2032.374 1445 -36.8535 2031.689 1445 -28.5386 2037.244 1445 -33.4094 2049.003 1445 -27.8535 2040.689 1445 -40.2977 2049.003 1445 -30.4896 2047.052 1445 -36.8535 2049.689 1445 -45.8535 2040.689 1445 -28.5386 2044.133 1445 -43.2175 2034.325 1445 -43.2175 2047.052 1445 -45.1684 2037.244 1445 -40.2977 2032.374 1445 -45.1684 2044.133 1445 -48.0268 2043.869 1445 -46.1628 2045.299 1445 -49.0826 2043.348 1445 -52.5268 2042.663 1445 -55.9709 2059.978 1445 -60.8417 2048.219 1445 -44.2118 2055.107 1445 -58.8907 2045.299 1445 -61.5268 2051.663 1445 -49.0826 2059.978 1445 -44.2118 2048.219 1445 -55.9709 2043.348 1445 -60.8417 2055.107 1445 -46.1628 2058.027 1445 -52.5268 2060.663 1445 -43.5268 2051.663 1445 -58.8907 2058.027 1408.5 0 2207.5 1408.5 -9.5567 2207.03 1409.5 -9.5567 2207.03 1409.5 -19.0213 2205.626 1409.5 0 2207.5 1408.5 -19.0213 2205.626 1408.5 9.5567 2207.03 1409.5 -28.3028 2203.302 1409.5 9.5567 2207.03 1408.5 -28.3028 2203.302 1408.5 19.0213 2205.626 1409.5 -37.3116 2200.078 1409.5 19.0213 2205.626 1408.5 -37.3116 2200.078 1408.5 28.3028 2203.302 1409.5 -45.9612 2195.987 1409.5 28.3028 2203.302 1408.5 -45.9612 2195.987 1408.5 37.3116 2200.078 1409.5 -54.1681 2191.068 1409.5 37.3116 2200.078 1408.5 -54.1681 2191.068 1408.5 45.9612 2195.987 1409.5 -61.8533 2185.368 1409.5 45.9612 2195.987 1408.5 -61.8533 2185.368 1408.5 54.1681 2191.068 1409.5 -68.9429 2178.943 1409.5 54.1681 2191.068 1408.5 -68.9429 2178.943 1408.5 61.8533 2185.368 1409.5 -75.3685 2171.853 1409.5 61.8533 2185.368 1408.5 -75.3685 2171.853 1408.5 68.9429 2178.943 1409.5 -81.0683 2164.168 1409.5 68.9429 2178.943 1408.5 -81.0683 2164.168 1408.5 75.3685 2171.853 1409.5 -85.9873 2155.961 1409.5 75.3685 2171.853 1408.5 -85.9873 2155.961 1408.5 81.0683 2164.168 1409.5 -90.0783 2147.312 1409.5 81.0683 2164.168 1408.5 -90.0783 2147.312 1408.5 85.9873 2155.961 1409.5 -93.3017 2138.303 1409.5 85.9873 2155.961 1408.5 -93.3017 2138.303 1409.5 90.0783 2147.312 1409.5 -95.6266 2129.021 1408.5 90.0783 2147.312 1408.5 -95.6266 2129.021 1408.5 93.3017 2138.303 1409.5 -97.0305 2119.557 1409.5 93.3017 2138.303 1408.5 -97.0305 2119.557 1408.5 95.6266 2129.021 1409.5 -97.5 2110 1409.5 95.6266 2129.021 1408.5 -97.5 2110 1408.5 97.0305 2119.557 1409.5 -97.0305 2100.443 1409.5 97.0305 2119.557 1408.5 -97.0305 2100.443 1408.5 97.5 2110 1409.5 -95.6266 2090.979 1409.5 97.5 2110 1408.5 -95.6266 2090.979 1408.5 97.0305 2100.443 1409.5 -93.3017 2081.697 1409.5 97.0305 2100.443 1408.5 -93.3017 2081.697 1408.5 95.6266 2090.979 1409.5 -90.0783 2072.688 1409.5 95.6266 2090.979 1408.5 -90.0783 2072.688 1408.5 93.3017 2081.697 1409.5 -85.9873 2064.039 1409.5 93.3017 2081.697 1408.5 -85.9873 2064.039 1408.5 90.0783 2072.688 1409.5 -81.0683 2055.832 1409.5 90.0783 2072.688 1408.5 -81.0683 2055.832 1408.5 85.9873 2064.039 1409.5 -75.3685 2048.147 1409.5 85.9873 2064.039 1408.5 -75.3685 2048.147 1408.5 81.0683 2055.832 1409.5 -68.9429 2041.057 1409.5 81.0683 2055.832 1408.5 -68.9429 2041.057 1408.5 75.3685 2048.147 1409.5 -61.8533 2034.632 1409.5 75.3685 2048.147 1408.5 -61.8533 2034.632 1408.5 68.9429 2041.057 1409.5 -54.1681 2028.932 1409.5 68.9429 2041.057 1408.5 -54.1681 2028.932 1408.5 61.8533 2034.632 1409.5 -45.9612 2024.013 1409.5 61.8533 2034.632 1408.5 -45.9612 2024.013 1408.5 54.1681 2028.932 1409.5 -37.3116 2019.922 1409.5 54.1681 2028.932 1408.5 -37.3116 2019.922 1409.5 45.9612 2024.013 1409.5 -28.3028 2016.698 1408.5 45.9612 2024.013 1408.5 -28.3028 2016.698 1408.5 37.3116 2019.922 1409.5 -19.0213 2014.373 1409.5 37.3116 2019.922 1408.5 -19.0213 2014.373 1408.5 28.3028 2016.698 1409.5 -9.5567 2012.97 1409.5 28.3028 2016.698 1408.5 -9.5567 2012.97 1408.5 19.0213 2014.373 1408.5 0 2012.5 1409.5 19.0213 2014.373 1409.5 0 2012.5 1409.5 9.5567 2012.97 1408.5 9.5567 2012.97 1398.5 0 2060 1398.5 9.7545 2060.961 1408.5 0 2060 1408.5 9.7545 2060.961 1408.5 -9.7545 2060.961 1398.5 19.1342 2063.806 1398.5 -9.7545 2060.961 1408.5 19.1342 2063.806 1408.5 -19.1342 2063.806 1398.5 27.7785 2068.426 1398.5 -19.1342 2063.806 1408.5 27.7785 2068.426 1398.5 -27.7785 2068.426 1398.5 35.3553 2074.645 1408.5 -27.7785 2068.426 1408.5 35.3553 2074.645 1398.5 -35.3553 2074.645 1408.5 41.5735 2082.221 1408.5 -35.3553 2074.645 1398.5 41.5735 2082.221 1398.5 -41.5735 2082.221 1408.5 46.194 2090.865 1408.5 -41.5735 2082.221 1398.5 46.194 2090.865 1398.5 -46.194 2090.865 1408.5 49.0393 2100.246 1408.5 -46.194 2090.865 1398.5 49.0393 2100.246 1398.5 -49.0393 2100.246 1408.5 50 2110 1408.5 -49.0393 2100.246 1398.5 50 2110 1398.5 -50 2110 1398.5 49.0393 2119.754 1408.5 -50 2110 1408.5 49.0393 2119.754 1398.5 -49.0393 2119.754 1398.5 46.194 2129.134 1408.5 -49.0393 2119.754 1408.5 46.194 2129.134 1398.5 -46.194 2129.134 1408.5 41.5735 2137.779 1408.5 -46.194 2129.134 1398.5 41.5735 2137.779 1398.5 -41.5735 2137.779 1408.5 35.3553 2145.355 1408.5 -41.5735 2137.779 1398.5 35.3553 2145.355 1398.5 -35.3553 2145.355 1408.5 27.7785 2151.573 1408.5 -35.3553 2145.355 1398.5 27.7785 2151.573 1398.5 -27.7785 2151.573 1408.5 19.1342 2156.194 1408.5 -27.7785 2151.573 1398.5 19.1342 2156.194 1398.5 -19.1342 2156.194 1408.5 9.7545 2159.039 1408.5 -19.1342 2156.194 1398.5 9.7545 2159.039 1408.5 -9.7545 2159.039 1408.5 0 2160 1398.5 -9.7545 2159.039 1398.5 0 2160 1398.5 -35.3553 2145.355 1398.5 -27.7785 2151.573 1398.5 -41.5735 2137.779 1398.5 -19.1342 2156.194 1398.5 -19.1342 2063.806 1398.5 19.1342 2156.194 1398.5 -41.5735 2082.221 1398.5 19.1342 2063.806 1398.5 0 2160 1398.5 -27.7785 2068.426 1398.5 -50 2110 1398.5 41.5735 2137.779 1398.5 0 2060 1398.5 -9.7545 2159.039 1398.5 9.7545 2159.039 1398.5 -35.3553 2074.645 1398.5 -49.0393 2100.246 1398.5 -49.0393 2119.754 1398.5 41.5735 2082.221 1398.5 27.7785 2151.573 1398.5 -9.7545 2060.961 1398.5 9.7545 2060.961 1398.5 -46.194 2090.865 1398.5 -46.194 2129.134 1398.5 50 2110 1398.5 27.7785 2068.426 1398.5 35.3553 2145.355 1398.5 49.0393 2119.754 1398.5 49.0393 2100.246 1398.5 35.3553 2074.645 1398.5 46.194 2129.134 1398.5 46.194 2090.865 1687.54 -36.3943 2070.026 1706.06 -35.5978 2070.308 1687.542 -36.3942 2149.974 1706.062 -35.5977 2149.692 1807.655 20.3826 2103.673 1808 20.2295 2110 1687.54 -36.3943 2070.026 1706.06 -35.5978 2070.308 1687.542 -36.3942 2149.974 1706.062 -35.5977 2149.692 1807.655 20.3826 2103.673 1808 20.2295 2110 1687.54 -36.3943 2070.026 1706.06 -35.5978 2070.308 1687.542 -36.3942 2149.974 1706.062 -35.5977 2149.692 1807.655 20.3826 2103.673 1808 20.2295 2110 1687.54 -36.3943 2070.026 1706.06 -35.5978 2070.308 1687.542 -36.3942 2149.974 1706.062 -35.5977 2149.692 1807.655 20.3826 2103.673 1808 20.2295 2110 1687.54 -36.3943 2070.026 1706.06 -35.5978 2070.308 1687.542 -36.3942 2149.974 1706.062 -35.5977 2149.692 1807.655 20.3826 2103.673 1808 20.2295 2110 1687.54 -36.3943 2070.026 1706.06 -35.5978 2070.308 1687.542 -36.3942 2149.974 1706.062 -35.5977 2149.692 1807.655 20.3826 2103.673 1808 20.2295 2110 1687.54 -36.3943 2070.026 1706.06 -35.5978 2070.308 1687.542 -36.3942 2149.974 1706.062 -35.5977 2149.692 1807.655 20.3826 2103.673 1808 20.2295 2110 1687.54 -36.3943 2070.026 1706.06 -35.5978 2070.308 1687.542 -36.3942 2149.974 1706.062 -35.5977 2149.692 1807.655 20.3826 2103.673 1808 20.2295 2110 1687.54 -36.3943 2070.026 1706.06 -35.5978 2070.308 1687.542 -36.3942 2149.974 1706.062 -35.5977 2149.692 1807.655 20.3826 2103.673 1808 20.2295 2110 1687.54 -36.3943 2070.026 1706.06 -35.5978 2070.308 1687.542 -36.3942 2149.974 1706.062 -35.5977 2149.692 1807.655 20.3826 2103.673 1808 20.2295 2110 1687.542 -36.3942 2149.974 1687.54 -36.3943 2070.026 1706.062 -35.5977 2149.692 1706.06 -35.5978 2070.308 1807.655 20.3826 2103.673 1808 20.2295 2110 1715.5 29 2061.244 1711.712 29 2060.572 1716.451 29 2061.203 1724.432 28.4 2163.335 1724.457 28.7105 2163.371 1707.776 28.7116 2161.924 1707.808 28.4 2161.892 1711.074 18.3237 2159.687 1707.56 29.7242 2057.401 1808 20.2295 2110 1807.655 20.3826 2103.673 1439.349 41.0256 2057.029 1440.619 32.2206 2051.256 1440.601 -32.1435 2051.214 1440.443 -34.0854 2052.318 1439.559 -57.5972 2075.772 1440.443 -34.0854 2167.682 1440.601 -32.1459 2168.785 1440.618 32.2181 2168.745 1440.459 34.1575 2167.639 1421.984 9.0664 2009.408 1421.984 -9.0664 2210.592 1721.458 29.3827 2059.4 1711.208 29.3827 2060.29 1713.078 29.3827 2159.104 1756.233 29.0123 2052.213 1805.835 29.0123 2093.858 1807.993 29.0123 2106.135 1775.564 29.0123 2162.198 1763.846 29.0123 2166.448 1706.06 -35.5978 2070.308 1687.54 -36.3943 2070.026 1687.542 -36.3942 2149.974 1706.062 -35.5977 2149.692</float_array>
          <technique_common>
            <accessor source="#Mesh1_002-mesh-positions-array" count="7642" stride="3">
              <param name="X" type="float"/>
              <param name="Y" type="float"/>
              <param name="Z" type="float"/>
            </accessor>
          </technique_common>
        </source>
        <source id="Mesh1_002-mesh-normals">
          <float_array id="Mesh1_002-mesh-normals-array" count="20058">0 0.06126856 -0.9981214 0.04682612 -0.988736 -0.1421559 0.04681944 -0.9887344 -0.1421699 0.07867467 -0.9832185 -0.1645961 0.07851004 -0.9915048 -0.1037034 0.08205461 -0.9953784 -0.04989081 0.08365941 -0.9950404 -0.05381149 0.08908033 -0.9944383 -0.05618965 0.09079253 -0.9945468 -0.05131882 0.07597792 -0.9951809 -0.06198763 0.07470285 -0.9881851 -0.1338269 0.05563753 -0.9894069 -0.1340842 0.0610969 -0.9916323 -0.1137219 0.06313365 -0.9974426 -0.03350466 0.06314802 -0.9961822 -0.06027835 0.07359385 -0.9870874 -0.1422758 0.07483619 -0.992166 -0.1000319 0.05438095 -0.9883438 -0.1421948 0.0543909 -0.9883376 -0.1422337 0.0543735 -0.9883558 -0.1421141 0.05434066 -0.988367 -0.1420483 0.07612091 -0.9808137 -0.1794719 0.0778231 -0.9755709 -0.2054393 0.05004107 -0.9772848 -0.2059376 0.05679589 -0.9824038 -0.1779245 0.059946 -0.9931117 -0.1006771 0.06418204 -0.9960045 -0.06209474 0.07183444 -0.9691915 -0.235601 0.08715605 -0.9695832 -0.228719 0.08340275 -0.9646515 -0.2499831 0.08567833 -0.9369897 -0.338688 0.07594311 -0.9522201 -0.2958202 0.07311123 -0.9519402 -0.2974302 0.06344652 -0.9607687 -0.2699967 0.04095506 -0.9599856 -0.2770386 0.05498188 -0.979383 -0.1943864 0.07340687 -0.8269468 -0.5574679 0.0844497 -0.850275 -0.5195196 0.08710223 -0.4888757 -0.8679942 0.06831485 -0.4941779 -0.8666726 0.06539267 -0.4826198 -0.8733853 0.08924245 -0.5188262 -0.8502089 0.06759846 -0.8440384 -0.5320054 0.04835474 -0.847249 -0.5289907 0.03672361 -0.4905775 -0.8706235 0.03400552 -0.4803283 -0.8764293 0.0916509 -0.9942926 -0.05461019 0.0916289 -0.9940321 0.0591979 0.08902955 -0.9938756 0.06546109 0.08360785 -0.9943428 0.06551539 0.07817459 -0.9952736 0.05761379 0.07864284 -0.9863975 0.1443449 0.08684402 -0.9857282 0.1442155 0.09029978 -0.9822517 0.1644008 0.08966302 -0.9938333 0.06523805 0.08747315 -0.9944735 0.05805993 0.07543992 -0.9881294 0.1338254 0.07661014 -0.9718194 0.2229305 0.082578 -0.9713605 0.2227998 0.07111936 -0.9760555 0.2055672 0.07310456 -0.9519377 0.2974401 0.0759477 -0.9522151 0.2958353 0.08862024 -0.9626929 0.2556735 0.07597494 -0.9951817 0.06197798 0.05004221 -0.9772855 0.2059341 0.05515003 -0.9694801 0.2388868 0.05497777 -0.9793874 0.1943651 0.04095983 -0.9600092 0.276956 0.06347352 -0.9607573 0.2700304 0.07342314 -0.8269191 0.557507 0.08444708 -0.8502953 0.5194869 0.0886681 -0.8203637 0.5649262 0.06758141 -0.8441054 0.5319012 0.0653876 -0.482665 0.8733608 0.06826442 -0.4941244 0.8667072 0.08778482 -0.4889152 0.8679031 0.05854004 -0.2406935 0.9688342 0.08496558 -0.2402715 0.9669802 0.0810886 -0.2831528 0.9556408 0.02941399 -0.313637 0.9490873 0.04746043 -0.2120064 0.9761152 0.02055269 -0.1080178 0.9939365 0.05891674 -0.1841944 0.9811224 0.08500492 -0.1831181 0.979409 0.05762583 -0.1034954 0.9929592 0.08490878 -0.1027778 0.9910739 0.0478909 -0.9416373 0.333205 0.04844588 -0.8471488 0.5291427 0.04467511 -0.8567534 0.5137878 0.03403609 -0.4802687 0.8764608 0.03669357 -0.4903135 0.8707735 0.0556311 -0.9894064 0.1340908 0.06013119 -0.9855182 0.15855 0.0599395 -0.9931154 0.1006446 0.06417924 -0.9960054 0.06208491 0.06315249 -0.9961819 0.0602796 0.06310337 -0.9974455 0.03347522 0.02080035 -0.1226606 0.9922307 0.04063063 -0.1221622 0.9916782 0.04083019 -0.01692706 0.9990228 0.02396118 -0.01048058 0.9996581 0.01819056 -0.01043307 0.9997801 0.07242161 0.002139747 0.9973719 0.07646483 0.03363215 0.996505 0.04170918 -0.9764799 0.2115356 0.05189037 -0.9874517 0.1491529 0.02705848 -0.9662115 0.2563265 0.02706187 -0.9662097 0.2563326 0.02709496 -0.9661529 0.2565436 0.02707785 -0.9662414 0.2562116 0.05555224 -0.9966304 0.06034904 -0.0215398 -0.4930685 0.8697238 0.003151893 -0.8457117 0.5336307 0.003273785 -0.842949 0.5379837 -0.002201557 -0.1483798 0.9889281 -0.002064228 -0.2432827 0.9699532 -0.03948497 -0.06542021 0.9970764 -0.04416435 -0.04739844 0.9978993 0.0611065 -0.9916316 0.1137228 -0.1115241 -0.9834859 0.142541 -0.09321618 -0.9786026 0.1834332 -0.1064142 -0.9757405 0.1913283 0.05679184 -0.9824045 0.1779218 -0.09003275 -0.9692074 0.2291969 -0.2810719 -0.9305003 0.2348781 -0.364449 -0.8985365 0.2445589 -0.3069909 -0.8994079 0.3111624 -0.4235491 -0.8465992 0.3222981 -0.3534188 -0.8729499 0.3362347 -0.32475 -0.862471 0.388177 -0.3299697 -0.8578945 0.3938746 -0.08331531 -0.9590308 0.2707738 -0.1035528 -0.9652746 0.2398372 -0.09973156 -0.9854686 0.1374967 -0.2315386 -0.9593712 0.1612359 -0.4906269 -0.7873049 0.3734117 -0.4908644 -0.7871308 0.3734668 -0.3351528 -0.9259144 0.1742276 -0.2930659 -0.8455297 0.4463093 -0.2977876 -0.8403717 0.4528775 -0.07841169 -0.9476479 0.3095403 -0.1098562 -0.9900399 0.08804994 -0.08940917 -0.9415745 0.3247207 -0.09627377 -0.9538242 0.2845183 0.04002749 -0.9715965 0.233234 -0.559122 -0.6677865 0.4913694 -0.5291699 -0.681258 0.505833 -0.4907939 -0.6677239 0.5597019 -0.3121013 -0.943467 0.1116378 -0.4855402 -0.7284244 0.4833722 -0.489627 -0.670172 0.5577948 -0.4326335 -0.6526604 0.6219828 -0.4287759 -0.6623715 0.6143414 -0.2731909 -0.8202326 0.5025787 -0.257542 -0.8281259 0.4978753 -0.09196525 -0.9298416 0.3562825 -0.2415711 -0.9674324 0.07561862 -0.05826461 -0.9974666 0.04081207 -0.05819654 -0.9974717 0.04078501 -0.5578733 -0.5810386 0.5925974 -0.5917683 -0.5499393 0.5893871 -0.06838107 -0.9356337 0.3462856 0.02016246 -0.9016321 0.4320338 -0.3276607 -0.6339014 0.7005766 -0.5158163 -0.534474 0.6695306 -0.6669046 -0.3385945 0.6637711 -0.5404712 -0.4507011 0.7104642 -0.4694874 -0.4312295 0.7704691 0.0555526 -0.9966307 -0.06034278 0.05909454 -0.9963569 0.0614885 -0.2010607 -0.8000754 0.5652027 -0.1176166 -0.9355358 0.3330754 -0.1435189 -0.6801279 0.7189078 -0.4452057 -0.510506 0.7356464 -0.3299696 -0.4558774 0.8266173 -0.02176588 -0.4921433 0.8702421 -0.02526038 -0.8543532 0.5190786 -0.02526444 -0.8543061 0.5191559 -0.03473085 -0.2143239 0.976145 -0.09740918 -0.5021655 0.859268 -0.1252921 -0.5647113 0.8157224 -0.1099132 -0.2737427 0.955502 -0.1106436 -0.255896 0.9603517 -0.1462621 -0.2354298 0.9608227 -0.2031341 -0.3845096 0.9004937 -0.3082872 -0.5367539 0.7854008 -0.1647379 -0.4234967 0.8907929 -0.1640322 -0.3927922 0.90488 -0.1649923 -0.3656031 0.9160306 -0.1666437 -0.3366567 0.9267644 -0.16726 -0.325626 0.9305869 -0.1674991 -0.3219327 0.931828 -0.1687623 -0.3014626 0.938424 -0.4294074 -0.3083696 0.848833 -0.3314259 -0.3289502 0.8842786 -0.3190567 -0.3145074 0.8940291 -0.1754902 -0.3710412 0.9118836 -0.1029163 -0.5661527 0.8178505 -0.1888729 -0.4820061 0.8555683 -0.2393569 -0.3125718 0.9192427 -0.4488522 -0.3579138 0.8187977 -0.5465571 -0.2803484 0.7891008 -0.5465881 -0.2805135 0.7890208 -0.5464835 -0.2805384 0.7890844 -0.5302783 -0.4700439 0.7055946 -0.1172433 -0.5973055 0.7933979 -0.05374556 -0.1494222 0.9873117 -0.1745995 -0.1860755 0.9668976 -0.07047438 -0.6367336 0.7678566 -0.1166089 -0.4275662 0.8964316 -0.11918 -0.5155834 0.8485104 -0.2027523 -0.3205047 0.9252936 -0.1961096 -0.3178038 0.927654 -0.09873914 -0.5701389 0.8155933 -0.1804401 -0.3136039 0.9322522 -0.1703114 -0.3118504 0.9347424 -0.1712599 -0.2555533 0.9515055 -0.1405301 -0.3934843 0.9085271 -0.1690958 -0.3118325 0.9349691 -0.2037305 -0.247387 0.9472559 -0.1895036 -0.3790073 0.9057824 -0.1623975 -0.3101399 0.9367179 -0.1737594 -0.2838069 0.9430065 -0.1760398 -0.2899479 0.9407126 -0.1759601 -0.2997839 0.9376394 -0.1691361 -0.2834402 0.943957 -0.1803312 -0.2534385 0.9503945 -0.170557 -0.3114927 0.9348169 -0.1642443 -0.3104023 0.9363089 -0.1737508 -0.3074054 0.9355815 -0.1675219 -0.2903714 0.9421364 -0.09658014 -0.2897405 0.9522199 -0.2367251 -0.3550876 0.9043639 -0.08994233 -0.3013176 0.9492724 -0.1181005 -0.2654837 0.9568547 -0.1181148 -0.265604 0.9568194 -0.1106408 -0.2528356 0.9611623 -0.08830702 -0.2650175 0.9601915 -0.05152249 -0.2350096 0.9706267 -0.1883164 -0.2656317 0.9455035 -0.1156305 -0.2125092 0.9702935 -0.16526 -0.2658193 0.9497522 0.03505516 -0.2527468 0.9668973 -0.06916713 -0.3072421 0.9491145 0.03453379 -0.2954855 0.9547229 0.06673431 -0.3059372 0.94971 0.183379 -0.2966639 0.93721 0.1857436 -0.252708 0.9495462 -0.1157015 -0.2125803 0.9702695 0.03500455 -0.2527609 0.9668954 0.03549122 -0.203466 0.9784386 0.2014238 -0.3036599 0.9312461 0.3297445 -0.2990028 0.8954697 0.334294 -0.252698 0.9079599 0.1857419 -0.2527149 0.9495448 0.1879258 -0.2034483 0.9608812 -0.1093038 -0.2035818 0.9729374 -0.0960865 -0.2122578 0.9724783 0.3324711 -0.3002745 0.8940348 0.4560546 -0.3025596 0.8369421 0.4689037 -0.2972634 0.8317234 0.4751772 -0.2526812 0.8428279 0.3343939 -0.2526857 0.9079266 0.3383405 -0.2034217 0.9187739 -0.1139864 -0.1574376 0.9809285 0.4751045 -0.2527139 0.842859 0.4808228 -0.2034505 0.8528876 0.5701017 -0.3053358 0.7627282 0.5951714 -0.2954484 0.7473161 0.03541213 -0.2034663 0.9784414 0.03571432 -0.1644393 0.9857405 -0.01233428 -0.1503273 0.9885594 -0.0854907 -0.1855664 0.9789057 -0.1844335 -0.1983662 0.9626189 -0.2083957 -0.2126868 0.954639 -0.2151668 -0.1565914 0.963941 -0.2146998 -0.1573163 0.9639272 -0.2148005 -0.1571949 0.9639245 -0.214831 -0.1577314 0.9638302 -0.2148398 -0.1576403 0.963843 -0.1927691 -0.2200882 0.9562433 -0.1846104 -0.1958148 0.9631073 -0.120593 -0.1299996 0.9841532 0.1879671 -0.2034322 0.9608765 0.1894213 -0.1612263 0.968569 0.6027576 -0.2527481 0.7568366 0.6027822 -0.2527089 0.7568302 0.6099676 -0.2034505 0.7658638 0.3383198 -0.2034639 0.9187721 0.3408352 -0.1650949 0.9255135 0.3003389 -0.1510986 0.9417887 -0.1152519 -0.1590191 0.9805254 -0.1175597 -0.1574985 0.9804968 0.6724921 -0.3070709 0.6733958 0.7041679 -0.2947895 0.6459465 -0.1754157 -0.01452177 0.9843873 -0.1909007 -0.1575623 0.9688814 -0.1898857 -0.06536 0.9796282 -0.241535 -0.005554676 0.9703763 -0.1807967 -0.001752316 0.983519 -0.1911491 -0.09397405 0.9770522 -0.1256562 -2.20735e-4 0.9920739 -0.08496719 1.43526e-4 0.9963839 -0.1017289 -0.06000757 0.9930008 -0.08946144 -0.0849381 0.992362 -0.03708171 -2.48014e-4 0.9993123 0.04213309 -0.003369331 0.9991064 -0.3043733 -0.01138651 0.9524848 0.1281098 -0.01109349 0.991698 -0.05427235 -0.08684915 0.994742 0.1893392 -0.02162778 0.9816735 -0.08670759 -0.09268993 0.9919125 0.1321288 4.56731e-4 0.9912325 0.3767064 -6.48121e-5 0.9263327 -0.0855354 -0.1593376 0.9835117 -0.08377659 -0.1948396 0.9772508 -0.09632253 -0.08497637 0.9917163 -0.05086177 0.0650987 0.9965819 -0.06092596 -0.07741934 0.9951353 0.4407257 -0.004592418 0.8976302 0.5364677 -0.02639329 0.8435082 0.6012678 0 0.7990475 -0.05274742 0.1010971 0.9934774 -0.07928317 -0.1865899 0.9792336 -0.04440081 -0.1853986 0.9816599 -0.08464145 -0.3362362 0.9379665 -0.06356739 -0.4676097 0.8816465 -0.082479 -0.5724679 0.8157683 -0.03384792 -0.7305654 0.6820034 -0.03392541 -0.7305755 0.6819887 -0.001398861 -0.7298302 0.6836271 -0.02689719 -0.4601764 0.8874201 -0.3783319 -0.02247977 0.9253971 -0.2028571 -0.1047946 0.9735847 -0.2031158 -0.1088095 0.9730902 -0.2120713 -0.1482677 0.9659412 -0.2219166 -0.1037708 0.9695281 -0.2225345 -0.09277099 0.9705009 -0.2063696 -0.107589 0.9725412 -0.2221243 -0.1107693 0.9687059 -0.2218998 -0.103673 0.9695423 -0.2250128 -0.1285492 0.9658387 -0.2187454 -0.157545 0.9629798 -0.3008703 -0.002680122 0.9536614 -0.1976764 -0.1577278 0.9674947 -0.5595585 0.001045703 0.8287903 -0.646147 -0.01396173 0.7630853 -0.2194528 -0.2233773 0.9497069 -0.2212729 -0.2487668 0.9429494 -0.1967843 -0.4854921 0.8518061 -0.2111367 -0.4480299 0.8687292 -0.1941284 -0.4740064 0.8588551 -0.6736283 -0.02475172 0.7386558 -0.6739236 -0.02920556 0.7382236 -0.6742098 -0.09101742 0.73291 -0.7618696 0 0.6477306 0.5367341 -0.02952641 0.8432348 0.0578016 -0.09381645 0.9939103 0.05806285 0 0.998313 0.0830127 0.03084468 0.9960711 -0.2391982 -0.09191697 0.9666103 -0.239216 -0.1948791 0.9512087 -0.2359661 -0.1947378 0.952049 -0.2001083 -0.5551393 0.8073272 -0.2038166 -0.555216 0.8063461 -0.2091518 -0.4947515 0.8434907 -0.2001997 -0.5549266 0.8074507 -0.1337887 -0.83113 0.5397439 -0.1378969 -0.8311884 0.538619 -0.1338045 -0.8310711 0.5398307 -0.0469976 -0.9807395 0.1895818 -0.04972612 -0.9807608 0.1887736 -0.04835778 -0.9787911 0.1990716 0 -1 0 -0.2292346 -0.2389625 0.9435828 -0.133492 -0.1538965 0.979028 -0.1123872 -0.5549159 0.8242801 -0.1123851 -0.5544457 0.8245968 -0.07509583 -0.8311046 0.5510226 -0.07511931 -0.8312547 0.5507928 -0.025325 -0.982297 0.1856107 -0.02586913 -0.9769678 0.2118132 -0.1625033 -0.7331065 0.6604147 -0.6235005 -0.6112449 0.4874698 -0.6474072 -0.5539629 0.5234398 -0.7552528 -0.2489488 0.6063149 -0.1021665 -0.9027122 0.4179389 -0.4037191 -0.8619302 0.3067364 -0.03534114 -0.9891936 0.1422923 -0.1403267 -0.9848884 0.1015062 -0.2321689 -0.2701857 0.9343968 -0.2402068 0 0.9707217 -0.2402213 0 0.9707182 -0.1133344 -0.473739 0.8733423 -0.1053786 -0.4568373 0.8832865 -0.1202144 0.002480626 0.9927449 -0.1214051 0.001282393 0.9926022 -0.2360479 -0.002638459 0.9717378 -0.2336258 0 0.9723266 -0.5158302 -0.5520694 0.6550868 -0.5157686 -0.5522545 0.6549792 -0.4372462 -0.8302488 0.3456916 -0.3458619 -0.829157 0.4391791 -0.1643837 -0.9781982 0.1269105 -0.1188847 -0.9828044 0.1412872 -0.015643 -0.8312455 0.5556854 -0.01566702 -0.831064 0.555956 -0.005105853 -0.983425 0.181244 -0.00106585 -0.9753351 0.220727 -0.02338868 -0.5544942 0.8318589 -0.1167537 -0.2741445 0.954575 -0.03137248 -0.125827 0.9915561 -0.03232663 -4.78958e-4 0.9994773 -0.03169506 0 0.9994977 0.02154922 0 0.9997678 0.02678877 0.001920402 0.9996393 0.02593487 -0.2266799 0.9736241 0.04411453 -0.8310688 0.5544174 0.04406648 -0.8310828 0.5544003 -0.02336525 -0.5549415 0.8315612 0.06587255 -0.5549653 0.8292614 -0.1250783 -0.2615219 0.957059 -0.0279057 -0.09898895 0.9946972 0.07892358 -0.09336006 0.9924994 -0.03752195 -0.4873439 0.8724037 -0.1139191 -0.2694825 0.9562435 -0.1168431 -0.2691564 0.9559825 -0.112899 -0.2697714 0.9562831 -0.1136556 -0.2690197 0.9564052 -0.114688 -0.2695168 0.956142 0.01403051 -0.9842092 0.1764528 0.02525007 -0.9740542 0.2249022 0.06598502 -0.5549535 0.8292603 0.1545605 -0.5550012 0.8173646 0.1544917 -0.555236 0.8172181 0.1056587 -0.3207717 0.9412449 0.1115708 0.007237136 0.9937301 0.2052122 -0.007263183 0.9786906 0.2265265 0.009796917 0.9739558 0.21363 -0.3327826 0.9184868 0.09784269 -0.004445314 0.9951921 0.03230237 -0.9847477 0.1709638 0.1032479 -0.8311734 0.5463432 0.1612764 -0.8311317 0.5321749 0.1612369 -0.8311781 0.5321143 0.05001223 -0.9850245 0.1650015 0.1033223 -0.8310686 0.5464883 0.2411286 -0.5553227 0.7959108 0.2893587 -0.06406819 0.9550743 0.1853634 -0.07446384 0.9798446 0.08655965 -0.4449636 0.8913556 0.1259726 -0.4930199 0.8608498 0.07848155 -0.9727371 0.2182273 0.05213105 -0.9731578 0.224157 -0.02847009 -0.4745466 0.8797699 0.310517 -0.008927822 0.9505259 0.3384243 0.01190131 0.9409185 0.04106181 -0.4944003 0.868264 0.04874795 -0.2205286 0.9741617 0.09002953 -0.2757667 0.9569993 0.1815493 -0.4462912 0.8762786 0.2089258 -0.4920137 0.8451465 0.1426653 -0.2185668 0.9653369 0.1905615 -0.2767278 0.9418642 0.09304744 -0.1497956 0.9843289 0.01925265 -0.2481787 0.9685229 0.2362315 -0.2197881 0.9465135 0.2908415 -0.276508 0.9159447 0.2739347 -0.4510866 0.8494002 -0.03199928 -0.2481043 0.9682047 0.3270944 -0.2250109 0.9178122 0.0192092 -0.4747576 0.879907 0.4011064 -0.1489937 0.9038332 -0.04219275 -0.2332414 0.9715031 0.2902488 -0.4893969 0.822342 0.3625255 -0.4572987 0.8120672 0.3886624 -0.2743114 0.8795993 0.4142086 -0.2333993 0.8797478 -0.1151233 -0.2483083 0.9618158 0.3184894 -0.3386722 0.8853619 0.2412247 -0.555091 0.7960432 0.3901909 -0.06197148 0.9186462 0.1966348 -0.158034 0.967657 0.2174468 -0.8311355 0.5117917 0.325177 -0.555226 0.765496 0.2174109 -0.831148 0.5117866 0.4845891 -0.1622854 0.8595562 0.4972264 -0.1561841 0.8534475 0.4122754 -0.01053625 0.9109985 0.4456182 0.01299214 0.8951289 0.3699762 -0.4840484 0.7929784 0.4454126 -0.465616 0.7647283 0.4834613 -0.2679463 0.8333486 0.4966405 -0.2443472 0.8328522 0.06729823 -0.9850805 0.1583904 0.103076 -0.9728884 0.2070354 0.4195764 -0.3371259 0.842794 0.4863432 -0.0675565 0.8711525 0.4056062 -0.5547151 0.7264811 0.3253259 -0.5546745 0.7658325 0.4054795 -0.555011 0.7263258 0.4808002 -0.2034354 0.8529041 0.2712017 -0.8309743 0.4857277 0.2708821 -0.8313 0.4853485 0.5089348 -0.01170587 0.8607256 0.5468448 0.01371031 0.8371219 0.5898954 -0.1524752 0.7929533 0.5747815 -0.2602891 0.7758065 0.5738345 -0.2552341 0.7781835 0.5186703 -0.4767335 0.7097228 0.08427566 -0.9849395 0.15097 0.1251149 -0.9734828 0.1915143 0.4471663 -0.4770407 0.7566205 0.5240033 -0.4695106 0.7106197 0.5165564 -0.3286013 0.79069 0.5763302 -0.08098673 0.8131941 0.4810397 -0.5548819 0.678754 0.4809326 -0.5551906 0.6785775 0.1012639 -0.9845464 0.1428778 0.1436863 -0.9745262 0.1722005 0.3215082 -0.8311884 0.4536062 0.3682414 -0.8312235 0.4164921 0.3684976 -0.8310127 0.4166861 0.5996285 -0.01204448 0.8001879 0.6406596 0.01391673 0.767699 0.5510343 -0.5550456 0.6231257 0.3213961 -0.8312988 0.4534831 0.1183669 -0.9839082 0.133843 0.1581727 -0.9759612 0.1499373 0.683232 -0.01221096 0.7300994 0.6084418 -0.313399 0.7290952 0.7256971 0.01338827 0.6878842 0.6943457 -0.2909317 0.6582118 0.4110062 -0.8310537 0.3747317 0.4107734 -0.8312455 0.3745616 0.5508819 -0.55532 0.623016 0.6144347 -0.5554099 0.5603482 0.6589329 -0.1030555 0.7451087 0.7323274 -0.133018 0.6678345 0.5999509 -0.4632683 0.6522588 0.6386191 -0.494532 0.5895794 0.6679482 -0.4601165 0.5849257 0.7584912 -0.0117526 0.6515774 0.8008524 0.01287555 0.5987234 0.1357471 -0.9829821 0.12377 0.1682915 -0.9776748 0.1258173 0.649859 -0.2405195 0.7209949 0.5812757 -0.4868026 0.652029 0.6538701 -0.262675 0.7095463 0.614821 -0.5548156 0.5605131 0.6714237 -0.5546925 0.4914331 0.6710894 -0.5552125 0.4913025 0.7732083 -0.2607893 0.5780466 0.4487949 -0.8310577 0.3285213 0.4485755 -0.8312331 0.3283773 0.6718344 -0.1501721 0.7253185 0.7269684 -0.1638092 0.6668459 0.7426572 -0.1551928 0.6514412 0.7218471 -0.2709567 0.6368039 0.7174889 -0.2394499 0.6541204 0.7788752 -0.2352223 0.581398 0.8091908 -0.1547736 0.566794 0.7841295 -0.2815463 0.5530577 0.6895888 -0.5015285 0.5224332 0.7273936 -0.4598473 0.5093516 0.8330385 -0.2308399 0.5027523 0.8191984 -0.1628964 0.5498899 0.8692349 -0.1498384 0.4711466 0.7348774 -0.5061239 0.4514356 0.7776273 -0.4610925 0.4274221 0.8815743 -0.008991599 0.4719598 0.8651552 0.01170384 0.5013676 0.8249359 -0.01044332 0.5651299 0.843685 -0.221611 0.4889623 0.7953134 -0.1692236 0.5820997 0.8456554 -0.2136602 0.4890973 0.7200597 -0.5550395 0.4164676 0.720083 -0.5549693 0.4165209 0.1536908 -0.9816923 0.1125144 0.1740017 -0.9795694 0.1008318 0.481216 -0.8312281 0.278372 0.4813454 -0.8311395 0.2784134 0.8395119 -0.2902052 0.4593483 0.8784332 -0.2303106 0.4187033 0.889667 -0.1647814 0.42584 0.9309037 -0.1414812 0.3367513 0.7740821 -0.5085963 0.3769974 0.8176204 -0.4644435 0.3402782 0.9276604 -0.007303953 0.3733538 0.6144764 -0.1647352 0.7715446 0.9176588 0.009949684 0.3972448 0.887515 -0.2544225 0.38417 0.8997914 -0.1775317 0.3985701 0.7605525 -0.5550435 0.3368782 0.7604608 -0.5551918 0.3368405 0.5083214 -0.831215 0.2251467 0.5082827 -0.8312411 0.2251381 0.1754962 -0.9814066 0.07773137 0.1725414 -0.9799322 0.09981215 0.1913287 -0.9780259 0.08281695 0.88941 -0.3191456 0.3272554 0.8934314 -0.3101387 0.3249528 0.8129009 -0.2035307 0.5456807 0.8831154 -0.2035686 0.4226903 0.17585 -0.9828094 0.05623555 0.2075679 -0.9762318 0.06234806 0.9577 0.008005142 0.2876571 0.9433377 -0.1381697 0.3017007 0.9175999 -0.2864041 0.2756505 0.806666 -0.5095403 0.2994306 0.8467371 -0.4701876 0.2489176 0.5296746 -0.8311142 0.1693936 0.5450837 -0.8309125 0.1116616 0.5446059 -0.8312406 0.1115516 0.5293477 -0.8313425 0.1692948 0.7922056 -0.5551732 0.2533636 0.8148729 -0.5550738 0.1669587 0.7922823 -0.5550473 0.2533994 0.9739552 -0.1077021 0.1995284 0.1757062 -0.9837847 0.03599023 0.2199252 -0.974741 0.03889775 0.9628068 -0.005004465 0.2701445 0.9847034 0.005615293 0.1741487 0.8128964 -0.2035483 0.5456809 0.8323991 -0.509023 0.2191057 0.8645874 -0.4780046 0.1549198 0.9422377 -0.2346045 0.2390584 0.9362039 -0.2945782 0.1916926 0.9610067 -0.2351816 0.1454507 0.9865276 -0.002506017 0.163576 0.9689736 -0.153276 0.1938983 0.9711491 -0.1605738 0.1763111 0.9860609 -0.1518179 0.06808394 0.9516668 -0.2989927 0.07024097 0.9590927 -0.2768676 0.05903846 0.8549276 -0.5168926 0.0438289 0.8710793 -0.4875211 0.05953419 0.8515534 -0.506138 0.1366791 0.9985026 0 0.05470573 0.9359183 -0.3108898 0.1655435 0.9859668 -0.1566502 0.05770826 0.9859659 -0.1566821 -0.05763888 0.986068 -0.1517711 -0.06808513 0.8148168 -0.5551718 0.1669074 0.9919208 -0.08503627 0.09413927 0.9982908 0.002916872 0.05836969 0.8283162 -0.5547185 0.07861119 0.8281108 -0.5550279 0.07859331 0.8542981 -0.5164118 -0.05910748 0.9405056 -0.1590712 0.3002425 0.9326643 -0.2036578 0.2977597 0.9632889 -0.2036981 0.1748764 0.9632946 -0.2036656 0.1748825 0.9773489 -0.2037459 0.05724334 0.1747323 -0.9844762 0.0165885 0.2277969 -0.9736177 0.01331371 0.9434195 -0.3269838 0.05515056 0.9974937 -0.06959253 -0.01277935 0.5535708 -0.8311433 0.05253773 0.8322345 -0.5543214 -0.01066046 0.8316388 -0.555215 -0.01065587 0.5561602 -0.8310447 -0.007125079 0.553641 -0.831095 0.05256235 0.5558332 -0.8312634 -0.007123708 0.9985148 0 -0.05448049 0.9982905 0.003098726 -0.05836564 0.9773543 -0.2037309 0.05720376 0.9773545 -0.2037363 -0.05718094 0.1732095 -0.9848826 -0.002219796 0.2306479 -0.972944 -0.01347887 0.8667382 -0.4961644 -0.05085194 0.9588156 -0.2768399 -0.063501 0.953993 -0.2915006 -0.07017666 0.9584901 -0.2352032 -0.1611715 0.8538891 -0.4980269 -0.1511377 0.9375261 -0.2902681 -0.1918054 0.9365071 -0.2297489 -0.2648962 0.834562 -0.4941279 -0.2436067 0.8361968 -0.4901906 -0.2459433 0.9629631 -0.005424022 -0.269579 0.9846974 0.005798757 -0.1741765 0.9689835 -0.1532378 -0.1938792 0.9405733 -0.1591347 -0.2999969 0.9309048 -0.1414443 -0.3367637 0.8838596 -0.3356485 -0.3257796 0.8952332 -0.2579095 -0.3633733 0.9866069 -0.002556979 -0.1630966 0.8559187 -0.4938086 -0.153481 0.8050695 -0.4905099 -0.3335616 0.8059507 -0.48787 -0.3353003 0.9280118 -0.007736086 -0.3724707 0.9577046 0.00781691 -0.287647 0.9026138 -0.3343425 -0.2711153 0.9722003 -0.0637508 -0.2253054 0.9418666 -0.07274526 -0.3280176 0.7855675 -0.5550048 -0.2735934 0.810171 -0.5553107 -0.1877581 0.8105404 -0.5547387 -0.1878544 0.825747 -0.5551491 -0.09975624 0.5418274 -0.8310577 -0.1255639 0.5521972 -0.8310387 -0.06673181 0.9262314 -0.3394925 -0.1638301 0.9908252 -0.06272739 -0.1197115 0.7855046 -0.5550959 -0.2735893 0.5252188 -0.8310716 -0.1829349 0.5419763 -0.8309562 -0.125594 0.1678401 -0.9850469 -0.03888887 0.228417 -0.9727247 -0.04040056 0.2208983 -0.9730368 -0.0663582 0.5247961 -0.8313748 -0.1827701 0.8514369 -0.2534893 -0.4591279 0.8898262 -0.1647759 -0.4255094 0.8692482 -0.1498057 -0.4711326 0.9176585 0.01004415 -0.397243 0.765132 -0.4885211 -0.4194283 0.7659032 -0.4859226 -0.4210363 0.8260588 -0.5546762 -0.09980648 0.5519688 -0.8311943 -0.06668221 0.164048 -0.9847967 -0.05713105 0.2084408 -0.9738643 -0.09022748 0.868372 -0.3234575 -0.3759061 0.8999567 -0.08996385 -0.4265967 0.1709123 -0.9850698 -0.0206533 0.7520195 -0.5544521 -0.3564404 0.7515891 -0.5551729 -0.3562261 0.5023702 -0.831217 -0.2381233 0.502533 -0.8310968 -0.2381994 0.1592834 -0.9843418 -0.0755003 0.1918306 -0.9751106 -0.1111774 0.4741181 -0.8310707 -0.2907469 0.4741284 -0.8310843 -0.290691 0.8819039 -0.009138464 -0.4713407 0.8651637 0.01183772 -0.5013499 0.8240256 -0.3049619 -0.4774727 0.846884 -0.1142379 -0.5193622 0.8252936 -0.01061278 -0.5646042 0.8008322 0.01292461 -0.5987493 0.1538004 -0.9835923 -0.09429514 0.1719899 -0.9766705 -0.1285861 0.7166005 -0.4856431 -0.5006341 0.7092363 -0.5548133 -0.4349324 0.6584499 -0.5550383 -0.5083072 0.6584906 -0.5548595 -0.5084498 0.7090926 -0.5550871 -0.4348173 0.7690392 -0.2792648 -0.5749695 0.4400177 -0.8312311 -0.3397639 0.4400826 -0.8312054 -0.3397424 0.8462562 -0.2649852 -0.4622048 0.9400786 -0.3364994 -0.05495852 0.9773585 -0.2037302 -0.05713546 0.9711767 -0.1606091 -0.1761269 0.9633108 -0.2037004 -0.1747523 0.9633201 -0.2037046 -0.1746965 0.9327393 -0.2036825 -0.2975079 0.7986717 -0.2437863 -0.5501745 0.9327658 -0.2036083 -0.2974757 0.8832567 -0.2035911 -0.4223839 0.8832561 -0.2035982 -0.4223819 0.7589035 -0.01162707 -0.6510993 0.7171431 -0.4831383 -0.502278 0.6594525 -0.4826986 -0.5763025 0.7879903 -0.2655794 -0.5554628 0.1474167 -0.9825034 -0.1138222 0.1499518 -0.9784215 -0.1421478 0.7256563 0.01364916 -0.6879221 0.703355 -0.2462942 -0.6668065 0.8091649 -0.1546624 -0.5668615 0.7426639 -0.1553099 -0.6514056 0.7241529 -0.2607689 -0.6384373 0.40114 -0.8311443 -0.3850791 0.4010373 -0.8312343 -0.3849917 0.7829803 -0.1470812 -0.6044081 0.6002212 -0.5547062 -0.5762255 0.7086608 -0.1870016 -0.6803164 0.8131862 -0.2035185 -0.5452601 0.8194388 -0.162986 -0.5495051 0.8131573 -0.2035468 -0.5452926 0.9326756 -0.2036274 0.2977453 0.6597799 -0.4806907 -0.5776047 0.5941499 -0.4806623 -0.6449417 0.5942706 -0.4789301 -0.6461181 0.5218535 -0.4782814 -0.7063398 0.5218815 -0.4765248 -0.7075054 0.599893 -0.01225274 -0.7999864 0.6406706 0.01388466 -0.7676903 0.6835219 -0.01199424 -0.7298315 0.4433784 -0.4759418 -0.759536 0.4432349 -0.4753412 -0.7599958 0.509571 -0.01173192 -0.8603487 0.5792108 -0.2481591 -0.776487 0.6561165 -0.2512772 -0.7115975 0.6717568 -0.1501718 -0.7253905 0.6150182 -0.1647486 -0.7711101 0.5903678 -0.1525401 -0.7925891 0.5762001 -0.2542022 -0.776772 0.6614319 -0.2409137 -0.7102596 0.6232805 -0.2317237 -0.7468773 0.5468541 0.01339983 -0.8371207 0.5268454 -0.2685033 -0.8064367 0.4975343 -0.156544 -0.8532019 0.4857498 -0.2556001 -0.8358923 0.6296753 -0.2028915 -0.7498961 0.5349277 -0.5549232 -0.6371127 0.5498762 -0.1604042 -0.8196992 0.4635445 -0.5546987 -0.6909675 0.535036 -0.5546675 -0.6372444 0.463436 -0.5550265 -0.6907769 0.3098724 -0.8310653 -0.4618545 0.3575789 -0.8310961 -0.4259306 0.3575134 -0.8312063 -0.4257704 0.126672 -0.9804013 -0.1508891 0.3098034 -0.8311679 -0.4617161 0.1051092 -0.9820436 -0.1566601 0.1398063 -0.9810432 -0.1341959 0.130235 -0.9791249 -0.1560559 0.1158718 -0.9773024 -0.1773521 0.461288 -0.1247341 -0.8784389 0.6001764 -0.5549436 -0.5760435 0.3867118 -0.55506 -0.7364526 0.3867892 -0.554888 -0.7365415 0.4456083 0.01295006 -0.8951345 0.359036 -0.4753826 -0.8031841 0.3590483 -0.4747819 -0.8035337 0.3991702 -0.2385796 -0.8852926 0.4922673 -0.2428073 -0.8358933 0.2584967 -0.8311292 -0.4923452 0.2586489 -0.830941 -0.4925829 0.7348328 -0.2400233 -0.6343577 0.08467942 -0.9832643 -0.1613095 0.09783929 -0.9756084 -0.1965092 0.204308 -0.8309547 -0.5174676 0.204238 -0.8311633 -0.51716 0.06525772 -0.9840936 -0.1652311 0.07632362 -0.974238 -0.2122144 0.4255568 -0.2973214 -0.8546937 0.3654643 -0.09783434 -0.9256697 0.412845 -0.01032787 -0.9107428 0.3383701 0.01176387 -0.9409397 0.3055858 -0.5548401 -0.7738022 0.2207159 -0.5548927 -0.8021089 0.2208043 -0.5550637 -0.8019663 0.1475338 -0.8311522 -0.5361156 0.1476458 -0.8310875 -0.536185 0.3054933 -0.5549523 -0.7737583 0.3208587 -0.3181211 -0.8921036 0.3112168 -0.008765697 -0.9502986 0.2266008 0.009735405 -0.9739391 0.2137922 -0.3314197 -0.9189417 0.04629927 -0.9846646 -0.1682025 0.05200511 -0.9732992 -0.2235715 0.2706131 -0.4740281 -0.8378938 0.3901968 -0.256266 -0.8843497 0.3010323 -0.2364501 -0.9238349 0.4004131 -0.1493228 -0.9040863 0.3416208 -0.1653569 -0.9251769 0.298823 -0.1507934 -0.9423197 0.2708094 -0.4737254 -0.8380016 0.1792945 -0.4726087 -0.8628411 0.1601831 -0.06539905 -0.9849185 0.264554 -0.07772946 -0.9612333 0.1334324 -0.5551015 -0.8210105 0.1335322 -0.554816 -0.8211872 0.08921813 -0.8310818 -0.5489473 0.08922719 -0.8312741 -0.5486547 0.1709418 -0.9403755 -0.2940629 0.727443 -0.1637139 -0.6663516 0.7219396 -0.2035153 -0.6613507 0.6105493 -0.2034524 -0.7653998 0.6105015 -0.2034728 -0.7654324 0.4815513 -0.2034539 -0.8524757 0.4815914 -0.2034698 -0.8524493 0.206151 -0.006718397 -0.9784972 0.1939184 -0.1587863 -0.9680819 0.2912204 -0.2558419 -0.9218111 0.1990854 -0.235387 -0.9512929 0.1893512 -0.2555505 -0.9480718 0.4853925 -0.1624786 -0.8590663 0.3392798 -0.2034717 -0.9184163 0.02769535 -0.984992 -0.1703639 0.02586591 -0.9727739 -0.2303085 0.1115707 0.007370471 -0.9937292 0.1791893 -0.4730343 -0.8626296 0.08564221 -0.4721583 -0.8773438 0.09477913 -0.2367981 -0.9669249 0.1905966 -0.1603375 -0.9684858 0.08896416 -0.1497997 -0.9847058 0.02982163 -0.8312665 -0.5550736 0.02988022 -0.8311008 -0.5553186 0.04463142 -0.5548511 -0.8307517 0.1049876 -0.3380347 -0.9352595 0.05355495 -0.06176358 -0.996653 0.09840327 -0.003909826 -0.995139 -0.004960358 0.004487454 -0.9999777 0.00924164 -0.9850861 -0.1718143 0.005204379 -0.9807671 -0.1951125 0.7219555 -0.2034878 -0.6613419 0.7134377 -0.2527409 -0.6535508 0.6033331 -0.2527075 -0.7563917 0.08525413 -0.4728849 -0.8769902 -0.01064735 -7.66139e-4 -0.9999431 -0.009195983 -0.4718816 -0.881614 0.08662205 -0.2544481 -0.9631993 -0.01059943 -0.2395308 -0.970831 -0.009555637 -0.4727454 -0.8811474 -0.1048865 -0.4718655 -0.8754096 -0.1040456 -0.473464 -0.8746465 -0.1199201 0.002494394 -0.9927805 -0.01546138 -0.2508973 -0.9678903 0.02624243 -0.1950992 -0.9804323 -0.03101623 -0.1950506 -0.9803027 -0.07403331 0.0560795 -0.9956778 -0.01577156 -0.1498142 -0.9885884 -0.1156001 -0.1601031 -0.9803079 -0.1195808 -0.1574925 -0.9802533 -0.1169716 -0.2484371 -0.9615595 0.04473388 -0.5550948 -0.8305833 -0.04125607 -0.8307692 -0.5550861 -0.06168949 -0.5545735 -0.829845 -0.01156282 -0.9877529 -0.1555978 -0.121321 0.001052677 -0.9926128 -0.006160914 -0.9807667 -0.1950871 -0.0270456 -0.9748011 -0.2214302 -0.1145793 -0.2423006 -0.9634117 -0.02722638 -0.9747445 -0.2216572 -0.1152988 -0.3103767 -0.9435955 -0.220708 -0.02366709 -0.9750528 -0.02717649 -0.9747483 -0.2216464 -0.06169962 -0.5544793 -0.8299072 -0.1836746 -0.554522 -0.811646 -0.1835806 -0.5548731 -0.8114272 -0.1228173 -0.8308082 -0.5428386 -0.02709811 -0.9747585 -0.2216119 -0.04125398 -0.8308217 -0.5550076 -0.1228389 -0.8307875 -0.5428655 -0.03678542 -0.9860145 -0.1625494 -0.0270946 -0.974763 -0.2215919 -0.02690255 -0.9747861 -0.2215139 -0.2360479 -0.002642154 -0.9717379 -0.04612618 -0.9807209 -0.1898921 -0.1132962 -0.1574972 -0.9809988 0.1890137 -0.2034443 -0.9606686 0.0368095 -0.164178 -0.9857437 0.03658312 -0.2034785 -0.9783958 0.0365976 -0.2035014 -0.9783905 -0.1086843 -0.2035939 -0.9730043 -0.09561145 -0.212233 -0.9725306 0.1890009 -0.2034413 -0.9606719 0.1867836 -0.2527269 -0.9493371 0.03613257 -0.252766 -0.9668526 -0.1132954 -0.1574377 -0.9810085 0.03616178 -0.252749 -0.9668559 -0.1100386 -0.2527975 -0.9612414 -0.08775454 -0.2650187 -0.9602417 -0.1150091 -0.2124631 -0.9703774 0.3353325 -0.2526934 -0.9075782 0.3392599 -0.2034223 -0.9184346 -0.11494 -0.2125706 -0.9703621 0.4758314 -0.2526857 -0.8424575 -0.2336634 0 -0.9723175 0.1867812 -0.2527059 -0.9493432 0.1842745 -0.2968252 -0.9369833 0.06682056 -0.3057976 -0.9497489 -0.1173463 -0.2655954 -0.9569163 0.03575474 -0.2956093 -0.9546397 -0.06916856 -0.3071211 -0.9491535 -0.08945238 -0.3012754 -0.9493322 0.3352622 -0.2526748 -0.9076094 0.3306568 -0.2991962 -0.8950686 -0.1173882 -0.2654708 -0.9569458 0.4759274 -0.2526752 -0.8424064 0.4695584 -0.2971665 -0.8313887 0.4561131 -0.302712 -0.836855 -0.2401472 0 -0.9707366 -0.2019163 -0.5553545 -0.8067288 -0.2315743 -0.1943467 -0.9532065 -0.2142419 -0.4939934 -0.8426571 -0.1621978 -0.7338514 -0.6596621 -0.1625029 -0.7327268 -0.660836 -0.1626557 -0.7324137 -0.6611455 -0.04973185 -0.9807608 -0.1887723 -0.03531694 -0.9892041 -0.142225 -0.1693862 -0.3113366 -0.9350817 -0.170408 -0.255612 -0.9516427 -0.1713252 -0.2555994 -0.9514813 -0.1110076 -0.2557836 -0.9603396 -0.1462999 -0.2356535 -0.9607622 -0.1170802 -0.5988304 -0.7922717 -0.1745752 -0.1860483 -0.9669072 -0.1845331 -0.1983597 -0.9626011 -0.2083874 -0.2126693 -0.9546447 -0.2052942 -0.2368768 -0.9496019 -0.1759383 -0.08085495 -0.981075 -0.1806352 -0.1013833 -0.9783111 -0.1842245 -0.1130766 -0.9763581 -0.2002549 -0.1464195 -0.9687411 -0.2187885 -0.1575358 -0.9629715 -0.2250483 -0.1284749 -0.9658403 -0.1846702 -0.1958938 -0.9630798 -0.2220229 -0.1036512 -0.9695166 -0.2219547 -0.1037332 -0.9695234 -0.2224594 -0.09477424 -0.9703245 -0.2221774 -0.1098954 -0.9687932 -0.2066892 -0.1071722 -0.9725192 -0.2218932 -0.1036038 -0.9695513 -0.2238636 -0.1285363 -0.9661075 -0.2261248 -0.1030229 -0.9686351 -0.135434 -0.1343864 -0.9816303 -0.1442596 0.03594613 -0.9888868 -0.4406239 -0.03892827 -0.8968474 -0.300588 0.04042702 -0.9528969 -0.6459934 -0.01393771 -0.7632158 -0.6736283 -0.02475172 -0.7386558 -0.7620005 0 -0.6475765 -0.1278578 -0.1165113 -0.9849252 -0.0543192 -0.08677089 -0.9947463 -0.02648508 0.0894615 -0.9956381 -0.04672622 -0.00787115 -0.9988768 -0.09641951 -0.08501946 -0.9917032 -0.08354109 -0.1991464 -0.9764024 -0.08553725 -0.1592068 -0.9835328 -0.1457537 -0.08392351 -0.985755 -0.1252123 -0.1371449 -0.9826053 -0.1206907 -0.141637 -0.9825339 -0.121143 -0.1354206 -0.9833543 -0.07946556 -0.1857724 -0.9793743 -0.08462971 -0.3361312 -0.9380052 -0.1256128 -0.1396846 -0.9821963 -0.120576 -0.1274232 -0.9844921 -0.03939688 -0.06580078 -0.9970547 -0.1194618 -0.1299551 -0.984297 -0.0867713 -0.09257161 -0.991918 -0.1007635 -0.05991339 -0.9931048 -0.08942008 -0.0848807 -0.9923706 -0.1196041 -0.138934 -0.9830526 -0.2402213 0 -0.9707182 -0.06369036 -0.465596 -0.8827027 -0.08254885 -0.5725651 -0.815693 -0.6739721 -0.02905768 -0.7381852 -0.2715567 0.4306372 -0.8607024 -0.6742098 -0.09101742 -0.73291 -0.2090829 -0.495257 -0.843211 -0.2321249 -0.2701886 -0.9344068 -0.2391699 -0.1945414 -0.9512894 -0.2391743 -0.09109717 -0.9666939 -0.1378942 -0.8311951 -0.5386093 0.1889681 -0.02165335 -0.9817445 -0.04243206 0.0671314 -0.9968416 -0.04207688 -0.1950987 -0.9798807 -0.2037024 -0.1936286 -0.9596944 -0.1732801 -0.5524773 -0.8153178 -0.3656095 -0.5527853 -0.7488378 -0.2450429 -0.8295194 -0.5018482 -0.3595038 -0.8295764 -0.4272705 -0.3595266 -0.8295291 -0.4273432 -0.5364847 -0.5527709 -0.6376743 -0.536497 -0.5529252 -0.6375302 -0.6526346 -0.5544756 -0.5163576 -0.7630836 -0.2435878 -0.5986388 -0.4407243 -0.8303524 -0.3409941 -0.6316636 -0.6068279 -0.4824532 -0.365855 -0.5523049 -0.7490724 -0.4150381 -0.3243509 -0.8500235 -0.6436287 0.02434641 -0.7649506 -0.6283733 0.3720941 -0.6831493 -0.1264273 -0.9805253 -0.1502875 -0.245256 -0.829411 -0.5019232 -0.08622819 -0.9805204 -0.176478 -0.08621931 -0.9805031 -0.1765788 -0.1160448 -0.8293719 -0.5465127 -0.1158071 -0.8296518 -0.5461379 -0.04080778 -0.9805039 -0.1922155 -0.04084265 -0.9804819 -0.1923208 -0.1562861 -0.9805966 -0.1183429 -0.1264618 -0.9805215 -0.150284 0.007107734 -0.9804992 -0.1963947 0.007054269 -0.9805129 -0.1963281 0.0201618 -0.8297541 -0.5577648 -0.1730581 -0.5525884 -0.8152895 0.03005534 -0.5524432 -0.8330087 -0.4092811 -0.8603064 -0.3039111 -0.102182 -0.9027374 -0.4178804 -0.1020405 -0.9029441 -0.4174684 0.03343939 -0.3662503 -0.9299154 -0.1402887 -0.9848989 -0.1014563 0.05452007 -0.9805244 -0.1886788 0.02001297 -0.8292684 -0.5584923 0.1551154 -0.829285 -0.5368666 0.1551095 -0.8294796 -0.5365673 0.03004562 -0.5532407 -0.8324795 0.2311215 -0.5532838 -0.8002876 0.05458825 -0.9804778 -0.1889009 0.09869581 -0.9805024 -0.1699243 0.2804958 -0.8296 -0.4827898 0.231224 -0.5534058 -0.8001735 0.4184992 -0.553306 -0.7202159 0.2625265 -0.3235266 -0.9090713 0.5023414 0.02482461 -0.864313 0.09875202 -0.9804968 -0.1699244 0.1336297 -0.980586 -0.1435069 0.1206686 -0.9849086 -0.124073 0.2806205 -0.8294775 -0.4829279 0.3754876 -0.8302146 -0.4120108 0.3505703 -0.8604785 -0.3696987 0.008612513 -0.9891563 -0.1466144 0.02332556 -0.902682 -0.4296757 0.5390357 -0.6067762 -0.5841774 0.5538709 -0.554838 -0.6207914 0.6486934 -0.2429541 -0.7212283 0.5013628 0.3718569 -0.7812542 0.5379927 -0.09028261 -0.8381008 0.5366747 -0.02952772 -0.8432725 0.05791258 -0.09379184 -0.9939061 0.06154227 -0.1944311 -0.9789837 0.05678981 -0.2736856 -0.9601412 0.05081605 -0.4970654 -0.8662238 0.05325585 -0.5554199 -0.829863 0.0380454 -0.7334572 -0.6786702 0.5364675 -0.02640527 -0.8435078 0.6012678 0 -0.7990475 0.418616 -0.5529659 -0.7204093 0.01499491 -0.9806885 -0.1950006 0.02753084 -0.9808888 -0.1926121 0.03777378 -0.8313154 -0.5545158 0.07962048 -0.8312336 -0.550192 0.07967656 -0.8312273 -0.5501935 0.1192317 -0.5552982 -0.82306 0.1405616 -0.1944009 -0.9707991 -0.03378432 -0.7287721 -0.6839225 -0.03372454 -0.7286913 -0.6840114 -0.001523554 -0.7282432 -0.685317 -0.02734595 -0.6964052 -0.7171276 0.4408463 -0.004596829 -0.8975709 -0.004000008 -0.7114322 -0.7027434 0.04136043 -0.8706125 -0.4902278 0.02842205 -0.9801399 -0.1962602 0.04291117 -0.9813531 -0.1873632 0.1747784 0.01342421 -0.9845163 0.1699345 0.2336196 -0.9573631 0.1263802 -0.8312036 -0.5414136 0.1263915 -0.8313229 -0.5412276 0.119134 -0.5551923 -0.8231456 0.1891532 -0.5550653 -0.8100146 0.1405825 -0.1952751 -0.9706206 0.2230166 -0.1952092 -0.9550692 0.1431559 -0.01706391 -0.989553 0.08261734 0.03026783 -0.9961217 0.05816054 0 -0.9983072 0.1747821 0.008894324 -0.984567 -0.1023325 -0.9024044 -0.4185625 0.2846629 -0.03444719 -0.9580086 -0.04416459 -0.04737281 -0.9979005 -0.04429924 -0.1845622 -0.981822 -0.02292007 -0.4578979 -0.8887093 0.2273548 -0.01305204 -0.9737246 0.1057721 -0.8342689 -0.5411173 0.1514768 -0.8819251 -0.446389 -0.02631103 -0.4654157 -0.8847011 0.03570169 -0.4523692 -0.891116 0.07839947 -0.7037205 -0.7061381 0.04459398 -0.4637324 -0.8848524 -0.02551543 -0.1390308 -0.9899594 0.04564207 -0.9796555 -0.1954277 0.05451583 -0.9812211 -0.1850222 0.1670095 -0.8313863 -0.5300043 0.1168503 -0.9291409 -0.3507751 0.189105 -0.555149 -0.8099684 0.2566878 -0.5550987 -0.7911871 0.2645356 -0.491158 -0.8299306 0.205375 -0.753585 -0.6244446 0.2051035 -0.7544539 -0.6234836 0.2229025 -0.1952211 -0.9550934 0.302101 -0.1951057 -0.9330964 0.2709089 -0.4919251 -0.8274165 0.2707577 -0.4919469 -0.8274531 0.2372831 -6.26594e-5 -0.9714406 0.283672 5.39077e-5 -0.9589214 0.3126907 -0.01720678 -0.9496992 0.3142274 -0.02018707 -0.9491331 0.3105978 -0.008084774 -0.9505071 0.3098177 0 -0.950796 0.08480906 -0.7103253 -0.6987456 0.06875902 -0.7129902 -0.6977946 0.1194825 -0.7391818 -0.6628229 0.08051216 -0.9075716 -0.4121065 0.1752691 -0.8772115 -0.4469686 0.1576086 -0.9109365 -0.3812537 0.04302066 -0.4639775 -0.8848018 -0.001440882 -0.1721275 -0.9850736 0.01166045 -0.1695307 -0.9854559 -0.04636806 -0.7486898 -0.661297 0.06856876 -0.9213047 -0.3827481 0.09214258 -0.9276849 -0.3618157 -0.1695902 -0.8230481 -0.5420618 -0.06599688 -0.9161419 -0.3953841 -0.298487 -0.7548426 -0.5840533 0.3046271 -0.0428521 -0.9515073 0.2992376 -0.06761991 -0.9517797 -0.2414065 -0.7885948 -0.5655452 -0.2656915 -0.774307 -0.5743316 -0.4860076 -0.4920389 -0.7222843 -0.4737678 -0.505053 -0.7214331 -0.6194662 -0.1714191 -0.7660792 -0.5955879 -0.2114513 -0.7749603 -0.04822874 -0.805638 -0.5904418 0.3051844 -0.1714673 -0.9367292 0.2707099 -0.4927151 -0.8270115 -0.1025695 -0.7166182 -0.6898826 -0.1181613 -0.7083549 -0.695896 -0.2448419 -0.5801195 -0.7768617 0.2050515 -0.7546493 -0.6232643 0.1169526 -0.9290223 -0.3510552 0.03210985 -0.9943923 -0.100762 0.07113975 -0.4844464 -0.8719238 -0.0253629 -0.4902029 -0.8712394 -0.3018986 -0.4456842 -0.8427472 -0.4308741 -0.2328756 -0.8718467 -0.4566786 -0.1007775 -0.8839054 -0.4940336 0.001125574 -0.8694421 -0.5130634 -0.004447817 -0.8583393 -0.6580187 0.004270017 -0.7529895 -0.71535 -0.01732116 -0.6985516 -0.6882203 -0.005775213 -0.7254788 -0.7435055 -7.21812e-4 -0.6687294 -0.7569588 0 -0.6534628 -0.6477546 -0.02118098 -0.7615545 -0.654847 0 -0.7557615 -0.07083797 -0.5240786 -0.8487188 -0.1129096 -0.5196136 -0.8469081 0.006145417 -0.04517978 -0.9989601 0.01766681 -0.174737 -0.9844567 -0.053083 0.1035847 -0.9932032 0.01096755 -0.6280207 -0.7781193 0.001364231 -0.1753721 -0.9845013 0.001551151 -0.1757228 -0.9844384 0.001628875 -0.1750725 -0.9845542 -7.16872e-4 -0.3867849 -0.9221697 -0.1896036 -0.3177779 -0.9290143 -0.1745322 -0.4513677 -0.8751033 -0.3256487 -0.1933361 -0.9255129 -0.3248554 -0.1877627 -0.9269381 -0.2188075 -0.2578281 -0.9410887 -0.2603945 -0.2207002 -0.9399394 -0.2928028 -0.188083 -0.9374921 -0.3151821 -0.1581307 -0.9357644 -0.3786761 -0.06827443 -0.9230076 -0.1106417 -0.5262025 -0.8431308 0.04080343 -0.01689946 -0.9990243 0.02397716 -0.0104838 -0.9996576 0.02150726 -0.1130251 -0.9933594 -0.05858933 -0.3330391 -0.9410911 -0.1048725 -0.3090453 -0.9452475 -0.2101339 -0.158351 -0.9647635 -0.02329683 -0.1733136 -0.9845912 -0.1993682 -0.1953713 -0.9602512 -0.1665207 -0.226364 -0.9597033 -0.02472984 -0.05585414 -0.9981327 -0.2060298 -0.1691476 -0.9638159 -0.04072481 -0.04107785 -0.9983257 -0.04234004 -0.04014408 -0.9982965 -0.04623723 -0.02518504 -0.998613 -0.2013752 -0.1743267 -0.9638767 -0.2137858 -0.1549794 -0.9645087 -0.2268425 -0.1359874 -0.9643909 -0.2236214 -0.1424023 -0.9642173 -0.2908588 -0.04375457 -0.955765 -0.2996264 0.00528258 -0.9540421 -0.2983299 0.0066877 -0.9544395 -0.05038964 -0.01317059 -0.9986428 -0.06254559 0.009177982 -0.9979999 -0.06264686 0.01155954 -0.9979689 -0.07950568 0.0409466 -0.9959931 -0.4112024 0 -0.9115442 -0.03490567 -0.09217613 -0.9951308 -0.003995597 -0.09107559 -0.995836 0.01826626 -0.01043558 -0.9997788 0.07241165 0.002165913 -0.9973726 0.06216067 0.10084 -0.9929589 0.06169408 0.08608597 -0.9943758 -0.2978087 0.004537701 -0.9546148 -0.2971617 0.007230341 -0.9547998 -0.4068142 -9.26824e-5 -0.913511 -0.4067435 0 -0.9135425 -0.4067805 4.73147e-5 -0.9135261 0.06167697 0.08166116 -0.99475 0.06167399 0.08250051 -0.9946809 0.05788624 0.1651104 -0.9845749 0.05071538 0.09401655 -0.9942781 -0.08153426 0.05428951 -0.9951909 -0.08198249 0.05362802 -0.9951899 -0.07963311 0.05148243 -0.9954939 0.05784487 0.2243556 -0.9727891 -0.3023581 0.0253359 -0.9528576 -0.08369112 0.06775647 -0.9941856 -0.09070944 0.07485628 -0.9930602 -0.08777064 0.09642571 -0.9914628 0.02431511 0.1054321 -0.9941293 0.03141921 0.1382071 -0.9899048 -0.1192842 0.1932466 -0.9738723 -0.2977169 0.03513121 -0.9540076 -0.3091117 0.04882496 -0.9497716 -0.3010668 0.02392268 -0.9533029 -0.4065304 0 -0.9136373 -0.4068585 0 -0.9134912 -0.3075255 0.07766234 -0.9483653 -0.4066838 0 -0.913569 -0.4068272 2.01799e-5 -0.9135053 -0.161504 0.227405 -0.9603143 -0.168317 0.2815955 -0.9446551 -0.2567644 0.157521 -0.9535509 -0.3600304 0.164768 -0.9182754 -0.3636615 0.05831927 -0.9297038 -0.3788872 0.07607752 -0.9223105 -0.406727 -1.50684e-4 -0.9135499 -0.3722021 0.07714158 -0.9249405 -0.3900185 0.09350812 -0.9160469 -0.3114411 0.2212138 -0.9241585 -0.2847324 0.2214962 -0.9326666 -0.3368144 0.2680751 -0.9026028 -0.3820499 0.0960018 -0.9191418 -0.4022889 0.1106223 -0.908805 -0.3079065 0.2722057 -0.9116456 -0.3587072 0.3077884 -0.8812466 -0.4067687 1.80177e-5 -0.9135313 -0.406732 0 -0.9135476 -0.400775 0.148246 -0.9041032 -0.4009858 0.1288735 -0.9069741 -0.3997522 0.1535202 -0.9036758 -0.4069939 1.66528e-4 -0.9134309 -0.2536953 0.4153366 -0.8735755 -0.1809144 0.4144982 -0.8918864 -0.2047384 0.4307792 -0.8789263 -0.2099204 0.6830564 -0.6995481 0.02813798 0.2772004 -0.9604001 -0.2238935 0.3450499 -0.9114891 -0.1081506 0.4332287 -0.8947717 -0.406691 -9.27756e-6 -0.9135659 -0.1627982 0.3368162 -0.9273897 -0.0144329 0.4058693 -0.9138172 -0.09652996 0.5690687 -0.8166044 0.04333811 0.307674 -0.9505044 0.0437045 0.3405209 -0.9392207 0.05594801 0.5065353 -0.8604022 0.05651527 0.5856773 -0.8085716 0.07114976 0.7477627 -0.6601428 0.07108461 0.7475046 -0.6604421 0.0711112 0.7477621 -0.6601478 0.07112002 0.7477083 -0.6602078 -0.09444802 0.6875047 -0.7200118 -0.0575385 0.5434219 -0.8374856 0.05151742 0.7198434 -0.6922222 0.05086493 0.7198688 -0.692244 0.05278378 0.719564 -0.6924172 0.04912328 0.720475 -0.691739 0.05174434 0.7196779 -0.6923773 -0.1014065 0.8181144 -0.5660438 0.06766194 0.7847963 -0.6160492 0.07284939 0.926056 -0.3702884 -0.3685255 0.243169 -0.8972502 -0.3894074 0.2469769 -0.8873355 -0.2637131 0.5329472 -0.8040043 -0.3038468 0.5399526 -0.7849385 -0.1290307 0.7668851 -0.6286801 -0.1767387 0.7752837 -0.6063816 0.0594173 0.9118728 -0.4061497 -0.01572477 0.9279308 -0.372421 -0.005890429 0.9396511 -0.3420836 0.08326017 0.8930879 -0.4421107 0.08483439 0.8431726 -0.5309079 0.08515465 0.8434716 -0.5303814 0.08491748 0.842926 -0.531286 0.08541458 0.8434691 -0.5303436 0.05793118 0.2240388 -0.9728569 0.07190364 0.235362 -0.9692444 0.06409031 0.2598359 -0.9635236 0.06931996 0.1650228 -0.9838507 0.07665061 0.1890611 -0.9789692 0.0624957 0.1892212 -0.9799437 0.0850262 0.7835966 -0.6154242 0.08028358 0.8435097 -0.5310799 0.08016246 0.8435804 -0.5309859 0.08019047 0.8435714 -0.5309962 0.07810729 0.5841994 -0.807843 0.06770825 0.4931592 -0.8673003 0.195518 0.4785045 -0.856041 0.01790314 0.5012893 -0.8650946 0.1146129 0.4928916 -0.8625091 0.04560387 0.633194 -0.7726485 0.0503264 0.7491756 -0.6604569 0.1279147 0.8399426 -0.5273845 0.1525417 0.8362877 -0.5266441 0.09354853 0.8419368 -0.531405 0.02765351 0.7837652 -0.6204413 0.04924172 0.8548519 -0.5165304 0.07377958 0.9007251 -0.4280782 0.07381772 0.9007125 -0.4280981 0.07382386 0.9007462 -0.4280264 0.07390391 0.9007254 -0.4280562 0.07380306 0.9007489 -0.4280239 0.06635034 0.3379351 -0.9388278 0.05265855 0.8714268 -0.4876911 0.07644873 0.03364503 -0.9965057 0.07475447 0.1008028 -0.992094 0.07840824 0.03365331 -0.9963532 0.07913148 0.1159977 -0.9900923 0.06641924 0.1160697 -0.9910179 -0.0176537 0.941578 -0.3363323 5.46451e-4 0.9449105 -0.3273283 0.08950972 0.9758992 -0.1990193 0.08075726 0.9701747 -0.2285594 0.1000937 0.9570808 -0.2719885 0.08653992 0.9590831 -0.2695744 0.1005174 0.9569877 -0.2721594 0.1036605 0.9508529 -0.2917761 0.1032806 0.9744417 -0.1994908 0.1108556 0.9736639 -0.1992231 0.1149975 0.9624003 -0.2460921 0.1151996 0.984844 -0.1296583 0.117566 0.9845728 -0.1295945 0.09953886 0.9793375 -0.1760404 0.08307898 0.9807711 -0.1765961 0.08883756 0.978609 -0.1855592 0.1222463 0.9797903 -0.1583253 0.1225602 0.9906789 -0.05945026 0.1209751 0.9903811 -0.06715893 0.1107302 0.9871273 -0.1154063 0.098549 0.98838 -0.1157287 0.1117213 0.9861479 -0.1226 0.09163689 0.9816269 -0.1673657 -0.05376374 0.9781622 -0.2007691 -0.03849762 0.9698903 -0.2404806 -0.04795563 0.9662327 -0.2531693 -0.03779125 0.954712 -0.2951217 -0.2964108 0.8848068 -0.3595242 -0.31695 0.8789247 -0.3564187 -0.02093666 0.9564176 -0.2912511 0.08998113 0.9763874 -0.1963956 -0.533624 0.7190423 -0.4452233 -0.554979 0.7073624 -0.4377634 -0.4473821 0.669076 -0.5934532 -0.2650685 0.8466153 -0.4614989 -0.1407808 0.9527565 -0.2691392 -0.2444019 0.8535258 -0.4601755 -0.3443021 0.9104651 -0.2291493 -0.5820204 0.7481917 -0.3185303 -0.4688199 0.6569194 -0.5904785 -0.1655254 0.8213663 -0.5458562 -0.3203269 0.6190418 -0.7170621 -0.6761345 0.5568565 -0.4824449 -0.7276634 0.5012022 -0.4682974 -0.6111655 0.4831182 -0.6269559 -0.5824832 0.7479149 -0.3183344 -0.5818847 0.7485053 -0.318041 -0.5819532 0.7483773 -0.3182169 -0.6060104 0.4169692 -0.6774129 -0.433034 0.386913 -0.814113 -0.7540206 0.5782575 -0.3115628 -0.5977671 0.7720254 -0.2159891 -0.1552401 0.9784586 -0.1360861 -0.4716208 0.8661679 -0.1653094 -0.6039217 0.7822657 -0.1527714 -0.3461184 0.6026639 -0.719026 -0.2712991 0.5914974 -0.7592943 -0.1917874 0.8101227 -0.5540025 -0.1465499 0.803417 -0.5771001 -0.3646253 0.3054131 -0.8796427 -0.4808884 0.3421053 -0.8072859 -0.3823507 0.3262835 -0.8644924 -0.4001713 0.1233827 -0.9080968 -0.4498658 0.8810153 -0.1463996 0.07873809 0.9729485 -0.2171906 -0.1125831 0.9835196 -0.1414723 -0.1204451 0.9897406 -0.07685357 0.1132664 0.9919019 -0.05745911 -0.4499279 0.880985 -0.1463913 -0.07718211 0.9938054 -0.07996207 -0.09062951 0.992089 -0.08686596 0.1176752 0.9912989 -0.05898487 0.08528244 0.8417966 -0.5330153 0.07150483 0.8848726 -0.4603125 0.01370918 0.7408524 -0.6715281 0.1209809 0.9903798 0.06716758 0.1176661 0.9913004 0.05897682 0.1132761 0.9919006 0.05746054 -0.07719224 0.9938042 0.07996624 -0.09063726 0.9920883 0.0868659 -0.1215823 0.9896085 0.07676398 -0.4515907 0.880039 0.14696 -0.4517987 0.8799233 0.1470139 -0.1141458 0.9833229 0.141587 -0.1552368 0.9784257 0.1363263 0.1175543 0.9845751 0.1295878 0.1107263 0.9871295 0.1153917 -0.4727491 0.8655685 0.1652259 -0.6039217 0.7822657 0.1527712 0.09852498 0.9883837 0.1157178 0.111743 0.9861453 0.1226007 0.1108547 0.9736685 0.199201 0.09954625 0.9793394 0.1760259 0.08305311 0.9807761 0.1765802 0.09163194 0.9816265 0.1673716 -0.05625057 0.9779057 0.2013364 -0.1407679 0.9528834 0.2686966 -0.3517033 0.9077402 0.2287195 -0.5905683 0.7385863 0.3251451 -0.5831629 0.7498561 0.3124691 -0.7703925 0.5735883 0.2783736 0.08884745 0.9786085 0.1855576 -0.05024087 0.9658405 0.2542206 -0.04077821 0.9695564 0.2414493 -0.3028107 0.8815616 0.362153 -0.3235241 0.8755832 0.3587287 -0.5429516 0.7102375 0.4480695 -0.564227 0.6983121 0.4404638 -0.679384 0.552501 0.4828873 -0.7310433 0.4941417 0.4705312 0.1000819 0.9570841 0.2719814 0.0807538 0.9701797 0.2285396 0.08947539 0.9759109 0.1989774 -0.249969 0.8497521 0.4641518 -0.2707321 0.8427788 0.4652182 -0.02284932 0.9558854 0.2928498 -0.4550043 0.6596453 0.5981967 -0.4767863 0.6472033 0.5948132 -0.6095225 0.4098465 0.6786076 -0.6134274 0.4773681 0.6291475 0.08997899 0.9763858 0.1964042 -0.4715988 0.38787 0.791929 -0.3358498 0.6118113 0.7161648 -0.1705327 0.8174656 0.5501533 -0.1891632 0.8097625 0.5554295 -0.03984159 0.9541718 0.2965955 0.1151941 0.9848455 0.129652 0.1150093 0.962402 0.2460801 -8.85172e-4 0.9442257 0.3292979 -0.4541903 0.3381826 0.8242232 -0.333705 0.6010882 0.7261777 -0.2712887 0.5915402 0.7592645 -0.3038032 0.5400084 0.7849169 -0.3645653 0.3057858 0.8795381 -0.3823308 0.3264071 0.8644545 -0.1465176 0.8033913 0.5771438 -0.01645249 0.9413894 0.3369206 -0.3894121 0.2468842 0.8873593 0.07873588 0.97295 0.2171845 0.1032777 0.9744466 0.1994684 0.1036581 0.9508567 0.2917647 0.1005156 0.9569889 0.272156 -0.2636993 0.5330171 0.8039624 -0.3584585 0.3085139 0.881094 -0.3683959 0.2430684 0.8973306 -0.4023302 0.1097918 0.9088873 -0.3830049 0.09577953 0.9187675 -0.3374293 0.2685943 0.9022187 -0.2848824 0.2214524 0.9326313 -0.3113781 0.2211653 0.9241914 -0.3744003 0.07090115 0.9245526 -0.3769265 0.08150875 0.9226499 -0.3901047 0.09350568 0.9160104 -0.406732 0 0.9135476 -0.3075613 0.2729256 0.9115469 -0.2378449 0.4518535 0.8598013 -0.2033143 0.3719915 0.9056963 -0.1630327 0.3368831 0.9273242 -0.2237197 0.3450978 0.9115136 -0.1682475 0.2817052 0.9446349 -0.4067522 -6.0273e-5 0.9135386 -0.2569371 0.1575726 0.9534959 -0.3601022 0.1648288 0.9182363 -0.09730052 0.5705349 0.8154892 -0.01452296 0.405918 0.9137942 -0.2047119 0.429688 0.8794665 -0.09603333 0.6834662 0.7236377 -0.05112987 0.5400087 0.840105 -0.1081475 0.4333032 0.8947361 0.02826935 0.2771808 0.9604018 -0.1615217 0.227337 0.9603274 -0.1194043 0.1932139 0.973864 -0.2976452 0.03514069 0.9540296 -0.3637794 0.05828428 0.92966 0.05600309 0.5067374 0.8602797 0.04373449 0.3425826 0.9384693 0.06628042 0.7279047 0.6824674 0.04333132 0.3075508 0.9505445 0.03144001 0.138256 0.9898974 -0.09070545 0.07488983 0.9930579 -0.08777123 0.09639966 0.9914653 -0.3011067 0.02387964 0.9532915 -0.3075264 0.07766258 0.948365 -0.4067283 0 0.9135493 -0.0328744 0.7694231 0.6378929 0.0748943 0.9203943 0.3837515 0.06633567 0.786295 0.6142798 0.06986123 0.7329108 0.6767283 0.06976717 0.7329304 0.6767169 0.06980854 0.733115 0.6765125 0.05870056 0.5886282 0.8062699 -0.3091589 0.04882419 0.9497563 -0.4068498 0 0.9134951 -0.08368474 0.06775778 0.9941861 -0.2978724 0.00447601 0.9545953 -0.2971341 0.007307946 0.9548079 -0.3022935 0.02536886 0.9528774 -0.4068768 -9.27672e-6 0.913483 -0.406508 -3.49474e-5 0.9136472 -0.4009885 0.1285856 0.9070138 -0.4007658 0.1484146 0.9040796 -0.3997226 0.1536895 0.90366 0.02427393 0.1053362 0.9941405 -0.4067687 1.80177e-5 0.9135313 -0.406777 8.02638e-5 0.9135275 -0.1767484 0.7752556 0.6064147 -0.2099222 0.6830497 0.6995541 -0.1290861 0.7668498 0.6287118 -0.02073585 0.9287917 0.3700218 -0.01569569 0.927958 0.3723542 -0.005868017 0.9396668 0.3420408 0.07837903 0.5872761 0.8055828 0.05660343 0.7140604 0.6977922 0.06763625 0.4931055 0.8673363 0.06242549 0.3404685 0.9381814 0.06772357 0.4933133 0.8672114 0.07662385 0.4918023 0.8673288 0.07676094 0.4937607 0.8662033 0.07674378 0.4923514 0.8670068 0.07798749 0.4982024 0.8635464 0.06118083 0.46033 0.8856372 -0.0797109 0.05140751 0.9954916 0.0578354 0.2243005 0.9728024 0.0507664 0.09410476 0.9942672 -0.08153396 0.05436754 0.9951866 -0.08194839 0.05361819 0.9951932 -0.2983942 0.006632208 0.9544197 -0.2995058 0.005311429 0.9540797 0.05787849 0.1649599 0.9846007 0.06168031 0.08249896 0.9946806 -0.4068819 1.6463e-5 0.9134809 0.06168878 0.08166033 0.9947493 -0.06248962 0.009199857 0.9980032 -0.06264638 0.01149493 0.9979697 -0.4066112 0 0.9136013 -0.4069173 -3.08926e-5 0.9134651 -0.4067541 0 0.9135377 -0.07947212 0.04095089 0.9959957 0.06170099 0.0860936 0.9943747 -0.04231941 -0.04011702 0.9982984 -0.04649394 -0.02408647 0.9986281 -0.05035197 -0.01400631 0.9986333 -0.2256273 -0.136164 0.9646511 -0.2164515 -0.1549337 0.9639213 -0.2234346 -0.142097 0.9643057 -0.2021477 -0.1735833 0.9638491 -0.04073798 -0.04107254 0.9983254 0.06215751 0.1007387 0.9929695 -0.02423602 -0.05594575 0.9981396 -0.09737628 -0.2867356 0.9530481 -0.2168969 -0.1797205 0.9595084 -0.2908444 -0.04368543 0.9557726 -0.1926032 -0.153815 0.9691466 -0.3126813 -0.1764807 0.9333193 -0.3114365 -0.1819379 0.9326875 -0.3788098 -0.06781965 0.9229863 -0.2128821 -0.1585372 0.9641303 -0.288366 -0.2454169 0.9255353 -0.1628423 -0.2213957 0.9614918 -0.2155407 -0.2473163 0.944657 -0.05868023 -0.332893 0.9411371 -0.189841 -0.317766 0.9289699 -0.1742438 -0.4518004 0.8749375 -6.51378e-4 -0.3866907 0.9222093 -0.1129058 -0.5196613 0.8468793 -0.03479099 -0.09212082 0.9951399 -0.03122282 -0.09348821 0.9951307 0.01991665 -0.1762336 0.9841469 -0.004071712 -0.09104526 0.9958385 -0.1107981 -0.5260856 0.8431831 -0.07084506 -0.5241097 0.848699 0.001400947 -0.1749963 0.9845682 -0.02541363 -0.4902612 0.871205 0.006141245 -0.04521644 0.9989584 -0.04819697 -0.8055803 0.590523 -0.2451717 -0.5801354 0.7767458 -0.2423242 -0.3438903 0.9072037 -0.3051006 -0.4409505 0.8440832 -0.4310879 -0.2328022 0.8717606 -0.4575706 -0.09855902 0.8836941 0.01099789 -0.6280888 0.778064 -0.04642623 -0.748722 0.6612564 0.06859368 -0.921281 0.3828007 0.09199386 -0.9276944 0.3618291 -0.1191644 -0.7069035 0.6971996 -0.109716 -0.7118381 0.693721 -0.217112 -0.5261774 0.8221921 -0.1986753 -0.8380143 0.5081933 -0.2955879 -0.754642 0.5857844 -0.2725459 -0.769216 0.5779495 -0.486127 -0.4899381 0.7236306 -0.1696774 -0.8229873 0.542127 -0.476687 -0.5001547 0.7229211 -0.6168899 -0.1758103 0.7671621 -0.5955736 -0.2111132 0.7750635 -0.654847 0 0.7557615 -0.6481965 -0.02120804 0.7611777 -0.6580263 0.004269003 0.7529829 -0.5131208 -0.004447638 0.8583049 -0.4940452 0.0011155 0.8694356 -0.4116319 0 0.9113502 0.001563608 -0.1756544 0.9844508 0.07113641 -0.4845203 0.8718829 0.06888824 -0.7129259 0.6978476 -0.02654445 0.08946138 0.9956366 0.1196097 -0.7392188 0.6627587 0.0854147 -0.892234 0.443422 0.1576621 -0.910917 0.3812782 -0.06701725 -0.9153474 0.397049 0.04308998 -0.4639511 0.8848123 0.043904 -0.4638494 0.8848256 0.07959383 -0.7063738 0.7033499 0.08374869 -0.7104904 0.6987057 0.1060679 -0.8343209 0.540979 0.1521869 -0.8818165 0.4463618 0.01751756 -0.174663 0.9844725 0.03639417 -0.4542711 0.8901198 0.01172107 -0.1695318 0.985455 0.04127407 -0.8723431 0.487149 -0.001797258 -0.1722024 0.98506 -0.0253967 -0.1398814 0.9898425 -0.02198082 -0.4673467 0.8838009 -0.001803457 -0.71408 0.7000618 -0.7152518 -0.01731878 0.6986523 -0.6882036 -0.005775094 0.7254946 0.1432661 -0.0170018 0.9895383 0.175063 0.008775055 0.9845182 -0.02729398 -0.6980093 0.7155684 0.2273781 -0.01346004 0.9737135 0.237644 -4.20163e-5 0.9713524 0.0616492 -0.1948071 0.9789022 0.1404853 -0.1948487 0.9707203 0.1405929 -0.195203 0.9706335 0.2229489 -0.1953802 0.95505 0.05678981 -0.2736856 0.9601412 0.05081605 -0.4970654 0.8662238 0.05322653 -0.5554308 0.8298575 0.1191688 -0.5554018 0.8229992 0.1191933 -0.5551283 0.8231803 0.189105 -0.555149 0.8099684 0.03802502 -0.7338164 0.6782829 0.03805446 -0.7330995 0.679056 0.03776133 -0.8314356 0.5543366 0.07959622 -0.8313446 0.5500279 0.07967805 -0.8312213 0.5502024 0.1263871 -0.8312532 0.5413359 0.02331441 -0.9026071 0.4298337 0.02336001 -0.9022012 0.4306824 0.02329522 -0.9029515 0.4291108 0.01500618 -0.980659 0.1951487 0.02755701 -0.9808621 0.1927442 0.02842134 -0.9801214 0.1963527 0.04293775 -0.9813358 0.1874478 0.008602917 -0.9891563 0.1466146 0.2835136 6.45915e-5 0.9589683 0.2230232 -0.1950479 0.9551006 0.3019894 -0.1950781 0.9331382 0.3052731 -0.1706843 0.9368433 0.3098177 0 0.950796 0.3106305 -0.008742868 0.9504905 0.3142397 -0.0199331 0.9491345 0.1891528 -0.5550642 0.8100154 0.253881 -0.5552752 0.7919685 0.03215533 -0.9943737 0.1009308 0.05452656 -0.9812192 0.1850291 0.1263874 -0.8312634 0.5413203 0.1670427 -0.8313682 0.5300223 0.1206245 -0.9849199 0.1240271 0.04564934 -0.9796552 0.1954277 0.1169201 -0.9290668 0.350948 0.3125967 -0.01722884 0.9497297 0.3051604 -0.04070812 0.9514306 0.3003651 -0.07016664 0.95124 0.1279026 -0.9825749 0.1348611 0.3570118 -0.8584687 0.368204 0.3795204 -0.8304819 0.407755 0.5478422 -0.6025245 0.5803735 0.5602968 -0.5546208 0.6151938 0.6574283 -0.2370609 0.7152554 0.4418358 -0.5530987 0.7063022 0.4415053 -0.5533254 0.7063314 0.1100562 -0.9782135 0.1760288 0.0885688 -0.9843421 0.1524019 0.2959963 -0.829631 0.4733906 0.1836175 -0.8297327 0.5270944 0.1839344 -0.8294365 0.5274499 0.2741431 -0.5531747 0.786666 0.2956595 -0.8301335 0.4727198 0.07158559 -0.9760646 0.2053614 0.04724448 -0.9854092 0.163514 0.5379328 -0.09024327 0.8381435 0.0623427 -0.8294811 0.5550447 0.06212347 -0.8298506 0.5545167 0.2740841 -0.5534819 0.7864704 0.09298497 -0.5533445 0.8277462 0.3081628 -0.3499787 0.884619 0.02517211 -0.974259 0.2240222 0.01539433 -0.9806866 0.194979 -0.008323788 -0.9807637 0.1950218 -0.07436633 -0.8291764 0.5540182 -0.07439863 -0.8289325 0.5543789 0.09291821 -0.5531784 0.8278647 -0.1107701 -0.552177 0.8263357 0.1092804 -0.1933917 0.9750167 -0.04175478 -0.1943899 0.9800354 0.1711532 0.2063906 0.9633845 0.171189 0.2062302 0.9634124 -0.03254264 -0.9696016 0.2425158 -0.03532099 -0.9854175 0.1664478 -0.2178063 -0.8289908 0.5151064 -0.2178761 -0.8291146 0.5148777 -0.1108973 -0.5523393 0.8262101 -0.3248977 -0.5522182 0.7677868 -0.122489 -0.3884235 0.9133038 -0.0917682 -0.9718889 0.2168195 -0.07728445 -0.9843662 0.1582729 -0.3248971 -0.5522149 0.7677896 -0.3795536 -0.2248018 0.8974426 -0.6736919 -0.138581 0.7259026 -0.6704369 -0.1394352 0.728747 -0.1385519 -0.9746097 0.1758962 -0.3459011 -0.8291128 0.4392315 -0.1700163 -0.9410422 0.2924623 -0.7438025 -7.02584e-4 0.6683991 0.2707866 -0.4920054 0.8274088 0.2052751 -0.7538753 0.6241268 -0.7566025 0 0.6538752 0.08767873 -0.518909 0.8503212 0.7130235 -0.2527559 0.653997 0.6099243 -0.203484 0.7658895 0.7215496 -0.2034904 0.6617839 0.7130318 -0.2527738 0.653981 0.05792033 0.2239897 0.9728689 0.0719124 0.2353057 0.9692574 0.06934887 0.1648668 0.9838749 0.07666814 0.1889235 0.9789944 0.7215101 -0.2034977 0.6618248 0.8032798 -0.252844 0.5392694 0.07479631 0.1007012 0.9921012 0.07842761 0.03363442 0.9963523 0.07913017 0.1158452 0.9901103 0.05910241 -0.9963564 -0.06149035 0.08025938 0.04040658 0.9959548 0.08039593 -0.03729826 0.9960649 -0.1112701 -0.98352 -0.1425042 -0.09950262 -0.9854913 -0.1374999 -0.1095561 -0.9900702 -0.0880832 -0.3111045 -0.943808 -0.1115374 -0.2534154 -0.9644883 -0.07445085 -0.05791139 -0.9974948 -0.04062658 -0.05811172 -0.9974736 -0.04086095 -0.05837541 -0.9974607 -0.04079675 -0.05711346 -0.9960596 -0.06784904 -0.05967897 -0.9959193 -0.06770014 -0.2312363 -0.9594285 -0.1613283 -0.3346638 -0.9261215 -0.1740666 0.07654696 -0.03734678 0.9963663 0.08381479 -0.1127023 0.9900875 0.08019632 -0.03802466 0.9960536 -0.2808194 -0.9306139 -0.2347301 -0.3641689 -0.898664 -0.244508 -0.09300464 -0.9786219 -0.1834379 0.8033083 -0.2527979 0.5392487 0.8726834 -0.2528942 0.4176939 0.0849564 0.7850111 0.6136285 0.0802015 0.8435771 0.5309854 0.08996599 0.8427126 0.5307934 0.1542938 0.8360575 0.5264991 0.02150154 0.4999117 0.8658095 0.1144998 0.4928385 0.8625544 0.049663 0.3858965 0.9212044 0.06159096 0.2691372 0.9611304 0.06347143 0.276075 0.9590381 0.06116932 0.2680048 0.9614738 0.0638206 0.2716613 0.9602746 0.1922156 0.478823 0.8566107 0.05189716 -0.987451 -0.1491549 0.0841968 0.8898627 0.448392 0.08683598 0.9586697 0.2709465 0.06412506 0.2597384 0.9635476 0.04556161 0.6332432 0.7726108 0.05028796 0.7491607 0.6604766 0.1279008 0.8399711 0.5273423 0.02760708 0.7837276 0.620491 0.01371163 0.7408569 0.6715229 0.0116772 0.6963817 0.7175767 0.01291769 0.665939 0.7458944 0.05057018 0.3842902 0.9218263 0.05056369 0.3844699 0.9217517 0.06483829 0.2605538 0.9632797 0.1222506 0.9797907 0.1583193 0.08685237 0.9434956 0.319801 0.04084599 0.4327945 0.9005668 0.0406844 0.4665002 0.883585 0.06250923 0.1890851 0.9799691 0.06812041 0.2065972 0.9760519 0.09597629 0.9826112 0.1589455 0.09557384 0.9598475 0.2637397 0.08682942 0.9435014 0.3197903 0.06843596 0.04039388 0.9968374 0.06868618 0.04128843 0.9967836 0.09731328 0.959951 0.2627249 0.08137255 0.9655613 0.2471232 0.06879967 -0.03812879 0.9969017 0.08097493 -0.1127642 0.9903168 0.06714975 -0.04402112 0.9967713 0.0678839 -0.1201981 0.9904263 0.08384352 -0.1940683 0.9773985 0.07910627 -0.119997 0.9896175 0.06211018 0.2791821 0.9582274 0.06642526 0.1159169 0.9910354 0.04606378 0.2068368 0.9772906 0.04857933 0.2076783 0.9769902 0.05040937 0.215047 0.9753019 0.0490942 0.1249094 0.9909529 0.07682925 0.9621725 0.2613834 0.04103815 0.8799821 0.4732309 0.05266189 0.8714091 0.4877225 0.06486672 -0.1313212 0.9892154 0.06637006 -0.2221551 0.9727498 0.05604237 -0.2071731 0.9766978 0.07732206 -0.2065939 0.9753668 0.02904331 0.4565875 0.8892043 0.1225587 0.9906794 0.05944544 0.1012372 0.9918568 0.0772736 0.1008782 0.980526 0.1685003 0.07341092 0.982874 0.1690254 0.08047986 -0.2831301 0.9556989 0.08044606 -0.1941868 0.9776605 0.078978 -0.2719627 0.9590615 0.01115107 0.6457235 0.76349 0.02363765 0.5993255 0.8001564 0.01131176 0.6436666 0.7652224 0.049254 0.8548427 0.5165445 0.07380455 0.9007212 0.4280821 0.07385593 0.9007321 0.4280503 0.07380032 0.9007423 0.4280382 0.07384896 0.900744 0.4280266 0.07377201 0.9007597 0.4280067 0.06910467 0.1247948 0.9897732 0.07314419 0.9643788 0.2542117 0.01312023 0.7435815 0.6685166 0.05059361 0.04128152 0.9978659 0.05037289 0.04060143 0.9979049 0.0959683 0.9826112 -0.1589503 0.1008724 0.9805254 -0.1685075 0.08137971 0.9655598 -0.2471266 0.08922439 -0.5187296 0.8502697 0.08921259 -0.518931 0.8501482 0.08908063 -0.5193013 0.8499358 0.08961629 -0.5185357 0.8503468 0.08771413 -0.5141666 0.8531934 0.09281462 -0.5197622 0.8492543 0.05046004 -0.04413455 0.9977505 0.04908984 -0.1315364 0.9900952 0.04845285 -0.05090314 0.9975276 0.04350304 0.8826149 0.4680796 0.0582804 0.9631636 0.262525 0.1012355 0.9918566 -0.07727789 0.08270877 0.9949989 -0.0560038 0.07342779 0.9828712 -0.1690348 0.07649523 0.9816058 -0.1749247 0.06345754 -0.2712484 0.9604153 0.03320831 0.8881216 0.4584076 0.03500252 0.8904052 0.4538208 0.01080578 0.7873303 0.6164369 0.08568108 -0.9369891 0.338689 0.07902026 -0.9352841 0.344963 0.08340036 -0.9363583 0.3409952 0.07601004 -0.9494973 0.3044297 0.06927251 -0.2177053 0.9735531 0.04587417 -0.1426905 0.9887037 0.04694473 -0.2174213 0.9749483 0.07649338 0.9816056 0.1749265 0.04853534 0.983316 0.1753115 0.04371529 -0.8339218 0.5501485 0.05195665 -0.8487012 0.5263144 0.09557563 0.9598456 -0.2637457 0.09730201 0.9599508 -0.2627298 0.07683473 0.9621725 -0.2613819 0.08683347 0.9434904 -0.3198217 0.07680296 0.9945959 0.06985998 0.05035936 0.9954794 0.08052939 0.04708343 -0.2180164 0.9748088 0.02931129 -0.4557406 0.8896299 0.04250437 -0.4647839 0.8844034 0.01393085 -0.6580156 0.7528755 0.01396751 -0.6876183 0.725938 0.01350849 -0.6961615 0.7177581 0.01433211 -0.7263613 0.6871636 0.05037176 -0.4984099 0.8654769 0.03725111 -0.5382233 0.8419787 0.04540514 -0.5505041 0.8335968 0.07179486 -0.3425162 0.9367648 0.04848074 -0.8287338 0.5575392 0.01336455 -0.7435569 0.6685391 0.01439476 -0.7609787 0.6486173 0.04743599 -0.8715039 0.4880889 0.03722149 -0.4842023 0.8741641 0.04020196 -0.8583291 0.5115225 0.03134983 -0.4460937 0.8944371 0.01307231 -0.6419183 0.7666618 0.07620555 -0.9636786 0.2559618 0.078211 -0.9605549 0.2668659 0.03570079 -0.8777601 0.4777685 0.0774185 -0.9833147 0.164617 0.07998132 -0.9806218 0.1788407 0.07984334 -0.992648 0.09096747 0.08747315 -0.994474 0.05805099 0.08744788 -0.9944759 0.05805635 0.08750587 -0.9944705 0.05806118 0.08745032 -0.9944764 0.05804568 0.06466692 -0.9597564 0.2732875 0.05334317 -0.96498 0.2568427 0.05342477 -0.9648836 0.2571879 0.08753657 -0.9952422 -0.04278123 0.06339991 -0.9957863 0.06625819 0.03956228 -0.8828264 0.4680306 0.05331867 -0.9823678 0.1791943 0.05436086 -0.9817892 0.18203 0.05441528 -0.9949312 0.08456313 0.06339621 -0.9957864 0.06626003 0.06341832 -0.9957851 0.06625926 0.06342029 -0.9957848 0.06626158 0.08746922 -0.9944741 0.05805498 0.06338512 -0.9957879 0.06624794 0.07992434 -0.9951043 -0.05813437 0.08747673 -0.9944732 -0.05806076 0.07984042 -0.9926479 -0.09097099 0.07997924 -0.9806207 -0.1788475 0.07741647 -0.9833161 -0.1646092 0.09723424 -0.9816114 -0.1642702 0.1017259 -0.9839043 -0.1469157 0.02144998 -0.4428791 0.8963247 0.02161693 -0.4423804 0.8965669 0.04665589 -0.05091172 0.9976128 0.04914808 -0.1426619 0.9885506 0.04395127 -0.1457726 0.9883415 0.03988528 -0.1490448 0.9880257 0.03775155 -0.15657 0.9869452 0.03552573 -0.1632034 0.9859526 0.02917224 -0.1886095 0.9816188 0.02925091 -0.1884383 0.9816493 0.02920377 -0.1885179 0.9816355 0.03422927 -0.2133538 0.9763752 0.0439291 -0.05569887 0.9974809 0.03849631 -0.07481455 0.9964542 0.03690326 -0.08538401 0.9956645 0.03595793 -0.09146428 0.995159 0.03613972 -0.09372973 0.9949416 0.03581339 -0.09766954 0.9945744 0.03605693 -0.1037366 0.993951 0.03589767 -0.1037712 0.9939532 0.03782212 -0.1120801 0.9929791 0.03082209 -0.8862627 0.4621565 0.03361827 -0.8904004 0.4539351 0.0247308 -0.8927405 0.4498921 0.0126875 -0.7869995 0.6168233 0.01352196 -0.7808994 0.6245105 0.1610736 -0.7339226 0.6598584 0.1600073 -0.7834966 0.6004422 0.1406325 -0.7798346 0.609984 0.1604615 -0.7337798 0.6601662 0.5432508 -0.6242246 0.5614466 0.5430653 -0.6722575 0.5031403 0.5504372 -0.6232051 0.5555489 0.1381429 -0.8891003 0.4363682 0.1609852 -0.6870269 0.7085746 0.4742557 -0.687514 0.5499147 0.4700549 -0.7842761 0.4049191 0.4821152 -0.7909648 0.3767492 0.1606461 -0.6868936 0.7087807 0.5173999 -0.5952094 0.614836 0.1437603 -0.8852176 0.4424058 0.1468644 -0.9658658 0.2133871 0.5505852 -0.5698318 0.6100392 0.4937244 -0.7734727 0.3974626 0.5004177 -0.8476656 0.1761963 0.3533115 -0.9119356 0.2086737 0.1606346 -0.6223751 0.7660588 0.3794094 -0.6060835 0.699079 0.5183379 -0.5356383 0.6666465 0.1314268 -0.9698133 0.2054002 0.111357 -0.9704055 0.2142729 0.1114025 -0.9704006 0.2142716 0.1113393 -0.9704062 0.2142789 0.01285284 -0.6452506 0.7638629 0.1166072 -0.6406842 0.7588983 0.111328 -0.9704269 0.2141909 0.3770812 -0.4808496 0.7915766 -0.120402 -0.4833997 0.8670803 0.005966782 -0.4796772 0.8774249 -0.01357144 -0.5140641 0.8576444 0.1950706 -0.5043291 0.8411893 0.1947255 -0.5043865 0.841235 0.1952084 -0.5842006 0.7877839 0.5555351 -0.4954709 0.6677495 0.5556409 -0.5582395 0.6161428 0.8312546 -0.373308 0.4118944 0.8311432 -0.4120962 0.3733338 0.9807357 -0.1448333 0.1310762 0.9808006 -0.156481 0.1163788 0.9807065 -0.1571103 0.1163232 0.8310594 -0.4467996 0.3312258 0.8314515 -0.4462139 0.3310313 0.5551933 -0.667972 0.4955542 0.5552397 -0.668045 0.4954037 0.1947534 -0.7878013 0.5843289 0.1946353 -0.7878209 0.5843418 -0.0141986 -0.8031365 0.5956259 0.0271629 -0.8246495 0.5649915 -0.01618689 -0.8576234 0.5140234 0.00433433 -0.8744587 0.4850807 0.01957112 -0.7487962 0.6625114 0.001256287 -0.7409537 0.6715551 0.1946137 -0.7268276 0.6586708 0.1947503 -0.7267512 0.6587147 0.1945444 -0.8413853 0.5042056 -0.008154213 -0.9039602 0.4275389 0.1952183 -0.8411964 0.5042603 0.5549028 -0.7135822 0.4276488 0.555087 -0.7519314 0.3556368 0.5548979 -0.7520577 0.3556652 0.1944941 -0.8867412 0.4193594 0.8311994 -0.4768838 0.2858137 0.9807525 -0.1675257 0.1002987 0.9806703 -0.1769807 0.08344817 0.8311663 -0.502642 0.2377263 0.9808165 -0.1671192 0.1003505 1 0 0 1 -6.74764e-5 0 0.0247277 -0.9151427 0.4023709 0.1949298 -0.8866453 0.4193598 0.1951265 -0.9234535 0.3303929 0.5551033 -0.7134342 0.4276355 0.5551066 -0.7831518 0.2802322 0.5548479 -0.7833426 0.2802111 0.8315298 -0.5019932 0.2378256 0.8313257 -0.4766646 0.2858125 0.8312071 -0.523471 0.1872778 0.9808492 -0.1759663 0.08349251 1 -1.63207e-5 0 0.9808576 -0.1832892 0.065755 -0.01960515 -0.9413553 0.3368471 0.03524833 -0.9556148 0.2925029 1 -7.53452e-5 0 1 6.26252e-5 0 1 -1.25266e-4 0 0.1947701 -0.9234955 0.3304857 0.1948115 -0.9514603 0.2382683 0.555513 -0.8065577 0.2021639 0.5549017 -0.8070002 0.2020766 0.8312969 -0.5232865 0.1873944 0.8310071 -0.539615 0.1350668 0.5545054 -0.6167506 0.5586973 0.5553394 -0.6160722 0.5586173 0.9807531 -0.1894028 0.04743498 0.9806339 -0.1844849 0.06574779 0.8310552 -0.4119781 0.3736593 1 -5.13294e-5 0 1 9.82511e-5 0 1 2.68384e-4 0 0.9807394 -0.1447603 0.1311292 0.9807818 -0.1309725 0.1446147 0.8312146 -0.3734557 0.4118412 0.1946405 -0.6586368 0.7268513 0.1942927 -0.6587562 0.726836 1 -6.97837e-5 0 1 6.26331e-5 0 0.9807773 -0.1309894 0.14463 0.9807384 -0.1166093 0.156699 0.9807717 -0.1161379 0.1568405 0.831299 -0.3310064 0.4465165 0.5548543 -0.5587 0.6164342 0.1946215 -0.5843403 0.7878254 -0.001051187 -0.6715284 0.7409781 0.02015358 -0.6607174 0.7503641 1 8.59254e-5 0 1 5.02513e-5 0 1 2.73943e-5 0 1 -5.48005e-5 0 0.8309953 -0.3314591 0.4467457 0.8314431 -0.2854984 0.4766478 0.8308103 -0.2860884 0.4773969 0.9807537 -0.1004697 0.1674163 0.9807938 -0.1002186 0.1673309 0.5549187 -0.4955981 0.6681674 0.5549546 -0.4276191 0.7135597 -0.01415532 -0.5956393 0.8031273 1 -3.15597e-5 0 1 2.6894e-5 0 1 -2.81183e-5 0 0.0238645 -0.5638054 0.8255629 0.4385536 -0.3883211 0.8104798 1 3.76166e-5 0 1 1.708e-5 0 1 4.68165e-5 0 1 -8.62783e-6 0 1 6.53902e-6 0 1 1.09577e-4 0 1 -1.56146e-4 0 1 5.02664e-5 0 -0.02484083 -0.9697356 0.2428905 1 -7.53409e-5 0 1 5.85343e-5 0 1 -2.96382e-5 0 0.03511315 -0.9835006 0.1774646 0.9808131 -0.1891006 0.04739934 0.980768 -0.1930657 0.02863502 0.9807921 -0.1929427 0.02863806 0.8311961 -0.5393077 0.1351309 0.8309588 -0.550321 0.08157491 0.8313427 -0.5497341 0.08161962 0.6352652 -0.7523351 0.1744421 0.8353945 -0.5379157 0.1129725 0.8423695 -0.5270115 0.1125735 0.8425746 -0.533231 0.07571542 0.8826786 -0.4680581 0.04242706 0.635653 -0.7689136 0.06868207 0.1947558 -0.9514533 0.2383421 0.1949551 -0.9701963 0.1439156 0.1948521 -0.9702162 0.1439216 0.63563 -0.7689325 0.06868249 0.3512572 -0.9325776 0.08317208 1 1.8524e-5 0 0.1112324 -0.970439 0.2141858 0.3536907 -0.9316232 0.08355247 0.1073295 -0.9902517 0.08878111 0.1077853 -0.9901952 0.08885931 0.1105052 -0.9709111 0.2124155 0.1122469 -0.9700009 0.215636 0.111104 -0.9704152 0.2143599 0.111679 -0.9703873 0.2141878 -0.01851195 -0.9890066 0.1467084 0.02342045 -0.9979425 0.0596854 0.03111237 -0.9827646 0.1822249 0.02131146 -0.9763333 0.215219 0.02131038 -0.9763346 0.215213 0.02127736 -0.9762605 0.215552 0.02135777 -0.9763901 0.2149561 0.02131819 -0.976277 0.2154737 0.0213077 -0.9763596 0.2151 0.02153861 -0.9752885 0.219883 0.02261519 -0.9763066 0.2152068 0.02410274 -0.9957142 0.08928823 0.8604398 -0.5086635 0.03008079 0.1948494 -0.9796513 0.048137 1.86214e-5 -0.9987958 0.04906105 0.1948652 -0.979649 0.04811966 0.5547957 -0.8229925 0.1220052 0.555056 -0.8308118 0.0408014 0.5551422 -0.8227435 0.1221078 0.9807035 -0.1952664 0.009576201 0.351298 -0.9325393 -0.08342802 0.3517857 -0.9323487 -0.08350408 0.6356242 -0.7689598 -0.06843167 0 -0.9987958 -0.04906058 0.0238505 -0.9979201 -0.05988925 0.1948652 -0.979649 -0.04811966 0.5549778 -0.8308634 0.04081165 0.5551718 -0.8307334 -0.04082077 0.5550613 -0.8308079 -0.04080891 0.8314767 -0.5548894 0.02728176 0.8312529 -0.5552246 -0.02728378 0.9807655 -0.1949549 0.009576499 0.831071 -0.5554968 0.0272817 0.9808554 -0.1945017 -0.009577095 0.1947587 -0.9796704 -0.04811459 0.1950199 -0.9701763 -0.1439632 0.5549481 -0.8228806 -0.1220669 0.5547958 -0.8229926 -0.1220034 -0.01842606 -0.9890071 -0.1467158 0.03547424 -0.9834449 -0.1777018 0.8312036 -0.5552985 -0.0272786 0.8309257 -0.5503728 -0.08156305 0.9806829 -0.1953701 -0.009575664 0.9807646 -0.1930822 -0.02863746 1 -5.80838e-5 0 0.02409553 -0.9957123 0.08931207 0.02411031 -0.9957147 0.08928072 0.02409517 -0.9957137 0.08929574 0.02410197 -0.9957157 0.08927148 0.02638357 -0.9969412 0.07356894 0.03184461 -0.9954968 0.08928656 0.03189456 -0.997173 0.0680356 0.03188186 -0.9971735 0.06803363 0.03189003 -0.9971733 0.06803363 0.02639287 -0.8955528 0.444172 0.01802873 -0.8967278 0.4422153 0.01768219 -0.8978138 0.4400203 0.01352345 -0.7991127 0.6010292 0.5550947 -0.4276049 0.7134591 0.0125544 -0.7874612 0.6162366 0.1168116 -0.4438299 0.8884651 0.1136394 -0.4412787 0.8901456 0.03794103 -0.9640054 0.2631617 0.01372504 -0.6205812 0.7840222 0.01508039 -0.4428645 0.8964618 0.01541608 -0.4413701 0.8971927 0.01589459 -0.1904422 0.9815698 -0.01054322 -0.4275358 0.9039369 0.195076 -0.4194135 0.8865877 0.4046157 -0.3503528 0.8447124 0.5552541 -0.3556428 0.7518053 0.5549467 -0.3555866 0.7520587 0.8309732 -0.2377927 0.5029296 0.8311559 -0.237825 0.5026124 0.9808015 -0.08337515 0.1762869 0.9807785 -0.08338636 0.1764094 0.01066249 -0.2175247 0.9759967 0.01062113 -0.2143449 0.9767003 0.009827077 -0.1904971 0.9816387 0.009910821 -0.1889448 0.9819377 0.01002478 -0.1904994 0.9816361 0.01001542 -0.1905034 0.9816355 0.01003575 -0.1890312 0.9819199 0.01002842 -0.1891949 0.9818884 0.009897053 -0.1884883 0.9820256 0.010131 -0.1892504 0.9818766 0.007050275 -0.161841 0.9867917 0.01068103 -0.1904358 0.9816417 0.8313508 -0.5497226 -0.08161461 0.9807984 -0.1929104 -0.02863657 0.02252089 -0.3941988 0.9187493 -0.0195679 -0.3368295 0.9413623 0.1950816 -0.3304492 0.9234428 0.1951972 -0.3304342 0.9234238 0.1949057 -0.4192609 0.8866972 0.554927 -0.2803142 0.7832497 0.555183 -0.2801465 0.7831283 0.8311119 -0.1873195 0.5236073 0.8309071 -0.1874281 0.5238934 0.9807775 -0.06581532 0.1836949 1 3.76733e-5 0 0.9808006 -0.06566756 0.1836246 1 -1.05608e-4 0 1 -7.53352e-5 0 0.01525408 -0.2222568 0.9748689 0.01933389 -0.2263123 0.973863 0.02364683 -0.2307836 0.9727177 0.02581399 -0.2352849 0.9715836 1 -4.30626e-5 0 0.8312491 -0.1351134 0.5392305 0.831271 -0.1351264 0.5391933 0.9807476 -0.04744035 0.1894293 0.9807702 -0.04739844 0.1893237 0.5552651 -0.2021089 0.8067421 0.1942867 -0.2383456 0.9515483 0.03119939 -0.286028 0.9577133 -0.02260601 -0.2429269 0.9697812 1 3.22414e-5 0 0.5544993 -0.2020754 0.807277 0.5546084 -0.1221374 0.8230991 0.5545992 -0.1221016 0.8231106 0.8313987 -0.08153283 0.5496624 0.8313231 -0.08157241 0.5497707 0.9807659 -0.02863889 0.193075 0.1950808 -0.2383792 0.9513773 0.9807695 -0.0286135 0.1930605 0.03040343 -0.1734613 0.9843713 -0.01663029 -0.146724 0.9890378 0.1950802 -0.1439311 0.9701689 1 -7.80701e-5 0 1 2.73988e-5 0 1 -3.83219e-5 0 1 1.46591e-5 0 1 -2.90461e-5 0 1 2.74441e-5 0 1 -1.52175e-5 0 1 -1.16817e-5 0 1 7.22312e-5 0 0.1947421 -0.1439785 0.9702298 0.1947425 -0.04813641 0.9796726 0.5549377 -0.04083043 0.8308894 0.5549262 -0.0408129 0.8308979 0.01966482 -0.05799233 0.9981234 0 -0.04904896 0.9987964 0.8312516 -0.02729165 0.5552262 0.8313199 -0.02726888 0.5551249 0.9807829 -0.009590744 0.1948663 0.9807333 -0.009575605 0.1951171 1 1.96163e-5 0 1 -1.96371e-5 0 0.1946272 -0.04812145 0.9796963 0.1946272 0.04812145 0.9796963 0.1947426 0.04812157 0.9796732 0.5552667 0.0408048 0.8306708 0.1950802 0.1439311 0.9701689 0.1947421 0.1439785 0.9702298 0.5546084 0.1221374 0.8230991 0 0.04904896 0.9987964 0.5545993 0.1221017 0.8231105 0.02175021 0.05896723 0.998023 0.8312606 0.08144742 0.5498839 0.8311743 0.02730882 0.5553411 0.8314641 0.08159881 0.5495536 0.9807659 0.02863889 0.193075 0.9807333 0.009575605 0.1951171 0.9807635 0.0286749 0.1930823 1 2.3417e-5 0 1 -7.84498e-6 0 0.1950808 0.2383792 0.9513773 0.1942867 0.2383456 0.9515483 -0.01686125 0.146718 0.9890347 0.03131216 0.1746491 0.9841327 0.5545986 0.04083836 0.8311154 0.5549362 0.2021621 0.806955 0.5549495 0.2019609 0.8069962 0.9807822 0.009590983 0.1948705 0.831554 0.1348913 0.5388156 0.8313983 0.02725142 0.5550084 0.8310085 0.1353323 0.5395462 0.9807476 0.04744035 0.1894293 0.9807745 0.04739302 0.189302 1 -7.07864e-5 0 0.1950816 0.3304492 0.9234428 0.1951862 0.3303888 0.9234422 -0.02288776 0.2429297 0.969774 0.03099071 0.287159 0.9573815 0.5552557 0.2802402 0.7830432 0.5548912 0.2801858 0.783321 0.8309653 0.1873931 0.5238133 0.8310887 0.1873368 0.5236378 0.9807775 0.06581532 0.1836949 0.9808061 0.06565821 0.1835985 -0.01933515 0.3368211 0.9413702 0.02236509 0.395181 0.918331 -0.01013958 0.4275445 0.9039375 0.195076 0.4194135 0.8865877 0.1947492 0.4193046 0.8867111 0.5549021 0.3558405 0.7519716 0.5552735 0.3554932 0.7518617 0.8312661 0.2376059 0.502534 0.8308651 0.2380107 0.5030051 0.9808015 0.08337515 0.1762869 0.980773 0.08339828 0.1764346 1 -3.76733e-5 0 1 -6.28299e-5 0 0.8311509 0.2857229 0.4770227 0.8310913 0.285959 0.4769852 0.5555552 0.4275876 0.7131109 0.1947256 0.5043869 0.8412347 0.005687415 0.480782 0.8768217 -0.01366198 0.5140621 0.8576443 1 8.61846e-5 0 1 -1.0563e-4 0 -0.1169772 0.4846708 0.8668395 0.3752925 0.4822121 0.7915978 0.3776438 0.6069198 0.6993094 0.5157318 0.5370562 0.6675263 0.554632 0.4276766 0.713776 0.5548774 0.4957316 0.6681028 0.5555812 0.495269 0.6678611 0.8312987 0.3310063 0.4465168 0.9807627 0.100403 0.1674029 0.8311406 0.3313299 0.4465711 0.9807295 0.1164851 0.1568472 0.1952809 0.5042853 0.841167 0.9807938 0.1002186 0.1673309 0.9807806 0.1162613 0.1566936 0.02345514 0.5644581 0.8251284 -0.01400369 0.5956436 0.8031269 0.1946024 0.5844097 0.7877786 0.4373769 0.3892304 0.8106794 0.4031136 0.3516018 0.8449116 0.4066891 0.1668555 0.8982 0.3507553 0.180131 0.9189797 0.04706865 0.1827601 0.9820303 0.121074 0.2144933 0.9691923 0.6315119 0.1534908 0.7600219 0.781524 0.1009969 0.615646 0.8258521 0.09501504 0.5558241 0.8259113 0.06794643 0.5596908 0.8760111 0.03176987 0.4812435 0.6319478 0.04988926 0.7734037 0.6317687 0.04993683 0.7735469 0.1173083 0.4455664 0.88753 0.111486 0.4410695 0.8905215 0.1145657 0.6412982 0.7586905 0.1177641 0.149627 0.9817044 0.01755315 0.1503618 0.9884752 0.01846313 0.1559888 0.9875863 0.01867127 0.170911 0.9851096 0.01871222 0.1769068 0.9840498 0.01861184 0.1834992 0.9828437 0.01735353 0.2155938 0.976329 0.01537722 0.1898626 0.9816903 0.0156064 0.1968312 0.9803133 0.01577842 0.2157066 0.9763308 0.01426541 0.2038896 0.97889 0.01547193 0.2138049 0.9767539 0.01606744 0.2220942 0.9748929 0.01762855 0.2157044 0.9762997 0.09227347 0.06313312 0.9937303 0.1312953 0.05388933 0.9898775 0.1952084 0.5842006 0.7877839 0.1585559 0.6230733 0.765924 0.5145586 0.5966489 0.6158244 0.01869249 0.2226103 0.9747283 0.01664441 0.2187804 0.9756322 0.0149002 0.2180311 0.9758282 0.01471185 0.2162644 0.9762241 0.02180594 0.2293258 0.9731055 0.02409434 0.234378 0.9718469 0.02461677 0.236283 0.9713725 0.02602756 0.2428098 0.9697247 0.02859532 0.2511524 0.9675251 0.02935653 0.255559 0.9663477 0.0213586 0.4456139 0.8949705 0.01810628 0.4558209 0.8898874 0.01529234 0.4432778 0.896254 0.02309948 0.1609513 0.9866921 0.02448368 0.1600527 0.9868048 0.02284622 0.1608988 0.9867066 0.02340751 0.1609441 0.9866859 0.02339571 0.1617507 0.9865543 0.02341282 0.1617996 0.9865459 0.02625626 0.1714293 0.9848465 0.02725851 0.1733697 0.9844796 0.5480651 0.5710828 0.6111377 0.01966828 0.6608407 0.7502685 0.02608752 0.1715619 0.9848279 0.03009843 0.1759516 0.9839386 0.02245187 0.2178689 0.9757198 0.02352541 0.2167703 0.9759392 0.02274459 0.2175126 0.9757925 0.02578771 0.2087525 0.9776285 0.02655696 0.2041224 0.9785852 0.02633243 0.2061166 0.9781731 0.02416867 0.2059376 0.9782666 0.01812297 0.1484647 0.9887517 0.01920324 0.1410835 0.9898115 0.02212458 0.1237996 0.9920606 0.02040988 0.1152455 0.9931274 0.008372664 0.05420523 0.9984948 0.01253861 0.1085807 0.9940087 0.00750631 0.05407559 0.9985087 0.00892055 0.09899044 0.9950485 0.006491363 0.05432713 0.9985021 0.006188929 0.08854997 0.9960526 0.006073057 0.07966852 0.9968029 0.005234241 0.0685929 0.9976311 0.003467977 0.05419689 0.9985243 0.003930807 0.05042302 0.9987203 0.008037269 0.01284575 0.9998852 0.01729327 0.128096 0.9916111 0.02447205 0.1211357 0.9923343 0.02367758 0.1206901 0.9924079 0.02485662 0.1215848 0.9922698 0.02923053 0.1242279 0.9918231 0.03045886 0.1252602 0.9916563 0.03191447 0.1263015 0.9914784 0.03394871 0.1276553 0.9912374 0.0363478 0.1302194 0.9908187 0.03996264 0.1314777 0.9905133 0.04407352 0.1339975 0.9900012 0.04187637 0.1407859 0.9891541 0.03945821 0.1486926 0.9880959 0.03585982 0.160678 0.9863553 0.03584116 0.1610354 0.9862976 0.03931516 0.1593973 0.9864314 0.03562521 0.1604528 0.9864005 0.03590703 0.1609207 0.9863139 0.03317958 0.1704854 0.9848015 0.03246909 0.1708902 0.984755 0.0328648 0.1717934 0.9845846 0.03180491 0.1739895 0.9842338 0.03216147 0.1731502 0.9843702 0.03148806 0.1716607 0.9846528 0.02695453 0.1070603 0.9938871 0.027897 0.1022773 0.9943647 0.02845299 0.09615021 0.9949601 0.0359075 0.1754826 0.9838275 0.03613561 0.1793048 0.9831297 0.03607511 0.1829875 0.9824532 0.03711199 0.1885837 0.9813557 0.03827553 0.195075 0.9800413 0.03982019 0.2005003 0.9788841 0.03083902 0.2471659 0.9684823 0.04639047 0.1314645 0.9902349 0.051153 0.1314423 0.9900032 0.04924708 0.04060423 0.9979609 0.05320692 0.0342704 0.9979954 0.0458247 0.05509334 0.9974291 0.04087769 0.06769037 0.9968686 0.03986209 0.07471835 0.9964077 0.03807669 0.07958954 0.9961003 0.03812301 0.07958942 0.9960986 0.03790891 0.08582162 0.9955891 0.03789836 0.08977395 0.9952409 0.03865689 0.09642845 0.994589 0.03956234 0.1064754 0.993528 0.04172205 0.1087328 0.9931951 0.0389899 0.1043503 0.9937761 0.03771609 0.1044068 0.9938193 0.03501117 0.1001077 0.9943605 0.03550601 0.09759998 0.9945922 0.03418552 0.09469014 0.9949197 0.03462439 0.09614652 0.9947648 0.04443365 0.04155367 0.9981479 0.04394549 0.04114747 0.9981862 0.03844118 0.04918211 0.9980498 0.04476249 0.04073482 0.9981669 0.03579878 0.0621376 0.9974254 0.03471845 0.0637409 0.9973624 0.03508859 0.06466269 0.9972901 0.03139853 0.06763774 0.9972158 0.04974442 0.04123646 0.9979104 0.0428816 0.1220171 0.9916012 0.0503751 -0.05617368 0.9971495 0.04287439 0.02497023 0.9987684 0.04162448 0.02338421 0.9988597 0.03796076 0.01920008 0.9990949 0.03680771 0.01634693 0.9991887 0.03523463 0.01383328 0.9992833 0.03404569 0.01011818 0.9993691 0.03375524 0.009812533 0.999382 0.03200703 0.006485641 0.9994667 0.02764046 -0.01269924 0.9995373 0.02788513 -0.01229655 0.9995356 0.02010023 -0.007680714 0.9997686 0.0183447 -0.006854712 0.9998083 0.02638173 0.05408704 0.9981877 0.02169728 0.001923203 0.9997628 0.03925466 0.007153451 0.9992036 0.03780937 0.001132309 0.9992843 0.03780937 0.001138448 0.9992844 0.03682506 -0.007264554 0.9992954 0.03705906 -0.007230997 0.9992869 0.0370258 -0.00651127 0.9992932 0.03803443 -0.01319563 0.9991894 0.03951299 -0.01805782 0.9990559 0.03968274 -0.02325314 0.9989417 0.04312396 -0.03248113 0.9985417 0.04876583 -0.05379885 0.9973604 0.05116879 -0.05597501 0.9971202 0.03922027 -0.0353831 0.9986039 0.03459328 -0.03339642 0.9988434 0.03612816 -0.03372293 0.9987781 0.03657186 -0.03371465 0.9987622 0.03098267 0.05433839 0.9980418 0.02367442 -0.002830922 0.9997158 0.03684431 -0.07750785 0.9963107 0.01734435 -0.02928876 0.9994206 0.01516401 -0.03555512 0.9992527 0.03459936 -0.07853662 0.9963107 0.03616839 -0.07911837 0.9962089 0.04159337 -0.07798761 0.9960864 0.005741178 -0.07109522 0.997453 -0.001815259 -0.03293496 0.9994559 0 -0.04504269 0.9989852 0.002345323 -0.05698323 0.9983724 0.002529919 -0.05744314 0.9983457 0.002376139 -0.05745619 0.9983453 0.002874195 -0.07114803 0.9974617 0.002863705 -0.07837593 0.9969198 0.002770483 -0.09086716 0.9958592 0.003227472 -0.0710929 0.9974645 0.008765637 -0.09849071 0.9950994 0.01511347 -0.1286128 0.9915798 0.009730756 -0.07129377 0.997408 0.009717583 -0.0710327 0.9974268 0.01887345 -0.1195499 0.9926488 0.0139932 -0.07103103 0.997376 0.02303349 -0.1211784 0.9923635 0.01847088 -0.1209681 0.9924846 0.01883047 -0.1481913 0.9887794 0.01723903 -0.1564085 0.9875421 0.03598904 -0.1461223 0.9886118 0.03248465 -0.1398916 0.9896338 0.03072631 -0.1371235 0.9900773 0.02750366 -0.1348007 0.990491 0.03535479 -0.2175973 0.9753982 0.01814287 -0.120989 0.9924881 0.04090338 -0.1204625 0.9918749 0.03495842 -0.2190275 0.9750922 0.02842438 -0.2389418 0.9706178 0.02923983 -0.2349203 0.9715748 0.03233319 -0.2257718 0.9736436 0.0170747 0.02578449 0.9995217 0.01107275 0.05432647 0.9984619 0.01473784 0.0223577 0.9996414 0.08446592 -0.06169408 0.9945147 0.3500464 -0.05825889 0.9349189 0.3497485 -0.1792249 0.9195404 0.1207017 -0.1825305 0.9757632 0.08794444 -0.1899864 0.97784 0.4080516 -0.1655336 0.8978267 0.3507584 -0.05831259 0.9346487 0.6314433 -0.04867118 0.7738931 0.1232467 -0.07066178 0.9898571 0.6311874 -0.1527894 0.7604327 0.7827875 -0.1001868 0.6141713 0.826245 -0.09439843 0.5553451 0.8260335 -0.0674231 0.5595738 0.8763903 -0.03086507 0.4806114 0.8585239 -0.02104127 0.5123418 0.007841229 0.05413961 0.9985026 0.3505838 0.05976396 0.9346226 0.3511306 0.05969846 0.9344214 0.8579503 0.02171039 0.513274 0.6317903 -0.04870665 0.7736077 0.0327813 0.2381693 0.9706704 0.04428803 0.2137715 0.9758793 0.04421555 0.2137087 0.9758963 0.03795933 0.2199398 0.9747747 0.0358507 0.2174365 0.9754159 0.03362399 0.2179257 0.975386 0.03558462 0.2174342 0.9754261 0.03208088 0.207052 0.9778039 0.03156435 0.2040762 0.9784461 0.03147977 0.205692 0.9781104 0.03421598 0.2051702 0.978128 0.03490579 0.2293118 0.972727 0.03539985 0.2282808 0.9729515 0.03065729 0.4494547 0.8927769 0.03394699 0.2338905 0.9716702 1 -2.56092e-5 0 1 1.72998e-5 0 1 -5.27287e-5 0 1 -5.76984e-5 0 1 8.58104e-6 0 1 2.04834e-5 0 1 -1.95871e-5 0 1 -3.45973e-5 0 1 1.43431e-4 0 1 -1.24471e-4 0 1 1.24471e-4 0 1 2.03269e-5 0 1 -1.43431e-4 0 1 -1.72093e-5 0 1 1.84918e-5 0 1 3.93082e-5 0 1 -5.73987e-5 0 1 5.16162e-5 0 0.5556439 0.5582559 0.6161252 0.5549142 0.5586955 0.6163843 0.1942723 0.6588159 0.7267873 -0.00116682 0.6715412 0.7409663 1 -6.34558e-5 0 0.9808193 0.1307662 0.1445472 0.9807291 0.1312805 0.1446924 0.9807394 0.1447603 0.1311292 0.8312597 0.3734101 0.4117918 0.8312019 0.4118163 0.3735116 0.8310006 0.4122139 0.3735211 0.8312093 0.373354 0.4119443 0.5554268 0.6161023 0.5584973 0.5545866 0.6166033 0.5587791 0.555404 0.667957 0.4953384 0.5550367 0.6680297 0.4956519 0.1947503 0.7267512 0.6587147 0.194771 0.7267592 0.6586998 0.1946353 0.7878209 0.5843418 0.1945103 0.6586909 0.7268371 0.001302957 0.7409594 0.6715486 0.01947093 0.7486789 0.6626469 0.9807357 0.1448333 0.1310762 0.9806886 0.1571827 0.1163768 0.9808228 0.1563653 0.1163469 1 2.17306e-5 0 0.5474212 0.6246435 0.5569117 0.1589296 0.6872659 0.7088067 0.1583197 0.734048 0.6603851 0.5403979 0.6255971 0.5626709 0.5399917 0.6736433 0.5045927 0.1947534 0.7878013 0.5843289 0.1945894 0.8413973 0.5041682 0.1951342 0.8412314 0.5042346 0.5552315 0.7133941 0.427536 0.8311188 0.4466077 0.3313353 0.5550333 0.7134117 0.4277637 0.8314192 0.4764817 0.2858447 -0.01380091 0.8031487 0.5956188 0.02694803 0.8243248 0.5654755 0.8313894 0.4464088 0.3309243 0.8310177 0.4772135 0.2857916 0.9807525 0.1675257 0.1002987 0.9808165 0.1671192 0.1003505 0.1589691 0.7342045 0.660055 0.1579226 0.7836197 0.6008334 0.1584291 0.687496 0.7086956 1 -5.02513e-5 0 0.01184332 0.7799888 0.6256815 1 7.8064e-5 0 0.471628 0.6885115 0.5509255 0.4654203 0.7986372 0.3815269 0.4914212 0.7744943 0.3983263 0.1386585 0.7799544 0.6102828 0.1949298 0.8866453 0.4193598 -0.007813394 0.9039519 0.4275628 0.02381771 0.9147258 0.4033728 -0.01971375 0.9413521 0.3368495 0.1950652 0.9234675 0.3303899 0.5551416 0.7519127 0.3555912 0.1947912 0.9235143 0.3304207 0.5549271 0.7832943 0.2801893 0.5551064 0.7831513 0.2802339 0.8311643 0.5235271 0.1873112 0.8311661 0.5026419 0.2377272 0.831223 0.5234305 0.187321 0.9806339 0.1844849 0.06574779 0.9808187 0.1761395 0.08348494 1 3.51766e-5 0 0.9808576 0.1832892 0.065755 1 6.97058e-5 0 -0.01615345 0.8576125 0.5140429 0.0348072 0.9554929 0.2929537 -0.02488434 0.9697337 0.2428939 0.1944941 0.8867412 0.4193594 0.1948115 0.9514603 0.2382683 0.1947558 0.9514533 0.2383421 0.555008 0.751977 0.3556637 0.5551968 0.8067815 0.202139 0.5551999 0.806785 0.2021163 0.8312325 0.5392546 0.1351185 0.83153 0.5019934 0.2378247 0.8308753 0.5398138 0.1350827 0.9808086 0.1891224 0.04740476 0.9807499 0.1894201 0.047432 0.9806703 0.1769807 0.08344817 0.004167258 0.8741545 0.48563 1 -7.29288e-5 0 1 -5.62936e-5 0 0.03564429 0.9833943 0.1779471 -0.01853114 0.9890055 0.1467137 0.1948754 0.9702105 0.1439278 0.1949428 0.9702026 0.1438902 0.5547136 0.8230468 0.1220114 0.5552867 0.8226469 0.1221024 0.8311874 0.5499714 0.08160436 0.831122 0.5500723 0.08158808 0.9807963 0.1929215 0.02863818 0.9807648 0.1930817 0.02863574 0.1424756 0.8851093 0.4430376 0.1361714 0.8894149 0.436347 1 4.30717e-5 0 1 -3.76648e-5 0 1 -6.78334e-5 0 1 -1.68492e-4 0 0.8312036 0.5552985 0.0272786 0.8312529 0.5552246 0.02728378 0.1948779 0.9796456 0.04813671 0.5550587 0.8308096 0.04080897 0.02402257 0.9979116 0.05996167 0 0.9987959 0.04905885 1 -9.994e-5 0 1 -5.02563e-5 0 0.9807655 0.1949549 0.009576499 0.9808554 0.1945017 -0.009577095 0.8312311 0.5552576 -0.02727657 0.9807068 0.1952503 0.009575903 0.8312347 0.5552517 -0.02728515 0.5549742 0.8308662 0.04080408 0.5549573 0.8308771 -0.04081231 0.1948652 0.979649 0.04811966 0.1948652 0.979649 -0.04811966 0 0.9987959 -0.04905885 1 2.74816e-5 0 0.9807046 0.1952608 -0.009575903 0.9807668 0.1930712 -0.02863579 0.8313792 0.5496801 -0.08161157 0.8309065 0.5504015 -0.08156406 0.555274 0.8306654 -0.04081743 0.5547957 0.8229925 -0.1220052 0.1947587 0.9796704 -0.04811459 0.1950566 0.9701657 -0.1439847 0.02358216 0.9979341 -0.05976259 1 5.47975e-5 0 1 -2.64557e-5 0 1 -1.87737e-5 0 1 -1.8511e-5 0 1 2.16863e-5 0 1 -3.57859e-5 0 1 1.76791e-5 0 1 3.23415e-5 0 1 -4.41306e-5 0 1 2.22737e-5 0 1 -1.09583e-4 0 0.5550207 0.8228294 -0.1220811 0.1949846 0.970192 -0.1439045 -0.01865875 0.9890019 -0.1467209 1 3.7048e-5 0 0.9807921 0.1929427 -0.02863806 0.9807171 0.1895967 -0.04740601 0.9808483 0.188911 -0.04742836 0.8311961 0.5393077 -0.1351309 0.5549017 0.8070002 -0.2020766 1 1.10229e-4 0 0.1949843 0.9514092 -0.238331 0.03526616 0.9834516 -0.1777055 -0.02492868 0.9697325 -0.2428938 1 7.42986e-6 0 1 3.29685e-5 0 1 -1.85929e-5 0 1 1.01609e-5 0 0.9808509 0.1833205 -0.06576627 0.8310796 0.5395098 -0.1350405 0.8311643 0.5235271 -0.1873112 0.8312709 0.5233646 -0.1872922 0.5553495 0.8066635 -0.2021904 0.5546414 0.783526 -0.2801069 0.1951286 0.9513711 -0.2383651 0.03483909 0.9555969 -0.2926105 -0.01979017 0.9413634 -0.3368136 0.1952337 0.9234333 -0.3303857 1 -2.45881e-5 0 0.9806339 0.1844849 -0.06574779 0.8312592 0.5024458 -0.2378159 0.8310427 0.5028946 -0.2376239 0.8314716 0.4764772 -0.2857002 0.8309717 0.477261 -0.2858464 0.9807435 0.1675642 -0.1003218 0.9807437 0.1675252 -0.1003847 0.5549235 0.7520301 -0.3556835 0.5547384 0.7136762 -0.4277051 0.5550622 0.7519586 -0.3556183 0.9806703 0.1769807 -0.08344817 0.8313932 0.4461999 -0.3311963 0.8310322 0.4468323 -0.33125 0.9807245 0.157038 -0.1162697 0.5551033 0.7134342 -0.4276355 0.5552397 0.668045 -0.4954037 0.9808667 0.1758859 -0.08345437 0.9808002 0.1565651 -0.1162683 0.1952183 0.8411964 -0.5042603 0.1949012 0.8866503 -0.4193621 -0.007844448 0.9039574 -0.4275507 0.004167258 0.8741545 -0.48563 -0.01613897 0.8576048 -0.5140561 0.5553122 0.7829689 -0.2803359 0.1948194 0.8412756 -0.5042824 0.1951794 0.8866181 -0.4193012 0.02675014 0.8244516 -0.5653002 -0.01407021 0.8031467 -0.5956152 0.1946353 0.7878209 -0.5843418 0.02407205 0.9147699 -0.4032575 0.5552137 0.667961 -0.4955461 0.5548343 0.6165881 -0.5585501 0.5559926 0.6157488 -0.558324 0.1947701 0.9234955 -0.3304857 0.1945249 0.7878378 -0.584356 0.1946137 0.7268276 -0.6586708 0.8309742 0.4121745 -0.3736228 0.830931 0.4122514 -0.373634 0.01924294 0.7488313 -0.6624813 0.9807535 0.1447667 -0.1310158 0.98079 0.1444664 -0.1310738 0.1942933 0.7268183 -0.6587756 0.1946099 0.6587715 -0.7267373 0.1945998 0.6587153 -0.7267909 0.5557177 0.5583292 -0.6159923 0.5549139 0.5586953 -0.6163849 0.001075446 0.740961 -0.6715473 0.8311818 0.3732512 -0.4120928 0.8311875 0.373483 -0.4118713 0.9807291 0.1312805 -0.1446924 0.9808294 0.1306842 -0.1445529 1 8.56604e-5 0 0.1950792 0.5842862 -0.7877523 -8.71264e-4 0.6715328 -0.7409744 0.01964205 0.6611335 -0.7500113 0.5552721 0.4954224 -0.6680042 0.1942945 0.5843087 -0.7879297 0.5549837 0.4954199 -0.6682457 0.8311527 0.3311365 -0.446692 0.8311405 0.3313298 -0.4465714 0.9807295 0.1164851 -0.1568472 -0.01403969 0.5956398 -0.803129 0.02351117 0.5645753 -0.8250467 -0.01366209 0.5140527 -0.8576499 0.1955516 0.5041045 -0.8412125 0.1947677 0.5041205 -0.8413847 0.5548982 0.4278131 -0.7134872 0.5553092 0.4275313 -0.7133363 0.8311509 0.2857229 -0.4770227 0.8310334 0.2861545 -0.4769688 0.9807946 0.1001912 -0.1673432 0.9807938 0.1161653 -0.1566818 0.9807733 0.1002931 -0.1674067 1 -4.00705e-5 0 1 2.73853e-5 0 0.5157688 0.5370028 -0.6675408 0.5148476 0.5964458 -0.6157795 0.1585869 0.6873492 -0.7088027 0.1585351 0.6230699 -0.7659313 0.547761 0.5713765 -0.6111358 0.5476863 0.6245933 -0.5567073 0.54036 0.6256177 -0.5626842 0.1584083 0.7340108 -0.6604052 0.3775609 0.6069566 -0.6993222 0.3751385 0.4824965 -0.7914976 -0.1180163 0.484544 -0.8667696 0.01167809 0.6963814 -0.7175769 0.1589196 0.6874433 -0.7086369 0.01291787 0.6659285 -0.7459038 0.01114773 0.6457051 -0.7635056 0.005648434 0.4807823 -0.8768218 -0.01008605 0.4275774 -0.9039226 0.1946182 0.4194523 -0.8866699 0.194285 0.419344 -0.8867943 0.5558872 0.3555589 -0.7513771 0.5546195 0.3556799 -0.752256 0.8311196 0.2376992 -0.5027319 0.8314458 0.2376396 -0.5022205 0.9807658 0.08345192 -0.1764494 0.114705 0.6412677 -0.7586953 0.9807716 0.08344888 -0.1764184 1 -1.7188e-4 0 0.4373684 0.3891711 -0.8107126 0.4031406 0.3515002 -0.8449411 0.1173005 0.4455258 -0.8875514 0.1115783 0.4410995 -0.8904951 0.01129394 0.6437551 -0.7651484 0.01810789 0.4558447 -0.8898752 0.01529097 0.4433332 -0.8962265 0.1942832 0.3304952 -0.9235946 0.02212381 0.3954154 -0.9182359 -0.01920849 0.3367637 -0.9413933 0.554927 0.2803142 -0.7832497 0.5553441 0.2801233 -0.7830224 0.8311119 0.1873195 -0.5236073 0.8311566 0.1873806 -0.5235145 1 8.51499e-5 0 0.9807521 0.06596249 -0.1837779 0.9807707 0.06571811 -0.1837661 1 -4.53628e-5 0 1 1.05619e-4 0 0.03129065 0.2872873 -0.9573333 -0.02289104 0.2429317 -0.9697733 0.1950809 0.2383794 -0.9513773 1 8.86918e-5 0 0.1955392 0.3304185 -0.923357 0.1947436 0.2383235 -0.9514604 0.5549364 0.2021622 -0.8069548 0.5554077 0.2019838 -0.8066753 0.8311161 0.1350504 -0.5394511 0.8312733 0.1351256 -0.53919 0.9807476 0.04744035 -0.1894293 0.980801 0.047306 -0.1891866 1 2.74003e-5 0 1 8.32276e-5 0 1 -6.53794e-5 0 0.03094571 0.1747732 -0.9841223 -0.01749396 0.1467297 -0.9890219 0.1941645 0.1439577 -0.9703486 0.1948425 0.1439611 -0.9702122 0.555266 0.122073 -0.8226651 0.5549305 0.1220114 -0.8229005 1 2.04868e-5 0 1 3.99584e-5 0 0.8312526 0.08156484 -0.5498784 0.8311781 0.08160418 -0.5499852 0.8311057 0.0272876 -0.5554447 0.831175 0.02727949 -0.5553416 0.9807831 0.009576082 -0.1948663 0.5549383 0.04080075 -0.8308904 0.9807687 0.009566903 -0.194939 0.1950849 0.04811698 -0.9796054 0.02095258 0.05900275 -0.9980379 -8.93411e-4 0.04905074 -0.9987959 1 -1.88366e-5 0 1 9.39555e-5 0 0.9807659 0.02863889 -0.193075 0.8312516 -0.02729165 -0.5552262 0.83103 -0.0272755 -0.5555585 0.9807742 -0.00959295 -0.1949105 0.5549266 0.04079818 -0.8308984 0.555267 -0.04079002 -0.8306713 0.9807687 -0.009566903 -0.194939 0.9807695 0.0286135 -0.1930605 0.1947426 0.04812157 -0.9796733 0.1950849 -0.04811698 -0.9796054 8.23614e-4 -0.04905074 -0.9987961 1 4.30997e-5 0 1 3.4887e-5 0 1 -8.59328e-5 0 0.5545737 -0.04080969 -0.8311333 0.5549373 -0.1221052 -0.8228821 0.5552575 -0.1219794 -0.8226847 0.1947426 -0.04812157 -0.9796732 0.1946224 -0.1439445 -0.9702588 0.8312606 -0.08144742 -0.5498839 0.8311743 -0.08166247 -0.5499825 0.02063798 -0.05790781 -0.9981086 0.9807659 -0.02863889 -0.193075 0.9807768 -0.0286082 -0.1930248 1 2.1535e-5 0 1 -8.6192e-5 0 1 1.05608e-4 0 1 -2.69266e-5 0 1 4.11862e-5 0 0.194285 -0.1439918 -0.9703195 0.1946175 -0.2385135 -0.9514386 -0.01602238 -0.1467223 -0.989048 0.03077626 -0.1733446 -0.9843803 0.5549362 -0.2021621 -0.806955 0.1952062 -0.2381895 -0.9513992 0.8312622 -0.1349973 -0.5392393 0.5552632 -0.2020213 -0.8067653 0.8311669 -0.1351643 -0.5393443 0.9807476 -0.04744035 -0.1894293 1 -7.1736e-5 0 1 8.09192e-5 0 -0.02264589 -0.242937 -0.9697778 0.03089028 -0.2859534 -0.9577455 -0.01947396 -0.3367726 -0.9413847 0.1955392 -0.3304185 -0.923357 0.1943239 -0.3304728 -0.9235941 0.5552557 -0.2802402 -0.7830432 0.5547866 -0.2802224 -0.7833819 0.8311117 -0.1873194 -0.5236074 0.8312383 -0.1873134 -0.5234087 0.9807521 -0.06596249 -0.1837779 0.980801 -0.047306 -0.1891866 0.9807707 -0.06571811 -0.1837661 1 2.78552e-5 0 1 -3.76619e-5 0 1 -6.26488e-5 0 0.02276343 -0.3939176 -0.9188638 -0.01054304 -0.4275686 -0.9039214 0.1946182 -0.4194523 -0.8866699 0.1942921 -0.4193433 -0.886793 0.5552308 -0.3557467 -0.7517734 0.5552735 -0.3554932 -0.7518617 0.8312661 -0.2376059 -0.502534 0.8313007 -0.2377322 -0.5024167 0.9807658 -0.08345192 -0.1764494 0.9807716 -0.08344888 -0.1764184 1 -1.05597e-4 0 1 5.02563e-5 0 1 1.40845e-4 0 0.00588864 -0.4797301 -0.8773964 -0.01362234 -0.5140544 -0.8576495 0.1953864 -0.5041269 -0.8412374 0.1947489 -0.5042098 -0.8413355 0.5548418 -0.4280072 -0.7134146 0.5552862 -0.4274522 -0.7134016 0.8310046 -0.2858353 -0.4772103 0.8310676 -0.2861067 -0.476938 0.9807855 -0.1002579 -0.1673567 0.9807762 -0.1002643 -0.1674073 0.9807717 -0.1161379 -0.1568405 1 2.15183e-5 0 0.8311525 -0.3311365 -0.4466924 0.8312857 -0.3312007 -0.446397 0.5552714 -0.4954218 -0.6680052 0.1942945 -0.5843087 -0.7879297 0.02383214 -0.5636324 -0.8256819 -0.01433938 -0.5956494 -0.8031166 1 7.53203e-5 0 1 6.26645e-5 0 1 -9.87069e-5 0 0.8311089 -0.3733248 -0.412173 0.8312597 -0.3734101 -0.4117918 0.9807626 -0.1310872 -0.1446408 0.9807818 -0.1309725 -0.1446147 0.9807518 -0.1165124 -0.1566871 0.5550377 -0.495466 -0.6681666 0.5552418 -0.5585666 -0.6162061 0.1952104 -0.5843378 -0.7876816 0.02028 -0.6604522 -0.7505942 -0.001443147 -0.6715292 -0.7409768 0.1944011 -0.658836 -0.7267348 -0.1187002 -0.483587 -0.8672105 0.3770751 -0.4807535 -0.7916378 0.3796705 -0.6060569 -0.6989602 0.5184133 -0.5356289 -0.6665953 0.5172188 -0.5952632 -0.6149362 0.5507494 -0.5696671 -0.6100448 0.1603832 -0.622424 -0.7660717 0.4385159 -0.3883399 -0.8104913 0.1168788 -0.4438263 -0.888458 0.1136493 -0.4412705 -0.8901484 0.4047273 -0.3502779 -0.84469 0.408193 -0.1654856 -0.8977711 0.3498831 -0.1792325 -0.9194877 0.1207215 -0.1825172 -0.9757633 0.5552412 -0.558549 -0.6162226 0.5552442 -0.6162783 -0.5584846 0.5555697 -0.6160315 -0.5584331 0.830828 -0.4123368 -0.3737691 0.8311457 -0.4120531 -0.3733754 0.9807535 -0.1447667 -0.1310158 0.1947293 -0.6587551 -0.7267202 0.1942933 -0.7268183 -0.6587756 0.98079 -0.1444664 -0.1310738 0.001648247 -0.7409422 -0.6715668 1 2.34632e-5 0 1 1.49853e-5 0 1 -4.08898e-5 0 1 1.96063e-5 0 1 -1.00547e-5 0 1 -2.06945e-5 0 0.6311629 -0.152759 -0.7604591 0.1167459 -0.6406536 -0.7589029 1 3.92295e-5 0 1 -4.12568e-6 0 1 5.57364e-6 0 0.1945707 -0.7267886 -0.6587265 0.01285314 -0.6452331 -0.7638777 0.1605104 -0.6868762 -0.7088282 0.01392894 -0.6580056 -0.7528843 0.01396971 -0.6875878 -0.7259669 0.01350736 -0.6961771 -0.717743 1 3.92341e-5 0 0.1611375 -0.6870095 -0.7085567 0.1603569 -0.7338032 -0.6601656 0.5431646 -0.6242104 -0.5615457 0.9807245 -0.157038 -0.1162697 0.0143283 -0.7263755 -0.6871488 0.01336228 -0.7435568 -0.6685393 0.1946353 -0.7878209 -0.5843418 0.555404 -0.667957 -0.4953384 0.5550367 -0.6680297 -0.4956519 0.1945249 -0.7878378 -0.584356 1 -1.05402e-4 0 1 6.95906e-5 0 0.01969319 -0.7486608 -0.6626607 0.7830845 -0.1000881 -0.6138086 0.8263389 -0.09437322 -0.5552098 0.8260269 -0.06733828 -0.5595939 0.8763092 -0.03091305 -0.4807564 0.6319705 -0.04871922 -0.7734596 0.6317482 -0.04868459 -0.7736433 0.3506463 -0.05834537 -0.9346888 0.5427539 -0.6723917 -0.5032969 0.5502341 -0.6232372 -0.5557137 0.3502361 -0.05826157 -0.9348478 0.08801561 -0.1899883 -0.9778332 0.08445316 -0.06170469 -0.9945151 0.1232284 -0.07065892 -0.9898597 0.1311225 0.05389213 -0.9899003 0.8583947 -0.02111399 -0.5125553 0.8579175 0.02169603 -0.5133293 0.8761755 0.03173863 -0.4809463 0.6320063 0.04989218 -0.7733556 0.09241819 0.06312775 -0.9937173 0.1178871 0.1495888 -0.9816954 0.02542227 0.1503265 -0.9883096 0.02935445 0.1316899 -0.9908562 0.02142202 0.05421036 -0.9982997 0.02144151 0.05433404 -0.9982926 0.02144175 0.0541476 -0.9983028 0.0228551 0.04073554 -0.9989086 0.02557486 0.05421084 -0.998202 0.0255739 0.05420273 -0.9982025 0.02556717 0.05421656 -0.9982019 0.02637702 -0.07105839 -0.9971234 0.02224767 -0.05095952 -0.9984529 0.02023369 -0.07109427 -0.9972644 0.02024102 -0.07129454 -0.99725 0.02022427 -0.0710287 -0.9972692 0.02739143 -0.142705 -0.9893863 0.01750487 -0.1904401 -0.9815427 0.01757574 -0.1862789 -0.9823397 0.01592254 -0.1902349 -0.9816095 0.01599621 -0.1905223 -0.9815526 0.01587629 -0.190633 -0.9815331 0.01592159 -0.1904422 -0.9815694 0.01540929 -0.4428688 -0.896454 0.01506263 -0.4412607 -0.8972526 0.01372116 -0.6208621 -0.7837998 0.02901238 -0.2177235 -0.9755793 0.02148568 -0.4428225 -0.8963519 0.02160298 -0.4423277 -0.8965933 0.3507199 0.05975502 -0.9345722 0.3511595 0.05970036 -0.9344105 0.3505729 0.1801699 -0.9190416 0.1212761 0.1837582 -0.9754615 0.631917 0.04992222 -0.7734266 0.6315608 0.1534585 -0.7599879 0.8260037 0.06792134 -0.5595575 0.8258975 0.09505981 -0.5557489 1 2.93049e-5 0 1 -1.83334e-5 0 1 -2.19525e-5 0 1 2.58598e-4 0 1 -5.7971e-5 0 1 -1.16429e-4 0 1 1.2444e-4 0 1 -3.29957e-5 0 1 7.08818e-5 0 1 3.29957e-5 0 1 -1.24425e-4 0 1 -1.38397e-5 0 1 1.16442e-4 0 1 -4.11083e-5 0 1 5.79912e-5 0 1 1.71692e-5 0 0.4069203 0.166837 -0.8980988 0.02245467 0.1939291 -0.9807586 0.7812911 0.1011644 -0.6159141 0.02578818 0.2155911 -0.9761433 0.1209967 0.2144581 -0.9692099 0.1223629 0.2145323 -0.9690218 0.1186161 0.2144621 -0.9695032 0.1209645 0.2143407 -0.9692397 0.1265291 0.2150995 -0.9683608 0.1357017 0.2141542 -0.9673279 0.1100717 0.2136049 -0.9706994 0.04845923 -0.05084377 -0.9975303 0.04907774 -0.1314573 -0.9901063 0.05038768 0.04073929 -0.9978986 0.045892 -0.1425389 -0.9887248 -0.01392841 -0.8031486 -0.595616 0.04698431 -0.2174879 -0.9749315 0.03135067 -0.4460443 -0.8944616 0.0470764 -0.2179909 -0.9748148 0.01439476 -0.7609787 -0.6486173 0.1611835 -0.7339181 -0.6598364 0.1601101 -0.783492 -0.6004208 0.01352196 -0.7808991 -0.6245108 0.01268821 -0.7869707 -0.61686 0.012551 -0.7874597 -0.6162384 0.02462178 0.196526 -0.9801895 0.01758384 0.2158355 -0.9762715 0.01759845 0.2157196 -0.9762969 0.01762688 0.2155833 -0.9763264 0.01757025 0.2158316 -0.9762725 0.01768261 0.2153791 -0.9763704 0.01761704 0.2161694 -0.976197 0.01766645 0.2153626 -0.9763743 0.03101187 0.2109767 -0.9769991 0.0504201 0.2151045 -0.9752886 0.04908257 0.12501 -0.9909407 0.5550672 -0.7134881 -0.4275924 0.02738749 -0.8245053 -0.565191 0.1948573 -0.8412888 -0.5042458 -0.01617276 -0.8576079 -0.51405 0.1951627 -0.8412266 -0.5042316 0.8311867 -0.4465692 -0.3312172 0.8311645 -0.4465528 -0.3312946 0.9808002 -0.1565651 -0.1162683 0.8310858 -0.4770347 -0.2858927 0.8313488 -0.476665 -0.2857441 0.9807435 -0.1675642 -0.1003218 0.9807437 -0.1675252 -0.1003847 0.4741321 -0.6875376 -0.5499918 0.467962 -0.7974975 -0.3808012 0.4937073 -0.7734712 -0.3974866 0.1406376 -0.779841 -0.6099747 0.004334747 -0.8744344 -0.4851245 -0.008216917 -0.9039598 -0.4275387 0.1437597 -0.8852454 -0.4423502 0.5547761 -0.7136213 -0.4277477 0.1949012 -0.8866503 -0.4193621 0.1951794 -0.8866181 -0.4193012 0.5549202 -0.7520082 -0.3557347 0.5550284 -0.7519648 -0.3556579 0.8313325 -0.5023471 -0.2377682 0.8310425 -0.5028945 -0.2376247 0.9806703 -0.1769807 -0.08344817 0.9808341 -0.1760691 -0.08345162 0.1382054 -0.8890981 -0.436353 0.02412128 -0.9149361 -0.4028773 -0.01988488 -0.9413682 -0.3367946 0.195294 -0.9234246 -0.3303745 0.1948117 -0.9234795 -0.3305059 0.5549066 -0.7833072 -0.2801939 0.5551064 -0.7831513 -0.2802339 0.8311643 -0.5235271 -0.1873112 0.8312591 -0.5233794 -0.1873028 0.9806339 -0.1844849 -0.06574779 0.9808509 -0.1833205 -0.06576627 1 -3.55189e-5 0 0.03471827 -0.9556117 -0.2925764 -0.02496027 -0.9697301 -0.2429007 0.1951286 -0.9513711 -0.2383651 0.1949843 -0.9514092 -0.238331 0.5550662 -0.8068941 -0.2020481 0.5551146 -0.8068245 -0.2021928 0.831269 -0.5392016 -0.1351052 0.8309988 -0.5396258 -0.1350741 0.9808384 -0.1889606 -0.04743349 0.0134927 -0.7990022 -0.6011767 0.01809346 -0.8978205 -0.4399897 0.01761531 -0.8967983 -0.4420887 0.02262318 -0.9763041 -0.2152179 0.02152967 -0.9752815 -0.2199149 0.0212956 -0.9763488 -0.2151501 0.02132803 -0.9763009 -0.2153644 0.02128374 -0.976305 -0.2153505 0.02131569 -0.9763345 -0.2152131 0.03794276 -0.9640005 -0.2631793 0.05342042 -0.9648835 -0.2571892 0.02476435 -0.8927415 -0.4498883 0.02638202 -0.8955705 -0.4441369 0.03361797 -0.8904021 -0.4539316 0.03081625 -0.8862432 -0.4621942 0.03956496 -0.8828095 -0.4680621 0.03571766 -0.8777559 -0.477775 0.06466668 -0.9597567 -0.2732859 0.03190088 -0.9971724 0.06804174 0.05334353 -0.9649794 -0.2568453 0.05331897 -0.982366 -0.1792045 0.0543577 -0.9817907 -0.1820232 0.03110748 -0.9827663 -0.1822162 0.05440986 -0.9949313 -0.08456546 0.03190177 -0.9971732 -0.06802874 0.03188741 -0.9971734 -0.0680325 0.03187912 -0.9971747 -0.06801676 0.03189551 -0.9971735 -0.06802761 0.02638274 -0.9969419 -0.07355886 0.02409386 -0.9957158 -0.08927267 0.02410477 -0.9957127 -0.08930498 0.02410131 -0.9957129 -0.08930325 0.02408933 -0.9957171 -0.08925896 0.06339436 -0.9957868 -0.06625652 0.0782094 -0.9605563 -0.2668617 0.02130943 -0.9763333 -0.2152194 0.02409374 -0.9957144 -0.08928829 0.06339991 -0.9957864 -0.06625634 0.06338697 -0.9957878 -0.06624794 0.06340914 -0.995786 -0.06625288 0.06340366 -0.9957864 -0.06625336 0.03184497 -0.9954971 -0.0892834 0.1073366 -0.9902414 -0.08888733 0.06340354 -0.9957865 -0.06625199 0.04744446 -0.8715029 -0.4880899 0.04020357 -0.8583167 -0.511543 0.07600218 -0.949501 -0.3044201 0.3513827 -0.9126486 -0.2088125 0.1312069 -0.9698612 -0.2053146 0.1469104 -0.9658536 -0.2134109 0.1108744 -0.9704626 -0.2142642 0.5004482 -0.8476443 -0.1762125 0.6320656 -0.7549467 -0.174782 0.8422393 -0.5276637 -0.1104725 0.107294 -0.990247 -0.08887612 0.0292899 -0.4557846 -0.8896081 0.8412559 -0.5292208 -0.1105177 0.6324325 -0.7715094 -0.06929993 0.8819909 -0.4693838 -0.0420835 0.841122 -0.5354532 -0.0761823 0.8604072 -0.5087122 -0.0301873 1 2.24105e-5 0 0.1949428 -0.9702026 -0.1438902 1 1.08352e-5 0 1 1.5374e-4 0 0.9807125 -0.1896185 -0.0474115 1 -1.46284e-4 0 1 6.26409e-5 0 1 5.02614e-5 0 1 -7.80823e-5 0 1 9.22577e-6 0 1 3.707e-5 0 1 1.99346e-5 0 0.01306682 -0.6420636 -0.7665401 0.04248923 -0.4648334 -0.8843781 0.0506075 0.041404 -0.9978601 0.06928706 -0.2177014 -0.973553 0.06487292 -0.1312372 -0.9892262 0.0663799 -0.2221442 -0.9727517 0.05606269 -0.2071334 -0.9767051 0.06346791 -0.2711557 -0.9604408 0.05047595 -0.04400855 -0.9977552 0.06713318 -0.04389435 -0.9967781 0.0686841 0.04141044 -0.9967787 0.0213415 0.4456559 -0.8949499 0.03065627 0.449513 -0.8927477 0.02903616 0.4565876 -0.8892046 0.5402203 0.6735913 -0.5044173 0.1590483 0.7341943 -0.6600472 0.158085 0.7836182 -0.6007927 0.1386649 0.7799313 -0.6103107 0.01079535 0.7873404 -0.616424 0.010809 0.7873111 -0.6164613 0.01183503 0.7800419 -0.6256154 0.4715583 0.6885492 -0.5509382 0.05116057 0.1315947 -0.9899826 0.1361339 0.8894494 -0.4362882 0.01651942 0.8978021 -0.4400894 0.01671606 0.8972464 -0.4412139 0.4673991 0.785346 -0.4059185 0.4797707 0.7920693 -0.3774207 0.08341306 -0.936358 -0.3409925 0.05194389 -0.8486831 -0.5263449 0.04371708 -0.8339372 -0.5501251 0.1425052 0.8851118 -0.4430232 0.1455907 0.9676449 -0.2060745 0.1107206 0.9704964 -0.2141911 0.491392 0.7745052 -0.3983414 0.4982579 0.8488704 -0.1765165 0.02186995 0.9763287 -0.2151835 0.6351411 0.7524187 -0.1745336 0.635554 0.768996 -0.06867575 0.3512854 0.932565 -0.08319467 0.3534434 0.9317193 -0.08352899 0.8421004 0.5280154 -0.109849 0.8420632 0.5280736 -0.1098542 0.8422758 0.5336915 -0.07579594 0.8825808 0.468243 -0.04242318 0.3530504 0.9120508 -0.2086119 0.1079365 0.9901766 -0.08888179 0.1073812 0.9902465 -0.08877658 1 1.0595e-5 0 0.02582353 0.8956031 -0.4441041 0.01188611 0.7992103 -0.6009339 0.01612353 0.9710009 -0.2385314 0.03926742 0.9647205 -0.2603316 1 -5.03302e-6 0 0.6355509 0.7689983 -0.06867998 0.6356 0.768983 0.06839472 0.3512203 0.9325692 0.08342033 0.3515686 0.9324333 0.08347254 0.8603221 0.5088595 -0.03013199 0.01410311 0.9764721 -0.2151821 0.04854536 0.9833149 -0.175315 0.01411277 0.9764809 -0.2151418 0.01409131 0.9764559 -0.2152567 0.01410877 0.9764686 -0.215198 0.0292828 0.9835008 -0.1785178 0.1073426 0.9902421 0.08887153 0.1074486 0.9902286 0.08889454 0.01865935 0.9958294 -0.08930802 0.01866459 0.9958268 -0.0893346 0.01866793 0.9958254 -0.08935064 0.01866245 0.9958282 -0.08932036 0.0186609 0.9958265 -0.08933973 0.03532493 0.9977143 -0.05760699 0.05036288 0.9954789 -0.08053225 1 -5.95114e-5 0 1 3.66139e-5 0 0.02480763 0.8939866 -0.4474064 0.04837602 0.9679037 -0.2466219 0.03502976 0.8904042 -0.4538208 0.05828022 0.9631577 -0.2625468 0.3511946 0.9127399 0.2087302 0.1455565 0.9676675 0.2059927 0.6323297 0.7715936 0.06930202 0.6319243 0.7550421 0.1748806 0.1102816 0.9705405 0.214218 0.8819236 0.4695125 0.04205906 0.8603198 0.5088606 0.03018027 0.8408609 0.5358451 0.07631021 0.8409996 0.5296253 0.1105295 0.05013889 0.9826901 0.1783435 0.0483781 0.9679113 0.2465915 0.02927994 0.9834998 0.1785244 0.01409822 0.9764715 0.2151854 0.01410728 0.9764627 0.2152246 0.01410049 0.9764783 0.2151544 0.01611608 0.9710031 0.238523 0.02187353 0.9763286 0.2151837 0.01649296 0.8972839 0.4411458 0.02582353 0.8956031 0.4441041 0.03532367 0.9977144 0.05760347 0.01865488 0.9958264 0.08934098 0.0186606 0.9958276 0.08932715 0.01865744 0.9958273 0.08933091 0.01866352 0.9958255 0.08934873 0.08270949 0.9949991 0.05599945 0.01673585 0.8977851 0.4401157 0.02481627 0.8939881 0.4474028 0.03926599 0.9647285 0.2603024 0.01865458 0.9958293 0.08930921 0.01079511 0.7873516 0.6164097 0.01185303 0.7991113 0.6010665 0.8412577 0.5292192 0.1105109 0.4982244 0.8488848 0.1765426 0.07681244 0.9945955 -0.06985479 0.05013799 0.9826917 -0.178335 0.03321081 0.888103 -0.4584431 0.07314985 0.964372 -0.2542355 0.04346054 0.8826088 -0.468095 0.04106861 0.879998 -0.4731988 1 -4.4843e-5 0 0.01311296 0.7435815 -0.6685167 0.08682751 0.9434959 -0.3198068 0.03785014 0.4641099 -0.8849686 0.04858237 0.2077468 -0.9769755 0.05018103 0.3869281 -0.9207435 0.06598234 0.2982132 -0.952216 0.0681439 0.2067384 -0.9760204 0.04619711 0.2069653 -0.977257 0.06910187 0.124894 -0.9897609 0.06841844 0.04047566 -0.9968353 0.06880754 -0.03802174 -0.9969052 0.06789088 -0.1201664 -0.9904296 0.0372405 -0.484251 -0.8741362 0.02365255 0.599249 -0.8002133 0.08019757 -0.03791785 -0.9960575 0.08097863 -0.1127332 -0.99032 0.0773229 -0.2065553 -0.9753749 0.0791102 -0.1199601 -0.9896218 0.05032968 -0.4984519 -0.8654553 0.0802809 0.04048746 -0.9959497 0.07654792 -0.03720986 -0.9963714 0.08038246 -0.03716361 -0.9960711 0.0849232 -0.1027209 -0.9910784 0.083808 -0.1126669 -0.9900922 0.08500736 -0.1830933 -0.9794135 0.08383095 -0.1940637 -0.9774004 0.08792769 -0.962749 -0.2557014 0.07620579 -0.9636767 -0.2559688 0.07839202 -0.9353307 -0.3449802 0.08866286 -0.8203664 -0.5649231 0.08657747 -0.820631 -0.564862 0.1426535 -0.821684 -0.551802 0.04844295 -0.828767 -0.5574934 0.04542869 -0.5504362 -0.8336403 0.03373926 -0.5510208 -0.8338093 0.1817504 -0.510964 -0.8401681 0.08846163 -0.9851799 -0.1469531 0.08419853 -0.9854353 -0.1477434 0.08045881 -0.1941784 -0.9776611 0.07899022 -0.2719053 -0.9590768 0.03728151 -0.5381864 -0.842001 0.07184839 -0.3424996 -0.9367667 0.0804817 -0.2830711 -0.9557162 0.08110135 -0.2830951 -0.9556567 0.05858051 -0.2406132 -0.9688518 0.08495885 -0.2404041 -0.9669477 0.05893141 -0.184169 -0.9811264 0.02048182 -0.1080413 -0.9939354 0.04744476 -0.2119528 -0.9761276 0.05758887 -0.1034392 -0.9929672 0.04059535 -0.1221277 -0.9916839 0.06013506 -0.9855195 -0.1585407 0.02947068 -0.3134111 -0.9491602 0.04467594 -0.8566763 -0.5139161 0.04000997 -0.9715952 -0.2332427 0.04173481 -0.9764816 -0.2115227 0.003159105 -0.8458549 -0.5334038 0.02011483 -0.9015848 -0.4321346 -0.0348587 -0.2143452 -0.9761357 -0.021645 -0.4929025 -0.8698153 -0.02170163 -0.4928371 -0.8698509 0.02080273 -0.1226246 -0.9922351 -0.00222665 -0.1483668 -0.9889299 -0.05373263 -0.1494115 -0.9873141 -0.1060251 -0.9758042 -0.1912194 -0.08970254 -0.9692777 -0.2290288 -0.3456409 -0.8804501 -0.3245614 0.05514502 -0.9694843 -0.238871 -0.09599351 -0.9539082 -0.2843318 -0.08303815 -0.9590675 -0.2707293 -0.3473706 -0.8996651 -0.2644551 -0.3590903 -0.8751881 -0.3241913 -0.4909556 -0.7870606 -0.3734948 -0.1032972 -0.965329 -0.239728 -0.3296419 -0.8580752 -0.3937556 -0.4908547 -0.7871115 -0.3735198 -0.08931976 -0.9416047 -0.3246577 -0.32428 -0.8627583 -0.3879312 -0.5589269 -0.6680015 -0.4912991 -0.08557152 -0.1855424 -0.9789033 -0.00211215 -0.2427305 -0.9700915 -0.4907815 -0.7872068 -0.3734155 -0.07808768 -0.9477591 -0.3092815 -0.2974898 -0.8405951 -0.4526587 -0.2927725 -0.8457813 -0.4460251 -0.4894553 -0.6703547 -0.5577259 -0.490666 -0.6678993 -0.5596048 -0.5290254 -0.6813938 -0.5058012 -0.4859404 -0.727887 -0.4837795 -0.5577242 -0.5812303 -0.5925497 -0.5918694 -0.5500904 -0.5891444 -0.5157477 -0.5343884 -0.6696518 -0.6667888 -0.3387334 -0.6638165 -0.4324393 -0.6529293 -0.6218357 -0.257197 -0.8282946 -0.4977729 -0.2731665 -0.8202692 -0.5025321 -0.06838554 -0.9356715 -0.3461824 0.04783695 -0.9417843 -0.3327971 0.02705192 -0.9662085 -0.2563384 -0.5404848 -0.4508069 -0.7103869 -0.4287591 -0.6623179 -0.6144109 -0.3278189 -0.6338095 -0.7005858 -0.4451333 -0.5106065 -0.7356204 -0.4694713 -0.4312819 -0.7704498 -0.09190398 -0.9298648 -0.3562375 -0.1853386 -0.81549 -0.5482935 -0.2039711 -0.7903882 -0.5776526 -0.2004487 -0.8017949 -0.5629791 -0.2010722 -0.7979557 -0.5681872 -0.2017064 -0.8005713 -0.5642698 -0.2008584 -0.8002951 -0.5649633 -0.2011785 -0.8000035 -0.5652625 -0.2011646 -0.799948 -0.565346 -0.2011078 -0.800116 -0.5651285 -0.1176849 -0.935559 -0.332986 -0.14346 -0.68024 -0.7188135 -0.3084059 -0.5367324 -0.7853689 -0.330002 -0.4559222 -0.8265795 -0.4294021 -0.3083512 -0.8488425 -0.4489704 -0.3578769 -0.8187489 -0.5465583 -0.2804989 -0.7890466 -0.5462135 -0.2805087 -0.7892818 -0.5626933 -0.3500865 -0.7488763 -0.4792637 -0.4145653 -0.7735904 -0.5296606 -0.4701467 -0.70599 -0.5303655 -0.4697634 -0.7057157 -0.5304192 -0.469543 -0.7058222 -0.5301033 -0.4692023 -0.7062859 -0.5305114 -0.4699833 -0.7054597 -0.5288525 -0.4715601 -0.705653 -0.5294041 -0.4714846 -0.7052899 -0.5304551 -0.4715156 -0.7044789 -0.5345667 -0.4651954 -0.7055719 -0.5208411 -0.4756661 -0.7088487 0.00329411 -0.8428546 -0.5381312 -0.02525705 -0.8543289 -0.5191187 -0.09741914 -0.501866 -0.8594418 -0.02529072 -0.8543061 -0.5191549 -0.02528899 -0.8542019 -0.5193261 -0.3313385 -0.3288735 -0.88434 -0.05154734 -0.2349142 -0.9706484 -0.1888613 -0.4821172 -0.8555084 -0.1255899 -0.5642865 -0.8159705 -0.319099 -0.3144698 -0.8940272 -0.2394884 -0.3126019 -0.9191983 -0.2027331 -0.3205082 -0.9252967 -0.2030551 -0.3849101 -0.9003404 -0.1751483 -0.3713473 -0.9118248 0 -0.306164 -0.9519789 -0.1687315 -0.3036088 -0.9377374 -0.1846836 -0.3116536 -0.9320751 -0.1784102 -0.3129305 -0.932869 -0.1639031 -0.3110564 -0.9361516 -0.1551334 -0.2792402 -0.9476068 -0.1684591 -0.3113401 -0.9352481 -0.171572 -0.3115386 -0.9346159 -0.1802759 -0.3136447 -0.9322702 -0.1101954 -0.2752326 -0.9550414 -0.1648762 -0.4227703 -0.8911123 -0.1641389 -0.3930065 -0.9047677 -0.1651495 -0.3637678 -0.9167326 -0.166505 -0.3396921 -0.9256811 -0.1633829 -0.3647618 -0.9166541 -0.1694123 -0.325793 -0.930139 -0.1752177 -0.2852382 -0.9423047 -0.147202 -0.4344256 -0.8885978 -0.1163011 -0.5148035 -0.8493829 -0.0811339 -0.6151188 -0.7842489 -0.1085681 -0.5665141 -0.816869 -0.1675047 -0.3236601 -0.9312285 -0.1959089 -0.3178942 -0.9276654 -0.1882717 -0.2658083 -0.9454627 0.3324644 -0.3000517 -0.8941121 0.2015239 -0.3034968 -0.9312775 0.6033182 -0.252712 -0.7564019 0.5957427 -0.295402 -0.7468791 0.5701045 -0.3054631 -0.762675 0.6724985 -0.3071269 -0.6733639 0.7046501 -0.2947592 -0.6454343 0.7613062 -0.3079589 -0.5705912 0.7936197 -0.2948887 -0.5321733 0.8347977 -0.3082134 -0.4561988 0.7134186 -0.252781 -0.6535562 0.8035917 -0.2527998 -0.5388255 0.8618776 -0.2955203 -0.4121103 0.8912629 -0.3081334 -0.3327226 0.8728367 -0.2528745 -0.4173853 0.8728463 -0.2528588 -0.4173749 0.8035821 -0.2528252 -0.5388278 0.9098559 -0.2965508 -0.290207 0.9297559 -0.3075425 -0.2024146 0.9217318 -0.2529347 -0.2939975 0.921742 -0.2529246 -0.2939743 0.9391384 -0.2983388 -0.1703322 0.9496933 -0.305718 -0.06796562 0.9519346 -0.2529983 -0.1726631 0.9517804 -0.3016902 -0.05565351 0.9517703 -0.3017134 0.05569934 0.9496983 -0.3056965 0.06799125 0.9658055 -0.2530427 -0.05647361 0.9391131 -0.2983192 0.1705057 0.9297584 -0.3075221 0.2024345 0.951935 -0.2529903 -0.1726726 0.9657994 -0.2530587 -0.0565046 0.9658023 -0.2530452 0.05651849 0.909784 -0.2965328 0.2904505 0.8912656 -0.3081039 0.3327428 0.9657924 -0.2530713 0.05656826 0.951918 -0.252961 0.1728089 0.9518897 -0.2530423 0.1728456 0.9216717 -0.2529143 0.2942035 0.8831102 -0.2035728 0.4226993 0.8726887 -0.2528635 0.4177015 0.9216399 -0.252955 0.2942682 0.8617167 -0.2955251 0.412443 0.8347634 -0.3081859 0.4562802 0.7933455 -0.2948914 0.5325806 0.7613819 -0.3078796 0.570533 0 0 -1 0 0 1 0.3853353 0 -0.9227767 -0.2194358 -0.2233182 -0.9497247 -0.2212706 -0.248854 -0.9429268 -0.1967983 -0.485447 -0.8518284 -0.2111274 -0.4481028 -0.868694 -0.1941674 -0.4741168 -0.8587853 -0.1940951 -0.4739441 -0.8588972 0.213427 0.1600703 0.9637564 0.3379109 0.1069838 0.935078 0.2107611 0.3631693 0.9075725 0.01472568 0.5879766 0.8087439 0.1002101 0.4641309 0.8800798 0.1245952 0.4138341 0.9017857 0.1312358 0.3810071 0.9152109 0.00507605 0.5994384 -0.8004049 0.09174513 0.4722791 -0.8766615 0.1143802 0.4352802 -0.8929997 0.07651197 0.592968 -0.8015828 0.1782318 0.3564638 0.9171516 -0.3463741 0.230916 -0.909232 -0.4190723 0.1234078 -0.8995271 0.9240761 0.00255841 0.3822001 0.9610247 0.003410696 0.2764418 0.9609898 0.002554953 0.2765724 0.9858988 0.003716647 0.1673017 0.9858149 5.50987e-4 0.167836 0.9984307 0.001727044 0.05597454 0.998407 0 0.05642336 0.998407 0 -0.05642336 0.9984304 0.001727223 -0.05597937 0.9858156 3.45287e-4 -0.1678323 0.9859002 0.004180729 -0.1672823 0.9609875 0.002555012 -0.27658 0.9610154 0.003836572 -0.2764684 0.9240946 0.002557575 -0.3821554 0.8855237 0.01753222 0.4642632 0.8685219 0.3665475 0.3336355 0.7768963 0.5544142 0.2984246 0.7314973 0.5548669 0.3962757 0.7767012 0.5547405 0.298326 0.5196759 0.8307203 0.1996015 0.4883329 0.8309339 0.266608 0.5110199 0.8124497 0.280685 0.5195523 0.8308094 0.1995526 0.1826211 0.980678 0.07014423 0.1825618 0.9806907 0.07012289 0.1711098 0.9807171 0.09442132 0 1 0 0.8476609 0.2572692 0.4639866 0.6955976 0.608974 0.3811755 0.2361642 0.9622361 0.1353814 0.0253179 0.9995778 0.01425486 0.8117058 0.5551418 0.1815254 0.8123382 0.5541602 0.1816952 0.9389705 0.06726193 0.3373578 0.5431045 0.8308317 0.1214752 0.543403 0.8306272 0.1215387 0.1907795 0.980705 0.04267305 0.190874 0.980686 0.04268682 0.1950314 0.9806924 0.01432985 0.5550199 0.8308371 0.0407741 0.5552435 0.8306868 0.04079467 0.8298426 0.554655 0.06098425 0.9246806 0.319692 0.2067921 0.9706147 0.1279273 0.2038177 0.1949725 0.9807042 0.01432508 0.1949669 0.9807053 -0.01432514 0.1950369 0.9806913 -0.01433086 0.5551949 0.8307196 -0.0407865 0.8298406 0.5546602 0.06096434 0.8296838 0.5548941 -0.0609709 0.9620639 0.2635039 0.07070225 0.9786345 0.1941741 0.06760883 0.9786315 0.1941877 -0.06761348 0.9620623 0.2635096 -0.07070374 0.5550673 0.8308051 -0.04078257 0.5432106 0.8307589 -0.121499 0.5431416 0.8308066 -0.1214814 0.1908423 0.9806921 -0.04268836 0.9706176 0.1279213 -0.2038082 0.8301669 0.554169 -0.06098926 0.8120227 0.5546532 -0.1816014 0.9246743 0.3197049 -0.2068004 0.1826077 0.9806805 -0.07014346 0.1908613 0.9806887 -0.04268264 0.5196759 0.8307203 -0.1996015 0.5195606 0.8308044 -0.1995514 0.8120121 0.5546618 -0.1816222 0.776594 0.554903 -0.2983026 0.9389668 0.06745088 -0.3373304 0.1825667 0.98069 -0.07011896 0.1711156 0.9807156 -0.09442704 0.4881543 0.8310254 -0.2666497 0.7770038 0.554255 -0.29844 0.7314973 0.5548669 -0.3962757 0.6969085 0.6071279 -0.3817254 0.8684132 0.3668431 -0.3335937 0.8855237 0.01753222 -0.4642632 0.02536821 0.9995762 -0.01428318 0.2351812 0.9625629 -0.1347682 0.5052966 0.8171857 -0.277278 0.8476525 0.2572758 -0.4639985 -0.7131669 0.006318211 -0.7009658 -0.6196227 -0.005440473 -0.7848811 -0.6001088 0.01228713 -0.7998241 -0.5344079 -0.004602313 -0.8452143 -0.46815 0.01599353 -0.8835044 -0.4681854 0.02507203 -0.8832746 -0.7170538 0.001676261 -0.6970158 -0.7629473 0 -0.6464607 -0.3615314 -0.1131024 -0.9254744 -0.3666509 0.03941762 -0.9295232 -0.4735671 0.01140695 -0.8806839 -0.2195016 -0.1121016 -0.9691504 -0.2226895 -0.03823912 -0.9741393 -0.3647072 -0.0117501 -0.9310482 -0.3363627 0.01136904 -0.941664 -0.07528024 -0.09167391 -0.9929395 -0.07511508 -0.09599167 -0.9925439 -0.2214312 -0.01124185 -0.9751112 -0.1915159 0.01190453 -0.9814174 -0.07573026 -0.01146215 -0.9970625 -0.05876773 9.95176e-4 -0.9982712 -0.001389741 0 -0.9999991 -0.001253545 -0.04990679 -0.9987532 0.07482701 -0.04860371 -0.9960114 0.01626646 0 -0.9998678 0.07237237 -0.01171368 -0.9973089 0.1077012 0.01360964 -0.9940902 0.2180892 -0.01356148 -0.9758347 0.2137179 -0.178921 -0.9603708 0.2230011 0.05388206 -0.973328 0.07140588 -0.1419988 -0.9872881 0.2553252 0.0135985 -0.9667597 0.3628101 -0.01387488 -0.9317598 0.3576302 -0.1496195 -0.9217998 0.3647396 0.1056325 -0.9250983 0.3972318 0.01282006 -0.9176288 0.4670634 -0.004742443 -0.8842113 0.4668951 0.05808568 -0.8824031 0.5301373 0.01395148 -0.8477971 0.5342514 0.0106641 -0.8452584 0.6138067 -0.008304357 -0.7894128 0.6510913 0.01721894 -0.7588041 0.7015149 -0.01040959 -0.7125787 0.7574113 0.01578396 -0.6527475 0.7797055 -0.00549376 -0.6261224 0.8466922 0.007374465 -0.5320321 0.847298 0.006427347 -0.5310791 0.9033603 -0.004938542 -0.4288544 0.9167361 0.01544564 -0.3991948 0.9470956 -0.01031988 -0.3207856 0.9661489 0.01731848 -0.2574034 0.9780182 -0.008676588 -0.2083393 0.9938747 0.012178 -0.1098396 0.9956545 0 -0.09312516 0.9993917 0 -0.03487634 0.9993914 0 -0.03488236 0.9993914 0 0.03488236 0.9956541 0 0.09312993 0.993876 0.01215714 0.1098309 0.9780182 -0.008676588 0.2083393 0.9661489 0.01731848 0.2574034 0.9470956 -0.01031988 0.3207856 0.9167361 0.01544564 0.3991948 0.9033555 -0.004922628 0.4288643 0.8472908 0.006411433 0.5310906 0.8466978 0.007371842 0.5320231 0.7797155 -0.00549364 0.6261099 0.7573942 0.01578444 0.6527671 0.701541 -0.01040279 0.7125532 0.6510912 0.0172289 0.758804 0.6138067 -0.008304357 0.7894128 0.5344089 0.01062369 0.8451594 0.5301498 0.0140109 0.8477883 0.4676319 -0.004699289 0.8839108 0.4677457 0.03580319 0.8831377 0.3598052 -0.1325516 0.923564 0.3661599 0.06450766 0.9283134 0.397229 0.01258736 0.9176332 0.2170929 -0.1371005 0.9664751 0.2228426 0 0.9748545 0.363981 -0.01339036 0.9313102 0.2553237 0.0132209 0.9667654 0.07301408 -0.1176325 0.9903694 0.0753656 -0.05346912 0.9957214 0.2198267 -0.01306486 0.9754515 0.1076737 0.01290816 0.9941025 0.07375591 -0.01193714 0.997205 -0.04239684 0.01222956 0.9990261 -0.07345694 -0.01110374 0.9972366 -0.07285469 -0.1027131 0.9920395 -0.07492572 -0.04594349 0.9961302 -0.1915426 0.0111736 0.9814208 -0.2196675 -0.01093417 0.9755136 -0.216546 -0.1471039 0.965126 -0.2233236 0.02129656 0.9745118 -0.3363426 0.0109933 0.9416755 -0.3637969 -0.01162105 0.9314059 -0.3600558 -0.1242285 0.9246228 -0.3658141 0.0747897 0.9276781 -0.4677917 0.009984374 0.8837825 -0.4676407 0.04347801 0.8828487 -0.4735476 0.01438212 0.8806508 -0.5342972 -0.004632055 0.8452841 -0.6000705 0.01228761 0.7998529 -0.6196367 -0.005446076 0.78487 -0.7131474 0.006308436 0.7009858 -0.717076 0.00165373 0.696993 -0.7623242 0 0.6471955 0.5106081 0.3265653 0.7953833 0.5105234 0.3268333 0.7953276 0.5119555 0.2607789 0.8184719 0.5213947 0.2611435 0.8123742 -0.16913 -0.9416761 -0.2909316 0.1698555 -0.9411501 0.292208 0.9810124 -0.193945 0 0.9812132 -0.1929271 -4.98011e-5 0.8330035 -0.5532678 -2.2949e-5 0.8337462 -0.5521479 2.90248e-5 0.5590814 -0.8291128 4.21082e-5 0.5585842 -0.8294479 0 0.1966899 -0.9804658 0 0.1968008 -0.9804435 0 -0.1962858 -0.9805468 -1.71453e-4 -0.1969317 -0.9804173 0 -0.5583374 -0.829614 9.21109e-5 -0.5577821 -0.8299875 -6.68138e-5 -0.8333351 -0.5527681 2.05758e-4 -0.8328559 -0.55349 -7.33982e-5 -0.9811617 -0.1931885 1.41041e-4 -0.9809361 -0.1943305 0 -0.9812175 0.1929047 0 -0.8346391 0.5507974 0 -0.9813927 0.1920116 0 -0.8344223 0.5511258 2.63536e-5 -0.5599843 0.8285033 4.03652e-5 -0.5608095 0.8279449 -3.26105e-5 -0.1975417 0.9802945 -1.17607e-5 -0.1975417 0.9802945 0 0.1971338 0.9803766 0 0.1969713 0.9804093 3.54095e-5 0.5591572 0.8290618 7.12726e-6 0.5596088 0.8287569 -2.61651e-5 0.8337793 0.5520979 -7.20228e-5 0.8334414 0.5526079 2.63905e-5 0.981162 0.1931869 9.31279e-6 0.9811275 0.193362 0 0.1365657 -0.9906311 0 0.1366277 -0.9906225 0 -0.3431972 -0.9392634 0 -0.7433508 -0.6689019 0 -0.7436587 -0.6685595 0 -0.97015 -0.242506 0 -0.9702981 -0.2419129 0 -0.9885539 0.1508685 0 -0.9887471 0.1495966 -1.06013e-4 -0.8994239 0.4370775 5.35309e-5 -0.899663 0.4365851 -1.17214e-5 -0.7305781 0.6828292 1.05125e-4 -0.7300387 0.6834058 -2.80399e-5 -0.4949874 0.8689001 1.2263e-4 -0.4941213 0.8693931 0 -0.4953409 0.8686987 0 -0.4949918 0.8688977 0 -0.7303713 0.6830503 0 -0.7299178 0.683535 0 -0.9001721 0.4355343 0 -0.8995333 0.4368523 5.49109e-5 -0.9887128 0.1498234 6.02888e-5 -0.9888422 0.1489673 0 -0.9883348 -0.1522969 0 -0.9883123 -0.1524429 0 -0.8966969 -0.4426453 0 -0.8966184 -0.4428042 0 -0.7224754 -0.6913967 0 -0.722138 -0.691749 0 -0.4809069 -0.8767717 0 -0.4810903 -0.8766711 0 -0.4806942 -0.8768883 0 -0.4810177 -0.8767109 0 -0.7225681 -0.6912998 0 -0.7224995 -0.6913715 0 -0.8969318 -0.4421691 0 -0.8965104 -0.4430229 0 -0.9882248 -0.1530095 0 -0.9883598 -0.1521348 0 -0.9707722 0.2400031 0 -0.9708231 0.2397968 0 -0.7476597 0.6640822 0 -0.7479656 0.6637375 0 -0.3505719 0.9365359 0 -0.3506268 0.9365153 4.72034e-5 0.1274518 0.9918448 5.00805e-5 0.1275915 0.9918268 0 0.4977934 0.8672956 0 0.4975985 0.8674076 0 0.7321395 0.6811549 0 0.7325463 0.6807172 0 0.9006324 0.4345816 0 0.9000277 0.4358329 0 0.9887356 0.1496728 0 0.9886104 0.1504982 0 0.988941 -0.1483103 0 0.9889545 -0.1482197 0 0.902472 -0.4307487 0 0.9021133 -0.4314992 0 0.7363783 -0.6765701 0 0.7366325 -0.6762933 0 0.5057563 -0.8626763 0 0.3715914 -0.9283965 0 0.3716585 -0.9283695 0 0.9806345 -0.1958471 0 0.9808853 -0.1945866 -1.81652e-4 0.8316233 -0.5553402 7.9467e-5 0.8321462 -0.5545564 -1.27784e-4 0.5559021 -0.8312478 1.43526e-4 0.5570874 -0.8304539 -1.58221e-4 0.1956038 -0.9806831 1.5042e-4 0.1964722 -0.9805094 0 -0.1962054 -0.9805628 0 -0.1951335 -0.9807767 -1.86882e-4 -0.5557281 -0.8313641 5.41199e-5 -0.5573149 -0.8303012 -1.08031e-4 -0.831766 -0.5551264 1.78648e-4 -0.8325368 -0.5539699 -1.01609e-4 -0.980661 -0.1957142 1.31082e-4 -0.9808847 -0.1945903 0 -0.1960862 -0.9805867 0 -0.1949089 -0.9808214 -1.73817e-4 -0.5555015 -0.8315156 8.89531e-5 -0.5571597 -0.8304054 -1.76424e-4 -0.8309622 -0.556329 7.72699e-5 -0.8320084 -0.5547632 -7.85414e-5 -0.980819 -0.194921 1.81417e-4 -0.9808673 -0.1946781 0 -0.9809337 0.1943433 0 -0.9805747 0.196146 -1.71634e-4 -0.8325156 0.5540016 1.05858e-4 -0.8305823 0.556896 -2.28553e-4 -0.556449 0.8308818 7.55409e-5 -0.5557261 0.8313655 -1.23123e-4 -0.1962057 0.9805628 1.62208e-4 -0.1951568 0.9807721 0 -0.1959143 0.980621 0 -0.1951307 0.9807773 -1.75437e-4 -0.556361 0.8309407 9.02613e-5 -0.5552548 0.8316803 -1.44635e-4 -0.8315531 0.5554454 1.28381e-4 -0.8312037 0.5559681 -1.58348e-4 -0.9808084 0.1949743 1.12595e-4 -0.9807062 0.1954875 0 -0.9808923 0.194552 0 -0.9808804 0.1946116 0 -0.8315768 0.5554099 0 -0.8314724 0.5555662 0 -0.556523 0.8308323 0 -0.5561065 0.8311111 0 -0.1957334 0.9806572 0 -0.1956137 0.980681 0 0.1488524 0.9888595 0 0.1489809 0.9888401 0 0.434441 0.9007003 0 0.4343583 0.9007403 0 0.7464586 0.6654319 0 0.7462071 0.665714 0 0.9706395 0.2405393 0 0.9705505 0.2408979 0 0.9807278 -0.1953793 1.21541e-4 0.9809324 -0.1943495 0 0.8317877 -0.5550939 -1.29187e-4 0.8318582 -0.5549883 1.28027e-4 0.5570719 -0.8304643 -1.42473e-4 0.5558118 -0.8313081 8.87505e-5 0.1959753 -0.9806088 -1.73133e-4 0.1950795 -0.9807875 0 0.2001851 -0.9797582 -2.37722e-4 0.1980301 -0.9801959 1.69505e-4 0.5616544 -0.827372 -1.87123e-4 0.5604394 -0.8281955 1.57223e-4 0.8341748 -0.5515002 -3.48631e-5 0.834407 -0.5511488 3.52743e-5 0.9811381 -0.1933083 -6.99903e-5 0.9813035 -0.1924669 0 0.9813033 -0.1924675 -1.20616e-4 0.8338621 -0.5519727 1.24676e-4 0.981048 -0.193765 1.01777e-5 0.8349398 -0.5503412 -1.24179e-4 0.560117 -0.8284135 1.84373e-4 0.5616903 -0.8273476 -1.51012e-4 0.1971892 -0.9803655 1.82583e-4 0.1982895 -0.9801436 0 -0.1972778 -0.9803476 0 -0.1982482 -0.980152 -1.29777e-4 -0.5595653 -0.8287864 9.76017e-5 -0.5607481 -0.8279866 -7.3132e-5 -0.834787 -0.550573 8.81321e-5 -0.8352985 -0.5497967 6.80016e-5 -0.9809528 -0.1942461 1.46501e-4 -0.981339 -0.1922863 0 -0.9810716 -0.1936457 0 -0.9810872 -0.1935666 -7.94648e-5 -0.8337454 -0.5521492 7.18944e-6 -0.8341678 -0.5515108 -9.94495e-5 -0.5588353 -0.8292787 -6.53578e-5 -0.5587511 -0.8293355 0 -0.1966655 -0.9804707 0 -0.1964885 -0.9805062 0 -0.1963657 -0.9805307 0 -0.197404 -0.9803222 -1.93394e-4 -0.5581611 -0.8297327 1.15918e-4 -0.5596939 -0.8286995 -1.59222e-4 -0.8329724 -0.5533146 1.95373e-4 -0.8339218 -0.5518827 -1.1578e-4 -0.9808953 -0.1945365 2.89259e-4 -0.9813048 -0.1924601 0 -0.9812851 0.1925611 0 -0.9808951 0.1945372 -2.61673e-4 -0.834048 0.551692 1.97088e-4 -0.832997 0.5532777 -1.66276e-4 -0.5600978 0.8284265 2.4812e-4 -0.5580141 0.8298316 -1.02124e-4 -0.1978648 0.9802293 2.69045e-4 -0.1964465 0.9805146 0 -0.1972058 0.9803621 0 -0.1971899 0.9803654 -1.14446e-5 -0.5591433 0.8290711 5.99137e-5 -0.5589904 0.8291742 -2.26685e-5 -0.8332352 0.5529189 6.87002e-5 -0.8336473 0.5522971 -3.61893e-5 -0.9812133 0.1929265 6.99141e-5 -0.981102 0.1934916 0 -0.9808187 0.1949222 0 -0.9809607 0.1942066 8.93741e-5 -0.8329516 0.553346 1.75419e-5 -0.8327842 0.5535978 4.59885e-5 -0.5586134 0.8294282 -1.44748e-5 -0.5580491 0.829808 -7.22712e-6 -0.1966852 0.9804668 -3.59159e-5 -0.1969636 0.9804108 0 0.1956428 0.9806753 0 0.1956311 0.9806776 0 0.557205 0.830375 0 0.5569021 0.8305782 -6.61855e-5 0.8326122 0.5538565 -1.00315e-4 0.8324706 0.5540693 2.7164e-5 0.9807907 0.1950629 9.37245e-6 0.981019 0.1939115 0 0.9811675 0.1931591 0 0.9808529 0.19475 -2.004e-4 0.8340432 0.5516993 1.3419e-4 0.8329569 0.5533381 -2.59569e-4 0.5599441 0.8285305 2.30209e-4 0.5579667 0.8298634 -2.32231e-4 0.1991422 0.9799706 3.8828e-4 0.1961676 0.9805704 -2.34487e-4 0.1962634 0.9805513 0 0.1964569 0.9805125 6.2182e-5 0.5582199 0.829693 -1.97427e-5 0.5586284 0.8294181 1.77595e-4 0.8334755 0.5525565 6.40518e-5 0.8336147 0.5523466 7.17523e-5 0.9809666 0.1941766 -1.40506e-4 0.9810931 0.1935368 0 0.9809825 -0.1940963 3.20287e-5 0.9811632 -0.1931815 0 0.8338946 -0.5519239 -1.44908e-4 0.833285 -0.5528437 6.88446e-5 0.5601051 -0.8284217 -2.15735e-5 0.5595045 -0.8288274 3.32742e-5 0.1974939 -0.9803041 1.21212e-5 0.1976743 -0.9802678 0 0 -1 -5.94542e-7 0.9963277 0 0.08562189 0.2008368 -0.5368743 0.8194088 0.02277737 -0.5218367 0.8527413 0.1427927 -0.8215981 0.5518938 0.0864247 -0.820595 0.5649377 -1 2.29991e-5 0 -1 2.27936e-5 0 -1 0 0 -0.3584762 0.9335389 0 -0.358514 0.9335244 0 -1 4.86665e-5 0 -0.3418261 -0.9397633 0 -0.3418617 -0.9397503 0 0.3630048 0.9317874 0 0.3630632 0.9317646 0 -1 5.36136e-5 0 0.5641806 0.8256514 0 0.5642377 0.8256124 0 1 -8.10636e-5 0 1 2.69107e-5 0 -1 -1.09697e-4 0 1 -5.49451e-5 0 1 -2.73763e-5 0 0.4248898 0.3558056 0.8323888 0.4381927 0.271328 0.8569529 0.1640544 0.6095133 0.7756157 0.1906418 0.6736204 0.7140668 0.2078523 0.5114892 0.8337724 0.4252492 0.2702591 0.8637843 0.4380304 0.2134671 0.8732476 0.4169428 0.3621963 0.8336502 0.1475228 0.5067073 0.8494027 0.1871498 0.4059824 0.8945128 0.04290127 0.5297021 0.8470981 0.04528081 0.5330721 0.8448574 0.01993036 0.7023394 0.7115633 0.5377956 0.1235693 0.8339704 0.5191082 0.1153385 0.8468905 0.02980589 0.404815 0.9139128 0.04261463 0.3522257 0.9349445 0.4174317 0.2136332 0.8832393 0.4425501 0.1378307 0.8860882 0.3252519 0.2498248 0.9120301 0.1162552 0.3603754 0.9255347 0.1786493 0.2895565 0.9403411 0.09484672 0.3631559 0.9268883 0.5458747 0.140766 0.8259574 0.5416064 0.1885893 0.819205 -0.004131913 0.02352279 0.9997148 -8.56669e-4 0.08037054 0.9967647 -0.008082509 0.04875636 0.9987781 -0.009147942 0.04921108 0.9987465 0.01452034 3.97688e-7 0.9998946 -0.01832133 0 0.9998322 -0.01948702 0 0.9998101 -0.01418268 0.05891889 0.998162 0.5457324 0.1963559 0.8146291 0.542764 0.2619801 0.797981 -0.02075004 0 0.9997847 -0.004144072 -0.02352243 0.9997148 0.002779126 0.1349465 0.990849 -0.005214929 0.1458226 0.989297 0.004854202 0.224336 0.9744998 -0.007053911 0.2414712 0.9703824 0.09482032 -0.363218 0.9268667 -0.009159803 -0.04926484 0.9987438 0.544353 0.2646254 0.7960234 0.5441825 0.3308266 0.7709859 0.5429442 0.3332499 0.7708153 -0.01419925 -0.05884218 0.9981664 0.3263439 -0.249753 0.9116595 0.1155321 -0.3607624 0.9254744 -0.008074045 -0.04875636 0.9987782 -9.14123e-4 -0.08039999 0.9967623 0.1868948 -0.4060776 0.894523 0.1789036 -0.2897022 0.940248 0.04290109 -0.5297001 0.8470994 0.04528152 -0.5330809 0.8448517 0.02980589 -0.404815 0.9139128 0.04263156 -0.3522277 0.9349429 0.006428837 0.3119301 0.9500834 -0.008444011 0.3348222 0.9422435 0.4425676 -0.1378039 0.8860837 0.4172243 -0.2136929 0.8833228 0.4379932 -0.2135096 0.8732559 0.5190941 -0.115326 0.8469009 0.5378409 -0.1235767 0.8339401 0.1476379 -0.5070098 0.8492022 0.2077956 -0.5115168 0.8337695 0.4250295 -0.270603 0.8637848 0.4381391 -0.2716858 0.856867 0.5458763 -0.1407495 0.8259593 0.4246883 -0.3561515 0.8323438 0.4166724 -0.3624038 0.8336952 0.1909151 -0.6734534 0.7141513 0.1637017 -0.6104313 0.774968 0.01994311 -0.702335 0.7115672 0.5416064 -0.1885893 0.819205 0.5457329 -0.1963514 0.8146298 0.002779126 -0.1349465 0.990849 -0.005197644 -0.1458221 0.9892972 0.004854202 -0.224336 0.9744998 -0.007053911 -0.2414712 0.9703824 0.006447374 -0.3119301 0.9500833 0.542772 -0.2619822 0.797975 0.544353 -0.2646254 0.7960234 -0.008444011 -0.3348222 0.9422435 0.007707357 -0.3968297 0.9178599 0.5441825 -0.3308266 0.7709859 0.5429499 -0.3332484 0.7708119 0.5455751 -0.3942178 0.7395541 -0.009566187 -0.4250307 0.9051285 0.008522093 -0.4785923 0.877996 0.5417492 -0.4022739 0.7380268 0.5467343 -0.4547417 0.7030588 -0.01017069 -0.5111259 0.8594458 0.009004175 -0.5562875 0.8309412 0.007707357 0.3968297 0.9178599 0.540793 -0.4679394 0.6989819 0.5476653 -0.511983 0.6617674 -0.009566187 0.4250307 0.9051285 -0.01044678 -0.5924368 0.8055492 0.009068787 -0.6294593 0.7769806 0.5455685 0.3942198 0.7395579 0.5417377 0.4022774 0.7380334 0.5400198 -0.5298036 0.6539777 0.5483302 -0.565661 0.6159235 0.00854063 0.4785887 0.8779978 -0.01016205 0.5111259 0.8594458 -0.01033449 -0.6680864 0.744012 0.008763015 -0.6974043 0.7166244 0.5467409 0.4547393 0.7030552 0.540793 0.4679394 0.6989819 0.5394621 -0.5872386 0.6034331 0.5488121 -0.6153476 0.5658203 0.009022712 0.5562874 0.8309411 -0.01046407 0.5924311 0.8055531 -0.009842514 -0.7373631 0.6754251 0.008078098 -0.7595676 0.6503784 0.5476653 0.511983 0.6617674 0.5400175 0.5298094 0.6539749 0.5391314 -0.6397483 0.547777 0.5490707 -0.6606937 0.5118646 0.009068787 0.6294593 0.7769806 0.5483302 0.565661 0.6159235 0.5394621 0.5872386 0.6034331 -0.01034313 0.668084 0.7440141 0.5488121 0.6153476 0.5658203 0.5391314 0.6397483 0.547777 0.008753776 0.697402 0.7166268 -0.009842574 0.7373591 0.6754294 0.008078098 0.7595676 0.6503784 -0.008944571 0.7996628 0.6003828 0.5490658 0.6606944 0.5118688 0.5389963 0.68693 0.4874528 0.006984591 0.8155115 0.5786988 -0.007649779 0.8543416 0.5196558 0.5490587 0.7015106 0.4543319 0.5391203 0.7282776 0.423038 0.005509436 0.8646938 0.5022691 -0.005957663 0.9009039 0.4339777 0.548831 0.7374402 0.393658 0.5394302 0.7634866 0.3551105 0.548394 0.7682627 0.3302069 0.5399615 0.7922644 0.284181 0.003647625 0.9067221 0.4217131 -0.003937184 0.9388993 0.3441696 0.5477155 0.7937852 0.2644108 0.5407285 0.8143176 0.2109489 0.001389503 0.9412811 0.3376213 -0.001485049 0.9679671 0.2510727 0.5468187 0.8138166 0.1967028 0.5416879 0.8294972 0.136047 -0.001243889 0.9680466 0.2507678 0.001167237 0.986815 0.1618482 -0.003729999 0.9878137 0.1555962 0.545661 0.828247 0.1275195 0.5428591 0.8376695 0.06011646 0.003441452 0.9974288 0.07158106 -0.005821108 0.9982619 0.05864548 0.5442752 0.8369462 0.05731976 0.544656 0.8383721 0.02195781 7.02525e-4 0.9999141 0.01309239 -0.001564383 0.9999138 -0.01304328 -0.009756207 0.9991969 -0.03886532 0.5446199 0.8383958 0.02195179 0.5446457 0.838379 -0.02194899 0.5446514 0.8383752 -0.02195823 0.5442805 0.8369428 -0.05732083 0.5428619 0.8376677 -0.06011635 0.007953882 0.9974033 -0.07157921 -0.008815348 0.9906697 -0.135999 0.5456709 0.8282405 -0.1275185 0.5416921 0.8294949 -0.136044 0.006828308 0.9867939 -0.1618371 -0.007485628 0.9727208 -0.2318589 0.5467925 0.8138333 -0.1967068 0.5407199 0.814321 -0.2109582 0.00530678 0.9680327 -0.250768 -0.00576657 0.9455243 -0.3255006 0.5477252 0.7937754 -0.26442 0.5399765 0.7922543 -0.2841804 0.003402054 0.9412751 -0.3376237 -0.003688871 0.9093362 -0.4160459 0.001148104 0.9067298 -0.4217109 -0.001167178 0.8647069 -0.5022756 -0.001536905 0.8644815 -0.5026623 0.001426577 0.8155243 -0.5787211 -0.003986716 0.811419 -0.5844514 0.5483914 0.7682628 -0.3302109 0.539435 0.7634868 -0.355103 0.5488496 0.7374335 -0.3936445 0.5391088 0.728284 -0.4230417 0.5490227 0.7015381 -0.4543331 0.5390337 0.6868975 -0.4874572 0.003686845 0.7596263 -0.6503494 -0.006061255 0.7506116 -0.6607159 0.5490397 0.660708 -0.5118793 0.5391461 0.6397582 -0.5477508 0.005502581 0.697405 -0.7166561 -0.007666885 0.6826997 -0.7306589 0.5488169 0.6153389 -0.5658252 0.539489 0.5872015 -0.6034451 0.5483666 0.5656499 -0.6159012 0.5400081 0.5297936 -0.6539955 0.007012605 0.6294473 -0.7770116 -0.008962035 0.6082636 -0.7936847 0.5476549 0.5120107 -0.6617547 0.5407803 0.4679552 -0.6989812 0.0080778 0.5563015 -0.8309413 -0.009816706 0.5280544 -0.8491538 0.5467225 0.4547326 -0.7030738 0.5417735 0.4022414 -0.7380267 0.008763134 0.4785556 -0.8780135 -0.01032578 0.4428703 -0.8965262 0.5455487 0.3942258 -0.7395693 0.5429383 0.3332787 -0.770807 0.009115219 0.3968641 -0.9178322 -0.01041233 0.3534119 -0.9354099 0.5441825 0.3308266 -0.7709859 0.5444072 0.2646058 -0.7959929 0.5427508 0.2619754 -0.7979915 0.009003937 0.3119114 -0.9500685 -0.0101878 0.2606254 -0.9653863 0.5457689 0.1963769 -0.8145996 0.5415862 0.1885883 -0.8192185 0.008485376 0.2243261 -0.9744772 -0.009505808 0.1653744 -0.986185 0.5458962 0.1407237 -0.8259506 0.5377858 0.1236184 -0.8339694 0.5189967 0.1153547 -0.8469568 0.4246285 0.3562175 -0.8323459 0.4168766 0.3623353 -0.8336228 0.1910505 0.6733982 -0.7141671 0.1637675 0.6102997 -0.7750577 0.4380911 0.2716512 -0.8569025 0.2077248 0.5115607 -0.8337602 0.1475174 0.5070352 -0.8492078 0.4380911 0.2134984 -0.8732095 0.4251506 0.2704679 -0.8637675 0.007670223 0.1349453 -0.9908234 -0.01053816 0.05992108 -0.9981476 0 0.06852602 -0.9976493 0.02002692 0.7023688 -0.7115315 0.04537856 0.5330523 -0.8448646 0.04285448 0.5297031 -0.8470999 0.02977442 0.4047886 -0.9139254 0.4173783 0.2135458 -0.8832857 0.187057 0.4061445 -0.8944588 0.1156908 0.3606877 -0.9254837 0.3255805 0.2498338 -0.9119103 0.4425804 0.1378964 -0.8860629 0.04266548 0.3522286 -0.934941 -0.002206385 0.03765356 -0.9992885 0 0.03931075 -0.9992271 -0.003897368 0.04483199 -0.998987 -0.008831262 0.05022805 -0.9986988 -0.0165857 0.05742144 -0.9982123 -0.04039287 0.07439506 -0.9964106 0.1779233 0.2900328 -0.940332 0.09544926 0.3629257 -0.9269167 0.01706546 0 -0.9998545 0.01694059 0 -0.9998565 -0.002206385 -0.03765356 -0.9992884 0 -0.03931075 -0.9992271 -0.003900408 -0.04487931 -0.9989849 -0.008952856 -0.05019676 -0.9986993 -0.01659691 -0.0574603 -0.9982099 -0.04031556 -0.07436615 -0.9964158 -0.01053816 -0.05992108 -0.9981476 0 -0.06852602 -0.9976493 0.04266542 -0.3522323 -0.9349396 0.02977442 -0.4047886 -0.9139254 0.1782991 -0.2899739 -0.9402791 0.1160257 -0.3604353 -0.9255401 0.0428543 -0.5297011 -0.8471012 0.09516674 -0.3629586 -0.9269328 0.3255828 -0.2499232 -0.911885 0.04537987 -0.5330438 -0.8448699 0.02002799 -0.7023461 -0.7115538 0.2076997 -0.5115499 -0.8337731 0.147733 -0.5066595 -0.8493946 0.1869326 -0.4060598 -0.8945232 0.4380325 -0.2133165 -0.8732833 0.4174704 -0.2134469 -0.883266 0.4426077 -0.137821 -0.8860608 0.1641099 -0.6094496 -0.775654 0.4380342 -0.2714543 -0.856994 0.4252388 -0.2704472 -0.8637305 0.5378345 -0.1236255 -0.8339369 0.5190877 -0.1153439 -0.8469024 0.1908746 -0.6735605 -0.7140612 0.4170735 -0.3621881 -0.8335884 0.4247707 -0.3559386 -0.8323927 0.5458947 -0.140694 -0.8259566 0.5415933 -0.1885911 -0.8192132 0.007670223 -0.134943 -0.9908237 -0.009505808 -0.1653744 -0.986185 0.008485376 -0.2243261 -0.9744772 -0.0101878 -0.2606254 -0.9653863 0.5457699 -0.1963679 -0.8146011 0.5427508 -0.2619754 -0.7979915 0.008985459 -0.3119114 -0.9500687 -0.01042962 -0.3534157 -0.9354084 0.5444072 -0.2646058 -0.7959929 0.5441825 -0.3308266 -0.7709859 0.5429383 -0.3332787 -0.770807 0.5455487 -0.3942258 -0.7395693 0.5417774 -0.4022464 -0.7380211 0.00910592 -0.3968681 -0.9178306 -0.01032578 -0.4428703 -0.8965262 0.5467193 -0.4547337 -0.7030756 0.5407803 -0.4679552 -0.6989812 0.008753895 -0.4785521 -0.8780155 -0.009808123 -0.5280513 -0.8491559 0.0080778 -0.5563015 -0.8309413 -0.008962035 -0.6082636 -0.7936847 0.5476549 -0.5120107 -0.6617547 0.5400037 -0.5297954 -0.6539977 0.007012605 -0.6294473 -0.7770116 -0.007666885 -0.6826997 -0.7306589 0.5483666 -0.5656499 -0.6159012 0.539489 -0.5872015 -0.6034451 0.005497992 -0.6974015 -0.7166596 -0.006061255 -0.7506116 -0.6607159 0.5488169 -0.6153389 -0.5658252 0.5391433 -0.639763 -0.5477479 0.5490397 -0.660708 -0.5118793 0.5390257 -0.6869037 -0.4874573 0.00368458 -0.7596224 -0.6503539 -0.003988921 -0.8114159 -0.5844556 0.5490384 -0.7015273 -0.4543306 0.5391088 -0.728284 -0.4230417 0.001430094 -0.8155224 -0.5787238 -0.001536905 -0.8644815 -0.5026623 0.5488626 -0.7374259 -0.3936404 0.5394333 -0.7634884 -0.3551018 -0.001166582 -0.8647086 -0.5022728 0.0011487 -0.9067308 -0.4217084 -0.003688871 -0.9093362 -0.4160459 0.548394 -0.7682627 -0.3302069 0.5399615 -0.7922644 -0.284181 0.003399729 -0.9412751 -0.3376237 -0.00576657 -0.9455243 -0.3255006 0.5477252 -0.7937754 -0.26442 0.5407199 -0.814321 -0.2109582 0.005307912 -0.968033 -0.2507669 -0.007485628 -0.9727208 -0.2318589 0.5467925 -0.8138333 -0.1967068 0.5416806 -0.8295022 -0.1360452 0.006827116 -0.986794 -0.1618364 -0.008814275 -0.9906699 -0.135999 0.5456709 -0.8282405 -0.1275185 0.5428591 -0.8376695 -0.06011646 0.007953882 -0.9974033 -0.07157921 -0.009756207 -0.9991969 -0.03886532 0.5442821 -0.8369417 -0.05732077 0.5446514 -0.8383752 -0.02195823 0.5446457 -0.838379 -0.02194899 0.5446199 -0.8383958 0.02195179 0.544656 -0.8383721 0.02195781 -0.001564383 -0.9999138 -0.01304328 7.02525e-4 -0.9999142 0.01308888 -0.005821526 -0.998262 0.05864518 0.003442347 -0.9974289 0.07158172 -0.003730058 -0.9878133 0.1555989 0.001165211 -0.9868153 0.1618468 -0.001241266 -0.9680471 0.2507657 -0.001485049 -0.9679671 0.2510727 0.544272 -0.8369485 0.05731993 0.5428591 -0.8376695 0.06011646 0.545661 -0.828247 0.1275195 0.5416879 -0.8294972 0.136047 0.5468187 -0.8138166 0.1967028 0.5407321 -0.8143149 0.2109503 0.001389503 -0.9412803 0.3376233 -0.003935039 -0.9388987 0.3441711 0.5477155 -0.7937852 0.2644108 0.539965 -0.7922614 0.2841829 0.00364995 -0.9067212 0.4217148 -0.0059641 -0.9009039 0.4339777 0.5484045 -0.7682549 0.3302075 0.5394169 -0.763495 0.3551125 0.54883 -0.7374413 0.3936573 0.5391211 -0.7282766 0.4230386 0.005502521 -0.8646939 0.5022692 -0.007649779 -0.8543416 0.5196558 0.5490561 -0.7015141 0.4543297 -0.00894463 -0.7996597 0.6003869 0.006984591 -0.8155115 0.5786988 0.5389986 -0.6869268 0.4874548 -0.3479097 0.9375281 0 -0.3477849 0.9375744 0 -0.3422014 -0.9396266 0 -0.3421019 -0.9396629 0 -0.5578604 -0.8299349 0 -0.5578205 -0.8299617 0 0.731508 0.02658241 -0.6813146 0.6640585 0 -0.7476807 0.731508 -0.02658241 -0.6813146 0.7316662 -0.02659708 0.6811441 0.7069906 -0.01663589 0.7070273 0.7069906 0.01663589 0.7070273 0.7316662 0.02659708 0.6811441 -0.7063475 0.04849821 -0.7062019 -0.7070622 0.04858261 -0.7054806 -0.706348 0.1170696 -0.698117 -0.7070659 0.1171007 -0.6973846 -0.7062994 0.1845293 -0.6834399 -0.7069276 0.1844528 -0.6828107 -0.7064979 0.2500952 -0.6620523 -0.7069478 0.2500756 -0.6615793 -0.7064663 0.3135172 -0.6345174 -0.7070348 0.3132618 -0.6340102 -0.7064923 0.3737364 -0.6009908 -0.7069329 0.3735836 -0.6005675 -0.7063285 0.430647 -0.5618214 -0.7070379 0.430257 -0.5612275 -0.7064565 0.4831359 -0.517203 -0.7068969 0.4829878 -0.5167396 -0.706313 0.5314191 -0.4676707 -0.706859 0.5310298 -0.4672877 -0.7064091 0.5743346 -0.4136736 -0.7069537 0.5739217 -0.4133164 -0.7064462 0.6118417 -0.3557859 -0.7071592 0.6112756 -0.3553422 -0.7064712 0.6436114 -0.2943856 -0.7069391 0.643187 -0.2941901 -0.7064346 0.6692464 -0.2303462 -0.7069835 0.6687299 -0.2301625 -0.7064814 0.6884493 -0.1640785 -0.7067946 0.6881631 -0.1639304 -0.7065028 0.7011349 -0.09624856 -0.7068536 0.7007964 -0.0961374 -0.7065059 0.7071725 -0.02750551 -0.7068232 0.7068586 -0.02742123 -0.7064275 0.7065678 0.04150074 -0.7068192 0.7061728 0.04155331 -0.7064985 0.6990956 0.1101152 -0.7068848 0.6987019 0.1101352 -0.7065774 0.6849661 0.1776793 -0.7068297 0.6847086 0.1776682 -0.7066069 0.6643649 0.2435693 -0.7067453 0.6642385 0.2435126 -0.7065433 0.6375797 0.307065 -0.706903 0.6371904 0.3070451 -0.7066545 0.6045011 0.36772 -0.7067438 0.6044445 0.3676415 -0.7065411 0.5659345 0.424874 -0.7068898 0.5656252 0.4247059 -0.7065708 0.5217484 0.4780548 -0.7067492 0.5217022 0.4778414 -0.706526 0.4728416 0.5265375 -0.7065908 0.4727143 0.5265651 -0.7064756 0.4193383 0.5701296 -0.7068437 0.4190907 0.5698553 -0.7069365 0.3614634 0.6079351 -0.7064975 0.3617539 0.6082726 -0.7066252 0.3007647 0.6404854 -0.7068063 0.3006676 0.6403312 -0.7067468 0.2368858 0.6666289 -0.7067891 0.236848 0.6665976 -0.7064867 0.1709027 0.6867816 -0.7067825 0.1708152 0.6864989 -0.7066272 0.1031842 0.7000222 -0.7067826 0.1031551 0.6998696 -0.7064892 0.03450691 0.7068821 -0.7067837 0.03448545 0.7065888 -0.7067837 -0.03448545 0.7065888 -0.7064892 -0.03450691 0.7068821 -0.7067826 -0.1031551 0.6998696 -0.7066601 -0.1031794 0.6999897 -0.7067825 -0.1708152 0.6864989 -0.7064867 -0.1709027 0.6867816 -0.7067403 -0.2368643 0.6666434 -0.7067732 -0.236877 0.6666041 -0.7067797 -0.3006789 0.6403552 -0.7066252 -0.3007647 0.6404854 -0.7064793 -0.3618155 0.6082569 -0.7069365 -0.3614634 0.6079351 -0.7068614 -0.4190802 0.569841 -0.7065458 -0.4192968 0.570073 -0.7065908 -0.4727143 0.5265651 -0.7065201 -0.4728844 0.526507 -0.7067492 -0.5217022 0.4778414 -0.7065708 -0.5217484 0.4780548 -0.7068898 -0.5656252 0.4247059 -0.7065323 -0.5659415 0.4248793 -0.7067438 -0.6044445 0.3676415 -0.7066545 -0.6045011 0.36772 -0.7069296 -0.6371664 0.3070335 -0.7065433 -0.6375797 0.307065 -0.7067453 -0.6642385 0.2435126 -0.7065828 -0.6643959 0.243555 -0.7068043 -0.6847376 0.1776574 -0.7065259 -0.6850203 0.1776751 -0.7068498 -0.6987381 0.1101298 -0.7064638 -0.6991314 0.1101098 -0.7068237 -0.7061684 0.04155302 -0.7064275 -0.7065678 0.04150074 -0.7068188 -0.7068631 -0.02742141 -0.7065059 -0.7071725 -0.02750551 -0.7068536 -0.7007964 -0.0961374 -0.7065028 -0.7011349 -0.09624856 -0.7067946 -0.6881631 -0.1639304 -0.7064814 -0.6884493 -0.1640785 -0.70695 -0.668769 -0.2301517 -0.7064522 -0.6692299 -0.2303404 -0.7069391 -0.643187 -0.2941901 -0.7064712 -0.6436114 -0.2943856 -0.7070931 -0.6113505 -0.3553446 -0.7064462 -0.6118417 -0.3557859 -0.7069537 -0.5739217 -0.4133164 -0.7064091 -0.5743346 -0.4136736 -0.706859 -0.5310298 -0.4672877 -0.7063437 -0.5313807 -0.4676678 -0.7068969 -0.4829878 -0.5167396 -0.7064677 -0.4831658 -0.5171598 -0.7070734 -0.4302355 -0.5611994 -0.7063285 -0.430647 -0.5618214 -0.7069329 -0.3735836 -0.6005675 -0.7064923 -0.3737364 -0.6009908 -0.7070791 -0.3132423 -0.6339705 -0.7064819 -0.313454 -0.6345313 -0.7069301 -0.2500818 -0.6615958 -0.7064979 -0.2500952 -0.6620523 -0.7069276 -0.1844528 -0.6828107 -0.7062994 -0.1845293 -0.6834399 -0.7070659 -0.1171007 -0.6973846 -0.7063512 -0.117069 -0.6981137 -0.7070622 -0.04858261 -0.7054806 -0.7063475 -0.04849821 -0.7062019 -1 6.59109e-5 0 -1 -4.13257e-5 0 -1 -6.59109e-5 0 -1 2.58264e-5 0 -1 -1.9846e-5 0 -1 2.06152e-5 0 -1 3.97456e-5 0 -1 -4.12303e-5 0 -1 1.9891e-5 0 -1 -3.98105e-5 0 -1 8.22639e-5 0 -1 -3.98422e-5 0 -1 7.96876e-5 0 -1 -8.2122e-5 0 -1 4.48994e-5 0 -1 8.2122e-5 0 -1 -7.98212e-5 0 -1 4.09937e-5 0 -1 -3.99824e-5 0 -1 -3.07201e-5 0 -1 -8.19874e-5 0 -1 7.99632e-5 0 -1 -5.0024e-5 0 -1 2.04599e-5 0 -1 8.00376e-5 0 -1 6.00793e-5 0 -1 -2.04407e-5 0 -1 -8.01065e-5 0 -1 -6.01347e-5 0 -1 2.04207e-5 0 -1 -2.00642e-5 0 -1 -8.12084e-5 0 -1 -4.03942e-5 0 -1 2.02967e-5 0 -1 2.03116e-5 0 -1 1.01808e-5 0 -1 -1.00369e-5 0 -1 1.00273e-5 0 -1 1.00369e-5 0 -1 1.01941e-5 0 -1 -1.00498e-5 0 -1 -2.03616e-5 0 -1 -2.0312e-5 0 -1 -2.02955e-5 0 -1 4.03942e-5 0 -1 -4.05318e-5 0 -1 4.04204e-5 0 -1 4.04727e-5 0 -1 4.05186e-5 0 -1 8.11227e-5 0 -1 6.01347e-5 0 -1 -2.04207e-5 0 -1 2.00642e-5 0 -1 -8.07363e-5 0 -0.5659465 0.4040287 0.7186554 -0.6192203 0.4041857 0.6732015 -0.9884497 0 -0.1515494 0.03185057 -0.05652344 0.9978932 0.03172039 -0.05645382 0.9979012 0.02992111 0.05284208 0.9981545 -4.74426e-5 1 2.49632e-5 -4.60487e-5 1 1.6614e-5 -4.38317e-5 1 2.54973e-5 -8.38444e-6 1 4.23129e-5 -2.37193e-5 1 3.81656e-5 -4.20876e-5 1 2.71282e-5 0.03620016 0.9992502 0.01372975 -8.01689e-4 0.9999997 -3.49763e-4 0 1 -4.5303e-7 -8.01813e-4 0.9999997 3.49813e-4 -4.38315e-5 1 -2.53337e-5 0.03620016 0.9992502 -0.01372975 -8.38517e-6 1 -4.23166e-5 -4.60492e-5 1 -1.694e-5 -4.20876e-5 1 -2.71282e-5 -2.37193e-5 1 -3.81656e-5 -4.74415e-5 1 -2.49626e-5 -0.2727965 0.4220764 0.8645425 -0.2729375 0.4220832 0.8644946 -0.6627404 -0.3313702 -0.6715424 0.7304363 0.3933118 0.5583624 0 -0.5554285 0.8315644 0 -0.195101 0.9807832 0 -0.8315363 0.5554704 0 0.195101 0.9807832 0 -0.8315365 0.5554702 0 -0.9807867 0.1950836 0 0.5554285 0.8315644 0 -0.9807882 0.1950755 0 -0.9807802 -0.1951159 0 0.8315363 0.5554704 0 0.8315365 0.5554702 0 -0.8315365 -0.5554702 0 0.9807882 0.1950755 0 -0.8315363 -0.5554704 0 0.9807867 0.1950836 0 -0.5555595 -0.8314768 0 0.9807802 -0.1951159 0 -0.195101 -0.9807832 0 0.8315365 -0.5554702 0 0.8315363 -0.5554704 0 0.195101 -0.9807832 0 0.5555595 -0.8314768 -1 -8.01796e-6 0 -1 1.05467e-5 0 -1 -1.53351e-4 0 -1 8.14707e-5 0 -1 -1.05467e-5 0 -1 1.60359e-5 0 -1 -1.25149e-4 0 -1 3.42108e-5 0 -1 -1.29072e-5 0 -1 6.2609e-6 0 -1 -6.454e-6 0 -1 1.72096e-5 0 -1 -1.72105e-5 0 -1 1.72105e-5 0 -1 8.60526e-6 0 -1 -8.60526e-6 0 -1 4.17413e-6 0 -1 -1.72093e-5 0 -1 -4.30267e-6 0 -1 8.60496e-6 0 -1 -1.07566e-6 0 -1 4.30246e-6 0 -1 -4.17362e-6 0 -1 -8.60537e-6 0 -1 -4.30256e-6 0 -1 -1.72099e-5 0 -1 1.72111e-5 0 -1 -6.45394e-6 0 -1 -6.26085e-6 0 -1 -3.13045e-6 0 -1 1.05468e-5 0 -1 -1.53357e-4 0 -1 -6.09322e-7 0 -1 1.53351e-4 0 -1 -1.18652e-5 0 -1 6.45394e-6 0 -1 -1.07566e-5 0 -1 -1.72108e-5 0 -1 -8.01693e-6 0 -1 -4.17395e-6 0 -1 -2.50501e-4 0 -1 -4.30263e-6 0 -1 -4.30248e-6 0 -1 -4.30249e-6 0 -1 1.60339e-5 0 0 -0.9807851 0.1950917 0 -0.9807834 0.1950997 0 -0.5554867 0.8315255 0 -0.5554867 -0.8315255 0 -0.5555013 0.8315157 0 -0.5555013 -0.8315157 0 -0.1950098 0.9808013 0 -0.1951922 -0.9807651 0 0.1950098 0.9808013 0 0.1951922 -0.9807651 0 0.5555013 0.8315157 0 0.5555013 -0.8315157 0 0.5554867 0.8315255 0 0.5554867 -0.8315255 0 0.9807851 0.1950917 0 0.9807834 0.1950997 0 -1 -8.35026e-7 -0.09794199 0 -0.9951921 -0.0980156 0 -0.9951849 0.0980156 0 -0.9951849 0.09794199 0 -0.9951921 0.2903699 0 -0.9569145 0.2902678 0 -0.9569455 0.4713601 0 -0.8819409 -0.2903652 0 -0.9569159 -0.2902631 0 -0.9569469 -0.4713601 0 -0.8819409 0.4714179 0 -0.88191 0.6343991 0 -0.7730057 -0.4714179 0 -0.88191 -0.6344156 0 -0.7729921 0.7730231 0 -0.6343779 -0.7730149 0 -0.634388 0.7729932 0 -0.6344143 0.8819286 0 -0.4713832 -0.7729849 0 -0.6344244 -0.8819286 0 -0.4713832 0.8819203 0 -0.4713986 0.9569318 0 -0.290313 -0.8819203 0 -0.4713986 -0.9569318 0 -0.290313 0.956938 0 -0.2902923 0.9951863 0 -0.09800124 -0.956938 0 -0.2902923 -0.9951863 0 -0.09800124 0.9951871 0 -0.09799396 0.9951863 0 0.09800124 -0.9951871 0 -0.09799396 -0.9951863 0 0.09800124 0.956938 0 0.2902923 -0.956938 0 0.2902923 0.8819203 0 0.4713986 -0.8819203 0 0.4713986 0.8819286 0 0.4713832 0.7729932 0 0.6344143 -0.8819286 0 0.4713832 -0.7729849 0 0.6344244 0.7730231 0 0.6343779 0.6343991 0 0.7730057 -0.7730149 0 0.634388 -0.6344156 0 0.7729921 0.4714179 0 0.88191 -0.4714179 0 0.88191 0.4713601 0 0.8819409 0.2902678 0 0.9569455 0.2903019 0 0.9569352 0.0980156 0 0.9951849 -0.0980156 0 0.9951849 -0.2902972 0 0.9569365 -0.2902631 0 0.9569469 -0.4713601 0 0.8819409 0.04907 0 0.9987955 -0.04906922 0 0.9987954 -0.1467953 0 0.9891669 -0.1466946 0 0.9891819 -0.2430111 0 0.9700235 0.1098732 0 0.9939457 0.1586995 0 0.9873269 0.1585667 0 0.9873483 0.2430111 0 0.9700235 -0.2429142 0 0.9700479 -0.3368746 0 0.9415496 0.2429142 0 0.9700479 0.3368746 0 0.9415496 -0.336905 0 0.9415386 -0.4275801 0 0.9039776 0.336905 0 0.9415386 0.4275741 0 0.9039804 -0.5140488 0 0.857761 0.5140556 0 0.8577569 -0.5141245 0 0.8577156 -0.5956947 0 0.803211 0.5141314 0 0.8577115 0.5956873 0 0.8032165 -0.6715676 0 0.7409433 0.6715676 0 0.7409433 -0.6715488 0 0.7409604 -0.7409405 0 0.6715707 0.6715488 0 0.7409604 0.7409483 0 0.6715621 -0.7409715 0 0.6715365 -0.803195 0 0.5957162 0.7409793 0 0.671528 0.803195 0 0.5957162 -0.8032072 0 0.5956998 -0.8577408 0 0.5140824 0.8032072 0 0.5956998 0.857734 0 0.5140938 -0.8577591 0 0.5140522 -0.9039738 0 0.4275881 0.8577522 0 0.5140636 0.9039738 0 0.4275881 -0.9415478 0 0.3368799 0.9415526 0 0.336866 -0.9415438 0 0.3368907 -0.9700295 0 0.2429872 0.9415487 0 0.3368769 0.9700295 0 0.2429872 -0.9700316 0 0.2429792 -0.9891793 0 0.1467123 0.9700316 0 0.2429792 0.989177 0 0.1467275 -0.9987953 0 0.04907202 -0.9987951 0 0.04907536 -0.9987953 0 -0.04907202 -0.9891778 0 -0.1467222 -0.9891793 0 -0.1467123 -0.9700316 0 -0.2429792 -0.9700336 0 -0.2429711 -0.9415438 0 -0.3368907 -0.94154 0 -0.3369016 -0.9039738 0 -0.4275881 -0.9039801 0 -0.4275748 -0.8577499 0 -0.5140672 -0.8577408 0 -0.5140824 -0.8032072 0 -0.5956998 -0.8032193 0 -0.5956834 -0.7409405 0 -0.6715707 -0.6715488 0 -0.7409604 -0.6715676 0 -0.7409433 -0.5956947 0 -0.803211 -0.5957168 0 -0.8031946 -0.5140993 0 -0.8577308 -0.4275521 0 -0.9039908 -0.336905 0 -0.9415386 -0.2429465 0 -0.9700397 -0.2429788 0 -0.9700316 -0.1467282 0 -0.9891769 -0.1467617 0 -0.9891719 -0.04903495 0 -0.9987971 -0.04906922 0 -0.9987954 0.04907 0 -0.9987955 0.04903572 0 -0.9987971 0.1467617 0 -0.9891719 0.1467282 0 -0.9891769 0.2429788 0 -0.9700316 0.2429465 0 -0.9700397 0.336905 0 -0.9415386 0.427546 0 -0.9039936 0.5141061 0 -0.8577266 0.5957094 0 -0.8032001 0.5956873 0 -0.8032165 0.6715676 0 -0.7409433 0.6715488 0 -0.7409604 0.7409483 0 -0.6715621 0.8032193 0 -0.5956834 0.8032072 0 -0.5956998 0.857734 0 -0.5140938 0.9987953 0 0.04907202 0.8577431 0 -0.5140787 0.9039801 0 -0.4275748 0.9987951 0 0.04907536 0.9987953 0 -0.04907202 0.9891755 0 -0.1467374 0.989177 0 -0.1467275 0.9700316 0 -0.2429792 0.9700336 0 -0.2429711 0.9415487 0 -0.3368769 0.9415448 0 -0.3368878 0.9039738 0 -0.4275881 0 1 -1.22779e-6 0 1 0 0 1 0 0 1 -6.53844e-7 0 1 -6.9898e-7 0 1 2.72914e-6 0.5187281 0 -0.8549393 0.8064659 0 -0.5912806 0.5186367 0 -0.8549949 0.1521735 0 -0.9883539 0.9713504 0 -0.237652 -0.2376483 0 -0.9713513 0.9883614 0 0.1521242 -0.2377663 0 -0.9713225 -0.5912111 0 -0.806517 0.8548857 0 0.5188165 -0.5914552 0 -0.806338 -0.8548857 0 -0.5188165 0.5914111 0 0.8063702 0.5912484 0 0.8064895 -0.988376 0 -0.1520289 0.2377663 0 0.9713225 -0.9883732 0 -0.1520478 0.2376483 0 0.9713513 -0.9713685 0 0.2375782 -0.1521618 0 0.9883556 -0.9713614 0 0.2376071 -0.1520395 0 0.9883745 -0.8064035 0 0.5913657 -0.5188369 0 0.8548734 -0.8063598 0 0.5914254 0.7101061 0.01532822 -0.7039278 0.8313172 -0.01539009 -0.5555852 0.6361224 0 -0.7715882 0.9254384 0.01535928 -0.378587 0.4734631 0 -0.8808138 0.9806849 -0.01535838 -0.1949905 0.3866263 0.01538211 -0.9221083 0.9998725 0.01537275 0.004339694 0.1948221 -0.01533579 -0.9807188 0.9806844 -0.01538962 0.1949905 0.004504859 0.01536232 -0.9998719 0.9220578 0.01539474 0.3867461 -0.1949574 -0.01534831 -0.9806917 0.8313561 -0.01537287 0.5555276 -0.3785226 0.01537942 -0.9254643 0.7038885 0.01532125 0.7101453 -0.5555368 -0.01535856 -0.8313502 0.5555907 -0.01539134 0.8313136 -0.7040143 0.01536548 -0.7100197 0.3785092 0.01533192 0.9254706 -0.8313333 -0.01534581 -0.5555623 0.195183 -0.0153855 0.9806463 -0.9221003 0.01537352 -0.3866456 -0.00437957 0.01536369 0.9998724 -0.9806655 -0.01534438 -0.1950898 -0.195198 -0.01537495 0.9806433 -0.9998722 0.01537275 -0.004417896 -0.3866405 0.01532793 0.9221032 -0.9806652 -0.01535999 0.1950897 -0.55545 -0.01539093 0.8314076 -0.925443 0.01532602 0.3785768 -0.7100861 0.01537472 0.7039471 -0.8313329 -0.01537704 0.555562 0.8593574 0.007066667 -0.5113267 0.9807457 -0.007132232 -0.195159 0.8458043 0 -0.5334932 0.9896247 0.007098793 -0.1435015 0.7250111 0 -0.6887372 0.9807412 -0.007097899 0.195183 0.5982743 0.007081866 -0.8012602 0.9691892 0.007096707 0.2462151 0.5555522 -0.007096886 -0.8314514 0.831485 -0.007117748 0.5555018 0.2460319 0.007090151 -0.9692358 0.8012511 0.007084965 0.5982865 0.1952311 -0.007086217 -0.9807317 0.5555521 -0.00711447 0.8314513 -0.1435351 0.007093608 -0.9896199 0.5111954 0.007072329 0.8594354 -0.1950809 -0.007073819 -0.9807617 0.1952311 -0.007094323 0.9807316 -0.5113049 0.007107317 -0.8593701 0.1435295 0.007099151 0.9896206 -0.5556425 -0.007098019 -0.831391 -0.1952012 -0.007098853 0.9807376 -0.80115 0.00706762 -0.5984219 -0.2461681 0.007102191 0.9692012 -0.8313947 -0.007117033 -0.555637 -0.5556426 -0.00707066 0.8313912 -0.9692097 0.007093846 -0.2461348 -0.598194 0.007055044 0.8013203 -0.9807757 -0.007124602 -0.1950086 -0.8314332 -0.007128 0.5555791 -0.9896219 0.007062673 0.143522 -0.859407 0.007109045 0.5112427 -0.9807664 -0.007102906 0.1950565 0.9575155 0.01133865 -0.2881586 0.9807146 -0.01137834 -0.1951138 0.9045092 0 -0.4264542 0.9948996 0.01132553 0.100233 0.8038096 0 -0.5948868 0.9807153 -0.01132363 0.1951139 0.7742967 0.01133978 -0.6327213 0.880846 0.011339 0.4732671 0.5555666 -0.01133966 -0.8313948 0.831357 -0.01135104 0.5556227 0.4732837 0.01135653 -0.8808369 0.6327463 0.01135486 0.774276 0.1949678 -0.01131731 -0.9807444 0.5555666 -0.01133966 0.8313948 0.1002368 0.01133292 -0.994899 0.288183 0.01136368 0.957508 -0.1950806 -0.01135909 -0.9807215 0.1949678 -0.01134079 0.9807441 -0.2880683 0.0113641 -0.9575425 -0.100109 0.01134824 0.9949118 -0.5556029 -0.01132476 -0.8313708 -0.1950807 -0.01133614 0.9807218 -0.6326332 0.0113238 -0.7743689 -0.4732674 0.01134049 0.8808459 -0.8313803 -0.01134008 -0.5555883 -0.5556026 -0.01135605 0.8313704 -0.8808386 0.0113734 -0.4732803 -0.7744042 0.01134735 0.6325896 -0.9807301 -0.01133942 -0.1950386 -0.831303 -0.01134246 0.5557039 -0.9949059 0.01133841 -0.1001693 -0.9575261 0.01137006 0.2881227 -0.9807252 -0.01134079 0.1950625 0.9987442 0.01443624 -0.04797744 0.9806632 -0.01446843 0.1951675 0.9925377 0 -0.1219389 0.9410778 0.0144599 0.3378811 0.9496731 0 -0.313243 0.8313649 -0.01446032 0.5555388 0.9043628 0.0144298 -0.4265205 0.7401213 0.01443642 0.6723185 0.8314034 -0.01447445 -0.555481 0.555476 -0.01443749 0.8314073 0.6722025 0.01442909 -0.7402268 0.4266713 0.01445174 0.9042914 0.5555623 -0.01445603 -0.8313493 0.1949749 -0.01444631 0.9807019 0.3377631 0.01443845 -0.9411205 0.04805022 0.01445651 0.9987403 0.1950953 -0.01444989 -0.9806779 -0.1951857 -0.01445513 0.9806598 -0.04779684 0.01444286 -0.9987527 -0.3378491 0.01443678 0.9410896 -0.1951857 -0.01445907 -0.9806597 -0.5555443 -0.01445555 0.8313613 -0.4264667 0.01444548 -0.904388 -0.672241 0.01447689 0.7401909 -0.5555444 -0.01444381 -0.8313615 -0.8314606 -0.01441854 0.5553966 -0.7401211 0.01445204 -0.6723183 -0.9043097 0.01443874 0.4266327 -0.8314217 -0.01444351 -0.5554541 -0.9806885 -0.01446282 0.195041 -0.9410634 0.01446163 -0.3379209 -0.9987446 0.01441276 0.04797744 -0.9806975 -0.01449835 -0.1949931 0.9807836 0 0.1950991 0.8314337 0 0.555624 0.9807931 0 0.1950511 0.9807931 0 -0.1950511 0.5556384 0 0.8314241 0.9807884 0 -0.1950751 0.555552 0 0.8314819 0.8314724 0 -0.5555662 0.1950932 0 0.9807847 0.1952136 0 0.9807608 0.555552 0 -0.8314819 -0.1952061 0 0.9807623 0.5554654 0 -0.8315398 -0.1950857 0 0.9807862 0.1950932 0 -0.9807847 -0.555552 0 0.8314819 -0.5556384 0 0.8314241 -0.1950857 0 -0.9807862 -0.831488 0 0.5555429 -0.5554654 0 -0.8315398 -0.9807686 0 0.1951743 -0.555552 0 -0.8314819 -0.9807782 0 0.1951264 -0.8315266 0 -0.5554851 -0.9807782 0 -0.1951264 -0.9807733 0 -0.1951503 -0.9186976 0.01531267 -0.3946649 -0.8313186 -0.01528847 -0.5555861 -0.955048 0 -0.2964512 -0.6977004 0.01528096 -0.7162268 -0.9945253 0 -0.1044964 -0.5555051 -0.01528292 -0.8313727 -0.9997975 0.01531291 -0.01306051 -0.370619 0.01529645 -0.928659 -0.9806864 -0.01526457 0.1949908 -0.1950629 -0.01530867 -0.9806714 -0.9286935 0.01529675 0.3705326 0.01313823 0.0152986 -0.9997966 -0.8313187 -0.01528066 0.5555862 0.1950778 -0.01530689 -0.9806683 -0.7162462 0.01529717 0.69768 0.3947555 0.01529598 -0.9186589 -0.5555915 -0.01528966 0.8313148 0.5554508 -0.01529705 -0.8314087 -0.3945441 0.01531308 0.9187495 0.7161853 0.01529854 -0.6977425 -0.1950629 -0.01529788 0.9806715 0.831409 -0.01528233 -0.555451 -0.01313924 0.01530563 0.9997966 0.9287111 0.01526373 -0.3704898 0.1951982 -0.01528799 0.9806447 0.9806511 -0.01529723 -0.1951651 0.3703896 0.01531296 0.9287503 0.9997978 0.01529723 0.01306051 0.5555374 -0.01528817 0.831351 0.980651 -0.01531285 0.1951651 0.6976357 0.01532137 0.7162889 0.9187034 0.01527935 0.3946527 0.8314471 -0.01531982 0.5553929 -0.7959765 0.008072376 -0.6052737 -0.5555661 -0.008070707 -0.8314332 -0.814183 0 -0.5806083 -0.5037015 0.00805217 -0.8638402 -0.9118318 0 -0.410564 -0.1952072 -0.008086681 -0.9807287 -0.9670042 0.008052349 -0.2546333 -0.1347716 0.008103907 -0.9908436 -0.9807493 -0.008024811 -0.1951065 0.1952223 -0.008024752 -0.9807263 -0.9908426 0.008085966 0.13478 0.2545374 0.008044183 -0.9670295 -0.9807487 -0.00809127 0.1951063 0.5554291 -0.008099734 -0.8315245 -0.8637952 0.008043706 0.5037789 0.6053372 0.008066415 -0.7959283 -0.8314405 -0.008057177 0.5555557 0.8314065 -0.008086919 -0.5556058 -0.6052955 0.008071422 0.7959599 0.8637973 0.00807619 -0.5037749 -0.5555661 -0.00806874 0.8314332 0.9807443 -0.008060991 -0.1951304 -0.2545374 0.008038341 0.9670296 0.9908447 0.008104562 -0.1347633 -0.1950868 -0.008094727 0.9807527 0.980754 -0.008039474 0.1950825 0.1350174 0.008044123 0.9908106 0.9669954 0.008135437 0.2546639 0.1949814 -0.008085727 0.9807736 0.831407 -0.008028268 0.5556061 0.503778 0.008025944 0.863796 0.7960873 0.008043587 0.6051286 0.5554292 -0.008072316 0.8315247 -0.6257658 0.01062232 -0.7799388 -0.555553 -0.01060819 -0.8314136 -0.7373459 0 -0.6755155 -0.2797961 0.01064407 -0.9600005 -0.8549121 0 -0.5187729 -0.1949844 -0.01056736 -0.9807495 -0.8766707 0.01062047 -0.4809738 0.1086198 0.01064062 -0.9940265 -0.9807152 -0.01063543 -0.1951529 0.1950748 -0.01058894 -0.9807312 -0.9940088 0.01063579 -0.1087822 0.481034 0.01065242 -0.8766372 -0.9807159 -0.01057291 0.1951531 0.5555712 -0.010589 -0.8314017 -0.960025 0.01063632 0.2797127 0.7797622 0.0106371 -0.6259856 -0.8313637 -0.01063138 0.5556271 0.8314231 -0.01061332 -0.5555387 -0.7798599 0.01066625 0.6258632 0.960025 0.01063632 -0.2797127 -0.5555529 -0.01061993 0.8314134 0.9807451 -0.01063579 -0.1950025 -0.4809378 0.01065307 0.87669 0.9940094 0.0105732 0.1087823 -0.1949844 -0.01058107 0.9807494 0.9807451 -0.01063579 0.1950025 -0.1091102 0.01063179 0.9939729 0.8766872 0.0106129 0.4809438 0.1951951 -0.01061213 0.9807071 0.8313844 -0.01062226 0.5555964 0.2798067 0.01061314 0.9599977 0.6258227 0.0106368 0.7798929 0.5555709 -0.01063197 0.8314012 -0.4186841 0.01476526 -0.9080119 -0.1949516 -0.01475745 -0.9807019 -0.4886034 0 -0.872506 -0.03941398 0.01474308 -0.9991142 -0.6495992 0 -0.7602768 0.1951998 -0.01476413 -0.9806525 -0.73422 0.014741 -0.6787516 0.3459975 0.01475805 -0.9381194 -0.8313047 -0.01474303 -0.5556214 0.5555418 -0.01476436 -0.8313577 -0.9381211 0.01477348 -0.3459923 0.6788038 0.0147491 -0.7341716 -0.9806872 -0.01470154 -0.1950301 0.8313796 -0.01473432 -0.5555096 -0.9991232 0.01476472 0.03917974 0.9080027 0.01475065 -0.4187046 -0.9806814 -0.01476585 0.1950538 0.9806737 -0.01478141 -0.1950914 -0.9080243 0.01478022 0.4186568 0.9991205 0.0147472 -0.03925293 -0.8313817 -0.01476341 0.5555056 0.9806739 -0.01476573 0.1950914 -0.6787362 0.01476597 0.7342338 0.9380663 0.01472961 0.3461427 -0.5554049 -0.0147674 0.831449 0.8314179 -0.01476407 0.5554516 -0.3460823 0.0147407 0.9380884 0.7343547 0.01474648 0.6786057 -0.1951923 -0.01476645 0.9806539 0.5552822 -0.01475965 0.8315311 0.0392906 0.01474273 0.9991192 0.4187875 0.01472932 0.9079648 0.1950794 -0.01478111 0.9806761 -0.1864721 0.00131458 -0.9824594 0.195093 -0.001337409 -0.9807838 -0.1907768 0 -0.9816335 0.2035927 0.001360774 -0.9790548 -0.5482544 0 -0.8363116 0.555811 -0.001305997 -0.8313078 -0.5520869 -0.001362144 -0.8337856 0.5628069 0.001318931 -0.8265875 -0.8266863 0.001308858 -0.5626616 0.8313943 -0.001345396 -0.5556813 -0.83141 -0.001296699 -0.5556581 0.8362301 0.001369237 -0.5483771 -0.979016 0.001327872 -0.2037791 0.9807922 -0.001337826 -0.195051 -0.980782 -0.001344978 -0.1951023 0.9824553 0.001313447 -0.1864941 -0.9824481 0.001313924 0.1865319 0.9807875 -0.001345336 0.1950749 -0.9807773 -0.00136274 0.1951262 0.9790446 0.001360476 0.2036417 -0.836248 0.001331627 0.5483498 0.8313944 -0.00129795 0.5556814 -0.8314486 -0.001314163 0.5556002 0.8266317 0.001339554 0.5627417 -0.5628069 0.001334607 0.8265874 0.5556379 -0.001360893 0.8314234 -0.555638 -0.001336216 0.8314233 0.5482539 0.001345276 0.8363109 -0.2037127 0.001336097 0.9790298 0.195093 -0.001323938 0.9807839 -0.1952059 -0.001337289 0.9807614 0.1865929 0.001330196 0.9824364 0.05680584 0.01406848 -0.9982861 0.1950814 -0.01407736 -0.9806861 -0.06965494 0 -0.9975712 0.4343809 0.01407885 -0.9006193 -0.2630765 0 -0.9647751 0.5554608 -0.0140773 -0.8314237 -0.3297011 0.01408028 -0.9439804 0.7459856 0.01410764 -0.6658127 -0.5554969 -0.01406258 -0.8313996 0.8314258 -0.01409947 -0.5554569 -0.6658729 0.01409125 -0.7459321 0.9439737 0.01409453 -0.3297197 -0.8313513 -0.01407688 -0.5555689 0.9806833 -0.01410895 -0.1950933 -0.9005937 0.01407957 -0.4344338 0.9982923 0.01409107 0.05669271 -0.9806962 -0.01406043 -0.1950319 0.9806833 -0.01410895 0.1950933 -0.9982942 0.01407718 -0.05666083 0.900641 0.01407641 0.434336 -0.9806962 -0.01406043 0.1950319 0.8313488 -0.01407897 0.5555726 -0.9439992 0.01410865 0.3296458 0.6657337 0.01407796 0.7460566 -0.8313131 -0.01404708 0.555627 0.5555471 -0.01409196 0.8313657 -0.7460414 0.01407504 0.6657509 0.3298126 0.01407581 0.9439416 -0.5554103 -0.01408702 0.8314571 0.1952017 -0.01408874 0.980662 -0.4344518 0.01409274 0.9005849 -0.0570597 0.0140987 0.9982712 -0.1949536 -0.01406544 0.9807117 0.2965586 0.01202422 -0.9549391 0.5555623 -0.01201212 -0.8313883 0.2460346 0 -0.9692611 0.6393601 0.01201379 -0.7688136 0.05176931 0 -0.9986591 0.8314099 -0.01201313 -0.5555298 -0.09134715 0.01199859 -0.9957469 0.8848827 0.01198065 -0.4656598 -0.1949812 -0.0120455 -0.9807331 0.9807295 -0.01204323 -0.1949994 -0.4657252 0.01199656 -0.8848481 0.9957396 0.01195865 -0.09143042 -0.5555442 -0.01201564 -0.8314003 0.9807246 -0.01205253 0.1950234 -0.7686786 0.01201838 -0.6395225 0.9549879 0.01203429 0.2964006 -0.8314664 -0.0120278 -0.5554449 0.8313709 -0.01204568 0.5555874 -0.9549775 0.0119794 -0.2964365 0.7688001 0.01200854 0.6393764 -0.9806953 -0.01199746 -0.1951739 0.5555621 -0.01202386 0.8313881 -0.9957314 0.01206022 0.09150791 0.4654969 0.01200693 0.8849681 -0.9806995 -0.01204288 0.1951498 0.195192 -0.01201963 0.9806914 -0.8849036 0.01201391 0.4656193 0.09134715 0.01201665 0.9957466 -0.8314278 -0.01202905 0.5555027 -0.1949813 -0.01199567 0.9807336 -0.6393601 0.01201379 0.7688136 -0.2965475 0.01203548 0.9549423 -0.5555441 -0.01201176 0.8314002 -0.9869924 0.005005657 -0.1606897 -0.9807884 -0.005007207 -0.1950111 -0.9998548 0 0.01704293 -0.850265 0.004974663 -0.5263314 -0.9772337 0 0.2121661 -0.8314054 -0.004974126 -0.5556442 -0.9733583 0.00497502 0.2292357 -0.5843634 0.004973948 -0.8114768 -0.831444 -0.00497359 0.5555863 -0.5556496 -0.004979431 -0.8314017 -0.8115754 0.004942476 0.584227 -0.2291289 0.00495857 -0.9733836 -0.5555631 -0.004974901 0.8314595 -0.1950834 -0.004958391 -0.9807742 -0.5262364 0.004943192 0.8503239 0.1606846 0.004982233 -0.9869933 -0.1949629 -0.004989802 0.980798 0.1952337 -0.004969775 -0.9807443 -0.1609222 0.004993617 0.9869545 0.5262014 0.004942893 -0.8503456 0.1952337 -0.00494337 0.9807444 0.5555593 -0.004958093 -0.8314622 0.2290104 0.004943072 0.9734115 0.8115697 0.004943251 -0.5842347 0.5555592 -0.005014777 0.831462 0.8314957 -0.004974663 -0.555509 0.5843634 0.004973948 0.8114768 0.9733563 0.004939198 -0.2292449 0.8314957 -0.004974663 0.555509 0.9807537 -0.004974424 -0.1951856 0.8503698 0.004943251 0.5261624 0.9869644 0.004974842 0.160862 0.9807584 -0.004977762 0.1951616 -0.9964785 0.01262176 0.0828939 -0.9807147 -0.01263743 -0.1950356 -0.9902585 0 0.1392413 -0.9522874 0.01263093 -0.3049415 -0.9441536 0 0.3295061 -0.8313676 -0.01261472 -0.5555798 -0.8889224 0.01264768 0.4578832 -0.7631946 0.0126307 -0.6460453 -0.8313677 -0.01260685 0.5555799 -0.555594 -0.0126385 -0.8313577 -0.6461474 0.01262199 0.7631084 -0.457771 0.01261979 -0.8889806 -0.5555942 -0.01262676 0.8313578 -0.1950777 -0.01263809 -0.9807065 -0.3048195 0.01262646 0.9523265 -0.08271008 0.01262086 -0.9964938 -0.1950777 -0.01263421 0.9807065 0.1949648 -0.01263499 -0.9807289 0.08283758 0.01261144 0.9964833 0.304831 0.01261526 -0.952323 0.1952055 -0.01263827 0.980681 0.5554714 -0.01264244 -0.8314396 0.4577552 0.01262331 0.8889888 0.6460552 0.01262265 -0.7631863 0.555558 -0.01262986 0.8313819 0.8314601 -0.01263767 -0.5554407 0.7632138 0.01263105 0.6460226 0.8889067 0.01262402 -0.4579143 0.8314217 -0.01262336 0.5554987 0.9806997 -0.012645 -0.1951108 0.9523102 0.01262342 0.3048706 0.9964913 0.01263755 -0.08273851 0.9806955 -0.01260751 0.1951348 -0.9468381 0.01365447 0.3214207 -0.9807039 -0.01368689 0.1950192 -0.8969233 0 0.4421863 -0.9977654 0.01359194 -0.06541812 -0.7933818 0 0.6087245 -0.9807041 -0.01367127 -0.1950193 -0.7516841 0.01367092 0.6593816 -0.8967893 0.01363885 -0.4422478 -0.5555507 -0.01363068 0.831371 -0.831431 -0.01365381 -0.5554603 -0.4423477 0.01366299 0.8967396 -0.6591954 0.013655 -0.7518479 -0.1949472 -0.01365441 0.9807188 -0.555464 -0.01365506 -0.8314285 -0.06531888 0.01366281 0.997771 -0.3215895 0.01364326 -0.9467809 0.1950976 -0.01363122 0.9806892 -0.1950674 -0.01370394 -0.9806941 0.3214296 0.01368093 0.9468347 0.06556808 0.01362347 -0.9977551 0.5555686 -0.01365458 0.8313587 0.1949771 -0.01366823 -0.9807127 0.6591635 0.01364129 0.7518759 0.4423013 0.01363813 -0.8967628 0.831374 -0.01368623 0.5555449 0.5554821 -0.01365554 -0.8314165 0.8968205 0.01362371 0.4421849 0.751797 0.01364725 -0.6592535 0.980679 -0.01366919 0.1951458 0.8314133 -0.01362228 -0.5554876 0.9977641 0.01368576 0.065418 0.9468254 0.01364046 -0.3214588 0.9806743 -0.01366305 -0.1951697 -0.8410521 0.002598524 0.5409479 -0.9807795 -0.002627372 0.1951018 -0.8363274 0 0.5482304 -0.9840372 0.002577245 0.1779445 -0.7127617 0 0.7014064 -0.9807654 -0.002608776 -0.1951736 -0.5699988 0.002596557 0.8216415 -0.9772222 0.002567946 -0.2122033 -0.5554635 -0.002605855 0.831537 -0.8314852 -0.002596795 -0.555541 -0.212235 0.00259757 0.9772152 -0.8216217 0.002611517 -0.5700274 -0.1948443 -0.002609908 0.9808308 -0.55555 -0.002595901 -0.8314791 0.1777008 0.002606034 0.9840811 -0.5410565 0.002597391 -0.8409822 0.1950926 -0.002604424 0.9807814 -0.1949647 -0.002612233 -0.9808068 0.5409329 0.002601861 0.8410618 -0.1779637 0.002602338 -0.9840337 0.55555 -0.002610564 0.831479 0.1949722 -0.002609968 -0.9808053 0.8216623 0.002625942 0.5699687 0.212235 0.002597093 -0.9772152 0.8314309 -0.002627909 0.5556221 0.5556365 -0.002627968 -0.8314212 0.977222 0.002646148 0.2122032 0.5699144 0.002612411 -0.8217 0.980785 -0.002614378 0.1950744 0.8314695 -0.00260514 -0.5555643 0.984041 0.00261408 -0.1779226 0.8410521 0.002613186 -0.5409479 0.9807803 -0.002597093 -0.1950984 0 -0.9807757 0.1951389 0 -0.9807757 -0.1951389 0 -0.9807758 0.1951383 0 -0.9807758 -0.1951383 0 -0.8315082 0.5555126 0 -0.8314438 -0.5556089 0 -0.8315081 0.5555128 0 -0.8314437 -0.5556092 0 -0.5556407 0.8314226 0 -0.5556407 -0.8314226 0 -0.5556406 0.8314227 0 -0.5556406 -0.8314227 0 -0.1950083 0.9808016 0 -0.1952089 -0.9807617 0 0.1950083 0.9808016 0 0.1952089 -0.9807617 0 0.5556406 0.8314227 0 0.5556406 -0.8314227 0 0.5556407 0.8314226 0 0.5556407 -0.8314226 0 0.8315081 0.5555128 0 0.8314437 -0.5556092 0 0.8315082 0.5555126 0 0.8314438 -0.5556089 0 0.9807758 0.1951383 0 0.9807758 -0.1951383 0 0.9807757 0.1951389 0 0.9807757 -0.1951389 0 -0.9807797 0.1951189 0 -0.9807797 0.1951183 0 -0.8314438 0.5556089 0 -0.8314437 0.5556092 0 -0.5557128 -0.8313744 0 -0.5557127 -0.8313745 0 -0.1951086 0.9807817 0 -0.1951086 -0.9807817 0 0.1951086 0.9807817 0 0.1951086 -0.9807817 0 0.5557127 -0.8313745 0 0.5557128 -0.8313744 0 0.8314437 0.5556092 0 0.8314438 0.5556089 0 0.9807797 0.1951183 0 0.9807797 0.1951189 0 0.3214702 0.9469198 0 -0.06542152 0.9978578 0 -0.06542187 0.9978577 0 0.6593914 0.7518 0 -0.4423021 0.8968662 0 0.8968567 0.4423213 0 -0.7518138 0.6593754 0 0.8968658 0.4423028 0 -0.7518168 0.6593722 0 0.9978587 0.06540769 0 -0.9469304 0.3214389 0 0.9978581 0.06541645 0 -0.9469351 0.3214247 0 0.946916 -0.3214812 0 -0.9978581 -0.06541645 0 0.9469208 -0.3214671 0 -0.9978587 -0.06540769 0 0.7518613 -0.6593213 0 -0.8968749 -0.4422845 0 0.4423159 -0.8968594 0 -0.659352 -0.7518344 0 0.4423136 -0.8968605 0 0.06541961 -0.9978579 0 -0.3214789 -0.9469168 -0.01184111 0.08286488 0.9964904 0.01186436 -0.1950672 0.9807182 0 0.1392658 0.9902551 -0.01184725 -0.3048435 0.9523289 0 0.3294732 0.9441649 0.01182401 -0.5555275 0.8314141 -0.01185941 0.457738 0.8890081 -0.01185894 -0.6460515 0.7632017 0.01184719 0.5555273 0.831414 0.01187646 -0.8314105 0.5555318 -0.01181161 0.763199 0.6460556 -0.01185029 -0.8889461 0.4578586 0.01181828 0.8313964 0.5555542 0.01183778 -0.9807178 0.1950707 -0.01182985 0.9523348 0.3048253 -0.01182705 -0.9964961 0.08279895 0.01182913 0.9807178 0.1950707 0.01184135 -0.980715 -0.1950846 -0.01184111 0.9964956 -0.08280372 -0.01182687 -0.9523273 -0.3048489 0.01183557 0.9807156 -0.1950818 0.01183241 -0.8314288 -0.5555053 -0.01183074 0.8889424 -0.4578663 -0.01182407 -0.7631856 -0.6460712 0.01181781 0.8314183 -0.5555215 0.01181864 -0.5554767 -0.8314481 -0.0118463 0.6461326 -0.7631334 -0.01179456 -0.4579032 -0.8889238 0.01186501 0.5554791 -0.8314459 0.01185268 -0.1951347 -0.9807049 -0.01177173 0.3048378 -0.9523316 -0.01181811 -0.08272683 -0.9965023 0.01179492 0.1951382 -0.9807049 -0.004704475 -0.1606712 0.9869968 0.004669666 -0.1950838 0.9807754 0 0.01787507 0.9998403 -0.004657804 -0.5262674 0.8503064 0 0.2121278 0.977242 0.004634857 -0.5555604 0.8314633 -0.004634797 0.229146 0.9733811 -0.004658341 -0.8115285 0.5842943 0.004658043 0.5555589 0.8314642 0.004665315 -0.8314455 0.555587 -0.004681348 0.5842228 0.81158 -0.004657804 -0.9733694 0.2291951 0.004669666 0.8314453 0.5555869 0.004651963 -0.9807753 0.195085 -0.004692196 0.8503776 0.5261522 -0.004663646 -0.9869843 -0.160749 0.004654228 0.9807805 0.1950594 0.004663825 -0.9807742 -0.1950905 -0.00465852 0.9869821 0.1607626 -0.004658043 -0.8503328 -0.5262249 0.004669666 0.9807787 -0.1950677 0.004657804 -0.8314633 -0.5555602 -0.004663348 0.9733712 -0.2291874 -0.004658162 -0.5842215 -0.811581 0.00464338 0.831466 -0.5555562 0.004611492 -0.5556085 -0.8314314 -0.004646718 0.8115286 -0.5842943 -0.004666566 -0.2292112 -0.9733656 0.004634678 0.555607 -0.8314321 0.004658162 -0.1950175 -0.9807887 -0.004657983 0.5262171 -0.8503375 -0.004681229 0.160739 -0.9869859 0.004669606 0.1950125 -0.9807897 -0.01430886 -0.3946476 0.9187212 0.01434421 -0.5554624 0.831418 0 -0.296595 0.9550034 -0.01433217 -0.7162382 0.6977089 0 -0.104584 0.9945161 0.01435416 -0.8314207 0.5554583 -0.01437836 -0.01313865 0.9998103 -0.01433044 -0.9287238 0.3704955 0.01438993 0.1951332 0.9806712 0.01434618 -0.9806802 0.1950908 -0.01430851 0.3705855 0.9286882 -0.01434391 -0.9998113 -0.01309835 0.01434385 0.555449 0.8314269 0.01433777 -0.9806835 -0.1950754 -0.01436716 0.6976878 0.7162579 -0.01435577 -0.9186891 -0.3947203 0.01436573 0.8314191 0.5554602 0.01435482 -0.8313987 -0.555491 -0.0143373 0.918701 0.3946935 -0.01436674 -0.6977394 -0.7162077 0.01434618 0.9806797 0.1950936 0.01437842 -0.5555102 -0.8313854 -0.01434677 0.9998114 0.01309835 -0.01433169 -0.3705164 -0.9287154 0.01434355 0.9806823 -0.1950809 0.01434326 -0.1950598 -0.9806866 -0.01433628 0.9287257 -0.3704905 -0.01437842 0.01313871 -0.9998103 0.01435488 0.8314028 -0.555485 0.01433217 0.1950659 -0.9806855 -0.01435601 0.716204 -0.6977433 -0.01433205 0.3946485 -0.9187205 0.01437801 0.5554941 -0.8313962 -0.007571637 -0.605361 0.7959151 0.007566988 -0.831419 0.5555946 0 -0.5807941 0.8140506 -0.007563769 -0.863787 0.5038005 0 -0.4104409 0.9118873 0.00755769 -0.9807559 0.1950921 -0.007537245 -0.2545876 0.9670204 -0.007556319 -0.9908397 0.1348322 0.007571876 -0.1951428 0.9807457 0.007565855 -0.980759 -0.195076 -0.007595062 0.1348692 0.9908343 -0.00756061 -0.9670208 -0.2545851 0.007618367 0.1951472 0.9807444 0.007543325 -0.8314469 -0.5555532 -0.007548809 0.5037509 0.863816 -0.007554352 -0.7959902 -0.6052625 0.007577598 0.5555984 0.8314163 0.007577836 -0.555549 -0.8314493 -0.007548689 0.7960042 0.6052442 -0.007571995 -0.5037509 -0.8638159 0.007548034 0.8314071 0.5556127 0.007571935 -0.1950753 -0.980759 -0.007570385 0.9670174 0.2545981 -0.007554709 -0.1348732 -0.9908341 0.007548987 0.9807559 0.1950921 0.007577955 0.1950803 -0.9807581 -0.007562994 0.9908341 -0.134873 -0.007600903 0.2546539 -0.9670025 0.007554233 0.980758 -0.1950815 0.007572054 0.5555503 -0.8314484 -0.007583677 0.8638213 -0.5037413 -0.007566273 0.6052576 -0.7959938 0.007554769 0.8314307 -0.5555771 -0.009964823 -0.779832 0.6259096 0.009952604 -0.8314331 0.5555357 0 -0.6754562 0.7374002 -0.009952783 -0.9599993 0.2798255 0 -0.5188169 0.8548854 0.00994724 -0.9807413 0.1950579 -0.009964704 -0.4809495 0.8766918 -0.009944319 -0.9940074 -0.1088607 0.009918034 -0.1950711 0.980739 0.009946644 -0.9807429 -0.1950496 -0.009964287 -0.1089357 0.9939989 -0.009964227 -0.8766832 -0.480965 0.009941518 0.1950766 0.9807377 0.009941518 -0.8314146 -0.5555636 -0.009964406 0.2798843 0.959982 -0.009918332 -0.6258993 -0.7798409 0.009924054 0.555539 0.8314314 0.009981989 -0.5555386 -0.8314309 -0.009964466 0.6258856 0.7798514 -0.009964525 -0.2797492 -0.9600214 0.009964168 0.8314324 0.5555366 0.00994122 -0.1950711 -0.9807388 -0.009964406 0.8766955 0.4809427 -0.00998789 0.1088009 -0.9940135 0.00994426 0.9807358 0.1950858 0.009941518 0.1950769 -0.9807376 -0.009956479 0.9940059 0.1088727 -0.009940981 0.4809921 -0.8766687 0.009952425 0.9807374 -0.1950775 0.009941399 0.5555388 -0.8314312 -0.009941279 0.9600072 -0.2797988 -0.009964823 0.779832 -0.6259096 0.009932816 0.8314148 -0.5555636 -0.01381963 -0.9080487 0.4186366 0.01382923 -0.9806874 0.1950923 0 -0.8724924 0.4886277 -0.01383179 -0.9991332 0.03926366 0 -0.7605009 0.6493371 0.01383453 -0.9806925 -0.1950664 -0.01383954 -0.6787596 0.7342302 -0.01383429 -0.9380906 -0.3461138 0.01383501 -0.555417 0.831457 0.01382178 -0.8313946 -0.5555106 -0.01379913 -0.3460568 0.9381121 -0.01381009 -0.7342761 -0.6787105 0.01379889 -0.1952011 0.9806662 0.01379919 -0.5555134 -0.8313931 -0.01386862 0.03927713 0.9991322 -0.01383358 -0.4186927 -0.9080227 0.01383328 0.1951955 0.9806669 0.01385742 -0.1950006 -0.9807053 -0.01381087 0.4185674 0.9080808 -0.01381075 -0.03913831 -0.9991384 0.01382339 0.5554171 0.831457 0.01381069 0.1949955 -0.9807069 -0.01383328 0.734277 0.6787092 -0.01383417 0.3459945 -0.9381346 0.01383268 0.831412 0.5554844 0.01383394 0.5555132 -0.8313928 -0.01384019 0.9380989 0.3460908 -0.01379805 0.6787834 -0.734209 0.01383215 0.980693 0.1950644 0.01381021 0.8313944 -0.5555113 -0.01382666 0.9991345 -0.03923392 -0.01382327 0.9080391 -0.4186574 0.013839 0.9806981 -0.1950378 0 -0.9807921 -0.1950565 0 -0.8314737 -0.5555642 0 -0.9807915 -0.1950593 0 -0.9807862 0.1950859 0 -0.5555663 -0.8314723 0 -0.9807868 0.1950831 0 -0.8315023 0.5555214 0 -0.1950135 -0.9808006 0 -0.831488 0.5555428 0 -0.1950138 -0.9808005 0 -0.5554702 0.8315365 0 0.1950191 -0.9807994 0 0.1950194 -0.9807994 0 -0.1952142 0.9807606 0 0.5555663 -0.8314723 0 -0.1952144 0.9807606 0 0.1952197 0.9807596 0 0.8314733 -0.5555648 0 0.19522 0.9807596 0 0.5554702 0.8315365 0 0.9807865 -0.1950843 0 0.8315019 0.5555219 0 0.9807812 0.195111 0 0.8314876 0.5555434 -0.01353287 -0.9043751 -0.4265237 0.01354444 -0.8313795 -0.55554 0 -0.9497078 -0.3131375 -0.01353263 -0.6722989 -0.7401562 0 -0.9925444 -0.1218841 0.0135675 -0.5555152 -0.8313958 -0.01354736 -0.9987565 -0.04797911 -0.01355582 -0.3378537 -0.941101 0.01354432 -0.9806944 0.1950775 0.01353287 -0.1950681 -0.9806963 -0.01354962 -0.9410964 0.3378669 -0.01353293 0.04796791 -0.9987573 0.01354378 -0.8313987 0.5555113 0.01353245 0.1950628 -0.9806974 -0.01353263 -0.7401494 0.6723064 -0.01357883 0.4265527 -0.9043608 0.0135675 -0.5555152 0.8313958 0.01357907 0.5555151 -0.8313956 -0.01357889 -0.4265544 0.90436 -0.01355654 0.7401185 -0.67234 0.01353281 -0.1950675 0.9806964 0.01353287 0.8313797 -0.5555402 -0.01353263 -0.04789721 0.9987606 -0.0135495 0.9410881 -0.33789 0.01350933 0.1950629 0.9806978 0.01354938 0.9807015 -0.1950414 -0.01355612 0.3377917 0.9411233 -0.013543 0.9987564 0.04798203 0.01355588 0.5555152 0.8313959 0.01353567 0.9806997 0.1950511 -0.01354354 0.6723369 0.7401214 -0.01355606 0.904376 0.4265213 0.01355534 0.8313966 0.5555142 -0.01063102 -0.7743363 -0.6326851 0.01065969 -0.5555347 -0.8314251 0 -0.8038467 -0.5948366 -0.01063603 -0.4733399 -0.8808156 0 -0.9044321 -0.4266178 0.01065981 -0.1950749 -0.9807304 -0.01063603 -0.9575229 -0.2881612 -0.01065403 -0.1001792 -0.9949125 0.01062506 -0.9807312 -0.1950734 0.01063638 0.1950699 -0.9807317 -0.01063811 -0.9949119 0.1001864 -0.01061874 0.2882189 -0.9575057 0.01062202 -0.9807296 0.1950817 0.01064229 0.5555335 -0.8314262 -0.01066225 -0.880849 0.4732775 -0.01063692 0.6326557 -0.7743602 0.01066052 -0.8313848 0.5555949 0.01060205 0.8314238 -0.5555378 -0.01058453 -0.6326405 0.7743734 -0.01060998 0.8808374 -0.4733002 0.01060718 -0.5555831 0.8313934 0.01064169 0.9807321 -0.1950677 -0.01065385 -0.2882276 0.9575027 -0.01063269 0.9949119 -0.1001864 0.01068282 -0.1951411 0.980717 0.01063638 0.9807298 0.1950794 -0.01061898 0.1001766 0.9949131 -0.01063603 0.9575238 0.2881585 0.01065939 0.1951367 0.9807182 0.01065492 0.8313969 0.5555769 -0.01063627 0.4733508 0.8808099 -0.01063084 0.7743221 0.6327025 0.01061296 0.5555831 0.8313934 -0.006650924 -0.5983086 -0.8012383 0.006671071 -0.5555419 -0.8314619 0 -0.7254306 -0.6882954 -0.00667411 -0.246109 -0.9692192 0 -0.845738 -0.5335985 0.00667423 -0.1950821 -0.9807642 -0.006650626 -0.8593961 -0.5112672 -0.00667417 0.143356 -0.9896487 0.006645202 -0.9807616 -0.1950961 0.006694257 0.1950755 -0.9807655 -0.006639957 -0.989627 -0.1435075 -0.00662738 0.5113745 -0.8593325 0.006645679 -0.9807585 0.1951122 0.006650984 0.5555554 -0.8314531 -0.006645143 -0.9692105 0.2461437 -0.006662428 0.8012362 -0.5983113 0.00665915 -0.8314865 0.5555052 0.006650805 0.8314687 -0.5555319 -0.006650507 -0.8012611 0.5982781 -0.006639361 0.9692093 -0.2461492 0.006651043 -0.5554912 0.8314959 0.006645202 0.9807623 -0.1950933 -0.006627619 -0.5113232 0.859363 -0.006645441 0.9896284 0.1434981 0.006703078 -0.195149 0.9807507 0.006651639 0.9807586 0.1951111 -0.006627738 -0.1434242 0.9896392 -0.006633222 0.8593949 0.5112694 0.006673932 0.1951435 0.980752 0.006638884 0.8314867 0.5555053 -0.006673932 0.2461729 0.9692029 -0.006651222 0.5982639 0.8012716 0.00664252 0.5555073 0.8314852 -0.01441246 -0.3867733 -0.9220622 0.01445943 -0.1949943 -0.9806979 0 -0.4734967 -0.8807957 -0.01443618 -0.004170954 -0.9998871 0 -0.636014 -0.7716777 0.01439023 0.1949983 -0.9806981 -0.01442468 -0.7101127 -0.7039402 -0.01441335 0.3785255 -0.9254786 0.01439517 -0.8313888 -0.5555047 0.0143662 0.555557 -0.8313544 -0.01441353 -0.9254353 -0.3786317 -0.01441323 0.7039331 -0.7101202 0.01440739 -0.9806876 -0.1950501 0.01442408 0.8313844 -0.5555104 -0.01439803 -0.9998869 0.004361987 -0.01441246 0.9221104 -0.3866582 0.01440221 -0.9806903 0.1950362 0.01440441 0.9806825 -0.1950752 -0.01441353 -0.9220973 0.3866896 -0.01440644 0.9998868 -0.004353642 0.01442486 -0.8313707 0.5555312 0.01439487 0.9806854 0.1950613 -0.01442414 -0.703968 0.7100852 -0.01438927 0.9254462 0.3786058 0.01438987 -0.5555061 0.831388 0.01441311 0.8313743 0.555526 -0.01440143 -0.3785852 0.9254545 -0.01441389 0.7100813 0.7039722 0.01441293 -0.1950613 0.9806852 0.0143668 0.555509 0.8313865 -0.01441293 0.004379451 0.9998866 -0.01437807 0.3867144 0.9220876 0.01440167 0.1950657 0.9806845 -0.005703747 -0.152046 -0.988357 0.005654335 0.1951442 -0.9807583 0 -0.1736338 -0.9848104 -0.005668997 0.23763 -0.9713393 0 -0.3630687 -0.9317624 0.005692362 0.5555079 -0.8314918 -0.005657374 -0.5187764 -0.8548913 -0.005712449 0.5912967 -0.806434 0.005692362 -0.5555092 -0.8314909 0.005677521 0.8314749 -0.5555332 -0.005680441 -0.8064514 -0.5912731 -0.005662977 0.8548989 -0.518764 0.005677461 -0.8314589 -0.5555573 0.005692124 0.9807684 -0.1950923 -0.00568974 -0.9713187 -0.2377135 -0.00567317 0.9883435 -0.1521353 0.005689322 -0.980768 -0.1950945 0.005677342 0.9807713 0.1950784 -0.00569278 -0.9883496 0.1520947 -0.005678355 0.9713312 0.2376627 0.005684614 -0.9807692 0.195089 0.005696654 0.831457 0.55556 -0.005690932 -0.8548898 0.5187786 -0.00568068 0.8064119 0.591327 0.005700886 -0.8314436 0.55558 0.00567764 0.5555547 0.8314607 -0.005732595 -0.5912827 0.806444 -0.005700826 0.5187776 0.8548904 0.005683481 -0.5555573 0.8314589 0.005703628 0.1950773 0.9807714 -0.005683422 -0.2377665 0.9713057 -0.005692005 0.1521814 0.9883362 0.005700886 -0.1950833 0.9807701 -0.01126211 0.0914874 -0.9957426 0.01125633 0.1950017 -0.9807384 0 -0.05209457 -0.9986422 -0.01128542 0.4655761 -0.8849359 0 -0.2461379 -0.9692348 0.0112394 0.5554831 -0.8314519 -0.01128518 -0.2964981 -0.9549668 -0.01127409 0.7687706 -0.6394255 0.01126259 -0.555483 -0.8314517 0.0112729 0.8314494 -0.5554862 -0.01128494 -0.6394203 -0.7687747 -0.01125532 0.9549712 -0.296485 0.01126116 -0.8314402 -0.5555003 0.0112673 0.9807249 -0.1950692 -0.01123893 -0.884925 -0.465598 -0.01126241 0.9957424 0.09149003 0.01127016 -0.9807232 -0.1950775 0.01126593 0.9807184 0.1951014 -0.01125955 -0.9957424 -0.09149003 -0.01125055 0.8849261 0.4655957 0.01126301 -0.980719 0.1950986 0.01124972 0.8314496 0.5554863 -0.0112732 -0.9549577 0.2965278 -0.01128494 0.6394203 0.7687747 0.01127564 -0.83144 0.5555002 0.01126259 0.555483 0.8314517 -0.01127421 -0.7687819 0.6394118 -0.01128554 0.2965064 0.9549642 0.01121622 -0.5554833 0.8314521 0.01126182 0.195136 0.9807116 -0.01126158 -0.46562 0.8849132 -0.01126199 -0.09148663 0.9957426 0.01125055 -0.195141 0.9807108 -0.003587484 0.816638 0.5771392 0.003592014 0.5555627 0.831467 0 0.8241462 0.5663772 -0.003567337 0.5336561 0.8456941 0 0.9186931 0.3949724 0.003590583 0.1950852 0.9807797 -0.003580629 0.9753331 0.2207095 -0.003552854 0.1693578 0.9855483 0.003574967 0.9807781 0.1950942 0.003568768 -0.1950797 0.9807809 -0.003574609 0.9855522 -0.1693344 -0.003600597 -0.22073 0.9753284 0.003576815 0.9807786 -0.1950914 0.003600716 -0.5555627 0.8314669 -0.003553807 0.8456928 -0.5336582 -0.003608047 -0.5771257 0.8166475 0.003568828 0.8314576 -0.5555768 0.003580272 -0.8314684 0.5555607 -0.003590583 0.5771489 -0.8166311 -0.003571569 -0.8457285 0.5336017 0.003590643 0.5555306 -0.8314883 0.00357753 -0.9807834 0.1950669 -0.003567337 0.2206308 -0.9753509 -0.003579258 -0.9855495 0.1693499 0.003592014 0.1951181 -0.9807732 0.003586173 -0.9807839 -0.1950641 -0.003619611 -0.1692575 -0.9855653 -0.003568828 -0.9753365 -0.2206946 0.003639698 -0.1951125 -0.9807741 0.003565907 -0.8314576 -0.5555768 -0.003547072 -0.5336561 -0.8456942 -0.003558695 -0.8166207 -0.5771639 0.003568887 -0.5555387 -0.8314831 -0.01422804 0.9319034 0.3624275 0.01423931 0.8313956 0.5554986 0 0.960035 0.2798804 -0.014216 0.7223058 0.6914277 0 0.9961978 0.08712059 0.01426255 0.5555098 0.8313877 -0.01422959 0.9996609 -0.02180927 -0.01422816 0.4026533 0.915242 0.01423901 0.9806858 -0.1950712 0.01420414 0.1951279 0.9806749 -0.01423346 0.9152199 -0.4027034 -0.01423919 0.02189755 0.9996589 0.01423966 0.8313835 -0.5555167 0.01423931 -0.1951336 0.9806733 -0.01421564 0.6914577 -0.7222771 -0.01421564 -0.3624476 0.9318957 0.01422721 0.5555582 -0.8313561 0.01425093 -0.5555099 0.8313879 -0.0142396 0.3623973 -0.9319149 -0.0142275 -0.6914432 0.7222908 0.01422762 0.1950275 -0.9806946 0.01425069 -0.8313803 0.5555212 -0.01423919 -0.02189755 -0.9996589 -0.01423102 -0.9152252 0.4026914 0.01418167 -0.1950334 -0.9806941 0.01422756 -0.9806852 0.1950749 -0.01426213 -0.4027007 -0.9152206 -0.01423364 -0.9996603 0.02183628 0.01421564 -0.5555582 -0.8313562 0.01423901 -0.9806858 -0.1950712 -0.01422864 -0.7222566 -0.6914789 -0.01422804 -0.9319044 -0.362425 0.01423943 -0.8313701 -0.5555367 -0.008418083 0.9919718 0.1261792 0.008409023 0.9807497 0.195088 0 0.9993863 -0.03503292 -0.008412003 0.8681744 0.496188 0 0.973387 -0.2291681 0.008423507 0.8314377 0.5555543 -0.008411824 0.9647595 -0.2629988 -0.008412063 0.6121577 0.7906911 0.008423566 0.8314341 -0.5555596 0.008394658 0.5555507 0.8314403 -0.008411765 0.7906719 -0.6121824 -0.008435428 0.2630053 0.9647575 0.008388757 0.5555708 -0.831427 0.008412122 0.1950789 0.9807516 -0.008388817 0.4962038 -0.8681656 -0.00843513 -0.126145 0.991976 0.008435368 0.1950457 -0.980758 0.008411943 -0.1950737 0.9807526 -0.008412182 0.1261484 -0.9919758 -0.008411705 -0.4962561 0.8681354 0.008411943 -0.1950402 -0.9807592 0.008388876 -0.5555467 0.831443 -0.008388996 -0.2629333 -0.9647775 -0.008435785 -0.7906466 0.6122146 0.008417665 -0.5555747 -0.8314242 0.008423626 -0.8314497 0.5555362 -0.008411824 -0.6122224 -0.790641 -0.008414864 -0.9647512 0.2630292 0.008423626 -0.8314504 -0.5555353 0.008411765 -0.9807509 0.1950823 -0.008411943 -0.868174 -0.4961888 -0.008414685 -0.991969 -0.1262012 0.008416116 -0.9807509 -0.1950823 -0.009207546 0.9930253 -0.1175421 0.00922358 0.9807403 0.1950989 0 0.9876887 -0.156432 -0.009208679 0.9624135 0.2714325 0 0.9381617 -0.3461973 0.009225249 0.831471 0.5554916 -0.009195387 0.8724717 -0.4885783 -0.009229123 0.7852526 0.6191068 0.009217321 0.8314424 -0.5555345 0.009177207 0.5554787 0.8314803 -0.009182929 0.6189996 -0.7853377 -0.009200096 0.4886028 0.8724579 0.009205698 0.5555428 -0.8314371 0.009222805 0.1951392 0.9807323 -0.009228587 0.2715051 -0.9623928 -0.009205579 0.1175927 0.9930192 0.009199678 0.1951058 -0.9807391 0.009222805 -0.1951392 0.9807322 -0.009211361 -0.1175927 -0.9930192 -0.009211361 -0.2714408 0.9624112 0.00920546 -0.1951057 -0.980739 0.009212017 -0.5554706 0.8314852 -0.009229063 -0.4886026 -0.8724576 -0.0092085 -0.619053 0.7852953 0.009223103 -0.5555425 -0.8314371 0.009222507 -0.8314657 0.5554997 -0.009205877 -0.785255 -0.6191042 -0.009199738 -0.8724716 0.4885783 0.009223103 -0.8314424 -0.5555345 0.009219169 -0.9807409 0.195096 -0.009199976 -0.9624136 -0.2714325 -0.00921303 -0.9930251 0.1175428 0.009217262 -0.9807425 -0.1950879 -0.01404798 0.9350483 -0.354242 0.01406091 0.980688 -0.1950724 0 0.8890505 -0.4578093 -0.01405495 0.9994353 0.03052306 0 0.7825937 -0.6225329 0.01405948 0.9806882 0.1950721 -0.01406598 0.72828 -0.6851355 -0.01406008 0.9116657 0.4106922 0.0140537 0.5555394 -0.8313714 0.01406562 0.8313956 0.5555032 -0.01407682 0.4106962 -0.9116637 -0.01408857 0.6851103 0.728303 0.01406544 0.195028 -0.9806969 0.01404243 0.5555115 0.8313903 -0.01404231 0.03051769 -0.9994356 -0.01407706 0.3542913 0.9350292 0.0140658 -0.1950334 -0.9806959 0.01405376 0.1950614 0.9806904 -0.01404285 -0.3542005 -0.9350641 -0.01406544 -0.03051769 0.9994354 0.0140537 -0.5555394 -0.8313714 0.01408892 -0.1950669 0.9806888 -0.01405274 -0.6851691 -0.7282485 -0.01407659 -0.4107299 0.9116485 0.0140596 -0.8313826 -0.5555227 0.01404243 -0.5555115 0.8313903 -0.01406055 -0.9116598 -0.4107052 -0.01405483 -0.7282586 0.6851583 0.01405799 -0.9806882 -0.1950717 0.01406532 -0.8313843 0.55552 -0.01406383 -0.9994352 -0.03052306 -0.01405912 -0.9350526 0.3542304 0.01404845 -0.9806888 0.1950695 -0.00243324 0.8216525 -0.5699837 0.002435863 0.8314551 -0.5555866 0 0.7010576 -0.7131047 -0.002444982 0.977225 -0.212192 0 0.5483321 -0.8362607 0.002444803 0.9807825 -0.1950896 -0.00243324 0.5410156 -0.8410091 -0.002450644 0.9840368 0.1779486 0.002410173 0.1950522 -0.98079 0.002439796 0.9807819 0.1950926 -0.0024333 0.1779105 -0.9840437 -0.0024333 0.8410357 0.5409743 0.0024333 -0.1950464 -0.980791 0.002444863 0.8314604 0.5555787 -0.002456426 -0.2122161 -0.9772198 -0.002456605 0.5699442 0.8216797 0.002421617 -0.5556167 -0.831435 0.002457916 0.5555646 0.8314698 -0.002433419 -0.5699378 -0.8216843 -0.002456486 0.2122553 0.9772112 0.002456545 -0.8314653 -0.5555713 0.002410113 0.1951528 0.9807699 -0.0024333 -0.8410364 -0.5409733 -0.002456426 -0.1779773 0.9840316 0.002447724 -0.9807832 -0.1950854 0.002410054 -0.1951473 0.980771 -0.002438962 -0.9840424 -0.1779179 -0.002413094 -0.5409418 0.8410566 0.00243324 -0.9807819 0.1950926 0.002456486 -0.5555646 0.8314698 -0.0024392 -0.9772307 0.2121657 -0.002433121 -0.8216564 0.5699781 0.002445638 -0.831477 0.555554 -0.01282548 0.6593207 -0.7517524 0.01280266 0.8313997 -0.5555275 0 0.6087935 -0.7933288 -0.01280099 0.8967729 -0.4423061 0 0.4421005 -0.8969656 0.01280587 0.9807095 -0.1950516 -0.01277989 0.3214206 -0.9468503 -0.0127967 0.9977769 -0.0654022 0.01282572 0.1950978 -0.9807 0.01280874 0.9807088 0.1950544 -0.01277971 -0.06541651 -0.9977763 -0.01281464 0.9468487 0.321424 0.01284927 -0.1951033 -0.9806985 0.0128082 0.8314055 0.5555187 -0.01277989 -0.44221 -0.8968205 -0.01279711 0.7517696 0.6593017 0.01281481 -0.5554926 -0.8314228 0.01281452 0.5555207 0.831404 -0.01281356 -0.7518123 -0.6592528 -0.01281422 0.4422658 0.8967926 0.01279693 -0.8313967 -0.5555322 0.01279109 0.1950644 0.9807071 -0.01280355 -0.9468446 -0.3214364 -0.01281446 0.06541633 0.9977758 0.01280289 -0.980704 -0.1950795 0.01281464 -0.1950705 0.9807055 -0.01280468 -0.9977768 0.0654031 -0.01283699 -0.3215051 0.9468209 0.01279711 -0.980704 0.1950795 0.01281452 -0.5555207 0.831404 -0.01281166 -0.8967886 0.4422737 -0.0128383 -0.6592727 0.7517943 0.01279085 -0.831407 0.5555168 1 1.19742e-5 0 1 -2.01163e-5 0 1 -2.41115e-5 0 1 -2.55741e-5 0 1 -1.57523e-5 0 1 2.55741e-5 0 1 -5.25486e-5 0 1 7.86534e-5 0 1 -1.04535e-5 0 1 9.65866e-6 0 1 -1.2298e-5 0 1 1.03498e-4 0 1 2.19452e-5 0 1 -1.45328e-4 0 1 3.93302e-5 0 1 1.4537e-4 0 1 -2.06911e-4 0 1 -1.45359e-4 0 1 7.26639e-5 0 1 -1.30501e-5 0 1 1.30501e-5 0 1 -7.26599e-5 0 1 -2.62771e-5 0 1 2.06954e-4 0 1 2.07039e-4 0 1 1.45328e-4 0 1 -1.45349e-4 0 1 1.29116e-5 0 1 -1.70511e-5 0 1 1.00553e-5 0 1 7.26533e-5 0 1 -1.96665e-5 0 1 -3.63319e-5 0 1 -1.03413e-4 0 1 2.06868e-4 0 1 7.26586e-5 0 1 1.45349e-4 0 1 -4.82241e-5 0 1 1.32727e-4 0 0.9999999 -6.65779e-4 0 1 1.45307e-4 0 1 -7.26744e-5 0 1 -7.26639e-5 0 1 -1.30497e-5 0 1 1.30504e-5 0 1 -2.06954e-4 0 1 -1.45362e-4 0 1 -3.22331e-5 0 1 8.5253e-6 0 1 1.05114e-4 0 1 -2.62805e-5 0 1 3.63267e-5 0 1 -5.25541e-5 0 1 -1.57525e-5 0 1 -7.26533e-5 0 1 -1.14443e-4 0 0.999984 -0.005657613 0 1 9.43788e-6 0 1 -3.41018e-5 0 1 4.13736e-4 0 1 -2.069e-4 0 1 -1.03434e-4 0 1 -2.06932e-4 0 1 3.41029e-5 0 1 -1.63752e-5 0 1 -5.17277e-5 0 1 1.0352e-4 0 1 2.01128e-5 0 1 -7.2685e-5 0 1 -1.03477e-4 0 1 1.57525e-5 0 1 -1.5752e-5 0 1 7.26956e-5 0 1 5.17277e-5 0 0.9999992 0.001257419 0 1 -1.9317e-5 0 1 8.52602e-6 0 1 -1.0352e-4 0 1 4.13822e-4 0 1 4.02253e-5 0 1 1.70505e-5 0 1 -2.01114e-5 0 1 5.25541e-5 0 1 -2.94927e-5 0 1 5.17384e-5 0 1 -7.26612e-5 0 1 -3.93256e-5 0 1 -4.13907e-4 0 1 -3.63346e-5 0 1 4.13907e-4 0 1 -4.09393e-6 0 1 7.26744e-5 0 0 -0.04909223 0.9987943 0 0.04909223 0.9987943 0 0.146717 0.9891785 0 -0.146717 0.9891785 0 0.2429618 0.9700359 0 -0.2429618 0.9700359 0 0.2429617 0.970036 0 0.3369115 0.9415364 0 -0.2429617 0.970036 0 -0.336821 0.9415687 0 0.3368208 0.9415688 0 0.4275436 0.9039947 0 -0.3369113 0.9415364 0 -0.4275436 0.9039947 0 0.4275433 0.9039949 0 0.5140964 0.8577324 0 -0.4275433 0.9039949 0 -0.5140213 0.8577774 0 0.5140217 0.8577772 0 0.5957307 0.8031843 0 -0.5140968 0.8577323 0 -0.5956649 0.8032332 0 0.5956645 0.8032334 0 0.6715668 0.7409441 0 -0.5957303 0.8031845 0 -0.6715668 0.7409441 0 0.6715672 0.7409437 0 0.7409648 0.671544 0 -0.6715672 0.7409437 0 -0.7409648 0.671544 0 0.8031447 0.5957841 0 -0.8032171 0.5956864 0 0.8032171 0.5956864 0 0.8577332 0.5140951 0 -0.8031447 0.5957841 0 -0.8577332 0.5140951 0 0.857734 0.514094 0 0.9040026 0.4275272 0 0.9039652 0.4276061 0 -0.857734 0.514094 0 -0.9040026 0.4275272 0 0.9415555 0.3368582 0 -0.9039652 0.4276061 0 -0.9415555 0.3368582 0 0.9415559 0.3368568 0 0.9700298 0.2429859 0 -0.9415559 0.3368568 0 -0.9700298 0.2429859 0 0.9700295 0.2429874 0 0.9891777 0.1467226 0 -0.9700295 0.2429874 0 -0.9891777 0.1467226 0 0.9987954 0.04906868 0 -0.9987954 0.04906868 0 -0.9987953 0.04907029 0 -0.9987953 -0.04907029 0 -0.9987954 -0.04906868 0 -0.9891777 -0.1467226 0 -0.9700295 -0.2429874 0 -0.9700298 -0.2429859 0 -0.9415559 -0.3368568 0 -0.9415323 -0.336923 0 -0.9040026 -0.4275272 0 -0.857734 -0.514094 0 -0.8577332 -0.5140951 0 -0.8031447 -0.5957841 0 -0.8032171 -0.5956864 0 -0.7409648 -0.671544 0 -0.6715672 -0.7409437 0 -0.6715668 -0.7409441 0 -0.5957303 -0.8031845 0 -0.5956649 -0.8032332 0 -0.5140968 -0.8577323 0 -0.5140964 -0.8577324 0 -0.4275433 -0.9039949 0 -0.4275436 -0.9039947 0 -0.3368208 -0.9415688 0 -0.3369115 -0.9415364 0 -0.2429617 -0.970036 0 -0.2430098 -0.9700238 0 -0.146692 -0.9891823 0 -0.04907953 -0.998795 0 0.04907953 -0.998795 0 0.146692 -0.9891823 0 0.2429618 -0.9700359 0 0.2430097 -0.9700239 0 0.336821 -0.9415687 0 0.3369113 -0.9415364 0 0.4275436 -0.9039947 0 0.4275433 -0.9039949 0 0.5140964 -0.8577324 0 0.5140968 -0.8577323 0 0.5957307 -0.8031843 0 0.5956645 -0.8032334 0 0.6715668 -0.7409441 0 0.6715672 -0.7409437 0 0.7409648 -0.671544 0 0.8031447 -0.5957841 0 0.8032171 -0.5956864 0 0.8577332 -0.5140951 0 0.9987953 0.04907029 0 0.857734 -0.514094 0 0.9040026 -0.4275272 0 0.9987953 -0.04907029 0 0.9415555 -0.3368582 0 0.9415328 -0.3369215 0 0.9700298 -0.2429859 0 0.9700295 -0.2429874 0 0.9891777 -0.1467226 0 0.9987954 -0.04906868 0 0.09801298 -0.9951851 0 -0.09801298 -0.9951851 0 -0.2902767 -0.9569428 0 0.2902767 -0.9569428 0 -0.4713918 -0.881924 0 0.4713918 -0.881924 0 0.4713836 -0.8819283 0 -0.4713836 -0.8819283 0 -0.6344199 -0.7729887 0 0.6344199 -0.7729887 0 -0.7730047 -0.6344004 0 0.7729966 -0.6344102 0 -0.772997 -0.6344098 0 -0.8819118 -0.4714144 0 0.773005 -0.6344 0 0.8819163 -0.4714062 0 -0.8819166 -0.4714057 0 -0.9569437 -0.2902739 0 0.8819122 -0.471414 0 0.9569454 -0.2902684 0 -0.9569455 -0.2902678 0 -0.9951851 -0.09801369 0 0.9569438 -0.2902733 0 0.995185 -0.0980156 0 -0.995185 -0.0980156 0 -0.9951851 0.09801369 0 0.9951851 -0.09801369 0 0.9951851 0.09801369 0 0.995185 0.0980156 0 -0.995185 0.0980156 0 -0.9569438 0.2902733 0 0.9569438 0.2902733 0 0.9569404 0.290285 0 -0.9569404 0.290285 0 -0.8819209 0.4713973 0 0.8819209 0.4713973 0 -0.8819207 0.4713978 0 -0.773005 0.6344 0 0.8819207 0.4713978 0 0.772997 0.6344098 0 -0.7729966 0.6344102 0 -0.634396 0.7730083 0 0.7730047 0.6344004 0 0.6344079 0.7729985 0 -0.6344079 0.7729985 0 -0.4713914 0.8819242 0 0.634396 0.7730083 0 0.4713836 0.8819283 0 -0.471384 0.881928 0 -0.2902767 0.9569428 0 0.4713918 0.881924 0 0.2902767 0.9569428 0 -0.09803766 0.9951828 0 0.09803766 0.9951828 -1 -3.51865e-5 0 -1 -9.40009e-6 0 -1 7.0373e-5 0 -1 -2.6058e-5 0 -1 1.40726e-4 0 -1 1.05552e-4 0 -1 9.40009e-6 0 -1 -1.3029e-5 0 -1 1.3029e-5 0 -1 -1.04205e-4 0 -1 -1.04232e-4 0 -1 -1.05552e-4 0 -1 -1.05548e-4 0 -1 1.0421e-4 0</float_array>
          <technique_common>
            <accessor source="#Mesh1_002-mesh-normals-array" count="6686" stride="3">
              <param name="X" type="float"/>
              <param name="Y" type="float"/>
              <param name="Z" type="float"/>
            </accessor>
          </technique_common>
        </source>
        <vertices id="Mesh1_002-mesh-vertices">
          <input semantic="POSITION" source="#Mesh1_002-mesh-positions"/>
        </vertices>
        <triangles material="Material_0_002-material" count="8687">
          <input semantic="VERTEX" source="#Mesh1_002-mesh-vertices" offset="0"/>
          <input semantic="NORMAL" source="#Mesh1_002-mesh-normals" offset="1"/>
          <p>0 0 1 0 2 0 3 1 4 1 5 1 6 2 4 2 3 2 6 3 7 3 4 3 5 4 4 4 7 4 7 5 8 5 5 5 11 6 5 6 8 6 5 7 11 7 15 7 5 8 15 8 20 8 8 9 7 9 10 9 9 10 7 10 6 10 12 11 7 11 9 11 12 12 16 12 7 12 19 13 7 13 16 13 7 14 19 14 14 14 13 15 9 15 6 15 9 16 13 16 18 16 18 17 13 17 23 17 18 18 23 18 30 18 18 19 30 19 31 19 24 20 18 20 31 20 9 21 18 21 24 21 24 22 32 22 9 22 9 23 32 23 29 23 29 24 22 24 9 24 22 25 17 25 9 25 14 26 10 26 7 26 39 27 32 27 24 27 24 28 49 28 39 28 39 29 49 29 63 29 39 30 63 30 61 30 39 31 61 31 48 31 39 32 48 32 32 32 62 33 32 33 48 33 32 34 62 34 59 34 59 35 46 35 32 35 75 36 62 36 48 36 75 37 48 37 90 37 90 38 110 38 75 38 75 39 110 39 108 39 89 40 75 40 108 40 90 41 130 41 110 41 75 42 89 42 62 42 62 43 89 43 86 43 108 44 128 44 89 44 89 45 128 45 127 45 20 46 15 46 26 46 33 47 26 47 15 47 41 48 33 48 15 48 41 49 52 49 33 49 67 50 33 50 52 50 33 51 67 51 64 51 64 52 50 52 33 52 33 53 50 53 40 53 33 54 40 54 26 54 51 55 26 55 40 55 67 56 93 56 64 56 92 57 64 57 93 57 76 58 64 58 92 58 93 59 132 59 92 59 132 60 133 60 92 60 92 61 133 61 111 61 64 62 76 62 50 62 52 63 80 63 67 63 132 64 93 64 155 64 186 65 132 65 155 65 132 66 186 66 213 66 213 67 187 67 132 67 187 68 133 68 132 68 133 69 187 69 215 69 244 70 133 70 215 70 133 71 244 71 276 71 187 72 243 72 215 72 243 73 275 73 215 73 275 74 305 74 215 74 305 75 277 75 215 75 275 76 341 76 305 76 305 77 341 77 378 77 412 78 305 78 378 78 304 79 341 79 275 79 304 80 377 80 341 80 377 81 410 81 341 81 341 82 410 82 445 82 445 83 411 83 341 83 410 84 487 84 445 84 487 85 490 85 445 85 245 86 187 86 213 86 245 87 243 87 187 87 303 88 243 88 245 88 243 89 303 89 304 89 304 90 275 90 243 90 67 91 113 91 93 91 93 92 113 92 137 92 137 93 158 93 93 93 80 94 98 94 67 94 119 95 67 95 98 95 67 96 119 96 136 96 444 97 410 97 377 97 487 98 410 98 444 98 444 99 531 99 487 99 584 100 487 100 531 100 645 101 487 101 584 101 487 102 645 102 648 102 487 103 648 103 587 103 186 104 155 104 214 104 113 105 158 105 137 105 278 106 245 106 213 106 278 107 306 107 245 107 306 108 343 108 245 108 245 109 343 109 380 109 98 110 143 110 119 110 304 111 303 111 374 111 340 112 303 112 245 112 303 113 340 113 375 113 377 114 486 114 444 114 532 115 444 115 486 115 585 116 444 116 532 116 583 117 444 117 585 117 67 118 136 118 113 118 113 119 136 119 157 119 113 120 157 120 189 120 158 121 113 121 189 121 158 122 155 122 93 122 212 123 158 123 189 123 189 124 157 124 218 124 218 125 247 125 189 125 212 126 189 126 247 126 280 127 212 127 247 127 280 128 300 128 212 128 212 129 300 129 273 129 212 130 273 130 242 130 242 131 155 131 212 131 155 132 158 132 212 132 157 133 136 133 188 133 188 134 217 134 157 134 344 135 300 135 280 135 344 136 337 136 300 136 157 137 217 137 218 137 273 138 301 138 242 138 274 139 242 139 301 139 274 140 214 140 242 140 188 141 136 141 216 141 274 142 213 142 214 142 214 143 155 143 242 143 214 144 213 144 186 144 337 145 273 145 300 145 371 146 273 146 337 146 273 147 371 147 338 147 217 148 188 148 216 148 371 149 337 149 406 149 338 150 301 150 273 150 338 151 372 151 301 151 301 152 372 152 373 152 373 153 339 153 301 153 301 154 339 154 274 154 302 155 274 155 339 155 136 156 246 156 216 156 279 157 216 157 246 157 216 158 279 158 307 158 406 159 338 159 371 159 338 160 406 160 407 160 302 161 213 161 274 161 245 162 376 162 340 162 372 163 408 163 373 163 372 164 338 164 407 164 440 165 372 165 407 165 482 166 372 166 440 166 372 167 482 167 483 167 25 168 14 168 19 168 143 169 136 169 119 169 373 170 408 170 339 170 441 171 339 171 408 171 442 172 441 172 408 172 483 173 408 173 372 173 408 174 483 174 526 174 375 175 374 175 303 175 375 176 340 176 409 176 409 177 442 177 375 177 374 178 377 178 304 178 375 179 442 179 374 179 484 180 374 180 442 180 374 181 484 181 527 181 527 182 485 182 374 182 485 183 443 183 374 183 442 184 528 184 484 184 408 185 526 185 442 185 527 186 484 186 579 186 527 187 579 187 641 187 527 188 641 188 709 188 527 189 709 189 778 189 527 190 778 190 843 190 843 191 915 191 527 191 915 192 986 192 527 192 526 193 483 193 578 193 639 194 526 194 578 194 526 195 639 195 528 195 484 196 528 196 580 196 484 197 580 197 640 197 528 198 442 198 526 198 639 199 707 199 528 199 483 200 638 200 578 200 483 201 706 201 638 201 638 202 706 202 776 202 638 203 776 203 841 203 638 204 841 204 913 204 529 205 443 205 485 205 443 206 486 206 377 206 530 207 443 207 529 207 484 208 640 208 579 208 640 209 708 209 579 209 709 210 579 210 708 210 777 211 707 211 639 211 707 212 777 212 842 212 579 213 709 213 641 213 842 214 777 214 914 214 777 215 985 215 914 215 581 216 485 216 527 216 709 217 708 217 778 217 985 218 777 218 1058 218 1058 219 1141 219 985 219 778 220 708 220 843 220 777 221 1140 221 1058 221 1140 222 1141 222 1058 222 1141 223 1140 223 1229 223 1400 224 1141 224 1229 224 1486 225 1141 225 1400 225 1573 226 1141 226 1486 226 777 227 1229 227 1140 227 1229 228 777 228 1318 228 1059 229 986 229 915 229 1059 230 1142 230 986 230 1230 231 986 231 1142 231 1230 232 1319 232 986 232 777 233 1399 233 1318 233 1318 234 1399 234 1485 234 1485 235 1399 235 1572 235 1660 236 1572 236 1399 236 1660 237 1747 237 1572 237 377 238 374 238 443 238 529 239 485 239 581 239 1841 240 1747 240 1660 240 581 241 643 241 529 241 1399 242 1571 242 1660 242 1484 243 1399 243 777 243 1484 244 1571 244 1399 244 1571 245 1484 245 1659 245 1745 246 1571 246 1659 246 1746 247 1571 247 1745 247 1660 248 1942 248 1841 248 1571 249 1746 249 1660 249 1840 250 1660 250 1746 250 1745 251 1659 251 1839 251 1839 252 1941 252 1745 252 1940 253 1745 253 1941 253 1745 254 1940 254 1746 254 1746 255 1940 255 1943 255 1840 256 1942 256 1660 256 2042 257 1942 257 1840 257 1941 258 1839 258 2041 258 2140 259 1941 259 2041 259 2140 260 2238 260 1941 260 1941 261 2238 261 2138 261 2138 262 1940 262 1941 262 2138 263 2139 263 1940 263 2141 264 2042 264 1840 264 2337 265 2138 265 2238 265 2336 266 2138 266 2337 266 2238 267 2140 267 2339 267 2417 268 2238 268 2339 268 1943 269 1840 269 1746 269 1840 270 1943 270 2043 270 2143 271 1840 271 2043 271 530 272 486 272 443 272 530 273 529 273 642 273 529 274 710 274 642 274 779 275 642 275 710 275 779 276 844 276 642 276 844 277 916 277 642 277 916 278 845 278 642 278 845 279 780 279 642 279 642 280 780 280 644 280 644 281 530 281 642 281 530 282 644 282 582 282 1940 283 2139 283 1943 283 2139 284 2142 284 1943 284 2337 285 2238 285 2417 285 2417 286 2512 286 2337 286 2510 287 2337 287 2512 287 2138 288 2336 288 2139 288 2416 289 2139 289 2336 289 2416 290 2338 290 2139 290 1840 291 2143 291 2141 291 2143 292 2340 292 2141 292 2417 293 2339 293 2514 293 2514 294 2584 294 2417 294 781 295 644 295 780 295 780 296 917 296 781 296 917 297 846 297 781 297 781 298 846 298 647 298 644 299 781 299 647 299 846 300 917 300 918 300 582 301 644 301 647 301 582 302 647 302 586 302 486 303 582 303 586 303 586 304 532 304 486 304 532 305 586 305 647 305 532 306 647 306 585 306 846 307 918 307 647 307 711 308 585 308 647 308 711 309 583 309 585 309 788 310 711 310 647 310 530 311 582 311 486 311 647 312 855 312 788 312 927 313 788 313 855 313 788 314 927 314 988 314 919 315 788 315 988 315 919 316 847 316 788 316 782 317 847 317 919 317 711 318 847 318 782 318 999 319 927 319 855 319 1075 320 999 320 855 320 999 321 1075 321 1158 321 988 322 782 322 919 322 1074 323 988 323 927 323 1074 324 1062 324 988 324 1074 325 927 325 1157 325 1152 326 1074 326 1157 326 1157 327 1327 327 1152 327 1152 328 1327 328 1326 328 1152 329 1326 329 1235 329 994 330 1152 330 1235 330 994 331 1062 331 1152 331 647 332 918 332 987 332 918 333 1060 333 987 333 1143 334 987 334 1060 334 1143 335 1060 335 1231 335 1231 336 1321 336 1143 336 1402 337 1321 337 1231 337 1402 338 1487 338 1321 338 1231 339 1487 339 1402 339 1401 340 1487 340 1231 340 1320 341 1401 341 1231 341 1060 342 1320 342 1231 342 1061 343 647 343 987 343 1060 344 918 344 917 344 1061 345 987 345 1144 345 1061 346 1144 346 1232 346 1144 347 1322 347 1232 347 1322 348 1403 348 1232 348 1489 349 1232 349 1403 349 1575 350 1232 350 1489 350 1403 351 1576 351 1489 351 1061 352 1232 352 1323 352 1061 353 1323 353 1405 353 1061 354 1405 354 1491 354 1404 355 1323 355 1232 355 855 356 1159 356 1075 356 1075 357 1159 357 1240 357 1240 358 1329 358 1075 358 1240 359 1412 359 1329 359 1490 360 1405 360 1323 360 1490 361 1577 361 1405 361 1490 362 1662 362 1577 362 1751 363 1577 363 1662 363 1752 364 1577 364 1751 364 1577 365 1752 365 1663 365 1845 366 1751 366 1662 366 1845 367 1950 367 1751 367 1950 368 1949 368 1751 368 1950 369 1845 369 2050 369 2149 370 1950 370 2050 370 2148 371 1950 371 2149 371 2246 372 2149 372 2050 372 2347 373 2149 373 2246 373 2427 373 2149 373 2347 373 2426 373 2149 373 2427 373 2149 373 2426 373 2346 373 2246 373 2428 373 2347 373 1662 374 1490 374 1750 374 1844 375 1662 375 1750 375 1662 376 1844 376 1845 376 1845 377 1844 377 2047 377 1845 378 2047 378 2050 378 2047 379 2242 379 2050 379 2246 380 2050 380 2242 380 2422 381 2246 381 2242 381 2516 373 2246 373 2422 373 2516 373 2521 373 2246 373 2246 373 2521 373 2428 373 2428 373 2521 373 2596 373 1949 382 1752 382 1751 382 1752 383 1949 383 2049 383 2049 384 2147 384 1752 384 1752 385 2147 385 2245 385 1949 386 1950 386 2148 386 2146 387 1949 387 2148 387 2148 388 2149 388 2346 388 2346 389 2343 389 2148 389 1577 390 1663 390 1405 390 1323 391 1578 391 1490 391 1578 392 1323 392 1664 392 2520 373 2346 373 2426 373 2591 373 2346 373 2520 373 2346 373 2591 373 2517 373 1576 393 1403 393 1574 393 1574 394 1749 394 1576 394 1749 395 1750 395 1576 395 1749 396 1947 396 1750 396 1948 397 1576 397 1750 397 2046 398 1576 398 1948 398 2049 399 2244 399 2147 399 2345 400 2147 400 2244 400 2677 373 2591 373 2520 373 1949 401 2146 401 2049 401 2146 402 2243 402 2049 402 2746 373 2677 373 2520 373 2746 373 2810 373 2677 373 2343 403 2146 403 2148 403 2343 404 2344 404 2146 404 2346 373 2517 373 2343 373 2678 373 2596 373 2521 373 2747 373 2596 373 2678 373 2811 373 2747 373 2678 373 2860 373 2747 373 2811 373 2906 373 2860 373 2811 373 2946 373 2860 373 2906 373 2988 373 2946 373 2906 373 2863 373 2946 373 2988 373 2863 373 2908 373 2946 373 2516 373 2422 373 2590 373 2863 373 2817 373 2908 373 2422 373 2672 373 2590 373 2242 405 2047 405 2241 405 2421 406 2242 406 2241 406 2422 407 2242 407 2421 407 2589 408 2422 408 2421 408 2047 409 1844 409 2145 409 2817 373 2863 373 2687 373 2687 373 2752 373 2817 373 1844 410 1750 410 1947 410 1844 411 1947 411 2048 411 2589 373 2672 373 2422 373 2742 373 2672 373 2589 373 2603 373 2752 373 2687 373 2808 373 2742 373 2589 373 2808 373 2858 373 2742 373 1749 412 1946 412 1947 412 1946 413 2048 413 1947 413 2045 414 2048 414 1946 414 2048 415 2045 415 2240 415 2145 416 2048 416 2240 416 2687 373 2354 373 2603 373 2527 373 2603 373 2354 373 2527 373 2686 373 2603 373 2686 373 2751 373 2603 373 2421 417 2241 417 2420 417 2588 418 2421 418 2420 418 2047 419 2145 419 2241 419 2342 420 2241 420 2145 420 1403 421 1488 421 1574 421 2686 373 2816 373 2751 373 2751 373 2816 373 2859 373 2048 422 2145 422 1844 422 2145 423 2240 423 2342 423 2905 373 2858 373 2808 373 2945 373 2858 373 2905 373 2859 373 2816 373 2810 373 1574 424 1843 424 1749 424 1661 425 1574 425 1488 425 1748 426 1574 426 1661 426 1574 427 1748 427 1842 427 1842 428 1944 428 1574 428 1944 429 1945 429 1574 429 2589 430 2421 430 2588 430 2588 431 2741 431 2589 431 2807 373 2589 373 2741 373 2810 373 2746 373 2859 373 2987 373 2945 373 2905 373 3021 373 2945 373 2987 373 3021 373 2987 373 3046 373 3021 373 3046 373 3074 373 3046 373 3096 373 3074 373 3097 373 3074 373 3096 373 3096 373 3116 373 3097 373 3047 373 3097 373 3116 373 3047 373 3075 373 3097 373 3075 373 3047 373 3022 373 2807 373 2808 373 2589 373 3022 373 3047 373 2863 373 2741 373 2857 373 2807 373 2857 373 2741 373 2904 373 2741 373 2856 373 2904 373 2904 373 2856 373 2944 373 2342 432 2420 432 2241 432 2515 433 2420 433 2342 433 2420 434 2515 434 2587 434 2342 435 2240 435 2419 435 2856 373 2986 373 2944 373 2986 373 3020 373 2944 373 2419 436 2240 436 2239 436 2239 437 2418 437 2419 437 2419 438 2418 438 2586 438 2515 439 2419 439 2586 439 2240 440 2045 440 2239 440 3045 373 3020 373 2986 373 3045 373 3073 373 3020 373 3095 373 3073 373 3045 373 3115 373 3073 373 3095 373 3131 373 3115 373 3095 373 3145 373 3115 373 3131 373 3157 373 3145 373 3131 373 3157 373 3169 373 3145 373 3170 373 3169 373 3157 373 3169 373 3170 373 3158 373 3170 373 3116 373 3158 373 3116 373 3146 373 3158 373 2740 441 2741 441 2588 441 2588 442 2587 442 2740 442 2740 443 2587 443 2739 443 2739 444 2855 444 2740 444 2740 445 2855 445 2856 445 3146 373 3116 373 3096 373 2587 446 2588 446 2420 446 2587 447 2515 447 2671 447 2515 448 2586 448 2673 448 2515 449 2342 449 2419 449 2144 450 2239 450 2045 450 2144 451 2341 451 2239 451 2855 452 2943 452 2856 452 2856 453 2741 453 2740 453 2856 373 2943 373 2985 373 2985 373 2986 373 2856 373 1946 454 1749 454 1843 454 2418 455 2585 455 2586 455 2585 456 2738 456 2586 456 2144 457 2045 457 1843 457 2043 458 2144 458 1843 458 2142 459 2144 459 2043 459 2341 460 2418 460 2239 460 2341 461 2513 461 2418 461 2142 462 2341 462 2144 462 2142 463 2338 463 2341 463 2043 464 1943 464 2142 464 2043 465 1843 465 2044 465 2338 466 2513 466 2341 466 2338 467 2416 467 2513 467 2418 468 2513 468 2585 468 1945 469 2044 469 1843 469 2416 470 2583 470 2513 470 1843 471 2045 471 1946 471 2416 472 2336 472 2511 472 1574 473 1945 473 1843 473 2583 474 2585 474 2513 474 2585 475 2583 475 2736 475 2511 476 2583 476 2416 476 2583 477 2511 477 2668 477 1488 478 1403 478 1322 478 2673 479 2586 479 2738 479 2671 480 2739 480 2587 480 2738 481 2806 481 2673 481 2139 482 2338 482 2142 482 2739 483 2854 483 2855 483 2739 484 2671 484 2806 484 2855 485 2854 485 2941 485 2336 486 2510 486 2511 486 2667 487 2511 487 2510 487 2736 488 2738 488 2585 488 2738 489 2736 489 2853 489 2736 490 2583 490 2668 490 2736 491 2668 491 2805 491 2511 492 2667 492 2668 492 2667 493 2803 493 2668 493 2943 494 2855 494 2941 494 2941 495 3017 495 2943 495 3019 373 2943 373 3017 373 2985 373 2943 373 3019 373 2806 496 2738 496 2853 496 2853 497 2903 497 2806 497 2903 498 2854 498 2806 498 2854 499 2739 499 2806 499 2903 500 2942 500 2854 500 3017 373 3071 373 3019 373 2336 501 2337 501 2510 501 2941 502 2854 502 2942 502 2941 503 2942 503 3016 503 2736 504 2805 504 2853 504 2853 505 2805 505 2902 505 3094 373 3071 373 3017 373 2735 506 2667 506 2510 506 2735 507 2804 507 2667 507 2667 508 2804 508 2803 508 2805 509 2803 509 2804 509 3017 510 2941 510 3016 510 3016 511 3070 511 3017 511 2805 512 2668 512 2803 512 2805 513 2804 513 2901 513 2853 514 2902 514 2903 514 2902 515 2984 515 2903 515 2942 516 2903 516 2984 516 2984 517 3018 517 2942 517 3094 373 3017 373 3070 373 3070 373 3114 373 3094 373 3070 518 3016 518 3069 518 3069 519 3113 519 3070 519 3113 373 3129 373 3070 373 3144 373 3070 373 3129 373 3144 373 3130 373 3070 373 3016 520 3018 520 3069 520 3069 521 3018 521 3072 521 3069 522 3072 522 3108 522 2902 523 2805 523 2901 523 2983 524 2902 524 2901 524 2984 525 3044 525 3018 525 3016 526 2942 526 3018 526 3113 527 3069 527 3108 527 3113 528 3108 528 3107 528 3113 373 3107 373 3139 373 3143 373 3113 373 3139 373 2983 529 2901 529 2940 529 2983 530 2984 530 2902 530 2983 531 2940 531 3015 531 3044 532 2983 532 3015 532 3130 373 3114 373 3070 373 3129 373 3113 373 3143 373 3108 533 3072 533 3062 533 3062 534 3086 534 3108 534 3018 535 3044 535 3072 535 3044 536 3059 536 3072 536 2984 537 2983 537 3044 537 3044 538 3015 538 3059 538 3130 373 3144 373 3156 373 3168 373 3130 373 3156 373 3107 373 3124 373 3139 373 3181 373 3168 373 3156 373 3168 373 3181 373 3191 373 2852 539 2940 539 2901 539 2900 540 2940 540 2852 540 2940 541 2900 541 2982 541 2982 542 3015 542 2940 542 2982 543 3002 543 3015 543 3107 544 3108 544 3086 544 3107 545 3086 545 3061 545 2735 546 2852 546 2804 546 2852 547 2901 547 2804 547 2735 548 2802 548 2852 548 3059 549 3062 549 3072 549 3062 550 3059 550 3004 550 3062 551 3004 551 3037 551 3059 552 3015 552 3002 552 3086 553 3062 553 3037 553 3086 554 3037 554 3036 554 3061 373 3124 373 3107 373 3123 373 3124 373 3061 373 3181 373 3199 373 3191 373 3191 373 3199 373 3207 373 2802 555 2735 555 2666 555 2666 556 2801 556 2802 556 2801 557 2899 557 2802 557 2802 558 2899 558 2900 558 3106 373 3123 373 3061 373 3138 373 3123 373 3106 373 2852 559 2802 559 2900 559 2899 560 2924 560 2900 560 2899 561 2801 561 2835 561 2835 562 2924 562 2899 562 2924 563 2982 563 2900 563 2982 564 2924 564 2923 564 2834 565 2924 565 2835 565 2801 566 2778 566 2835 566 2708 567 2835 567 2778 567 2923 568 2924 568 2834 568 2882 569 2923 569 2834 569 2925 570 2923 570 2882 570 3002 571 2923 571 2925 571 3002 572 2982 572 2923 572 3004 573 3002 573 2925 573 3004 574 3059 574 3002 574 2925 575 2967 575 3004 575 3037 576 3004 576 2967 576 3037 577 2967 577 2966 577 3061 373 3060 373 3106 373 3061 578 3086 578 3036 578 3036 579 2964 579 3061 579 3036 580 3037 580 2966 580 3036 581 2966 581 2965 581 2708 582 2834 582 2835 582 2708 583 2777 583 2834 583 3106 373 3152 373 3138 373 3152 373 3164 373 3138 373 3177 373 3138 373 3164 373 3061 373 2964 373 3060 373 3035 373 3060 373 2964 373 2778 584 2634 584 2708 584 2556 585 2708 585 2634 585 3177 373 3164 373 3187 373 2882 586 2834 586 2777 586 2882 587 2777 587 2779 587 2836 588 2882 588 2779 588 2510 589 2666 589 2735 589 2882 590 2836 590 2925 590 2885 591 2925 591 2836 591 2925 592 2885 592 2967 592 2966 593 2967 593 2885 593 2884 594 2966 594 2885 594 3003 373 3035 373 2964 373 3206 373 3199 373 3181 373 2965 595 2966 595 2884 595 2883 596 2965 596 2884 596 2964 597 2965 597 2883 597 3187 373 3164 373 3196 373 3196 373 3203 373 3187 373 2964 598 3036 598 2965 598 2883 599 2886 599 2964 599 2777 600 2708 600 2556 600 2556 601 2707 601 2777 601 2783 602 2778 602 2801 602 2783 603 2638 603 2778 603 3196 373 3211 373 3203 373 3217 373 3203 373 3211 373 3217 373 3221 373 3203 373 3223 373 3221 373 3217 373 3221 373 3223 373 3225 373 3223 373 3219 373 3225 373 3214 373 3219 373 3223 373 3219 373 3214 373 3206 373 3212 373 3217 373 3211 373 3217 373 3212 373 3197 373 3197 373 3212 373 3204 373 3189 373 3197 373 3204 373 3189 373 3178 373 3197 373 3003 373 2964 373 2886 373 3005 373 3003 373 2886 373 2969 373 3005 373 2886 373 3038 373 3005 373 2969 373 3038 373 3063 373 3005 373 3063 373 3038 373 3087 373 3087 373 3109 373 3063 373 3109 373 3087 373 3125 373 3140 373 3109 373 3125 373 3153 373 3140 373 3125 373 3153 373 3125 373 3165 373 3165 373 3178 373 3153 373 3199 373 3206 373 3214 373 2969 373 2886 373 2927 373 2886 604 2883 604 2782 604 2837 605 2886 605 2782 605 3189 373 3153 373 3178 373 3188 373 3178 373 3165 373 3186 373 3178 373 3188 373 2836 606 2779 606 2709 606 2836 607 2781 607 2885 607 2781 608 2836 608 2709 608 2927 373 2886 373 2837 373 2837 373 2968 373 2927 373 2779 609 2777 609 2707 609 2635 610 2779 610 2707 610 2782 611 2883 611 2780 611 2782 612 2780 612 2637 612 2710 613 2782 613 2637 613 2780 614 2883 614 2884 614 2781 615 2780 615 2884 615 2781 616 2636 616 2780 616 2926 373 2968 373 2837 373 2781 617 2884 617 2885 617 2709 618 2636 618 2781 618 2782 619 2710 619 2837 619 2837 620 2710 620 2832 620 2709 621 2779 621 2635 621 2635 622 2557 622 2709 622 2801 623 2669 623 2783 623 2832 373 2926 373 2837 373 2832 373 2963 373 2926 373 3188 373 3195 373 3186 373 3195 373 3175 373 3186 373 3186 373 3175 373 3163 373 3200 373 3207 373 3199 373 3200 373 3208 373 3207 373 3200 373 3192 373 3208 373 3192 373 3200 373 3170 373 2555 624 2635 624 2707 624 2555 625 2476 625 2635 625 2556 626 2555 626 2707 626 2556 627 2388 627 2555 627 2474 628 2555 628 2388 628 2635 629 2476 629 2557 629 2475 630 2388 630 2556 630 2475 631 2294 631 2388 631 2294 632 2095 632 2388 632 2095 633 2474 633 2388 633 2474 634 2095 634 2293 634 2293 635 2387 635 2474 635 2476 636 2474 636 2387 636 2476 637 2555 637 2474 637 2295 638 2476 638 2387 638 2709 639 2557 639 2636 639 2095 640 2294 640 2096 640 2096 641 1895 641 2095 641 1894 642 2095 642 1895 642 2636 643 2637 643 2780 643 2557 644 2477 644 2636 644 2557 645 2476 645 2295 645 2636 646 2477 646 2637 646 2637 647 2477 647 2558 647 2097 648 2387 648 2293 648 2634 649 2475 649 2556 649 2478 650 2475 650 2634 650 2475 651 2478 651 2297 651 2297 652 2294 652 2475 652 2099 653 2294 653 2297 653 2832 654 2710 654 2705 654 2832 373 2922 373 2963 373 2706 655 2832 655 2705 655 2832 373 2706 373 2881 373 3001 373 2963 373 2922 373 3034 373 2963 373 3001 373 2557 656 2295 656 2477 656 2477 657 2295 657 2389 657 2558 658 2710 658 2637 658 2477 659 2389 659 2558 659 2389 660 2553 660 2558 660 2705 661 2558 661 2553 661 2832 373 2881 373 2922 373 2558 662 2705 662 2710 662 2553 663 2554 663 2705 663 3001 373 3058 373 3034 373 3085 373 3034 373 3058 373 2295 664 2387 664 2097 664 2295 665 2097 665 2199 665 2833 373 2881 373 2706 373 2096 666 2294 666 2099 666 2096 667 2099 667 1898 667 2706 668 2705 668 2554 668 2632 669 2706 669 2554 669 2706 373 2632 373 2776 373 3058 373 3105 373 3085 373 3122 373 3085 373 3105 373 2706 373 2776 373 2833 373 2293 670 2094 670 2097 670 2198 671 2094 671 2293 671 1894 672 2094 672 2198 672 1894 673 1896 673 2094 673 1896 674 2097 674 2094 674 1703 675 1896 675 1894 675 1703 676 1799 676 1896 676 1799 677 1998 677 1896 677 1897 678 1998 678 1799 678 1998 679 1897 679 2098 679 1998 680 2098 680 2199 680 1703 681 1894 681 1702 681 1702 682 1526 682 1703 682 1526 683 1527 683 1703 683 1703 684 1527 684 1799 684 1527 685 1704 685 1799 685 2097 686 1998 686 2199 686 1998 687 2097 687 1896 687 1897 688 1799 688 1704 688 1704 689 1798 689 1897 689 1897 690 1798 690 1997 690 1897 691 1997 691 2098 691 2098 692 1997 692 2197 692 2098 693 2197 693 2296 693 2197 694 1997 694 2092 694 2197 695 2092 695 2291 695 2386 696 2197 696 2291 696 2473 697 2197 697 2386 697 2473 698 2386 698 2553 698 2386 699 2291 699 2471 699 2554 700 2386 700 2471 700 2199 701 2098 701 2296 701 2199 702 2296 702 2389 702 2291 703 2092 703 2093 703 2292 704 2291 704 2093 704 2292 705 2471 705 2291 705 2472 706 2471 706 2292 706 2472 707 2632 707 2471 707 2472 708 2292 708 2385 708 2552 373 2472 373 2385 373 2472 373 2552 373 2633 373 2704 373 2472 373 2633 373 2196 709 2292 709 2093 709 1617 710 1704 710 1527 710 1526 711 1357 711 1527 711 1357 712 1447 712 1527 712 1997 713 1798 713 1892 713 1617 714 1798 714 1704 714 1700 715 1798 715 1617 715 2632 373 2831 373 2776 373 2704 373 2632 373 2472 373 2704 373 2775 373 2632 373 2552 373 2385 373 2631 373 2389 716 2473 716 2553 716 2553 717 2386 717 2554 717 2385 718 2292 718 2196 718 2385 719 2196 719 2290 719 2470 373 2385 373 2290 373 2551 373 2385 373 2470 373 1997 720 1892 720 2092 720 2092 721 1892 721 1893 721 2554 722 2471 722 2632 722 1893 723 2093 723 2092 723 1893 724 1996 724 2093 724 2385 373 2551 373 2631 373 2196 725 2093 725 1996 725 2091 726 2196 726 1996 726 2703 373 2631 373 2551 373 2631 373 2703 373 2774 373 2470 373 2290 373 2469 373 2774 373 2703 373 2830 373 2774 373 2830 373 2879 373 2290 727 2196 727 2091 727 2287 728 2290 728 2091 728 2469 373 2290 373 2287 373 2287 373 2550 373 2469 373 2091 729 1996 729 1891 729 1891 730 2089 730 2091 730 2879 373 2830 373 2920 373 2879 373 2920 373 2961 373 1798 731 1700 731 1892 731 1700 732 1701 732 1892 732 2550 373 2287 373 2549 373 2999 373 2961 373 2920 373 2999 373 3032 373 2961 373 1701 733 1893 733 1892 733 1701 734 1797 734 1893 734 1700 735 1525 735 1701 735 1701 736 1525 736 1616 736 2632 373 2775 373 2831 373 2287 737 2091 737 2089 737 2090 738 2287 738 2089 738 2287 373 2090 373 2289 373 2287 373 2289 373 2468 373 2549 373 2287 373 2468 373 2549 373 2468 373 2630 373 2549 373 2630 373 2702 373 1700 739 1617 739 1524 739 1996 740 1797 740 1891 740 1891 741 1797 741 1699 741 1890 742 1891 742 1699 742 1797 743 1996 743 1893 743 1616 744 1797 744 1701 744 1891 745 1890 745 2089 745 2089 746 1890 746 1889 746 1527 747 1447 747 1617 747 3032 373 2999 373 3056 373 3056 373 3083 373 3032 373 2880 373 2831 373 2775 373 2921 373 2831 373 2880 373 2880 373 2962 373 2921 373 3000 373 2921 373 2962 373 2702 373 2630 373 2773 373 2773 373 2829 373 2702 373 3083 373 3056 373 3103 373 3083 373 3103 373 3120 373 2962 373 3033 373 3000 373 3000 373 3033 373 3057 373 3103 373 3135 373 3120 373 2829 373 2773 373 2878 373 2919 373 2829 373 2878 373 3103 373 3121 373 3135 373 3135 373 3121 373 3084 373 3084 373 3121 373 3104 373 3104 373 3057 373 3084 373 3136 373 3104 373 3121 373 3121 373 3150 373 3136 373 3162 373 3136 373 3150 373 3162 373 3150 373 3174 373 3185 373 3162 373 3174 373 3185 373 3176 373 3162 373 3084 373 3057 373 3033 373 3176 373 3185 373 3163 373 3163 373 3137 373 3176 373 3163 373 3151 373 3137 373 3137 373 3151 373 3122 373 3122 373 3105 373 3137 373 2295 748 2199 748 2389 748 3151 373 3163 373 3175 373 3056 373 2999 373 3082 373 3056 373 3082 373 3081 373 1895 749 2096 749 1898 749 1895 750 1702 750 1894 750 1895 751 1898 751 1705 751 1702 752 1895 752 1705 752 1705 753 1528 753 1702 753 3082 373 3102 373 3081 373 3055 373 3081 373 3102 373 3055 373 3031 373 3081 373 1447 754 1524 754 1617 754 1526 755 1702 755 1528 755 1526 756 1358 756 1357 756 1526 757 1528 757 1358 757 1525 758 1446 758 1616 758 1525 759 1700 759 1524 759 1525 760 1524 760 1355 760 2289 373 2090 373 2195 373 1356 761 1524 761 1447 761 2960 373 2919 373 2878 373 2998 373 2919 373 2960 373 2960 373 3031 373 2998 373 2090 762 2089 762 1889 762 1889 763 1995 763 2090 763 1446 764 1523 764 1616 764 1699 765 1616 765 1523 765 1356 766 1447 766 1189 766 1356 767 1189 767 1188 767 1355 768 1356 768 1188 768 1889 769 1890 769 1697 769 1889 770 1697 770 1796 770 1699 771 1797 771 1616 771 1699 772 1698 772 1890 772 1523 773 1698 773 1699 773 1357 774 1358 774 1190 774 1357 775 1189 775 1447 775 1357 776 1190 776 1189 776 2634 777 2638 777 2478 777 1995 373 2195 373 2090 373 2195 373 1995 373 2288 373 3031 373 3055 373 2998 373 3054 373 3031 373 2960 373 3031 373 3054 373 3030 373 1446 778 1525 778 1355 778 1281 779 1446 779 1355 779 1354 780 1446 780 1281 780 1281 781 1187 781 1354 781 1186 782 1354 782 1187 782 1354 783 1186 783 1353 783 1523 784 1354 784 1353 784 1446 785 1354 785 1523 785 1186 786 1187 786 1021 786 1021 787 1105 787 1186 787 1186 788 1105 788 1279 788 1281 789 1106 789 1187 789 1106 790 1281 790 1188 790 1106 791 1188 791 1023 791 1106 792 1023 792 880 792 880 793 1022 793 1106 793 1022 794 1187 794 1106 794 1355 795 1188 795 1281 795 1523 796 1353 796 1522 796 1186 797 1279 797 1353 797 1353 798 1279 798 1445 798 1022 799 880 799 879 799 879 800 1021 800 1022 800 1522 801 1698 801 1523 801 1522 802 1697 802 1698 802 1353 803 1445 803 1522 803 1615 804 1522 804 1445 804 1522 805 1615 805 1697 805 1445 806 1614 806 1615 806 1795 807 1615 807 1614 807 1795 808 1796 808 1615 808 1796 809 1697 809 1615 809 1995 810 1796 810 1795 810 1794 811 1795 811 1614 811 1994 812 1795 812 1794 812 1995 813 1889 813 1796 813 1995 814 1795 814 1994 814 1995 373 1994 373 2194 373 2194 373 2286 373 1995 373 1995 373 2286 373 2384 373 1994 815 1794 815 1993 815 1994 373 1993 373 2193 373 2193 373 2194 373 1994 373 2467 373 2384 373 2286 373 2384 373 2467 373 2548 373 2288 373 1995 373 2384 373 2282 373 2193 373 1993 373 1445 816 1279 816 1444 816 2548 373 2467 373 2629 373 2629 373 2701 373 2548 373 1890 817 1698 817 1697 817 1445 818 1444 818 1614 818 1614 819 1444 819 1613 819 1279 820 1105 820 1280 820 1105 821 1021 821 955 821 955 822 1185 822 1105 822 879 823 955 823 1021 823 1022 824 1021 824 1187 824 1794 825 1614 825 1613 825 1613 826 1793 826 1794 826 1356 827 1355 827 1524 827 1993 373 2189 373 2282 373 1993 828 1794 828 1793 828 1993 373 1990 373 2189 373 1990 829 1993 829 1793 829 1990 373 2281 373 2189 373 1793 830 1613 830 1611 830 1611 831 1790 831 1793 831 1990 832 1793 832 1790 832 1990 833 1790 833 1991 833 2190 373 1990 373 1991 373 2190 373 2283 373 1990 373 1990 373 2283 373 2382 373 1280 834 1444 834 1279 834 1443 835 1444 835 1280 835 2382 373 2281 373 1990 373 2281 373 2382 373 2464 373 1105 836 1185 836 1280 836 1280 837 1185 837 1278 837 2464 373 2382 373 2546 373 2464 373 2546 373 2627 373 1443 838 1611 838 1613 838 1611 839 1443 839 1441 839 1611 840 1441 840 1609 840 1790 841 1611 841 1609 841 1790 842 1609 842 1792 842 1443 843 1613 843 1444 843 1443 844 1280 844 1278 844 2627 373 2546 373 2699 373 2770 373 2627 373 2699 373 2770 373 2825 373 2627 373 1185 845 1104 845 1278 845 1278 846 1104 846 1276 846 1278 847 1276 847 1441 847 1991 848 1790 848 1792 848 1792 849 1992 849 1991 849 1992 373 2191 373 1991 373 955 850 1104 850 1185 850 955 851 879 851 808 851 955 852 808 852 954 852 2190 373 1991 373 2191 373 2874 373 2825 373 2770 373 740 853 808 853 879 853 740 854 667 854 808 854 877 855 808 855 667 855 2191 373 1992 373 2284 373 2770 373 2915 373 2874 373 2956 373 2874 373 2915 373 2772 373 2701 373 2629 373 2828 373 2701 373 2772 373 955 856 954 856 1104 856 954 857 1103 857 1104 857 1441 858 1276 858 1439 858 1441 859 1443 859 1278 859 1609 860 1441 860 1439 860 1439 861 1696 861 1609 861 1792 862 1609 862 1696 862 1792 863 1696 863 1888 863 2915 373 2995 373 2956 373 2959 373 2995 373 2915 373 2877 373 2995 373 2959 373 2918 373 2877 373 2959 373 2918 373 2828 373 2877 373 2877 373 2828 373 2772 373 2959 373 2997 373 2918 373 2997 373 2959 373 3030 373 2997 373 3030 373 3053 373 3030 373 3054 373 3053 373 2955 864 2915 864 2770 864 1023 865 1188 865 1189 865 1023 866 1189 866 1024 866 1024 867 881 867 1023 867 880 868 1023 868 881 868 741 869 880 869 881 869 741 870 740 870 880 870 1104 871 1103 871 1276 871 877 872 667 872 806 872 877 873 954 873 808 873 951 874 954 874 877 874 877 875 806 875 951 875 2826 373 2770 373 2699 373 2875 373 2826 373 2699 373 2875 373 2916 373 2826 373 2957 373 2826 373 2916 373 740 876 879 876 880 876 740 877 741 877 608 877 1992 878 1792 878 1888 878 1992 373 2192 373 2284 373 2088 879 1992 879 1888 879 1276 880 1103 880 1274 880 1992 373 2088 373 2192 373 2088 373 2285 373 2192 373 951 881 1103 881 954 881 1101 882 1103 882 951 882 806 883 950 883 951 883 667 884 666 884 806 884 807 885 806 885 666 885 1888 886 1696 886 1887 886 2027 887 1888 887 1887 887 1439 888 1791 888 1696 888 2383 373 2285 373 2088 373 2465 373 2285 373 2383 373 2465 373 2547 373 2285 373 2628 373 2547 373 2465 373 2700 373 2547 373 2628 373 2700 373 2628 373 2771 373 2827 373 2700 373 2771 373 2771 373 2876 373 2827 373 2917 373 2827 373 2876 373 2917 373 2876 373 2958 373 2917 373 2958 373 2957 373 2957 373 2996 373 2917 373 1274 889 1439 889 1276 889 1439 890 1274 890 1519 890 1103 891 1101 891 1274 891 1101 892 1275 892 1274 892 2027 893 2088 893 1888 893 2225 894 2088 894 2027 894 1190 895 1024 895 1189 895 1107 896 1024 896 1190 896 1107 897 956 897 1024 897 2088 373 2466 373 2383 373 1101 898 951 898 950 898 1101 899 1102 899 1275 899 950 900 1102 900 1101 900 950 901 806 901 807 901 807 902 953 902 950 902 1102 903 950 903 953 903 1102 904 953 904 1020 904 1020 905 1184 905 1102 905 1102 906 1184 906 1277 906 878 907 953 907 807 907 1274 908 1608 908 1519 908 1608 909 1275 909 1519 909 1519 910 1275 910 1440 910 807 911 739 911 878 911 739 912 952 912 878 912 1019 913 878 913 952 913 878 914 1019 914 1020 914 1887 915 1696 915 1791 915 1887 916 1643 916 2027 916 1887 917 1791 917 1823 917 1643 918 2124 918 2027 918 1275 919 1102 919 1277 919 2466 373 2088 373 2326 373 2407 373 2466 373 2326 373 2124 920 2225 920 2027 920 2126 921 2124 921 1643 921 2229 373 2407 373 2326 373 1020 922 953 922 878 922 2326 373 1931 373 2229 373 2229 373 1931 373 2128 373 2030 923 2126 923 1643 923 1440 924 1275 924 1277 924 1520 925 1440 925 1277 925 1929 926 2030 926 1643 926 1823 927 1791 927 2028 927 2028 928 1928 928 1823 928 1823 929 1928 929 1732 929 1643 930 1823 930 1732 930 1929 931 1643 931 1824 931 1643 932 1887 932 1823 932 1732 933 1469 933 1643 933 1643 934 1469 934 1554 934 1733 935 1643 935 1554 935 1643 936 1733 936 1824 936 1184 937 1352 937 1277 937 1931 373 2032 373 2128 373 2032 373 2228 373 2128 373 2228 373 2325 373 2128 373 1469 938 1386 938 1554 938 2228 373 2406 373 2325 373 2325 373 2406 373 2503 373 1931 373 1826 373 2032 373 952 939 739 939 949 939 2503 373 2406 373 2576 373 2658 373 2503 373 2576 373 1645 373 1826 373 1931 373 1735 373 1826 373 1645 373 666 940 667 940 550 940 666 941 739 941 807 941 666 942 550 942 549 942 666 943 549 943 739 943 549 944 738 944 739 944 739 945 738 945 876 945 667 946 608 946 550 946 550 947 608 947 505 947 550 948 505 948 422 948 876 949 949 949 739 949 549 950 550 950 422 950 504 951 549 951 422 951 549 952 504 952 607 952 607 953 665 953 549 953 608 954 741 954 609 954 608 955 667 955 740 955 738 956 549 956 665 956 741 957 881 957 742 957 1442 958 1352 958 1184 958 609 959 505 959 608 959 505 960 609 960 551 960 551 961 460 961 505 961 459 962 504 962 422 962 460 963 422 963 505 963 460 964 352 964 422 964 322 965 422 965 352 965 741 966 742 966 609 966 668 967 609 967 742 967 422 968 322 968 459 968 881 969 956 969 742 969 882 970 742 970 956 970 882 971 809 971 742 971 1521 972 1352 972 1442 972 1928 973 2029 973 1732 973 1520 974 1277 974 1610 974 2029 975 2123 975 1732 975 2026 976 1732 976 2123 976 1732 977 2026 977 1927 977 1927 978 1731 978 1732 978 1469 979 1210 979 1386 979 1300 980 1386 980 1210 980 2658 373 2576 373 2729 373 2658 373 2729 373 2795 373 322 981 352 981 323 981 322 982 323 982 262 982 262 983 323 983 292 983 292 984 177 984 262 984 234 985 262 985 177 985 262 986 234 986 291 986 290 987 291 987 234 987 355 988 291 988 290 988 291 989 355 989 390 989 390 990 355 990 364 990 390 991 364 991 401 991 401 992 433 992 390 992 475 993 390 993 433 993 390 994 475 994 568 994 390 995 568 995 626 995 691 996 626 996 568 996 354 997 355 997 290 997 568 998 475 998 625 998 625 999 690 999 568 999 568 1000 690 1000 760 1000 760 1001 830 1001 568 1001 760 1002 690 1002 830 1002 830 1003 761 1003 568 1003 691 1004 568 1004 761 1004 691 1005 761 1005 831 1005 400 1006 475 1006 433 1006 518 1007 475 1007 400 1007 475 1008 518 1008 566 1008 518 1009 623 1009 566 1009 566 1010 623 1010 687 1010 756 1011 687 1011 623 1011 687 1012 756 1012 824 1012 433 1013 331 1013 400 1013 331 1014 330 1014 400 1014 432 1015 400 1015 330 1015 432 1016 474 1016 400 1016 474 1017 517 1017 400 1017 474 1018 516 1018 517 1018 517 1019 516 1019 622 1019 364 1020 355 1020 354 1020 364 1021 331 1021 401 1021 354 1022 332 1022 364 1022 332 1023 296 1023 364 1023 516 1024 621 1024 622 1024 622 1025 621 1025 755 1025 331 1026 433 1026 401 1026 296 1027 331 1027 364 1027 331 1028 296 1028 239 1028 354 1029 290 1029 321 1029 261 1030 321 1030 290 1030 332 1031 321 1031 261 1031 296 1032 332 1032 261 1032 321 1033 332 1033 354 1033 1442 1034 1612 1034 1521 1034 755 1035 621 1035 754 1035 754 1036 893 1036 755 1036 623 1037 825 1037 756 1037 686 1038 623 1038 518 1038 623 1039 894 1039 825 1039 2029 1040 1928 1040 2125 1040 1928 1041 2226 1041 2125 1041 2323 1042 2226 1042 1928 1042 2405 1043 2226 1043 2323 1043 1731 1044 1469 1044 1732 1044 400 1045 567 1045 518 1045 567 1046 624 1046 518 1046 624 1047 689 1047 518 1047 518 1048 689 1048 759 1048 829 1049 759 1049 689 1049 829 1050 897 1050 759 1050 829 1051 970 1051 897 1051 897 1052 970 1052 1040 1052 1042 1053 897 1053 1040 1053 897 1054 1042 1054 971 1054 1042 1055 1125 1055 971 1055 1125 1056 1042 1056 1213 1056 1301 1057 1125 1057 1213 1057 1211 1058 1042 1058 1040 1058 1211 1059 1213 1059 1042 1059 971 1060 759 1060 897 1060 1041 1061 759 1061 971 1061 1041 1062 971 1062 1124 1062 1041 1063 1124 1063 1212 1063 970 1064 1123 1064 1040 1064 969 1065 970 1065 829 1065 969 1066 1122 1066 970 1066 1209 1067 1122 1067 969 1067 1209 373 1298 373 1122 373 1298 373 1299 373 1122 373 1122 373 1299 373 1123 373 829 1068 828 1068 969 1068 828 1069 968 1069 969 1069 1121 1070 969 1070 968 1070 1121 1071 1209 1071 969 1071 1040 1072 1123 1072 1210 1072 1299 373 1385 373 1123 373 970 1073 1122 1073 1123 1073 1123 373 1385 373 1300 373 1298 373 1209 373 1121 373 1298 373 1121 373 1297 373 968 1074 1039 1074 1121 1074 1208 1075 1121 1075 1039 1075 828 1076 896 1076 968 1076 828 1077 829 1077 689 1077 689 1078 758 1078 828 1078 1211 1079 1040 1079 1210 1079 1642 1080 1469 1080 1731 1080 1553 1081 1210 1081 1469 1081 624 1082 758 1082 689 1082 1300 1083 1210 1083 1123 1083 1300 373 1385 373 1470 373 1300 373 1470 373 1556 373 1645 373 1300 373 1556 373 1121 373 1208 373 1297 373 1208 373 1384 373 1297 373 1039 1084 1296 1084 1208 1084 968 1085 896 1085 1039 1085 896 1086 1038 1086 1039 1086 1038 1087 1207 1087 1039 1087 758 1088 896 1088 828 1088 758 1089 967 1089 896 1089 1208 373 1296 373 1384 373 1468 373 1384 373 1296 373 1384 373 1468 373 1552 373 1296 1090 1039 1090 1207 1090 1207 1091 1381 1091 1296 1091 1206 1092 1207 1092 1038 1092 967 1093 1038 1093 896 1093 1038 1094 967 1094 1120 1094 757 1095 967 1095 758 1095 757 1096 1119 1096 967 1096 1470 373 1385 373 1555 373 1555 373 1644 373 1470 373 1556 373 1735 373 1645 373 1381 1097 1468 1097 1296 1097 1551 1098 1468 1098 1381 1098 1641 1099 1468 1099 1551 1099 1381 1100 1207 1100 1206 1100 1206 1101 1382 1101 1381 1101 1641 373 1552 373 1468 373 1730 373 1552 373 1641 373 1641 373 1724 373 1730 373 1724 373 1926 373 1730 373 2021 373 1926 373 1724 373 1551 1102 1381 1102 1382 1102 1551 1103 1724 1103 1641 1103 1548 1104 1551 1104 1382 1104 1295 1105 1382 1105 1206 1105 1295 1106 1206 1106 1120 1106 1383 1107 1295 1107 1120 1107 1037 1108 1119 1108 757 1108 966 1109 1037 1109 757 1109 757 1110 895 1110 966 1110 1036 1111 966 1111 895 1111 1118 1112 966 1112 1036 1112 1118 1113 1204 1113 966 1113 1204 1114 1118 1114 1292 1114 1292 1115 1118 1115 1377 1115 1377 1116 1382 1116 1292 1116 757 1117 826 1117 895 1117 895 1118 826 1118 965 1118 1206 1119 1038 1119 1120 1119 1724 373 1921 373 2021 373 1921 373 2122 373 2021 373 1548 1120 1724 1120 1551 1120 1729 1121 1724 1121 1548 1121 1382 1122 1377 1122 1548 1122 1377 1123 1467 1123 1548 1123 1548 1124 1467 1124 1640 1124 1377 1125 1118 1125 1294 1125 1118 1126 1036 1126 1205 1126 893 1127 754 1127 892 1127 2224 373 2122 373 1921 373 2322 373 2122 373 2224 373 892 1128 754 1128 823 1128 823 1129 754 1129 685 1129 891 1130 823 1130 685 1130 2224 373 2324 373 2322 373 757 1131 688 1131 826 1131 822 1132 891 1132 685 1132 822 1133 890 1133 891 1133 2227 373 2324 373 2224 373 2127 373 2324 373 2227 373 1729 1134 1548 1134 1640 1134 1640 1135 1822 1135 1729 1135 1822 373 1925 373 1729 373 1921 373 1729 373 1925 373 624 1136 688 1136 757 1136 827 1137 624 1137 757 1137 1637 1138 1640 1138 1467 1138 1821 1139 1640 1139 1637 1139 1467 1140 1377 1140 1294 1140 1467 1141 1294 1141 1466 1141 1205 1142 1294 1142 1118 1142 1380 1143 1294 1143 1205 1143 1036 1144 1293 1144 1205 1144 1036 1145 1378 1145 1293 1145 1378 1146 1036 1146 1465 1146 1205 1147 1293 1147 1379 1147 2031 373 2127 373 2227 373 1930 373 2127 373 2031 373 1825 373 1930 373 2031 373 1734 373 1930 373 1825 373 1644 373 1734 373 1825 373 1555 373 1734 373 1644 373 1469 1148 1642 1148 1553 1148 2794 373 2795 373 2729 373 2502 373 2227 373 2224 373 2575 373 2227 373 2502 373 2575 373 2502 373 2657 373 2657 373 2502 373 2728 373 2728 373 2794 373 2657 373 567 1149 688 1149 624 1149 1724 373 1729 373 1921 373 2728 373 2795 373 2794 373 2893 373 2795 373 2728 373 2728 373 2936 373 2893 373 2893 373 2936 373 2978 373 331 1150 239 1150 330 1150 2978 373 2936 373 2958 373 516 1151 565 1151 621 1151 621 1152 565 1152 685 1152 1379 1153 1380 1153 1205 1153 890 1154 822 1154 681 1154 890 1155 681 1155 964 1155 685 1156 754 1156 621 1156 685 1157 565 1157 620 1157 685 1158 683 1158 822 1158 685 1159 620 1159 683 1159 516 1160 432 1160 565 1160 1822 373 2025 373 1925 373 1822 1161 1640 1161 1821 1161 1821 1162 2023 1162 1822 1162 1637 1163 1924 1163 1821 1163 1924 1164 2024 1164 1821 1164 1466 1165 1637 1165 1467 1165 1466 1166 1726 1166 1637 1166 1637 1167 1726 1167 1820 1167 1923 1168 1637 1168 1820 1168 2022 1169 1637 1169 1923 1169 1466 1170 1294 1170 1380 1170 1550 1171 1466 1171 1380 1171 1550 1172 1638 1172 1466 1172 1638 1173 1727 1173 1466 1173 1380 1174 1379 1174 1549 1174 1636 1175 1380 1175 1549 1175 1725 1176 1380 1176 1636 1176 1380 1177 1725 1177 1818 1177 1380 1178 1818 1178 1728 1178 1380 1179 1728 1179 1639 1179 681 1180 822 1180 683 1180 681 1181 683 1181 564 1181 564 1182 618 1182 681 1182 681 1183 618 1183 751 1183 681 1184 751 1184 821 1184 618 1185 820 1185 751 1185 683 1186 620 1186 619 1186 432 1187 620 1187 565 1187 620 1188 432 1188 684 1188 618 1189 564 1189 515 1189 680 1190 618 1190 515 1190 515 1191 617 1191 680 1191 515 1192 563 1192 617 1192 617 1193 563 1193 679 1193 750 1194 679 1194 563 1194 1725 1195 1636 1195 1819 1195 1636 1196 1922 1196 1819 1196 819 1197 750 1197 563 1197 750 1198 819 1198 889 1198 750 1199 889 1199 963 1199 1035 1200 963 1200 889 1200 963 1201 1035 1201 1117 1201 1035 1202 1202 1202 1117 1202 473 1203 563 1203 515 1203 1639 1204 1550 1204 1380 1204 1727 1205 1726 1205 1466 1205 889 1206 819 1206 962 1206 889 1207 962 1207 1034 1207 889 1208 1034 1208 1116 1208 2022 1209 1924 1209 1637 1209 2024 1210 2023 1210 1821 1210 2025 1211 1822 1211 2023 1211 683 1212 619 1212 564 1212 619 1213 399 1213 564 1213 1116 1214 1035 1214 889 1214 1203 1215 1035 1215 1116 1215 1202 1216 1035 1216 1203 1216 1376 1217 1202 1217 1203 1217 1202 1218 1376 1218 1463 1218 1463 1219 1547 1219 1202 1219 1634 1220 1547 1220 1463 1220 1722 1221 1634 1221 1463 1221 1634 1222 1722 1222 1817 1222 1920 1223 1817 1223 1722 1223 1547 1224 1635 1224 1202 1224 1202 1225 1635 1225 1723 1225 399 1226 473 1226 515 1226 430 1227 473 1227 399 1227 330 1228 239 1228 295 1228 684 1229 619 1229 620 1229 432 1230 516 1230 474 1230 399 1231 515 1231 564 1231 682 1232 399 1232 619 1232 619 1233 753 1233 682 1233 682 1234 752 1234 399 1234 399 1235 363 1235 430 1235 430 1236 363 1236 431 1236 431 1237 514 1237 430 1237 431 1238 560 1238 514 1238 560 1239 616 1239 514 1239 513 1240 560 1240 431 1240 561 1241 560 1241 513 1241 560 1242 561 1242 678 1242 677 1243 560 1243 678 1243 560 1244 677 1244 818 1244 562 1245 430 1245 514 1245 267 1246 295 1246 239 1246 295 1247 267 1247 329 1247 363 1248 295 1248 329 1248 431 1249 363 1249 398 1249 431 1250 398 1250 429 1250 561 1251 558 1251 678 1251 363 1252 399 1252 295 1252 429 1253 513 1253 431 1253 472 1254 513 1254 429 1254 429 1255 398 1255 362 1255 472 1256 561 1256 513 1256 472 1257 429 1257 362 1257 362 1258 471 1258 472 1258 558 1259 472 1259 471 1259 558 1260 561 1260 472 1260 558 1261 677 1261 678 1261 558 1262 556 1262 677 1262 556 1263 676 1263 677 1263 556 1264 615 1264 676 1264 676 1265 615 1265 749 1265 817 1266 676 1266 749 1266 471 1267 556 1267 558 1267 471 1268 511 1268 556 1268 511 1269 615 1269 556 1269 615 1270 511 1270 675 1270 1203 1271 1464 1271 1376 1271 329 1272 398 1272 363 1272 362 1273 398 1273 329 1273 362 1274 329 1274 267 1274 362 1275 267 1275 361 1275 361 1276 427 1276 362 1276 362 1277 427 1277 471 1277 817 1278 749 1278 888 1278 888 1279 961 1279 817 1279 961 1280 1033 1280 817 1280 1114 1281 1033 1281 961 1281 1033 1282 1115 1282 817 1282 511 1283 471 1283 427 1283 557 1284 511 1284 427 1284 557 1285 427 1285 555 1285 557 1286 555 1286 673 1286 615 1287 557 1287 673 1287 749 1288 615 1288 673 1288 816 1289 749 1289 673 1289 673 1290 555 1290 674 1290 888 1291 1032 1291 961 1291 888 1292 749 1292 816 1292 1031 1293 888 1293 816 1293 1031 1294 1113 1294 888 1294 673 1295 674 1295 816 1295 887 1296 816 1296 674 1296 1113 1297 1031 1297 1199 1297 1200 1298 1113 1298 1199 1298 1200 1299 1032 1299 1113 1299 1032 1300 888 1300 1113 1300 1200 1301 1201 1301 1032 1301 1201 1302 1114 1302 1032 1302 1374 1303 1200 1303 1199 1303 1462 1304 1200 1304 1374 1304 1200 1305 1462 1305 1375 1305 1291 1306 1199 1306 1031 1306 1372 1307 1199 1307 1291 1307 1372 1308 1458 1308 1199 1308 1374 1309 1199 1309 1458 1309 1546 1310 1374 1310 1458 1310 1629 1311 1546 1311 1458 1311 1462 1312 1546 1312 1629 1312 1629 1313 1458 1313 1543 1313 1543 1314 1720 1314 1629 1314 1458 1315 1372 1315 1543 1315 1543 1316 1372 1316 1459 1316 1631 1317 1543 1317 1459 1317 1720 1318 1543 1318 1631 1318 1814 1319 1720 1319 1631 1319 1630 1320 1631 1320 1459 1320 1813 1321 1631 1321 1630 1321 1462 1322 1374 1322 1546 1322 1462 1323 1629 1323 1720 1323 1462 1324 1720 1324 1816 1324 1919 1325 1816 1325 1720 1325 1919 1326 2020 1326 1816 1326 1375 1327 1201 1327 1200 1327 1461 1328 1630 1328 1459 1328 1633 1329 1630 1329 1461 1329 1812 1330 1630 1330 1633 1330 1630 1331 1812 1331 1916 1331 1291 1332 1031 1332 1373 1332 1291 1333 1459 1333 1372 1333 1461 1334 1291 1334 1373 1334 1114 1335 961 1335 1032 1335 1459 1336 1291 1336 1461 1336 1461 1337 1373 1337 1545 1337 1461 1338 1545 1338 1633 1338 1373 1339 1031 1339 1460 1339 1460 1340 1544 1340 1373 1340 1544 1341 1632 1341 1373 1341 1544 1342 1721 1342 1632 1342 1815 1343 1632 1343 1721 1343 1721 1344 1918 1344 1815 1344 1721 1345 2019 1345 1918 1345 1721 1346 2012 1346 2019 1346 1812 1347 1633 1347 1917 1347 1633 1348 2015 1348 1917 1348 2016 1349 1812 1349 1917 1349 2121 1350 1812 1350 2016 1350 1812 1351 2121 1351 2221 1351 2221 1352 2220 1352 1812 1352 2220 1353 2012 1353 1812 1353 1812 1354 2012 1354 2014 1354 1721 1355 1915 1355 2012 1355 2118 1356 2012 1356 1915 1356 1814 1357 1631 1357 1813 1357 2017 1358 1814 1358 1813 1358 1813 1359 1630 1359 1916 1359 1916 1360 2018 1360 1813 1360 2014 1361 1916 1361 1812 1361 1916 1362 2014 1362 2120 1362 2118 1363 2014 1363 2012 1363 2317 1364 2014 1364 2118 1364 2014 1365 2317 1365 2219 1365 2118 1366 1915 1366 2218 1366 2118 1367 2218 1367 2318 1367 2402 1368 2118 1368 2318 1368 2499 1369 2118 1369 2402 1369 2572 1370 2118 1370 2499 1370 555 1371 614 1371 674 1371 555 1372 510 1372 614 1372 559 1373 614 1373 510 1373 555 1374 427 1374 510 1374 428 1375 510 1375 427 1375 428 1376 512 1376 510 1376 1915 1377 1721 1377 1541 1377 1915 1378 2119 1378 2218 1378 1915 1379 2013 1379 2119 1379 1915 1380 1541 1380 2013 1380 1721 1381 1544 1381 1541 1381 1544 1382 1627 1382 1541 1382 1627 1383 1456 1383 1541 1383 1289 1384 1541 1384 1456 1384 1368 1385 1289 1385 1456 1385 1289 1386 1368 1386 960 1386 1289 1387 960 1387 1198 1387 1369 1388 1289 1388 1198 1388 1289 1389 1626 1389 1541 1389 1718 1390 1541 1390 1626 1390 1198 1391 960 1391 1112 1391 1112 1392 1290 1392 1198 1392 1198 1393 1290 1393 1371 1393 1198 1394 1371 1394 1457 1394 1198 1395 1457 1395 1542 1395 1198 1396 1542 1396 1628 1396 1628 1397 1719 1397 1198 1397 1544 1398 1460 1398 1627 1398 1290 1399 1112 1399 1370 1399 361 1400 267 1400 328 1400 361 1401 428 1401 427 1401 397 1402 361 1402 328 1402 397 1403 428 1403 361 1403 428 1404 397 1404 468 1404 2317 1405 2403 1405 2219 1405 2403 1406 2317 1406 2495 1406 2214 1407 2495 1407 2317 1407 2315 1408 2214 1408 2317 1408 2214 1409 2315 1409 2008 1409 2008 1410 2315 1410 2215 1410 2215 1411 2009 1411 2008 1411 2008 1412 2009 1412 1810 1412 1912 1413 2008 1413 1810 1413 2114 1414 2008 1414 1912 1414 1912 1415 1810 1415 1716 1415 1911 1416 1912 1416 1716 1416 1912 1417 1911 1417 2113 1417 2114 1418 2214 1418 2008 1418 2314 1419 2214 1419 2114 1419 2214 1420 2314 1420 2399 1420 1716 1421 1809 1421 1911 1421 1911 1422 1809 1422 1910 1422 1910 1423 2112 1423 1911 1423 2113 1424 2114 1424 1912 1424 2113 1425 2313 1425 2114 1425 2398 1426 2114 1426 2313 1426 2114 1427 2398 1427 2314 1427 2496 1428 2314 1428 2398 1428 2314 1429 2496 1429 2494 1429 2494 1430 2399 1430 2314 1430 2494 1431 2403 1431 2495 1431 2494 1432 2496 1432 2655 1432 2500 1433 2494 1433 2655 1433 2495 1434 2399 1434 2494 1434 2399 1435 2495 1435 2214 1435 2655 1436 2573 1436 2500 1436 2404 1437 2500 1437 2573 1437 2500 1438 2404 1438 2319 1438 2403 1439 2500 1439 2319 1439 2496 1440 2398 1440 2570 1440 2500 1441 2403 1441 2494 1441 2570 1442 2655 1442 2496 1442 2570 1443 2725 1443 2655 1443 2404 1444 2223 1444 2319 1444 2319 1445 2219 1445 2403 1445 2120 1446 2319 1446 2223 1446 2574 1447 2404 1447 2573 1447 2501 1448 2404 1448 2574 1448 2501 1449 2321 1449 2404 1449 2573 1450 2655 1450 2725 1450 2792 1451 2573 1451 2725 1451 2727 1452 2573 1452 2792 1452 2321 1453 2223 1453 2404 1453 2321 1454 2018 1454 2223 1454 2573 1455 2727 1455 2574 1455 2793 1456 2574 1456 2727 1456 2570 1457 2398 1457 2493 1457 2570 1458 2493 1458 2652 1458 2723 1459 2570 1459 2652 1459 2018 1460 2120 1460 2223 1460 2120 1461 2018 1461 1916 1461 2120 1462 2219 1462 2319 1462 2219 1463 2120 1463 2014 1463 2018 1464 2017 1464 1813 1464 2222 1465 2018 1465 2321 1465 2222 1466 2017 1466 2018 1466 2222 1467 2320 1467 2017 1467 2654 1468 2652 1468 2493 1468 2118 1469 2315 1469 2317 1469 2493 1470 2398 1470 2313 1470 2313 1471 2571 1471 2493 1471 2313 1472 2113 1472 2112 1472 2493 1473 2571 1473 2654 1473 2653 1474 2571 1474 2313 1474 2724 1475 2571 1475 2653 1475 2112 1476 2113 1476 1911 1476 2656 1477 2118 1477 2572 1477 2726 1478 2118 1478 2656 1478 960 1479 1030 1479 1112 1479 2213 1480 2112 1480 1910 1480 2213 1481 2312 1481 2112 1481 2112 1482 2312 1482 2397 1482 2397 1483 2492 1483 2112 1483 2112 1484 2492 1484 2569 1484 2568 1485 2492 1485 2397 1485 2650 1486 2492 1486 2568 1486 2568 1487 2721 1487 2650 1487 2397 1488 2651 1488 2568 1488 2568 1489 2651 1489 2722 1489 2312 1490 2213 1490 2396 1490 2396 1491 2491 1491 2312 1491 2721 1492 2568 1492 2722 1492 2722 1493 2846 1493 2721 1493 2491 1494 2397 1494 2312 1494 2397 1495 2491 1495 2567 1495 2396 1496 2566 1496 2491 1496 2566 1497 2648 1497 2491 1497 2491 1498 2648 1498 2649 1498 2649 1499 2567 1499 2491 1499 2720 1500 2567 1500 2649 1500 2722 1501 2567 1501 2720 1501 2814 1502 2722 1502 2720 1502 2813 1503 2722 1503 2814 1503 2813 1504 2846 1504 2722 1504 2861 1505 2846 1505 2813 1505 2791 1506 2649 1506 2648 1506 2749 1507 2649 1507 2791 1507 2649 1508 2749 1508 2720 1508 2814 1509 2720 1509 2749 1509 2814 1510 2749 1510 2681 1510 2681 1511 2813 1511 2814 1511 2813 1512 2681 1512 2679 1512 2813 1513 2679 1513 2861 1513 2812 1514 2861 1514 2679 1514 2648 1515 2566 1515 2719 1515 2648 1516 2719 1516 2432 1516 2648 1517 2432 1517 2682 1517 2681 1518 2749 1518 2598 1518 2598 1519 2523 1519 2681 1519 2791 1520 2682 1520 2749 1520 2523 1521 2679 1521 2681 1521 2523 1522 2597 1522 2679 1522 2679 1523 2597 1523 2748 1523 2679 1524 2748 1524 2812 1524 2648 1525 2682 1525 2791 1525 2748 1526 2597 1526 2680 1526 2597 1527 2523 1527 2350 1527 2523 1528 2598 1528 2431 1528 2351 1529 2523 1529 2431 1529 2682 1530 2598 1530 2749 1530 2358 1531 2396 1531 2213 1531 2358 1532 2441 1532 2396 1532 2682 1533 2432 1533 2598 1533 2680 1534 2597 1534 2350 1534 2350 1535 2523 1535 2351 1535 2153 1536 2350 1536 2351 1536 2152 1537 2350 1537 2153 1537 2349 1538 2350 1538 2152 1538 2522 1539 2350 1539 2349 1539 2248 1540 2351 1540 2431 1540 2431 1541 2598 1541 2432 1541 2349 1542 2152 1542 2247 1542 2432 1543 2719 1543 2845 1543 2441 1544 2566 1544 2396 1544 2566 1545 2441 1545 2607 1545 2756 1546 2566 1546 2607 1546 2153 1547 1953 1547 2152 1547 1953 1548 2052 1548 2152 1548 2052 1549 2247 1549 2152 1549 2052 1550 2151 1550 2247 1550 2052 1551 1952 1551 2151 1551 1756 1552 1952 1552 2052 1552 1756 1553 1755 1553 1952 1553 1952 1554 1755 1554 1848 1554 1848 1555 2051 1555 1952 1555 1952 1556 2051 1556 2150 1556 2150 1557 2151 1557 1952 1557 1951 1558 2151 1558 2150 1558 1756 1559 2052 1559 1953 1559 1849 1560 1756 1560 1953 1560 1666 1561 1756 1561 1849 1561 1666 1562 1582 1562 1756 1562 1755 1563 1756 1563 1582 1563 1582 1564 1665 1564 1755 1564 1951 1565 2150 1565 2051 1565 1665 1566 1848 1566 1755 1566 1847 1567 1848 1567 1665 1567 1849 1568 1668 1568 1666 1568 1668 1569 1493 1569 1666 1569 1849 1570 1953 1570 2053 1570 2154 1571 1849 1571 2053 1571 2154 1572 2249 1572 1849 1572 1493 1573 1582 1573 1666 1573 1493 1574 1408 1574 1582 1574 1408 1575 1665 1575 1582 1575 1665 1576 1408 1576 1581 1576 1665 1577 1581 1577 1754 1577 2051 1578 1848 1578 1847 1578 1583 1579 1493 1579 1668 1579 1583 1580 1147 1580 1493 1580 2053 1581 2155 1581 2154 1581 1147 1582 1408 1582 1493 1582 1408 1583 1147 1583 1325 1583 1408 1584 1325 1584 1407 1584 1407 1585 1581 1585 1408 1585 1407 1586 1580 1586 1581 1586 1665 1587 1754 1587 1847 1587 1951 1588 1847 1588 1754 1588 2155 1589 2053 1589 2168 1589 2155 1590 2168 1590 2054 1590 2054 1591 1851 1591 2155 1591 2155 1592 1851 1592 2056 1592 2056 1593 1851 1593 1955 1593 1955 1594 1851 1594 1759 1594 1759 1595 1851 1595 1583 1595 1581 1596 1580 1596 1754 1596 1846 1597 1754 1597 1580 1597 1407 1598 1325 1598 1233 1598 1324 1599 1407 1599 1233 1599 1492 1600 1407 1600 1324 1600 1580 1601 1407 1601 1492 1601 1579 1602 1580 1602 1492 1602 1579 1603 1753 1603 1580 1603 2151 1604 2348 1604 2247 1604 2151 1605 2429 1605 2348 1605 2348 1606 2430 1606 2247 1606 1146 1607 1325 1607 1147 1607 1951 1608 2051 1608 1847 1608 1846 1609 1951 1609 1754 1609 2153 1610 2351 1610 2248 1610 2153 1611 2053 1611 1953 1611 2053 1612 2153 1612 2248 1612 2168 1613 2053 1613 2248 1613 2168 1614 2248 1614 2432 1614 2432 1615 2248 1615 2431 1615 1583 1616 1851 1616 1774 1616 1583 1617 1668 1617 1759 1617 1583 1618 1774 1618 1757 1618 1583 1619 1667 1619 1147 1619 1757 1620 1667 1620 1583 1620 1758 1621 1147 1621 1667 1621 1850 1622 1147 1622 1758 1622 1954 1623 1147 1623 1850 1623 1147 1624 1954 1624 2055 1624 1147 1625 2055 1625 2156 1625 1146 1626 1233 1626 1325 1626 1146 1627 1147 1627 992 1627 1146 1628 992 1628 991 1628 991 1629 1063 1629 1146 1629 1233 1630 1146 1630 1063 1630 1233 1631 1145 1631 1324 1631 1145 1632 1233 1632 1063 1632 991 1633 992 1633 783 1633 783 1634 920 1634 991 1634 1580 1635 1753 1635 1846 1635 783 1636 848 1636 920 1636 848 1637 990 1637 920 1637 990 1638 1063 1638 920 1638 1492 1639 1406 1639 1579 1639 1492 1640 1324 1640 1406 1640 1324 1641 1145 1641 1406 1641 920 1642 1063 1642 991 1642 645 1643 848 1643 783 1643 645 1644 851 1644 848 1644 851 1645 989 1645 848 1645 989 1646 990 1646 848 1646 1067 1647 990 1647 989 1647 1067 1648 1066 1648 990 1648 990 1649 1066 1649 1145 1649 989 1650 851 1650 922 1650 851 1651 645 1651 784 1651 645 1652 783 1652 648 1652 645 1653 712 1653 784 1653 712 1654 850 1654 784 1654 922 1655 784 1655 850 1655 990 1656 1145 1656 1063 1656 1066 1657 1067 1657 922 1657 926 1658 1066 1658 922 1658 1066 1659 926 1659 1148 1659 1066 1660 1148 1660 1234 1660 922 1661 1067 1661 989 1661 926 1662 922 1662 850 1662 784 1663 922 1663 851 1663 849 1664 850 1664 712 1664 712 1665 714 1665 849 1665 787 1666 849 1666 714 1666 787 1667 926 1667 849 1667 714 1668 646 1668 787 1668 787 1669 646 1669 854 1669 714 1670 712 1670 584 1670 714 1671 584 1671 646 1671 584 1672 531 1672 646 1672 584 1673 712 1673 645 1673 787 1674 854 1674 926 1674 646 1675 853 1675 854 1675 713 1676 646 1676 531 1676 713 1677 785 1677 646 1677 531 1678 444 1678 583 1678 997 1679 854 1679 853 1679 854 1680 998 1680 926 1680 926 1681 850 1681 849 1681 926 1682 998 1682 1073 1682 1073 1683 1156 1683 926 1683 1073 1684 1238 1684 1156 1684 646 1685 785 1685 853 1685 853 1686 785 1686 925 1686 925 1687 996 1687 853 1687 1071 1688 853 1688 996 1688 854 1689 1072 1689 998 1689 998 1690 1072 1690 1154 1690 997 1691 1154 1691 1072 1691 1154 1692 997 1692 1153 1692 1153 1693 1236 1693 1154 1693 998 1694 1154 1694 1236 1694 1236 1695 1155 1695 998 1695 853 1696 1071 1696 997 1696 1073 1697 998 1697 1155 1697 1073 1698 1155 1698 1237 1698 1237 1699 1238 1699 1073 1699 1237 1700 1409 1700 1238 1700 1494 1701 1238 1701 1409 1701 1494 1702 1584 1702 1238 1702 1238 1703 1584 1703 1670 1703 1761 1704 1238 1704 1670 1704 1761 1705 1670 1705 1853 1705 531 1706 786 1706 713 1706 852 1707 785 1707 713 1707 852 1708 923 1708 785 1708 583 1709 711 1709 782 1709 923 1710 925 1710 785 1710 923 1711 1069 1711 925 1711 1151 1712 925 1712 1069 1712 1153 1713 997 1713 1071 1713 924 1714 852 1714 713 1714 924 1715 994 1715 852 1715 993 1716 852 1716 994 1716 993 1717 923 1717 852 1717 993 1718 1068 1718 923 1718 1068 1719 1150 1719 923 1719 713 1720 995 1720 924 1720 924 1721 1062 1721 994 1721 1070 1722 924 1722 995 1722 1068 1723 993 1723 1149 1723 1062 1724 924 1724 782 1724 1062 1725 782 1725 988 1725 1062 1726 1074 1726 1152 1726 994 1727 1149 1727 993 1727 1669 1728 1584 1728 1494 1728 1760 1729 1584 1729 1669 1729 1412 1730 1240 1730 1497 1730 1412 1731 1497 1731 1588 1731 1235 1732 1149 1732 994 1732 1588 1733 1497 1733 1674 1733 1674 1734 1767 1734 1588 1734 1240 1735 1159 1735 1328 1735 1240 1736 1328 1736 1411 1736 1240 1737 1411 1737 1497 1737 1587 1738 1497 1738 1411 1738 1328 1739 1159 1739 1410 1739 1410 1740 1495 1740 1328 1740 1585 1741 1328 1741 1495 1741 1496 1742 1328 1742 1585 1742 1328 1743 1496 1743 1411 1743 1496 1744 1586 1744 1411 1744 1495 1745 1671 1745 1585 1745 1671 1746 1762 1746 1585 1746 1763 1747 1585 1747 1762 1747 1585 1748 1763 1748 1672 1748 1672 1749 1496 1749 1585 1749 1673 1750 1496 1750 1672 1750 1957 1751 1763 1751 1762 1751 1763 1752 1957 1752 2057 1752 2057 1753 2060 1753 1763 1753 2060 1754 1958 1754 1763 1754 1855 1755 1763 1755 1958 1755 1763 1756 1855 1756 1672 1756 1855 1757 1854 1757 1672 1757 1958 373 2061 373 1855 373 1855 373 2061 373 2059 373 1958 1758 2060 1758 2157 1758 2157 373 2251 373 1958 373 2252 373 1958 373 2251 373 1958 373 2252 373 2158 373 1767 1759 1674 1759 1858 1759 1587 1760 1674 1760 1497 1760 1587 1761 1766 1761 1674 1761 1674 1762 1766 1762 1857 1762 1674 1763 1857 1763 1959 1763 1959 1764 2062 1764 1674 1764 1960 1765 1674 1765 2062 1765 1411 1766 1586 1766 1587 1766 1587 1767 1586 1767 1765 1767 2059 373 1854 373 1855 373 1854 373 2059 373 2058 373 1854 1768 2058 1768 1856 1768 1854 1769 1856 1769 1673 1769 1496 1770 1673 1770 1586 1770 1586 1771 1673 1771 1764 1771 2250 1772 2157 1772 2060 1772 2157 373 2250 373 2352 373 1854 1773 1673 1773 1672 1773 1764 1774 1673 1774 1856 1774 2352 373 2251 373 2157 373 1674 1775 1960 1775 1858 1775 1858 1776 1960 1776 2063 1776 2063 1777 2159 1777 1858 1777 2353 1778 2250 1778 2060 1778 2435 1779 2353 1779 2060 1779 2526 1780 2353 1780 2435 1780 2602 1781 2526 1781 2435 1781 2685 1782 2526 1782 2602 1782 2602 1783 2750 1783 2685 1783 2685 1784 2683 1784 2526 1784 2525 1785 2526 1785 2683 1785 2250 373 2433 373 2352 373 2434 1786 2250 1786 2353 1786 2524 1787 2250 1787 2434 1787 2353 1788 2525 1788 2434 1788 2525 1789 2601 1789 2434 1789 2434 1790 2601 1790 2600 1790 2525 1791 2683 1791 2684 1791 2525 1792 2353 1792 2526 1792 2434 1793 2600 1793 2524 1793 2599 1794 2524 1794 2600 1794 2599 373 2433 373 2524 373 2433 373 2250 373 2524 373 2433 373 2599 373 2674 373 855 1795 1239 1795 1159 1795 2600 1796 2601 1796 2594 1796 2593 1797 2600 1797 2594 1797 2525 1798 2684 1798 2601 1798 2675 1799 2601 1799 2684 1799 2815 1800 2684 1800 2683 1800 2593 1801 2599 1801 2600 1801 2599 1802 2593 1802 2743 1802 2674 373 2599 373 2743 373 2674 373 2743 373 2592 373 2518 373 2674 373 2592 373 2592 1803 2743 1803 2593 1803 2594 1804 2425 1804 2593 1804 2593 1805 2425 1805 2424 1805 2675 1806 2594 1806 2601 1806 2675 1807 2519 1807 2594 1807 2684 1808 2809 1808 2675 1808 2675 1809 2809 1809 2744 1809 2809 1810 2684 1810 2862 1810 2862 1811 2684 1811 2907 1811 2424 1812 2592 1812 2593 1812 2592 1813 2424 1813 2423 1813 2425 1814 2244 1814 2424 1814 2244 1815 2243 1815 2424 1815 2518 373 2592 373 2423 373 2344 373 2518 373 2423 373 2517 373 2518 373 2344 373 2425 1816 2594 1816 2519 1816 2425 1817 2519 1817 2345 1817 2519 1818 2675 1818 2744 1818 2243 1819 2423 1819 2424 1819 2344 1820 2423 1820 2243 1820 2345 1821 2244 1821 2425 1821 2345 1822 2519 1822 2595 1822 2345 1823 2595 1823 2676 1823 2345 1824 2676 1824 2745 1824 2517 373 2344 373 2343 373 2146 1825 2344 1825 2243 1825 2049 1826 2243 1826 2244 1826 2527 373 2354 373 2436 373 2436 373 2354 373 2253 373 2253 373 2354 373 2061 373 2061 373 2158 373 2253 373 2061 1827 2354 1827 2437 1827 2061 373 1958 373 2158 373 1669 1828 1852 1828 1760 1828 1765 1829 1766 1829 1587 1829 1765 1830 1586 1830 1764 1830 1956 1831 1760 1831 1852 1831 2863 373 2988 373 3022 373 3170 373 3157 373 3192 373 215 1832 277 1832 244 1832 2512 1833 2417 1833 2584 1833 2512 1834 2666 1834 2510 1834 2666 1835 2512 1835 2669 1835 2669 1836 2512 1836 2584 1836 992 1837 1147 1837 1064 1837 1064 1838 921 1838 992 1838 783 1839 992 1839 921 1839 789 1840 783 1840 921 1840 2669 1841 2801 1841 2666 1841 2584 1842 2737 1842 2669 1842 648 1843 783 1843 789 1843 648 1844 715 1844 587 1844 715 1845 648 1845 789 1845 19 1846 16 1846 25 1846 589 1847 587 1847 715 1847 490 1848 587 1848 589 1848 16 1849 12 1849 21 1849 28 1850 16 1850 21 1850 36 1851 16 1851 28 1851 36 1852 28 1852 37 1852 36 1853 44 1853 16 1853 44 1854 36 1854 55 1854 55 1855 36 1855 70 1855 70 1856 36 1856 83 1856 56 1857 16 1857 44 1857 16 1858 56 1858 71 1858 21 1859 37 1859 28 1859 35 1860 37 1860 21 1860 490 1861 487 1861 587 1861 490 1862 411 1862 445 1862 589 1863 489 1863 490 1863 35 1864 21 1864 27 1864 27 1865 43 1865 35 1865 27 1866 21 1866 12 1866 2783 1867 2669 1867 2737 1867 2783 1868 2737 1868 2639 1868 1774 1869 1851 1869 2054 1869 1774 1870 2054 1870 1973 1870 1774 1871 1973 1871 1868 1871 1679 1872 1774 1872 1868 1872 1679 1873 1591 1873 1774 1873 1591 1874 1679 1874 1332 1874 1332 1875 1502 1875 1591 1875 1591 1876 1502 1876 1678 1876 1591 1877 1678 1877 1773 1877 1591 1878 1773 1878 1866 1878 1591 1879 1866 1879 1972 1879 1867 1880 1774 1880 1591 1880 17 1881 22 1881 12 1881 1973 1882 2054 1882 2168 1882 2756 1883 2719 1883 2566 1883 1064 1884 1065 1884 921 1884 1498 1885 1332 1885 1679 1885 1679 1886 1770 1886 1498 1886 1965 1887 1770 1887 1679 1887 1676 1888 1498 1888 1770 1888 1498 1889 1676 1889 1589 1889 1589 1890 1413 1890 1498 1890 1413 1891 1160 1891 1498 1891 1416 1892 1502 1892 1332 1892 1242 1893 1416 1893 1332 1893 921 1894 1065 1894 928 1894 2213 1895 2212 1895 2358 1895 2607 1896 2441 1896 2531 1896 1160 1897 1242 1897 1332 1897 1242 1898 1160 1898 1000 1898 789 1899 921 1899 928 1899 856 1900 789 1900 928 1900 2212 1901 2162 1901 2358 1901 2358 1902 2162 1902 2256 1902 2441 1903 2256 1903 2531 1903 589 1904 715 1904 716 1904 716 1905 588 1905 589 1905 2256 1906 2162 1906 1967 1906 2256 1907 2441 1907 2358 1907 489 1908 589 1908 588 1908 489 1909 411 1909 490 1909 489 1910 588 1910 533 1910 446 1911 489 1911 533 1911 411 1912 378 1912 341 1912 489 1913 446 1913 411 1913 1000 1914 928 1914 1065 1914 856 1915 715 1915 789 1915 928 1916 1000 1916 856 1916 856 1917 1000 1917 1001 1917 857 1918 856 1918 1001 1918 856 1919 857 1919 716 1919 2162 1920 1968 1920 1967 1920 1967 1921 1968 1921 1676 1921 1676 1922 1863 1922 1967 1922 533 1923 415 1923 446 1923 415 1924 450 1924 446 1924 488 1925 446 1925 450 1925 378 1926 446 1926 488 1926 1160 1927 1001 1927 1000 1927 1910 1928 2212 1928 2213 1928 2212 1929 1910 1929 2111 1929 2212 1930 2111 1930 2162 1930 2162 1931 2111 1931 2163 1931 378 1932 447 1932 412 1932 446 1933 378 1933 411 1933 378 1934 488 1934 447 1934 1413 1935 1330 1935 1160 1935 1160 1936 1332 1936 1417 1936 1330 1937 1241 1937 1160 1937 1770 1938 1863 1938 1676 1938 1863 1939 1770 1939 1966 1939 1966 1940 1770 1940 2066 1940 2066 1941 1770 1941 2161 1941 2161 1942 1770 1942 2255 1942 2357 1943 2255 1943 1770 1943 856 1944 716 1944 715 1944 2162 1945 2163 1945 1968 1945 1676 1946 1771 1946 1589 1946 588 1947 716 1947 717 1947 592 1948 588 1948 717 1948 1716 1949 1539 1949 1809 1949 1539 1950 1715 1950 1809 1950 1716 1951 1810 1951 1625 1951 277 1952 305 1952 342 1952 342 1953 305 1953 379 1953 379 1954 305 1954 413 1954 413 1955 305 1955 448 1955 448 1956 305 1956 491 1956 534 1957 491 1957 305 1957 533 1958 588 1958 592 1958 533 1959 494 1959 415 1959 533 1960 592 1960 494 1960 1968 1961 1864 1961 1676 1961 2163 1962 2067 1962 1968 1962 1715 1963 1910 1963 1809 1963 1910 1964 1715 1964 1909 1964 1540 1965 1715 1965 1539 1965 1717 1966 1715 1966 1540 1966 450 1967 447 1967 488 1967 1864 1968 1968 1968 2067 1968 1864 1969 2067 1969 1969 1969 1771 1970 1864 1970 1969 1970 76 1971 92 1971 111 1971 111 1972 134 1972 76 1972 134 1973 112 1973 76 1973 77 1974 76 1974 112 1974 415 1975 346 1975 450 1975 415 1976 494 1976 451 1976 451 1977 383 1977 415 1977 2163 1978 2111 1978 2211 1978 2163 1979 2211 1979 2257 1979 112 1980 134 1980 156 1980 156 1981 135 1981 112 1981 1625 1982 1539 1982 1716 1982 1370 1983 1539 1983 1625 1983 1370 1984 1367 1984 1539 1984 1913 1985 1810 1985 2009 1985 2111 1986 1909 1986 2211 1986 2211 1987 1909 1987 2117 1987 383 1988 346 1988 415 1988 383 1989 309 1989 346 1989 346 1990 309 1990 281 1990 281 1991 309 1991 248 1991 248 1992 220 1992 281 1992 190 1993 220 1993 248 1993 220 1994 190 1994 135 1994 281 1995 220 1995 308 1995 220 1996 345 1996 308 1996 220 1997 381 1997 345 1997 382 1998 308 1998 345 1998 381 1999 220 1999 414 1999 135 2000 190 2000 159 2000 159 2001 114 2001 135 2001 135 2002 114 2002 77 2002 308 2003 346 2003 281 2003 112 2004 135 2004 77 2004 309 2005 383 2005 384 2005 384 2006 347 2006 309 2006 77 2007 50 2007 76 2007 50 2008 77 2008 65 2008 114 2009 94 2009 77 2009 40 2010 50 2010 65 2010 65 2011 78 2011 40 2011 96 2012 40 2012 78 2012 117 2013 40 2013 96 2013 97 2014 40 2014 117 2014 40 2015 97 2015 79 2015 79 2016 66 2016 40 2016 65 2017 77 2017 94 2017 94 2018 115 2018 65 2018 65 2019 115 2019 95 2019 34 2020 20 2020 26 2020 118 2021 96 2021 78 2021 114 2022 138 2022 94 2022 78 2023 65 2023 95 2023 78 2024 95 2024 116 2024 116 2025 141 2025 78 2025 165 2026 78 2026 141 2026 166 2027 78 2027 165 2027 78 2028 166 2028 142 2028 66 2029 51 2029 40 2029 142 2030 118 2030 78 2030 34 2031 42 2031 20 2031 42 2032 34 2032 53 2032 68 2033 42 2033 53 2033 42 2034 68 2034 81 2034 81 2035 69 2035 42 2035 54 2036 42 2036 69 2036 20 2037 42 2037 54 2037 384 2038 383 2038 449 2038 416 2039 384 2039 449 2039 494 2040 592 2040 651 2040 494 2041 539 2041 451 2041 451 2042 539 2042 594 2042 653 2043 451 2043 594 2043 451 2044 653 2044 722 2044 722 2045 718 2045 451 2045 451 2046 718 2046 650 2046 650 2047 591 2047 451 2047 451 2048 591 2048 538 2048 451 2049 538 2049 493 2049 651 2050 720 2050 494 2050 720 2051 792 2051 494 2051 863 2052 494 2052 792 2052 494 2053 863 2053 936 2053 494 2054 936 2054 937 2054 937 2055 864 2055 494 2055 793 2056 494 2056 864 2056 793 2057 721 2057 494 2057 721 2057 652 2057 494 2057 593 2058 494 2058 652 2058 138 2059 115 2059 94 2059 138 2060 160 2060 115 2060 115 2061 160 2061 139 2061 159 2062 160 2062 138 2062 159 2063 138 2063 114 2063 190 2064 221 2064 159 2064 221 2065 250 2065 159 2065 159 2066 250 2066 284 2066 249 2067 221 2067 190 2067 221 2068 249 2068 282 2068 282 2069 283 2069 221 2069 249 2070 311 2070 282 2070 284 2071 250 2071 313 2071 190 2072 248 2072 249 2072 221 2073 283 2073 250 2073 312 2074 250 2074 283 2074 350 2075 250 2075 312 2075 310 2076 249 2076 248 2076 310 2077 348 2077 249 2077 313 2078 250 2078 350 2078 350 2079 387 2079 313 2079 249 2080 348 2080 311 2080 350 2081 312 2081 386 2081 350 2082 386 2082 418 2082 419 2083 350 2083 418 2083 310 2084 248 2084 349 2084 385 2085 310 2085 349 2085 310 2086 385 2086 348 2086 350 2087 419 2087 387 2087 419 2088 456 2088 387 2088 419 2089 501 2089 456 2089 419 2090 547 2090 501 2090 347 2091 248 2091 309 2091 349 2092 248 2092 347 2092 419 2093 604 2093 547 2093 385 2094 349 2094 417 2094 385 2095 417 2095 454 2095 454 2096 497 2096 385 2096 497 2097 543 2097 385 2097 598 2098 543 2098 497 2098 657 2099 543 2099 598 2099 543 2100 657 2100 728 2100 728 2101 657 2101 799 2101 728 2102 799 2102 871 2102 944 2103 871 2103 799 2103 1017 2104 871 2104 944 2104 1095 2105 1017 2105 944 2105 1017 2106 1095 2106 1181 2106 1181 2107 1100 2107 1017 2107 1100 2108 947 2108 1017 2108 1100 2109 1097 2109 947 2109 1097 2110 945 2110 947 2110 1097 2111 1099 2111 945 2111 1099 2112 1018 2112 945 2112 873 2113 945 2113 1018 2113 873 2114 1018 2114 946 2114 946 2115 1018 2115 1098 2115 1183 2116 1098 2116 1018 2116 1183 2117 1271 2117 1098 2117 873 2118 946 2118 730 2118 873 2119 730 2119 800 2119 945 2120 873 2120 800 2120 800 2121 801 2121 945 2121 1183 2122 1018 2122 1099 2122 1183 2123 1350 2123 1271 2123 1183 2124 1099 2124 1272 2124 1269 2125 1272 2125 1099 2125 1272 2126 1269 2126 1436 2126 1436 2127 1437 2127 1272 2127 1350 2128 1272 2128 1437 2128 1270 2129 1097 2129 1100 2129 1273 2130 1270 2130 1100 2130 1273 2131 1435 2131 1270 2131 1270 2132 1435 2132 1269 2132 1273 2133 1100 2133 1181 2133 1351 2134 1273 2134 1181 2134 1351 2134 1438 2134 1273 2134 1273 2134 1438 2134 1518 2134 1349 2135 1351 2135 1181 2135 1398 2136 1271 2136 1350 2136 1350 2137 1183 2137 1272 2137 1317 2138 1350 2138 1437 2138 1099 2139 1097 2139 1269 2139 1437 2140 1436 2140 1567 2140 1567 2141 1394 2141 1437 2141 1435 2142 1436 2142 1269 2142 1270 2143 1269 2143 1097 2143 1606 2144 1436 2144 1435 2144 1518 2145 1435 2145 1273 2145 1607 2134 1518 2134 1438 2134 1181 2146 1095 2146 1265 2146 1518 2134 1607 2134 1695 2134 1518 2134 1695 2134 1788 2134 1518 2134 1788 2134 1694 2134 1518 2147 1694 2147 1606 2147 1265 2134 1349 2134 1181 2134 1317 2148 1398 2148 1350 2148 1317 2149 1228 2149 1398 2149 1607 2150 1789 2150 1695 2150 1789 2151 1886 2151 1695 2151 1265 2134 1095 2134 1348 2134 1348 2134 1434 2134 1265 2134 1434 2152 1517 2152 1265 2152 1789 2134 1989 2134 1886 2134 1886 2134 1989 2134 2087 2134 1394 2153 1317 2153 1437 2153 1317 2154 1394 2154 1139 2154 1567 2155 1396 2155 1394 2155 1396 2156 1316 2156 1394 2156 1606 2157 1567 2157 1436 2157 1606 2158 1568 2158 1567 2158 947 2159 945 2159 801 2159 801 2160 871 2160 947 2160 1694 2161 1569 2161 1606 2161 1518 2162 1606 2162 1435 2162 1017 2163 947 2163 871 2163 1885 2134 1694 2134 1788 2134 1838 2134 1694 2134 1885 2134 1517 2134 1434 2134 1605 2134 1605 2134 1693 2134 1517 2134 1266 2164 1348 2164 1095 2164 2188 2134 2087 2134 1989 2134 2280 2134 2087 2134 2188 2134 1266 2165 1095 2165 1096 2165 1096 2134 1267 2134 1266 2134 1267 2166 1096 2166 1182 2166 1096 2167 1095 2167 944 2167 944 2168 1014 2168 1096 2168 944 2169 799 2169 872 2169 800 2170 658 2170 801 2170 801 2171 658 2171 728 2171 1182 2172 1096 2172 1014 2172 1268 2134 1182 2134 1014 2134 1259 2134 1268 2134 1014 2134 1259 2134 1431 2134 1268 2134 1268 2173 1431 2173 1514 2173 1014 2174 944 2174 872 2174 1014 2175 872 2175 868 2175 868 2176 1093 2176 1014 2176 1093 2134 1176 2134 1014 2134 872 2177 799 2177 729 2177 728 2178 871 2178 801 2178 658 2179 543 2179 728 2179 658 2180 800 2180 730 2180 658 2181 730 2181 599 2181 1693 2182 1605 2182 1787 2182 1884 2134 1693 2134 1787 2134 1514 2134 1431 2134 1602 2134 1602 2134 1690 2134 1514 2134 1176 2134 1259 2134 1014 2134 1784 2134 1690 2134 1602 2134 1784 2183 1880 2183 1690 2183 1988 2134 1884 2134 1787 2134 1988 2184 2086 2184 1884 2184 1784 2134 1984 2134 1880 2134 1880 2185 1984 2185 2082 2185 1093 2134 1177 2134 1176 2134 868 2186 872 2186 729 2186 868 2187 729 2187 726 2187 868 2188 726 2188 869 2188 1015 2189 868 2189 869 2189 868 2190 1015 2190 1093 2190 657 2191 729 2191 799 2191 657 2192 598 2192 729 2192 658 2193 599 2193 543 2193 1984 2134 2182 2134 2082 2134 2182 2194 2273 2194 2082 2194 2376 2134 2273 2134 2182 2134 2460 2134 2273 2134 2376 2134 2460 2134 2376 2134 2279 2134 2460 2134 2279 2134 2380 2134 2380 2134 2279 2134 1988 2134 1988 2195 2279 2195 2187 2195 2187 2196 2086 2196 1988 2196 2278 2134 2086 2134 2187 2134 1015 2134 1177 2134 1093 2134 1177 2134 1015 2134 1260 2134 2379 2134 2278 2134 2187 2134 2462 2134 2278 2134 2379 2134 385 2197 543 2197 599 2197 349 2198 453 2198 417 2198 1178 2134 1260 2134 1015 2134 2462 2134 2379 2134 2544 2134 2544 2134 2625 2134 2462 2134 2625 2199 2544 2199 2381 2199 2545 2134 2381 2134 2544 2134 2381 2134 2545 2134 2463 2134 2280 2134 2381 2134 2463 2134 2545 2200 2626 2200 2463 2200 2188 2134 2381 2134 2280 2134 2626 2134 2545 2134 2698 2134 2698 2134 2769 2134 2626 2134 2664 2201 2769 2201 2698 2201 2698 2202 2582 2202 2664 2202 2582 2134 2415 2134 2664 2134 2509 2203 2415 2203 2582 2203 2335 2204 2415 2204 2509 2204 2415 2205 2335 2205 2237 2205 2237 2206 2335 2206 2137 2206 2040 2134 2237 2134 2137 2134 1694 2134 1838 2134 1569 2134 2137 2134 1939 2134 2040 2134 2040 2134 1939 2134 1837 2134 1317 2207 1139 2207 1228 2207 1939 2134 1657 2134 1837 2134 1744 2208 1837 2208 1657 2208 1744 2209 1657 2209 1569 2209 2509 2210 2582 2210 2665 2210 2509 2134 2665 2134 2663 2134 1056 2211 1228 2211 1139 2211 1744 2134 1569 2134 1838 2134 1482 2134 1569 2134 1657 2134 1569 2212 1568 2212 1606 2212 1482 2213 1395 2213 1569 2213 1569 2214 1395 2214 1568 2214 1568 2215 1396 2215 1567 2215 1395 2216 1396 2216 1568 2216 1395 2217 1226 2217 1396 2217 455 2218 418 2218 386 2218 499 2219 455 2219 386 2219 455 2220 499 2220 545 2220 455 2221 545 2221 600 2221 455 2222 600 2222 544 2222 498 2223 455 2223 544 2223 1316 2224 1139 2224 1394 2224 1138 2225 1139 2225 1316 2225 983 2226 1139 2226 1138 2226 455 2227 498 2227 418 2227 500 2228 418 2228 498 2228 2581 2229 2663 2229 2665 2229 2508 2134 2663 2134 2581 2134 419 2230 663 2230 604 2230 419 2231 418 2231 500 2231 419 2232 500 2232 546 2232 419 2233 546 2233 603 2233 603 2234 662 2234 419 2234 419 2235 662 2235 735 2235 419 2236 735 2236 736 2236 419 2237 736 2237 663 2237 983 2238 1056 2238 1139 2238 983 2239 840 2239 1056 2239 140 2240 116 2240 95 2240 163 2241 140 2241 95 2241 195 2242 163 2242 95 2242 225 2243 195 2243 95 2243 95 2244 223 2244 225 2244 223 2245 95 2245 193 2245 193 2246 95 2246 161 2246 139 2247 161 2247 95 2247 161 2248 139 2248 192 2248 162 2249 116 2249 140 2249 600 2250 659 2250 544 2250 983 2251 1138 2251 910 2251 983 2252 911 2252 840 2252 911 2253 983 2253 910 2253 1226 2254 1138 2254 1316 2254 1226 2255 1055 2255 1138 2255 1226 2256 1316 2256 1396 2256 1482 2257 1227 2257 1395 2257 1658 2134 1482 2134 1657 2134 1482 2134 1658 2134 1570 2134 1397 2134 1482 2134 1570 2134 498 2258 601 2258 500 2258 601 2259 602 2259 500 2259 498 2260 544 2260 601 2260 774 2261 840 2261 911 2261 774 2262 704 2262 840 2262 774 2263 911 2263 910 2263 1138 2264 1055 2264 910 2264 910 2265 1055 2265 982 2265 839 2266 910 2266 982 2266 1227 2267 1055 2267 1226 2267 1135 2268 1055 2268 1227 2268 1227 2269 1482 2269 1397 2269 1227 2270 1226 2270 1395 2270 1397 2271 1314 2271 1227 2271 1483 2134 1397 2134 1570 2134 839 2272 774 2272 910 2272 636 2273 774 2273 839 2273 839 2274 982 2274 908 2274 772 2275 839 2275 908 2275 774 2276 636 2276 704 2276 636 2277 576 2277 704 2277 1135 2278 982 2278 1055 2278 1135 2279 1053 2279 982 2279 1227 2280 1314 2280 1135 2280 1135 2281 1314 2281 1136 2281 1397 2134 1483 2134 1314 2134 1314 2282 1483 2282 1566 2282 1481 2134 1314 2134 1566 2134 1481 2134 1393 2134 1314 2134 194 2283 116 2283 162 2283 224 2284 116 2284 194 2284 224 2285 252 2285 116 2285 252 2286 285 2286 116 2286 285 2287 253 2287 116 2287 253 2288 285 2288 314 2288 226 2289 116 2289 253 2289 116 2290 226 2290 196 2290 196 2291 164 2291 116 2291 160 2292 191 2292 139 2292 191 2293 222 2293 139 2293 222 2294 251 2294 139 2294 219 2295 191 2295 160 2295 729 2296 598 2296 726 2296 160 2297 159 2297 219 2297 495 2298 453 2298 349 2298 495 2299 349 2299 541 2299 115 2300 139 2300 95 2300 416 2301 347 2301 384 2301 347 2302 416 2302 452 2302 416 2303 449 2303 452 2303 540 2304 452 2304 449 2304 497 2305 454 2305 542 2305 597 2306 497 2306 542 2306 496 2307 417 2307 453 2307 726 2308 598 2308 597 2308 727 2309 726 2309 597 2309 869 2310 726 2310 727 2310 870 2311 869 2311 727 2311 1015 2312 869 2312 870 2312 1015 2313 870 2313 1094 2313 540 2314 449 2314 595 2314 540 2315 595 2315 654 2315 724 2316 540 2316 654 2316 724 2317 654 2317 795 2317 795 2318 866 2318 724 2318 866 2319 795 2319 939 2319 1012 2320 939 2320 795 2320 1088 2321 939 2321 1012 2321 939 2322 1088 2322 1174 2322 939 2323 1174 2323 1255 2323 1342 2324 939 2324 1255 2324 939 2325 1342 2325 1173 2325 982 2326 1053 2326 908 2326 1135 2327 1136 2327 1053 2327 542 2328 454 2328 596 2328 655 2329 542 2329 596 2329 656 2330 542 2330 655 2330 542 2331 656 2331 597 2331 597 2332 598 2332 497 2332 727 2333 597 2333 656 2333 727 2334 656 2334 798 2334 870 2335 727 2335 798 2335 870 2336 798 2336 943 2336 1016 2337 870 2337 943 2337 1094 2134 1178 2134 1015 2134 1261 2134 1178 2134 1094 2134 1178 2338 1261 2338 1345 2338 1345 2134 1432 2134 1178 2134 1016 2339 1094 2339 870 2339 1179 2134 1094 2134 1016 2134 1345 2134 1515 2134 1432 2134 1432 2340 1515 2340 1603 2340 1656 2341 1481 2341 1566 2341 649 2342 595 2342 449 2342 449 2343 590 2343 649 2343 449 2344 536 2344 590 2344 449 2345 492 2345 536 2345 2272 2134 2182 2134 1984 2134 1984 2346 2375 2346 2272 2346 2377 2134 2272 2134 2375 2134 2275 2134 2272 2134 2377 2134 1094 2134 1179 2134 1261 2134 943 2347 798 2347 941 2347 943 2348 941 2348 1091 2348 1016 2134 1262 2134 1179 2134 1262 2134 1016 2134 1263 2134 1016 2349 943 2349 1091 2349 1180 2350 1016 2350 1091 2350 798 2351 656 2351 796 2351 655 2352 796 2352 656 2352 655 2353 596 2353 725 2353 655 2354 725 2354 797 2354 1263 2134 1016 2134 1180 2134 1346 2355 1263 2355 1180 2355 1603 2134 1515 2134 1691 2134 1603 2134 1691 2134 1785 2134 1347 2134 1346 2134 1180 2134 798 2356 796 2356 941 2356 941 2357 796 2357 940 2357 940 2358 1090 2358 941 2358 1091 2359 941 2359 1090 2359 1257 2360 1091 2360 1090 2360 1264 2361 1091 2361 1257 2361 796 2362 655 2362 797 2362 1180 2363 1091 2363 1264 2363 725 2364 867 2364 797 2364 942 2365 797 2365 867 2365 940 2366 797 2366 942 2366 1785 2367 1691 2367 1881 2367 1881 2368 1985 2368 1785 2368 1264 2369 1347 2369 1180 2369 1433 2134 1347 2134 1264 2134 1264 2370 1516 2370 1433 2370 1433 2134 1516 2134 1604 2134 1433 2371 1604 2371 1692 2371 1881 2372 2083 2372 1985 2372 2083 2373 2184 2373 1985 2373 1692 2374 1604 2374 1786 2374 1786 2375 1883 2375 1692 2375 1987 2134 1692 2134 1883 2134 796 2376 797 2376 940 2376 942 2377 1089 2377 940 2377 1090 2378 940 2378 1089 2378 1090 2379 1089 2379 1256 2379 867 2380 1013 2380 942 2380 1013 2381 1092 2381 942 2381 1257 2382 1090 2382 1256 2382 1257 2383 1256 2383 1429 2383 1264 2384 1257 2384 1429 2384 1264 2385 1429 2385 1512 2385 2085 2134 1987 2134 1883 2134 2085 2134 2186 2134 1987 2134 2085 2134 2277 2134 2186 2134 2085 2386 2274 2386 2277 2386 2274 2387 2183 2387 2277 2387 2274 2134 2083 2134 2183 2134 2184 2134 2083 2134 2275 2134 2184 2134 2275 2134 2377 2134 2183 2134 2083 2134 1881 2134 1089 2388 942 2388 1092 2388 1175 2389 1089 2389 1092 2389 1343 2390 1089 2390 1175 2390 1343 2391 1256 2391 1089 2391 1175 2392 1344 2392 1343 2392 1344 2393 1511 2393 1343 2393 1343 2394 1511 2394 1428 2394 1175 2395 1092 2395 1013 2395 1511 2396 1598 2396 1428 2396 1175 2397 1013 2397 1258 2397 1428 2398 1598 2398 1599 2398 1428 2399 1599 2399 1429 2399 1598 2400 1781 2400 1599 2400 1600 2401 1599 2401 1781 2401 1600 2402 1512 2402 1429 2402 1600 2403 1781 2403 1876 2403 1876 2404 1877 2404 1600 2404 1877 2134 1782 2134 1600 2134 1687 2405 1600 2405 1782 2405 1344 2406 1513 2406 1511 2406 1513 2407 1686 2407 1511 2407 1344 2408 1175 2408 1258 2408 1344 2409 1258 2409 1430 2409 1343 2410 1428 2410 1256 2410 1511 2411 1686 2411 1598 2411 1686 2412 1780 2412 1598 2412 1429 2413 1599 2413 1600 2413 1598 2414 1780 2414 1781 2414 1429 2415 1256 2415 1428 2415 1780 2416 1981 2416 1781 2416 1982 2417 1781 2417 1981 2417 1982 2418 1876 2418 1781 2418 1512 2134 1600 2134 1687 2134 1876 2134 1982 2134 2078 2134 1688 2134 1512 2134 1687 2134 2078 2134 2079 2134 1876 2134 1688 2134 1516 2134 1512 2134 1876 2419 2079 2419 1877 2419 2078 2134 1982 2134 2178 2134 1513 2420 1689 2420 1686 2420 1686 2421 1689 2421 1875 2421 1513 2422 1344 2422 1430 2422 1601 2423 1513 2423 1430 2423 1686 2424 1875 2424 1780 2424 1780 2425 1875 2425 1980 2425 1780 2426 1980 2426 1981 2426 1981 2427 1980 2427 2177 2427 1982 2428 1981 2428 2177 2428 2267 2429 1982 2429 2177 2429 2178 2134 1982 2134 2267 2134 2267 2134 2371 2134 2178 2134 2371 2134 2267 2134 2454 2134 1513 2430 1601 2430 1689 2430 1601 2431 1783 2431 1689 2431 1879 2432 1689 2432 1783 2432 1689 2433 1879 2433 1875 2433 1879 2434 2077 2434 1875 2434 1875 2435 2077 2435 1980 2435 2077 2436 2176 2436 1980 2436 1980 2437 2176 2437 2177 2437 2176 2438 2369 2438 2177 2438 2370 2439 2177 2439 2369 2439 2267 2440 2177 2440 2370 2440 2370 2134 2453 2134 2267 2134 2453 2134 2454 2134 2267 2134 2453 2441 2617 2441 2454 2441 2693 2134 2454 2134 2617 2134 2453 2442 2370 2442 2539 2442 2176 2443 2368 2443 2369 2443 2369 2444 2368 2444 2538 2444 2077 2445 2175 2445 2176 2445 2077 2446 1879 2446 2175 2446 1879 2447 1783 2447 1861 2447 1879 2448 1861 2448 2081 2448 2762 2449 2693 2449 2617 2449 2693 2450 2762 2450 2822 2450 2539 2134 2370 2134 2616 2134 2762 2134 2867 2134 2822 2134 2822 2134 2867 2134 2912 2134 2616 2134 2370 2134 2615 2134 2760 2134 2616 2134 2615 2134 1783 2451 1963 2451 1861 2451 1861 2452 1963 2452 1769 2452 1675 2453 1861 2453 1769 2453 1861 2454 1675 2454 1859 2454 2175 2455 2368 2455 2176 2455 2175 2456 2271 2456 2368 2456 2368 2457 2271 2457 2459 2457 2368 2458 2459 2458 2538 2458 2538 2459 2370 2459 2369 2459 2459 2460 2623 2460 2538 2460 2538 2461 2623 2461 2615 2461 1879 2462 2081 2462 2175 2462 2615 2463 2370 2463 2538 2463 2623 2464 2761 2464 2615 2464 2081 2465 1861 2465 2181 2465 2270 2466 2081 2466 2181 2466 2081 2467 2270 2467 2271 2467 2065 2468 1769 2468 1963 2468 2160 2469 2065 2469 1963 2469 2065 2470 2160 2470 2254 2470 2356 2471 2065 2471 2254 2471 2356 2472 2262 2472 2065 2472 2262 2473 2530 2473 2065 2473 2160 2474 2355 2474 2254 2474 2355 2475 2160 2475 2438 2475 2528 2476 2355 2476 2438 2476 2529 2477 2355 2477 2528 2477 2439 2478 2355 2478 2529 2478 2355 2479 2439 2479 2254 2479 2439 2480 2440 2480 2254 2480 2065 2481 1964 2481 1769 2481 1862 2482 1769 2482 1964 2482 1769 2483 1862 2483 1413 2483 2912 2134 2867 2134 2868 2134 2763 2184 2912 2184 2868 2184 2356 2484 1975 2484 2262 2484 1975 2485 2170 2485 2262 2485 2262 2486 2170 2486 2363 2486 2363 2487 2447 2487 2262 2487 2262 2488 2447 2488 2535 2488 2262 2489 2535 2489 2611 2489 2608 2490 2262 2490 2611 2490 2611 2491 2689 2491 2608 2491 2689 2492 2532 2492 2608 2492 2361 2493 2608 2493 2532 2493 2444 2494 2361 2494 2532 2494 2361 2495 2444 2495 2261 2495 1331 2496 2361 2496 2261 2496 1331 2497 2443 2497 2361 2497 2356 2498 2448 2498 1975 2498 2536 2499 1975 2499 2448 2499 2081 2500 2271 2500 2175 2500 1675 2501 1769 2501 1413 2501 1675 2502 1768 2502 1859 2502 1331 2503 2261 2503 2167 2503 1331 2504 2167 2504 2069 2504 1331 2505 2069 2505 1971 2505 1865 2506 1331 2506 1971 2506 1772 2507 1331 2507 1865 2507 1772 2508 1677 2508 1331 2508 1331 2509 1677 2509 1590 2509 1331 2510 1590 2510 1500 2510 1415 2511 1331 2511 1500 2511 1001 2512 1331 2512 1415 2512 1001 2513 1241 2513 1331 2513 1331 2514 1241 2514 1414 2514 1414 2515 1499 2515 1331 2515 2363 2516 2170 2516 2446 2516 2446 2517 2534 2517 2363 2517 2610 2518 2534 2518 2446 2518 2534 2519 2610 2519 2691 2519 2758 2520 2534 2520 2691 2520 2820 2521 2534 2521 2758 2521 2534 2522 2820 2522 2864 2522 2909 2523 2534 2523 2864 2523 1768 2524 1961 2524 1859 2524 2181 2525 2374 2525 2270 2525 2947 2526 2909 2526 2864 2526 2947 2527 2989 2527 2909 2527 2362 2528 2167 2528 2261 2528 2445 2529 2362 2529 2261 2529 2533 2530 2362 2530 2445 2530 2533 2531 2445 2531 2609 2531 2445 2532 2690 2532 2609 2532 2757 2533 2690 2533 2445 2533 2819 2534 2690 2534 2757 2534 2170 2535 1975 2535 2071 2535 1975 2536 1871 2536 2071 2536 1871 2537 1975 2537 1777 2537 1975 2538 2072 2538 1777 2538 1975 2539 2171 2539 2072 2539 2263 2540 2072 2540 2171 2540 2171 2541 2364 2541 2263 2541 2364 2542 2449 2542 2263 2542 2449 2543 2364 2543 2537 2543 2449 2544 2537 2544 2613 2544 2613 2545 2537 2545 2614 2545 2537 2546 2450 2546 2614 2546 2537 2547 2264 2547 2450 2547 2450 2548 2264 2548 2365 2548 2365 2549 2264 2549 2172 2549 1595 2550 1871 2550 1777 2550 1683 2551 1595 2551 1777 2551 1507 2552 1595 2552 1683 2552 1507 2553 1424 2553 1595 2553 1424 2554 1507 2554 1338 2554 1338 2555 1248 2555 1424 2555 1166 2556 1248 2556 1338 2556 1166 2557 1079 2557 1248 2557 929 2558 1079 2558 1166 2558 929 2559 1003 2559 1079 2559 929 2560 857 2560 1003 2560 1078 2561 1003 2561 857 2561 857 2562 1165 2562 1078 2562 857 2563 1247 2563 1165 2563 1337 2564 1247 2564 857 2564 1422 2565 1247 2565 1337 2565 1506 2566 1247 2566 1422 2566 1506 2567 1422 2567 1594 2567 1422 2568 1682 2568 1594 2568 1682 2569 1422 2569 1776 2569 1870 2570 1776 2570 1422 2570 1870 2571 1422 2571 1974 2571 1974 2572 1422 2572 2070 2572 2070 2573 2169 2573 1974 2573 1777 2574 1872 2574 1683 2574 1777 2575 1976 2575 1872 2575 2073 2576 1976 2576 1777 2576 1423 2577 1337 2577 857 2577 1423 2578 857 2578 1420 2578 857 2579 1335 2579 1420 2579 1335 2580 857 2580 1244 2580 857 2581 1162 2581 1244 2581 857 2582 1076 2582 1162 2582 1415 2583 1501 2583 1001 2583 929 2584 717 2584 857 2584 857 2585 717 2585 716 2585 717 2586 790 2586 592 2586 717 2587 858 2587 790 2587 717 2588 930 2588 858 2588 717 2589 1004 2589 930 2589 717 2590 1080 2590 1004 2590 1167 2591 1080 2591 717 2591 1167 2592 717 2592 1249 2592 1249 2593 717 2593 1246 2593 1246 2594 717 2594 1164 2594 717 2595 1077 2595 1164 2595 717 2596 1002 2596 1077 2596 1163 2597 1077 2597 1002 2597 1245 2598 1077 2598 1163 2598 1163 2599 1336 2599 1245 2599 1245 2600 1336 2600 1421 2600 1505 2601 1245 2601 1421 2601 1505 2602 1593 2602 1245 2602 1593 2603 1681 2603 1245 2603 931 2604 790 2604 858 2604 858 2605 1005 2605 931 2605 1081 2606 1005 2606 858 2606 1168 2607 1005 2607 1081 2607 1168 2608 1081 2608 1250 2608 1339 2609 1250 2609 1081 2609 1339 2610 1081 2610 1425 2610 1425 2611 1508 2611 1339 2611 790 2612 859 2612 592 2612 717 2613 929 2613 1002 2613 592 2614 719 2614 651 2614 592 2615 859 2615 932 2615 1006 2616 932 2616 859 2616 859 2617 1082 2617 1006 2617 1082 2618 1169 2618 1006 2618 1169 2619 1251 2619 1006 2619 1006 2620 1251 2620 1340 2620 1251 2621 1426 2621 1340 2621 1426 2622 1509 2622 1340 2622 1509 2623 1596 2623 1340 2623 1684 2624 1596 2624 1509 2624 1596 2625 1684 2625 1778 2625 1778 2626 1873 2626 1596 2626 1978 2627 1596 2627 1873 2627 1978 2628 2075 2628 1596 2628 592 2629 932 2629 1007 2629 1007 2630 1083 2630 592 2630 592 2631 1083 2631 1170 2631 1252 2632 592 2632 1170 2632 1252 2633 1172 2633 592 2633 1172 2634 1085 2634 592 2634 1009 2635 592 2635 1085 2635 592 2636 1009 2636 934 2636 592 2637 934 2637 861 2637 861 2638 791 2638 592 2638 791 2639 719 2639 592 2639 860 2640 719 2640 791 2640 933 2641 860 2641 791 2641 1008 2642 860 2642 933 2642 1008 2643 933 2643 1084 2643 1171 2644 1084 2644 933 2644 2075 2645 1978 2645 2173 2645 2265 2646 2075 2646 2173 2646 720 2647 862 2647 792 2647 2173 2648 2366 2648 2265 2648 2366 2649 2173 2649 2451 2649 720 2650 935 2650 862 2650 935 2651 1010 2651 862 2651 1010 2652 1086 2652 862 2652 1779 2653 2451 2653 2173 2653 2452 2654 2451 2654 1779 2654 2367 2655 2452 2655 1779 2655 2367 2656 1779 2656 2266 2656 2266 2657 1779 2657 2174 2657 1779 2658 2076 2658 2174 2658 1779 2659 1979 2659 2076 2659 1779 2660 1874 2660 1979 2660 1779 2661 1685 2661 1874 2661 1685 2662 1779 2662 1510 2662 1685 2663 1510 2663 1597 2663 1341 2664 1597 2664 1510 2664 1341 2665 1510 2665 1427 2665 1427 2666 1253 2666 1341 2666 1341 2667 1253 2667 1011 2667 1253 2668 1173 2668 1011 2668 1011 2669 1173 2669 1087 2669 938 2670 1011 2670 1087 2670 1254 2671 1087 2671 1173 2671 1254 2672 1173 2672 1342 2672 723 2673 653 2673 594 2673 594 2674 794 2674 723 2674 794 2675 594 2675 865 2675 938 2676 794 2676 865 2676 493 2677 383 2677 451 2677 865 2678 1011 2678 938 2678 539 2679 494 2679 593 2679 383 2680 493 2680 537 2680 383 2681 492 2681 449 2681 535 2682 492 2682 383 2682 383 2683 537 2683 535 2683 1778 2684 1977 2684 1873 2684 1873 2685 1977 2685 2074 2685 2074 2686 1977 2686 2172 2686 2448 2687 2612 2687 2536 2687 2448 2688 2606 2688 2612 2688 2606 2689 2755 2689 2612 2689 2612 2690 2755 2690 2759 2690 2692 2691 2612 2691 2759 2691 2606 2692 2754 2692 2755 2692 2440 2693 2606 2693 2448 2693 2440 2694 2605 2694 2606 2694 2692 2695 2536 2695 2612 2695 2606 2696 2605 2696 2754 2696 2605 2697 2818 2697 2754 2697 2818 2698 2605 2698 2753 2698 2688 2699 2753 2699 2605 2699 2439 2700 2688 2700 2605 2700 2604 2701 2688 2701 2439 2701 2264 2702 2074 2702 2172 2702 2440 2703 2448 2703 2356 2703 2440 2704 2356 2704 2254 2704 2439 2705 2529 2705 2604 2705 2439 2706 2605 2706 2440 2706 1001 2707 1501 2707 1503 2707 1001 2708 1076 2708 857 2708 1076 2709 1001 2709 1161 2709 1001 2710 1243 2710 1161 2710 1161 2711 1243 2711 1334 2711 1419 2712 1161 2712 1334 2712 1334 2713 1504 2713 1419 2713 1504 2714 1592 2714 1419 2714 1419 2715 1592 2715 1680 2715 1775 2716 1680 2716 1592 2716 1680 2717 1775 2717 1869 2717 1243 2718 1001 2718 1333 2718 1418 2719 1333 2719 1001 2719 1001 2720 1160 2720 1241 2720 1001 2721 1503 2721 1418 2721 1516 2722 1264 2722 1512 2722 1882 2134 1786 2134 1604 2134 1882 2134 1986 2134 1786 2134 1882 2134 2084 2134 1986 2134 1882 2134 2185 2134 2084 2134 2185 2723 2276 2723 2084 2723 1782 2134 1878 2134 1687 2134 1983 2134 1878 2134 1782 2134 2080 2134 1878 2134 1983 2134 1983 2724 2180 2724 2080 2724 2269 2134 2080 2134 2180 2134 2373 2725 2269 2725 2180 2725 2373 2726 2456 2726 2269 2726 2456 2727 2373 2727 2541 2727 2456 2728 2541 2728 2619 2728 2179 2134 1878 2134 2080 2134 2179 2134 2080 2134 2268 2134 2268 2134 2372 2134 2179 2134 2372 2134 2455 2134 2179 2134 2540 2729 2455 2729 2372 2729 2455 2730 2540 2730 2618 2730 2540 2731 2694 2731 2618 2731 2543 2134 2694 2134 2540 2134 2543 2134 2768 2134 2694 2134 2543 2134 2697 2134 2768 2134 2543 2134 2624 2134 2697 2134 2543 2134 2461 2134 2624 2134 2276 2134 2461 2134 2543 2134 2378 2732 2461 2732 2276 2732 2619 2733 2541 2733 2695 2733 2763 2134 2619 2134 2695 2134 2763 2134 2823 2134 2619 2134 2378 2734 2276 2734 2185 2734 2823 2134 2763 2134 2868 2134 2913 2134 2823 2134 2868 2134 2823 2735 2913 2735 2949 2735 2949 2134 2913 2134 2991 2134 3024 2134 2949 2134 2991 2134 3024 2736 3049 2736 2949 2736 3077 2737 3049 2737 3024 2737 3099 2134 3049 2134 3077 2134 2761 2134 2760 2134 2615 2134 2865 2738 2760 2738 2761 2738 2910 2739 2865 2739 2761 2739 2948 2134 2865 2134 2910 2134 2948 2134 2990 2134 2865 2134 3023 2134 2990 2134 2948 2134 3048 2134 2990 2134 3023 2134 3048 2134 3023 2134 3076 2134 3076 2134 3098 2134 3048 2134 3117 2134 3098 2134 3076 2134 3117 2134 3077 2134 3098 2134 2271 2740 2457 2740 2459 2740 2457 2741 2621 2741 2459 2741 2270 2742 2457 2742 2271 2742 2270 2743 2374 2743 2458 2743 3099 2134 3077 2134 3117 2134 3132 2744 3099 2744 3117 2744 3147 2134 3099 2134 3132 2134 2761 2134 2866 2134 2910 2134 2821 2134 2866 2134 2761 2134 2866 2134 2821 2134 2911 2134 2821 2745 2761 2745 2623 2745 2821 2746 2623 2746 2765 2746 2821 2747 2765 2747 2871 2747 2765 2748 2623 2748 2621 2748 2621 2749 2764 2749 2765 2749 2870 2750 2765 2750 2764 2750 2621 2751 2623 2751 2459 2751 2621 2752 2620 2752 2764 2752 2457 2753 2620 2753 2621 2753 2911 2134 2821 2134 2871 2134 2871 2134 2952 2134 2911 2134 2993 2134 2952 2134 2871 2134 2620 2754 2766 2754 2764 2754 2766 2755 2869 2755 2764 2755 2457 2756 2458 2756 2620 2756 2458 2757 2542 2757 2620 2757 2542 2758 2696 2758 2620 2758 2270 2759 2458 2759 2457 2759 2542 2760 2458 2760 2374 2760 2542 2761 2374 2761 2622 2761 2871 2762 2765 2762 2870 2762 2871 2763 2870 2763 2951 2763 2871 2764 2951 2764 2992 2764 2871 2765 2992 2765 3028 2765 1768 2766 1962 2766 1961 2766 1768 2767 1675 2767 1589 2767 1860 2768 1768 2768 1589 2768 2871 2134 3028 2134 2993 2134 3052 2134 2993 2134 3028 2134 3080 2134 2993 2134 3052 2134 1768 2769 1860 2769 1962 2769 2064 2770 1962 2770 1860 2770 3052 2134 3101 2134 3080 2134 3080 2134 3101 2134 3119 2134 2696 2771 2766 2771 2620 2771 2696 2772 2824 2772 2766 2772 2766 2773 2824 2773 2872 2773 2766 2774 2872 2774 2869 2774 2869 2775 2870 2775 2764 2775 2872 2776 2950 2776 2869 2776 2951 2777 2869 2777 2950 2777 2542 2778 2622 2778 2696 2778 2622 2779 2767 2779 2696 2779 2869 2780 2951 2780 2870 2780 2950 2781 3026 2781 2951 2781 3027 2782 2951 2782 3026 2782 3051 2134 3028 2134 2992 2134 3027 2783 2992 2783 2951 2783 3027 2134 3050 2134 2992 2134 1589 2784 1771 2784 1860 2784 1860 2785 1771 2785 1970 2785 1589 2786 1675 2786 1413 2786 2992 2134 3050 2134 3051 2134 3119 2134 3101 2134 3134 2134 3149 2787 3119 2787 3134 2787 1771 2788 1676 2788 1864 2788 3161 2789 3149 2789 3134 2789 3149 2134 3161 2134 3173 2134 1860 2790 1970 2790 2064 2790 2064 2791 1970 2791 2166 2791 2166 2792 2260 2792 2064 2792 3050 2134 3027 2134 3079 2134 1970 2793 1771 2793 2068 2793 3161 2134 3184 2134 3173 2134 3173 2134 3184 2134 3182 2134 3182 2134 3171 2134 3173 2134 2914 2794 2872 2794 2824 2794 2824 2795 2873 2795 2914 2795 2954 2796 2914 2796 2873 2796 2994 2797 2914 2797 2954 2797 2914 2798 2994 2798 2953 2798 2953 2799 2950 2799 2872 2799 2953 2800 2994 2800 3029 2800 3029 2801 3025 2801 2953 2801 3029 2802 3066 2802 3025 2802 3078 2803 3025 2803 3066 2803 3025 2804 3078 2804 3026 2804 3078 2805 3066 2805 3065 2805 3100 2806 3078 2806 3065 2806 3027 2807 3078 2807 3100 2807 3100 2808 3079 2808 3027 2808 3100 2809 3065 2809 3089 2809 3126 2134 3100 2134 3089 2134 3126 2810 3133 2810 3100 2810 3133 2134 3118 2134 3100 2134 3089 2134 3110 2134 3126 2134 3079 2134 3100 2134 3118 2134 2824 2811 2696 2811 2767 2811 3009 2812 2994 2812 2954 2812 2994 2813 3009 2813 2975 2813 2914 2814 2953 2814 2872 2814 2994 2815 2975 2815 3029 2815 2975 2816 3041 2816 3029 2816 3148 2134 3118 2134 3133 2134 3118 2134 3148 2134 3160 2134 2950 2817 2953 2817 3025 2817 3066 2818 3029 2818 3041 2818 3066 2819 3041 2819 3011 2819 3066 2820 3011 2820 3065 2820 3026 2821 2950 2821 3025 2821 3065 2822 3011 2822 3010 2822 3010 2823 3012 2823 3065 2823 3012 2824 3089 2824 3065 2824 3027 2825 3026 2825 3078 2825 2824 2826 2767 2826 2873 2826 3012 2827 3110 2827 3089 2827 3110 2828 3012 2828 3091 2828 3160 2134 3148 2134 3172 2134 3172 2134 3183 2134 3160 2134 3012 2134 3067 2134 3091 2134 3193 2134 3183 2134 3172 2134 3201 2206 3183 2206 3193 2206 2975 2829 3009 2829 2931 2829 2890 2830 2975 2830 2931 2830 2975 2831 2890 2831 2974 2831 2975 2832 2974 2832 3041 2832 3041 2833 2974 2833 3011 2833 2974 2834 2932 2834 3011 2834 2932 2835 3010 2835 3011 2835 2933 2836 3010 2836 2932 2836 2933 2837 3012 2837 3010 2837 3012 2838 2933 2838 2972 2838 3042 2134 3012 2134 2972 2134 2259 2839 2166 2839 1970 2839 2360 2840 2259 2840 1970 2840 3012 2841 3042 2841 3067 2841 3042 2842 3090 2842 3067 2842 3042 2843 2972 2843 3039 2843 3007 2844 3039 2844 2972 2844 2933 2845 2932 2845 2842 2845 2933 2846 2842 2846 2888 2846 2974 2847 2890 2847 2841 2847 2974 2848 2841 2848 2932 2848 3111 2134 3067 2134 3090 2134 2890 2849 2931 2849 2788 2849 2890 2850 2788 2850 2840 2850 3090 2134 3127 2134 3111 2134 3111 2134 3127 2134 3141 2134 2972 2134 2929 2134 3007 2134 3007 2851 2929 2851 2971 2851 3127 2134 3154 2134 3141 2134 3166 2852 3141 2852 3154 2852 2929 2853 2972 2853 2888 2853 2888 2854 2839 2854 2929 2854 2888 2855 2842 2855 2786 2855 2888 2856 2972 2856 2933 2856 2888 2857 2786 2857 2785 2857 2841 2858 2842 2858 2932 2858 2716 2859 2842 2859 2841 2859 2890 2860 2840 2860 2841 2860 2840 2861 2715 2861 2841 2861 2715 2862 2840 2862 2788 2862 2929 2134 2839 2134 2971 2134 2839 2863 2930 2863 2971 2863 3166 2134 3154 2134 3179 2134 3166 2134 3179 2134 3190 2134 2839 2134 2889 2134 2930 2134 2889 2134 2973 2134 2930 2134 3008 2134 2930 2134 2973 2134 3040 2134 3008 2134 2973 2134 3064 2134 3008 2134 3040 2134 2839 2864 2888 2864 2785 2864 2839 2865 2785 2865 2643 2865 2839 2134 2643 2134 2787 2134 2785 2866 2786 2866 2642 2866 2785 2867 2642 2867 2641 2867 3190 2134 3179 2134 3198 2134 3190 2134 3198 2134 3205 2134 2786 2868 2842 2868 2716 2868 2786 2869 2716 2869 2645 2869 2715 2870 2716 2870 2841 2870 2715 2871 2563 2871 2716 2871 2715 2872 2788 2872 2644 2872 3064 2134 3040 2134 3088 2134 3088 2206 3093 2206 3064 2206 2889 2134 2839 2134 2787 2134 3043 2134 3093 2134 3088 2134 3068 2873 3093 2873 3043 2873 3043 2874 3013 2874 3068 2874 3013 2134 3092 2134 3068 2134 3068 2134 3092 2134 3112 2134 3112 2134 3092 2134 3128 2134 3128 2134 3142 2134 3112 2134 3155 2134 3112 2134 3142 2134 3155 2134 3142 2134 3167 2134 3167 2134 3180 2134 3155 2134 3167 2875 3179 2875 3180 2875 3179 2134 3167 2134 3198 2134 3213 2876 3205 2876 3198 2876 3205 2877 3213 2877 3218 2877 3218 2134 3213 2134 3222 2134 3218 2878 3222 2878 3224 2878 3222 2879 3209 2879 3224 2879 3043 2880 2977 2880 3013 2880 2977 2134 2892 2134 3013 2134 3209 2134 3201 2134 3193 2134 3222 2134 3220 2134 3209 2134 3209 2134 3220 2134 3215 2134 2892 2881 2977 2881 2935 2881 2844 2882 2892 2882 2935 2882 2844 2134 2790 2134 2892 2134 3201 2883 3209 2883 3215 2883 2786 2884 2645 2884 2642 2884 2716 2885 2563 2885 2645 2885 2715 2886 2644 2886 2563 2886 3216 2134 3215 2134 3220 2134 3220 2887 3202 2887 3216 2887 3210 2134 3216 2134 3202 2134 2643 2134 2714 2134 2787 2134 2643 2888 2785 2888 2641 2888 2643 2889 2641 2889 2481 2889 2561 2890 2643 2890 2481 2890 2641 2891 2642 2891 2482 2891 2642 2892 2645 2892 2485 2892 2643 2134 2561 2134 2714 2134 2713 2893 2714 2893 2561 2893 2645 2894 2563 2894 2485 2894 2644 2895 2484 2895 2563 2895 2392 2896 2563 2896 2484 2896 2844 2134 2718 2134 2790 2134 2647 2897 2790 2897 2718 2897 3194 2134 3210 2134 3202 2134 2713 2134 2561 2134 2562 2134 2391 2898 2562 2898 2561 2898 2562 2899 2391 2899 2483 2899 2206 2900 2483 2900 2391 2900 2393 2134 2483 2134 2206 2134 2393 2134 2206 2134 2307 2134 2307 2134 2487 2134 2393 2134 2565 2134 2393 2134 2487 2134 2487 2134 2647 2134 2565 2134 2391 2901 2561 2901 2481 2901 2481 2902 2641 2902 2482 2902 2481 2903 2482 2903 2303 2903 2481 2904 2303 2904 2302 2904 2482 2905 2642 2905 2485 2905 2482 2906 2485 2906 2305 2906 2392 2907 2485 2907 2563 2907 2392 2908 2484 2908 2304 2908 2392 2909 2304 2909 2207 2909 2392 2910 2207 2910 2305 2910 3194 2134 3202 2134 3184 2134 2647 2911 2718 2911 2565 2911 3161 2134 3194 2134 3184 2134 2391 2912 2481 2912 2302 2912 2302 2913 2303 2913 2102 2913 2103 2914 2302 2914 2102 2914 2103 2915 2102 2915 1901 2915 2103 2916 1901 2916 1904 2916 2206 2917 2103 2917 1904 2917 2206 2918 1904 2918 2106 2918 2105 2919 2102 2919 2303 2919 2102 2920 2105 2920 1903 2920 2303 2921 2305 2921 2105 2921 2206 2922 2302 2922 2103 2922 1904 2923 1901 2923 1711 2923 1904 2924 1711 2924 1805 2924 2003 2925 1904 2925 1805 2925 1903 2926 1901 2926 2102 2926 1901 2927 1903 2927 1709 2927 2391 2928 2302 2928 2206 2928 1904 2929 2003 2929 2106 2929 2106 2134 2003 2134 2208 2134 2208 2134 2306 2134 2106 2134 2307 2134 2106 2134 2306 2134 2004 2930 1903 2930 2105 2930 2207 2931 2004 2931 2105 2931 2004 2932 2207 2932 2104 2932 2004 2933 2104 2933 1902 2933 2004 2934 1902 2934 1804 2934 2305 2935 2303 2935 2482 2935 2004 2936 1804 2936 1903 2936 2207 2937 2105 2937 2305 2937 1710 2938 1804 2938 1902 2938 1621 2939 1804 2939 1710 2939 1621 2940 1709 2940 1804 2940 2304 2941 2104 2941 2207 2941 1901 2942 1709 2942 1711 2942 1711 2943 1709 2943 1534 2943 1534 2944 1622 2944 1711 2944 2485 2945 2392 2945 2305 2945 1903 2946 1804 2946 1709 2946 1709 2947 1621 2947 1533 2947 1805 2948 1711 2948 1622 2948 1805 2949 1622 2949 1803 2949 1621 2950 1710 2950 1452 2950 2003 2951 1805 2951 1803 2951 1803 2952 2002 2952 2003 2952 2204 2134 2003 2134 2002 2134 2208 2134 2003 2134 2204 2134 2002 2134 2301 2134 2204 2134 1533 2953 1534 2953 1709 2953 1533 2954 1363 2954 1534 2954 1534 2955 1363 2955 1453 2955 1453 2956 1622 2956 1534 2956 1453 2957 1620 2957 1622 2957 1621 2958 1452 2958 1533 2958 1803 2959 1622 2959 1620 2959 1803 2960 1620 2960 1802 2960 2002 2961 1803 2961 1802 2961 2101 2962 2002 2962 1802 2962 2101 2134 2205 2134 2002 2134 2301 2134 2002 2134 2205 2134 2201 2963 2205 2963 2101 2963 2307 2134 2206 2134 2106 2134 2306 2134 2486 2134 2307 2134 1363 2964 1286 2964 1453 2964 1363 2965 1533 2965 1452 2965 1363 2966 1452 2966 1194 2966 1453 2967 1451 2967 1620 2967 1286 2968 1451 2968 1453 2968 1451 2969 1619 2969 1620 2969 1802 2970 1620 2970 1619 2970 1801 2971 1802 2971 1619 2971 2000 2972 1802 2972 1801 2972 1363 2973 1194 2973 1286 2973 1111 2974 1286 2974 1194 2974 1362 2975 1286 2975 1111 2975 1286 2976 1362 2976 1451 2976 1451 2977 1362 2977 1532 2977 1451 2978 1532 2978 1619 2978 1619 2979 1532 2979 1707 2979 1801 2980 1619 2980 1707 2980 1801 2981 1707 2981 1900 2981 2001 2982 1801 2982 1900 2982 2000 2134 2201 2134 2101 2134 2201 2134 2000 2134 2299 2134 2000 2983 2101 2983 1802 2983 2001 2984 2000 2984 1801 2984 2001 2134 2202 2134 2000 2134 2000 2985 2202 2985 2300 2985 2000 2986 2300 2986 2299 2986 2480 2338 2299 2338 2300 2338 2560 2134 2299 2134 2480 2134 2480 2134 2640 2134 2560 2134 2712 2134 2560 2134 2640 2134 2202 2134 2001 2134 2203 2134 1194 2987 1029 2987 1111 2987 1194 2988 1110 2988 1029 2988 886 2989 1029 2989 1110 2989 1029 2990 886 2990 959 2990 1194 2991 1283 2991 1110 2991 1283 2992 1287 2992 1110 2992 1287 2993 1196 2993 1110 2993 1030 2994 1110 2994 1196 2994 959 2995 1111 2995 1029 2995 959 2996 1195 2996 1111 2996 1111 2997 1195 2997 1285 2997 886 2998 1030 2998 960 2998 886 2999 1110 2999 1030 2999 886 3000 960 3000 671 3000 748 3001 886 3001 671 3001 1285 3002 1362 3002 1111 3002 1362 3003 1285 3003 1450 3003 1531 3004 1362 3004 1450 3004 1531 3005 1532 3005 1362 3005 1707 3006 1532 3006 1531 3006 1708 3007 1707 3007 1531 3007 1900 3008 1707 3008 1708 3008 1828 3009 1900 3009 1708 3009 1829 3010 1900 3010 1828 3010 748 3011 959 3011 886 3011 1829 3012 2001 3012 1900 3012 2712 3013 2640 3013 2784 3013 2784 2134 2838 2134 2712 2134 1195 3014 959 3014 1284 3014 1195 3015 1284 3015 1361 3015 959 3016 1360 3016 1284 3016 1360 3017 959 3017 1449 3017 748 3018 671 3018 672 3018 748 3019 672 3019 613 3019 613 3020 815 3020 748 3020 1450 3021 1561 3021 1531 3021 1450 3022 1285 3022 1530 3022 1562 3023 1450 3023 1530 3023 1708 3024 1531 3024 1561 3024 1708 3025 1561 3025 1650 3025 1828 3026 1708 3026 1650 3026 1828 3027 1650 3027 1647 3027 1829 2134 2203 2134 2001 2134 1829 2134 2131 2134 2203 2134 2034 3028 2131 3028 1829 3028 1829 3029 1828 3029 1647 3029 1647 3030 1648 3030 1829 3030 1933 2134 1829 2134 1648 2134 1933 3031 2034 3031 1829 3031 1933 2134 2130 2134 2034 2134 2231 2134 2034 2134 2130 2134 2130 2134 2329 2134 2231 2134 2231 3032 2329 3032 2409 3032 1562 3033 1530 3033 1477 3033 1562 3034 1477 3034 1389 3034 1561 3035 1562 3035 1389 3035 1933 3036 1648 3036 1830 3036 1561 3037 1450 3037 1562 3037 1389 3038 1474 3038 1561 3038 1650 3039 1561 3039 1474 3039 1650 3040 1474 3040 1473 3040 1647 3041 1650 3041 1473 3041 1647 3042 1473 3042 1472 3042 1648 3043 1647 3043 1472 3043 1648 3044 1472 3044 1558 3044 1558 2134 1737 2134 1648 2134 1830 2134 1648 2134 1737 2134 2329 2134 2504 2134 2409 2134 2577 2134 2409 2134 2504 2134 2784 2134 2887 2134 2838 2134 2504 2134 2659 2134 2577 2134 2577 3045 2659 3045 2730 3045 1737 3046 1558 3046 1649 3046 2928 2134 2838 2134 2887 2134 2796 2134 2730 2134 2659 2134 2730 2134 2796 2134 2847 2134 2847 3047 2894 3047 2730 3047 1477 3048 1310 3048 1389 3048 1220 3049 1389 3049 1310 3049 1474 3050 1389 3050 1220 3050 1474 3051 1220 3051 1307 3051 1473 3052 1474 3052 1307 3052 1307 3053 1306 3053 1473 3053 2847 3054 2937 3054 2894 3054 2847 2134 2979 2134 2937 2134 3006 3055 2937 3055 2979 3055 2970 2134 3006 2134 2979 2134 2887 2134 3006 2134 2970 2134 1472 3056 1473 3056 1306 3056 1305 3057 1472 3057 1306 3057 1305 3058 1306 3058 1128 3058 1305 3059 1128 3059 1127 3059 1308 3060 1305 3060 1127 3060 1306 3061 1307 3061 1129 3061 1308 3062 1127 3062 1218 3062 1307 3063 1220 3063 1217 3063 1310 3064 1047 3064 1220 3064 1047 3065 1130 3065 1220 3065 1649 2134 1558 2134 1308 2134 1649 2134 1308 2134 1738 2134 1831 2134 1738 2134 1308 2134 1651 2134 1831 2134 1308 2134 1475 2134 1651 2134 1308 2134 1559 2134 1651 2134 1475 2134 1934 3066 1738 3066 1831 3066 1738 3067 1934 3067 2035 3067 1308 3068 1472 3068 1305 3068 1127 3069 1128 3069 973 3069 973 3070 975 3070 1127 3070 1127 3071 975 3071 1046 3071 1306 3072 1129 3072 1128 3072 1129 3073 974 3073 1128 3073 1127 3074 1046 3074 1218 3074 1558 3075 1472 3075 1308 3075 1217 3076 1129 3076 1307 3076 976 3077 1129 3077 1217 3077 976 3078 1130 3078 1047 3078 1559 2134 1475 2134 1387 2134 2132 3079 2035 3079 1934 3079 2232 3032 2035 3032 2132 3032 1046 3080 1387 3080 1475 3080 1387 2134 1046 2134 1309 2134 2132 3081 2330 3081 2232 3081 2410 2134 2232 2134 2330 2134 1128 3082 974 3082 973 3082 974 3083 833 3083 973 3083 833 3084 834 3084 973 3084 974 3085 1129 3085 976 3085 976 3086 835 3086 974 3086 973 3087 834 3087 975 3087 834 3088 902 3088 975 3088 976 3089 1047 3089 903 3089 1046 3090 975 3090 902 3090 1046 3091 902 3091 1126 3091 1126 3092 1219 3092 1046 3092 1309 2134 1046 2134 1219 2134 1219 2134 1388 2134 1309 2134 1388 2134 1476 2134 1309 2134 2330 2134 2505 2134 2410 2134 2410 2184 2505 2184 2578 2184 1388 3093 1560 3093 1476 3093 1652 3094 1476 3094 1560 3094 2578 3095 2505 3095 2660 3095 2732 2134 2578 2134 2660 2134 2732 3096 2798 3096 2578 3096 1126 2134 1304 2134 1219 2134 1739 2134 1652 2134 1560 2134 1652 2134 1739 2134 1832 2134 835 3097 833 3097 974 3097 835 3098 697 3098 833 3098 835 3099 976 3099 903 3099 835 3100 903 3100 767 3100 833 3101 696 3101 834 3101 697 3102 696 3102 833 3102 834 3103 766 3103 902 3103 696 3104 766 3104 834 3104 766 3105 901 3105 902 3105 1045 3106 902 3106 901 3106 1304 2134 1126 2134 1216 2134 1045 3107 1216 3107 1126 3107 1045 3108 1215 3108 1216 3108 697 3109 835 3109 767 3109 630 3110 697 3110 767 3110 697 3111 630 3111 571 3111 697 3112 571 3112 696 3112 696 3113 571 3113 629 3113 696 3114 629 3114 766 3114 766 3115 629 3115 765 3115 766 3116 765 3116 901 3116 901 3117 765 3117 900 3117 1044 3118 901 3118 900 3118 1045 3119 1126 3119 902 3119 901 3120 1044 3120 1045 3120 1044 2134 1215 2134 1045 2134 1303 2134 1215 2134 1044 2134 1303 3121 1044 3121 1302 3121 1471 3122 1303 3122 1302 3122 1557 3123 1303 3123 1471 3123 630 3124 477 3124 571 3124 521 3125 571 3125 477 3125 571 3126 521 3126 629 3126 521 3127 695 3127 629 3127 629 3128 695 3128 765 3128 695 3129 769 3129 765 3129 765 3130 769 3130 900 3130 769 3131 905 3131 900 3131 1044 3132 900 3132 905 3132 1044 3133 905 3133 1048 3133 1044 2134 1048 2134 1214 2134 1557 2134 1471 2134 1646 2134 1736 3134 1557 3134 1646 3134 1739 2134 1935 2134 1832 2134 1044 2134 1214 2134 1302 2134 1646 2134 1827 2134 1736 2134 1932 3135 1736 3135 1827 3135 1048 3136 1223 3136 1214 3136 1935 2134 2036 2134 1832 2134 2033 2134 1932 2134 1827 2134 1932 2134 2033 2134 2129 2134 521 3137 477 3137 403 3137 521 3138 403 3138 572 3138 521 3139 572 3139 632 3139 695 3140 521 3140 632 3140 695 3141 632 3141 769 3141 632 3142 768 3142 769 3142 769 3143 768 3143 905 3143 905 3144 768 3144 904 3144 904 3145 1048 3145 905 3145 981 3146 1048 3146 904 3146 981 2134 1133 2134 1048 2134 981 3147 904 3147 838 3147 838 3148 1052 3148 981 3148 981 2134 1052 2134 1134 2134 768 3149 770 3149 904 3149 770 3150 771 3150 904 3150 632 3151 699 3151 768 3151 572 3152 699 3152 632 3152 572 3153 403 3153 631 3153 698 3154 572 3154 631 3154 1134 2134 1133 2134 981 2134 1134 3155 1052 3155 1224 3155 1224 3156 1313 3156 1134 3156 1052 3157 838 3157 1051 3157 633 3158 771 3158 770 3158 703 3159 771 3159 633 3159 703 3160 838 3160 771 3160 1048 2134 1133 2134 1223 2134 907 3161 838 3161 703 3161 904 3162 771 3162 838 3162 980 2134 838 2134 907 2134 768 3163 699 3163 770 3163 699 3164 702 3164 770 3164 572 3165 698 3165 699 3165 631 3166 575 3166 698 3166 698 3167 575 3167 634 3167 698 3168 634 3168 702 3168 980 2134 1051 2134 838 2134 1313 2134 1224 2134 1392 2134 1313 2134 1392 2134 1480 2134 907 2134 979 2134 980 2134 477 3169 437 3169 403 3169 437 3170 368 3170 403 3170 368 3171 334 3171 403 3171 367 3172 403 3172 334 3172 272 3173 367 3173 334 3173 336 3174 367 3174 272 3174 368 3175 270 3175 334 3175 437 3176 476 3176 368 3176 436 3177 368 3177 476 3177 366 3178 368 3178 436 3178 1480 2134 1392 2134 1565 2134 1480 2134 1565 2134 1655 2134 476 3179 437 3179 520 3179 476 3180 520 3180 570 3180 628 3181 476 3181 570 3181 694 3182 476 3182 628 3182 702 3183 633 3183 770 3183 702 3184 522 3184 633 3184 633 3185 522 3185 574 3185 633 3186 574 3186 703 3186 701 3187 703 3187 574 3187 836 3188 703 3188 701 3188 698 3189 702 3189 699 3189 702 3190 634 3190 522 3190 703 3191 836 3191 907 3191 523 3192 634 3192 575 3192 979 2134 907 2134 836 2134 836 3193 1049 3193 979 3193 1742 2134 1655 2134 1565 2134 1835 2134 1655 2134 1742 2134 1835 2134 1742 2134 1937 2134 1835 3194 1937 3194 2038 3194 1835 2134 2038 2134 2135 2134 2236 3195 2135 3195 2038 3195 2334 3196 2236 3196 2038 3196 2334 3197 2327 3197 2236 3197 1742 2134 1834 2134 1937 2134 1937 2134 1834 2134 1741 2134 2230 2134 2327 2134 2334 2134 2327 2134 2230 2134 2033 2134 2033 2134 2230 2134 2129 2134 1741 3198 1834 3198 1654 3198 1654 2134 1479 2134 1741 2134 2230 2134 2328 2134 2129 2134 2129 2134 2328 2134 2408 2134 520 3199 627 3199 570 3199 1654 2134 1564 2134 1479 2134 1564 2134 1391 2134 1479 2134 1391 2134 1312 2134 1479 2134 2413 2134 2408 2134 2328 2134 366 3200 270 3200 368 3200 977 2134 1049 2134 836 2134 977 3201 836 3201 906 3201 1050 2134 977 2134 906 2134 978 2134 1050 2134 906 2134 978 3202 1132 3202 1050 3202 1132 2134 1222 2134 1050 2134 1312 3203 1222 3203 1132 3203 634 3204 523 3204 522 3204 366 3205 333 3205 270 3205 270 3206 272 3206 334 3206 270 3207 333 3207 269 3207 270 3208 269 3208 182 3208 182 3209 211 3209 270 3209 2328 3210 2332 3210 2413 3210 2413 2134 2332 2134 2234 2134 272 3211 270 3211 211 3211 211 3212 241 3212 272 3212 299 3213 272 3213 241 3213 1312 2134 1391 2134 1222 2134 836 3214 701 3214 700 3214 131 3215 211 3215 182 3215 211 3216 131 3216 185 3216 523 3217 438 3217 522 3217 522 3218 478 3218 574 3218 478 3219 573 3219 574 3219 438 3220 478 3220 522 3220 2133 3221 2234 3221 2332 3221 1935 3222 2234 3222 2133 3222 523 3223 575 3223 479 3223 520 3224 692 3224 627 3224 762 3225 627 3225 692 3225 627 3226 762 3226 832 3226 627 3227 832 3227 763 3227 693 3228 627 3228 763 3228 570 3229 627 3229 693 3229 669 3230 570 3230 693 3230 241 3231 298 3231 299 3231 299 3232 336 3232 272 3232 628 3233 570 3233 669 3233 628 3234 764 3234 694 3234 744 3235 628 3235 669 3235 628 3236 744 3236 764 3236 669 3237 509 3237 744 3237 763 3238 832 3238 898 3238 898 3239 972 3239 763 3239 972 3240 899 3240 763 3240 811 3241 763 3241 899 3241 509 3242 669 3242 612 3242 553 3243 509 3243 612 3243 553 3244 467 3244 509 3244 394 3245 509 3245 467 3245 509 3246 394 3246 508 3246 394 3247 466 3247 508 3247 466 3248 394 3248 425 3248 394 3249 359 3249 425 3249 359 3250 465 3250 425 3250 359 3251 507 3251 465 3251 464 3252 507 3252 359 3252 359 3253 424 3253 464 3253 359 3254 360 3254 424 3254 424 3255 360 3255 463 3255 470 3256 463 3256 360 3256 360 3257 426 3257 470 3257 396 3258 426 3258 360 3258 426 3259 396 3259 469 3259 434 3260 469 3260 396 3260 434 3261 552 3261 469 3261 552 3262 434 3262 610 3262 434 3263 569 3263 610 3263 434 3264 519 3264 569 3264 519 3265 434 3265 366 3265 435 3266 366 3266 434 3266 366 3267 435 3267 402 3267 434 3268 396 3268 365 3268 402 3269 434 3269 365 3269 435 3270 434 3270 402 3270 612 3271 669 3271 693 3271 811 3272 612 3272 693 3272 811 3273 745 3273 612 3273 745 3274 670 3274 612 3274 811 3275 693 3275 763 3275 811 3276 899 3276 884 3276 1043 3277 899 3277 972 3277 1027 3278 899 3278 1043 3278 2505 3279 2731 3279 2660 3279 2133 3280 2036 3280 1935 3280 2233 2134 2036 2134 2133 2134 2233 3281 2331 3281 2036 3281 2412 2134 2036 2134 2331 2134 2412 3282 2331 3282 2507 3282 2507 2134 2580 2134 2412 2134 2662 2134 2412 2134 2580 2134 2580 2134 2734 2134 2662 2134 2662 3283 2734 3283 2800 3283 2662 2134 2800 2134 2797 2134 2897 2134 2797 2134 2800 2134 2797 2134 2897 2134 2849 2134 2849 2134 2731 2134 2797 2134 2233 2134 2411 2134 2331 2134 2411 3284 2506 3284 2331 3284 2506 2134 2411 2134 2579 2134 2661 2134 2506 2134 2579 2134 2733 3285 2661 3285 2579 3285 2579 3286 2799 3286 2733 3286 2733 2134 2799 2134 2851 2134 2799 3287 2898 3287 2851 3287 2898 2134 2799 2134 2939 2134 2799 2134 2981 2134 2939 2134 2980 3288 2981 3288 2799 3288 2980 3289 3014 3289 2981 3289 2938 2134 3014 2134 2980 2134 2849 3290 2896 3290 2731 3290 2980 2134 2896 2134 2938 2134 2505 2134 2797 2134 2731 2134 2938 3291 2896 3291 2849 3291 2798 2134 2732 2134 2850 2134 2850 2134 2732 2134 2895 2134 2848 3292 2850 3292 2895 3292 2848 3293 2796 3293 2659 3293 2895 3294 2796 3294 2848 3294 811 3295 884 3295 745 3295 612 3296 670 3296 553 3296 1027 3297 884 3297 899 3297 553 3298 611 3298 467 3298 746 3299 553 3299 670 3299 812 3300 553 3300 746 3300 885 3301 553 3301 812 3301 958 3302 553 3302 885 3302 1028 3303 553 3303 958 3303 1109 3304 553 3304 1028 3304 553 3305 1109 3305 1193 3305 360 3306 359 3306 294 3306 294 3307 325 3307 360 3307 359 3308 394 3308 326 3308 396 3309 360 3309 325 3309 2887 2134 2970 2134 2928 2134 523 3310 479 3310 438 3310 365 3311 396 3311 325 3311 365 3312 333 3312 402 3312 325 3313 297 3313 365 3313 185 3314 131 3314 148 3314 185 3315 241 3315 211 3315 241 3316 185 3316 271 3316 148 3317 173 3317 185 3317 172 3318 185 3318 173 3318 230 3319 185 3319 172 3319 611 3320 613 3320 467 3320 613 3321 611 3321 743 3321 743 3322 810 3322 613 3322 883 3323 613 3323 810 3323 957 3324 613 3324 883 3324 1026 3325 613 3325 957 3325 1108 3326 613 3326 1026 3326 613 3327 1108 3327 1192 3327 613 3328 554 3328 467 3328 554 3329 468 3329 467 3329 467 3330 468 3330 395 3330 478 3331 481 3331 573 3331 479 3332 298 3332 438 3332 438 3333 405 3333 478 3333 405 3334 438 3334 298 3334 478 3335 405 3335 481 3335 573 3336 700 3336 701 3336 573 3337 701 3337 574 3337 700 3338 906 3338 836 3338 700 3339 573 3339 577 3339 577 3340 705 3340 700 3340 837 3341 700 3341 705 3341 837 3342 906 3342 700 3342 271 3343 298 3343 241 3343 271 3344 335 3344 298 3344 335 3345 370 3345 298 3345 230 3346 271 3346 185 3346 405 3347 298 3347 370 3347 405 3348 370 3348 439 3348 335 3349 271 3349 369 3349 481 3350 577 3350 573 3350 439 3351 481 3351 405 3351 439 3352 525 3352 481 3352 525 3353 577 3353 481 3353 577 3354 525 3354 637 3354 705 3355 577 3355 637 3355 637 3356 775 3356 705 3356 837 2134 978 2134 906 2134 837 3357 705 3357 775 3357 837 3358 775 3358 912 3358 984 2134 837 2134 912 2134 369 3359 271 3359 404 3359 480 3360 439 3360 370 3360 524 3361 439 3361 480 3361 439 3362 524 3362 525 3362 525 3363 524 3363 635 3363 635 3364 637 3364 525 3364 635 3365 773 3365 637 3365 775 3366 637 3366 773 3366 775 3367 773 3367 909 3367 912 3368 775 3368 909 3368 912 3369 909 3369 1054 3369 912 2134 1054 2134 1137 2134 1057 3370 912 3370 1137 3370 576 3371 524 3371 480 3371 524 3372 576 3372 636 3372 524 3373 636 3373 635 3373 636 3374 772 3374 635 3374 773 3375 635 3375 772 3375 773 3376 772 3376 908 3376 773 3377 908 3377 909 3377 909 3378 908 3378 1053 3378 1136 3379 1054 3379 909 3379 1136 2134 1225 2134 1054 2134 202 3380 230 3380 172 3380 230 3381 202 3381 200 3381 202 3382 146 3382 200 3382 200 3383 146 3383 171 3383 171 3384 146 3384 99 3384 171 3385 99 3385 201 3385 201 3386 99 3386 228 3386 198 3387 228 3387 99 3387 99 3388 168 3388 198 3388 99 3389 146 3389 121 3389 99 3390 121 3390 81 3390 172 3391 121 3391 146 3391 202 3392 172 3392 146 3392 173 3393 121 3393 172 3393 121 3394 173 3394 123 3394 123 3395 173 3395 148 3395 91 3396 123 3396 148 3396 123 3397 91 3397 81 3397 164 3398 141 3398 116 3398 121 3399 123 3399 81 3399 81 3400 68 3400 99 3400 120 3401 99 3401 68 3401 120 3402 144 3402 99 3402 68 3403 145 3403 120 3403 120 3404 145 3404 170 3404 120 3405 170 3405 199 3405 199 3406 229 3406 120 3406 120 3407 229 3407 255 3407 286 3408 120 3408 255 3408 120 3409 286 3409 254 3409 120 3410 254 3410 227 3410 197 3411 120 3411 227 3411 167 3412 120 3412 197 3412 145 3413 68 3413 169 3413 81 3414 91 3414 69 3414 99 3415 144 3415 168 3415 144 3416 120 3416 167 3416 68 3417 53 3417 82 3417 68 3418 82 3418 100 3418 68 3419 100 3419 122 3419 122 3420 147 3420 68 3420 255 3421 315 3421 286 3421 602 3422 546 3422 500 3422 169 3423 68 3423 147 3423 91 3424 148 3424 131 3424 131 3425 107 3425 91 3425 91 3426 107 3426 63 3426 601 3427 733 3427 602 3427 734 3428 602 3428 733 3428 874 3429 734 3429 733 3429 602 3430 734 3430 661 3430 601 3431 731 3431 733 3431 731 3432 601 3432 660 3432 731 3433 660 3433 802 3433 661 3434 546 3434 602 3434 365 3435 297 3435 333 3435 804 3436 802 3436 660 3436 660 3437 601 3437 544 3437 544 3438 732 3438 660 3438 732 3439 804 3439 660 3439 544 3440 803 3440 732 3440 912 3441 1057 3441 984 3441 636 3442 839 3442 772 3442 837 3443 984 3443 978 3443 1137 2134 1054 2134 1225 2134 1225 3444 1136 3444 1315 3444 1053 3445 1136 3445 909 3445 1315 3446 1136 3446 1393 3446 1393 2134 1136 2134 1314 2134 1481 3447 1656 3447 1743 3447 1743 2134 1656 2134 1836 2134 1836 2134 1938 2134 1743 2134 1938 2134 1836 2134 2039 2134 2039 3448 2136 3448 1938 3448 2039 3449 2134 3449 2136 3449 2037 2873 2136 2873 2134 2873 984 2134 1131 2134 978 2134 1936 2134 2037 2134 2134 2134 1833 2134 2037 2134 1936 2134 1936 3450 1740 3450 1833 3450 1740 2134 1653 2134 1833 2134 1478 2134 1653 2134 1740 2134 1653 3451 1478 3451 1563 3451 1563 2134 1478 2134 1390 2134 1478 2134 1311 2134 1390 2134 1221 2134 1390 2134 1311 2134 1131 3452 1221 3452 1311 3452 2134 2134 2235 2134 1936 2134 2333 2134 2235 2134 2134 2134 2235 2134 2333 2134 2414 2134 2414 2134 2333 2134 2508 2134 2581 2134 2414 2134 2508 2134 1221 2134 1131 2134 984 2134 333 3453 366 3453 402 3453 297 3454 269 3454 333 3454 394 3455 395 3455 326 3455 325 3456 293 3456 297 3456 294 3457 237 3457 325 3457 293 3458 325 3458 237 3458 237 3459 264 3459 293 3459 264 3460 236 3460 293 3460 326 3461 294 3461 359 3461 265 3462 294 3462 326 3462 326 3463 395 3463 327 3463 672 3464 554 3464 613 3464 672 3465 671 3465 554 3465 671 3466 559 3466 554 3466 1196 3467 1287 3467 1364 3467 1196 3468 1197 3468 1030 3468 1365 3469 1197 3469 1196 3469 1454 3470 1197 3470 1365 3470 1454 3471 1366 3471 1197 3471 1197 3472 1366 3472 1288 3472 1197 3473 1288 3473 1112 3473 1364 3474 1365 3474 1196 3474 395 3475 394 3475 467 3475 1365 3476 1536 3476 1454 3476 1536 3477 1538 3477 1454 3477 1537 3478 1454 3478 1538 3478 1365 3479 1364 3479 1535 3479 1535 3480 1623 3480 1365 3480 107 3481 88 3481 63 3481 107 3482 131 3482 154 3482 107 3483 154 3483 184 3483 1365 3484 1623 3484 1536 3484 1713 3485 1536 3485 1623 3485 1807 3486 1536 3486 1713 3486 1712 3487 1623 3487 1535 3487 1712 3488 1806 3488 1623 3488 1714 3489 1538 3489 1536 3489 1806 3490 1712 3490 1905 3490 1905 3491 2006 3491 1806 3491 1907 3492 1806 3492 2006 3492 1907 3493 1713 3493 1806 3493 1712 3494 2005 3494 1905 3494 1905 3495 2005 3495 2107 3495 2107 3496 2209 3496 1905 3496 2108 3497 1905 3497 2209 3497 1713 3498 1623 3498 1806 3498 1713 3499 1906 3499 1807 3499 1713 3500 1907 3500 1906 3500 2306 3501 2564 3501 2486 3501 1537 3502 1538 3502 1366 3502 1537 3503 1366 3503 1454 3503 1624 3504 1538 3504 1714 3504 1455 3505 1538 3505 1624 3505 2646 3506 2486 3506 2564 3506 1905 3507 2108 3507 2006 3507 2110 3508 2006 3508 2108 3508 2006 3509 2110 3509 1907 3509 2110 3510 2109 3510 1907 3510 2308 3511 2108 3511 2209 3511 1808 3512 1624 3512 1714 3512 1624 3513 1717 3513 1540 3513 1624 3514 1808 3514 1908 3514 1908 3515 2007 3515 1624 3515 2007 3516 1914 3516 1624 3516 1624 3517 1914 3517 1811 3517 1906 3518 1907 3518 2109 3518 2210 3519 1906 3519 2109 3519 2646 2134 2564 2134 2717 2134 2646 2134 2717 2134 2789 2134 2010 3520 1811 3520 1914 3520 2115 3521 1811 3521 2010 3521 1811 3522 2115 3522 2216 3522 2216 3523 2116 3523 1811 3523 2116 3524 2011 3524 1811 3524 1811 3525 2011 3525 1909 3525 1811 3526 1909 3526 1717 3526 2717 2134 2843 2134 2789 2134 2891 2134 2789 2134 2843 2134 2934 2134 2789 2134 2891 2134 2928 3527 2970 3527 2976 3527 2934 3528 2976 3528 2970 3528 1366 3529 1538 3529 1455 3529 2934 2134 2891 2134 2976 2134 1540 3530 1455 3530 1624 3530 1455 3531 1288 3531 1366 3531 1367 3532 1455 3532 1540 3532 2110 3533 2310 3533 2109 3533 2310 3534 2311 3534 2109 3534 2110 3535 2108 3535 2309 3535 2309 3536 2395 3536 2110 3536 2109 3537 2311 3537 2210 3537 2394 3538 2309 3538 2108 3538 2394 3539 2108 3539 2489 3539 2309 3540 2394 3540 2488 3540 2488 3541 2490 3541 2309 3541 2117 3542 2257 3542 2211 3542 2257 3543 2067 3543 2163 3543 2117 3544 2401 3544 2257 3544 2257 3545 2401 3545 2498 3545 2498 3546 2442 3546 2257 3546 2359 3547 2257 3547 2442 3547 2359 3548 2164 3548 2257 3548 2258 3549 2164 3549 2359 3549 2258 3550 2165 3550 2164 3550 2165 3551 1969 3551 2164 3551 1909 3552 2011 3552 2117 3552 2117 3553 2011 3553 2217 3553 2117 3554 2217 3554 2316 3554 2117 3555 2316 3555 2400 3555 2400 3556 2497 3556 2117 3556 1909 3557 2111 3557 1910 3557 2068 3558 2165 3558 2258 3558 2067 3559 2164 3559 1969 3559 2257 3560 2164 3560 2067 3560 2401 3561 2117 3561 2497 3561 1969 3562 2068 3562 1771 3562 2068 3563 1969 3563 2165 3563 2309 3564 2490 3564 2395 3564 2310 3565 2110 3565 2395 3565 1717 3566 1909 3566 1715 3566 1717 3567 1624 3567 1811 3567 1455 3568 1367 3568 1288 3568 1367 3569 1540 3569 1539 3569 1367 3570 1112 3570 1288 3570 1367 3571 1370 3571 1112 3571 3171 2134 3182 2134 3147 2134 3147 3572 3159 3572 3171 3572 3147 2134 3132 2134 3159 2134 1112 3573 1030 3573 1197 3573 1913 3574 1625 3574 1810 3574 671 3575 747 3575 559 3575 559 3576 468 3576 554 3576 559 3577 747 3577 814 3577 559 3578 510 3578 512 3578 512 3579 428 3579 468 3579 468 3580 559 3580 512 3580 468 3581 397 3581 395 3581 395 3582 397 3582 327 3582 326 3583 327 3583 265 3583 294 3584 265 3584 237 3584 297 3585 240 3585 269 3585 671 3586 813 3586 747 3586 266 3587 265 3587 327 3587 207 3588 265 3588 266 3588 237 3589 180 3589 264 3589 237 3590 265 3590 207 3590 269 3591 240 3591 182 3591 328 3592 327 3592 397 3592 266 3593 328 3593 267 3593 327 3594 328 3594 266 3594 266 3595 267 3595 238 3595 207 3596 266 3596 238 3596 207 3597 238 3597 152 3597 152 3598 180 3598 207 3598 69 3599 63 3599 49 3599 63 3600 69 3600 91 3600 88 3601 61 3601 63 3601 90 3602 48 3602 109 3602 129 3603 90 3603 109 3603 129 3604 153 3604 90 3604 153 3605 129 3605 182 3605 209 3606 153 3606 182 3606 183 3607 90 3607 153 3607 183 3608 210 3608 90 3608 49 3609 54 3609 69 3609 49 3610 101 3610 54 3610 180 3611 237 3611 207 3611 180 3612 236 3612 264 3612 240 3613 209 3613 182 3613 240 3614 268 3614 209 3614 206 3615 236 3615 180 3615 110 3616 206 3616 180 3616 110 3617 152 3617 108 3617 152 3618 110 3618 180 3618 152 3619 238 3619 208 3619 152 3620 208 3620 181 3620 181 3621 128 3621 152 3621 238 3622 267 3622 208 3622 267 3623 239 3623 208 3623 9 3624 17 3624 12 3624 108 3625 152 3625 128 3625 89 3626 127 3626 86 3626 46 3627 59 3627 57 3627 57 3628 29 3628 46 3628 86 3629 127 3629 151 3629 151 3630 179 3630 86 3630 128 3631 181 3631 177 3631 127 3632 128 3632 177 3632 178 3633 127 3633 177 3633 181 3634 208 3634 239 3634 239 3635 261 3635 181 3635 234 3636 181 3636 261 3636 27 3637 12 3637 22 3637 27 3638 22 3638 38 3638 47 3639 27 3639 38 3639 29 3640 32 3640 46 3640 45 3641 29 3641 57 3641 38 3642 29 3642 45 3642 47 3643 43 3643 27 3643 47 3644 38 3644 60 3644 74 3645 47 3645 60 3645 38 3646 22 3646 29 3646 45 3647 58 3647 38 3647 74 3648 60 3648 87 3648 59 3649 72 3649 57 3649 58 3650 60 3650 38 3650 60 3651 58 3651 85 3651 261 3652 290 3652 234 3652 261 3653 239 3653 296 3653 60 3654 85 3654 87 3654 45 3655 57 3655 72 3655 72 3656 73 3656 45 3656 45 3657 73 3657 58 3657 58 3658 73 3658 84 3658 84 3659 105 3659 58 3659 85 3660 58 3660 105 3660 105 3661 126 3661 85 3661 105 3662 84 3662 126 3662 125 3663 126 3663 84 3663 125 3664 84 3664 104 3664 125 3665 104 3665 150 3665 73 3666 104 3666 84 3666 72 3667 103 3667 73 3667 124 3668 73 3668 103 3668 72 3669 59 3669 102 3669 59 3670 62 3670 86 3670 59 3671 86 3671 106 3671 150 3672 104 3672 176 3672 104 3673 73 3673 124 3673 124 3674 149 3674 104 3674 104 3675 149 3675 175 3675 176 3676 104 3676 175 3676 103 3677 72 3677 102 3677 124 3678 174 3678 149 3678 203 3679 149 3679 174 3679 231 3680 149 3680 203 3680 256 3681 149 3681 231 3681 287 3682 149 3682 256 3682 316 3683 149 3683 287 3683 351 3684 149 3684 316 3684 317 3685 149 3685 351 3685 288 3686 149 3686 317 3686 288 3687 257 3687 149 3687 232 3688 149 3688 257 3688 149 3689 232 3689 204 3689 149 3690 204 3690 175 3690 175 3691 204 3691 233 3691 175 3692 233 3692 260 3692 175 3693 260 3693 289 3693 320 3694 289 3694 260 3694 320 3695 260 3695 353 3695 353 3696 389 3696 320 3696 353 3697 421 3697 389 3697 353 3698 458 3698 421 3698 353 3699 503 3699 458 3699 503 3700 548 3700 458 3700 503 3701 606 3701 548 3701 664 3702 548 3702 606 3702 664 3703 606 3703 737 3703 737 3704 805 3704 664 3704 875 3705 664 3705 805 3705 664 3706 875 3706 948 3706 178 3707 151 3707 127 3707 151 3708 178 3708 205 3708 178 3709 177 3709 232 3709 232 3710 235 3710 178 3710 205 3711 178 3711 235 3711 233 3712 204 3712 259 3712 177 3713 181 3713 234 3713 204 3714 232 3714 258 3714 263 3715 232 3715 177 3715 259 3716 204 3716 258 3716 258 3717 319 3717 259 3717 259 3718 319 3718 352 3718 232 3719 263 3719 258 3719 318 3720 258 3720 263 3720 423 3721 323 3721 352 3721 323 3722 356 3722 292 3722 461 3723 423 3723 352 3723 352 3724 506 3724 461 3724 352 3725 502 3725 506 3725 605 3726 506 3726 502 3726 352 3727 457 3727 502 3727 457 3728 352 3728 420 3728 352 3729 388 3729 420 3729 263 3730 177 3730 292 3730 292 3731 324 3731 263 3731 292 3732 357 3732 324 3732 392 3733 357 3733 292 3733 392 3734 292 3734 391 3734 392 3735 391 3735 358 3735 356 3736 358 3736 391 3736 358 3737 356 3737 462 3737 357 3738 392 3738 358 3738 357 3739 358 3739 324 3739 358 3740 263 3740 324 3740 263 3741 358 3741 393 3741 356 3742 391 3742 292 3742 352 3743 319 3743 388 3743 262 3744 291 3744 322 3744 668 3745 742 3745 809 3745 668 3746 551 3746 609 3746 956 3747 881 3747 1024 3747 1025 3748 956 3748 1107 3748 1025 3749 882 3749 956 3749 1107 3750 1191 3750 1025 3750 1191 3751 1107 3751 1282 3751 1191 3752 1282 3752 1359 3752 1282 3753 1448 3753 1359 3753 1448 3754 1529 3754 1359 3754 1190 3755 1282 3755 1107 3755 1358 3756 1448 3756 1282 3756 1529 3757 1448 3757 1618 3757 1706 3758 1529 3758 1618 3758 1618 3759 1448 3759 1528 3759 1358 3760 1528 3760 1448 3760 1358 3761 1282 3761 1190 3761 1706 3762 1618 3762 1800 3762 1706 3763 1800 3763 1899 3763 1800 3764 1618 3764 1705 3764 1528 3765 1705 3765 1618 3765 1800 3766 1999 3766 1899 3766 1999 3767 2100 3767 1899 3767 1898 3768 1999 3768 1800 3768 2200 3769 2100 3769 1999 3769 2100 3770 2200 3770 2298 3770 2100 3771 2298 3771 2390 3771 2099 3772 2200 3772 1999 3772 2298 3773 2479 3773 2390 3773 2559 3774 2390 3774 2479 3774 1898 3775 1800 3775 1705 3775 1898 3776 2099 3776 1999 3776 2298 3777 2200 3777 2297 3777 2559 3778 2479 3778 2639 3778 2711 3779 2559 3779 2639 3779 2099 3780 2297 3780 2200 3780 2297 3781 2478 3781 2298 3781 2478 3782 2479 3782 2298 3782 2478 3783 2638 3783 2479 3783 2638 3784 2634 3784 2778 3784 2638 3785 2783 3785 2639 3785 2639 3786 2479 3786 2638 3786 2639 3787 2737 3787 2711 3787 2711 3788 2737 3788 2670 3788 2670 3789 2737 3789 2584 3789 2670 3790 2584 3790 2514 3790 2957 373 2958 373 2936 373 2957 373 2916 373 2996 373 3226 3791 3227 3791 3228 3791 3229 3791 3228 3791 3227 3791 3230 3792 3231 3792 3232 3792 3233 2134 3234 2134 3235 2134 3236 3793 3237 3793 3238 3793 3239 3794 3240 3794 3241 3794 3240 3795 3242 3795 3241 3795 3240 3796 3243 3796 3242 3796 3240 3797 3244 3797 3243 3797 3245 3798 3242 3798 3243 3798 3242 3799 3245 3799 3246 3799 3247 3792 3248 3792 3249 3792 3250 3800 3251 3800 3252 3800 3252 3801 3251 3801 3253 3801 3252 3802 3253 3802 3254 3802 3252 3803 3254 3803 3255 3803 3256 3804 3255 3804 3254 3804 3257 3805 3256 3805 3254 3805 3257 3806 3254 3806 3258 3806 3259 3807 3260 3807 3261 3807 3262 3808 3261 3808 3260 3808 3263 3809 3261 3809 3262 3809 3263 3810 3264 3810 3261 3810 3265 3811 3266 3811 3267 3811 3268 3812 3269 3812 3270 3812 3271 3813 3272 3813 3273 3813 3274 3814 3275 3814 3276 3814 3274 3815 3276 3815 3277 3815 3278 3816 3274 3816 3277 3816 3278 3817 3277 3817 3279 3817 3278 3818 3279 3818 3280 3818 3279 3819 3281 3819 3280 3819 3282 3820 3280 3820 3281 3820 3282 3821 3281 3821 3283 3821 3284 3822 3283 3822 3281 3822 3284 3823 3285 3823 3283 3823 3285 3824 3284 3824 3286 3824 3285 3825 3286 3825 3287 3825 3287 3826 3286 3826 3288 3826 3287 3827 3288 3827 3289 3827 3290 3791 3291 3791 3292 3791 3293 3828 3294 3828 3295 3828 3295 3829 3297 3829 3293 3829 3298 3830 3293 3830 3297 3830 3293 3831 3298 3831 3296 3831 3298 3832 3297 3832 3302 3832 3305 3833 3298 3833 3302 3833 3298 3834 3305 3834 3303 3834 3300 3835 3298 3835 3303 3835 3302 3836 3308 3836 3305 3836 3308 3837 3311 3837 3305 3837 3305 3838 3311 3838 3312 3838 3312 3839 3309 3839 3305 3839 3320 3840 3312 3840 3311 3840 3321 3840 3312 3840 3320 3840 3321 3840 3317 3840 3312 3840 3294 3841 3293 3841 3296 3841 3300 3842 3296 3842 3298 3842 3309 3843 3303 3843 3305 3843 3309 3844 3312 3844 3317 3844 3297 3845 3301 3845 3302 3845 3307 3846 3302 3846 3301 3846 3299 3847 3297 3847 3295 3847 3302 3848 3307 3848 3308 3848 3308 3849 3307 3849 3315 3849 3316 3850 3308 3850 3315 3850 3316 3851 3311 3851 3308 3851 3321 3840 3328 3840 3317 3840 3319 3840 3311 3840 3316 3840 3328 3840 3330 3840 3317 3840 3326 3840 3311 3840 3319 3840 3311 3840 3326 3840 3320 3840 3335 3840 3330 3840 3328 3840 3330 3840 3335 3840 3339 3840 3344 3840 3339 3840 3335 3840 3347 3840 3339 3840 3344 3840 3316 3840 3327 3840 3319 3840 3325 3852 3316 3852 3315 3852 3315 3853 3307 3853 3314 3853 3314 3854 3323 3854 3315 3854 3307 3855 3301 3855 3306 3855 3299 3856 3301 3856 3297 3856 3301 3857 3299 3857 3304 3857 3316 3840 3325 3840 3327 3840 3334 3840 3327 3840 3325 3840 3344 3840 3352 3840 3347 3840 3352 3840 3355 3840 3347 3840 3325 3840 3338 3840 3334 3840 3325 3858 3315 3858 3323 3858 3325 3859 3323 3859 3332 3859 3337 3860 3325 3860 3332 3860 3324 3861 3323 3861 3314 3861 3314 3862 3307 3862 3306 3862 3314 3863 3306 3863 3318 3863 3304 3864 3306 3864 3301 3864 3306 3865 3304 3865 3310 3865 3313 3866 3306 3866 3310 3866 3337 3840 3338 3840 3325 3840 3338 3840 3337 3840 3346 3840 3358 3840 3355 3840 3352 3840 3360 3840 3355 3840 3358 3840 3355 3840 3360 3840 3362 3840 3362 3840 3360 3840 3364 3840 3364 3840 3366 3840 3362 3840 3366 3840 3368 3840 3362 3840 3366 3840 3370 3840 3368 3840 3370 3840 3372 3840 3368 3840 3370 3840 3374 3840 3372 3840 3372 3840 3374 3840 3376 3840 3376 3840 3374 3840 3378 3840 3378 3840 3380 3840 3376 3840 3378 3840 3382 3840 3380 3840 3380 3840 3382 3840 3384 3840 3382 3840 3386 3840 3384 3840 3386 3840 3388 3840 3384 3840 3384 3840 3388 3840 3390 3840 3392 3840 3390 3840 3388 3840 3390 3840 3392 3840 3394 3840 3394 3840 3392 3840 3396 3840 3398 3840 3394 3840 3396 3840 3398 3840 3400 3840 3394 3840 3346 3840 3337 3840 3342 3840 3342 3840 3350 3840 3346 3840 3313 3867 3318 3867 3306 3867 3324 3868 3332 3868 3323 3868 3333 3869 3332 3869 3324 3869 3333 3870 3341 3870 3332 3870 3341 3871 3342 3871 3332 3871 3318 3872 3313 3872 3322 3872 3318 3873 3324 3873 3314 3873 3324 3874 3318 3874 3329 3874 3322 3875 3329 3875 3318 3875 3400 3840 3398 3840 3402 3840 3402 3840 3404 3840 3400 3840 3350 3840 3342 3840 3354 3840 3342 3840 3349 3840 3354 3840 3354 3840 3349 3840 3357 3840 3349 3876 3342 3876 3341 3876 3342 3877 3337 3877 3332 3877 3341 3878 3333 3878 3343 3878 3348 3879 3341 3879 3343 3879 3329 3880 3333 3880 3324 3880 3333 3881 3329 3881 3336 3881 3331 3882 3329 3882 3322 3882 3406 3840 3404 3840 3402 3840 3408 3840 3404 3840 3406 3840 3404 3840 3408 3840 3410 3840 3357 3840 3349 3840 3359 3840 3357 3840 3359 3840 3361 3840 3349 3883 3341 3883 3348 3883 3356 3884 3349 3884 3348 3884 3343 3885 3353 3885 3348 3885 3363 3840 3361 3840 3359 3840 3363 3840 3365 3840 3361 3840 3333 3886 3336 3886 3343 3886 3336 3887 3345 3887 3343 3887 3351 3888 3343 3888 3345 3888 3331 3889 3336 3889 3329 3889 3336 3890 3331 3890 3340 3890 3408 3840 3412 3840 3410 3840 3410 3840 3412 3840 3414 3840 3363 3840 3367 3840 3365 3840 3359 3891 3349 3891 3356 3891 3356 3892 3348 3892 3353 3892 3351 3893 3353 3893 3343 3893 3340 3894 3345 3894 3336 3894 3369 3840 3365 3840 3367 3840 3367 3840 3371 3840 3369 3840 3371 3840 3373 3840 3369 3840 3375 3840 3373 3840 3371 3840 3377 3840 3373 3840 3375 3840 3375 3840 3379 3840 3377 3840 3379 3840 3375 3840 3381 3840 3381 3840 3383 3840 3379 3840 3383 3840 3381 3840 3385 3840 3385 3840 3381 3840 3387 3840 3389 3840 3385 3840 3387 3840 3391 3840 3389 3840 3387 3840 3393 3840 3389 3840 3391 3840 3391 3840 3395 3840 3393 3840 3397 3840 3395 3840 3391 3840 3395 3840 3397 3840 3399 3840 3399 3840 3397 3840 3401 3840 3403 3840 3399 3840 3401 3840 3401 3840 3405 3840 3403 3840 3407 3840 3405 3840 3401 3840 3409 3840 3407 3840 3401 3840 3411 3840 3407 3840 3409 3840 3411 3840 3409 3840 3413 3840 3413 3840 3415 3840 3411 3840 3415 3840 3413 3840 3417 3840 3419 3840 3417 3840 3413 3840 3417 3840 3419 3840 3421 3840 3423 3840 3421 3840 3419 3840 3425 3840 3421 3840 3423 3840 3425 3840 3423 3840 3427 3840 3427 3840 3423 3840 3429 3840 3431 3840 3427 3840 3429 3840 3433 3840 3431 3840 3429 3840 3431 3840 3433 3840 3435 3840 3437 3840 3435 3840 3433 3840 3439 3840 3437 3840 3433 3840 3439 3840 3441 3840 3437 3840 3439 3840 3440 3840 3441 3840 3440 3840 3442 3840 3441 3840 3440 3840 3438 3840 3442 3840 3438 3840 3440 3840 3436 3840 3436 3840 3432 3840 3438 3840 3432 3840 3436 3840 3434 3840 3432 3840 3434 3840 3430 3840 3430 3840 3428 3840 3432 3840 3430 3840 3424 3840 3428 3840 3426 3840 3428 3840 3424 3840 3426 3840 3424 3840 3422 3840 3420 3840 3422 3840 3424 3840 3420 3840 3418 3840 3422 3840 3418 3840 3420 3840 3414 3840 3414 3840 3416 3840 3418 3840 3414 3840 3412 3840 3416 3840 3443 3895 3444 3895 3445 3895 3445 3896 3447 3896 3443 3896 3445 3897 3449 3897 3447 3897 3449 3898 3450 3898 3447 3898 3451 3899 3450 3899 3449 3899 3450 3900 3451 3900 3452 3900 3443 3901 3446 3901 3444 3901 3444 3902 3446 3902 3448 3902 3454 3903 3452 3903 3451 3903 3454 3904 3455 3904 3452 3904 3451 3905 3449 3905 3453 3905 3454 3906 3457 3906 3455 3906 3457 3907 3458 3907 3455 3907 3453 3908 3454 3908 3451 3908 3453 3909 3456 3909 3454 3909 3458 3910 3457 3910 3460 3910 3461 3911 3458 3911 3460 3911 3454 3912 3456 3912 3457 3912 3457 3913 3456 3913 3459 3913 3460 3914 3457 3914 3459 3914 3460 3915 3459 3915 3462 3915 3462 3916 3463 3916 3460 3916 3463 3917 3461 3917 3460 3917 3464 3918 3461 3918 3463 3918 3462 3919 3465 3919 3463 3919 3465 3920 3466 3920 3463 3920 3468 3921 3466 3921 3465 3921 3466 3922 3468 3922 3469 3922 3466 3923 3469 3923 3467 3923 3467 3924 3464 3924 3466 3924 3464 3925 3463 3925 3466 3925 3471 3926 3469 3926 3468 3926 3471 3927 3472 3927 3469 3927 3469 3928 3472 3928 3470 3928 3469 3929 3470 3929 3467 3929 3472 3930 3471 3930 3474 3930 3472 3931 3474 3931 3473 3931 3473 3932 3470 3932 3472 3932 3473 3933 3474 3933 3475 3933 3473 3934 3475 3934 3476 3934 3475 3935 3477 3935 3476 3935 3477 3936 3475 3936 3478 3936 3478 3937 3479 3937 3477 3937 3479 3938 3478 3938 3480 3938 3480 3939 3481 3939 3479 3939 3481 3940 3480 3940 3482 3940 3481 3941 3482 3941 3483 3941 3484 3942 3483 3942 3482 3942 3482 3943 3485 3943 3484 3943 3485 3944 3486 3944 3484 3944 3486 3945 3485 3945 3487 3945 3486 3946 3487 3946 3488 3946 3488 3947 3487 3947 3489 3947 3489 3948 3490 3948 3488 3948 3490 3949 3489 3949 3491 3949 3491 3950 3492 3950 3490 3950 3492 3951 3491 3951 3493 3951 3493 3951 3494 3951 3492 3951 3494 3952 3493 3952 3495 3952 3495 3953 3493 3953 3496 3953 3496 3954 3497 3954 3495 3954 3497 3955 3496 3955 3498 3955 3497 3956 3498 3956 3499 3956 3499 3957 3498 3957 3500 3957 3499 3958 3500 3958 3501 3958 3502 3959 3501 3959 3500 3959 3500 3960 3503 3960 3502 3960 3503 3961 3504 3961 3502 3961 3504 3962 3503 3962 3505 3962 3504 3963 3505 3963 3506 3963 3505 3964 3507 3964 3506 3964 3506 3965 3507 3965 3508 3965 3509 3966 3508 3966 3507 3966 3509 3967 3507 3967 3510 3967 3509 3968 3510 3968 3511 3968 3509 3969 3511 3969 3513 3969 3511 3970 3514 3970 3513 3970 3514 3971 3516 3971 3513 3971 3511 3972 3510 3972 3512 3972 3517 3973 3516 3973 3514 3973 3517 3974 3519 3974 3516 3974 3512 3975 3514 3975 3511 3975 3514 3976 3512 3976 3515 3976 3517 3977 3520 3977 3519 3977 3520 3978 3522 3978 3519 3978 3517 3979 3514 3979 3515 3979 3515 3980 3518 3980 3517 3980 3520 3981 3517 3981 3518 3981 3518 3982 3521 3982 3520 3982 3523 3983 3520 3983 3521 3983 3520 3984 3523 3984 3524 3984 3520 3985 3524 3985 3522 3985 3523 3986 3521 3986 3525 3986 3523 3987 3525 3987 3527 3987 3527 3988 3526 3988 3523 3988 3524 3989 3523 3989 3526 3989 3527 3990 3525 3990 3528 3990 3527 3991 3528 3991 3530 3991 3529 3992 3527 3992 3530 3992 3527 3993 3529 3993 3526 3993 3531 3994 3530 3994 3528 3994 3531 3995 3529 3995 3530 3995 3531 3996 3528 3996 3532 3996 3531 3997 3532 3997 3533 3997 3533 3998 3532 3998 3534 3998 3533 3999 3534 3999 3535 3999 3535 4000 3534 4000 3536 4000 3537 4001 3535 4001 3536 4001 3538 4002 3537 4002 3536 4002 3539 4003 3540 4003 3541 4003 3540 4004 3539 4004 3542 4004 3542 4005 3543 4005 3540 4005 3543 4006 3542 4006 3544 4006 3545 4007 3546 4007 3547 4007 3548 4008 3549 4008 3550 4008 3551 4009 3552 4009 3553 4009 3553 4010 3554 4010 3551 4010 3554 4011 3553 4011 3555 4011 3555 4012 3556 4012 3554 4012 3555 4013 3557 4013 3556 4013 3556 4014 3557 4014 3558 4014 3559 4015 3558 4015 3557 4015 3559 4016 3560 4016 3558 4016 3561 4017 3562 4017 3563 4017 3562 4018 3561 4018 3564 4018 3565 4019 3561 4019 3563 4019 3563 4020 3566 4020 3565 4020 3565 4021 3566 4021 3567 4021 3566 4022 3568 4022 3567 4022 3567 4023 3568 4023 3569 4023 3570 4024 3569 4024 3568 4024 3571 4025 3572 4025 3573 4025 3574 4026 3573 4026 3572 4026 3571 4027 3573 4027 3575 4027 3574 4028 3572 4028 3576 4028 3574 4029 3576 4029 3577 4029 3576 4030 3578 4030 3577 4030 3577 4031 3578 4031 3579 4031 3580 4032 3579 4032 3578 4032 3581 4033 3582 4033 3583 4033 3583 4034 3584 4034 3581 4034 3584 4035 3583 4035 3585 4035 3586 4036 3584 4036 3585 4036 3587 4037 3586 4037 3585 4037 3587 4038 3588 4038 3586 4038 3587 4039 3589 4039 3588 4039 3588 4040 3589 4040 3590 4040 3590 2134 3589 2134 3591 2134 3591 2134 3592 2134 3590 2134 3593 4041 3594 4041 3595 4041 3596 4042 3595 4042 3594 4042 3597 4043 3595 4043 3596 4043 3598 4043 3597 4043 3596 4043 3599 4044 3597 4044 3598 4044 3598 4045 3600 4045 3599 4045 3600 4046 3601 4046 3599 4046 3601 4047 3600 4047 3602 4047 3603 4048 3604 4048 3605 4048 3603 4049 3605 4049 3606 4049 3603 4050 3606 4050 3607 4050 3603 4051 3607 4051 3608 4051 3609 4052 3608 4052 3607 4052 3610 4053 3608 4053 3609 4053 3610 4054 3609 4054 3611 4054 3610 4055 3611 4055 3612 4055 3613 4056 3614 4056 3615 4056 3614 4057 3613 4057 3616 4057 3616 4058 3613 4058 3617 4058 3616 4059 3617 4059 3618 4059 3619 4060 3618 4060 3617 4060 3617 4061 3620 4061 3619 4061 3621 4062 3619 4062 3620 4062 3620 4063 3622 4063 3621 4063 3623 4064 3624 4064 3625 4064 3625 4065 3624 4065 3626 4065 3627 4066 3625 4066 3626 4066 3628 4067 3627 4067 3626 4067 3628 4068 3629 4068 3627 4068 3628 4069 3630 4069 3629 4069 3631 4070 3629 4070 3630 4070 3630 4071 3632 4071 3631 4071 3633 4072 3634 4072 3635 4072 3635 4073 3634 4073 3636 4073 3637 4074 3635 4074 3636 4074 3637 4075 3636 4075 3638 4075 3639 4076 3637 4076 3638 4076 3639 4077 3638 4077 3640 4077 3640 4078 3641 4078 3639 4078 3641 4079 3640 4079 3642 4079 3643 4080 3644 4080 3645 4080 3645 4081 3646 4081 3643 4081 3643 4082 3646 4082 3647 4082 3648 4083 3647 4083 3646 4083 3649 4084 3647 4084 3648 4084 3650 4085 3649 4085 3648 4085 3649 4086 3650 4086 3651 4086 3649 4087 3651 4087 3652 4087 3653 4088 3654 4088 3655 4088 3655 4089 3656 4089 3653 4089 3655 4090 3657 4090 3656 4090 3656 4091 3657 4091 3658 4091 3658 4092 3657 4092 3659 4092 3658 4093 3659 4093 3660 4093 3659 4094 3661 4094 3660 4094 3660 4095 3661 4095 3662 4095 3663 4096 3664 4096 3665 4096 3663 4097 3665 4097 3666 4097 3667 4098 3666 4098 3665 4098 3668 4099 3666 4099 3667 4099 3668 4100 3667 4100 3669 4100 3668 4101 3669 4101 3670 4101 3670 4102 3669 4102 3671 4102 3672 4102 3670 4102 3671 4102 3672 4103 3671 4103 3673 4103 3674 4104 3673 4104 3671 4104 3675 4105 3676 4105 3677 4105 3678 4106 3677 4106 3676 4106 3679 4107 3677 4107 3678 4107 3680 4108 3679 4108 3678 4108 3681 4109 3679 4109 3680 4109 3680 4110 3682 4110 3681 4110 3682 4111 3683 4111 3681 4111 3683 4112 3682 4112 3684 4112 3685 4113 3686 4113 3687 4113 3687 4114 3686 4114 3688 4114 3689 4115 3687 4115 3688 4115 3690 4116 3687 4116 3689 4116 3690 4117 3689 4117 3691 4117 3691 4118 3692 4118 3690 4118 3692 4119 3691 4119 3693 4119 3693 4120 3694 4120 3692 4120 3695 4121 3696 4121 3697 4121 3697 4122 3696 4122 3698 4122 3699 4123 3697 4123 3698 4123 3700 4124 3697 4124 3699 4124 3700 4125 3699 4125 3701 4125 3701 4126 3702 4126 3700 4126 3702 4127 3701 4127 3703 4127 3703 4128 3704 4128 3702 4128 3705 4129 3706 4129 3707 4129 3708 4130 3706 4130 3705 4130 3708 4131 3705 4131 3709 4131 3708 4132 3709 4132 3710 4132 3710 4133 3709 4133 3711 4133 3712 4134 3710 4134 3711 4134 3713 4135 3712 4135 3711 4135 3714 4136 3712 4136 3713 4136 3715 4137 3716 4137 3717 4137 3716 4138 3715 4138 3718 4138 3718 4139 3715 4139 3719 4139 3718 4140 3719 4140 3720 4140 3720 4141 3719 4141 3721 4141 3721 4142 3722 4142 3720 4142 3721 4143 3723 4143 3722 4143 3724 4144 3722 4144 3723 4144 3725 4145 3726 4145 3727 4145 3728 4146 3726 4146 3725 4146 3728 4147 3725 4147 3729 4147 3728 4148 3729 4148 3730 4148 3731 4149 3730 4149 3729 4149 3732 4150 3730 4150 3731 4150 3732 4151 3731 4151 3733 4151 3732 4152 3733 4152 3734 4152 3735 4153 3736 4153 3737 4153 3738 4154 3735 4154 3737 4154 3737 4155 3739 4155 3738 4155 3740 4156 3738 4156 3739 4156 3741 4157 3742 4157 3743 4157 3744 4158 3743 4158 3742 4158 3743 4159 3744 4159 3745 4159 3745 4160 3744 4160 3746 4160 3747 4161 3748 4161 3749 4161 3748 4162 3747 4162 3750 4162 3749 4163 3751 4163 3747 4163 3752 4164 3751 4164 3749 4164 3751 4165 3752 4165 3753 4165 3752 4166 3754 4166 3753 4166 3755 4167 3753 4167 3754 4167 3755 4168 3754 4168 3756 4168 3757 373 3755 373 3756 373 3756 373 3758 373 3757 373 3759 4169 3760 4169 3761 4169 3761 4170 3762 4170 3759 4170 3763 4171 3759 4171 3762 4171 3763 4172 3762 4172 3764 4172 3763 4173 3764 4173 3765 4173 3764 4174 3766 4174 3765 4174 3766 4175 3767 4175 3765 4175 3768 4176 3767 4176 3766 4176 3769 4177 3770 4177 3771 4177 3772 4178 3771 4178 3770 4178 3769 4179 3771 4179 3773 4179 3772 4180 3770 4180 3774 4180 3772 4181 3774 4181 3775 4181 3774 4182 3776 4182 3775 4182 3775 4183 3776 4183 3777 4183 3778 4184 3777 4184 3776 4184 3779 4185 3780 4185 3781 4185 3779 4186 3781 4186 3782 4186 3783 4187 3782 4187 3781 4187 3784 4188 3782 4188 3783 4188 3784 4189 3783 4189 3785 4189 3785 4190 3786 4190 3784 4190 3786 4191 3785 4191 3787 4191 3787 4192 3788 4192 3786 4192 3789 4193 3790 4193 3791 4193 3792 4194 3789 4194 3791 4194 3791 4195 3793 4195 3792 4195 3794 4196 3792 4196 3793 4196 3793 4197 3795 4197 3794 4197 3794 4198 3795 4198 3796 4198 3796 4199 3795 4199 3797 4199 3798 4200 3796 4200 3797 4200 3799 4201 3800 4201 3801 4201 3799 4202 3801 4202 3802 4202 3803 4203 3802 4203 3801 4203 3804 4204 3802 4204 3803 4204 3804 4205 3803 4205 3805 4205 3805 4206 3806 4206 3804 4206 3806 4207 3805 4207 3807 4207 3807 4208 3808 4208 3806 4208 3809 4209 3810 4209 3811 4209 3812 4210 3810 4210 3809 4210 3812 4211 3809 4211 3813 4211 3812 4212 3813 4212 3814 4212 3815 4213 3814 4213 3813 4213 3816 4214 3814 4214 3815 4214 3816 4215 3815 4215 3817 4215 3816 4216 3817 4216 3818 4216 3819 4217 3820 4217 3821 4217 3820 4218 3819 4218 3822 4218 3822 4219 3819 4219 3823 4219 3822 4220 3823 4220 3824 4220 3823 4221 3825 4221 3824 4221 3825 4222 3826 4222 3824 4222 3826 4223 3825 4223 3827 4223 3828 4224 3826 4224 3827 4224 3829 4225 3830 4225 3831 4225 3832 4226 3830 4226 3829 4226 3832 4227 3829 4227 3833 4227 3832 4228 3833 4228 3834 4228 3833 4229 3835 4229 3834 4229 3835 4230 3836 4230 3834 4230 3836 4231 3835 4231 3837 4231 3837 4232 3838 4232 3836 4232 3839 4233 3840 4233 3841 4233 3839 4234 3842 4234 3840 4234 3842 4235 3839 4235 3843 4235 3843 4236 3839 4236 3844 4236 3844 4237 3845 4237 3843 4237 3845 4238 3844 4238 3846 4238 3846 4239 3847 4239 3845 4239 3846 4240 3848 4240 3847 4240 3849 4241 3850 4241 3851 4241 3851 4242 3852 4242 3849 4242 3853 4243 3849 4243 3852 4243 3852 4244 3854 4244 3853 4244 3854 4245 3855 4245 3853 4245 3856 4246 3855 4246 3854 4246 3855 4247 3856 4247 3857 4247 3856 4248 3858 4248 3857 4248 3859 4249 3860 4249 3861 4249 3861 4250 3860 4250 3862 4250 3863 4251 3861 4251 3862 4251 3864 4252 3863 4252 3862 4252 3863 4253 3864 4253 3865 4253 3864 4254 3866 4254 3865 4254 3867 4255 3865 4255 3866 4255 3867 4256 3866 4256 3868 4256 3869 4257 3870 4257 3871 4257 3870 4258 3869 4258 3872 4258 3871 4259 3873 4259 3869 4259 3874 4260 3873 4260 3871 4260 3873 4261 3874 4261 3875 4261 3874 4262 3876 4262 3875 4262 3877 4263 3875 4263 3876 4263 3877 4264 3876 4264 3878 4264 3879 373 3877 373 3878 373 3878 4265 3880 4265 3879 4265 3881 4266 3882 4266 3883 4266 3884 4267 3885 4267 3886 4267 3887 4268 3885 4268 3884 4268 3887 4269 3884 4269 3888 4269 3887 4270 3888 4270 3889 4270 3890 373 3891 373 3892 373 3891 373 3890 373 3893 373 3894 4271 3895 4271 3896 4271 3895 4272 3894 4272 3897 4272 3898 3840 3899 3840 3900 3840 3900 3840 3901 3840 3898 3840 3902 4273 3903 4273 3904 4273 3904 4273 3905 4273 3902 4273 3906 4274 3907 4274 3908 4274 3908 4275 3909 4275 3906 4275 3910 4273 3911 4273 3912 4273 3912 4276 3913 4276 3910 4276 3914 4277 3915 4277 3916 4277 3917 4278 3916 4278 3915 4278 3918 4273 3919 4273 3920 4273 3920 4273 3921 4273 3918 4273 3922 4279 3923 4279 3924 4279 3924 4280 3925 4280 3922 4280 3926 2134 3927 2134 3928 2134 3929 2134 3928 2134 3927 2134 3930 2134 3931 2134 3932 2134 3932 2134 3933 2134 3930 2134 3934 373 3935 373 3936 373 3936 373 3937 373 3934 373 3938 4273 3939 4273 3940 4273 3941 4273 3940 4273 3939 4273 3942 373 3943 373 3944 373 3944 373 3945 373 3942 373 3946 4273 3947 4273 3948 4273 3949 4273 3948 4273 3947 4273 3950 3840 3951 3840 3952 3840 3953 3840 3952 3840 3951 3840 3954 4281 3955 4281 3956 4281 3957 4273 3956 4273 3955 4273 3958 3840 3959 3840 3960 3840 3961 3840 3960 3840 3959 3840 3962 4282 3963 4282 3964 4282 3965 4283 3964 4283 3963 4283 3966 2134 3967 2134 3968 2134 3968 2134 3969 2134 3966 2134 3970 4284 3971 4284 3972 4284 3971 4285 3970 4285 3973 4285 3974 373 3975 373 3976 373 3976 373 3977 373 3974 373 3978 4273 3979 4273 3980 4273 3981 4273 3980 4273 3979 4273 3982 373 3983 373 3984 373 3984 373 3985 373 3982 373 3986 4273 3987 4273 3988 4273 3989 4273 3988 4273 3987 4273 3990 3840 3991 3840 3992 3840 3993 3840 3992 3840 3991 3840 3994 4273 3995 4273 3996 4273 3997 4286 3996 4286 3995 4286 3998 3840 3999 3840 4000 3840 4001 3840 4000 3840 3999 3840 4002 4287 4003 4287 4004 4287 4003 4288 4002 4288 4005 4288 4006 3840 4007 3840 4008 3840 4009 3840 4008 3840 4007 3840 4010 2134 4011 2134 4012 2134 4012 2134 4013 2134 4010 2134 4014 4289 4015 4289 4016 4289 4018 4290 4014 4290 4016 4290 4018 4291 4019 4291 4014 4291 4017 4292 4014 4292 4019 4292 4018 4293 4021 4293 4019 4293 4020 4294 4018 4294 4016 4294 4018 4295 4020 4295 4022 4295 4015 4296 4014 4296 4017 4296 4018 4297 4022 4297 4021 4297 4027 4298 4021 4298 4022 4298 4027 4299 4030 4299 4021 4299 4021 4300 4030 4300 4035 4300 4035 4301 4041 4301 4021 4301 4020 4302 4016 4302 4023 4302 4020 4303 4023 4303 4026 4303 4034 4304 4030 4304 4027 4304 4040 4305 4030 4305 4034 4305 4020 4306 4024 4306 4022 4306 4022 4307 4024 4307 4028 4307 4031 4308 4022 4308 4028 4308 4031 4309 4027 4309 4022 4309 4027 4310 4031 4310 4036 4310 4027 4311 4036 4311 4042 4311 4025 4312 4023 4312 4016 4312 4029 4313 4023 4313 4025 4313 4045 4314 4040 4314 4034 4314 4028 4315 4024 4315 4032 4315 4038 4316 4028 4316 4032 4316 4036 4317 4031 4317 4038 4317 4046 4318 4036 4318 4038 4318 4036 4319 4046 4319 4034 4319 4046 4320 4049 4320 4034 4320 4031 4321 4028 4321 4038 4321 4033 4322 4029 4322 4025 4322 4039 4323 4029 4323 4033 4323 4034 4324 4049 4324 4045 4324 4049 4325 4053 4325 4045 4325 4024 4326 4037 4326 4032 4326 4037 4327 4043 4327 4032 4327 4037 4328 4047 4328 4043 4328 4043 4329 4047 4329 4051 4329 4046 4330 4054 4330 4049 4330 4050 4331 4046 4331 4038 4331 4039 4332 4033 4332 4044 4332 4044 4333 4048 4333 4039 4333 4048 4334 4052 4334 4039 4334 4038 4335 4055 4335 4050 4335 4050 4336 4055 4336 4058 4336 4054 4337 4050 4337 4058 4337 4059 4338 4055 4338 4038 4338 4063 4339 4055 4339 4059 4339 4058 4340 4062 4340 4054 4340 4054 4341 4046 4341 4050 4341 4067 4342 4054 4342 4062 4342 4062 4343 4074 4343 4067 4343 4073 4344 4054 4344 4067 4344 4067 4345 4081 4345 4073 4345 4047 4346 4056 4346 4051 4346 4051 4347 4056 4347 4060 4347 4063 4348 4058 4348 4055 4348 4058 4349 4063 4349 4069 4349 4066 4350 4058 4350 4069 4350 4063 4351 4076 4351 4069 4351 4076 4352 4079 4352 4069 4352 4062 4353 4058 4353 4066 4353 4062 4354 4066 4354 4072 4354 4066 4355 4069 4355 4079 4355 4066 4356 4079 4356 4080 4356 4076 4357 4087 4357 4079 4357 4079 4358 4087 4358 4080 4358 4087 4359 4085 4359 4080 4359 4072 4360 4080 4360 4085 4360 4080 4361 4072 4361 4066 4361 4072 4362 4074 4362 4062 4362 4091 4363 4087 4363 4076 4363 4091 4364 4095 4364 4087 4364 4059 4365 4068 4365 4063 4365 4059 4366 4075 4366 4068 4366 4075 4367 4082 4367 4068 4367 4075 4368 4086 4368 4082 4368 4086 4369 4090 4369 4082 4369 4095 4370 4091 4370 4099 4370 4103 4371 4095 4371 4099 4371 4094 4372 4090 4372 4086 4372 4094 4373 4098 4373 4090 4373 4099 4374 4107 4374 4103 4374 4099 4375 4111 4375 4107 4375 4115 4376 4107 4376 4111 4376 4094 4377 4102 4377 4098 4377 4102 4378 4106 4378 4098 4378 4119 4379 4115 4379 4111 4379 4115 4380 4119 4380 4123 4380 4110 4381 4106 4381 4102 4381 4110 4382 4114 4382 4106 4382 4056 4383 4064 4383 4060 4383 4127 4384 4123 4384 4119 4384 4131 4385 4123 4385 4127 4385 4064 4386 4070 4386 4060 4386 4110 4387 4118 4387 4114 4387 4114 4388 4118 4388 4122 4388 4052 4389 4048 4389 4057 4389 4057 4390 4061 4390 4052 4390 4127 4391 4135 4391 4131 4391 4135 4392 4139 4392 4131 4392 4064 4393 4077 4393 4070 4393 4070 4394 4077 4394 4083 4394 4126 4395 4122 4395 4118 4395 4130 4396 4122 4396 4126 4396 4061 4397 4057 4397 4065 4397 4071 4398 4061 4398 4065 4398 4139 4399 4135 4399 4143 4399 4147 4400 4139 4400 4143 4400 4077 4401 4088 4401 4083 4401 4088 4402 4092 4402 4083 4402 4130 4403 4126 4403 4134 4403 4138 4404 4130 4404 4134 4404 4071 4405 4065 4405 4078 4405 4078 4406 4084 4406 4071 4406 4151 4407 4147 4407 4143 4407 4155 4408 4147 4408 4151 4408 4088 4409 4096 4409 4092 4409 4084 4410 4078 4410 4089 4410 4089 4411 4093 4411 4084 4411 4092 4412 4096 4412 4100 4412 4097 4413 4093 4413 4089 4413 4101 4414 4093 4414 4097 4414 4096 4415 4104 4415 4100 4415 4100 4416 4104 4416 4108 4416 4104 4417 4112 4417 4108 4417 4112 4418 4116 4418 4108 4418 4097 4419 4105 4419 4101 4419 4105 4420 4109 4420 4101 4420 4112 4421 4120 4421 4116 4421 4116 4422 4120 4422 4124 4422 4105 4423 4113 4423 4109 4423 4113 4424 4117 4424 4109 4424 4120 4425 4128 4425 4124 4425 4128 4426 4132 4426 4124 4426 4113 4427 4121 4427 4117 4427 4125 4428 4117 4428 4121 4428 4121 4429 4129 4429 4125 4429 4129 4430 4133 4430 4125 4430 4128 4431 4136 4431 4132 4431 4132 4432 4136 4432 4140 4432 4133 4433 4129 4433 4137 4433 4141 4434 4133 4434 4137 4434 4136 4435 4144 4435 4140 4435 4140 4436 4144 4436 4148 4436 4145 4437 4141 4437 4137 4437 4145 4438 4149 4438 4141 4438 4144 4439 4152 4439 4148 4439 4152 4440 4156 4440 4148 4440 4156 4441 4160 4441 4148 4441 4149 4442 4145 4442 4153 4442 4157 4443 4149 4443 4153 4443 4156 4444 4164 4444 4160 4444 4160 4445 4164 4445 4168 4445 4157 4446 4153 4446 4161 4446 4161 4447 4165 4447 4157 4447 4172 4448 4168 4448 4164 4448 4168 4449 4172 4449 4176 4449 4176 4450 4180 4450 4168 4450 4165 4451 4161 4451 4169 4451 4165 4452 4169 4452 4173 4452 4173 4453 4177 4453 4165 4453 4173 4454 4181 4454 4177 4454 4181 4455 4185 4455 4177 4455 4176 4456 4184 4456 4180 4456 4180 4457 4184 4457 4188 4457 4185 4458 4181 4458 4189 4458 4185 4459 4189 4459 4193 4459 4184 4460 4192 4460 4188 4460 4188 4461 4192 4461 4196 4461 4189 4462 4197 4462 4193 4462 4201 4463 4193 4463 4197 4463 4192 4464 4200 4464 4196 4464 4204 4465 4196 4465 4200 4465 4201 4466 4197 4466 4205 4466 4209 4467 4201 4467 4205 4467 4200 4468 4208 4468 4204 4468 4212 4469 4204 4469 4208 4469 4208 4470 4216 4470 4212 4470 4216 4471 4220 4471 4212 4471 4220 4472 4224 4472 4212 4472 4220 4473 4228 4473 4224 4473 4224 4474 4228 4474 4232 4474 4209 4475 4205 4475 4213 4475 4209 4476 4213 4476 4217 4476 4213 4477 4221 4477 4217 4477 4221 4478 4225 4478 4217 4478 4221 4479 4229 4479 4225 4479 4233 4480 4225 4480 4229 4480 4228 4481 4236 4481 4232 4481 4236 4482 4240 4482 4232 4482 4237 4483 4233 4483 4229 4483 4241 4484 4233 4484 4237 4484 4240 4485 4236 4485 4244 4485 4248 4486 4240 4486 4244 4486 4237 4487 4245 4487 4241 4487 4245 4488 4249 4488 4241 4488 4249 4489 4245 4489 4253 4489 4249 4490 4253 4490 4257 4490 4252 4491 4248 4491 4244 4491 4256 4492 4248 4492 4252 4492 4257 4493 4253 4493 4261 4493 4257 4494 4261 4494 4265 4494 4260 4495 4256 4495 4252 4495 4256 4496 4260 4496 4264 4496 4269 4497 4265 4497 4261 4497 4265 4498 4269 4498 4273 4498 4264 4499 4260 4499 4268 4499 4272 4500 4264 4500 4268 4500 4269 4501 4277 4501 4273 4501 4281 4502 4273 4502 4277 4502 4272 4503 4268 4503 4276 4503 4272 4504 4276 4504 4280 4504 4277 4505 4285 4505 4281 4505 4285 4506 4289 4506 4281 4506 4293 4507 4281 4507 4289 4507 4280 4508 4276 4508 4284 4508 4288 4509 4280 4509 4284 4509 4297 4510 4293 4510 4289 4510 4297 4511 4301 4511 4293 4511 4288 4512 4284 4512 4292 4512 4296 4513 4288 4513 4292 4513 4301 4514 4297 4514 4305 4514 4301 4515 4305 4515 4311 4515 4300 4516 4301 4516 4311 4516 4305 4517 4297 4517 4310 4517 4297 4518 4316 4518 4310 4518 4321 4519 4310 4519 4316 4519 4310 4520 4321 4520 4317 4520 4317 4521 4305 4521 4310 4521 4326 4522 4317 4522 4321 4522 4326 4523 4315 4523 4317 4523 4317 4524 4315 4524 4311 4524 4317 4525 4311 4525 4305 4525 4296 4526 4292 4526 4300 4526 4304 4527 4296 4527 4300 4527 4304 4528 4308 4528 4296 4528 4321 4529 4331 4529 4326 4529 4326 4530 4331 4530 4335 4530 4335 4531 4324 4531 4326 4531 4325 4532 4324 4532 4335 4532 4315 4533 4300 4533 4311 4533 4315 4534 4326 4534 4324 4534 4324 4535 4314 4535 4315 4535 4314 4536 4309 4536 4315 4536 4300 4537 4315 4537 4309 4537 4335 4538 4334 4538 4325 4538 4334 4539 4330 4539 4325 4539 4325 4540 4330 4540 4304 4540 4320 4541 4325 4541 4304 4541 4314 4542 4320 4542 4304 4542 4314 4543 4304 4543 4309 4543 4309 4544 4304 4544 4300 4544 4324 4545 4320 4545 4314 4545 4320 4546 4324 4546 4329 4546 4330 4547 4334 4547 4338 4547 4338 4548 4342 4548 4330 4548 4342 4549 4338 4549 4346 4549 4346 4550 4336 4550 4342 4550 4347 4551 4336 4551 4346 4551 4336 4552 4347 4552 4343 4552 4340 4553 4336 4553 4343 4553 4336 4554 4340 4554 4332 4554 4332 4555 4327 4555 4336 4555 4327 4556 4339 4556 4336 4556 4338 4557 4350 4557 4346 4557 4346 4558 4350 4558 4351 4558 4351 4559 4343 4559 4347 4559 4343 4560 4351 4560 4344 4560 4351 4561 4350 4561 4355 4561 4351 4562 4347 4562 4354 4562 4343 4563 4344 4563 4340 4563 4355 4564 4350 4564 4360 4564 4360 4565 4359 4565 4355 4565 4352 4566 4355 4566 4359 4566 4352 4567 4344 4567 4355 4567 4351 4568 4355 4568 4344 4568 4352 4569 4348 4569 4344 4569 4348 4570 4332 4570 4344 4570 4344 4571 4332 4571 4340 4571 4352 4572 4359 4572 4358 4572 4352 4573 4358 4573 4356 4573 4348 4574 4352 4574 4356 4574 4348 4575 4356 4575 4357 4575 4348 4576 4357 4576 4362 4576 4363 4577 4358 4577 4359 4577 4361 4578 4358 4578 4363 4578 4358 4579 4361 4579 4356 4579 4357 4580 4356 4580 4353 4580 4349 4581 4357 4581 4353 4581 4332 4582 4322 4582 4327 4582 4327 4583 4322 4583 4318 4583 4322 4584 4312 4584 4318 4584 4318 4585 4312 4585 4306 4585 4349 4586 4353 4586 4345 4586 4349 4587 4345 4587 4337 4587 4312 4588 4302 4588 4306 4588 4302 4589 4298 4589 4306 4589 4337 4590 4345 4590 4341 4590 4337 4591 4341 4591 4333 4591 4337 4592 4333 4592 4328 4592 4333 4593 4323 4593 4328 4593 4323 4594 4319 4594 4328 4594 4302 4595 4294 4595 4298 4595 4298 4596 4294 4596 4290 4596 4313 4597 4319 4597 4323 4597 4307 4598 4319 4598 4313 4598 4294 4599 4286 4599 4290 4599 4286 4600 4282 4600 4290 4600 4286 4601 4278 4601 4282 4601 4282 4602 4278 4602 4274 4602 4307 4603 4313 4603 4303 4603 4303 4604 4299 4604 4307 4604 4278 4605 4270 4605 4274 4605 4274 4606 4270 4606 4266 4606 4299 4607 4303 4607 4295 4607 4295 4608 4291 4608 4299 4608 4270 4609 4262 4609 4266 4609 4262 4610 4258 4610 4266 4610 4287 4611 4291 4611 4295 4611 4283 4612 4291 4612 4287 4612 4287 4613 4279 4613 4283 4613 4275 4614 4283 4614 4279 4614 4262 4615 4254 4615 4258 4615 4258 4616 4254 4616 4250 4616 4279 4617 4271 4617 4275 4617 4267 4618 4275 4618 4271 4618 4254 4619 4246 4619 4250 4619 4246 4620 4238 4620 4250 4620 4271 4621 4263 4621 4267 4621 4267 4622 4263 4622 4259 4622 4246 4623 4242 4623 4238 4623 4242 4624 4234 4624 4238 4624 4238 4625 4234 4625 4230 4625 4263 4626 4255 4626 4259 4626 4255 4627 4251 4627 4259 4627 4234 4628 4226 4628 4230 4628 4230 4629 4226 4629 4222 4629 4251 4630 4255 4630 4247 4630 4251 4631 4247 4631 4243 4631 4226 4632 4218 4632 4222 4632 4218 4633 4214 4633 4222 4633 4239 4634 4243 4634 4247 4634 4243 4635 4239 4635 4235 4635 4218 4636 4210 4636 4214 4636 4214 4637 4210 4637 4206 4637 4235 4638 4239 4638 4231 4638 4235 4639 4231 4639 4227 4639 4210 4640 4202 4640 4206 4640 4202 4641 4194 4641 4206 4641 4227 4642 4231 4642 4223 4642 4223 4643 4215 4643 4227 4643 4215 4644 4223 4644 4219 4644 4215 4645 4219 4645 4211 4645 4211 4646 4207 4646 4215 4646 4194 4647 4202 4647 4198 4647 4194 4648 4198 4648 4190 4648 4194 4649 4190 4649 4186 4649 4190 4650 4182 4650 4186 4650 4186 4651 4182 4651 4174 4651 4182 4652 4178 4652 4174 4652 4178 4653 4170 4653 4174 4653 4166 4654 4174 4654 4170 4654 4211 4655 4203 4655 4207 4655 4199 4656 4207 4656 4203 4656 4199 4657 4203 4657 4195 4657 4191 4658 4199 4658 4195 4658 4195 4659 4187 4659 4191 4659 4187 4660 4183 4660 4191 4660 4170 4661 4162 4661 4166 4661 4166 4662 4162 4662 4158 4662 4183 4663 4187 4663 4179 4663 4183 4664 4179 4664 4175 4664 4162 4665 4154 4665 4158 4665 4158 4666 4154 4666 4150 4666 4175 4667 4179 4667 4171 4667 4167 4668 4175 4668 4171 4668 4171 4669 4163 4669 4167 4669 4159 4670 4167 4670 4163 4670 4154 4671 4146 4671 4150 4671 4146 4672 4142 4672 4150 4672 4163 4673 4155 4673 4159 4673 4142 4674 4138 4674 4134 4674 4146 4675 4138 4675 4142 4675 4151 4676 4159 4676 4155 4676 4364 4677 4365 4677 4366 4677 4366 4678 4367 4678 4364 4678 4368 2134 4369 2134 4370 2134 4371 2134 4370 2134 4369 2134 4372 4679 4373 4679 4374 4679 4375 4680 4374 4680 4373 4680 4376 2134 4377 2134 4378 2134 4378 2134 4379 2134 4376 2134 4380 4681 4381 4681 4382 4681 4382 4682 4383 4682 4380 4682 4384 3840 4385 3840 4386 3840 4387 3840 4386 3840 4385 3840 4388 4683 4389 4683 4390 4683 4390 4684 4391 4684 4388 4684 4390 4685 4392 4685 4391 4685 4393 4686 4394 4686 4395 4686 4395 4687 4396 4687 4393 4687 4395 4688 4397 4688 4396 4688 4397 4689 4395 4689 4398 4689 4399 4690 4400 4690 4401 4690 4401 4691 4402 4691 4399 4691 4402 4692 4403 4692 4399 4692 4403 4693 4402 4693 4404 4693 4405 4694 4403 4694 4404 4694 4405 4695 4404 4695 4406 4695 4406 4696 4407 4696 4405 4696 4406 4697 4408 4697 4407 4697 4407 4698 4408 4698 4409 4698 4408 4699 4410 4699 4409 4699 4409 4700 4410 4700 4411 4700 4411 4701 4410 4701 4412 4701 4412 4702 4413 4702 4411 4702 4412 4703 4414 4703 4413 4703 4413 4704 4414 4704 4415 4704 4414 4705 4416 4705 4415 4705 4415 4706 4416 4706 4417 4706 4417 4707 4416 4707 4418 4707 4417 4708 4418 4708 4419 4708 4419 4709 4418 4709 4420 4709 4420 4710 4421 4710 4419 4710 4422 4711 4421 4711 4420 4711 4422 4712 4423 4712 4421 4712 4424 4713 4423 4713 4422 4713 4423 4714 4424 4714 4425 4714 4426 4715 4425 4715 4424 4715 4425 4716 4426 4716 4427 4716 4428 4717 4427 4717 4426 4717 4429 4718 4427 4718 4428 4718 4429 4719 4428 4719 4430 4719 4431 4720 4429 4720 4430 4720 4430 4721 4432 4721 4431 4721 4432 4722 4433 4722 4431 4722 4434 4723 4433 4723 4432 4723 4435 4724 4433 4724 4434 4724 4435 4725 4434 4725 4436 4725 4436 4726 4437 4726 4435 4726 4436 4727 4438 4727 4437 4727 4437 4728 4438 4728 4439 4728 4440 4729 4439 4729 4438 4729 4441 4730 4439 4730 4440 4730 4441 4731 4440 4731 4442 4731 4442 4732 4443 4732 4441 4732 4443 4733 4442 4733 4444 4733 4443 4734 4444 4734 4445 4734 4444 4735 4446 4735 4445 4735 4447 4736 4445 4736 4446 4736 4447 4737 4446 4737 4448 4737 4449 4738 4447 4738 4448 4738 4450 4739 4449 4739 4448 4739 4450 4740 4451 4740 4449 4740 4452 4741 4451 4741 4450 4741 4452 4742 4453 4742 4451 4742 4454 4743 4453 4743 4452 4743 4454 4744 4455 4744 4453 4744 4454 4745 4456 4745 4455 4745 4457 4746 4455 4746 4456 4746 4458 4747 4457 4747 4456 4747 4458 4748 4459 4748 4457 4748 4460 4749 4459 4749 4458 4749 4460 4750 4461 4750 4459 4750 4461 4751 4460 4751 4462 4751 4462 4752 4463 4752 4461 4752 4462 4753 4464 4753 4463 4753 4465 4754 4463 4754 4464 4754 4465 4755 4466 4755 4463 4755 4466 4756 4465 4756 4467 4756 4466 4757 4467 4757 4468 4757 4468 4758 4467 4758 4469 4758 4469 4759 4470 4759 4468 4759 4471 4760 4470 4760 4469 4760 4471 4761 4472 4761 4470 4761 4472 4762 4471 4762 4473 4762 4473 4763 4474 4763 4472 4763 4474 4764 4473 4764 4475 4764 4475 4765 4476 4765 4474 4765 4477 4766 4476 4766 4475 4766 4478 4767 4476 4767 4477 4767 4477 4768 4479 4768 4478 4768 4479 4769 4480 4769 4478 4769 4480 4770 4479 4770 4481 4770 4480 4771 4481 4771 4482 4771 4483 4772 4482 4772 4481 4772 4482 4773 4483 4773 4484 4773 4483 4774 4485 4774 4484 4774 4485 4775 4486 4775 4484 4775 4487 4776 4486 4776 4485 4776 4486 4777 4487 4777 4488 4777 4487 4778 4489 4778 4488 4778 4488 4779 4489 4779 4490 4779 4489 4780 4491 4780 4490 4780 4490 4781 4491 4781 4492 4781 4493 4782 4492 4782 4491 4782 4494 4783 4492 4783 4493 4783 4494 4784 4493 4784 4495 4784 4494 4785 4495 4785 4496 4785 4496 4786 4495 4786 4497 4786 4496 4787 4497 4787 4498 4787 4499 4788 4498 4788 4497 4788 4498 4789 4499 4789 4500 4789 4501 4790 4500 4790 4499 4790 4501 4791 4502 4791 4500 4791 4503 4792 4502 4792 4501 4792 4502 4793 4503 4793 4504 4793 4503 4794 4505 4794 4504 4794 4505 4795 4506 4795 4504 4795 4507 4796 4506 4796 4505 4796 4508 4797 4506 4797 4507 4797 4508 4798 4507 4798 4509 4798 4510 4799 4508 4799 4509 4799 4509 4800 4511 4800 4510 4800 4510 4801 4511 4801 4512 4801 4513 4802 4512 4802 4511 4802 4512 4803 4513 4803 4514 4803 4513 4804 4515 4804 4514 4804 4515 4805 4516 4805 4514 4805 4516 4806 4515 4806 4517 4806 4518 4807 4516 4807 4517 4807 4518 4808 4517 4808 4519 4808 4519 4809 4520 4809 4518 4809 4519 4810 4521 4810 4520 4810 4521 4811 4522 4811 4520 4811 4522 4812 4521 4812 4523 4812 4522 4813 4523 4813 4524 4813 4524 4814 4523 4814 4525 4814 4524 4815 4525 4815 4526 4815 4527 4816 4526 4816 4525 4816 4526 4817 4527 4817 4528 4817 4529 4273 4530 4273 4531 4273 4531 4273 4533 4273 4529 4273 4533 4818 4535 4818 4529 4818 4537 4819 4535 4819 4533 4819 4532 4273 4531 4273 4530 4273 4534 4273 4531 4273 4532 4273 4533 4273 4539 4273 4537 4273 4539 4273 4541 4273 4537 4273 4534 4820 4532 4820 4536 4820 4534 4821 4536 4821 4538 4821 4534 4273 4538 4273 4540 4273 4539 4273 4543 4273 4541 4273 4541 4273 4543 4273 4545 4273 4538 4273 4542 4273 4540 4273 4544 4822 4540 4822 4542 4822 4547 4273 4545 4273 4543 4273 4545 4823 4547 4823 4549 4823 4542 4273 4546 4273 4544 4273 4544 4273 4546 4273 4548 4273 4549 4824 4547 4824 4551 4824 4551 4273 4553 4273 4549 4273 4550 4825 4548 4825 4546 4825 4548 4273 4550 4273 4552 4273 4555 4826 4553 4826 4551 4826 4555 4273 4557 4273 4553 4273 4554 4273 4552 4273 4550 4273 4552 4273 4554 4273 4556 4273 4559 4827 4557 4827 4555 4827 4559 4828 4561 4828 4557 4828 4558 4273 4556 4273 4554 4273 4556 4273 4558 4273 4560 4273 4563 4829 4561 4829 4559 4829 4563 4273 4565 4273 4561 4273 4562 4273 4560 4273 4558 4273 4560 4830 4562 4830 4564 4830 4565 4273 4563 4273 4567 4273 4567 4831 4569 4831 4565 4831 4566 4273 4564 4273 4562 4273 4564 4273 4566 4273 4568 4273 4571 4832 4569 4832 4567 4832 4571 4273 4573 4273 4569 4273 4570 4833 4568 4833 4566 4833 4568 4834 4570 4834 4572 4834 4575 4273 4573 4273 4571 4273 4573 4835 4575 4835 4577 4835 4574 4273 4572 4273 4570 4273 4572 4273 4574 4273 4576 4273 4579 4836 4577 4836 4575 4836 4577 4837 4579 4837 4581 4837 4578 4838 4576 4838 4574 4838 4576 4839 4578 4839 4580 4839 4583 4840 4581 4840 4579 4840 4581 4841 4583 4841 4585 4841 4582 4273 4580 4273 4578 4273 4580 4842 4582 4842 4584 4842 4587 4843 4585 4843 4583 4843 4585 4844 4587 4844 4589 4844 4586 4273 4584 4273 4582 4273 4584 4845 4586 4845 4588 4845 4591 4846 4589 4846 4587 4846 4589 4847 4591 4847 4593 4847 4595 4848 4593 4848 4591 4848 4595 4273 4597 4273 4593 4273 4595 4273 4599 4273 4597 4273 4601 4273 4597 4273 4599 4273 4599 4273 4603 4273 4601 4273 4603 4273 4605 4273 4601 4273 4605 4273 4603 4273 4607 4273 4607 4273 4609 4273 4605 4273 4609 4273 4607 4273 4611 4273 4611 4273 4613 4273 4609 4273 4613 4273 4611 4273 4615 4273 4615 4849 4617 4849 4613 4849 4617 4273 4615 4273 4619 4273 4619 4273 4621 4273 4617 4273 4621 4273 4619 4273 4623 4273 4623 4273 4625 4273 4621 4273 4625 4273 4623 4273 4627 4273 4627 4273 4629 4273 4625 4273 4629 4273 4627 4273 4631 4273 4631 4273 4633 4273 4629 4273 4633 4273 4631 4273 4635 4273 4635 4850 4637 4850 4633 4850 4639 4851 4637 4851 4635 4851 4637 4273 4639 4273 4641 4273 4643 4852 4641 4852 4639 4852 4641 4273 4643 4273 4645 4273 4647 4273 4645 4273 4643 4273 4645 4273 4647 4273 4649 4273 4647 4853 4651 4853 4649 4853 4651 4273 4653 4273 4649 4273 4655 4273 4653 4273 4651 4273 4657 4854 4653 4854 4655 4854 4655 4273 4659 4273 4657 4273 4659 4855 4660 4855 4657 4855 4660 4273 4659 4273 4658 4273 4659 4273 4656 4273 4658 4273 4658 4856 4656 4856 4654 4856 4654 4857 4656 4857 4652 4857 4654 4858 4652 4858 4650 4858 4650 4859 4652 4859 4648 4859 4648 4273 4646 4273 4650 4273 4644 4273 4646 4273 4648 4273 4646 4273 4644 4273 4642 4273 4640 4860 4642 4860 4644 4860 4642 4273 4640 4273 4638 4273 4636 4861 4638 4861 4640 4861 4638 4862 4636 4862 4634 4862 4632 4863 4634 4863 4636 4863 4634 4864 4632 4864 4630 4864 4628 4273 4630 4273 4632 4273 4630 4865 4628 4865 4626 4865 4624 4273 4626 4273 4628 4273 4626 4866 4624 4866 4622 4866 4620 4273 4622 4273 4624 4273 4622 4867 4620 4867 4618 4867 4590 4273 4588 4273 4586 4273 4592 4868 4588 4868 4590 4868 4590 4869 4594 4869 4592 4869 4596 4870 4592 4870 4594 4870 4598 4273 4596 4273 4594 4273 4600 4273 4596 4273 4598 4273 4598 4273 4602 4273 4600 4273 4602 4273 4604 4273 4600 4273 4606 4273 4604 4273 4602 4273 4604 4273 4606 4273 4608 4273 4610 4273 4608 4273 4606 4273 4608 4273 4610 4273 4612 4273 4614 4273 4612 4273 4610 4273 4612 4273 4614 4273 4616 4273 4616 4871 4618 4871 4620 4871 4618 4273 4616 4273 4614 4273 4661 4872 4662 4872 4663 4872 4664 4873 4663 4873 4662 4873 4665 3792 4666 3792 4667 3792 4668 4874 4669 4874 4670 4874 4671 3791 4672 3791 4673 3791 4674 4875 4675 4875 4676 4875 4676 4876 4675 4876 4677 4876 4678 4877 4679 4877 4680 4877 4681 3791 4682 3791 4683 3791 4684 3792 4685 3792 4686 3792 4687 3792 4684 3792 4686 3792 4688 4878 4689 4878 4690 4878 4689 4879 4688 4879 4691 4879 4692 4880 4689 4880 4691 4880 4693 4881 4689 4881 4692 4881 4691 3840 4694 3840 4692 3840 4693 4882 4695 4882 4689 4882 4696 3840 4692 3840 4694 3840 4689 4883 4695 4883 4697 4883 4694 3840 4698 3840 4696 3840 4689 4884 4697 4884 4699 4884 4694 3840 4700 3840 4698 3840 4699 4885 4697 4885 4701 4885 4702 3840 4700 3840 4694 3840 4697 3840 4703 3840 4701 3840 4700 3840 4702 3840 4704 3840 4703 3840 4697 3840 4705 3840 4703 3840 4706 3840 4701 3840 4702 3840 4707 3840 4704 3840 4708 3840 4705 3840 4697 3840 4706 3840 4703 3840 4709 3840 4707 3840 4702 3840 4710 3840 4711 3840 4705 3840 4708 3840 4712 3840 4709 3840 4703 3840 4710 3840 4713 3840 4707 3840 4711 3840 4714 3840 4705 3840 4708 3840 4715 3840 4711 3840 4713 3840 4710 3840 4716 3840 4714 3840 4717 3840 4705 3840 4711 4886 4715 4886 4718 4886 4710 3840 4719 3840 4716 3840 4718 3840 4715 3840 4720 3840 4721 3840 4719 3840 4710 3840 4720 4887 4715 4887 4722 4887 4718 3840 4720 3840 4723 3840 4724 4888 4719 4888 4721 4888 4722 4889 4715 4889 4724 4889 4718 3840 4723 3840 4725 3840 4724 4890 4726 4890 4719 4890 4727 4891 4724 4891 4721 4891 4724 4892 4715 4892 4728 4892 4729 3840 4718 3840 4725 3840 4726 4893 4724 4893 4728 4893 4727 4894 4730 4894 4724 4894 4731 4895 4732 4895 4733 4895 4734 4896 4731 4896 4733 4896 4735 4897 4736 4897 4737 4897 4738 4898 4739 4898 4740 4898 4741 4273 4742 4273 4743 4273 4744 4273 4743 4273 4742 4273 4743 4273 4745 4273 4741 4273 4742 4273 4746 4273 4744 4273 4747 4273 4741 4273 4745 4273 4744 4273 4746 4273 4748 4273 4741 4273 4747 4273 4749 4273 4748 4273 4750 4273 4744 4273 4751 4273 4749 4273 4747 4273 4748 4273 4752 4273 4750 4273 4749 4273 4751 4273 4753 4273 4750 4273 4752 4273 4754 4273 4755 4273 4753 4273 4751 4273 4756 4273 4754 4273 4752 4273 4751 4273 4757 4273 4755 4273 4752 4273 4758 4273 4756 4273 4759 4273 4755 4273 4757 4273 4760 4273 4756 4273 4758 4273 4757 4273 4761 4273 4759 4273 4758 4273 4762 4273 4760 4273 4763 4273 4759 4273 4761 4273 4764 4273 4760 4273 4762 4273 4759 4273 4763 4273 4765 4273 4760 4273 4764 4273 4766 4273 4765 4273 4763 4273 4767 4273 4768 4273 4766 4273 4764 4273 4767 4273 4769 4273 4765 4273 4766 4273 4768 4273 4770 4273 4767 4273 4771 4273 4769 4273 4772 4273 4770 4273 4768 4273 4767 4273 4772 4273 4771 4273 4768 4273 4771 4273 4772 4273 4773 4899 4774 4899 4775 4899 4774 4900 4773 4900 4776 4900 4775 4899 4777 4899 4773 4899 4774 4900 4776 4900 4778 4900 4777 4901 4775 4901 4779 4901 4778 4902 4776 4902 4780 4902 4777 4903 4779 4903 4781 4903 4780 4902 4782 4902 4778 4902 4781 4904 4779 4904 4783 4904 4784 4905 4782 4905 4780 4905 4783 4906 4785 4906 4781 4906 4784 4905 4786 4905 4782 4905 4785 4907 4783 4907 4787 4907 4786 4908 4784 4908 4788 4908 4785 4907 4787 4907 4789 4907 4788 4909 4790 4909 4786 4909 4789 4910 4787 4910 4791 4910 4792 4911 4790 4911 4788 4911 4791 4912 4793 4912 4789 4912 4792 4913 4794 4913 4790 4913 4793 4914 4791 4914 4795 4914 4794 4915 4792 4915 4796 4915 4793 4914 4795 4914 4797 4914 4796 4915 4798 4915 4794 4915 4797 4916 4795 4916 4799 4916 4800 4917 4798 4917 4796 4917 4799 4916 4801 4916 4797 4916 4800 4918 4802 4918 4798 4918 4803 4919 4801 4919 4799 4919 4802 4920 4800 4920 4803 4920 4803 4919 4799 4919 4804 4919 4803 4920 4804 4920 4802 4920 4805 4273 4806 4273 4807 4273 4809 4273 4805 4273 4807 4273 4805 4273 4809 4273 4811 4273 4813 4273 4805 4273 4811 4273 4807 4273 4806 4273 4808 4273 4806 4273 4810 4273 4808 4273 4810 4273 4806 4273 4812 4273 4814 4273 4812 4273 4806 4273 4816 4273 4814 4273 4806 4273 4816 4921 4806 4921 4818 4921 4818 4922 4820 4922 4816 4922 4816 4923 4820 4923 4823 4923 4826 4273 4823 4273 4820 4273 4823 4273 4826 4273 4829 4273 4829 4273 4826 4273 4832 4273 4832 4273 4826 4273 4830 4273 4830 4924 4824 4924 4832 4924 4827 4925 4824 4925 4830 4925 4813 4926 4824 4926 4827 4926 4813 4927 4821 4927 4824 4927 4813 4928 4819 4928 4821 4928 4813 4273 4817 4273 4819 4273 4813 4273 4815 4273 4817 4273 4813 4273 4811 4273 4815 4273 4833 4273 4827 4273 4830 4273 4830 4273 4835 4273 4833 4273 4833 4273 4835 4273 4837 4273 4835 4929 4839 4929 4837 4929 4839 4930 4835 4930 4841 4930 4843 4273 4839 4273 4841 4273 4822 4273 4820 4273 4818 4273 4825 4273 4820 4273 4822 4273 4825 4931 4822 4931 4828 4931 4828 4932 4831 4932 4825 4932 4825 4273 4831 4273 4834 4273 4845 4933 4843 4933 4841 4933 4831 4273 4836 4273 4834 4273 4838 4934 4834 4934 4836 4934 4838 4273 4840 4273 4834 4273 4847 4273 4845 4273 4841 4273 4847 4935 4849 4935 4845 4935 4840 4936 4838 4936 4842 4936 4842 4273 4844 4273 4840 4273 4844 4937 4846 4937 4840 4937 4851 4938 4849 4938 4847 4938 4846 4939 4844 4939 4848 4939 4850 4273 4846 4273 4848 4273 4846 4273 4850 4273 4852 4273 4853 4273 4851 4273 4847 4273 4851 4273 4853 4273 4855 4273 4854 4273 4852 4273 4850 4273 4856 4273 4852 4273 4854 4273 4856 4273 4858 4273 4852 4273 4855 4273 4853 4273 4857 4273 4853 4273 4859 4273 4857 4273 4857 4940 4859 4940 4861 4940 4860 4273 4858 4273 4856 4273 4858 4273 4860 4273 4862 4273 4858 4273 4862 4273 4864 4273 4863 4273 4861 4273 4859 4273 4862 4273 4866 4273 4864 4273 4866 4273 4868 4273 4864 4273 4868 4273 4870 4273 4864 4273 4872 4941 4870 4941 4868 4941 4870 4942 4872 4942 4874 4942 4870 4943 4874 4943 4876 4943 4874 4935 4878 4935 4876 4935 4876 4944 4878 4944 4880 4944 4876 4273 4880 4273 4882 4273 4880 4273 4884 4273 4882 4273 4882 4945 4884 4945 4886 4945 4882 4273 4886 4273 4888 4273 4890 4273 4888 4273 4886 4273 4892 4946 4888 4946 4890 4946 4888 4273 4892 4273 4894 4273 4896 4947 4894 4947 4892 4947 4894 4948 4896 4948 4898 4948 4898 4949 4900 4949 4894 4949 4902 4934 4900 4934 4898 4934 4904 4273 4900 4273 4902 4273 4904 4950 4906 4950 4900 4950 4904 4273 4908 4273 4906 4273 4908 4951 4910 4951 4906 4951 4913 4952 4906 4952 4910 4952 4916 4273 4906 4273 4913 4273 4913 4273 4919 4273 4916 4273 4922 4273 4916 4273 4919 4273 4922 4953 4914 4953 4916 4953 4920 4954 4914 4954 4922 4954 4914 4955 4920 4955 4917 4955 4911 4273 4914 4273 4917 4273 4914 4273 4911 4273 4907 4273 4907 4956 4911 4956 4909 4956 4907 4957 4909 4957 4905 4957 4901 4273 4907 4273 4905 4273 4901 4956 4905 4956 4903 4956 4899 4958 4901 4958 4903 4958 4895 4273 4901 4273 4899 4273 4910 4959 4908 4959 4912 4959 4910 4273 4912 4273 4915 4273 4915 4273 4912 4273 4918 4273 4921 4273 4918 4273 4912 4273 4897 4273 4895 4273 4899 4273 4893 4933 4895 4933 4897 4933 4893 4960 4889 4960 4895 4960 4912 4273 4924 4273 4921 4273 4924 4273 4912 4273 4926 4273 4926 4273 4912 4273 4928 4273 4926 4273 4928 4273 4930 4273 4891 4273 4889 4273 4893 4273 4891 4273 4887 4273 4889 4273 4889 4273 4887 4273 4883 4273 4928 4273 4932 4273 4930 4273 4923 4273 4932 4273 4928 4273 4923 4273 4931 4273 4932 4273 4923 4273 4929 4273 4931 4273 4927 4273 4929 4273 4923 4273 4923 4273 4925 4273 4927 4273 4925 4961 4923 4961 4920 4961 4885 4273 4883 4273 4887 4273 4885 4962 4881 4962 4883 4962 4883 4273 4881 4273 4877 4273 4881 4963 4879 4963 4877 4963 4877 4273 4879 4273 4875 4273 4877 4273 4875 4273 4871 4273 4873 4273 4871 4273 4875 4273 4871 4273 4873 4273 4869 4273 4869 4273 4865 4273 4871 4273 4869 4273 4867 4273 4865 4273 4865 4964 4867 4964 4863 4964 4863 4273 4859 4273 4865 4273 4923 4965 4917 4965 4920 4965 4933 4273 4934 4273 4935 4273 4936 4273 4935 4273 4934 4273 4935 4273 4937 4273 4933 4273 4935 4273 4936 4273 4938 4273 4939 4273 4933 4273 4937 4273 4940 4273 4938 4273 4936 4273 4933 4273 4939 4273 4941 4273 4938 4273 4940 4273 4942 4273 4943 4273 4941 4273 4939 4273 4944 4273 4942 4273 4940 4273 4939 4273 4945 4273 4943 4273 4940 4273 4946 4273 4944 4273 4947 4273 4943 4273 4945 4273 4944 4273 4946 4273 4948 4273 4945 4273 4949 4273 4947 4273 4948 4273 4950 4273 4944 4273 4947 4273 4949 4273 4951 4273 4948 4273 4952 4273 4950 4273 4951 4273 4953 4273 4947 4273 4948 4273 4954 4273 4952 4273 4951 4273 4955 4273 4953 4273 4956 4273 4952 4273 4954 4273 4951 4273 4957 4273 4955 4273 4954 4273 4958 4273 4956 4273 4959 4273 4955 4273 4957 4273 4960 4273 4956 4273 4958 4273 4955 4273 4959 4273 4961 4273 4956 4273 4960 4273 4962 4273 4963 4273 4961 4273 4959 4273 4963 4273 4962 4273 4960 4273 4961 4273 4963 4273 4964 4273 4960 4273 4964 4273 4963 4273 4965 4966 4966 4966 4967 4966 4966 4907 4965 4907 4968 4907 4967 4967 4969 4967 4965 4967 4966 4907 4968 4907 4970 4907 4971 4903 4969 4903 4967 4903 4970 4910 4968 4910 4972 4910 4971 4901 4973 4901 4969 4901 4972 4912 4974 4912 4970 4912 4973 4968 4971 4968 4975 4968 4974 4969 4972 4969 4976 4969 4975 4970 4977 4970 4973 4970 4976 4971 4972 4971 4978 4971 4977 4972 4975 4972 4979 4972 4978 4973 4980 4973 4976 4973 4977 4972 4979 4972 4981 4972 4980 4973 4978 4973 4982 4973 4979 4974 4983 4974 4981 4974 4984 4975 4980 4975 4982 4975 4983 4974 4979 4974 4985 4974 4984 4975 4982 4975 4986 4975 4985 4976 4987 4976 4983 4976 4984 4977 4986 4977 4988 4977 4989 4978 4987 4978 4985 4978 4988 4979 4990 4979 4984 4979 4987 4908 4989 4908 4991 4908 4990 4918 4988 4918 4992 4918 4991 4909 4993 4909 4987 4909 4990 4917 4992 4917 4994 4917 4995 4980 4993 4980 4991 4980 4994 4915 4992 4915 4996 4915 4995 4981 4996 4981 4993 4981 4996 4915 4995 4915 4994 4915 4997 373 4998 373 4999 373 4999 373 4998 373 5000 373 4998 373 5001 373 5000 373 4999 373 5000 373 5002 373 4998 373 5003 373 5001 373 5000 373 5001 373 5004 373 5000 373 5005 373 5002 373 5002 373 5006 373 4999 373 4998 373 5007 373 5003 373 5001 4982 5003 4982 5008 4982 5000 373 5009 373 5005 373 5005 373 5010 373 5002 373 5011 373 5006 373 5002 373 5012 373 4999 373 5006 373 5013 373 5007 373 4998 373 5007 373 5014 373 5003 373 5015 373 5008 373 5003 373 5001 373 5008 373 5016 373 5017 373 5009 373 5000 373 5009 373 5018 373 5005 373 5019 373 5010 373 5005 373 5010 373 5020 373 5002 373 5012 373 5021 373 4999 373 5013 373 5022 373 5007 373 5023 373 5013 373 4998 373 5024 373 5014 373 5007 373 5003 373 5014 373 5025 373 5016 373 5026 373 5001 373 5000 373 5027 373 5017 373 4998 373 5028 373 5023 373 5029 4983 5030 4983 5031 4983 5031 4984 5033 4984 5029 4984 5029 4985 5033 4985 5035 4985 5033 4986 5037 4986 5035 4986 5039 4987 5035 4987 5037 4987 5037 4988 5041 4988 5039 4988 5043 4989 5039 4989 5041 4989 5031 4990 5030 4990 5032 4990 5030 4991 5034 4991 5032 4991 5036 4992 5032 4992 5034 4992 5045 4993 5043 4993 5041 4993 5047 4994 5043 4994 5045 4994 5034 4995 5038 4995 5036 4995 5036 4996 5038 4996 5040 4996 5045 4994 5049 4994 5047 4994 5051 4997 5047 4997 5049 4997 5038 4996 5042 4996 5040 4996 5044 4998 5040 4998 5042 4998 5053 4999 5051 4999 5049 4999 5055 5000 5051 5000 5053 5000 5042 5001 5046 5001 5044 5001 5044 5002 5046 5002 5048 5002 5053 5003 5057 5003 5055 5003 5059 5004 5055 5004 5057 5004 5046 5005 5050 5005 5048 5005 5052 5006 5048 5006 5050 5006 5061 5007 5059 5007 5057 5007 5063 5008 5059 5008 5061 5008 5050 5009 5054 5009 5052 5009 5052 5010 5054 5010 5056 5010 5061 5011 5065 5011 5063 5011 5067 5012 5063 5012 5065 5012 5054 5013 5058 5013 5056 5013 5060 5014 5056 5014 5058 5014 5069 5012 5067 5012 5065 5012 5071 5015 5067 5015 5069 5015 5058 5014 5062 5014 5060 5014 5060 5016 5062 5016 5064 5016 5069 5015 5073 5015 5071 5015 5075 5017 5071 5017 5073 5017 5062 5016 5066 5016 5064 5016 5068 5018 5064 5018 5066 5018 5077 5019 5075 5019 5073 5019 5079 5020 5075 5020 5077 5020 5066 5021 5070 5021 5068 5021 5068 5022 5070 5022 5072 5022 5077 5023 5081 5023 5079 5023 5083 5024 5079 5024 5081 5024 5070 5025 5074 5025 5072 5025 5076 5026 5072 5026 5074 5026 5085 5024 5083 5024 5081 5024 5087 5027 5083 5027 5085 5027 5074 5026 5078 5026 5076 5026 5076 5028 5078 5028 5080 5028 5085 5029 5089 5029 5087 5029 5091 5030 5087 5030 5089 5030 5092 5031 5091 5031 5089 5031 5088 5032 5091 5032 5092 5032 5092 5032 5090 5032 5088 5032 5088 5033 5090 5033 5084 5033 5086 5033 5088 5033 5084 5033 5082 5034 5086 5034 5084 5034 5084 5035 5080 5035 5082 5035 5078 5036 5082 5036 5080 5036 5093 373 5094 373 5095 373 5095 373 5097 373 5093 373 5093 373 5097 373 5099 373 5101 373 5093 373 5099 373 5103 373 5101 373 5099 373 5103 373 5105 373 5101 373 5096 373 5095 373 5094 373 5096 373 5094 373 5098 373 5100 373 5096 373 5098 373 5105 373 5103 373 5107 373 5107 373 5109 373 5105 373 5102 373 5100 373 5098 373 5104 373 5100 373 5102 373 5107 373 5111 373 5109 373 5113 373 5109 373 5111 373 5109 373 5113 373 5115 373 5102 373 5106 373 5104 373 5106 373 5102 373 5108 373 5108 373 5110 373 5106 373 5117 373 5115 373 5113 373 5115 373 5117 373 5119 373 5110 373 5108 373 5112 373 5112 373 5114 373 5110 373 5119 373 5117 373 5121 373 5119 373 5121 373 5123 373 5116 373 5114 373 5112 373 5123 373 5121 373 5125 373 5125 373 5127 373 5123 373 5116 373 5112 373 5118 373 5116 373 5118 373 5120 373 5125 373 5129 373 5127 373 5127 373 5129 373 5131 373 5133 373 5127 373 5131 373 5118 373 5122 373 5120 373 5122 373 5124 373 5120 373 5124 373 5122 373 5126 373 5124 373 5126 373 5128 373 5133 373 5131 373 5135 373 5137 373 5133 373 5135 373 5139 373 5133 373 5137 373 5126 373 5130 373 5128 373 5139 373 5137 373 5141 373 5141 373 5143 373 5139 373 5145 373 5139 373 5143 373 5130 373 5126 373 5132 373 5132 373 5134 373 5130 373 5147 373 5145 373 5143 373 5147 373 5149 373 5145 373 5136 373 5134 373 5132 373 5134 373 5136 373 5138 373 5151 373 5149 373 5147 373 5149 373 5151 373 5153 373 5138 373 5136 373 5140 373 5138 373 5140 373 5142 373 5153 373 5151 373 5155 373 5157 373 5153 373 5155 373 5140 373 5144 373 5142 373 5159 373 5157 373 5155 373 5159 373 5161 373 5157 373 5157 373 5161 373 5163 373 5144 373 5140 373 5146 373 5146 373 5148 373 5144 373 5148 373 5146 373 5150 373 5150 373 5152 373 5148 373 5152 373 5150 373 5154 373 5150 373 5156 373 5154 373 5156 373 5158 373 5154 373 5156 373 5160 373 5158 373 5162 373 5158 373 5160 373 5162 373 5160 373 5164 373 5162 373 5164 373 5166 373 5166 373 5164 373 5168 373 5167 373 5168 373 5164 373 5168 373 5167 373 5165 373 5167 373 5163 373 5165 373 5163 373 5161 373 5165 373 5169 5037 5170 5037 5171 5037 5171 5037 5173 5037 5169 5037 5175 5038 5169 5038 5173 5038 5173 5038 5177 5038 5175 5038 5179 5039 5175 5039 5177 5039 5181 5040 5179 5040 5177 5040 5183 5041 5179 5041 5181 5041 5170 5042 5172 5042 5171 5042 5172 5042 5174 5042 5171 5042 5174 5043 5172 5043 5176 5043 5172 5044 5178 5044 5176 5044 5178 5045 5180 5045 5176 5045 5181 5046 5185 5046 5183 5046 5187 5047 5183 5047 5185 5047 5178 5048 5182 5048 5180 5048 5180 5049 5182 5049 5184 5049 5189 5050 5187 5050 5185 5050 5191 5051 5187 5051 5189 5051 5182 5052 5186 5052 5184 5052 5186 5053 5188 5053 5184 5053 5189 5051 5193 5051 5191 5051 5195 5054 5191 5054 5193 5054 5186 5053 5190 5053 5188 5053 5188 5055 5190 5055 5192 5055 5197 5056 5195 5056 5193 5056 5199 5057 5195 5057 5197 5057 5190 5058 5194 5058 5192 5058 5194 5059 5196 5059 5192 5059 5197 5057 5201 5057 5199 5057 5203 5060 5199 5060 5201 5060 5194 5059 5198 5059 5196 5059 5196 5061 5198 5061 5200 5061 5205 5062 5203 5062 5201 5062 5207 5063 5203 5063 5205 5063 5198 5064 5202 5064 5200 5064 5202 5065 5204 5065 5200 5065 5205 5066 5209 5066 5207 5066 5211 5067 5207 5067 5209 5067 5202 5068 5206 5068 5204 5068 5204 5069 5206 5069 5208 5069 5213 5070 5211 5070 5209 5070 5215 5071 5211 5071 5213 5071 5206 5072 5210 5072 5208 5072 5210 5073 5212 5073 5208 5073 5213 5074 5217 5074 5215 5074 5219 5075 5215 5075 5217 5075 5210 5076 5214 5076 5212 5076 5212 5077 5214 5077 5216 5077 5221 5075 5219 5075 5217 5075 5223 5078 5219 5078 5221 5078 5214 5077 5218 5077 5216 5077 5218 5079 5220 5079 5216 5079 5221 5080 5225 5080 5223 5080 5227 5081 5223 5081 5225 5081 5218 5082 5222 5082 5220 5082 5220 5083 5222 5083 5224 5083 5229 5084 5227 5084 5225 5084 5231 5085 5227 5085 5229 5085 5222 5086 5226 5086 5224 5086 5226 5087 5228 5087 5224 5087 5229 5085 5233 5085 5231 5085 5235 5088 5231 5088 5233 5088 5237 5089 5235 5089 5233 5089 5239 5090 5235 5090 5237 5090 5237 5090 5241 5090 5239 5090 5243 5091 5239 5091 5241 5091 5245 5092 5243 5092 5241 5092 5247 5093 5243 5093 5245 5093 5245 5094 5249 5094 5247 5094 5251 5095 5247 5095 5249 5095 5253 5096 5251 5096 5249 5096 5255 5097 5251 5097 5253 5097 5253 5098 5257 5098 5255 5098 5259 5099 5255 5099 5257 5099 5261 5100 5259 5100 5257 5100 5261 5101 5263 5101 5259 5101 5265 5102 5259 5102 5263 5102 5267 5103 5265 5103 5263 5103 5269 5103 5265 5103 5267 5103 5271 5104 5269 5104 5267 5104 5267 5105 5273 5105 5271 5105 5275 5106 5271 5106 5273 5106 5277 5107 5275 5107 5273 5107 5279 5108 5275 5108 5277 5108 5277 5108 5281 5108 5279 5108 5283 5109 5279 5109 5281 5109 5285 5109 5283 5109 5281 5109 5285 5110 5287 5110 5283 5110 5289 5110 5283 5110 5287 5110 5291 5111 5289 5111 5287 5111 5293 5112 5289 5112 5291 5112 5291 5113 5295 5113 5293 5113 5293 5114 5295 5114 5297 5114 5297 5115 5295 5115 5298 5115 5296 5116 5297 5116 5298 5116 5294 5117 5296 5117 5298 5117 5292 5118 5296 5118 5294 5118 5290 5119 5292 5119 5294 5119 5288 5120 5292 5120 5290 5120 5288 5121 5290 5121 5286 5121 5284 5122 5288 5122 5286 5122 5280 5123 5284 5123 5286 5123 5282 5123 5284 5123 5280 5123 5278 5124 5282 5124 5280 5124 5278 5124 5280 5124 5276 5124 5274 5125 5278 5125 5276 5125 5272 5125 5274 5125 5276 5125 5270 5126 5274 5126 5272 5126 5270 5127 5272 5127 5268 5127 5264 5128 5270 5128 5268 5128 5266 5129 5264 5129 5268 5129 5266 5130 5262 5130 5264 5130 5260 5130 5264 5130 5262 5130 5256 5131 5260 5131 5262 5131 5258 5132 5260 5132 5256 5132 5226 5087 5230 5087 5228 5087 5254 5133 5258 5133 5256 5133 5228 5134 5230 5134 5232 5134 5254 5135 5256 5135 5252 5135 5250 5136 5254 5136 5252 5136 5230 5137 5234 5137 5232 5137 5232 5138 5234 5138 5236 5138 5234 5138 5238 5138 5236 5138 5236 5139 5238 5139 5240 5139 5238 5140 5242 5140 5240 5140 5242 5141 5244 5141 5240 5141 5242 5142 5246 5142 5244 5142 5244 5143 5246 5143 5248 5143 5246 5144 5250 5144 5248 5144 5252 5145 5248 5145 5250 5145 5299 3840 5300 3840 5301 3840 5302 3840 5299 3840 5301 3840 5301 3840 5303 3840 5302 3840 5305 3840 5302 3840 5303 3840 5303 3840 5301 3840 5304 3840 5303 3840 5304 3840 5307 3840 5303 3840 5307 3840 5310 3840 5304 5146 5301 5146 5306 5146 5308 3840 5306 3840 5301 3840 5301 3840 5311 3840 5308 3840 5304 5147 5306 5147 5309 5147 5309 5148 5313 5148 5304 5148 5304 3840 5313 3840 5317 3840 5317 3840 5323 3840 5304 3840 5323 3840 5334 3840 5304 3840 5323 3840 5317 3840 5333 3840 5313 3840 5322 3840 5317 3840 5332 3840 5317 3840 5322 3840 5332 3840 5343 3840 5317 3840 5355 3840 5317 3840 5343 3840 5343 3840 5361 3840 5355 3840 5343 3840 5332 3840 5354 3840 5360 3840 5343 3840 5354 3840 5354 3840 5332 3840 5359 3840 5322 3840 5344 3840 5332 3840 5356 3840 5332 3840 5344 3840 5313 3840 5331 3840 5322 3840 5331 3840 5342 3840 5322 3840 5353 3840 5342 3840 5331 3840 5313 3840 5341 3840 5331 3840 5306 3840 5312 3840 5309 3840 5314 3840 5312 3840 5306 3840 5314 3840 5306 3840 5319 3840 5319 3840 5306 3840 5326 3840 5314 3840 5319 3840 5327 3840 5318 3840 5312 3840 5314 3840 5318 3840 5314 3840 5325 3840 5336 3840 5325 3840 5314 3840 5336 3840 5314 3840 5347 3840 5347 3840 5357 3840 5336 3840 5362 3840 5357 3840 5347 3840 5357 3840 5363 3840 5336 3840 5346 3840 5325 3840 5336 3840 5337 3840 5318 3840 5325 3840 5325 3840 5348 3840 5337 3840 5324 3840 5312 3840 5318 3840 5324 3840 5335 3840 5312 3840 5324 3840 5345 3840 5335 3840 5315 3840 5309 3840 5312 3840 5313 3840 5352 3840 5341 3840 5316 5149 5313 5149 5309 5149 5316 3840 5320 3840 5313 3840 5316 3840 5328 3840 5320 3840 5338 3840 5328 3840 5316 3840 5321 3840 5316 3840 5309 3840 5321 3840 5329 3840 5316 3840 5309 5150 5330 5150 5321 5150 5330 5151 5309 5151 5339 5151 5309 3840 5349 3840 5339 3840 5350 3840 5330 3840 5339 3840 5350 3840 5358 3840 5330 3840 5340 3840 5321 3840 5330 3840 5351 3840 5340 3840 5330 3840 5364 5152 5365 5152 5366 5152 5366 5153 5365 5153 5367 5153 5366 5154 5368 5154 5364 5154 5365 5153 5369 5153 5367 5153 5364 5155 5368 5155 5370 5155 5371 5156 5367 5156 5369 5156 5372 5155 5364 5155 5370 5155 5369 5156 5373 5156 5371 5156 5374 5157 5372 5157 5370 5157 5371 5158 5373 5158 5375 5158 5370 5159 5376 5159 5374 5159 5373 5158 5377 5158 5375 5158 5378 5160 5374 5160 5376 5160 5379 5161 5375 5161 5377 5161 5380 5162 5378 5162 5376 5162 5377 5161 5381 5161 5379 5161 5382 5163 5378 5163 5380 5163 5379 5164 5381 5164 5383 5164 5380 5163 5384 5163 5382 5163 5381 5165 5385 5165 5383 5165 5386 5166 5382 5166 5384 5166 5387 5167 5383 5167 5385 5167 5388 5168 5386 5168 5384 5168 5385 5169 5389 5169 5387 5169 5390 5170 5386 5170 5388 5170 5391 5171 5387 5171 5389 5171 5388 5172 5392 5172 5390 5172 5393 5173 5391 5173 5389 5173 5394 5174 5390 5174 5392 5174 5395 5175 5391 5175 5393 5175 5395 5176 5394 5176 5392 5176 5393 5175 5394 5175 5395 5175 5396 5177 5397 5177 5398 5177 5398 5178 5397 5178 5399 5178 5398 5179 5400 5179 5396 5179 5397 5180 5401 5180 5399 5180 5396 5181 5400 5181 5402 5181 5403 5182 5399 5182 5401 5182 5404 5183 5396 5183 5402 5183 5401 5184 5405 5184 5403 5184 5402 5185 5406 5185 5404 5185 5403 5186 5405 5186 5407 5186 5408 5187 5404 5187 5406 5187 5405 5188 5409 5188 5407 5188 5406 5189 5410 5189 5408 5189 5411 5190 5407 5190 5409 5190 5412 5191 5408 5191 5410 5191 5409 5192 5413 5192 5411 5192 5414 5193 5412 5193 5410 5193 5411 5194 5413 5194 5415 5194 5416 5195 5412 5195 5414 5195 5413 5196 5417 5196 5415 5196 5414 5197 5418 5197 5416 5197 5419 5198 5415 5198 5417 5198 5420 5199 5416 5199 5418 5199 5417 5200 5421 5200 5419 5200 5422 5201 5420 5201 5418 5201 5421 5202 5423 5202 5419 5202 5424 5203 5420 5203 5422 5203 5425 5204 5423 5204 5421 5204 5422 5205 5426 5205 5424 5205 5427 5206 5423 5206 5425 5206 5428 5207 5424 5207 5426 5207 5425 5208 5428 5208 5427 5208 5427 5209 5428 5209 5426 5209 5429 5210 5430 5210 5431 5210 5431 5211 5430 5211 5432 5211 5431 5212 5433 5212 5429 5212 5430 5213 5434 5213 5432 5213 5429 5214 5433 5214 5435 5214 5436 5215 5432 5215 5434 5215 5437 5216 5429 5216 5435 5216 5434 5217 5438 5217 5436 5217 5435 5218 5439 5218 5437 5218 5436 5219 5438 5219 5440 5219 5441 5220 5437 5220 5439 5220 5438 5221 5442 5221 5440 5221 5439 5222 5443 5222 5441 5222 5444 5223 5440 5223 5442 5223 5445 5224 5441 5224 5443 5224 5442 5225 5446 5225 5444 5225 5447 5226 5445 5226 5443 5226 5444 5227 5446 5227 5448 5227 5449 5228 5445 5228 5447 5228 5446 5229 5450 5229 5448 5229 5447 5230 5451 5230 5449 5230 5452 5231 5448 5231 5450 5231 5453 5232 5449 5232 5451 5232 5450 5233 5454 5233 5452 5233 5455 5234 5453 5234 5451 5234 5454 5235 5456 5235 5452 5235 5457 5236 5453 5236 5455 5236 5458 5237 5456 5237 5454 5237 5455 5238 5459 5238 5457 5238 5460 5239 5456 5239 5458 5239 5461 5240 5457 5240 5459 5240 5458 5241 5461 5241 5460 5241 5460 5242 5461 5242 5459 5242 5462 5243 5463 5243 5464 5243 5464 5244 5463 5244 5465 5244 5464 5245 5466 5245 5462 5245 5463 5246 5467 5246 5465 5246 5462 5247 5466 5247 5468 5247 5469 5248 5465 5248 5467 5248 5470 5249 5462 5249 5468 5249 5467 5250 5471 5250 5469 5250 5468 5251 5472 5251 5470 5251 5469 5252 5471 5252 5473 5252 5474 5253 5470 5253 5472 5253 5471 5254 5475 5254 5473 5254 5472 5255 5476 5255 5474 5255 5477 5256 5473 5256 5475 5256 5478 5257 5474 5257 5476 5257 5475 5258 5479 5258 5477 5258 5480 5259 5478 5259 5476 5259 5477 5260 5479 5260 5481 5260 5482 5261 5478 5261 5480 5261 5479 5262 5483 5262 5481 5262 5480 5263 5484 5263 5482 5263 5485 5264 5481 5264 5483 5264 5486 5265 5482 5265 5484 5265 5483 5266 5487 5266 5485 5266 5488 5267 5486 5267 5484 5267 5487 5268 5489 5268 5485 5268 5490 5269 5486 5269 5488 5269 5491 5270 5489 5270 5487 5270 5488 5271 5492 5271 5490 5271 5493 5272 5489 5272 5491 5272 5494 5273 5490 5273 5492 5273 5491 5274 5494 5274 5493 5274 5493 5275 5494 5275 5492 5275 5495 5276 5496 5276 5497 5276 5497 5277 5496 5277 5498 5277 5497 5278 5499 5278 5495 5278 5496 5279 5500 5279 5498 5279 5495 5280 5499 5280 5501 5280 5502 5281 5498 5281 5500 5281 5503 5282 5495 5282 5501 5282 5500 5283 5504 5283 5502 5283 5501 5284 5505 5284 5503 5284 5502 5285 5504 5285 5506 5285 5507 5286 5503 5286 5505 5286 5504 5287 5508 5287 5506 5287 5505 5288 5509 5288 5507 5288 5510 5289 5506 5289 5508 5289 5511 5290 5507 5290 5509 5290 5508 5291 5512 5291 5510 5291 5513 5292 5511 5292 5509 5292 5510 5293 5512 5293 5514 5293 5515 5294 5511 5294 5513 5294 5512 5295 5516 5295 5514 5295 5513 5296 5517 5296 5515 5296 5518 5297 5514 5297 5516 5297 5519 5298 5515 5298 5517 5298 5516 5299 5520 5299 5518 5299 5521 5300 5519 5300 5517 5300 5520 5301 5522 5301 5518 5301 5523 5302 5519 5302 5521 5302 5524 5303 5522 5303 5520 5303 5521 5304 5525 5304 5523 5304 5526 5305 5522 5305 5524 5305 5527 5306 5523 5306 5525 5306 5524 5307 5527 5307 5526 5307 5526 5308 5527 5308 5525 5308 5528 5309 5529 5309 5530 5309 5530 5310 5529 5310 5531 5310 5530 5311 5532 5311 5528 5311 5529 5310 5533 5310 5531 5310 5528 5312 5532 5312 5534 5312 5535 5313 5531 5313 5533 5313 5536 5314 5528 5314 5534 5314 5533 5315 5537 5315 5535 5315 5538 5316 5536 5316 5534 5316 5535 5317 5537 5317 5539 5317 5534 5316 5540 5316 5538 5316 5537 5318 5541 5318 5539 5318 5542 5319 5538 5319 5540 5319 5543 5320 5539 5320 5541 5320 5544 5321 5542 5321 5540 5321 5541 5322 5545 5322 5543 5322 5546 5323 5542 5323 5544 5323 5543 5324 5545 5324 5547 5324 5544 5323 5548 5323 5546 5323 5545 5325 5549 5325 5547 5325 5550 5326 5546 5326 5548 5326 5551 5327 5547 5327 5549 5327 5552 5326 5550 5326 5548 5326 5549 5327 5553 5327 5551 5327 5554 5328 5550 5328 5552 5328 5555 5329 5551 5329 5553 5329 5552 5330 5556 5330 5554 5330 5557 5331 5555 5331 5553 5331 5558 5332 5554 5332 5556 5332 5559 5333 5555 5333 5557 5333 5559 5332 5558 5332 5556 5332 5557 5334 5558 5334 5559 5334 5560 5335 5561 5335 5562 5335 5562 5336 5561 5336 5563 5336 5562 5337 5564 5337 5560 5337 5561 5338 5565 5338 5563 5338 5560 5339 5564 5339 5566 5339 5567 5340 5563 5340 5565 5340 5568 5341 5560 5341 5566 5341 5565 5342 5569 5342 5567 5342 5566 5343 5570 5343 5568 5343 5567 5344 5569 5344 5571 5344 5572 5345 5568 5345 5570 5345 5569 5346 5573 5346 5571 5346 5570 5347 5574 5347 5572 5347 5575 5348 5571 5348 5573 5348 5576 5349 5572 5349 5574 5349 5573 5350 5577 5350 5575 5350 5578 5351 5576 5351 5574 5351 5575 5352 5577 5352 5579 5352 5580 5353 5576 5353 5578 5353 5577 5354 5581 5354 5579 5354 5578 5355 5582 5355 5580 5355 5583 5356 5579 5356 5581 5356 5584 5357 5580 5357 5582 5357 5581 5358 5585 5358 5583 5358 5586 5359 5584 5359 5582 5359 5585 5360 5587 5360 5583 5360 5588 5361 5584 5361 5586 5361 5589 5362 5587 5362 5585 5362 5586 5363 5590 5363 5588 5363 5591 5364 5587 5364 5589 5364 5592 5365 5588 5365 5590 5365 5589 5366 5592 5366 5591 5366 5591 5367 5592 5367 5590 5367 5593 5368 5594 5368 5595 5368 5595 5369 5594 5369 5596 5369 5595 5370 5597 5370 5593 5370 5594 5371 5598 5371 5596 5371 5593 5372 5597 5372 5599 5372 5600 5373 5596 5373 5598 5373 5601 5374 5593 5374 5599 5374 5598 5375 5602 5375 5600 5375 5599 5376 5603 5376 5601 5376 5600 5377 5602 5377 5604 5377 5605 5378 5601 5378 5603 5378 5602 5379 5606 5379 5604 5379 5603 5380 5607 5380 5605 5380 5608 5381 5604 5381 5606 5381 5609 5382 5605 5382 5607 5382 5606 5383 5610 5383 5608 5383 5611 5384 5609 5384 5607 5384 5608 5385 5610 5385 5612 5385 5613 5386 5609 5386 5611 5386 5610 5387 5614 5387 5612 5387 5611 5388 5615 5388 5613 5388 5616 5389 5612 5389 5614 5389 5617 5390 5613 5390 5615 5390 5614 5391 5618 5391 5616 5391 5619 5392 5617 5392 5615 5392 5618 5393 5620 5393 5616 5393 5621 5394 5617 5394 5619 5394 5622 5395 5620 5395 5618 5395 5619 5396 5623 5396 5621 5396 5624 5397 5620 5397 5622 5397 5625 5398 5621 5398 5623 5398 5622 5399 5625 5399 5624 5399 5624 5400 5625 5400 5623 5400 5626 5401 5627 5401 5628 5401 5628 5402 5627 5402 5629 5402 5628 5403 5630 5403 5626 5403 5627 5404 5631 5404 5629 5404 5626 5405 5630 5405 5632 5405 5633 5406 5629 5406 5631 5406 5634 5407 5626 5407 5632 5407 5631 5408 5635 5408 5633 5408 5632 5409 5636 5409 5634 5409 5633 5410 5635 5410 5637 5410 5638 5411 5634 5411 5636 5411 5635 5412 5639 5412 5637 5412 5636 5413 5640 5413 5638 5413 5641 5414 5637 5414 5639 5414 5642 5415 5638 5415 5640 5415 5639 5416 5643 5416 5641 5416 5644 5417 5642 5417 5640 5417 5641 5418 5643 5418 5645 5418 5646 5419 5642 5419 5644 5419 5643 5420 5647 5420 5645 5420 5644 5421 5648 5421 5646 5421 5649 5422 5645 5422 5647 5422 5650 5423 5646 5423 5648 5423 5647 5424 5651 5424 5649 5424 5652 5425 5650 5425 5648 5425 5651 5426 5653 5426 5649 5426 5654 5427 5650 5427 5652 5427 5655 5428 5653 5428 5651 5428 5652 5429 5656 5429 5654 5429 5657 5430 5653 5430 5655 5430 5658 5431 5654 5431 5656 5431 5655 5432 5658 5432 5657 5432 5657 5433 5658 5433 5656 5433 5659 5434 5660 5434 5661 5434 5661 5435 5660 5435 5662 5435 5661 5436 5663 5436 5659 5436 5660 5437 5664 5437 5662 5437 5659 5438 5663 5438 5665 5438 5666 5439 5662 5439 5664 5439 5667 5440 5659 5440 5665 5440 5664 5441 5668 5441 5666 5441 5665 5442 5669 5442 5667 5442 5666 5443 5668 5443 5670 5443 5671 5444 5667 5444 5669 5444 5668 5445 5672 5445 5670 5445 5669 5446 5673 5446 5671 5446 5674 5447 5670 5447 5672 5447 5675 5448 5671 5448 5673 5448 5672 5449 5676 5449 5674 5449 5677 5450 5675 5450 5673 5450 5674 5451 5676 5451 5678 5451 5679 5452 5675 5452 5677 5452 5676 5453 5680 5453 5678 5453 5677 5454 5681 5454 5679 5454 5682 5455 5678 5455 5680 5455 5683 5456 5679 5456 5681 5456 5680 5457 5684 5457 5682 5457 5685 5458 5683 5458 5681 5458 5684 5459 5686 5459 5682 5459 5687 5460 5683 5460 5685 5460 5688 5461 5686 5461 5684 5461 5685 5462 5689 5462 5687 5462 5690 5463 5686 5463 5688 5463 5691 5464 5687 5464 5689 5464 5688 5465 5691 5465 5690 5465 5690 5466 5691 5466 5689 5466 5692 5467 5693 5467 5694 5467 5694 5468 5693 5468 5695 5468 5694 5469 5696 5469 5692 5469 5693 5470 5697 5470 5695 5470 5692 5471 5696 5471 5698 5471 5699 5472 5695 5472 5697 5472 5698 5473 5696 5473 5700 5473 5697 5474 5701 5474 5699 5474 5702 5475 5698 5475 5700 5475 5699 5476 5701 5476 5703 5476 5700 5477 5704 5477 5702 5477 5701 5478 5705 5478 5703 5478 5706 5479 5702 5479 5704 5479 5707 5480 5703 5480 5705 5480 5708 5481 5706 5481 5704 5481 5705 5482 5709 5482 5707 5482 5710 5483 5706 5483 5708 5483 5707 5484 5709 5484 5711 5484 5708 5485 5712 5485 5710 5485 5709 5486 5713 5486 5711 5486 5714 5487 5710 5487 5712 5487 5715 5488 5711 5488 5713 5488 5716 5489 5714 5489 5712 5489 5713 5490 5717 5490 5715 5490 5718 5491 5714 5491 5716 5491 5717 5492 5719 5492 5715 5492 5716 5493 5720 5493 5718 5493 5721 5494 5719 5494 5717 5494 5722 5495 5718 5495 5720 5495 5723 5496 5719 5496 5721 5496 5723 5497 5722 5497 5720 5497 5721 5498 5722 5498 5723 5498 5724 5499 5725 5499 5726 5499 5726 5500 5725 5500 5727 5500 5726 5501 5728 5501 5724 5501 5725 5502 5729 5502 5727 5502 5724 5503 5728 5503 5730 5503 5731 5504 5727 5504 5729 5504 5732 5505 5724 5505 5730 5505 5729 5506 5733 5506 5731 5506 5730 5507 5734 5507 5732 5507 5731 5508 5733 5508 5735 5508 5736 5509 5732 5509 5734 5509 5733 5510 5737 5510 5735 5510 5734 5511 5738 5511 5736 5511 5739 5512 5735 5512 5737 5512 5740 5513 5736 5513 5738 5513 5737 5514 5741 5514 5739 5514 5742 5515 5740 5515 5738 5515 5739 5516 5741 5516 5743 5516 5744 5517 5740 5517 5742 5517 5741 5518 5745 5518 5743 5518 5742 5519 5746 5519 5744 5519 5747 5520 5743 5520 5745 5520 5748 5521 5744 5521 5746 5521 5745 5522 5749 5522 5747 5522 5750 5523 5748 5523 5746 5523 5749 5524 5751 5524 5747 5524 5752 5525 5748 5525 5750 5525 5753 5526 5751 5526 5749 5526 5750 5527 5754 5527 5752 5527 5755 5528 5751 5528 5753 5528 5756 5529 5752 5529 5754 5529 5753 5530 5756 5530 5755 5530 5755 5531 5756 5531 5754 5531 5757 5532 5758 5532 5759 5532 5759 5533 5758 5533 5760 5533 5759 5534 5761 5534 5757 5534 5758 5535 5762 5535 5760 5535 5757 5536 5761 5536 5763 5536 5764 5537 5760 5537 5762 5537 5765 5538 5757 5538 5763 5538 5762 5539 5766 5539 5764 5539 5763 5540 5767 5540 5765 5540 5764 5541 5766 5541 5768 5541 5769 5542 5765 5542 5767 5542 5766 5543 5770 5543 5768 5543 5767 5544 5771 5544 5769 5544 5772 5545 5768 5545 5770 5545 5773 5546 5769 5546 5771 5546 5770 5547 5774 5547 5772 5547 5775 5548 5773 5548 5771 5548 5772 5549 5774 5549 5776 5549 5777 5550 5773 5550 5775 5550 5774 5551 5778 5551 5776 5551 5775 5552 5779 5552 5777 5552 5780 5553 5776 5553 5778 5553 5781 5554 5777 5554 5779 5554 5778 5555 5782 5555 5780 5555 5783 5556 5781 5556 5779 5556 5782 5557 5784 5557 5780 5557 5785 5558 5781 5558 5783 5558 5786 5559 5784 5559 5782 5559 5783 5560 5787 5560 5785 5560 5788 5561 5784 5561 5786 5561 5789 5562 5785 5562 5787 5562 5786 5563 5789 5563 5788 5563 5788 5564 5789 5564 5787 5564 5790 5565 5791 5565 5792 5565 5792 5566 5791 5566 5793 5566 5792 5567 5794 5567 5790 5567 5791 5568 5795 5568 5793 5568 5790 5569 5794 5569 5796 5569 5797 5570 5793 5570 5795 5570 5798 5571 5790 5571 5796 5571 5795 5572 5799 5572 5797 5572 5796 5573 5800 5573 5798 5573 5797 5574 5799 5574 5801 5574 5802 5575 5798 5575 5800 5575 5799 5576 5803 5576 5801 5576 5800 5577 5804 5577 5802 5577 5805 5578 5801 5578 5803 5578 5806 5579 5802 5579 5804 5579 5803 5580 5807 5580 5805 5580 5808 5581 5806 5581 5804 5581 5805 5582 5807 5582 5809 5582 5810 5583 5806 5583 5808 5583 5807 5584 5811 5584 5809 5584 5808 5585 5812 5585 5810 5585 5813 5586 5809 5586 5811 5586 5814 5587 5810 5587 5812 5587 5811 5588 5815 5588 5813 5588 5816 5589 5814 5589 5812 5589 5815 5590 5817 5590 5813 5590 5818 5591 5814 5591 5816 5591 5819 5592 5817 5592 5815 5592 5816 5593 5820 5593 5818 5593 5821 5594 5817 5594 5819 5594 5822 5595 5818 5595 5820 5595 5819 5596 5822 5596 5821 5596 5821 5597 5822 5597 5820 5597 5823 5598 5824 5598 5825 5598 5825 5599 5824 5599 5826 5599 5825 5600 5827 5600 5823 5600 5824 5601 5828 5601 5826 5601 5823 5602 5827 5602 5829 5602 5830 5603 5826 5603 5828 5603 5831 5604 5823 5604 5829 5604 5828 5605 5832 5605 5830 5605 5829 5606 5833 5606 5831 5606 5830 5607 5832 5607 5834 5607 5835 5608 5831 5608 5833 5608 5832 5609 5836 5609 5834 5609 5833 5610 5837 5610 5835 5610 5838 5611 5834 5611 5836 5611 5839 5612 5835 5612 5837 5612 5836 5613 5840 5613 5838 5613 5841 5614 5839 5614 5837 5614 5838 5615 5840 5615 5842 5615 5843 5616 5839 5616 5841 5616 5840 5617 5844 5617 5842 5617 5841 5618 5845 5618 5843 5618 5846 5619 5842 5619 5844 5619 5847 5620 5843 5620 5845 5620 5844 5621 5848 5621 5846 5621 5849 5622 5847 5622 5845 5622 5848 5623 5850 5623 5846 5623 5851 5624 5847 5624 5849 5624 5852 5625 5850 5625 5848 5625 5849 5626 5853 5626 5851 5626 5854 5627 5850 5627 5852 5627 5855 5628 5851 5628 5853 5628 5852 5629 5855 5629 5854 5629 5854 5630 5855 5630 5853 5630 5856 5631 5857 5631 5858 5631 5858 5632 5857 5632 5859 5632 5858 5633 5860 5633 5856 5633 5857 5634 5861 5634 5859 5634 5856 5635 5860 5635 5862 5635 5863 5636 5859 5636 5861 5636 5864 5637 5856 5637 5862 5637 5861 5638 5865 5638 5863 5638 5862 5639 5866 5639 5864 5639 5863 5640 5865 5640 5867 5640 5868 5641 5864 5641 5866 5641 5865 5642 5869 5642 5867 5642 5866 5643 5870 5643 5868 5643 5871 5644 5867 5644 5869 5644 5872 5645 5868 5645 5870 5645 5869 5646 5873 5646 5871 5646 5874 5647 5872 5647 5870 5647 5871 5648 5873 5648 5875 5648 5876 5649 5872 5649 5874 5649 5873 5650 5877 5650 5875 5650 5874 5651 5878 5651 5876 5651 5879 5652 5875 5652 5877 5652 5880 5653 5876 5653 5878 5653 5877 5654 5881 5654 5879 5654 5882 5655 5880 5655 5878 5655 5881 5656 5883 5656 5879 5656 5884 5657 5880 5657 5882 5657 5885 5658 5883 5658 5881 5658 5882 5659 5886 5659 5884 5659 5887 5660 5883 5660 5885 5660 5888 5661 5884 5661 5886 5661 5885 5662 5888 5662 5887 5662 5887 5663 5888 5663 5886 5663 5889 5664 5890 5664 5891 5664 5891 5665 5890 5665 5892 5665 5891 5666 5893 5666 5889 5666 5890 5667 5894 5667 5892 5667 5889 5668 5893 5668 5895 5668 5896 5669 5892 5669 5894 5669 5897 5670 5889 5670 5895 5670 5894 5671 5898 5671 5896 5671 5895 5672 5899 5672 5897 5672 5896 5673 5898 5673 5900 5673 5901 5674 5897 5674 5899 5674 5898 5675 5902 5675 5900 5675 5899 5676 5903 5676 5901 5676 5904 5677 5900 5677 5902 5677 5905 5678 5901 5678 5903 5678 5902 5679 5906 5679 5904 5679 5907 5680 5905 5680 5903 5680 5904 5681 5906 5681 5908 5681 5909 5682 5905 5682 5907 5682 5906 5683 5910 5683 5908 5683 5907 5684 5911 5684 5909 5684 5912 5685 5908 5685 5910 5685 5913 5686 5909 5686 5911 5686 5910 5687 5914 5687 5912 5687 5915 5688 5913 5688 5911 5688 5914 5689 5916 5689 5912 5689 5917 5690 5913 5690 5915 5690 5918 5691 5916 5691 5914 5691 5915 5692 5919 5692 5917 5692 5920 5693 5916 5693 5918 5693 5921 5694 5917 5694 5919 5694 5918 5695 5921 5695 5920 5695 5920 5696 5921 5696 5919 5696 5922 373 5923 373 5924 373 5922 373 5924 373 5925 373 5925 373 5924 373 5926 373 5922 373 5925 373 5927 373 5924 373 5928 373 5926 373 5922 373 5927 373 5929 373 5930 373 5928 373 5924 373 5931 373 5926 373 5928 373 5929 373 5927 373 5932 373 5928 373 5930 373 5933 373 5934 373 5930 373 5924 373 5932 373 5927 373 5935 373 5936 373 5935 373 5927 373 5937 373 5932 373 5935 373 5938 373 5939 373 5940 373 5938 373 5940 373 5941 373 5942 373 5941 373 5940 373 5938 373 5941 373 5943 373 5941 373 5942 373 5944 373 5945 373 5942 373 5940 373 5946 373 5938 373 5943 373 5942 373 5945 373 5947 373 5945 373 5940 373 5948 373 5949 373 5938 373 5946 373 5940 373 5950 373 5948 373 5948 373 5951 373 5945 373 5940 373 5952 373 5950 373 5950 373 5953 373 5948 373 5954 373 5948 373 5953 373 5955 373 5956 373 5957 373 5958 373 5955 373 5957 373 5955 373 5958 373 5959 373 5960 373 5958 373 5957 373 5961 373 5959 373 5958 373 5955 373 5959 373 5962 373 5963 373 5959 373 5961 373 5958 373 5964 373 5961 373 5955 373 5962 373 5965 373 5963 373 5966 373 5959 373 5967 373 5963 373 5961 373 5959 373 5966 373 5968 373 5967 373 5969 373 5963 373 5961 373 5970 373 5967 373 5971 373 5963 373 5969 373 5972 373 5973 373 5974 373 5974 373 5975 373 5972 373 5972 373 5975 373 5976 373 5977 373 5976 373 5975 373 5972 373 5976 373 5978 373 5977 373 5975 373 5979 373 5980 373 5972 373 5978 373 5975 373 5981 373 5979 373 5982 373 5977 373 5979 373 5981 373 5975 373 5983 373 5981 373 5984 373 5979 373 5985 373 5983 373 5975 373 5981 373 5983 373 5986 373 5987 373 5979 373 5984 373 5985 373 5988 373 5983 373 5989 373 5990 373 5991 373 5990 373 5992 373 5991 373 5992 373 5990 373 5993 373 5994 373 5993 373 5990 373 5995 373 5992 373 5993 373 5994 373 5996 373 5993 373 5990 373 5997 373 5994 373 5998 373 5992 373 5995 373 5999 373 5994 373 5997 373 5998 373 6000 373 5992 373 5995 373 6001 373 5998 373 6002 373 6000 373 5998 373 5995 373 6003 373 6001 373 6001 373 6004 373 5998 373 6005 373 5998 373 6004 373 6006 373 6007 373 6008 373 6009 373 6008 373 6007 373 6006 373 6008 373 6010 373 6011 373 6010 373 6008 373 6006 373 6010 373 6012 373 6013 373 6010 373 6011 373 6014 373 6011 373 6008 373 6015 373 6013 373 6011 373 6014 373 6016 373 6011 373 6008 373 6017 373 6014 373 6014 373 6018 373 6016 373 6016 373 6019 373 6011 373 6008 373 6020 373 6017 373 6021 373 6011 373 6019 373 6022 373 6023 373 6024 373 6024 373 6025 373 6022 373 6026 373 6022 373 6025 373 6026 373 6027 373 6022 373 6026 373 6025 373 6028 373 6022 373 6027 373 6029 373 6025 373 6030 373 6028 373 6025 373 6031 373 6030 373 6028 373 6030 373 6032 373 6030 373 6031 373 6033 373 6034 373 6032 373 6030 373 6035 373 6028 373 6032 373 6032 373 6034 373 6036 373 6037 373 6034 373 6030 373 6036 373 6038 373 6032 373 6039 373 6040 373 6041 373 6042 373 6041 373 6040 373 6041 373 6042 373 6043 373 6044 373 6042 373 6040 373 6041 373 6043 373 6045 373 6041 373 6045 373 6046 373 6045 373 6047 373 6046 373 6046 373 6048 373 6041 373 6049 373 6047 373 6045 373 6047 373 6050 373 6046 373 6048 373 6051 373 6041 373 6049 373 6052 373 6047 373 6049 373 6045 373 6053 373 6041 373 6051 373 6054 373 6055 373 6047 373 6052 373 6056 373 6057 373 6058 373 6059 373 6058 373 6057 373 6060 373 6058 373 6059 373 6061 373 6058 373 6060 373 6060 373 6059 373 6062 373 6060 373 6063 373 6061 373 6059 373 6064 373 6062 373 6062 373 6065 373 6060 373 6059 373 6066 373 6064 373 6067 373 6062 373 6064 373 6062 373 6068 373 6065 373 6066 373 6059 373 6069 373 6067 373 6070 373 6062 373 6067 373 6064 373 6071 373 6072 373 6062 373 6070 373 6073 373 6074 373 6075 373 6075 373 6074 373 6076 373 6077 373 6073 373 6075 373 6078 373 6076 373 6074 373 6079 373 6075 373 6076 373 6073 373 6077 373 6080 373 6077 373 6075 373 6081 373 6078 373 6082 373 6076 373 6078 373 6074 373 6083 373 6079 373 6084 373 6075 373 6076 373 6085 373 6079 373 6086 373 6076 373 6082 373 6079 373 6087 373 6084 373 6084 373 6088 373 6075 373 6076 373 6089 373 6085 373 6090 373 6091 373 6092 373 6091 373 6093 373 6092 373 6090 373 6092 373 6094 373 6093 373 6095 373 6092 373 6095 373 6093 373 6096 373 6095 373 6097 373 6092 373 6098 373 6097 373 6095 373 6099 373 6092 373 6097 373 6095 373 6100 373 6098 373 6099 373 6101 373 6092 373 6097 373 6102 373 6099 373 6092 373 6101 373 6103 373 6103 373 6101 373 6104 373 6103 373 6105 373 6092 373 6106 373 6107 373 6108 373 6109 373 6108 373 6107 373 6108 373 6109 373 6110 373 6109 373 6107 373 6111 373 6112 373 6110 373 6109 373 6113 373 6108 373 6110 373 6112 373 6114 373 6110 373 6112 373 6109 373 6115 373 6116 373 6108 373 6113 373 6110 373 6117 373 6113 373 6118 373 6110 373 6114 373 6116 373 6119 373 6108 373 6116 373 6120 373 6119 373 6119 373 6121 373 6108 373 6122 373 6108 373 6121 373 6123 373 6124 373 6125 373 6126 373 6125 373 6124 373 6126 373 6124 373 6127 373 6124 373 6128 373 6127 373 6127 373 6129 373 6126 373 6127 373 6128 373 6130 373 6128 373 6131 373 6130 373 6130 373 6132 373 6127 373 6128 373 6133 373 6131 373 6134 373 6130 373 6131 373 6130 373 6135 373 6132 373 6133 373 6128 373 6136 373 6134 373 6137 373 6130 373 6134 373 6131 373 6138 373 6139 373 6130 373 6137 373 6140 373 6141 373 6142 373 6140 373 6142 373 6143 373 6143 373 6142 373 6144 373 6142 373 6145 373 6144 373 6144 373 6146 373 6143 373 6147 373 6144 373 6145 373 6144 373 6148 373 6146 373 6143 373 6146 373 6149 373 6146 373 6150 373 6149 373 6146 373 6151 373 6150 373 6152 373 6149 373 6150 373 6150 373 6151 373 6153 373 6150 373 6154 373 6152 373 6155 373 6153 373 6151 373 6156 373 6152 373 6154 373 6157 373 6158 373 6159 373 6160 373 6159 373 6158 373 6160 373 6158 373 6161 373 6158 373 6162 373 6161 373 6161 373 6163 373 6160 373 6162 373 6158 373 6164 373 6165 373 6161 373 6162 373 6158 373 6166 373 6164 373 6164 373 6167 373 6162 373 6164 373 6168 373 6167 373 6162 373 6167 373 6169 373 6168 373 6164 373 6170 373 6168 373 6171 373 6167 373 6162 373 6169 373 6172 373 6171 373 6168 373 6173 373 6174 373 6175 373 6176 373 6174 373 6176 373 6177 373 6177 373 6176 373 6178 373 6179 373 6174 373 6177 373 6174 373 6179 373 6180 373 6177 373 6181 373 6179 373 6182 373 6180 373 6179 373 6180 373 6183 373 6174 373 6177 373 6184 373 6181 373 6179 373 6181 373 6185 373 6186 373 6182 373 6179 373 6187 373 6183 373 6180 373 6182 373 6186 373 6188 373 6187 373 6189 373 6183 373 6190 373 6183 373 6189 373 6191 373 6192 373 6193 373 6191 373 6193 373 6194 373 6193 373 6195 373 6194 373 6196 373 6191 373 6194 373 6195 373 6193 373 6197 373 6198 373 6194 373 6195 373 6193 373 6199 373 6197 373 6197 373 6200 373 6195 373 6194 373 6198 373 6201 373 6198 373 6195 373 6202 373 6198 373 6203 373 6201 373 6194 373 6201 373 6204 373 6203 373 6198 373 6205 373 6206 373 6201 373 6203 373 6204 373 6207 373 6194 373 6208 5697 6209 5697 6210 5697 6209 5698 6208 5698 6211 5698 6210 5699 6212 5699 6208 5699 6211 5700 6208 5700 6213 5700 6214 5701 6212 5701 6210 5701 6213 5702 6215 5702 6211 5702 6214 5703 6216 5703 6212 5703 6215 5704 6213 5704 6217 5704 6214 5705 6218 5705 6216 5705 6215 5706 6217 5706 6219 5706 6218 5707 6214 5707 6220 5707 6215 5708 6219 5708 6221 5708 6220 5709 6222 5709 6218 5709 6221 5710 6219 5710 6223 5710 6220 5709 6224 5709 6222 5709 6223 5710 6225 5710 6221 5710 6224 5711 6226 5711 6222 5711 6227 5712 6225 5712 6223 5712 6226 5711 6224 5711 6228 5711 6229 5712 6225 5712 6227 5712 6228 5713 6230 5713 6226 5713 6229 5714 6227 5714 6231 5714 6232 5715 6230 5715 6228 5715 6231 5716 6233 5716 6229 5716 6230 5717 6232 5717 6234 5717 6233 5718 6231 5718 6235 5718 6234 5719 6236 5719 6230 5719 6233 5720 6235 5720 6237 5720 6238 5721 6236 5721 6234 5721 6237 5722 6235 5722 6239 5722 6238 5723 6239 5723 6236 5723 6239 5724 6238 5724 6237 5724 6240 5725 6241 5725 6242 5725 6241 5698 6240 5698 6243 5698 6242 5726 6244 5726 6240 5726 6243 5700 6240 5700 6245 5700 6246 5727 6244 5727 6242 5727 6245 5702 6247 5702 6243 5702 6246 5728 6248 5728 6244 5728 6247 5704 6245 5704 6249 5704 6246 5705 6250 5705 6248 5705 6247 5729 6249 5729 6251 5729 6250 5707 6246 5707 6252 5707 6247 5730 6251 5730 6253 5730 6252 5731 6254 5731 6250 5731 6251 5732 6255 5732 6253 5732 6252 5731 6256 5731 6254 5731 6255 5732 6251 5732 6257 5732 6254 5733 6256 5733 6258 5733 6259 5734 6255 5734 6257 5734 6258 5733 6260 5733 6254 5733 6259 5734 6257 5734 6261 5734 6262 5713 6260 5713 6258 5713 6261 5735 6263 5735 6259 5735 6262 5715 6264 5715 6260 5715 6263 5736 6261 5736 6265 5736 6264 5737 6262 5737 6266 5737 6263 5718 6265 5718 6267 5718 6266 5738 6268 5738 6264 5738 6263 5720 6267 5720 6269 5720 6270 5739 6268 5739 6266 5739 6269 5722 6267 5722 6271 5722 6270 5740 6271 5740 6268 5740 6271 5724 6270 5724 6269 5724 6272 5741 6273 5741 6274 5741 6274 5742 6273 5742 6275 5742 6274 5741 6276 5741 6272 5741 6273 5743 6277 5743 6275 5743 6272 5744 6276 5744 6278 5744 6279 5745 6275 5745 6277 5745 6280 5744 6272 5744 6278 5744 6277 5745 6281 5745 6279 5745 6282 5746 6280 5746 6278 5746 6279 5747 6281 5747 6283 5747 6278 5748 6284 5748 6282 5748 6281 5749 6285 5749 6283 5749 6286 5750 6282 5750 6284 5750 6287 5751 6283 5751 6285 5751 6288 5752 6286 5752 6284 5752 6285 5753 6289 5753 6287 5753 6290 5754 6286 5754 6288 5754 6287 5755 6289 5755 6291 5755 6288 5756 6292 5756 6290 5756 6289 5757 6293 5757 6291 5757 6294 5758 6290 5758 6292 5758 6295 5759 6291 5759 6293 5759 6296 5758 6294 5758 6292 5758 6293 5759 6297 5759 6295 5759 6298 5760 6294 5760 6296 5760 6299 5761 6295 5761 6297 5761 6296 5762 6300 5762 6298 5762 6301 5761 6299 5761 6297 5761 6302 5763 6298 5763 6300 5763 6303 5764 6299 5764 6301 5764 6303 5763 6302 5763 6300 5763 6301 5764 6302 5764 6303 5764 6304 5765 6305 5765 6306 5765 6306 5766 6305 5766 6307 5766 6306 5767 6308 5767 6304 5767 6305 5768 6309 5768 6307 5768 6304 5769 6308 5769 6310 5769 6311 5770 6307 5770 6309 5770 6312 5771 6304 5771 6310 5771 6309 5772 6313 5772 6311 5772 6310 5773 6314 5773 6312 5773 6311 5774 6313 5774 6315 5774 6316 5775 6312 5775 6314 5775 6313 5776 6317 5776 6315 5776 6314 5777 6318 5777 6316 5777 6319 5778 6315 5778 6317 5778 6320 5779 6316 5779 6318 5779 6317 5780 6321 5780 6319 5780 6322 5781 6320 5781 6318 5781 6319 5782 6321 5782 6323 5782 6324 5783 6320 5783 6322 5783 6321 5784 6325 5784 6323 5784 6322 5785 6326 5785 6324 5785 6327 5786 6323 5786 6325 5786 6328 5787 6324 5787 6326 5787 6325 5788 6329 5788 6327 5788 6330 5789 6328 5789 6326 5789 6329 5790 6331 5790 6327 5790 6332 5791 6328 5791 6330 5791 6333 5792 6331 5792 6329 5792 6330 5793 6334 5793 6332 5793 6335 5794 6331 5794 6333 5794 6336 5795 6332 5795 6334 5795 6333 5796 6336 5796 6335 5796 6335 5797 6336 5797 6334 5797 6337 5798 6338 5798 6339 5798 6339 5799 6338 5799 6340 5799 6339 5800 6341 5800 6337 5800 6338 5801 6342 5801 6340 5801 6337 5802 6341 5802 6343 5802 6344 5803 6340 5803 6342 5803 6345 5804 6337 5804 6343 5804 6342 5805 6346 5805 6344 5805 6343 5806 6347 5806 6345 5806 6344 5807 6346 5807 6348 5807 6349 5808 6345 5808 6347 5808 6346 5809 6350 5809 6348 5809 6347 5810 6351 5810 6349 5810 6352 5811 6348 5811 6350 5811 6353 5812 6349 5812 6351 5812 6350 5813 6354 5813 6352 5813 6355 5814 6353 5814 6351 5814 6352 5815 6354 5815 6356 5815 6357 5816 6353 5816 6355 5816 6354 5817 6358 5817 6356 5817 6355 5818 6359 5818 6357 5818 6360 5819 6356 5819 6358 5819 6361 5820 6357 5820 6359 5820 6358 5821 6362 5821 6360 5821 6363 5822 6361 5822 6359 5822 6362 5823 6364 5823 6360 5823 6365 5824 6361 5824 6363 5824 6366 5825 6364 5825 6362 5825 6363 5826 6367 5826 6365 5826 6368 5827 6364 5827 6366 5827 6369 5828 6365 5828 6367 5828 6366 5829 6369 5829 6368 5829 6368 5830 6369 5830 6367 5830 6370 5831 6371 5831 6372 5831 6372 5832 6371 5832 6373 5832 6372 5833 6374 5833 6370 5833 6371 5834 6375 5834 6373 5834 6370 5835 6374 5835 6376 5835 6377 5836 6373 5836 6375 5836 6378 5837 6370 5837 6376 5837 6375 5838 6379 5838 6377 5838 6376 5839 6380 5839 6378 5839 6377 5840 6379 5840 6381 5840 6382 5841 6378 5841 6380 5841 6379 5842 6383 5842 6381 5842 6380 5843 6384 5843 6382 5843 6385 5844 6381 5844 6383 5844 6386 5845 6382 5845 6384 5845 6383 5846 6387 5846 6385 5846 6388 5847 6386 5847 6384 5847 6385 5848 6387 5848 6389 5848 6390 5849 6386 5849 6388 5849 6387 5850 6391 5850 6389 5850 6388 5851 6392 5851 6390 5851 6393 5852 6389 5852 6391 5852 6394 5853 6390 5853 6392 5853 6391 5854 6395 5854 6393 5854 6396 5855 6394 5855 6392 5855 6395 5856 6397 5856 6393 5856 6398 5857 6394 5857 6396 5857 6399 5858 6397 5858 6395 5858 6396 5859 6400 5859 6398 5859 6401 5860 6397 5860 6399 5860 6402 5861 6398 5861 6400 5861 6399 5862 6402 5862 6401 5862 6401 5863 6402 5863 6400 5863 6403 5864 6404 5864 6405 5864 6405 5865 6404 5865 6406 5865 6405 5866 6407 5866 6403 5866 6404 5867 6408 5867 6406 5867 6403 5868 6407 5868 6409 5868 6410 5869 6406 5869 6408 5869 6411 5870 6403 5870 6409 5870 6408 5871 6412 5871 6410 5871 6409 5872 6413 5872 6411 5872 6410 5873 6412 5873 6414 5873 6415 5874 6411 5874 6413 5874 6412 5875 6416 5875 6414 5875 6413 5876 6417 5876 6415 5876 6418 5877 6414 5877 6416 5877 6419 5878 6415 5878 6417 5878 6416 5879 6420 5879 6418 5879 6421 5880 6419 5880 6417 5880 6418 5881 6420 5881 6422 5881 6423 5882 6419 5882 6421 5882 6420 5883 6424 5883 6422 5883 6421 5884 6425 5884 6423 5884 6426 5885 6422 5885 6424 5885 6427 5886 6423 5886 6425 5886 6424 5887 6428 5887 6426 5887 6429 5888 6427 5888 6425 5888 6428 5889 6430 5889 6426 5889 6431 5890 6427 5890 6429 5890 6432 5891 6430 5891 6428 5891 6429 5892 6433 5892 6431 5892 6434 5893 6430 5893 6432 5893 6435 5894 6431 5894 6433 5894 6432 5895 6435 5895 6434 5895 6434 5896 6435 5896 6433 5896 6436 5897 6437 5897 6438 5897 6438 5898 6437 5898 6439 5898 6438 5899 6440 5899 6436 5899 6437 5900 6441 5900 6439 5900 6436 5901 6440 5901 6442 5901 6443 5902 6439 5902 6441 5902 6444 5903 6436 5903 6442 5903 6441 5904 6445 5904 6443 5904 6442 5905 6446 5905 6444 5905 6443 5906 6445 5906 6447 5906 6448 5907 6444 5907 6446 5907 6445 5908 6449 5908 6447 5908 6446 5909 6450 5909 6448 5909 6451 5910 6447 5910 6449 5910 6452 5911 6448 5911 6450 5911 6449 5912 6453 5912 6451 5912 6454 5913 6452 5913 6450 5913 6451 5914 6453 5914 6455 5914 6456 5915 6452 5915 6454 5915 6453 5916 6457 5916 6455 5916 6454 5917 6458 5917 6456 5917 6459 5918 6455 5918 6457 5918 6460 5919 6456 5919 6458 5919 6457 5920 6461 5920 6459 5920 6462 5921 6460 5921 6458 5921 6461 5922 6463 5922 6459 5922 6464 5923 6460 5923 6462 5923 6465 5924 6463 5924 6461 5924 6462 5925 6466 5925 6464 5925 6467 5926 6463 5926 6465 5926 6468 5927 6464 5927 6466 5927 6465 5928 6468 5928 6467 5928 6467 5929 6468 5929 6466 5929 6469 5930 6470 5930 6471 5930 6471 5931 6470 5931 6472 5931 6471 5932 6473 5932 6469 5932 6470 5933 6474 5933 6472 5933 6469 5934 6473 5934 6475 5934 6476 5935 6472 5935 6474 5935 6477 5936 6469 5936 6475 5936 6474 5937 6478 5937 6476 5937 6475 5938 6479 5938 6477 5938 6476 5939 6478 5939 6480 5939 6481 5940 6477 5940 6479 5940 6478 5941 6482 5941 6480 5941 6479 5942 6483 5942 6481 5942 6484 5943 6480 5943 6482 5943 6485 5944 6481 5944 6483 5944 6482 5945 6486 5945 6484 5945 6487 5946 6485 5946 6483 5946 6484 5947 6486 5947 6488 5947 6489 5948 6485 5948 6487 5948 6486 5949 6490 5949 6488 5949 6487 5950 6491 5950 6489 5950 6492 5951 6488 5951 6490 5951 6493 5952 6489 5952 6491 5952 6490 5953 6494 5953 6492 5953 6495 5954 6493 5954 6491 5954 6494 5955 6496 5955 6492 5955 6497 5956 6493 5956 6495 5956 6498 5957 6496 5957 6494 5957 6495 5958 6499 5958 6497 5958 6500 5959 6496 5959 6498 5959 6501 5960 6497 5960 6499 5960 6498 5961 6501 5961 6500 5961 6500 5962 6501 5962 6499 5962 6502 5963 6503 5963 6504 5963 6504 5964 6503 5964 6505 5964 6504 5965 6506 5965 6502 5965 6503 5964 6507 5964 6505 5964 6502 5966 6506 5966 6508 5966 6507 5967 6509 5967 6505 5967 6510 5968 6502 5968 6508 5968 6511 5967 6505 5967 6509 5967 6512 5969 6510 5969 6508 5969 6509 5970 6513 5970 6511 5970 6508 5971 6514 5971 6512 5971 6511 5972 6513 5972 6515 5972 6516 5973 6512 5973 6514 5973 6517 5974 6515 5974 6513 5974 6518 5973 6516 5973 6514 5973 6513 5975 6519 5975 6517 5975 6520 5976 6516 5976 6518 5976 6517 5977 6519 5977 6521 5977 6518 5978 6522 5978 6520 5978 6519 5977 6523 5977 6521 5977 6524 5979 6520 5979 6522 5979 6525 5980 6521 5980 6523 5980 6526 5981 6524 5981 6522 5981 6523 5980 6527 5980 6525 5980 6528 5982 6524 5982 6526 5982 6529 5983 6525 5983 6527 5983 6526 5982 6530 5982 6528 5982 6531 5983 6529 5983 6527 5983 6532 5984 6528 5984 6530 5984 6533 5985 6529 5985 6531 5985 6533 5986 6532 5986 6530 5986 6531 5985 6532 5985 6533 5985 6534 5987 6535 5987 6536 5987 6536 5988 6535 5988 6537 5988 6536 5989 6538 5989 6534 5989 6535 5990 6539 5990 6537 5990 6534 5991 6538 5991 6540 5991 6541 5992 6537 5992 6539 5992 6542 5993 6534 5993 6540 5993 6539 5994 6543 5994 6541 5994 6540 5995 6544 5995 6542 5995 6541 5996 6543 5996 6545 5996 6546 5997 6542 5997 6544 5997 6543 5998 6547 5998 6545 5998 6544 5999 6548 5999 6546 5999 6549 6000 6545 6000 6547 6000 6550 6001 6546 6001 6548 6001 6547 6002 6551 6002 6549 6002 6552 6003 6550 6003 6548 6003 6549 6004 6551 6004 6553 6004 6554 6005 6550 6005 6552 6005 6551 6006 6555 6006 6553 6006 6552 6007 6556 6007 6554 6007 6557 6008 6553 6008 6555 6008 6558 6009 6554 6009 6556 6009 6555 6010 6559 6010 6557 6010 6560 6011 6558 6011 6556 6011 6559 6012 6561 6012 6557 6012 6562 6013 6558 6013 6560 6013 6563 6014 6561 6014 6559 6014 6560 6015 6564 6015 6562 6015 6565 6016 6561 6016 6563 6016 6566 6017 6562 6017 6564 6017 6563 6018 6566 6018 6565 6018 6565 6019 6566 6019 6564 6019 6567 6020 6568 6020 6569 6020 6569 6021 6568 6021 6570 6021 6569 6022 6571 6022 6567 6022 6568 6023 6572 6023 6570 6023 6567 6024 6571 6024 6573 6024 6574 6025 6570 6025 6572 6025 6575 6026 6567 6026 6573 6026 6572 6027 6576 6027 6574 6027 6573 6028 6577 6028 6575 6028 6574 6029 6576 6029 6578 6029 6579 6030 6575 6030 6577 6030 6576 6031 6580 6031 6578 6031 6577 6032 6581 6032 6579 6032 6582 6033 6578 6033 6580 6033 6583 6034 6579 6034 6581 6034 6580 6035 6584 6035 6582 6035 6585 6036 6583 6036 6581 6036 6582 6037 6584 6037 6586 6037 6587 6038 6583 6038 6585 6038 6584 6039 6588 6039 6586 6039 6585 6040 6589 6040 6587 6040 6590 6041 6586 6041 6588 6041 6591 6042 6587 6042 6589 6042 6588 6043 6592 6043 6590 6043 6593 6044 6591 6044 6589 6044 6592 6045 6594 6045 6590 6045 6595 6046 6591 6046 6593 6046 6596 6047 6594 6047 6592 6047 6593 6048 6597 6048 6595 6048 6598 6049 6594 6049 6596 6049 6599 6050 6595 6050 6597 6050 6596 6051 6599 6051 6598 6051 6598 6052 6599 6052 6597 6052 6600 6053 6601 6053 6602 6053 6602 6054 6601 6054 6603 6054 6602 6055 6604 6055 6600 6055 6601 6056 6605 6056 6603 6056 6600 6057 6604 6057 6606 6057 6607 6058 6603 6058 6605 6058 6608 6059 6600 6059 6606 6059 6605 6060 6609 6060 6607 6060 6606 6061 6610 6061 6608 6061 6607 6062 6609 6062 6611 6062 6612 6063 6608 6063 6610 6063 6609 6064 6613 6064 6611 6064 6610 6065 6614 6065 6612 6065 6615 6066 6611 6066 6613 6066 6616 6067 6612 6067 6614 6067 6613 6068 6617 6068 6615 6068 6618 6069 6616 6069 6614 6069 6615 6070 6617 6070 6619 6070 6620 6071 6616 6071 6618 6071 6617 6072 6621 6072 6619 6072 6618 6073 6622 6073 6620 6073 6623 6074 6619 6074 6621 6074 6624 6075 6620 6075 6622 6075 6621 6076 6625 6076 6623 6076 6626 6077 6624 6077 6622 6077 6625 6078 6627 6078 6623 6078 6628 6079 6624 6079 6626 6079 6629 6080 6627 6080 6625 6080 6626 6081 6630 6081 6628 6081 6631 6082 6627 6082 6629 6082 6632 6083 6628 6083 6630 6083 6629 6084 6632 6084 6631 6084 6631 6085 6632 6085 6630 6085 6633 6086 6634 6086 6635 6086 6635 6087 6634 6087 6636 6087 6635 6088 6637 6088 6633 6088 6634 6089 6638 6089 6636 6089 6633 6090 6637 6090 6639 6090 6640 6091 6636 6091 6638 6091 6641 6092 6633 6092 6639 6092 6638 6093 6642 6093 6640 6093 6639 6094 6643 6094 6641 6094 6640 6095 6642 6095 6644 6095 6645 6096 6641 6096 6643 6096 6642 6097 6646 6097 6644 6097 6643 6098 6647 6098 6645 6098 6648 6099 6644 6099 6646 6099 6649 6100 6645 6100 6647 6100 6646 6101 6650 6101 6648 6101 6651 6102 6649 6102 6647 6102 6648 6103 6650 6103 6652 6103 6653 6104 6649 6104 6651 6104 6650 6105 6654 6105 6652 6105 6651 6106 6655 6106 6653 6106 6656 6107 6652 6107 6654 6107 6657 6108 6653 6108 6655 6108 6654 6109 6658 6109 6656 6109 6659 6110 6657 6110 6655 6110 6658 6111 6660 6111 6656 6111 6661 6112 6657 6112 6659 6112 6662 6113 6660 6113 6658 6113 6659 6114 6663 6114 6661 6114 6664 6115 6660 6115 6662 6115 6665 6116 6661 6116 6663 6116 6662 6117 6665 6117 6664 6117 6664 6118 6665 6118 6663 6118 6666 6119 6667 6119 6668 6119 6668 6120 6667 6120 6669 6120 6668 6121 6670 6121 6666 6121 6667 6122 6671 6122 6669 6122 6666 6123 6670 6123 6672 6123 6673 6124 6669 6124 6671 6124 6674 6125 6666 6125 6672 6125 6671 6126 6675 6126 6673 6126 6672 6127 6676 6127 6674 6127 6673 6128 6675 6128 6677 6128 6678 6129 6674 6129 6676 6129 6675 6130 6679 6130 6677 6130 6676 6131 6680 6131 6678 6131 6681 6132 6677 6132 6679 6132 6682 6133 6678 6133 6680 6133 6679 6134 6683 6134 6681 6134 6684 6135 6682 6135 6680 6135 6681 6136 6683 6136 6685 6136 6686 6137 6682 6137 6684 6137 6683 6138 6687 6138 6685 6138 6684 6139 6688 6139 6686 6139 6689 6140 6685 6140 6687 6140 6690 6141 6686 6141 6688 6141 6687 6142 6691 6142 6689 6142 6692 6143 6690 6143 6688 6143 6691 6144 6693 6144 6689 6144 6694 6145 6690 6145 6692 6145 6695 6146 6693 6146 6691 6146 6692 6147 6696 6147 6694 6147 6697 6148 6693 6148 6695 6148 6698 6149 6694 6149 6696 6149 6695 6150 6698 6150 6697 6150 6697 6151 6698 6151 6696 6151 6699 6152 6700 6152 6701 6152 6701 6153 6700 6153 6702 6153 6701 6154 6703 6154 6699 6154 6700 6155 6704 6155 6702 6155 6699 6156 6703 6156 6705 6156 6706 6157 6702 6157 6704 6157 6707 6158 6699 6158 6705 6158 6704 6159 6708 6159 6706 6159 6705 6160 6709 6160 6707 6160 6706 6161 6708 6161 6710 6161 6711 6162 6707 6162 6709 6162 6708 6163 6712 6163 6710 6163 6709 6164 6713 6164 6711 6164 6714 6165 6710 6165 6712 6165 6715 6166 6711 6166 6713 6166 6712 6167 6716 6167 6714 6167 6717 6168 6715 6168 6713 6168 6714 6169 6716 6169 6718 6169 6719 6170 6715 6170 6717 6170 6716 6171 6720 6171 6718 6171 6717 6172 6721 6172 6719 6172 6722 6173 6718 6173 6720 6173 6723 6174 6719 6174 6721 6174 6720 6175 6724 6175 6722 6175 6725 6176 6723 6176 6721 6176 6724 6177 6726 6177 6722 6177 6727 6178 6723 6178 6725 6178 6728 6179 6726 6179 6724 6179 6725 6180 6729 6180 6727 6180 6730 6181 6726 6181 6728 6181 6731 6182 6727 6182 6729 6182 6728 6183 6731 6183 6730 6183 6730 6184 6731 6184 6729 6184 6732 6185 6733 6185 6734 6185 6734 6186 6733 6186 6735 6186 6734 6187 6736 6187 6732 6187 6733 6188 6737 6188 6735 6188 6732 6189 6736 6189 6738 6189 6739 6190 6735 6190 6737 6190 6740 6191 6732 6191 6738 6191 6737 6192 6741 6192 6739 6192 6738 6193 6742 6193 6740 6193 6739 6194 6741 6194 6743 6194 6744 6195 6740 6195 6742 6195 6741 6196 6745 6196 6743 6196 6742 6197 6746 6197 6744 6197 6747 6198 6743 6198 6745 6198 6748 6199 6744 6199 6746 6199 6745 6200 6749 6200 6747 6200 6750 6201 6748 6201 6746 6201 6747 6202 6749 6202 6751 6202 6752 6203 6748 6203 6750 6203 6749 6204 6753 6204 6751 6204 6750 6205 6754 6205 6752 6205 6755 6206 6751 6206 6753 6206 6756 6207 6752 6207 6754 6207 6753 6208 6757 6208 6755 6208 6758 6209 6756 6209 6754 6209 6757 6210 6759 6210 6755 6210 6760 6211 6756 6211 6758 6211 6761 6212 6759 6212 6757 6212 6758 6213 6762 6213 6760 6213 6763 6214 6759 6214 6761 6214 6764 6215 6760 6215 6762 6215 6761 6216 6764 6216 6763 6216 6763 6217 6764 6217 6762 6217 6765 6218 6766 6218 6767 6218 6767 6219 6766 6219 6768 6219 6767 6220 6769 6220 6765 6220 6766 6221 6770 6221 6768 6221 6765 6222 6769 6222 6771 6222 6772 6223 6768 6223 6770 6223 6773 6224 6765 6224 6771 6224 6770 6225 6774 6225 6772 6225 6771 6226 6775 6226 6773 6226 6772 6227 6774 6227 6776 6227 6777 6228 6773 6228 6775 6228 6774 6229 6778 6229 6776 6229 6775 6230 6779 6230 6777 6230 6780 6231 6776 6231 6778 6231 6781 6232 6777 6232 6779 6232 6778 6233 6782 6233 6780 6233 6783 6234 6781 6234 6779 6234 6780 6235 6782 6235 6784 6235 6785 6236 6781 6236 6783 6236 6782 6237 6786 6237 6784 6237 6783 6238 6787 6238 6785 6238 6788 6239 6784 6239 6786 6239 6789 6240 6785 6240 6787 6240 6786 6241 6790 6241 6788 6241 6791 6242 6789 6242 6787 6242 6790 6243 6792 6243 6788 6243 6793 6244 6789 6244 6791 6244 6794 6245 6792 6245 6790 6245 6791 6246 6795 6246 6793 6246 6796 6247 6792 6247 6794 6247 6797 6248 6793 6248 6795 6248 6794 6249 6797 6249 6796 6249 6796 6250 6797 6250 6795 6250 6798 6251 6799 6251 6800 6251 6800 6252 6799 6252 6801 6252 6800 6253 6802 6253 6798 6253 6799 6254 6803 6254 6801 6254 6798 6255 6802 6255 6804 6255 6805 6256 6801 6256 6803 6256 6806 6257 6798 6257 6804 6257 6803 6258 6807 6258 6805 6258 6804 6259 6808 6259 6806 6259 6805 6260 6807 6260 6809 6260 6810 6261 6806 6261 6808 6261 6807 6262 6811 6262 6809 6262 6808 6263 6812 6263 6810 6263 6813 6264 6809 6264 6811 6264 6814 6265 6810 6265 6812 6265 6811 6266 6815 6266 6813 6266 6816 6267 6814 6267 6812 6267 6813 6268 6815 6268 6817 6268 6818 6269 6814 6269 6816 6269 6815 6270 6819 6270 6817 6270 6816 6271 6820 6271 6818 6271 6821 6272 6817 6272 6819 6272 6822 6273 6818 6273 6820 6273 6819 6274 6823 6274 6821 6274 6824 6275 6822 6275 6820 6275 6823 6276 6825 6276 6821 6276 6826 6277 6822 6277 6824 6277 6827 6278 6825 6278 6823 6278 6824 6279 6828 6279 6826 6279 6829 6280 6825 6280 6827 6280 6830 6281 6826 6281 6828 6281 6827 6282 6830 6282 6829 6282 6829 6283 6830 6283 6828 6283 6831 6284 6832 6284 6833 6284 6833 6285 6832 6285 6834 6285 6833 6286 6835 6286 6831 6286 6832 6287 6836 6287 6834 6287 6831 6288 6835 6288 6837 6288 6838 6289 6834 6289 6836 6289 6839 6290 6831 6290 6837 6290 6836 6291 6840 6291 6838 6291 6837 6292 6841 6292 6839 6292 6838 6293 6840 6293 6842 6293 6843 6294 6839 6294 6841 6294 6840 6295 6844 6295 6842 6295 6841 6296 6845 6296 6843 6296 6846 6297 6842 6297 6844 6297 6847 6298 6843 6298 6845 6298 6844 6299 6848 6299 6846 6299 6849 6300 6847 6300 6845 6300 6846 6301 6848 6301 6850 6301 6851 6302 6847 6302 6849 6302 6848 6303 6852 6303 6850 6303 6849 6304 6853 6304 6851 6304 6854 6305 6850 6305 6852 6305 6855 6306 6851 6306 6853 6306 6852 6307 6856 6307 6854 6307 6857 6308 6855 6308 6853 6308 6856 6309 6858 6309 6854 6309 6859 6310 6855 6310 6857 6310 6860 6311 6858 6311 6856 6311 6857 6312 6861 6312 6859 6312 6862 6313 6858 6313 6860 6313 6863 6314 6859 6314 6861 6314 6860 6315 6863 6315 6862 6315 6862 6316 6863 6316 6861 6316 6864 6317 6865 6317 6866 6317 6866 6318 6865 6318 6867 6318 6866 6319 6868 6319 6864 6319 6865 6320 6869 6320 6867 6320 6864 6321 6868 6321 6870 6321 6871 6322 6867 6322 6869 6322 6872 6323 6864 6323 6870 6323 6869 6324 6873 6324 6871 6324 6870 6325 6874 6325 6872 6325 6871 6326 6873 6326 6875 6326 6876 6327 6872 6327 6874 6327 6873 6328 6877 6328 6875 6328 6874 6329 6878 6329 6876 6329 6879 6330 6875 6330 6877 6330 6880 6331 6876 6331 6878 6331 6877 6332 6881 6332 6879 6332 6882 6333 6880 6333 6878 6333 6879 6334 6881 6334 6883 6334 6884 6335 6880 6335 6882 6335 6881 6336 6885 6336 6883 6336 6882 6337 6886 6337 6884 6337 6887 6338 6883 6338 6885 6338 6888 6339 6884 6339 6886 6339 6885 6340 6889 6340 6887 6340 6890 6341 6888 6341 6886 6341 6889 6342 6891 6342 6887 6342 6892 6343 6888 6343 6890 6343 6893 6344 6891 6344 6889 6344 6890 6345 6894 6345 6892 6345 6895 6346 6891 6346 6893 6346 6896 6347 6892 6347 6894 6347 6893 6348 6896 6348 6895 6348 6895 6349 6896 6349 6894 6349 6897 6350 6898 6350 6899 6350 6899 6351 6898 6351 6900 6351 6899 6352 6901 6352 6897 6352 6898 6353 6902 6353 6900 6353 6897 6354 6901 6354 6903 6354 6904 6355 6900 6355 6902 6355 6905 6356 6897 6356 6903 6356 6902 6357 6906 6357 6904 6357 6903 6358 6907 6358 6905 6358 6904 6359 6906 6359 6908 6359 6909 6360 6905 6360 6907 6360 6906 6361 6910 6361 6908 6361 6907 6362 6911 6362 6909 6362 6912 6363 6908 6363 6910 6363 6913 6364 6909 6364 6911 6364 6910 6365 6914 6365 6912 6365 6915 6366 6913 6366 6911 6366 6912 6367 6914 6367 6916 6367 6917 6368 6913 6368 6915 6368 6914 6369 6918 6369 6916 6369 6915 6370 6919 6370 6917 6370 6920 6371 6916 6371 6918 6371 6921 6372 6917 6372 6919 6372 6918 6373 6922 6373 6920 6373 6923 6374 6921 6374 6919 6374 6922 6375 6924 6375 6920 6375 6925 6376 6921 6376 6923 6376 6926 6377 6924 6377 6922 6377 6923 6378 6927 6378 6925 6378 6928 6379 6924 6379 6926 6379 6929 6380 6925 6380 6927 6380 6926 6381 6929 6381 6928 6381 6928 6382 6929 6382 6927 6382 6930 6383 6931 6383 6932 6383 6932 6384 6931 6384 6933 6384 6932 6385 6934 6385 6930 6385 6931 6386 6935 6386 6933 6386 6930 6387 6934 6387 6936 6387 6937 6388 6933 6388 6935 6388 6938 6389 6930 6389 6936 6389 6935 6390 6939 6390 6937 6390 6936 6391 6940 6391 6938 6391 6937 6392 6939 6392 6941 6392 6942 6393 6938 6393 6940 6393 6939 6394 6943 6394 6941 6394 6940 6395 6944 6395 6942 6395 6945 6396 6941 6396 6943 6396 6946 6397 6942 6397 6944 6397 6943 6398 6947 6398 6945 6398 6948 6399 6946 6399 6944 6399 6945 6400 6947 6400 6949 6400 6950 6401 6946 6401 6948 6401 6947 6402 6951 6402 6949 6402 6948 6403 6952 6403 6950 6403 6953 6404 6949 6404 6951 6404 6954 6405 6950 6405 6952 6405 6951 6406 6955 6406 6953 6406 6956 6407 6954 6407 6952 6407 6955 6408 6957 6408 6953 6408 6958 6409 6954 6409 6956 6409 6959 6410 6957 6410 6955 6410 6956 6411 6960 6411 6958 6411 6961 6412 6957 6412 6959 6412 6962 6413 6958 6413 6960 6413 6959 6414 6962 6414 6961 6414 6961 6415 6962 6415 6960 6415 6963 2134 6964 2134 6965 2134 6966 2134 6965 2134 6964 2134 6967 6416 6966 6416 6964 6416 6967 6417 6968 6417 6966 6417 6964 2134 6969 2134 6967 2134 6970 2134 6968 2134 6967 2134 6967 6418 6969 6418 6971 6418 6970 2134 6972 2134 6968 2134 6973 2134 6970 2134 6967 2134 6971 2134 6969 2134 6974 2134 6971 2134 6975 2134 6967 2134 6976 2134 6968 2134 6972 2134 6977 2134 6974 2134 6969 2134 6969 2134 6978 2134 6977 2134 6979 2134 6980 2134 6981 2134 6981 2134 6980 2134 6982 2134 6982 2134 6983 2134 6981 2134 6983 2134 6984 2134 6981 2134 6985 2134 6981 2134 6984 2134 6981 6419 6985 6419 6986 6419 6986 2134 6987 2134 6981 2134 6988 2134 6981 2134 6987 2134 6981 6420 6988 6420 6989 6420 6981 6421 6989 6421 6990 6421 6990 2134 6991 2134 6981 2134 6991 6422 6992 6422 6981 6422 6992 2134 6993 2134 6981 2134 6994 2134 6981 2134 6993 2134 6994 2134 6995 2134 6981 2134 6996 6423 6997 6423 6998 6423 6997 2134 6999 2134 6998 2134 6996 6424 6998 6424 7000 6424 7001 2134 6998 2134 6999 2134 7002 2134 7000 2134 6998 2134 7000 6425 7003 6425 6996 6425 7000 2134 7002 2134 7004 2134 6998 2134 7005 2134 7002 2134 7000 6426 7006 6426 7003 6426 6996 6427 7003 6427 7007 6427 7002 2134 7008 2134 7004 2134 7000 6428 7009 6428 7006 6428 7003 2134 7006 2134 7010 2134 7009 6429 7000 6429 7011 6429 7012 2134 7011 2134 7000 2134 7013 2134 7014 2134 7015 2134 7013 2134 7015 2134 7016 2134 7017 2134 7016 2134 7015 2134 7013 6430 7016 6430 7018 6430 7019 2134 7016 2134 7017 2134 7020 2134 7017 2134 7015 2134 7021 6431 7013 6431 7018 6431 7016 6432 7019 6432 7022 6432 7023 2134 7017 2134 7020 2134 7015 6433 7024 6433 7020 6433 7025 2134 7013 2134 7021 2134 7017 2134 7023 2134 7026 2134 7023 2134 7020 2134 7027 2134 7015 2134 7028 2134 7024 2134 7029 2134 7027 2134 7020 2134 7030 2134 7031 2134 7032 2134 7031 2134 7033 2134 7032 2134 7034 6434 7032 6434 7033 6434 7035 6435 7032 6435 7034 6435 7035 6436 7036 6436 7032 6436 7037 2134 7035 2134 7034 2134 7035 6437 7038 6437 7036 6437 7032 6438 7036 6438 7039 6438 7037 2134 7040 2134 7035 2134 7041 2134 7037 2134 7034 2134 7035 2134 7042 2134 7038 2134 7039 2134 7043 2134 7032 2134 7044 6439 7037 6439 7041 6439 7043 2134 7039 2134 7045 2134 7032 2134 7043 2134 7046 2134 7047 6440 7048 6440 7049 6440 7049 2134 7048 2134 7050 2134 7050 2134 7048 2134 7051 2134 7048 2134 7052 2134 7051 2134 7050 6441 7051 6441 7053 6441 7048 2134 7054 2134 7052 2134 7052 2134 7055 2134 7051 2134 7056 2134 7053 2134 7051 2134 7057 2134 7055 2134 7052 2134 7058 2134 7051 2134 7055 2134 7053 2134 7056 2134 7059 2134 7052 2134 7060 2134 7057 2134 7051 2134 7058 2134 7061 2134 7055 6442 7062 6442 7058 6442 7063 2134 7058 2134 7062 2134 7064 2134 7065 2134 7066 2134 7065 6443 7064 6443 7067 6443 7066 2134 7065 2134 7068 2134 7069 2134 7065 2134 7067 2134 7070 2134 7066 2134 7068 2134 7069 6444 7067 6444 7071 6444 7068 2134 7072 2134 7070 2134 7071 6445 7073 6445 7069 6445 7072 2134 7074 2134 7070 2134 7075 2134 7073 2134 7071 2134 7076 6446 7074 6446 7072 6446 7075 6447 7077 6447 7073 6447 7074 2134 7076 2134 7078 2134 7079 2134 7077 2134 7075 2134 7079 2134 7080 2134 7077 2134 7081 2134 7082 2134 7083 2134 7083 6448 7082 6448 7084 6448 7084 2134 7085 2134 7083 2134 7084 2134 7086 2134 7085 2134 7085 2134 7087 2134 7083 2134 7085 2134 7088 2134 7087 2134 7083 2134 7087 2134 7089 2134 7085 2134 7090 2134 7088 2134 7088 2134 7091 2134 7087 2134 7089 6449 7087 6449 7092 6449 7085 2134 7093 2134 7090 2134 7088 2134 7094 2134 7091 2134 7091 2134 7095 2134 7087 2134 7096 6450 7091 6450 7094 6450 7097 2134 7098 2134 7099 2134 7100 6451 7097 6451 7099 6451 7100 2134 7101 2134 7097 2134 7102 6440 7100 6440 7099 6440 7100 2134 7103 2134 7101 2134 7104 2134 7097 2134 7101 2134 7105 6452 7097 6452 7104 6452 7106 2134 7104 2134 7101 2134 7107 2134 7105 2134 7104 2134 7104 2134 7106 2134 7108 2134 7101 6453 7109 6453 7106 6453 7101 2134 7110 2134 7109 2134 7109 2134 7111 2134 7106 2134 7109 2134 7112 2134 7111 2134 7106 2134 7111 2134 7113 2134 7114 2134 7115 2134 7116 2134 7115 6454 7117 6454 7116 6454 7115 2134 7118 2134 7117 2134 7117 6455 7119 6455 7116 6455 7115 2134 7120 2134 7118 2134 7121 6435 7117 6435 7118 6435 7122 6456 7117 6456 7121 6456 7123 2134 7121 2134 7118 2134 7124 2134 7122 2134 7121 2134 7123 2134 7125 2134 7121 2134 7123 6457 7118 6457 7126 6457 7123 6458 7127 6458 7125 6458 7121 2134 7125 2134 7128 2134 7118 2134 7129 2134 7126 2134 7130 2134 7125 2134 7127 2134 7131 2134 7132 2134 7133 2134 7134 2134 7133 2134 7132 2134 7132 6441 7135 6441 7134 6441 7135 2134 7136 2134 7134 2134 7135 2134 7137 2134 7136 2134 7138 6459 7134 6459 7136 6459 7139 6456 7134 6456 7138 6456 7136 6460 7140 6460 7138 6460 7141 6461 7139 6461 7138 6461 7136 6462 7142 6462 7140 6462 7140 2134 7143 2134 7138 2134 7136 2134 7144 2134 7142 2134 7143 2134 7140 2134 7145 2134 7138 2134 7143 2134 7146 2134 7147 2134 7145 2134 7140 2134 7148 2134 7149 2134 7150 2134 7150 2134 7149 2134 7151 2134 7150 6463 7152 6463 7148 6463 7151 6464 7149 6464 7153 6464 7150 2134 7154 2134 7152 2134 7151 2134 7153 2134 7155 2134 7154 2134 7156 2134 7152 2134 7153 6465 7157 6465 7155 6465 7156 6466 7154 6466 7158 6466 7159 2134 7155 2134 7157 2134 7158 2134 7160 2134 7156 2134 7157 2134 7161 2134 7159 2134 7158 6441 7162 6441 7160 6441 7163 2134 7159 2134 7161 2134 7164 2134 7160 2134 7162 2134 7165 2134 7166 2134 7167 2134 7165 2134 7167 2134 7168 2134 7169 6467 7168 6467 7167 6467 7170 2134 7169 2134 7167 2134 7171 6468 7170 6468 7167 6468 7171 2134 7167 2134 7172 2134 7167 6421 7173 6421 7172 6421 7167 6469 7174 6469 7173 6469 7174 2134 7167 2134 7175 2134 7167 6419 7176 6419 7175 6419 7177 2134 7176 2134 7167 2134 7178 2134 7177 2134 7167 2134 7179 2134 7178 2134 7167 2134 7167 2134 7180 2134 7179 2134 7181 2134 7180 2134 7167 2134 7182 2134 7183 2134 7184 2134 7182 2134 7184 2134 7185 2134 7184 2134 7186 2134 7185 2134 7186 2134 7184 2134 7187 2134 7188 2134 7185 2134 7186 2134 7189 2134 7187 2134 7184 2134 7190 6461 7186 6461 7187 6461 7188 2134 7191 2134 7185 2134 7189 2134 7192 2134 7187 2134 7189 2134 7184 2134 7193 2134 7194 6461 7185 6461 7191 6461 7189 6470 7195 6470 7192 6470 7187 2134 7192 2134 7196 2134 7184 6439 7197 6439 7193 6439 7198 6439 7192 6439 7195 6439 7199 6471 7200 6471 7201 6471 7201 2134 7202 2134 7199 2134 7202 2134 7201 2134 7203 2134 7204 6472 7199 6472 7202 6472 7203 2134 7201 2134 7205 2134 7206 6473 7202 6473 7203 6473 7202 2134 7206 2134 7207 2134 7203 6474 7208 6474 7206 6474 7209 2134 7207 2134 7206 2134 7210 2134 7202 2134 7207 2134 7208 6441 7203 6441 7211 6441 7212 6475 7206 6475 7208 6475 7209 2134 7213 2134 7207 2134 7210 6476 7214 6476 7202 6476 7211 6477 7203 6477 7215 6477 7216 2134 7217 2134 7218 2134 7219 6478 7218 6478 7217 6478 7219 2134 7217 2134 7220 2134 7221 2134 7220 2134 7217 2134 7222 2134 7219 2134 7220 2134 7222 6479 7223 6479 7219 6479 7222 2134 7220 2134 7224 2134 7222 6480 7225 6480 7223 6480 7225 2134 7222 2134 7226 2134 7227 2134 7223 2134 7225 2134 7228 2134 7226 2134 7222 2134 7229 6446 7225 6446 7226 6446 7228 2134 7222 2134 7230 2134 7229 6481 7231 6481 7225 6481 7230 6482 7222 6482 7232 6482 7233 2134 7234 2134 7235 2134 7236 2134 7235 2134 7234 2134 7237 2134 7233 2134 7235 2134 7235 6483 7236 6483 7238 6483 7235 6484 7239 6484 7237 6484 7240 2134 7235 2134 7238 2134 7241 6485 7239 6485 7235 6485 7235 6486 7240 6486 7242 6486 7235 6487 7242 6487 7243 6487 7244 2134 7235 2134 7243 2134 7244 2134 7245 2134 7235 2134 7245 2134 7246 2134 7235 2134 7246 2134 7247 2134 7235 2134 7248 6488 7235 6488 7247 6488 7248 6489 7249 6489 7235 6489 7250 6490 7251 6490 7252 6490 7252 2134 7253 2134 7250 2134 7254 6491 7250 6491 7253 6491 7250 6492 7254 6492 7255 6492 7253 2134 7256 2134 7254 2134 7257 2134 7255 2134 7254 2134 7250 6477 7255 6477 7258 6477 7253 6446 7259 6446 7256 6446 7260 2134 7254 2134 7256 2134 7257 2134 7261 2134 7255 2134 7256 6493 7259 6493 7262 6493 7260 2134 7263 2134 7254 2134 7264 6470 7260 6470 7256 6470 7265 6494 7254 6494 7263 6494 7266 6482 7264 6482 7256 6482 7267 2134 7268 2134 7269 2134 7269 6495 7268 6495 7270 6495 7271 2134 7267 2134 7269 2134 7272 2134 7270 2134 7268 2134 7267 2134 7271 2134 7273 2134 7274 2134 7270 2134 7272 2134 7275 2134 7273 2134 7271 2134 7276 6457 7274 6457 7272 6457 7275 6496 7271 6496 7277 6496 7274 2134 7276 2134 7278 2134 7277 6497 7279 6497 7275 6497 7280 6498 7279 6498 7277 6498 7280 6499 7281 6499 7279 6499 7282 6488 7281 6488 7280 6488 7282 6500 7283 6500 7281 6500 7284 2134 7285 2134 7286 2134 7287 2134 7286 2134 7285 2134 7287 6501 7285 6501 7288 6501 7287 2134 7288 2134 7289 2134 7289 6502 7288 6502 7290 6502 7289 2134 7291 2134 7287 2134 7289 2134 7290 2134 7292 2134 7291 2134 7289 2134 7293 2134 7294 2134 7287 2134 7291 2134 7295 6503 7292 6503 7290 6503 7287 2134 7294 2134 7296 2134 7294 6504 7291 6504 7297 6504 7294 6439 7298 6439 7296 6439 7299 2134 7287 2134 7296 2134 7300 6505 7294 6505 7297 6505 7301 2134 7302 2134 7303 2134 7304 2134 7303 2134 7302 2134 7305 6506 7304 6506 7302 6506 7306 2134 7304 2134 7305 2134 7307 2134 7305 2134 7302 2134 7308 6507 7304 6507 7306 6507 7306 2134 7305 2134 7309 2134 7307 2134 7310 2134 7305 2134 7302 2134 7311 2134 7307 2134 7312 6493 7304 6493 7308 6493 7313 6452 7309 6452 7305 6452 7310 2134 7307 2134 7314 2134 7305 2134 7310 2134 7315 2134 7311 2134 7316 2134 7307 2134 7317 2134 7313 2134 7305 2134 7318 6508 7319 6508 7320 6508 7320 6508 7322 6508 7318 6508 7318 6509 7322 6509 7324 6509 7324 6509 7322 6509 7326 6509 7328 6510 7324 6510 7326 6510 7320 6511 7319 6511 7321 6511 7326 6510 7330 6510 7328 6510 7332 6512 7328 6512 7330 6512 7319 6511 7323 6511 7321 6511 7325 6513 7321 6513 7323 6513 7334 6514 7332 6514 7330 6514 7336 6515 7332 6515 7334 6515 7323 6516 7327 6516 7325 6516 7325 6517 7327 6517 7329 6517 7334 6518 7338 6518 7336 6518 7340 6519 7336 6519 7338 6519 7327 6520 7331 6520 7329 6520 7333 6521 7329 6521 7331 6521 7342 6522 7340 6522 7338 6522 7344 6523 7340 6523 7342 6523 7331 6524 7335 6524 7333 6524 7333 6525 7335 6525 7337 6525 7342 6526 7346 6526 7344 6526 7348 6527 7344 6527 7346 6527 7335 6528 7339 6528 7337 6528 7341 6529 7337 6529 7339 6529 7350 6530 7348 6530 7346 6530 7352 6531 7348 6531 7350 6531 7339 6532 7343 6532 7341 6532 7341 6533 7343 6533 7345 6533 7350 6534 7354 6534 7352 6534 7356 6535 7352 6535 7354 6535 7343 6536 7347 6536 7345 6536 7349 6537 7345 6537 7347 6537 7358 6535 7356 6535 7354 6535 7360 6538 7356 6538 7358 6538 7347 6537 7351 6537 7349 6537 7349 6539 7351 6539 7353 6539 7358 6540 7362 6540 7360 6540 7364 6541 7360 6541 7362 6541 7351 6542 7355 6542 7353 6542 7357 6543 7353 6543 7355 6543 7366 6544 7364 6544 7362 6544 7366 6545 7368 6545 7364 6545 7370 6546 7364 6546 7368 6546 7355 6547 7359 6547 7357 6547 7357 6548 7359 6548 7361 6548 7372 6549 7370 6549 7368 6549 7359 6550 7363 6550 7361 6550 7365 6551 7361 6551 7363 6551 7374 6552 7372 6552 7368 6552 7376 6553 7372 6553 7374 6553 7363 6554 7367 6554 7365 6554 7365 6555 7367 6555 7369 6555 7374 6556 7378 6556 7376 6556 7380 6557 7376 6557 7378 6557 7367 6558 7371 6558 7369 6558 7373 6559 7369 6559 7371 6559 7382 6557 7380 6557 7378 6557 7384 6560 7380 6560 7382 6560 7371 6559 7375 6559 7373 6559 7373 6561 7375 6561 7377 6561 7375 6562 7379 6562 7377 6562 7381 6563 7377 6563 7379 6563 7379 6564 7383 6564 7381 6564 7381 6565 7383 6565 7385 6565 7383 6565 7387 6565 7385 6565 7389 6566 7385 6566 7387 6566 7387 6567 7391 6567 7389 6567 7389 6568 7391 6568 7393 6568 7391 6569 7395 6569 7393 6569 7397 6570 7393 6570 7395 6570 7395 6570 7399 6570 7397 6570 7397 6571 7399 6571 7401 6571 7399 6572 7403 6572 7401 6572 7405 6573 7401 6573 7403 6573 7403 6574 7407 6574 7405 6574 7405 6575 7407 6575 7409 6575 7407 6575 7411 6575 7409 6575 7413 6576 7409 6576 7411 6576 7411 6577 7415 6577 7413 6577 7413 6578 7415 6578 7417 6578 7415 6579 7419 6579 7417 6579 7421 6580 7417 6580 7419 6580 7419 6581 7423 6581 7421 6581 7421 6582 7423 6582 7425 6582 7423 6583 7427 6583 7425 6583 7429 6584 7425 6584 7427 6584 7427 6585 7431 6585 7429 6585 7429 6586 7431 6586 7433 6586 7431 6587 7435 6587 7433 6587 7437 6588 7433 6588 7435 6588 7435 6588 7439 6588 7437 6588 7439 6589 7441 6589 7437 6589 7441 6589 7443 6589 7437 6589 7441 6590 7445 6590 7443 6590 7444 6590 7443 6590 7445 6590 7445 6591 7440 6591 7444 6591 7444 6591 7440 6591 7442 6591 7438 6592 7442 6592 7440 6592 7440 6593 7436 6593 7438 6593 7438 6594 7436 6594 7434 6594 7436 6595 7432 6595 7434 6595 7428 6596 7434 6596 7432 6596 7432 6597 7430 6597 7428 6597 7430 6598 7424 6598 7428 6598 7428 6599 7424 6599 7426 6599 7422 6600 7426 6600 7424 6600 7424 6601 7420 6601 7422 6601 7422 6602 7420 6602 7418 6602 7420 6603 7416 6603 7418 6603 7414 6604 7418 6604 7416 6604 7416 6604 7412 6604 7414 6604 7414 6605 7412 6605 7410 6605 7412 6606 7408 6606 7410 6606 7406 6607 7410 6607 7408 6607 7382 6608 7386 6608 7384 6608 7408 6609 7404 6609 7406 6609 7406 6610 7404 6610 7402 6610 7388 6611 7384 6611 7386 6611 7404 6610 7400 6610 7402 6610 7398 6612 7402 6612 7400 6612 7400 6613 7396 6613 7398 6613 7398 6614 7396 6614 7394 6614 7396 6615 7392 6615 7394 6615 7390 6616 7394 6616 7392 6616 7390 6617 7388 6617 7386 6617 7392 6616 7388 6616 7390 6616 7446 6618 7447 6618 7448 6618 7446 6619 7448 6619 7450 6619 7452 6619 7446 6619 7450 6619 7450 6620 7454 6620 7452 6620 7456 6620 7452 6620 7454 6620 7449 6618 7448 6618 7447 6618 7447 6621 7451 6621 7449 6621 7449 6621 7451 6621 7453 6621 7458 6622 7456 6622 7454 6622 7451 6623 7455 6623 7453 6623 7457 6624 7453 6624 7455 6624 7460 6625 7458 6625 7454 6625 7462 6626 7458 6626 7460 6626 7455 6627 7459 6627 7457 6627 7457 6627 7459 6627 7461 6627 7460 6626 7464 6626 7462 6626 7466 6628 7462 6628 7464 6628 7463 6629 7461 6629 7459 6629 7468 6630 7466 6630 7464 6630 7470 6631 7466 6631 7468 6631 7459 6632 7465 6632 7463 6632 7463 6633 7465 6633 7467 6633 7468 6634 7472 6634 7470 6634 7474 6635 7470 6635 7472 6635 7465 6636 7469 6636 7467 6636 7471 6637 7467 6637 7469 6637 7476 6638 7474 6638 7472 6638 7478 6639 7474 6639 7476 6639 7469 6640 7473 6640 7471 6640 7471 6641 7473 6641 7475 6641 7476 6642 7480 6642 7478 6642 7482 6643 7478 6643 7480 6643 7473 6644 7477 6644 7475 6644 7477 6645 7479 6645 7475 6645 7481 6646 7475 6646 7479 6646 7484 6647 7482 6647 7480 6647 7486 6648 7482 6648 7484 6648 7479 6649 7483 6649 7481 6649 7481 6650 7483 6650 7485 6650 7484 6651 7488 6651 7486 6651 7490 6652 7486 6652 7488 6652 7487 6653 7485 6653 7483 6653 7492 6654 7490 6654 7488 6654 7494 6655 7490 6655 7492 6655 7483 6656 7489 6656 7487 6656 7487 6657 7489 6657 7491 6657 7492 6658 7496 6658 7494 6658 7498 6659 7494 6659 7496 6659 7489 6660 7493 6660 7491 6660 7495 6661 7491 6661 7493 6661 7500 6662 7498 6662 7496 6662 7502 6663 7498 6663 7500 6663 7493 6664 7497 6664 7495 6664 7495 6665 7497 6665 7499 6665 7500 6666 7504 6666 7502 6666 7506 6667 7502 6667 7504 6667 7508 6667 7502 6667 7506 6667 7497 6668 7501 6668 7499 6668 7503 6669 7499 6669 7501 6669 7506 6670 7507 6670 7508 6670 7509 6670 7508 6670 7507 6670 7509 6671 7507 6671 7505 6671 7507 6671 7503 6671 7505 6671 7501 6669 7505 6669 7503 6669 7510 4273 7511 4273 7512 4273 7512 6672 7511 6672 7513 6672 7513 4273 7514 4273 7512 4273 7515 4273 7514 4273 7513 4273 7512 6673 7514 6673 7516 6673 7515 4273 7517 4273 7514 4273 7515 4273 7513 4273 7518 4273 7519 6674 7516 6674 7514 6674 7512 4273 7516 4273 7520 4273 7521 4273 7517 4273 7515 4273 7522 4273 7514 4273 7517 4273 7523 4273 7518 4273 7513 4273 7515 6675 7518 6675 7524 6675 7525 4273 7516 4273 7519 4273 7526 6676 7520 6676 7516 6676 7512 6677 7520 6677 7527 6677 7521 6678 7528 6678 7517 6678 7515 4273 7529 4273 7521 4273 7514 6679 7522 6679 7530 6679 7517 6680 7531 6680 7522 6680 7516 6681 7532 6681 7526 6681 7527 4273 7533 4273 7512 4273 7528 4273 7521 4273 7534 4273 7517 4273 7528 4273 7535 4273 7521 6682 7529 6682 7536 6682 7521 6683 7537 6683 7534 6683 7528 6684 7534 6684 7538 6684 7535 4273 7528 4273 7539 4273 7521 4273 7540 4273 7537 4273 7538 6685 7541 6685 7528 6685</p>
        </triangles>
      </mesh>
    </geometry>
  </library_geometries>
  <library_visual_scenes>
    <visual_scene id="Scene" name="Scene">
      <node id="link_4" name="link_4" type="NODE">
        <matrix sid="transform">0.001 0 0 0 0 0.001 0 0 0 0 0.001 0 0 0 0 1</matrix>
        <node id="Default" name="Default" type="NODE">
          <matrix sid="transform">1 0 0 0 0 1 0 0 0 0 1 0 0 0 0 1</matrix>
          <instance_geometry url="#Mesh1_002-mesh" name="Default">
            <bind_material>
              <technique_common>
                <instance_material symbol="Material_0_002-material" target="#Material_0_002-material"/>
              </technique_common>
            </bind_material>
          </instance_geometry>
        </node>
        <node id="Default_001" name="Default.001" type="NODE">
          <matrix sid="transform">1 0 0 0 0 1 0 0 0 0 1 0 0 0 0 1</matrix>
          <instance_geometry url="#Mesh2_002-mesh" name="Default.001">
            <bind_material>
              <technique_common>
                <instance_material symbol="Material_1_002-material" target="#Material_1_002-material"/>
              </technique_common>
            </bind_material>
          </instance_geometry>
        </node>
        <node id="Default_002" name="Default.002" type="NODE">
          <matrix sid="transform">1 0 0 0 0 1 0 0 0 0 1 0 0 0 0 1</matrix>
          <instance_geometry url="#Mesh3_002-mesh" name="Default.002">
            <bind_material>
              <technique_common>
                <instance_material symbol="Material_2_002-material" target="#Material_2_002-material"/>
              </technique_common>
            </bind_material>
          </instance_geometry>
        </node>
      </node>
    </visual_scene>
  </library_visual_scenes>
  <scene>
    <instance_visual_scene url="#Scene"/>
  </scene>
</COLLADA>
