<?xml version="1.0" encoding="utf-8"?>
<COLLADA xmlns="http://www.collada.org/2005/11/COLLADASchema" version="1.4.1" xmlns:xsi="http://www.w3.org/2001/XMLSchema-instance">
  <asset>
    <contributor>
      <author>Blender User</author>
      <authoring_tool>Blender 3.4.1</authoring_tool>
    </contributor>
    <created>2026-09-15T14:46:05</created>
    <modified>2026-09-15T14:46:05</modified>
    <unit name="meter" meter="1"/>
    <up_axis>Z_UP</up_axis>
  </asset>
  <library_effects>
    <effect id="Material_5-effect">
      <profile_COMMON>
        <technique sid="common">
          <lambert>
            <emission>
              <color sid="emission">0 0 0 1</color>
            </emission>
            <diffuse>
              <color sid="diffuse">0.009721218 0.009721218 0.009721218 1</color>
            </diffuse>
            <index_of_refraction>
              <float sid="ior">1.45</float>
            </index_of_refraction>
          </lambert>
        </technique>
      </profile_COMMON>
    </effect>
    <effect id="Material_4_001-effect">
      <profile_COMMON>
        <technique sid="common">
          <lambert>
            <emission>
              <color sid="emission">0 0 0 1</color>
            </emission>
            <diffuse>
              <color sid="diffuse">0.3762621 0.3762621 0.3762621 1</color>
            </diffuse>
            <index_of_refraction>
              <float sid="ior">1.45</float>
            </index_of_refraction>
          </lambert>
        </technique>
      </profile_COMMON>
    </effect>
    <effect id="Material_3_001-effect">
      <profile_COMMON>
        <technique sid="common">
          <lambert>
            <emission>
              <color sid="emission">0 0 0 1</color>
            </emission>
            <diffuse>
              <color sid="diffuse">1 0.09989873 0 1</color>
            </diffuse>
            <index_of_refraction>
              <float sid="ior">1.45</float>
            </index_of_refraction>
          </lambert>
        </technique>
      </profile_COMMON>
    </effect>
    <effect id="Material_2_001-effect">
      <profile_COMMON>
        <technique sid="common">
          <lambert>
            <emission>
              <color sid="emission">0 0 0 1</color>
            </emission>
            <diffuse>
              <color sid="diffuse">1 1 0 1</color>
            </diffuse>
            <index_of_refraction>
              <float sid="ior">1.45</float>
            </index_of_refraction>
          </lambert>
        </technique>
      </profile_COMMON>
    </effect>
    <effect id="Material_1_003-effect">
      <profile_COMMON>
        <technique sid="common">
          <lambert>
            <emission>
              <color sid="emission">0 0 0 1</color>
            </emission>
            <diffuse>
              <color sid="diffuse">0.03310477 0.03310477 0.03310477 1</color>
            </diffuse>
            <index_of_refraction>
              <float sid="ior">1.45</float>
            </index_of_refraction>
          </lambert>
        </technique>
      </profile_COMMON>
    </effect>
    <effect id="Material_0_003-effect">
      <profile_COMMON>
        <technique sid="common">
          <lambert>
            <emission>
              <color sid="emission">0 0 0 1</color>
            </emission>
            <diffuse>
              <color sid="diffuse">1 1 1 1</color>
            </diffuse>
            <index_of_refraction>
              <float sid="ior">1.45</float>
            </index_of_refraction>
          </lambert>
        </technique>
      </profile_COMMON>
    </effect>
  </library_effects>
  <library_images/>
  <library_materials>
    <material id="Material_5-material" name="Material_5">
      <instance_effect url="#Material_5-effect"/>
    </material>
    <material id="Material_4_001-material" name="Material_4.001">
      <instance_effect url="#Material_4_001-effect"/>
    </material>
    <material id="Material_3_001-material" name="Material_3.001">
      <instance_effect url="#Material_3_001-effect"/>
    </material>
    <material id="Material_2_001-material" name="Material_2.001">
      <instance_effect url="#Material_2_001-effect"/>
    </material>
    <material id="Material_1_003-material" name="Material_1.003">
      <instance_effect url="#Material_1_003-effect"/>
    </material>
    <material id="Material_0_003-material" name="Material_0.003">
      <instance_effect url="#Material_0_003-effect"/>
    </material>
  </library_materials>
  <library_geometries>
    <geometry id="Mesh29-mesh" name="Mesh29">
      <mesh>
        <source id="Mesh29-mesh-positions">
          <float_array id="Mesh29-mesh-positions-array" count="1734">290.1644 -465 679.4385 290.3504 -469.7145 679.4385 290.3504 -460.2855 679.4385 290.3692 -465 668.3539 290.5546 -469.6983 668.3539 290.5546 -460.3016 668.3539 291.4634 -465 688.1708 291.6454 -469.6121 688.1708 291.6454 -460.3878 688.1708 291.9831 -465 659.7014 292.1635 -469.5712 659.7014 292.1635 -460.4287 659.7014 292.3376 -480.9794 679.4385 292.3376 -449.0205 679.4385 292.5349 -480.9247 668.3539 292.535 -449.0752 668.3539 293.5894 -480.6325 688.1708 293.5894 -449.3674 688.1708 294.0902 -480.4937 659.7014 294.0902 -449.5062 659.7014 294.781 -465 698.4706 294.9527 -469.3507 698.4706 294.9527 -460.6492 698.4706 295.647 -465 649.5884 295.816 -469.2825 649.5884 295.816 -460.7174 649.5884 296.705 -492.2019 679.4385 296.705 -437.7981 679.4385 296.7865 -479.7465 698.4706 296.7866 -450.2534 698.4706 296.8875 -492.1088 668.3539 296.8875 -437.8912 668.3539 297.6211 -479.5153 649.5884 297.6211 -450.4847 649.5884 297.8621 -491.6114 688.1708 297.8621 -438.3886 688.1708 298.325 -491.3751 659.7014 298.325 -438.6249 659.7014 298.596 -465 705.9456 298.7558 -469.0501 705.9456 298.7558 -460.9498 705.9456 300.463 -478.7277 705.9456 300.463 -451.2722 705.9456 300.817 -490.1031 698.4706 300.817 -439.8969 698.4706 301.5883 -489.7095 649.5884 301.5883 -440.2905 649.5884 302 -465 639 302.1492 -468.782 639 302.1492 -461.218 639 303.4789 -502.6309 679.4385 303.4789 -427.369 679.4385 303.6381 -502.5021 668.3539 303.6382 -427.4979 668.3539 303.7433 -477.8187 639 303.7433 -452.1813 639 304.215 -488.3688 705.9456 304.215 -441.6312 705.9456 304.4889 -501.8139 688.1708 304.4889 -428.186 688.1708 304.8929 -501.4871 659.7014 304.8929 -428.5128 659.7014 305.7641 -465 715.5361 305.9016 -468.4854 715.5361 305.9016 -461.5146 715.5361 307.0682 -499.7274 698.4706 307.0683 -430.2725 698.4706 307.2469 -486.8214 639 307.2469 -443.1786 639 307.3707 -476.8134 715.5361 307.3707 -453.1865 715.5361 307.7415 -499.1828 649.5884 307.7416 -430.8171 649.5884 309.7938 -465 630.4639 309.9188 -468.1679 630.4639 309.9188 -461.8321 630.4639 310.0343 -497.3282 705.9456 310.0344 -432.6718 705.9456 310.5995 -485.1101 715.5361 310.5995 -444.8899 715.5361 311.2541 -475.7373 630.4639 311.2541 -454.2627 630.4639 312.369 -511.5211 679.4385 312.3691 -418.4789 679.4385 312.4979 -511.3618 668.3539 312.4979 -418.6381 668.3539 312.6808 -495.1874 639 312.6809 -434.8125 639 313.186 -510.5111 688.1708 313.1861 -419.4889 688.1708 313.5128 -510.1071 659.7014 313.5129 -419.8929 659.7014 314 -465 723 314.1119 -467.8365 723 314.1119 -462.1635 723 314.1888 -483.2782 630.4639 314.1888 -446.7218 630.4639 315.2725 -507.9317 698.4706 315.2726 -422.0682 698.4706 315.3075 -474.614 723 315.3075 -455.386 723 315.6074 -492.8202 715.5361 315.6074 -437.1798 715.5361 315.8171 -507.2584 649.5884 315.8172 -422.7415 649.5884 317.6718 -504.9656 705.9456 317.6718 -425.0343 705.9456 317.9352 -481.366 723 317.9352 -448.634 723 318.3018 -465 624.0566 318.4004 -467.4975 624.0566 318.4004 -462.5024 624.0566 318.7404 -490.2859 630.4639 318.7404 -439.7141 630.4639 319.4531 -473.4652 624.0566 319.4531 -456.5348 624.0566 319.8125 -502.3191 639 319.8126 -427.6808 639 321.7668 -479.4103 624.0566 321.7668 -450.5897 624.0566 322.0106 -487.6406 723 322.0107 -442.3594 723 322.1798 -499.3926 715.5361 322.1798 -430.6074 715.5361 322.6292 -465 728.3933 322.7144 -467.1566 728.3933 322.7144 -462.8434 728.3933 322.7981 -518.2951 679.4385 322.7981 -411.705 679.4385 322.8912 -518.1125 668.3539 322.8912 -411.8875 668.3539 323.3886 -517.1379 688.1708 323.3886 -412.8621 688.1708 323.6233 -472.3095 728.3933 323.6234 -457.6905 728.3933 323.6249 -516.6751 659.7014 323.6249 -413.325 659.7014 324.0668 -465 620.8939 324.1474 -467.0433 620.8939 324.1474 -462.9567 620.8939 324.7141 -496.2596 630.4639 324.7141 -433.7404 630.4639 324.8969 -514.1831 698.4706 324.8969 -415.817 698.4706 325.0086 -471.9256 620.8939 325.0086 -458.0744 620.8939 325.2905 -513.4116 649.5884 325.2905 -416.5883 649.5884 325.3553 -484.9351 624.0566 325.3553 -445.0648 624.0566 325.6212 -477.4431 728.3933 325.6212 -452.5569 728.3933 326.6312 -510.785 705.9456 326.6312 -419.215 705.9456 326.9016 -476.7895 620.8939 326.9016 -453.2105 620.8939 327.3594 -492.9893 723 327.3594 -437.0106 723 328.1786 -507.7531 639 328.1786 -422.2469 639 328.7197 -482.2136 728.3933 328.7198 -447.7864 728.3933 329.8374 -481.3095 620.8939 329.8374 -448.6905 620.8939 329.8899 -504.4005 715.5361 329.8899 -425.5995 715.5361 330.0648 -489.6447 624.0566 330.0649 -440.3553 624.0566 331.7218 -500.8112 630.4639 331.7218 -429.1888 630.4639 332.7864 -486.2802 728.3933 332.7864 -443.7197 728.3933 333.634 -497.0648 723 333.634 -432.9352 723 333.6905 -485.1626 620.8939 333.6905 -444.8374 620.8939 334.0205 -522.6624 679.4385 334.0206 -407.3376 679.4385 334.0752 -522.465 668.3539 334.0753 -407.5349 668.3539 334.3674 -521.4106 688.1708 334.3675 -408.5894 688.1708 334.5062 -520.9097 659.7014 334.5063 -409.0902 659.7014 335.2307 -465 616.8462 335.2308 -465 733.1538 335.2534 -518.2134 698.4706 335.2535 -411.7865 698.4706 335.2766 -466.1637 616.8462 335.2766 -463.8363 616.8462 335.2767 -466.1637 733.1538 335.2767 -463.8363 733.1538 335.4847 -517.3789 649.5884 335.4847 -412.6211 649.5884 335.5897 -493.2332 624.0566 335.5897 -436.7668 624.0566 335.7671 -468.9442 616.8462 335.7671 -461.0558 616.8462 335.7672 -468.9442 733.1538 335.7672 -461.0558 733.1538 336.2722 -514.5371 705.9456 336.2723 -415.463 705.9456 336.8451 -471.7143 616.8462 336.8451 -458.2857 616.8462 336.8452 -471.7143 733.1538 336.8452 -458.2857 733.1538 337.1813 -511.2567 639 337.1813 -418.7433 639 337.5569 -489.3788 728.3933 337.5569 -440.6212 728.3933 338.1865 -507.6293 715.5361 338.1866 -422.3707 715.5361 338.2105 -488.0984 620.8939 338.2105 -441.9016 620.8939 338.5171 -474.2885 616.8462 338.5171 -455.7115 616.8462 338.5172 -474.2884 733.1538 338.5172 -455.7115 733.1538 339.2627 -503.7459 630.4639 339.2627 -426.2541 630.4639 340.386 -499.6925 723 340.386 -430.3075 723 340.7115 -476.4829 616.8462 340.7115 -476.4828 733.1538 340.7115 -453.5171 616.8462 340.7116 -453.5172 733.1538 341.5348 -495.5469 624.0566 341.5348 -434.4531 624.0566 342.6905 -491.3766 728.3933 342.6905 -438.6233 728.3933 343.0744 -489.9914 620.8939 343.0744 -440.0086 620.8939 343.2857 -478.1549 616.8462 343.2857 -478.1548 733.1538 343.2857 -451.8452 733.1538 343.2857 -451.8451 616.8462 345.2855 -524.6496 679.4385 345.2855 -405.3504 679.4385 345.3016 -524.4454 668.3539 345.3017 -405.5546 668.3539 345.3878 -523.3546 688.1708 345.3879 -406.6454 688.1708 345.4287 -522.8365 659.7014 345.4288 -407.1635 659.7014 345.6492 -520.0473 698.4706 345.6493 -409.9527 698.4706 345.7174 -519.184 649.5884 345.7175 -410.816 649.5884 345.9498 -516.2441 705.9456 345.9499 -413.7558 705.9456 346.0558 -479.2329 616.8462 346.0558 -479.2328 733.1538 346.0558 -450.7672 733.1538 346.0558 -450.7671 616.8462 346.218 -512.8508 639 346.218 -417.1492 639 346.5146 -509.0984 715.5361 346.5146 -420.9016 715.5361 346.8321 -505.0812 630.4639 346.8321 -424.9188 630.4639 347.1635 -500.8881 723 347.1635 -429.1119 723 347.5024 -496.5996 624.0566 347.5025 -433.4004 624.0566 347.8434 -492.2856 728.3933 347.8434 -437.7144 728.3933 347.9567 -490.8526 620.8939 347.9567 -439.1474 620.8939 348.8363 -479.7234 616.8462 348.8363 -479.7233 733.1538 348.8363 -450.2767 733.1538 348.8363 -450.2766 616.8462 350 -524.8356 679.4385 350 -524.6308 668.3539 350 -523.5366 688.1708 350 -523.0168 659.7014 350 -520.2189 698.4706 350 -519.353 649.5884 350 -516.4041 705.9456 350 -513 639 350 -509.2359 715.5361 350 -505.2062 630.4639 350 -501 723 350 -496.6982 624.0566 350 -492.3708 728.3933 350 -490.9332 620.8939 350 -479.7693 616.8462 350 -479.7692 733.1538 350 -465 615 350 -465 735 350 -450.2308 733.1538 350 -450.2307 616.8462 350 -439.0668 620.8939 350 -437.6292 728.3933 350 -433.3018 624.0566 350 -429 723 350 -424.7938 630.4639 350 -420.7641 715.5361 350 -417 639 350 -413.596 705.9456 350 -410.647 649.5884 350 -409.781 698.4706 350 -406.9831 659.7014 350 -406.4634 688.1708 350 -405.3692 668.3539 350 -405.1644 679.4385 351.1637 -479.7234 616.8462 351.1637 -479.7233 733.1538 351.1637 -450.2767 733.1538 351.1637 -450.2766 616.8462 352.0433 -490.8526 620.8939 352.0433 -439.1474 620.8939 352.1566 -492.2856 728.3933 352.1566 -437.7144 728.3933 352.4975 -496.5996 624.0566 352.4976 -433.4004 624.0566 352.8365 -500.8881 723 352.8365 -429.1119 723 353.1679 -505.0812 630.4639 353.1679 -424.9188 630.4639 353.4854 -509.0984 715.5361 353.4854 -420.9016 715.5361 353.782 -512.8508 639 353.782 -417.1492 639 353.9442 -479.2329 616.8462 353.9442 -479.2328 733.1538 353.9442 -450.7672 733.1538 353.9442 -450.7671 616.8462 354.0501 -516.2442 705.9456 354.0502 -413.7558 705.9456 354.2825 -519.184 649.5884 354.2826 -410.816 649.5884 354.3507 -520.0473 698.4706 354.3508 -409.9527 698.4706 354.5712 -522.8365 659.7014 354.5713 -407.1635 659.7014 354.6121 -523.3546 688.1708 354.6122 -406.6454 688.1708 354.6983 -524.4454 668.3539 354.6984 -405.5546 668.3539 354.7145 -524.6496 679.4385 354.7145 -405.3504 679.4385 356.7143 -478.1549 616.8462 356.7143 -478.1548 733.1538 356.7143 -451.8452 733.1538 356.7143 -451.8451 616.8462 356.9256 -489.9914 620.8939 356.9256 -440.0086 620.8939 357.3095 -491.3767 728.3933 357.3095 -438.6234 728.3933 358.4652 -495.5469 624.0566 358.4652 -434.4531 624.0566 359.2884 -476.4828 733.1538 359.2885 -476.4829 616.8462 359.2885 -453.5172 733.1538 359.2885 -453.5171 616.8462 359.614 -499.6925 723 359.614 -430.3075 723 360.7373 -503.7459 630.4639 360.7373 -426.2541 630.4639 361.4828 -474.2885 733.1538 361.4828 -455.7116 733.1538 361.4829 -474.2885 616.8462 361.4829 -455.7115 616.8462 361.7895 -488.0984 620.8939 361.7895 -441.9016 620.8939 361.8134 -507.6293 715.5361 361.8135 -422.3707 715.5361 362.4431 -489.3788 728.3933 362.4431 -440.6212 728.3933 362.8187 -511.2567 639 362.8187 -418.7433 639 363.1548 -471.7143 733.1538 363.1548 -458.2857 733.1538 363.1549 -471.7143 616.8462 363.1549 -458.2857 616.8462 363.7277 -514.5371 705.9456 363.7278 -415.463 705.9456 364.2328 -468.9442 733.1538 364.2328 -461.0558 733.1538 364.2329 -468.9442 616.8462 364.2329 -461.0558 616.8462 364.4103 -493.2332 624.0566 364.4103 -436.7668 624.0566 364.5153 -517.3789 649.5884 364.5153 -412.6211 649.5884 364.7233 -466.1637 733.1538 364.7233 -463.8363 733.1538 364.7234 -466.1637 616.8462 364.7234 -463.8363 616.8462 364.7465 -518.2134 698.4706 364.7466 -411.7866 698.4706 364.7692 -465 733.1538 364.7693 -465 616.8462 365.4937 -520.9098 659.7014 365.4938 -409.0902 659.7014 365.6325 -521.4106 688.1708 365.6326 -408.5894 688.1708 365.9247 -522.465 668.3539 365.9248 -407.535 668.3539 365.9794 -522.6625 679.4385 365.9795 -407.3376 679.4385 366.3095 -485.1626 620.8939 366.3095 -444.8374 620.8939 366.366 -497.0648 723 366.366 -432.9352 723 367.2136 -486.2803 728.3933 367.2136 -443.7198 728.3933 368.2782 -500.8112 630.4639 368.2782 -429.1888 630.4639 369.9351 -489.6447 624.0566 369.9352 -440.3553 624.0566 370.1101 -504.4005 715.5361 370.1101 -425.5995 715.5361 370.1626 -481.3095 620.8939 370.1626 -448.6905 620.8939 371.2802 -482.2136 728.3933 371.2803 -447.7864 728.3933 371.8214 -507.7531 639 371.8214 -422.2469 639 372.6406 -492.9894 723 372.6406 -437.0107 723 373.0984 -476.7895 620.8939 373.0984 -453.2105 620.8939 373.3688 -510.785 705.9456 373.3688 -419.215 705.9456 374.3788 -477.4431 728.3933 374.3788 -452.5569 728.3933 374.6447 -484.9352 624.0566 374.6447 -445.0649 624.0566 374.7095 -513.4116 649.5884 374.7095 -416.5883 649.5884 374.9914 -471.9256 620.8939 374.9914 -458.0744 620.8939 375.1031 -514.1831 698.4706 375.1031 -415.817 698.4706 375.2859 -496.2596 630.4639 375.2859 -433.7404 630.4639 375.8526 -467.0433 620.8939 375.8526 -462.9567 620.8939 375.9332 -465 620.8939 376.3751 -516.6751 659.7014 376.3751 -413.325 659.7014 376.3766 -472.3095 728.3933 376.3767 -457.6905 728.3933 376.6114 -517.1379 688.1708 376.6114 -412.8621 688.1708 377.1088 -518.1125 668.3539 377.1088 -411.8875 668.3539 377.2019 -518.2951 679.4385 377.2019 -411.705 679.4385 377.2856 -467.1566 728.3933 377.2856 -462.8434 728.3933 377.3708 -465 728.3933 377.8202 -499.3926 715.5361 377.8202 -430.6074 715.5361 377.9893 -487.6406 723 377.9894 -442.3594 723 378.2332 -479.4103 624.0566 378.2332 -450.5897 624.0566 380.1874 -502.3192 639 380.1875 -427.6809 639 380.5469 -473.4652 624.0566 380.5469 -456.5348 624.0566 381.2596 -490.2859 630.4639 381.2596 -439.7141 630.4639 381.5996 -467.4976 624.0566 381.5996 -462.5025 624.0566 381.6982 -465 624.0566 382.0648 -481.366 723 382.0648 -448.634 723 382.3282 -504.9657 705.9456 382.3282 -425.0344 705.9456 384.1828 -507.2585 649.5884 384.1829 -422.7416 649.5884 384.3926 -492.8202 715.5361 384.3926 -437.1798 715.5361 384.6925 -474.614 723 384.6925 -455.386 723 384.7274 -507.9318 698.4706 384.7275 -422.0683 698.4706 385.8112 -483.2782 630.4639 385.8112 -446.7218 630.4639 385.8881 -467.8365 723 385.8881 -462.1635 723 386 -465 723 386.4871 -510.1071 659.7014 386.4872 -419.8929 659.7014 386.8139 -510.5111 688.1708 386.814 -419.4889 688.1708 387.3191 -495.1875 639 387.3192 -434.8126 639 387.5021 -511.3619 668.3539 387.5021 -418.6382 668.3539 387.6309 -511.5211 679.4385 387.631 -418.4789 679.4385 388.7459 -475.7373 630.4639 388.7459 -454.2627 630.4639 389.4005 -485.1101 715.5361 389.4005 -444.8899 715.5361 389.9656 -497.3282 705.9456 389.9657 -432.6718 705.9456 390.0812 -468.1679 630.4639 390.0812 -461.8321 630.4639 390.2062 -465 630.4639 392.2584 -499.1829 649.5884 392.2585 -430.8172 649.5884 392.6293 -476.8135 715.5361 392.6293 -453.1866 715.5361 392.7531 -486.8214 639 392.7531 -443.1786 639 392.9317 -499.7275 698.4706 392.9318 -430.2726 698.4706 394.0984 -468.4854 715.5361 394.0984 -461.5146 715.5361 394.2359 -465 715.5361 395.1071 -501.4872 659.7014 395.1071 -428.5129 659.7014 395.5111 -501.814 688.1708 395.5111 -428.1861 688.1708 395.785 -488.3688 705.9456 395.785 -441.6312 705.9456 396.2567 -477.8187 639 396.2567 -452.1813 639 396.3618 -502.5021 668.3539 396.3619 -427.4979 668.3539 396.5211 -502.631 679.4385 396.5211 -427.3691 679.4385 397.8508 -468.782 639 397.8508 -461.218 639 398 -465 639 398.4117 -489.7095 649.5884 398.4117 -440.2905 649.5884 399.183 -490.1031 698.4706 399.183 -439.8969 698.4706 399.537 -478.7278 705.9456 399.537 -451.2723 705.9456 401.2442 -469.0502 705.9456 401.2442 -460.9499 705.9456 401.404 -465 705.9456 401.675 -491.3751 659.7014 401.675 -438.6249 659.7014 402.1379 -491.6114 688.1708 402.1379 -438.3886 688.1708 402.3789 -479.5153 649.5884 402.3789 -450.4847 649.5884 403.1125 -492.1088 668.3539 403.1125 -437.8912 668.3539 403.2134 -479.7466 698.4706 403.2135 -450.2535 698.4706 403.295 -492.2019 679.4385 403.295 -437.7981 679.4385 404.184 -469.2826 649.5884 404.184 -460.7175 649.5884 404.353 -465 649.5884 405.0473 -469.3508 698.4706 405.0473 -460.6493 698.4706 405.219 -465 698.4706 405.9098 -480.4938 659.7014 405.9098 -449.5063 659.7014 406.4106 -480.6326 688.1708 406.4106 -449.3675 688.1708 407.465 -480.9248 668.3539 407.4651 -449.0753 668.3539 407.6624 -480.9795 679.4385 407.6624 -449.0206 679.4385 407.8365 -469.5713 659.7014 407.8365 -460.4288 659.7014 408.0169 -465 659.7014 408.3546 -469.6122 688.1708 408.3546 -460.3879 688.1708 408.5366 -465 688.1708 409.4454 -469.6984 668.3539 409.4454 -460.3017 668.3539 409.6308 -465 668.3539 409.6496 -469.7145 679.4385 409.6496 -460.2855 679.4385 409.8356 -465 679.4385</float_array>
          <technique_common>
            <accessor source="#Mesh29-mesh-positions-array" count="578" stride="3">
              <param name="X" type="float"/>
              <param name="Y" type="float"/>
              <param name="Z" type="float"/>
            </accessor>
          </technique_common>
        </source>
        <source id="Mesh29-mesh-normals">
          <float_array id="Mesh29-mesh-normals-array" count="3456">-0.06791669 -0.1045773 -0.9921951 -0.04521316 -0.1161733 -0.9921994 -0.02161562 -0.1227027 -0.9922081 -0.004935681 -0.1240367 -0.9922654 0.02161592 -0.1227042 -0.992208 0.04521262 -0.116172 -0.9921995 0.06791669 -0.1045773 -0.9921951 0.08819717 -0.08818918 -0.9921916 0.1045576 -0.06792593 -0.9921965 0.1227011 0.02164453 0.9922077 0.1161875 -0.04521048 -0.9921979 -0.08819526 -0.08818733 -0.9921918 -0.1045683 -0.06792587 -0.9921954 -0.1161882 -0.04521077 -0.9921978 0.1226897 0.02164459 -0.9922091 0.1240332 0.004890799 -0.9922661 -0.1240284 -0.004890918 0.9922667 -0.1240402 0.004891097 0.9922652 -0.1227014 0.02164459 0.9922076 -0.1161857 0.04520982 0.9921981 -0.1045705 0.0679273 0.992195 -0.08816856 0.08818715 0.9921942 -0.06795018 0.1045793 0.9921925 -0.04521083 0.1161745 0.9921993 -0.1929152 0.4957317 0.8467785 -0.09237474 0.5236611 0.8469038 -0.0616433 0.3494219 0.9349355 0.02163922 0.1227041 0.9922074 0.04520183 0.1161727 0.9922 0.06794983 0.1045787 0.9921926 0.08816331 0.08818721 0.9921947 0.1045823 0.06792795 0.9921938 0.1161966 0.04520976 0.9921967 0.06791704 0.1045778 -0.992195 0.1241958 0.3190758 -0.9395564 -0.004935681 0.1240367 -0.9922654 -0.02161562 0.1227027 -0.9922081 -0.04521316 0.1161733 -0.9921994 -0.06791591 0.1045762 -0.9921952 -0.08819901 0.08819103 -0.9921911 -0.1045778 0.06792503 -0.9921944 -0.1161747 0.04520988 -0.9921994 -0.1240332 0.004890799 -0.9922661 -0.1240332 -0.004891097 -0.992266 -0.1227012 -0.02164453 -0.9922076 -0.1226897 0.02164459 -0.9922091 -0.004935503 -0.1240375 0.9922653 -0.02166235 -0.122703 0.992207 0.04521059 -0.1161739 0.9921994 0.06790852 -0.1045786 0.9921954 0.08822196 -0.08819007 0.9921892 0.1045683 -0.06792587 0.9921954 0.1161773 -0.04521083 0.992199 0.1227156 -0.021645 0.9922059 -0.04520255 -0.1161746 0.9921997 -0.06790596 -0.1045774 0.9921958 -0.08822011 -0.0881856 0.9921898 0.08819717 0.08818918 -0.9921916 0.1045683 0.06792587 -0.9921954 0.1161747 0.04520988 -0.9921994 -0.1045814 -0.06792742 0.9921939 -0.1161765 -0.04521054 0.9921992 -0.1227156 -0.021645 0.9922059 -0.9377712 -0.1654242 0.30532 -0.9377719 -0.1654164 0.3053218 -0.8779925 -0.1548739 0.4529276 -0.8779823 -0.1548837 0.4529439 -0.7901108 -0.1393846 0.5969061 -0.7901071 -0.13938 0.596912 -0.6629878 -0.1169522 0.7394387 -0.6629773 -0.1169611 0.7394465 -0.5236625 -0.09237295 0.8469032 -0.5236687 -0.09237068 0.8468996 -0.3494265 -0.06163895 0.9349341 -0.3494133 -0.06163197 0.9349396 -0.9741722 -0.1718505 0.1464784 -0.9741726 -0.1718462 0.1464813 -0.9846289 -0.17369 -0.01838159 -0.2977734 -0.1934174 0.9348374 -0.2510839 -0.2511061 0.9348276 -0.376263 -0.3762673 0.8466694 -0.2898218 -0.4462088 0.8467001 -0.3668791 -0.5648406 0.7391582 -0.2442265 -0.6275488 0.7392807 -0.291029 -0.747815 0.5967202 -0.1393673 -0.7901062 0.5969161 -0.1548647 -0.8779859 0.4529433 -0.03510582 -0.8901515 0.4543105 -0.03750729 -0.9511666 0.306391 0.03750813 -0.9511676 0.3063876 0.03752124 -0.9511724 0.3063712 0.1654242 -0.9377708 0.3053209 0.1718468 -0.9741701 0.1464967 0.3587632 -0.9218724 0.1464247 0.3626084 -0.9317601 -0.01839625 0.5446089 -0.8384886 -0.01838743 0.5355669 -0.8245584 -0.1824054 0.6952448 -0.6952493 -0.1823818 0.6652363 -0.6652512 -0.3389713 0.7889635 -0.5124555 -0.3390072 0.7201465 -0.4677559 -0.5124388 0.8001868 -0.3114033 -0.512571 0.6897925 -0.2684504 -0.6723992 0.7287699 -0.1285623 -0.6725817 0.5941689 -0.1048206 -0.7974812 0.6013901 -0.02372658 -0.7986032 0.6014232 -0.02372735 -0.7985783 0.6014078 0.02372783 -0.7985899 0.4809243 0.01899671 -0.8765564 0.4753314 0.08385151 -0.8758019 0.3370437 0.05945008 -0.9396103 0.3190819 0.1241769 -0.9395567 -0.9846302 -0.1736814 -0.01839232 -0.9682494 -0.1707909 -0.1825473 -0.9682469 -0.1707994 -0.1825531 0.2422119 0.2422186 -0.9395018 0.2422146 0.2422032 -0.939505 0.3415588 0.3415614 -0.8755989 0.3415582 0.3415582 -0.8756004 0.4268925 0.4268761 -0.7972074 0.4268786 0.4268895 -0.7972076 0.5235053 0.5235003 -0.6722275 0.5235041 0.5235041 -0.6722255 0.6072311 0.6072272 -0.512392 0.607231 0.607231 -0.5123876 0.6652468 0.6652428 -0.3389673 0.6652444 0.6652425 -0.3389726 0.6952458 0.6952458 -0.1823912 0.6952487 0.695252 -0.182357 0.7069839 0.706991 -0.01837354 0.7069921 0.7069825 -0.0183835 0.6994974 0.6994885 0.1463537 0.6995041 0.6994827 0.146349 0.6734093 0.6733983 0.305049 0.6734011 0.673403 0.3050563 0.6305416 0.6305416 0.4525865 0.6305329 0.630549 0.4525884 0.567515 0.5675112 0.5965382 0.6730327 0.4371584 0.5965901 0.5648423 0.3668695 0.7391617 0.6275449 0.2442324 0.7392821 0.4957176 0.1929282 0.8467839 0.5236746 0.0923655 0.8468965 0.3494175 0.06163734 0.9349376 0.3533757 0.01393753 0.9353777 0.3533536 0.01395732 0.9353858 0.3533536 -0.01395732 0.9353858 0.5298889 -0.02093213 0.8478088 0.5236511 -0.09238302 0.846909 0.5236688 -0.09237056 0.8468995 0.4957166 -0.1929171 0.8467869 0.4957283 -0.1929206 0.8467794 0.4462034 -0.2898307 0.8467 0.4462087 -0.2898238 0.8466995 0.3762596 -0.3762554 0.8466762 0.376256 -0.3762624 0.8466747 0.2898311 -0.4462084 0.8466972 0.2898234 -0.4462113 0.8466983 0.1929224 -0.4957147 0.8467868 0.1929222 -0.4957324 0.8467766 0.09236794 -0.5236614 0.8469044 0.09237682 -0.5236647 0.8469014 0.02090418 -0.5298694 0.8478216 0.02647477 -0.6712826 0.7407286 -0.02646034 -0.6712921 0.7407204 -0.02648466 -0.6712895 0.740722 -0.1169525 -0.6629766 0.7394486 -0.1169573 -0.6629819 0.7394431 -0.2442237 -0.6275504 0.7392803 -0.1929221 -0.4957221 0.8467826 -0.2898363 -0.4462075 0.8466959 -0.1934041 -0.2977764 0.9348391 -0.25113 -0.2511007 0.9348167 -0.9263907 -0.1634196 -0.3392556 -0.9263938 -0.163412 -0.3392511 -0.8454803 -0.1491444 -0.5127563 -0.1287127 -0.3308092 0.9348788 -0.06163465 -0.3494221 0.9349361 -0.09237474 -0.5236611 0.8469038 -0.02091854 -0.5298838 0.8478123 -0.02095437 -0.5298886 0.8478084 0.0209546 -0.5298936 0.8478052 0.01398271 -0.353367 0.9353803 0.06161648 -0.349424 0.9349365 0.06166428 -0.3494203 0.9349347 0.1287279 -0.3308005 0.9348798 0.1287123 -0.3308083 0.9348791 0.1934193 -0.29778 0.9348347 0.1934242 -0.2977716 0.9348365 0.2511044 -0.2511012 0.9348235 0.2510839 -0.2511073 0.9348273 0.2977814 -0.1934161 0.934835 0.2977852 -0.1934096 0.9348351 0.3308035 -0.1287383 0.9348773 0.3308144 -0.1287344 0.9348739 0.3494185 -0.06164097 0.934937 -0.8454833 -0.1491445 -0.5127514 -0.7287704 -0.1285528 -0.6725831 -0.728774 -0.1285631 -0.6725772 -0.5941635 -0.1048123 -0.7974861 -0.5941652 -0.1048054 -0.797486 -0.4753534 -0.08384734 -0.8757905 0.02166259 -0.1227044 0.9922069 0.00496149 -0.1240375 0.9922652 0.01395314 -0.3533605 0.9353832 -0.01398181 -0.3533604 0.9353829 -0.01398253 -0.3533629 0.9353818 -0.06163376 -0.349421 0.9349365 -0.4753409 -0.08384674 -0.8757973 -0.33704 -0.0594502 -0.9396114 0.4857095 0.7478002 0.4526379 0.5187378 0.7986455 0.3050845 0.3453822 0.8874577 0.3051721 0.3587707 0.9218724 0.1464061 0.1718478 0.9741727 0.1464781 0.1736912 0.9846285 -0.01838886 0.03941637 0.9990523 -0.01846432 0.03942215 0.9990521 -0.01846194 -0.03942286 0.9990521 -0.01846224 -0.03875803 0.9823078 -0.1832189 -0.1707968 0.9682474 -0.1825528 -0.1634109 0.9263941 -0.3392506 -0.3411787 0.8767022 -0.3391026 -0.3114014 0.800186 -0.5125737 -0.4677487 0.720149 -0.5124419 -0.4032443 0.6208443 -0.6722697 -0.5235057 0.5235057 -0.672223 -0.4268778 0.4268832 -0.7972114 -0.5062512 0.3288094 -0.7972415 -0.4050497 0.2630854 -0.875626 -0.4499782 0.1751264 -0.8756999 -0.3190905 0.1241835 -0.939553 -0.337041 0.05945497 -0.9396108 -0.3370342 -0.05945509 -0.9396133 -0.3408264 0.01344329 -0.9400302 -0.33704 0.0594502 -0.9396114 -0.2872352 0.1865548 -0.9395176 -0.2422153 0.2422077 -0.9395038 -0.3415659 0.3415591 -0.8755971 -0.263105 0.4050482 -0.8756209 -0.3288261 0.5062414 -0.7972409 -0.218882 0.5624408 -0.79734 -0.2684473 0.6897929 -0.6724001 -0.1285579 0.7287696 -0.672583 -0.1491454 0.845484 -0.51275 -0.03381592 0.8570029 -0.5142008 -0.03707557 0.9395489 -0.3404017 0.03707396 0.9395505 -0.3403975 0.03708314 0.9395524 -0.3403915 0.1634113 0.9263922 -0.3392555 0.170795 0.9682514 -0.1825335 0.3565874 0.9162728 -0.1824547 0.3626114 0.9317592 -0.01837897 0.5446072 0.8384899 -0.01838093 0.5388349 0.8295981 0.146369 0.5388388 0.8295969 0.1463628 0.5187356 0.7986434 0.3050938 -0.1393733 -0.7901153 0.5969029 -0.0316323 -0.8005937 0.5983721 -0.03157544 -0.8005908 0.598379 0.03157556 -0.8005937 0.5983753 0.02648442 -0.6712964 0.7407157 0.1169568 -0.6629839 0.7394413 0.116954 -0.6629765 0.7394484 0.2442289 -0.6275571 0.7392729 0.2442189 -0.6275476 0.7392842 0.3668753 -0.564839 0.7391613 0.3668659 -0.5648449 0.7391615 0.4762933 -0.4762837 0.7391202 0.4762886 -0.4762828 0.7391238 0.5648403 -0.366873 0.7391615 0.5648298 -0.3668776 0.7391672 0.6275572 -0.2442259 0.7392739 0.6275467 -0.2442246 0.7392831 0.6629749 -0.1169518 0.7394503 0.6629846 -0.1169486 0.739442 0.6712793 -0.02648949 0.7407311 0.5298832 -0.02090442 0.847813 0.5298899 0.020904 0.8478088 0.5298789 0.02093178 0.8478151 0.5236591 0.09237831 0.8469046 0.6629792 0.1169556 0.7394458 0.627551 0.2442186 0.7392815 0.7478139 0.2910286 0.5967216 0.6730394 0.437149 0.5965893 0.7478073 0.485711 0.4526246 0.7477967 0.4857173 0.4526354 0.7986477 0.5187378 0.305079 0.7986413 0.5187453 0.3050824 0.8295916 0.538845 0.1463691 0.8295919 0.538844 0.1463708 0.8384847 0.5446155 -0.0183739 0.8384865 0.5446125 -0.01837879 0.8245598 0.5355649 -0.1824047 0.8245601 0.5355662 -0.1823989 0.7889684 0.5124498 -0.3390049 0.7889713 0.5124551 -0.3389902 0.7201427 0.4677555 -0.5124446 0.720148 0.4677494 -0.5124427 0.620835 0.4032564 -0.672271 0.6208483 0.4032448 -0.6722656 0.5062395 0.3288111 -0.7972483 0.5062478 0.3288187 -0.79724 0.405054 0.2630918 -0.8756221 0.4050524 0.2630782 -0.875627 0.2872217 0.1865559 -0.9395215 0.2872265 0.1865579 -0.9395197 0.3190876 0.1241784 -0.9395546 0.4499762 0.1751328 -0.8756997 0.4753557 0.08384358 -0.8757895 0.5941696 0.1048124 -0.7974817 0.6014064 0.02372664 -0.7985908 0.7381704 0.02912348 -0.6739854 0.7381806 -0.02912414 -0.6739742 0.7381721 -0.02911734 -0.6739838 0.7287727 -0.128557 -0.6725798 0.8454809 -0.1491456 -0.512755 0.8001912 -0.3114079 -0.5125615 0.8767028 -0.3411831 -0.3390966 0.7889704 -0.512451 -0.3389982 0.8245639 -0.5355639 -0.1823897 0.6952543 -0.6952455 -0.1823603 0.7069874 -0.7069874 -0.018377 0.5446188 -0.8384826 -0.01836693 0.5388481 -0.829589 0.1463734 0.3587687 -0.921872 0.1464147 0.3453725 -0.887458 0.3051822 0.165435 -0.9377696 0.3053185 0.1548852 -0.877988 0.4529323 0.03510981 -0.890162 0.4542894 0.03512954 -0.8901548 0.4543018 -0.03515714 -0.8901658 0.4542784 0.5446189 0.8384821 -0.01838731 0.5355733 0.8245543 -0.1824045 0.3565981 0.9162648 -0.1824736 0.3411917 0.8766957 -0.3391061 0.1634187 0.9263892 -0.3392602 0.1491488 0.8454854 -0.5127468 0.0338121 0.8570039 -0.5141996 0.0338062 0.8570038 -0.5142002 -0.03380626 0.8570061 -0.5141963 -0.02911752 0.7381763 -0.6739793 -0.1285568 0.7287773 -0.6725748 -0.1048154 0.5941614 -0.7974873 -0.2188843 0.5624375 -0.7973417 -0.1751439 0.4499896 -0.8756906 -0.2630677 0.4050505 -0.875631 -0.1865531 0.287231 -0.9395192 -0.2421972 0.2422038 -0.9395094 -0.4753558 0.08384937 -0.8757889 -0.4499931 0.1751307 -0.8756915 -0.5624367 0.2188912 -0.7973405 -0.1241964 0.3190783 -0.9395555 -0.05943834 0.3370355 -0.9396138 -0.08384358 0.4753441 -0.8757958 -0.01899099 0.4808815 -0.8765799 -0.02374619 0.6014181 -0.7985815 0.02374565 0.6014049 -0.7985916 0.02374845 0.6014014 -0.798594 0.1048101 0.5941627 -0.797487 0.128562 0.7287791 -0.6725718 0.26845 0.6897915 -0.6724004 0.3114082 0.8001797 -0.5125793 0.4677574 0.7201454 -0.512439 0.5124616 0.7889626 -0.3390005 0.5124458 0.7889757 -0.3389935 0.5355582 0.8245692 -0.1823817 0.03160142 -0.800594 0.5983735 0.1393797 -0.7901104 0.5969078 0.1393735 -0.7901068 0.5969141 0.2910304 -0.7478148 0.5967197 0.2910249 -0.747818 0.5967184 0.4371564 -0.6730335 0.5965904 0.4371473 -0.6730383 0.5965917 0.5675184 -0.567507 0.596539 0.5675061 -0.5675148 0.5965432 0.6730391 -0.4371603 0.5965814 0.6730358 -0.4371559 0.5965884 0.7478184 -0.2910284 0.5967162 0.7478099 -0.2910335 0.5967243 0.7901133 -0.1393809 0.5969037 0.7901104 -0.1393724 0.5969095 0.8005863 -0.03158742 0.5983844 0.6713001 -0.02649718 0.7407119 0.671298 0.02649706 0.7407138 0.6712915 0.02649021 0.7407199 0.6629881 0.116947 0.7394391 0.7901095 0.1393748 0.5969101 0.7478193 0.2910266 0.5967161 0.8309292 0.3233706 0.4527561 0.8309305 0.323373 0.4527522 0.8874591 0.3453722 0.3051793 0.8874589 0.345374 0.3051778 0.921871 0.3587683 0.1464216 0.9218745 0.3587656 0.1464062 0.9317602 0.3626084 -0.01838713 0.9317592 0.3626119 -0.01837271 0.9162689 0.3565944 -0.1824604 0.916271 0.3565878 -0.1824625 0.8766985 0.3411976 -0.3390931 0.8767023 0.3411763 -0.3391044 0.8001915 0.3114007 -0.5125653 0.8001866 0.3114122 -0.512566 0.6897915 0.26845 -0.6724004 0.6897981 0.2684472 -0.6723948 0.562433 0.2188834 -0.7973452 0.5624392 0.2188907 -0.7973389 0.4499882 0.1751317 -0.8756938 0.4677549 0.7201462 -0.51244 0.4032492 0.6208398 -0.6722708 0.2684472 0.6897981 -0.6723948 0.218884 0.5624459 -0.797336 0.1048152 0.5941705 -0.7974805 0.08385789 0.4753486 -0.875792 0.01899498 0.480895 -0.8765725 0.01894587 0.4808943 -0.8765739 -0.01894587 0.4808943 -0.8765739 -0.01344126 0.3408315 -0.9400284 -0.05946689 0.3370358 -0.939612 -0.5062443 0.3288171 -0.7972428 -0.6208481 0.4032498 -0.6722628 0.004935681 0.1240367 -0.9922654 0.0134257 0.34082 -0.9400328 0.01345294 0.3408323 -0.9400279 0.05945497 0.3370352 -0.939613 0.08384442 0.4753414 -0.8757972 0.1751274 0.449998 -0.8756897 0.2188818 0.5624311 -0.797347 0.3288112 0.5062479 -0.7972431 0.4032482 0.6208446 -0.672267 0.154878 -0.8779938 0.4529237 0.3233667 -0.830937 0.4527448 0.323371 -0.8309271 0.4527597 0.4857155 -0.7477992 0.4526333 0.4857137 -0.7478058 0.4526243 0.6305519 -0.6305419 0.4525716 0.630545 -0.6305342 0.4525923 0.7477989 -0.4857105 0.4526392 0.7477974 -0.4857227 0.4526284 0.8309315 -0.3233665 0.4527551 0.8309348 -0.3233733 0.452744 0.8779899 -0.154892 0.4529264 0.8779891 -0.1548789 0.4529324 0.8901584 -0.03511589 0.4542961 0.8005998 -0.03158032 0.5983667 0.8005961 0.03158062 0.5983717 0.8005889 0.03158724 0.5983809 0.7901109 0.1393805 0.5969071 0.8779838 0.1548842 0.452941 0.8779923 0.1548736 0.452928 0.9377727 0.1654213 0.3053166 0.9377724 0.1654198 0.3053182 0.9741737 0.1718412 0.1464796 0.9741711 0.1718513 0.1464851 0.9846281 0.1736944 -0.0183832 0.9846288 0.173689 -0.01839148 0.9682481 0.1707957 -0.1825497 0.9682477 0.1707933 -0.1825544 0.9263916 0.1634119 -0.3392568 0.9263928 0.1634253 -0.3392471 0.8454782 0.1491469 -0.5127592 0.845481 0.1491444 -0.5127552 0.7287742 0.1285556 -0.6725784 0.72877 0.1285629 -0.6725816 0.5941614 0.1048154 -0.7974873 0.3288231 0.5062437 -0.7972407 0.263086 0.4050507 -0.8756254 0.1751322 0.4499819 -0.875697 -0.523503 0.523503 -0.6722272 0.05943828 0.3370323 -0.9396151 0.02161574 0.1227034 -0.992208 0.04521286 0.1161726 -0.9921994 -0.6072311 0.6072272 -0.512392 0.1865839 0.2872251 -0.9395149 0.1865533 0.2872275 -0.9395203 0.2630854 0.4050458 -0.8756278 0.7381735 0.0291174 -0.6739823 0.8569989 0.03381514 -0.5142077 0.8570062 -0.03381502 -0.5141954 0.857003 -0.03383052 -0.5141996 0.8454766 -0.1491493 -0.5127608 0.9263911 -0.1634175 -0.3392555 0.8766938 -0.3411919 -0.3391107 0.9162706 -0.356592 -0.1824563 0.8245592 -0.535569 -0.1823956 0.8384821 -0.5446189 -0.01838731 0.7069838 -0.7069908 -0.01838427 0.6994912 -0.6994956 0.1463499 0.5388416 -0.8295956 0.1463591 0.5187377 -0.798645 0.3050861 0.3453637 -0.8874626 0.3051791 0.8570045 0.03383129 -0.5141974 0.9395548 0.03707498 -0.3403856 0.9395509 -0.03707438 -0.3403963 0.9395525 -0.03707516 -0.340392 0.9263938 -0.1634191 -0.3392474 0.9682481 -0.1707996 -0.1825464 0.916272 -0.35659 -0.1824536 0.9317576 -0.3626152 -0.01838797 0.8384845 -0.5446155 -0.01838093 0.8295957 -0.5388378 0.146373 0.6994924 -0.6994924 0.1463583 0.6733993 -0.6734104 0.3050441 0.5187445 -0.798644 0.3050767 0.6734001 -0.6734001 0.3050653 0.7986446 -0.5187352 0.3050915 0.7986427 -0.5187439 0.3050816 0.8874579 -0.3453784 0.305176 0.8874565 -0.3453654 0.3051947 0.9377692 -0.1654264 0.3053248 0.9377735 -0.1654203 0.3053147 0.9511682 -0.03755956 0.3063793 0.8901473 -0.03514879 0.4543153 0.8901543 0.03514957 0.4543018 0.8901515 0.03511691 0.4543095 -0.1934443 -0.2977777 0.9348304 -0.1287369 -0.3308063 0.9348766 -0.1929093 -0.4957277 0.8467823 -0.09237974 -0.5236608 0.8469034 0.8295959 -0.5388388 0.1463674 0.921871 -0.3587697 0.1464182 0.9218724 -0.3587704 0.1464072 0.974173 -0.1718463 0.1464789 0.9741725 -0.1718443 0.1464836 0.9883624 -0.03900337 0.1470327 0.9511736 -0.03752291 0.306367 0.9511713 0.03752356 0.3063741 0.951169 0.03755998 0.3063772 0.9317589 -0.3626122 -0.01837933 0.9846291 -0.1736876 -0.01838833 0.984628 -0.1736938 -0.01839095 0.9990526 -0.0394113 -0.01846122 0.988363 -0.03900134 0.1470288 0.9883633 0.03900086 0.1470275 0.988362 0.03900408 0.1470352 -0.3190819 0.1241769 -0.9395567 -0.2872223 0.1865588 -0.9395208 -0.4050579 0.2630912 -0.8756205 -0.3415582 0.3415582 -0.8756004 -0.4268745 0.4268883 -0.7972105 -0.3288088 0.5062497 -0.7972428 -0.4032483 0.6208408 -0.6722705 -0.2684459 0.6897967 -0.6723967 -0.31141 0.8001871 -0.5125665 -0.1491472 0.8454799 -0.5127564 -0.1634172 0.9263891 -0.3392613 -0.03708356 0.9395527 -0.3403903 -0.03876376 0.9823064 -0.1832259 0.03876233 0.9823076 -0.1832193 0.0387606 0.9823067 -0.1832246 0.1708058 0.9682454 -0.182555 0.1736969 0.9846275 -0.01839023 0.3626109 0.9317594 -0.01838177 0.3587672 0.9218736 0.146408 0.9682478 -0.1707962 -0.1825515 0.9823063 -0.0387693 -0.1832253 0.9990518 -0.03943413 -0.01845866 0.9990517 0.03943449 -0.01845914 0.9990525 0.03941124 -0.01846116 0.9823063 -0.03876835 -0.1832252 0.9823063 0.0387693 -0.1832252 0.9823057 0.03877043 -0.1832274 -0.1865555 0.2872229 -0.9395212 -0.1241812 0.3190788 -0.9395573 -0.1751131 0.4499949 -0.875694 -0.08385652 0.475353 -0.8757898 -0.1048122 0.5941611 -0.797488 -0.02374821 0.6014106 -0.7985871 -0.02911055 0.7381743 -0.6739817 0.02911096 0.7381715 -0.6739848 0.02912682 0.7381756 -0.6739796 0.1285551 0.7287702 -0.6725828 0.1491411 0.8454795 -0.5127586 0.3114084 0.8001927 -0.5125588 0.3411802 0.8767072 -0.3390879 -0.3408185 0.01344078 -0.9400331 -0.4809055 0.01897639 -0.8765671 -0.4753422 0.08384644 -0.8757966 -0.5941674 0.1048071 -0.797484 -0.5624391 0.2188864 -0.7973401 -0.6898023 0.2684448 -0.6723914 -0.6208375 0.4032498 -0.6722726 -0.7201448 0.4677578 -0.5124394 -0.6072238 0.6072307 -0.5123966 -0.6652477 0.6652437 -0.3389638 -0.5124473 0.7889722 -0.3389995 -0.5355559 0.8245658 -0.1824039 -0.3565934 0.916269 -0.1824622 -0.3626205 0.9317559 -0.0183714 -0.1736932 0.9846283 -0.01838135 -0.1718497 0.9741721 0.1464802 -0.03900116 0.9883634 0.1470268 -0.03754305 0.9511697 0.306377 0.03754264 0.9511691 0.3063786 0.03753232 0.9511712 0.3063735 0.1654294 0.9377701 0.3053201 0.1548863 0.8779889 0.4529301 0.3233728 0.8309292 0.4527546 0.2910342 0.7478167 0.5967156 0.4371547 0.673034 0.5965912 0.3668776 0.5648378 0.7391611 0.4762839 0.4762897 0.7391223 0.3762535 0.376263 0.8466755 0.4462082 0.2898211 0.8467007 0.2977903 0.1934113 0.9348332 0.3307926 0.1287354 0.9348816 -0.4677569 0.7201482 -0.5124355 -0.5124624 0.7889682 -0.3389863 -0.3411909 0.8766991 -0.3390981 0.2511282 0.2510989 0.9348176 0.1934109 0.2977768 0.9348375 0.2898298 0.4462106 0.8466965 0.1929151 0.4957213 0.8467846 0.2442185 0.6275528 0.7392801 0.1169542 0.6629795 0.7394457 0.1393725 0.7901063 0.5969149 0.03157538 0.8006006 0.5983659 0.0315867 0.8005912 0.5983778 -0.03158748 0.8005913 0.5983778 -0.03511691 0.8901554 0.454302 -0.1548752 0.877994 0.4529243 -0.1654215 0.9377719 0.3053193 -0.3453737 0.8874573 0.3051833 -0.3587671 0.9218727 0.1464141 -0.5388439 0.8295943 0.1463581 -0.5446089 0.8384889 -0.0183739 -0.7069911 0.7069841 -0.01836651 -0.6952553 0.6952421 -0.1823694 -0.8245666 0.535561 -0.1823857 -0.7889724 0.5124523 -0.3389915 -0.8767077 0.3411818 -0.3390849 -0.8001922 0.311401 -0.512564 -0.845478 0.1491494 -0.5127587 -0.7287765 0.128556 -0.6725759 -0.7381736 0.02913719 -0.6739813 -0.6014062 0.02373391 -0.7985908 -0.601414 -0.02375555 -0.7985843 -0.4809108 -0.01898074 -0.8765642 -0.4808915 -0.01897656 -0.8765747 -0.3408259 -0.01344102 -0.9400304 -0.3408482 -0.01344448 -0.9400222 0.2977917 0.1934139 0.9348322 0.2510879 0.2511068 0.9348264 0.3762605 0.3762689 0.8466699 0.2898222 0.4462063 0.8467013 0.3668819 0.5648391 0.739158 0.2442274 0.6275511 0.7392784 0.2910196 0.747819 0.5967197 0.1393865 0.7901136 0.596902 0.1548833 0.8779906 0.452928 0.03511637 0.8901554 0.4543018 0.0351293 0.8901534 0.4543048 -0.03513026 0.8901506 0.4543104 -0.03752905 0.9511714 0.3063733 -0.1654238 0.9377685 0.3053282 -0.1718449 0.9741734 0.1464774 -0.3587646 0.9218762 0.1463978 -0.3626109 0.9317594 -0.01838177 -0.5446074 0.8384897 -0.01838028 -0.5355669 0.8245584 -0.1824054 -0.6952453 0.6952499 -0.1823774 -0.6652363 0.6652512 -0.3389713 -0.7889652 0.5124526 -0.339008 -0.7201446 0.4677547 -0.5124425 -0.8001848 0.3114107 -0.5125697 -0.6897946 0.2684512 -0.6723968 -0.7287691 0.1285567 -0.6725837 -0.5941693 0.1048117 -0.7974819 -0.6014075 0.02375423 -0.7985893 -0.4808971 0.0189796 -0.8765717 -0.6013972 -0.02373409 -0.7985976 -0.738174 -0.02912384 -0.6739815 -0.7381793 0.02910643 -0.6739764 -0.8570038 0.03380489 -0.5142002 -0.8454803 0.149141 -0.5127574 -0.9263908 0.1634218 -0.3392543 -0.876695 0.3411924 -0.3391073 -0.9162671 0.3565953 -0.1824674 -0.8245572 0.5355677 -0.1824086 -0.8384822 0.544619 -0.01838022 -0.7069821 0.7069926 -0.01838427 -0.6994934 0.6994934 0.1463485 -0.5388401 0.8295934 0.1463769 -0.5187393 0.7986437 0.305087 -0.345376 0.8874562 0.3051837 -0.3233744 0.830929 0.4527537 -0.1548879 0.8779827 0.4529417 -0.1393781 0.790109 0.5969099 -0.03157818 0.8005977 0.5983696 -0.02648419 0.6712909 0.7407207 0.02648478 0.6712802 0.7407304 0.02645498 0.6713038 0.7407101 0.116953 0.6629798 0.7394457 0.09237772 0.5236594 0.8469046 0.1929142 0.4957291 0.8467803 0.1287276 0.3308048 0.9348784 0.1934453 0.2977793 0.9348296 -0.3565957 0.9162679 -0.1824628 -0.1707928 0.9682492 -0.1825469 -0.1736845 0.9846295 -0.01839804 0.06161379 0.34942 0.9349382 0.01395344 0.3533683 0.9353802 0.01396131 0.3533637 0.935382 -0.01396113 0.3533595 0.9353834 -0.02095419 0.5298836 0.8478116 -0.09238082 0.523667 0.8468995 -0.1169535 0.6629734 0.7394513 -0.2442289 0.6275571 0.7392729 -0.2910262 0.747817 0.596719 -0.4371479 0.6730436 0.5965854 -0.4857126 0.7478054 0.4526262 -0.6305465 0.6305415 0.45258 -0.6734024 0.6734024 0.3050549 -0.7986467 0.518734 0.3050877 -0.8295956 0.5388416 0.1463591 -0.9218719 0.3587701 0.1464115 -0.9317584 0.3626134 -0.01838374 -0.9846291 0.1736876 -0.01839411 -0.9682479 0.1708005 -0.1825463 -0.9823067 0.03875625 -0.183226 -0.9395513 0.03706479 -0.3403961 -0.9395536 -0.03706431 -0.3403902 -0.8570007 -0.03382188 -0.5142041 -0.8570062 -0.03381502 -0.5141954 -0.7381733 -0.02911716 -0.6739826 0.1287113 0.3308119 0.9348781 0.06163465 0.3494221 0.9349361 0.09237337 0.523667 0.8469003 0.0209546 0.5298726 0.8478184 0.02089148 0.5298856 0.8478118 -0.02089136 0.5298916 0.847808 -0.02644336 0.6712878 0.740725 -0.1169568 0.6629839 0.7394413 -0.1393836 0.7901144 0.5969017 -0.2910261 0.7478201 0.5967152 -0.3233724 0.8309261 0.4527605 -0.4857155 0.7477992 0.4526333 -0.5187326 0.7986518 0.3050767 -0.6734035 0.6734035 0.30505 -0.6994924 0.6994924 0.1463583 -0.8295955 0.5388389 0.1463701 -0.8384898 0.5446072 -0.01837736 -0.9317577 0.3626152 -0.01838433 -0.9162747 0.3565864 -0.1824472 -0.9682493 0.1707998 -0.1825397 -0.9263934 0.1634108 -0.3392524 -0.9395486 0.03708451 -0.3404015 -0.8570038 0.03383016 -0.5141986 0.004961431 0.1240367 0.9922652 -0.004945576 0.1240367 0.9922654 -0.0216391 0.1227034 0.9922075 -0.06161254 0.3494193 0.9349386 -0.1287294 0.3308075 0.9348772 -0.1929266 0.4957143 0.8467861 -0.2898187 0.4462171 0.8466969 -0.3668684 0.5648443 0.7391607 -0.4762916 0.4762821 0.7391223 -0.5675061 0.5675148 0.5965432 -0.6730402 0.4371572 0.5965824 -0.7477988 0.4857164 0.4526331 -0.830931 0.3233716 0.4527522 -0.8874582 0.3453677 0.3051871 -0.9377694 0.1654199 0.3053275 -0.9741724 0.1718491 0.1464797 -0.9883633 0.03898918 0.1470304 -0.9990523 0.0394203 -0.01845848 -0.999052 -0.03942513 -0.01845914 -0.982307 -0.03875845 -0.1832239 -0.9823065 -0.0387693 -0.1832237 -0.9395487 -0.03708571 -0.3404009 -0.01395338 0.353367 0.9353808 -0.03941559 0.9990523 -0.01846396 -0.03899574 0.988363 0.14703 0.03899574 0.988363 0.14703 -0.2442189 0.6275476 0.7392842 -0.3668753 0.564839 0.7391613 -0.4371499 0.6730377 0.5965906 -0.5675209 0.5675058 0.5965378 -0.630542 0.6305367 0.4525929 -0.7478042 0.4857088 0.4526322 -0.7986427 0.5187413 0.3050859 -0.8874569 0.345375 0.3051826 -0.9218732 0.3587692 0.1464055 -0.9741731 0.1718463 0.1464777 -0.9846279 0.1736944 -0.01838994 -0.999052 0.03942441 -0.01846116 -0.9823067 0.03876936 -0.1832224 -0.9990522 -0.03942102 -0.0184611 -0.9883639 -0.03898966 0.147026 -0.9883636 0.03900343 0.1470246 -0.9511719 0.03753262 0.3063714 -0.9377692 0.1654335 0.3053209 -0.8779893 0.1548844 0.4529301 -0.830931 0.3233713 0.4527525 -0.7478148 0.2910271 0.5967212 -0.6730375 0.437157 0.5965855 -0.5648437 0.366872 0.7391595 -0.4762818 0.4762877 0.739125 -0.3762595 0.3762595 0.8466745 -0.2898311 0.4462084 0.8466972 -0.1934182 0.2977783 0.9348356 -0.1287216 0.3308025 0.93488 0.03900045 0.9883633 0.1470268 0.1718451 0.9741733 0.1464781 0.1654238 0.9377685 0.3053282 -0.2511051 0.2511168 0.934819 -0.2977843 0.1934148 0.9348344 -0.4462072 0.2898275 0.8466991 -0.4957324 0.1929222 0.8467766 -0.6275486 0.2442277 0.7392804 -0.6629762 0.116952 0.739449 -0.7901117 0.1393766 0.5969069 -0.8005903 0.03159004 0.5983788 -0.890155 0.03513067 0.4543016 -0.8901473 -0.03513646 0.4543164 -0.9511685 -0.03753966 0.3063809 -0.9511714 -0.03753334 0.3063727 -0.988363 -0.0390039 0.1470286 -0.193426 0.2977803 0.9348334 -0.2511055 0.251096 0.9348246 -0.3762663 0.3762621 0.8466703 -0.4462039 0.2898207 0.8467032 -0.5648386 0.3668678 0.7391654 -0.6275537 0.2442246 0.7392772 -0.747817 0.2910334 0.5967153 -0.7901134 0.1393851 0.5969027 -0.8779879 0.1548849 0.4529327 -0.890153 0.03512173 0.4543063 -0.9511685 0.03753846 0.3063812 -0.8901575 -0.03511697 0.4542977 -0.8005975 -0.03158104 0.5983698 -0.8005981 0.03156405 0.59837 -0.6713033 0.02647233 0.7407099 -0.6629835 0.1169605 0.7394411 -0.5236631 0.09238475 0.8469015 -0.4957113 0.1929141 0.8467907 -0.3308026 0.128737 0.9348778 -0.2977885 0.1934118 0.9348337 0.3453696 0.8874567 0.3051893 0.3233745 0.8309302 0.4527515 0.4857144 0.7478016 0.4526305 -0.3494131 0.06163835 0.9349392 -0.3533573 0.01395744 0.9353843 -0.5298889 0.02093213 0.8478088 -0.529882 -0.02090436 0.8478138 -0.6712875 -0.02645885 0.7407246 -0.6713001 -0.02649718 0.7407119 -0.8005866 -0.03157573 0.5983846 -0.3308144 0.1287344 0.9348739 -0.349424 0.06164193 0.9349349 -0.523658 0.09237045 0.8469063 -0.5298825 0.02091217 0.8478133 -0.671287 0.02648979 0.7407241 -0.529892 -0.0209434 0.8478065 -0.3533425 -0.0139569 0.9353899 -0.3533689 0.01393759 0.9353802 0.4371623 0.6730386 0.5965805 0.5675057 0.5675189 0.5965398 -0.3533684 -0.01393789 0.9353805 -0.4462108 -0.2898187 0.8467002 -0.5648332 -0.3668718 0.7391675 -0.4762876 -0.4762876 0.7391213 -0.5675067 -0.5675156 0.596542 -0.4371674 -0.6730384 0.5965769 -0.4857267 -0.7477923 0.4526326 -0.3233665 -0.8309315 0.4527551 -0.345357 -0.887462 0.3051884 -0.1654281 -0.9377701 0.3053207 -0.1718489 -0.9741713 0.146487 -0.03898584 -0.9883645 0.1470226 -0.03940963 -0.9990528 -0.01845479 0.03940963 -0.9990529 -0.01844549 0.03942871 -0.9990517 -0.01847159 0.1736901 -0.9846286 -0.01839804 0.1707994 -0.9682495 -0.1825391 0.3565801 -0.9162741 -0.1824622 0.3411811 -0.8766977 -0.3391116 0.5124546 -0.7889646 -0.3390066 0.467745 -0.7201517 -0.5124415 0.6072309 -0.6072309 -0.5123879 0.5234976 -0.523506 -0.672229 0.6208421 -0.4032474 -0.6722698 0.5062459 -0.3288154 -0.7972425 0.5624482 -0.21889 -0.7973327 0.4499887 -0.175126 -0.8756947 0.475361 -0.08385139 -0.8757859 0.33704 -0.0594502 -0.9396114 0.3408387 -0.01345163 -0.9400256 0.3408186 -0.01344335 -0.940033 0.1240332 -0.004891097 -0.992266 0.4762859 0.4762859 0.7391235 0.5648307 0.3668761 0.7391672 0.3370342 0.05945509 -0.9396133 0.3408184 0.0134508 -0.940033 0.4808905 0.01894855 -0.876576 0.4808765 -0.01894873 -0.8765836 0.4809068 -0.01899486 -0.8765661 0.4753532 -0.08384531 -0.8757907 0.594171 -0.1048077 -0.7974811 0.5624369 -0.2188827 -0.7973426 0.6898011 -0.2684443 -0.6723929 0.6208364 -0.4032533 -0.6722714 0.720147 -0.4677553 -0.5124388 0.6072302 -0.6072267 -0.5123938 0.6652504 -0.6652424 -0.3389611 0.5124458 -0.7889736 -0.3389986 0.535567 -0.8245595 -0.1823999 0.35659 -0.916272 -0.1824536 0.362614 -0.9317582 -0.01837873 0.1736876 -0.9846292 -0.01838904 0.1718434 -0.9741734 0.146479 0.03898674 -0.988364 0.147026 0.0389927 -0.9883614 0.1470421 -0.03899174 -0.988362 0.1470386 -0.03752285 -0.9511722 0.3063715 -0.1654309 -0.9377704 0.3053188 -0.1548806 -0.8779932 0.452924 -0.323377 -0.8309256 0.4527582 -0.2910348 -0.7478185 0.596713 -0.4371474 -0.6730408 0.5965889 -0.3668747 -0.5648285 0.7391697 -0.4762806 -0.4762922 0.7391229 -0.3762546 -0.3762673 0.8466732 -0.4462066 -0.28982 0.8467019 -0.2977885 -0.1934101 0.934834 -0.3308025 -0.1287393 0.9348776 -0.3308078 -0.1287415 0.9348753 -0.4957315 -0.1929282 0.8467757 -0.4957204 -0.1929201 0.846784 -0.6275478 -0.2442334 0.7392793 -0.6275518 -0.2442198 0.7392804 -0.747815 -0.291029 0.5967202 -0.7478253 -0.2910234 0.5967099 -0.8309282 -0.3233702 0.4527583 -0.8309271 -0.323377 0.4527555 -0.8874571 -0.3453754 0.3051817 -0.8874567 -0.3453769 0.3051809 -0.9218723 -0.3587688 0.1464124 -0.9218746 -0.3587647 0.1464081 -0.9317594 -0.3626109 -0.01838541 -0.9317555 -0.3626211 -0.0183736 -0.9162681 -0.3565941 -0.1824648 -0.9162691 -0.3565918 -0.1824645 -0.876695 -0.3412002 -0.3390995 -0.8767049 -0.3411732 -0.3391012 -0.8001877 -0.3114029 -0.5125701 -0.8001893 -0.3114091 -0.5125637 -0.6897956 -0.2684516 -0.6723956 -0.6897932 -0.2684453 -0.6724005 -0.5624404 -0.2188847 -0.7973395 -0.5624359 -0.2188894 -0.7973414 -0.4499843 -0.1751214 -0.8756979 -0.4499932 -0.1751366 -0.8756903 -0.3190857 -0.1241847 -0.9395544 -0.3190736 -0.1241737 -0.9395601 0.4462104 0.2898217 0.8466994 0.4957287 0.1929184 0.8467795 0.3308072 0.1287446 0.9348752 -0.2422124 -0.2422124 -0.9395033 -0.2422003 -0.2422041 -0.9395084 -0.3415525 -0.3415576 -0.8756029 -0.3415578 -0.3415466 -0.8756051 -0.4268972 -0.4268807 -0.7972024 -0.4268741 -0.4268795 -0.7972154 -0.5235047 -0.5235147 -0.6722167 -0.5235026 -0.5235026 -0.6722277 -0.6072272 -0.6072311 -0.512392 -0.6072279 -0.6072279 -0.5123949 -0.6652504 -0.6652424 -0.3389611 -0.6652472 -0.6652379 -0.3389759 -0.6952503 -0.6952458 -0.1823741 -0.6952465 -0.6952498 -0.1823736 -0.7069822 -0.7069928 -0.01836997 -0.7069886 -0.706986 -0.01838123 -0.6994947 -0.6994903 0.1463575 -0.6994998 -0.6994874 0.1463469 -0.6734061 -0.6733987 0.3050549 -0.6734021 -0.6734041 0.3050517 -0.6305451 -0.6305401 0.452584 -0.630535 -0.6305457 0.4525901 -0.5675165 -0.5675089 0.5965389 -0.6730327 -0.4371584 0.5965901 -0.5648432 -0.3668701 0.7391606 -0.2872203 -0.1865583 -0.9395215 -0.2872182 -0.1865561 -0.9395226 -0.4050614 -0.263091 -0.8756189 -0.4050541 -0.2630939 -0.8756214 -0.506254 -0.3288193 -0.7972358 -0.5062385 -0.3288142 -0.7972478 -0.6208366 -0.4032489 -0.672274 -0.62084 -0.4032469 -0.672272 -0.7201498 -0.4677479 -0.5124414 -0.7201474 -0.467754 -0.5124394 -0.7889724 -0.5124585 -0.3389824 -0.7889684 -0.5124498 -0.3390049 -0.8245572 -0.5355669 -0.1824107 -0.8245609 -0.535565 -0.1823992 -0.8384855 -0.544614 -0.0183767 -0.8384873 -0.5446113 -0.01837098 -0.8295958 -0.5388404 0.1463629 -0.82959 -0.5388476 0.1463686 -0.798641 -0.5187426 0.3050884 -0.7986457 -0.5187366 0.3050861 -0.7478032 -0.4857147 0.4526276 -0.7478076 -0.4857095 0.4526259 -0.6730436 -0.4371517 0.5965825 -0.4857172 -0.7477965 0.4526357 -0.5187442 -0.7986432 0.3050798 -0.345381 -0.8874586 0.305171 -0.3587702 -0.9218712 0.1464153 -0.1718486 -0.9741725 0.1464788 -0.1736912 -0.9846284 -0.01839655 -0.03942763 -0.9990519 -0.01846176 -0.03876715 -0.9823029 -0.1832438 0.03876727 -0.9823049 -0.1832324 0.0387454 -0.9823078 -0.1832216 0.1707968 -0.9682474 -0.1825528 0.1634103 -0.9263902 -0.3392614 0.3411934 -0.8766973 -0.3391006 0.3114141 -0.8001851 -0.5125672 0.4677543 -0.7201495 -0.5124361 0.4032459 -0.6208426 -0.6722703 0.5235057 -0.5235057 -0.672223 0.4268763 -0.4268926 -0.7972072 0.5062499 -0.3288086 -0.7972428 0.4050517 -0.2630867 -0.8756247 0.4499771 -0.1751403 -0.8756978 0.319074 -0.1241793 -0.9395591 0.3370357 -0.05945533 -0.9396128 0.1227012 -0.02164453 -0.9922076 0.3494217 0.0616334 0.9349363 0.1240423 0.004891157 0.9922649 0.2872352 -0.1865548 -0.9395176 0.2422159 -0.2422121 -0.9395024 0.3415653 -0.3415584 -0.8755976 0.2630839 -0.4050506 -0.875626 0.3288266 -0.5062421 -0.7972404 0.218882 -0.5624408 -0.79734 0.2684482 -0.6897953 -0.6723973 0.1285591 -0.7287763 -0.6725754 0.1491453 -0.845479 -0.5127583 0.03381454 -0.8570045 -0.5141985 0.03382736 -0.8569982 -0.5142081 -0.03382641 -0.8570015 -0.5142027 -0.03707379 -0.9395568 -0.3403801 -0.1634235 -0.9263961 -0.339239 -0.1708062 -0.968244 -0.1825622 -0.3565909 -0.9162697 -0.1824633 -0.3626177 -0.9317566 -0.0183863 -0.5446138 -0.8384855 -0.01838797 -0.5388436 -0.8295934 0.1463645 -0.5388454 -0.82959 0.1463765 -0.5187323 -0.798646 0.3050925 0.3190736 -0.1241737 -0.9395601 0.2872202 -0.1865574 -0.9395216 0.4050667 -0.2630831 -0.8756188 0.3415575 -0.3415631 -0.8755988 0.4268716 -0.4268854 -0.7972137 0.3288106 -0.5062416 -0.7972472 0.4032496 -0.6208429 -0.6722677 0.2684467 -0.6897987 -0.6723943 0.3114117 -0.8001874 -0.5125652 0.1491466 -0.8454766 -0.512762 0.1634237 -0.9263975 -0.3392354 0.03707516 -0.9395599 -0.3403716 0.03706014 -0.939554 -0.3403893 -0.03705966 -0.939552 -0.3403949 -0.03874373 -0.9823087 -0.1832173 -0.1707999 -0.968248 -0.1825467 -0.1736908 -0.9846286 -0.01839035 -0.3626089 -0.9317599 -0.01839649 -0.3587607 -0.9218733 0.1464256 -0.5446173 -0.8384832 -0.01838016 -0.5355774 -0.8245537 -0.1823954 -0.356578 -0.9162741 -0.182466 -0.3411784 -0.8767055 -0.3390943 -0.1634251 -0.9263962 -0.3392381 -0.1491439 -0.8454793 -0.5127583 -0.03381782 -0.8570011 -0.5142038 -0.0291174 -0.7381735 -0.6739823 0.02911728 -0.7381708 -0.6739854 0.02914398 -0.7381769 -0.6739774 0.1285554 -0.7287693 -0.6725838 0.1048155 -0.5941681 -0.7974823 0.218883 -0.5624343 -0.7973444 0.1751448 -0.4499918 -0.8756892 0.263095 -0.40505 -0.8756229 0.186554 -0.2872285 -0.9395198 0.2421957 -0.2422023 -0.9395102 0.1240263 -0.004890859 0.992267 0.3533684 -0.01393789 0.9353805 0.3494243 -0.06164622 0.9349345 0.124196 -0.3190843 -0.9395534 0.05944991 -0.33703 -0.9396151 0.08384412 -0.4753473 -0.875794 0.01893115 -0.480892 -0.8765755 0.01899111 -0.4808993 -0.8765702 -0.01899021 -0.4808919 -0.8765743 -0.02378141 -0.6013984 -0.7985953 -0.1048106 -0.5941656 -0.7974849 -0.1285611 -0.7287737 -0.6725778 -0.2684516 -0.6897956 -0.6723956 -0.311414 -0.8001893 -0.5125609 -0.4677525 -0.720152 -0.5124342 -0.5124496 -0.7889668 -0.3390086 -0.5124466 -0.7889728 -0.3389994 -0.5355585 -0.8245673 -0.1823894 0.1865555 -0.2872229 -0.9395212 0.1241821 -0.3190811 -0.9395563 0.1751142 -0.4499977 -0.8756924 0.08385676 -0.4753482 -0.8757923 0.1048133 -0.5941597 -0.7974888 0.02378225 -0.6014205 -0.7985786 0.02371984 -0.601396 -0.7985989 -0.02371948 -0.6014145 -0.798585 -0.02913707 -0.7381704 -0.6739849 -0.1285563 -0.728777 -0.6725753 -0.1491488 -0.8454747 -0.5127643 -0.3114115 -0.800182 -0.5125737 -0.3411909 -0.8766947 -0.3391095 -0.4677526 -0.7201467 -0.5124415 -0.4032492 -0.6208398 -0.6722708 -0.2684453 -0.6897932 -0.6724005 -0.218882 -0.5624408 -0.79734 -0.1048157 -0.5941656 -0.7974841 -0.08385765 -0.4753534 -0.8757894 -0.01894617 -0.480902 -0.8765697 -0.0134412 -0.3408291 -0.9400292 0.0134412 -0.3408291 -0.9400292 0.01345813 -0.3408226 -0.9400313 0.05943828 -0.3370323 -0.9396151 -0.124172 -0.3190801 -0.9395581 0.004935681 -0.1240367 -0.9922654 0.3408333 0.01344358 -0.9400277 -0.01342582 -0.3408228 -0.9400317 -0.05945032 -0.3370326 -0.9396141 -0.08384442 -0.4753414 -0.8757972 -0.1751314 -0.4500024 -0.8756865 -0.2188843 -0.5624375 -0.7973417 -0.3288112 -0.5062479 -0.7972431 -0.4032509 -0.6208488 -0.6722615 -0.328822 -0.506249 -0.7972379 -0.2630834 -0.4050467 -0.8756279 -0.1751316 -0.4499876 -0.875694 -0.1241956 -0.3190793 -0.9395552 -0.05943733 -0.3370341 -0.9396144 0.9395497 0.03707563 -0.3403997 0.1241698 0.3190884 -0.9395555 -0.01345801 0.3408198 -0.9400323 -0.1865575 -0.2872326 -0.9395178 -0.1865533 -0.2872275 -0.9395203 -0.2630878 -0.4050565 -0.8756221</float_array>
          <technique_common>
            <accessor source="#Mesh29-mesh-normals-array" count="1152" stride="3">
              <param name="X" type="float"/>
              <param name="Y" type="float"/>
              <param name="Z" type="float"/>
            </accessor>
          </technique_common>
        </source>
        <vertices id="Mesh29-mesh-vertices">
          <input semantic="POSITION" source="#Mesh29-mesh-positions"/>
        </vertices>
        <triangles material="Material_5-material" count="1152">
          <input semantic="VERTEX" source="#Mesh29-mesh-vertices" offset="0"/>
          <input semantic="NORMAL" source="#Mesh29-mesh-normals" offset="1"/>
          <p>288 0 232 0 222 0 288 1 250 1 232 1 268 2 250 2 288 2 288 3 286 3 268 3 324 4 306 4 288 4 288 5 342 5 324 5 288 6 353 6 342 6 362 7 353 7 288 7 288 8 374 8 362 8 289 9 387 9 379 9 288 10 380 10 374 10 214 11 288 11 222 11 202 12 288 12 214 12 202 13 196 13 288 13 389 14 288 14 381 14 393 15 288 15 389 15 289 16 185 16 190 16 191 17 185 17 289 17 289 18 199 18 191 18 289 19 205 19 199 19 217 20 205 20 289 20 289 21 225 21 217 21 289 22 234 22 225 22 252 23 234 23 289 23 229 24 221 24 173 24 229 25 265 25 221 25 270 26 265 26 229 26 289 27 326 27 308 27 289 28 344 28 326 28 354 29 344 29 289 29 289 30 361 30 354 30 289 31 373 31 361 31 379 32 373 32 289 32 288 33 345 33 355 33 347 34 365 34 327 34 288 35 271 35 291 35 253 36 271 36 288 36 288 37 235 37 253 37 288 38 224 38 235 38 215 39 224 39 288 39 288 40 203 40 215 40 288 41 197 41 203 41 184 42 189 42 288 42 184 43 288 43 188 43 188 44 288 44 196 44 189 45 197 45 288 45 289 46 269 46 287 46 251 47 269 47 289 47 343 48 289 48 325 48 352 49 289 49 343 49 360 50 289 50 352 50 372 51 289 51 360 51 378 52 289 52 372 52 386 53 289 53 378 53 289 54 233 54 251 54 289 55 223 55 233 55 216 56 223 56 289 56 363 57 288 57 355 57 375 58 288 58 363 58 375 59 381 59 288 59 289 60 204 60 216 60 289 61 198 61 204 61 190 62 198 62 289 62 7 63 16 63 21 63 21 64 16 64 28 64 21 65 28 65 39 65 39 66 28 66 41 66 39 67 41 67 63 67 63 68 41 68 69 68 63 69 69 69 93 69 93 70 69 70 99 70 93 71 99 71 125 71 125 72 99 72 133 72 125 73 133 73 190 73 190 74 133 74 198 74 7 75 12 75 16 75 1 76 12 76 7 76 1 77 14 77 12 77 216 78 204 78 160 78 216 79 160 79 170 79 170 80 160 80 156 80 170 81 156 81 172 81 172 82 156 82 164 82 172 83 164 83 210 83 210 84 164 84 200 84 210 85 200 85 248 85 248 86 200 86 244 86 248 87 244 87 276 87 276 88 244 88 274 88 276 89 274 89 332 89 332 90 274 90 336 90 332 91 336 91 396 91 396 92 336 92 400 92 396 93 400 93 449 93 449 94 400 94 447 94 449 95 447 95 492 95 492 96 447 96 486 96 492 97 486 97 516 97 516 98 486 98 505 98 516 99 505 99 531 99 531 100 505 100 509 100 531 101 509 101 522 101 522 102 509 102 496 102 522 103 496 103 502 103 502 104 496 104 466 104 502 105 466 105 504 105 504 106 466 106 468 106 504 107 468 107 467 107 467 108 468 108 439 108 467 109 439 109 433 109 433 110 439 110 381 110 433 111 381 111 375 111 4 112 14 112 1 112 4 113 18 113 14 113 10 114 18 114 4 114 363 115 355 115 415 115 415 116 355 116 403 116 415 117 403 117 429 117 429 118 403 118 411 118 429 119 411 119 465 119 465 120 411 120 437 120 465 121 437 121 491 121 491 122 437 122 461 122 491 123 461 123 506 123 506 124 461 124 474 124 506 125 474 125 517 125 517 126 474 126 487 126 517 127 487 127 525 127 525 128 487 128 493 128 525 129 493 129 527 129 527 130 493 130 495 130 527 131 495 131 519 131 519 132 495 132 489 132 519 133 489 133 512 133 512 134 489 134 480 134 512 135 480 135 501 135 501 136 480 136 472 136 501 137 472 137 476 137 501 138 476 138 499 138 499 139 476 139 470 139 499 140 470 140 478 140 478 141 470 141 444 141 478 142 444 142 452 142 452 143 444 143 387 143 452 144 387 144 392 144 452 145 392 145 453 145 453 146 392 146 451 146 453 147 451 147 483 147 483 148 451 148 443 148 483 149 443 149 477 149 477 150 443 150 426 150 477 151 426 151 469 151 469 152 426 152 416 152 469 153 416 153 456 153 456 154 416 154 406 154 456 155 406 155 420 155 420 156 406 156 368 156 420 157 368 157 404 157 404 158 368 158 348 158 404 159 348 159 356 159 356 160 348 160 312 160 356 161 312 161 316 161 316 162 312 162 282 162 316 163 282 163 280 163 280 164 282 164 260 164 280 165 260 165 256 165 256 166 260 166 220 166 256 167 220 167 210 167 210 168 220 168 172 168 172 169 220 169 208 169 172 170 208 170 170 170 170 171 208 171 223 171 170 172 223 172 216 172 10 173 32 173 18 173 24 174 32 174 10 174 24 175 54 175 32 175 251 176 233 176 228 176 251 177 228 177 264 177 264 178 228 178 260 178 264 179 260 179 282 179 264 180 282 180 284 180 284 181 282 181 312 181 284 182 312 182 307 182 307 183 312 183 348 183 307 184 348 184 325 184 325 185 348 185 368 185 325 186 368 186 343 186 343 187 368 187 406 187 343 188 406 188 352 188 352 189 406 189 416 189 352 190 416 190 360 190 360 191 416 191 426 191 360 192 426 192 372 192 372 193 426 193 443 193 372 194 443 194 378 194 378 195 443 195 451 195 48 196 54 196 24 196 48 197 80 197 54 197 74 198 80 198 48 198 74 199 114 199 80 199 110 200 114 200 74 200 110 201 144 201 114 201 325 202 289 202 307 202 307 203 289 203 287 203 307 204 287 204 284 204 284 205 287 205 269 205 284 206 269 206 264 206 264 207 269 207 251 207 138 208 144 208 110 208 138 209 196 209 144 209 472 210 480 210 435 210 435 211 480 211 446 211 435 212 446 212 397 212 397 213 446 213 401 213 397 214 401 214 341 214 341 215 401 215 339 215 341 216 339 216 305 216 305 217 339 217 304 217 305 218 304 218 239 218 239 219 304 219 243 219 239 220 243 220 183 220 183 221 243 221 193 221 183 222 193 222 147 222 147 223 193 223 159 223 147 224 159 224 117 224 117 225 159 225 141 225 117 226 141 226 113 226 113 227 141 227 149 227 113 228 149 228 119 228 119 229 149 229 155 229 119 230 155 230 145 230 145 231 155 231 197 231 145 232 197 232 189 232 188 233 196 233 138 233 139 234 189 234 184 234 139 235 145 235 189 235 215 236 203 236 163 236 215 237 163 237 175 237 175 238 163 238 167 238 175 239 167 239 195 239 195 240 167 240 169 240 195 241 169 241 219 241 219 242 169 242 207 242 219 243 207 243 255 243 255 244 207 244 247 244 255 245 247 245 300 245 300 246 247 246 302 246 300 247 302 247 331 247 331 248 302 248 335 248 331 249 335 249 395 249 395 250 335 250 399 250 395 251 399 251 448 251 448 252 399 252 450 252 448 253 450 253 495 253 495 254 450 254 489 254 489 255 450 255 446 255 489 256 446 256 480 256 210 257 248 257 256 257 256 258 248 258 278 258 256 259 278 259 280 259 280 260 278 260 320 260 280 261 320 261 316 261 316 262 320 262 366 262 316 263 366 263 356 263 356 264 366 264 412 264 356 265 412 265 404 265 404 266 412 266 454 266 404 267 454 267 420 267 420 268 454 268 475 268 420 269 475 269 456 269 456 270 475 270 498 270 456 271 498 271 469 271 469 272 498 272 507 272 469 273 507 273 477 273 477 274 507 274 513 274 477 275 513 275 483 275 483 276 513 276 485 276 483 277 485 277 453 277 453 278 485 278 484 278 453 279 484 279 452 279 452 280 484 280 478 280 478 281 484 281 508 281 478 282 508 282 499 282 499 283 508 283 521 283 499 284 521 284 501 284 501 285 521 285 512 285 512 286 521 286 534 286 512 287 534 287 519 287 519 288 534 288 543 288 519 289 543 289 527 289 527 290 543 290 551 290 527 291 551 291 525 291 525 292 551 292 547 292 525 293 547 293 517 293 517 294 547 294 541 294 517 295 541 295 506 295 506 296 541 296 532 296 506 297 532 297 491 297 491 298 532 298 510 298 491 299 510 299 465 299 465 300 510 300 482 300 465 301 482 301 429 301 429 302 482 302 459 302 429 303 459 303 415 303 415 304 459 304 423 304 415 305 423 305 363 305 363 306 423 306 375 306 375 307 423 307 433 307 433 308 423 308 463 308 433 309 463 309 467 309 467 310 463 310 503 310 467 311 503 311 504 311 504 312 503 312 530 312 504 313 530 313 502 313 502 314 530 314 528 314 502 315 528 315 522 315 522 316 528 316 544 316 522 317 544 317 531 317 531 318 544 318 540 318 531 319 540 319 516 319 516 320 540 320 524 320 516 321 524 321 492 321 492 322 524 322 494 322 492 323 494 323 449 323 449 324 494 324 445 324 449 325 445 325 396 325 396 326 445 326 390 326 396 327 390 327 332 327 332 328 390 328 328 328 332 329 328 329 276 329 276 330 328 330 278 330 276 331 278 331 248 331 495 332 493 332 448 332 448 333 493 333 442 333 448 334 442 334 395 334 395 335 442 335 385 335 395 336 385 336 331 336 331 337 385 337 323 337 331 338 323 338 300 338 300 339 323 339 298 339 300 340 298 340 255 340 255 341 298 341 259 341 255 342 259 342 219 342 219 343 259 343 227 343 219 344 227 344 195 344 195 345 227 345 213 345 195 346 213 346 175 346 175 347 213 347 224 347 175 348 224 348 215 348 115 349 145 349 139 349 115 350 119 350 145 350 96 351 119 351 115 351 253 352 235 352 231 352 253 353 231 353 267 353 267 354 231 354 263 354 267 355 263 355 294 355 294 356 263 356 296 356 294 357 296 357 315 357 315 358 296 358 319 358 315 359 319 359 359 359 359 360 319 360 371 360 359 361 371 361 419 361 419 362 371 362 431 362 419 363 431 363 474 363 474 364 431 364 487 364 487 365 431 365 442 365 487 366 442 366 493 366 278 367 328 367 320 367 320 368 328 368 376 368 320 369 376 369 366 369 366 370 376 370 424 370 366 371 424 371 412 371 412 372 424 372 471 372 412 373 471 373 454 373 454 374 471 374 500 374 454 375 500 375 475 375 475 376 500 376 520 376 475 377 520 377 498 377 498 378 520 378 535 378 498 379 535 379 507 379 507 380 535 380 537 380 507 381 537 381 513 381 513 382 537 382 515 382 513 383 515 383 485 383 485 384 515 384 514 384 485 385 514 385 484 385 484 386 514 386 508 386 508 387 514 387 536 387 508 388 536 388 521 388 521 389 536 389 534 389 534 390 536 390 549 390 534 391 549 391 543 391 543 392 549 392 561 392 543 393 561 393 551 393 551 394 561 394 565 394 551 395 565 395 547 395 547 396 565 396 563 396 547 397 563 397 541 397 541 398 563 398 559 398 541 399 559 399 532 399 532 400 559 400 545 400 532 401 545 401 510 401 510 402 545 402 523 402 510 403 523 403 482 403 482 404 523 404 497 404 482 405 497 405 459 405 459 406 497 406 463 406 459 407 463 407 423 407 474 408 461 408 419 408 419 409 461 409 409 409 419 410 409 410 359 410 359 411 409 411 351 411 359 412 351 412 315 412 315 413 351 413 311 413 315 414 311 414 294 414 294 415 311 415 292 415 294 416 292 416 267 416 267 417 292 417 271 417 267 418 271 418 253 418 96 419 113 419 119 419 87 420 113 420 96 420 288 421 291 421 309 421 309 422 291 422 292 422 309 423 292 423 311 423 309 424 311 424 347 424 347 425 311 425 351 425 347 426 351 426 383 426 383 427 351 427 409 427 383 428 409 428 437 428 437 429 409 429 461 429 328 430 390 430 376 430 376 431 390 431 434 431 376 432 434 432 424 432 424 433 434 433 479 433 424 434 479 434 471 434 471 435 479 435 511 435 471 436 511 436 500 436 500 437 511 437 533 437 500 438 533 438 520 438 520 439 533 439 548 439 520 440 548 440 535 440 535 441 548 441 555 441 535 442 555 442 537 442 537 443 555 443 539 443 537 444 539 444 515 444 515 445 539 445 538 445 515 446 538 446 514 446 514 447 538 447 536 447 536 448 538 448 549 448 549 449 538 449 556 449 549 450 556 450 561 450 561 451 556 451 570 451 561 452 570 452 565 452 565 453 570 453 576 453 565 454 576 454 563 454 563 455 576 455 573 455 563 456 573 456 559 456 559 457 573 457 567 457 559 458 567 458 545 458 545 459 567 459 553 459 545 460 553 460 523 460 523 461 553 461 529 461 523 462 529 462 497 462 497 463 529 463 503 463 497 464 503 464 463 464 437 465 411 465 383 465 383 466 411 466 365 466 383 467 365 467 347 467 87 468 117 468 113 468 347 469 327 469 309 469 309 470 327 470 288 470 288 471 327 471 345 471 104 472 117 472 87 472 355 473 345 473 403 473 403 474 345 474 365 474 403 475 365 475 411 475 503 476 529 476 530 476 530 477 529 477 554 477 530 478 554 478 528 478 528 479 554 479 552 479 528 480 552 480 544 480 544 481 552 481 558 481 544 482 558 482 540 482 540 483 558 483 546 483 540 484 546 484 524 484 524 485 546 485 526 485 524 486 526 486 494 486 494 487 526 487 488 487 494 488 488 488 445 488 445 489 488 489 434 489 445 490 434 490 390 490 529 491 553 491 554 491 554 492 553 492 568 492 554 493 568 493 552 493 552 494 568 494 566 494 552 495 566 495 558 495 558 496 566 496 562 496 558 497 562 497 546 497 546 498 562 498 550 498 546 499 550 499 526 499 526 500 550 500 518 500 526 501 518 501 488 501 488 502 518 502 479 502 488 503 479 503 434 503 479 504 518 504 511 504 511 505 518 505 542 505 511 506 542 506 533 506 533 507 542 507 560 507 533 508 560 508 548 508 548 509 560 509 569 509 548 510 569 510 555 510 555 511 569 511 557 511 555 512 557 512 539 512 539 513 557 513 556 513 539 514 556 514 538 514 223 515 208 515 233 515 233 516 208 516 228 516 228 517 208 517 220 517 228 518 220 518 260 518 518 519 550 519 542 519 542 520 550 520 564 520 542 521 564 521 560 521 560 522 564 522 575 522 560 523 575 523 569 523 569 524 575 524 571 524 569 525 571 525 557 525 557 526 571 526 570 526 557 527 570 527 556 527 550 528 562 528 564 528 564 529 562 529 572 529 564 530 572 530 575 530 575 531 572 531 577 531 575 532 577 532 571 532 571 533 577 533 576 533 571 534 576 534 570 534 197 535 155 535 203 535 203 536 155 536 163 536 163 537 155 537 149 537 163 538 149 538 167 538 167 539 149 539 141 539 167 540 141 540 169 540 169 541 141 541 159 541 169 542 159 542 207 542 207 543 159 543 193 543 207 544 193 544 247 544 247 545 193 545 243 545 247 546 243 546 302 546 302 547 243 547 304 547 302 548 304 548 335 548 335 549 304 549 339 549 335 550 339 550 399 550 399 551 339 551 401 551 399 552 401 552 450 552 450 553 401 553 446 553 562 554 566 554 572 554 572 555 566 555 574 555 572 556 574 556 577 556 577 557 574 557 573 557 577 558 573 558 576 558 566 559 568 559 574 559 574 560 568 560 567 560 574 561 567 561 573 561 224 562 213 562 235 562 235 563 213 563 231 563 231 564 213 564 227 564 231 565 227 565 263 565 263 566 227 566 259 566 263 567 259 567 296 567 296 568 259 568 298 568 296 569 298 569 319 569 319 570 298 570 323 570 319 571 323 571 371 571 371 572 323 572 385 572 371 573 385 573 431 573 431 574 385 574 442 574 184 575 137 575 139 575 139 576 137 576 111 576 139 577 111 577 115 577 115 578 111 578 81 578 115 579 81 579 96 579 96 580 81 580 68 580 96 581 68 581 87 581 87 582 68 582 72 582 87 583 72 583 104 583 104 584 72 584 91 584 104 585 91 585 136 585 136 586 91 586 130 586 136 587 130 587 179 587 179 588 130 588 177 588 179 589 177 589 237 589 237 590 177 590 241 590 237 591 241 591 303 591 303 592 241 592 301 592 303 593 301 593 337 593 337 594 301 594 333 594 337 595 333 595 391 595 391 596 333 596 377 596 391 597 377 597 425 597 425 598 377 598 413 598 425 599 413 599 455 599 455 600 413 600 421 600 455 601 421 601 457 601 457 602 421 602 417 602 457 603 417 603 427 603 427 604 417 604 373 604 427 605 373 605 379 605 104 606 147 606 117 606 136 607 147 607 104 607 136 608 183 608 147 608 354 609 361 609 407 609 354 610 407 610 369 610 369 611 407 611 405 611 369 612 405 612 357 612 357 613 405 613 367 613 357 614 367 614 321 614 321 615 367 615 329 615 321 616 329 616 297 616 297 617 329 617 299 617 297 618 299 618 249 618 249 619 299 619 245 619 249 620 245 620 187 620 187 621 245 621 181 621 187 622 181 622 132 622 132 623 181 623 128 623 132 624 128 624 83 624 83 625 128 625 85 625 83 626 85 626 53 626 53 627 85 627 61 627 53 628 61 628 37 628 37 629 61 629 46 629 37 630 46 630 33 630 33 631 46 631 55 631 33 632 55 632 49 632 49 633 55 633 75 633 49 634 75 634 73 634 73 635 75 635 109 635 73 636 109 636 110 636 110 637 109 637 138 637 138 638 109 638 137 638 138 639 137 639 188 639 188 640 137 640 184 640 373 641 417 641 361 641 361 642 417 642 407 642 407 643 417 643 421 643 407 644 421 644 405 644 405 645 421 645 413 645 405 646 413 646 367 646 367 647 413 647 377 647 367 648 377 648 329 648 329 649 377 649 333 649 329 650 333 650 299 650 299 651 333 651 301 651 299 652 301 652 245 652 245 653 301 653 241 653 245 654 241 654 181 654 181 655 241 655 177 655 181 656 177 656 128 656 128 657 177 657 130 657 128 658 130 658 85 658 85 659 130 659 91 659 85 660 91 660 61 660 61 661 91 661 72 661 61 662 72 662 46 662 46 663 72 663 68 663 46 664 68 664 55 664 55 665 68 665 81 665 55 666 81 666 75 666 75 667 81 667 111 667 75 668 111 668 109 668 109 669 111 669 137 669 110 670 74 670 73 670 73 671 74 671 47 671 73 672 47 672 49 672 49 673 47 673 25 673 49 674 25 674 33 674 33 675 25 675 19 675 33 676 19 676 37 676 37 677 19 677 31 677 37 678 31 678 53 678 53 679 31 679 51 679 53 680 51 680 83 680 83 681 51 681 89 681 83 682 89 682 132 682 132 683 89 683 143 683 132 684 143 684 187 684 187 685 143 685 201 685 187 686 201 686 249 686 249 687 201 687 257 687 249 688 257 688 297 688 297 689 257 689 295 689 297 690 295 690 321 690 321 691 295 691 317 691 321 692 317 692 357 692 357 693 317 693 349 693 357 694 349 694 369 694 369 695 349 695 344 695 369 696 344 696 354 696 179 697 183 697 136 697 179 698 239 698 183 698 237 699 239 699 179 699 308 700 326 700 313 700 308 701 313 701 290 701 290 702 313 702 293 702 290 703 293 703 265 703 265 704 293 704 261 704 265 705 261 705 221 705 221 706 261 706 211 706 221 707 211 707 165 707 165 708 211 708 153 708 165 709 153 709 106 709 106 710 153 710 98 710 106 711 98 711 66 711 66 712 98 712 59 712 66 713 59 713 35 713 35 714 59 714 27 714 35 715 27 715 13 715 13 716 27 716 15 716 13 717 15 717 5 717 5 718 15 718 11 718 5 719 11 719 9 719 9 720 11 720 23 720 9 721 23 721 24 721 24 722 23 722 48 722 48 723 23 723 47 723 48 724 47 724 74 724 344 725 349 725 326 725 326 726 349 726 313 726 313 727 349 727 317 727 313 728 317 728 293 728 293 729 317 729 295 729 293 730 295 730 261 730 261 731 295 731 257 731 261 732 257 732 211 732 211 733 257 733 201 733 211 734 201 734 153 734 153 735 201 735 143 735 153 736 143 736 98 736 98 737 143 737 89 737 98 738 89 738 59 738 59 739 89 739 51 739 59 740 51 740 27 740 27 741 51 741 31 741 27 742 31 742 15 742 15 743 31 743 19 743 15 744 19 744 11 744 11 745 19 745 25 745 11 746 25 746 23 746 23 747 25 747 47 747 308 748 290 748 289 748 289 749 290 749 270 749 289 750 270 750 252 750 252 751 270 751 229 751 252 752 229 752 209 752 209 753 229 753 173 753 209 754 173 754 157 754 157 755 173 755 123 755 157 756 123 756 102 756 102 757 123 757 77 757 102 758 77 758 57 758 57 759 77 759 44 759 57 760 44 760 29 760 29 761 44 761 17 761 29 762 17 762 8 762 8 763 17 763 2 763 8 764 2 764 0 764 0 765 2 765 3 765 0 766 3 766 4 766 4 767 3 767 10 767 10 768 3 768 9 768 10 769 9 769 24 769 290 770 265 770 270 770 237 771 305 771 239 771 303 772 305 772 237 772 303 773 341 773 305 773 173 774 221 774 165 774 173 775 165 775 123 775 123 776 165 776 106 776 123 777 106 777 77 777 77 778 106 778 66 778 77 779 66 779 44 779 44 780 66 780 35 780 44 781 35 781 17 781 17 782 35 782 13 782 17 783 13 783 2 783 2 784 13 784 5 784 2 785 5 785 3 785 3 786 5 786 9 786 4 787 1 787 0 787 0 788 1 788 6 788 0 789 6 789 8 789 8 790 6 790 22 790 8 791 22 791 29 791 29 792 22 792 42 792 29 793 42 793 57 793 57 794 42 794 79 794 57 795 79 795 102 795 102 796 79 796 121 796 102 797 121 797 157 797 157 798 121 798 171 798 157 799 171 799 209 799 209 800 171 800 234 800 209 801 234 801 252 801 337 802 341 802 303 802 337 803 397 803 341 803 391 804 397 804 337 804 217 805 225 805 161 805 217 806 161 806 151 806 151 807 161 807 108 807 151 808 108 808 100 808 100 809 108 809 70 809 100 810 70 810 64 810 64 811 70 811 40 811 64 812 40 812 38 812 38 813 40 813 20 813 38 814 20 814 21 814 21 815 20 815 7 815 7 816 20 816 6 816 7 817 6 817 1 817 234 818 171 818 225 818 225 819 171 819 161 819 161 820 171 820 121 820 161 821 121 821 108 821 108 822 121 822 79 822 108 823 79 823 70 823 70 824 79 824 42 824 70 825 42 825 40 825 40 826 42 826 22 826 40 827 22 827 20 827 20 828 22 828 6 828 21 829 39 829 38 829 38 830 39 830 62 830 38 831 62 831 64 831 64 832 62 832 94 832 64 833 94 833 100 833 100 834 94 834 134 834 100 835 134 835 151 835 151 836 134 836 205 836 151 837 205 837 217 837 391 838 435 838 397 838 425 839 435 839 391 839 425 840 472 840 435 840 191 841 199 841 126 841 191 842 126 842 124 842 124 843 126 843 92 843 124 844 92 844 93 844 93 845 92 845 63 845 63 846 92 846 62 846 63 847 62 847 39 847 205 848 134 848 199 848 199 849 134 849 126 849 126 850 134 850 94 850 126 851 94 851 92 851 92 852 94 852 62 852 93 853 125 853 124 853 124 854 125 854 185 854 124 855 185 855 191 855 455 856 472 856 425 856 455 857 476 857 472 857 190 858 185 858 125 858 150 859 107 859 120 859 120 860 107 860 101 860 120 861 101 861 122 861 122 862 101 862 105 862 122 863 105 863 152 863 152 864 105 864 142 864 152 865 142 865 186 865 186 866 142 866 180 866 186 867 180 867 240 867 240 868 180 868 236 868 240 869 236 869 272 869 272 870 236 870 273 870 272 871 273 871 340 871 340 872 273 872 338 872 340 873 338 873 398 873 398 874 338 874 394 874 398 875 394 875 441 875 441 876 394 876 430 876 441 877 430 877 473 877 473 878 430 878 460 878 473 879 460 879 490 879 490 880 460 880 464 880 490 881 464 881 481 881 481 882 464 882 458 882 481 883 458 883 462 883 462 884 458 884 432 884 462 885 432 885 438 885 438 886 432 886 388 886 438 887 388 887 440 887 440 888 388 888 393 888 393 889 388 889 288 889 457 890 476 890 455 890 457 891 470 891 476 891 389 892 381 892 439 892 389 893 439 893 440 893 440 894 439 894 468 894 440 895 468 895 438 895 438 896 468 896 466 896 438 897 466 897 462 897 462 898 466 898 496 898 462 899 496 899 481 899 481 900 496 900 509 900 481 901 509 901 490 901 490 902 509 902 505 902 490 903 505 903 473 903 473 904 505 904 486 904 473 905 486 905 441 905 441 906 486 906 447 906 441 907 447 907 398 907 398 908 447 908 400 908 398 909 400 909 340 909 340 910 400 910 336 910 340 911 336 911 272 911 272 912 336 912 274 912 272 913 274 913 240 913 240 914 274 914 244 914 240 915 244 915 186 915 186 916 244 916 200 916 186 917 200 917 152 917 152 918 200 918 164 918 152 919 164 919 122 919 122 920 164 920 156 920 122 921 156 921 120 921 120 922 156 922 160 922 120 923 160 923 150 923 150 924 160 924 204 924 150 925 204 925 198 925 150 926 198 926 133 926 150 927 133 927 107 927 107 928 133 928 99 928 107 929 99 929 78 929 78 930 99 930 69 930 78 931 69 931 56 931 56 932 69 932 41 932 56 933 41 933 43 933 43 934 41 934 28 934 43 935 28 935 34 935 34 936 28 936 16 936 34 937 16 937 26 937 26 938 16 938 12 938 26 939 12 939 30 939 30 940 12 940 14 940 30 941 14 941 36 941 36 942 14 942 18 942 36 943 18 943 45 943 45 944 18 944 32 944 45 945 32 945 67 945 67 946 32 946 54 946 67 947 54 947 95 947 95 948 54 948 80 948 95 949 80 949 118 949 118 950 80 950 114 950 118 951 114 951 154 951 154 952 114 952 144 952 154 953 144 953 202 953 202 954 144 954 196 954 427 955 470 955 457 955 427 956 444 956 470 956 379 957 444 957 427 957 214 958 222 958 162 958 162 959 222 959 174 959 162 960 174 960 148 960 148 961 174 961 166 961 148 962 166 962 112 962 112 963 166 963 140 963 112 964 140 964 86 964 86 965 140 965 116 965 86 966 116 966 71 966 71 967 116 967 103 967 71 968 103 968 60 968 60 969 103 969 90 969 60 970 90 970 52 970 52 971 90 971 84 971 52 972 84 972 50 972 50 973 84 973 82 973 50 974 82 974 58 974 58 975 82 975 88 975 58 976 88 976 65 976 65 977 88 977 97 977 65 978 97 978 76 978 76 979 97 979 105 979 76 980 105 980 101 980 76 981 101 981 78 981 78 982 101 982 107 982 202 983 214 983 154 983 154 984 214 984 162 984 154 985 162 985 118 985 118 986 162 986 148 986 118 987 148 987 95 987 95 988 148 988 112 988 95 989 112 989 67 989 67 990 112 990 86 990 67 991 86 991 45 991 45 992 86 992 71 992 45 993 71 993 36 993 36 994 71 994 60 994 36 995 60 995 30 995 30 996 60 996 52 996 30 997 52 997 26 997 26 998 52 998 50 998 26 999 50 999 34 999 34 1000 50 1000 58 1000 34 1001 58 1001 43 1001 43 1002 58 1002 65 1002 43 1003 65 1003 56 1003 56 1004 65 1004 76 1004 56 1005 76 1005 78 1005 105 1006 97 1006 142 1006 142 1007 97 1007 131 1007 142 1008 131 1008 180 1008 180 1009 131 1009 176 1009 180 1010 176 1010 236 1010 236 1011 176 1011 238 1011 236 1012 238 1012 273 1012 273 1013 238 1013 275 1013 273 1014 275 1014 338 1014 338 1015 275 1015 334 1015 338 1016 334 1016 394 1016 394 1017 334 1017 384 1017 394 1018 384 1018 430 1018 430 1019 384 1019 418 1019 430 1020 418 1020 460 1020 460 1021 418 1021 436 1021 460 1022 436 1022 464 1022 464 1023 436 1023 428 1023 464 1024 428 1024 458 1024 458 1025 428 1025 422 1025 458 1026 422 1026 432 1026 432 1027 422 1027 380 1027 432 1028 380 1028 388 1028 388 1029 380 1029 288 1029 379 1030 387 1030 444 1030 289 1031 392 1031 387 1031 362 1032 374 1032 414 1032 362 1033 414 1033 402 1033 402 1034 414 1034 410 1034 402 1035 410 1035 382 1035 382 1036 410 1036 408 1036 382 1037 408 1037 358 1037 358 1038 408 1038 370 1038 358 1039 370 1039 322 1039 322 1040 370 1040 330 1040 322 1041 330 1041 279 1041 279 1042 330 1042 277 1042 279 1043 277 1043 246 1043 246 1044 277 1044 242 1044 246 1045 242 1045 182 1045 182 1046 242 1046 178 1046 182 1047 178 1047 129 1047 129 1048 178 1048 127 1048 129 1049 127 1049 82 1049 82 1050 127 1050 88 1050 88 1051 127 1051 131 1051 88 1052 131 1052 97 1052 380 1053 422 1053 374 1053 374 1054 422 1054 414 1054 414 1055 422 1055 428 1055 414 1056 428 1056 410 1056 410 1057 428 1057 436 1057 410 1058 436 1058 408 1058 408 1059 436 1059 418 1059 408 1060 418 1060 370 1060 370 1061 418 1061 384 1061 370 1062 384 1062 330 1062 330 1063 384 1063 334 1063 330 1064 334 1064 277 1064 277 1065 334 1065 275 1065 277 1066 275 1066 242 1066 242 1067 275 1067 238 1067 242 1068 238 1068 178 1068 178 1069 238 1069 176 1069 178 1070 176 1070 127 1070 127 1071 176 1071 131 1071 82 1072 84 1072 129 1072 129 1073 84 1073 135 1073 129 1074 135 1074 182 1074 182 1075 135 1075 192 1075 182 1076 192 1076 246 1076 246 1077 192 1077 254 1077 246 1078 254 1078 279 1078 279 1079 254 1079 281 1079 279 1080 281 1080 322 1080 322 1081 281 1081 318 1081 322 1082 318 1082 358 1082 358 1083 318 1083 350 1083 358 1084 350 1084 382 1084 382 1085 350 1085 364 1085 382 1086 364 1086 402 1086 402 1087 364 1087 353 1087 402 1088 353 1088 362 1088 386 1089 392 1089 289 1089 386 1090 451 1090 392 1090 378 1091 451 1091 386 1091 324 1092 342 1092 346 1092 324 1093 346 1093 310 1093 310 1094 346 1094 314 1094 310 1095 314 1095 285 1095 285 1096 314 1096 283 1096 285 1097 283 1097 262 1097 262 1098 283 1098 258 1098 262 1099 258 1099 218 1099 218 1100 258 1100 206 1100 218 1101 206 1101 158 1101 158 1102 206 1102 146 1102 158 1103 146 1103 103 1103 103 1104 146 1104 90 1104 90 1105 146 1105 135 1105 90 1106 135 1106 84 1106 353 1107 364 1107 342 1107 342 1108 364 1108 346 1108 346 1109 364 1109 350 1109 346 1110 350 1110 314 1110 314 1111 350 1111 318 1111 314 1112 318 1112 283 1112 283 1113 318 1113 281 1113 283 1114 281 1114 258 1114 258 1115 281 1115 254 1115 258 1116 254 1116 206 1116 206 1117 254 1117 192 1117 206 1118 192 1118 146 1118 146 1119 192 1119 135 1119 103 1120 116 1120 158 1120 158 1121 116 1121 168 1121 158 1122 168 1122 218 1122 218 1123 168 1123 226 1123 218 1124 226 1124 262 1124 262 1125 226 1125 266 1125 262 1126 266 1126 285 1126 285 1127 266 1127 286 1127 285 1128 286 1128 310 1128 310 1129 286 1129 306 1129 310 1130 306 1130 324 1130 232 1131 250 1131 212 1131 288 1132 306 1132 286 1132 393 1133 389 1133 440 1133 268 1134 286 1134 266 1134 268 1135 266 1135 230 1135 230 1136 266 1136 226 1136 230 1137 226 1137 194 1137 194 1138 226 1138 168 1138 194 1139 168 1139 140 1139 140 1140 168 1140 116 1140 140 1141 166 1141 194 1141 194 1142 166 1142 212 1142 194 1143 212 1143 230 1143 230 1144 212 1144 250 1144 230 1145 250 1145 268 1145 568 1146 553 1146 567 1146 345 1147 327 1147 365 1147 292 1148 291 1148 271 1148 222 1149 232 1149 174 1149 174 1150 232 1150 212 1150 174 1151 212 1151 166 1151</p>
        </triangles>
      </mesh>
    </geometry>
    <geometry id="Mesh28-mesh" name="Mesh28">
      <mesh>
        <source id="Mesh28-mesh-positions">
          <float_array id="Mesh28-mesh-positions-array" count="234">295 -455.5 1536.5 295 -455.5 1569.5 295 -392.5 1536.5 295 -392.5 1569.5 295.7425 -464.9105 1569.5 295.7425 -464.9102 1536.5 298.3663 -475.3147 1536.5 298.3663 -475.3147 1569.5 301.4684 -482.5992 1569.5 301.4702 -482.604 1536.5 307.1612 -491.7148 1536.5 307.1617 -491.7154 1569.5 316.9116 -501.8605 1569.5 316.9135 -501.8618 1536.5 326.2601 -508.1691 1569.5 326.2607 -508.1695 1536.5 337.0451 -512.7505 1569.5 337.0479 -512.7514 1536.5 348.75 -515.1736 1536.5 348.75 -515.1736 1569.5 360.7 -515.2286 1569.5 360.7029 -515.2284 1536.5 372.2001 -512.9818 1569.5 372.2031 -512.981 1536.5 379.3127 -510.3535 1536.5 379.3178 -510.3513 1569.5 387.8507 -505.7079 1536.5 387.8507 -505.7079 1569.5 396.7485 -498.594 1536.5 396.7493 -498.5932 1569.5 402.3898 -492.2995 1536.5 402.3898 -492.2995 1569.5 408.95 -481.7564 1536.5 408.95 -481.7564 1569.5 413.6979 -467.932 1536.5 413.6979 -467.932 1536.5 413.6979 -467.932 1569.5 413.6979 -467.932 1569.5 415 -468 1536.5 415 -468 1569.5 415 -443 1536.5 415 -443 1536.5 415 -443 1569.5 415 -443 1569.5 415 -392.5 1536.5 415 -392.5 1569.5 418.0769 -467.6154 1569.5 418.0769 -443.3846 1536.5 418.0769 -443.3846 1569.5 418.0781 -467.6152 1536.5 420.4027 -466.7721 1536.5 420.4028 -466.7722 1569.5 420.7022 -444.3764 1536.5 420.7022 -444.3764 1569.5 421.6043 -466.1129 1536.5 421.6043 -466.1129 1569.5 422.5 -445.5 1536.5 422.5 -445.5 1569.5 423.3763 -464.7784 1536.5 423.3764 -464.7784 1569.5 424.2157 -447.0547 1536.5 424.2158 -447.055 1569.5 425 -463 1536.5 425.0002 -463 1569.5 425.7092 -449.053 1536.5 425.7092 -449.053 1569.5 426.3234 -460.7946 1569.5 426.3235 -460.7941 1536.5 426.504 -450.6104 1536.5 426.504 -450.6104 1569.5 427.0868 -458.6878 1569.5 427.0869 -458.6872 1536.5 427.1951 -452.7561 1569.5 427.1952 -452.7561 1536.5 427.4231 -456.8846 1536.5 427.4231 -456.8846 1569.5 427.4658 -454.5753 1536.5 427.4658 -454.5753 1569.5</float_array>
          <technique_common>
            <accessor source="#Mesh28-mesh-positions-array" count="78" stride="3">
              <param name="X" type="float"/>
              <param name="Y" type="float"/>
              <param name="Z" type="float"/>
            </accessor>
          </technique_common>
        </source>
        <source id="Mesh28-mesh-normals">
          <float_array id="Mesh28-mesh-normals-array" count="207">1 0 0 -0.05212432 -0.9986406 0 -1 0 0 -0.996902 -0.07865494 0 -0.3909489 -0.9204125 3.66388e-6 -0.3909772 -0.9204004 -5.05093e-6 -0.2027198 -0.9792369 1.23789e-5 0.4809868 -0.8767279 0 0.601557 -0.79883 0 0.6015955 -0.7988011 -1.66756e-6 0.7384693 -0.6742871 -3.07209e-6 0.7384938 -0.6742603 -4.60829e-6 0.8574995 -0.5144848 -4.3148e-6 0.8575077 -0.5144712 -5.75188e-6 0.9401761 -0.3406889 -3.3015e-6 0.9401815 -0.3406741 -2.47602e-6 0.9830502 -0.1833372 -1.00832e-6 0.9830513 -0.1833316 0 0.9998289 -0.01850122 0 0.9998294 -0.01847547 0 0.9891083 0.14719 0 0.9891175 0.1471282 2.76549e-6 0.951853 0.3065547 2.46142e-6 0.9518383 0.3066004 0 0.8907089 0.4545744 0 0.8906951 0.4546012 0 0.8009841 0.5986857 0 0.8010081 0.5986536 5.93102e-6 0.6715286 0.7409786 6.38973e-6 0.6714861 0.7410172 0 0.5299864 0.8480061 0 0.5299839 0.8480077 0 0.3534151 0.9354667 0 0.3534221 0.935464 0 0.1240242 0.9922792 0 0.1240265 0.992279 0 0.9457746 -0.3248235 0 0.945776 -0.3248199 0 0.8490562 -0.5283026 0 0.7446915 -0.6674089 0 0.7446931 -0.6674071 0 0.6244593 -0.7810574 2.59767e-6 0.6244708 -0.7810482 0 0.4779406 -0.8783922 0 0.4779915 -0.8783645 -1.52313e-5 0.3466577 -0.9379918 9.76066e-6 0.3466585 -0.9379914 7.79963e-6 0.1917913 -0.9814357 -2.52546e-6 0.1917443 -0.981445 7.57658e-6 -0.004585385 -0.9999895 -2.47576e-6 -0.004601836 -0.9999895 0 -0.2026883 -0.9792434 0 0.481059 -0.8766883 -2.69903e-6 0.3409516 -0.940081 -2.99191e-6 0.3408226 -0.9401277 2.99038e-6 -0.5593729 -0.8289163 2.62432e-6 -0.5593709 -0.8289175 0 -0.7209907 -0.6929448 -1.47189e-5 -0.7210122 -0.6929224 -2.10316e-6 -0.8481329 -0.5297835 2.75484e-6 -0.8481811 -0.5297064 3.16635e-5 -0.9200591 -0.3917796 7.47044e-6 -0.9200497 -0.3918017 0 -0.9696431 -0.2445247 0 -0.9696411 -0.2445325 -2.75797e-6 -0.9969018 -0.07865738 -7.83752e-7 0.1240559 -0.9922753 0 0.1240347 -0.992278 0 -0.05212199 -0.9986407 0</float_array>
          <technique_common>
            <accessor source="#Mesh28-mesh-normals-array" count="69" stride="3">
              <param name="X" type="float"/>
              <param name="Y" type="float"/>
              <param name="Z" type="float"/>
            </accessor>
          </technique_common>
        </source>
        <vertices id="Mesh28-mesh-vertices">
          <input semantic="POSITION" source="#Mesh28-mesh-positions"/>
        </vertices>
        <triangles material="Material_5-material" count="72">
          <input semantic="VERTEX" source="#Mesh28-mesh-vertices" offset="0"/>
          <input semantic="NORMAL" source="#Mesh28-mesh-normals" offset="1"/>
          <p>45 0 42 0 44 0 44 0 42 0 40 0 34 1 38 1 36 1 0 2 3 2 2 2 0 2 1 2 3 2 0 3 4 3 1 3 17 4 14 4 15 4 17 5 16 5 14 5 17 6 19 6 16 6 55 7 50 7 54 7 55 8 54 8 59 8 59 9 54 9 58 9 59 10 58 10 63 10 63 11 58 11 62 11 63 12 62 12 66 12 66 13 62 13 67 13 66 14 67 14 70 14 70 15 67 15 71 15 70 16 71 16 75 16 75 17 71 17 74 17 75 18 74 18 77 18 77 19 74 19 76 19 77 20 76 20 72 20 72 21 76 21 73 21 72 22 73 22 69 22 69 23 73 23 68 23 69 24 68 24 65 24 65 25 68 25 64 25 65 26 64 26 61 26 61 27 64 27 60 27 61 28 60 28 57 28 57 29 60 29 56 29 57 30 56 30 53 30 53 31 56 31 52 31 53 32 52 32 48 32 48 33 52 33 47 33 48 34 47 34 43 34 43 35 47 35 41 35 35 36 37 36 32 36 32 37 37 37 33 37 32 38 33 38 30 38 30 38 33 38 31 38 30 39 31 39 28 39 28 40 31 40 29 40 28 41 29 41 26 41 26 42 29 42 27 42 26 43 27 43 24 43 24 44 27 44 25 44 24 45 25 45 23 45 23 46 25 46 22 46 23 47 22 47 21 47 21 48 22 48 20 48 21 49 20 49 18 49 18 50 20 50 19 50 18 51 19 51 17 51 51 52 50 52 55 52 51 53 49 53 50 53 46 54 49 54 51 54 15 55 14 55 13 55 13 56 14 56 12 56 13 57 12 57 10 57 10 58 12 58 11 58 10 59 11 59 9 59 9 60 11 60 8 60 9 61 8 61 6 61 6 62 8 62 7 62 6 63 7 63 5 63 5 64 7 64 4 64 5 65 4 65 0 65 46 66 38 66 49 66 39 67 38 67 46 67 36 68 38 68 39 68</p>
        </triangles>
      </mesh>
    </geometry>
    <geometry id="Mesh27-mesh" name="Mesh27">
      <mesh>
        <source id="Mesh27-mesh-positions">
          <float_array id="Mesh27-mesh-positions-array" count="213">295 -455.5 1569.5 295 -392.5 1569.5 295.7425 -464.9105 1569.5 298.3663 -475.3147 1569.5 301.4684 -482.5992 1569.5 307.1617 -491.7154 1569.5 312.6165 -452.3561 1569.5 312.7612 -460.2088 1569.5 313.5366 -446.1707 1569.5 313.9047 -466.3364 1569.5 315.8866 -438.875 1569.5 316.5006 -473.5018 1569.5 316.9116 -501.8605 1569.5 318.5908 -433.5764 1569.5 320.9995 -480.9999 1569.5 323.6667 -426.7859 1569.5 326.2601 -508.1691 1569.5 326.5206 -487.0464 1569.5 329.5011 -421.4988 1569.5 332.5454 -491.584 1569.5 335.6124 -417.6797 1569.5 336.6306 -493.8251 1569.5 337.0451 -512.7505 1569.5 344.5379 -496.6925 1569.5 344.5385 -414.3077 1569.5 348.75 -515.1736 1569.5 355 -498 1569.5 355 -413 1569.5 360.7 -515.2286 1569.5 365.4615 -496.6923 1569.5 365.4621 -414.3075 1569.5 372.2001 -512.9818 1569.5 373.3694 -417.1749 1569.5 374.3876 -493.3203 1569.5 377.4529 -419.4151 1569.5 379.3178 -510.3513 1569.5 380.5 -489.5 1569.5 383.4794 -423.9536 1569.5 386.3338 -484.2131 1569.5 387.8507 -505.7079 1569.5 389 -430 1569.5 391.4112 -477.4198 1569.5 393.4994 -437.4982 1569.5 394.1134 -472.125 1569.5 396.0953 -444.6636 1569.5 396.4648 -464.8237 1569.5 396.7493 -498.5932 1569.5 397.2388 -450.7912 1569.5 397.3835 -458.6439 1569.5 402.3898 -492.2995 1569.5 408.95 -481.7564 1569.5 413.6979 -467.932 1569.5 415 -468 1569.5 415 -443 1569.5 415 -392.5 1569.5 418.0769 -467.6154 1569.5 418.0769 -443.3846 1569.5 420.4028 -466.7722 1569.5 420.7022 -444.3764 1569.5 421.6043 -466.1129 1569.5 422.5 -445.5 1569.5 423.3764 -464.7784 1569.5 424.2158 -447.055 1569.5 425.0002 -463 1569.5 425.7092 -449.053 1569.5 426.3234 -460.7946 1569.5 426.504 -450.6104 1569.5 427.0868 -458.6878 1569.5 427.1951 -452.7561 1569.5 427.4231 -456.8846 1569.5 427.4658 -454.5753 1569.5</float_array>
          <technique_common>
            <accessor source="#Mesh27-mesh-positions-array" count="71" stride="3">
              <param name="X" type="float"/>
              <param name="Y" type="float"/>
              <param name="Z" type="float"/>
            </accessor>
          </technique_common>
        </source>
        <source id="Mesh27-mesh-normals">
          <float_array id="Mesh27-mesh-normals-array" count="105">0 0 1 4.44018e-6 0 1 -1.07429e-4 0 1 -5.58726e-6 0 1 2.39699e-5 0 1 8.23891e-6 0 1 6.57791e-6 0 1 -3.10527e-6 0 1 3.58968e-6 0 1 1.00016e-5 0 1 -8.09969e-6 0 1 1.26424e-5 0 1 -5.55492e-6 0 1 -1.72364e-5 0 1 2.97231e-5 0 1 -3.99301e-5 0 1 5.96755e-6 0 1 1.0312e-5 0 1 -1.85165e-5 0 1 -7.09079e-6 0 1 -1.03432e-5 0 1 1.36743e-5 0 1 4.03672e-6 0 1 1.96186e-5 0 1 -1.52062e-5 0 1 -2.98317e-5 0 1 -2.72439e-6 0 1 -5.79062e-6 0 1 1.58875e-5 0 1 -4.56002e-5 0 1 5.42719e-5 0 1 -7.67313e-5 0 1 2.57775e-5 0 1 -3.4062e-5 0 1 8.53006e-5 0 1</float_array>
          <technique_common>
            <accessor source="#Mesh27-mesh-normals-array" count="35" stride="3">
              <param name="X" type="float"/>
              <param name="Y" type="float"/>
              <param name="Z" type="float"/>
            </accessor>
          </technique_common>
        </source>
        <vertices id="Mesh27-mesh-vertices">
          <input semantic="POSITION" source="#Mesh27-mesh-positions"/>
        </vertices>
        <triangles material="Material_5-material" count="71">
          <input semantic="VERTEX" source="#Mesh27-mesh-vertices" offset="0"/>
          <input semantic="NORMAL" source="#Mesh27-mesh-normals" offset="1"/>
          <p>38 0 36 0 46 0 28 0 31 0 25 0 25 1 31 1 22 1 51 0 46 0 50 0 50 2 46 2 49 2 39 0 46 0 35 0 35 3 46 3 36 3 46 0 41 0 38 0 46 0 43 0 41 0 46 4 45 4 43 4 51 0 45 0 46 0 22 5 26 5 23 5 22 6 23 6 21 6 22 0 21 0 16 0 53 0 40 0 42 0 53 0 37 0 40 0 53 0 34 0 37 0 54 0 34 0 53 0 54 0 32 0 34 0 54 7 30 7 32 7 1 0 30 0 54 0 1 8 27 8 30 8 1 9 24 9 27 9 1 10 20 10 24 10 1 11 18 11 20 11 1 12 15 12 18 12 0 0 7 0 6 0 0 0 6 0 8 0 0 13 8 13 10 13 0 14 10 14 13 14 0 15 13 15 15 15 0 0 15 0 1 0 2 16 7 16 0 16 3 17 7 17 2 17 3 18 9 18 7 18 3 0 11 0 9 0 4 19 11 19 3 19 5 20 11 20 4 20 5 0 14 0 11 0 5 21 17 21 14 21 12 22 17 22 5 22 16 23 17 23 12 23 16 24 19 24 17 24 16 25 21 25 19 25 53 0 42 0 44 0 53 0 44 0 47 0 53 0 47 0 51 0 51 0 47 0 48 0 51 0 48 0 45 0 31 0 26 0 22 0 31 26 29 26 26 26 35 0 29 0 31 0 35 27 33 27 29 27 35 28 36 28 33 28 52 0 55 0 51 0 51 0 55 0 57 0 51 0 57 0 53 0 53 29 57 29 59 29 53 0 59 0 56 0 56 30 59 30 61 30 56 31 61 31 58 31 58 32 61 32 63 32 58 0 63 0 60 0 60 33 63 33 65 33 60 0 65 0 62 0 62 0 65 0 67 0 62 0 67 0 64 0 64 34 67 34 69 34 64 0 69 0 66 0 66 0 69 0 70 0 66 0 70 0 68 0</p>
        </triangles>
      </mesh>
    </geometry>
    <geometry id="Mesh26-mesh" name="Mesh26">
      <mesh>
        <source id="Mesh26-mesh-positions">
          <float_array id="Mesh26-mesh-positions-array" count="234">295 -456 855.5 295 -456 888.5 295 -393 855.5 295 -393 888.5 295.7425 -465.4105 888.5 295.7425 -465.4102 855.5 298.3663 -475.8147 855.5 298.3665 -475.8157 888.5 301.4684 -483.1003 888.5 301.4684 -483.0992 855.5 307.1612 -492.2148 855.5 307.1617 -492.2154 888.5 316.9116 -502.3605 855.5 316.9135 -502.3618 888.5 326.2601 -508.6691 888.5 326.2607 -508.6695 855.5 337.0451 -513.2505 855.5 337.0479 -513.2514 888.5 348.75 -515.6736 855.5 348.75 -515.6736 888.5 360.7 -515.7286 855.5 360.7 -515.7286 888.5 372.2001 -513.4818 855.5 372.2024 -513.4813 888.5 379.3127 -510.8535 855.5 379.3178 -510.8513 888.5 387.8507 -506.2079 855.5 387.8507 -506.2079 888.5 396.7485 -499.094 855.5 396.7493 -499.0932 888.5 402.3898 -492.7995 855.5 402.3898 -492.7995 888.5 408.95 -482.2564 888.5 408.9501 -482.2572 855.5 413.6979 -468.432 855.5 413.6979 -468.432 855.5 413.6979 -468.432 888.5 413.6979 -468.432 888.5 415 -468.5 855.5 415 -468.5 888.5 415 -443.5 855.5 415 -443.5 855.5 415 -443.5 888.5 415 -443.5 888.5 415 -393 855.5 415 -393 888.5 418.0769 -468.1154 855.5 418.0769 -443.8846 888.5 418.0771 -468.1154 888.5 418.0771 -443.8846 855.5 420.4027 -467.2721 888.5 420.4033 -467.272 855.5 420.7022 -444.8764 888.5 420.7022 -444.8763 855.5 421.6043 -466.6129 855.5 421.6043 -466.6129 888.5 422.4997 -445.9996 855.5 422.4997 -445.9996 888.5 423.3763 -465.2784 855.5 423.3763 -465.2784 888.5 424.2157 -447.5547 855.5 424.2157 -447.5547 888.5 425 -463.5 855.5 425.0002 -463.5 888.5 425.7092 -449.553 888.5 425.7093 -449.553 855.5 426.3234 -461.2946 888.5 426.3241 -461.2932 855.5 426.5039 -451.1103 855.5 426.504 -451.1104 888.5 427.0868 -459.1878 888.5 427.0869 -459.1872 855.5 427.1951 -453.2561 855.5 427.1951 -453.2561 888.5 427.4231 -457.3846 855.5 427.4231 -457.3846 888.5 427.4658 -455.0753 855.5 427.4658 -455.0753 888.5</float_array>
          <technique_common>
            <accessor source="#Mesh26-mesh-positions-array" count="78" stride="3">
              <param name="X" type="float"/>
              <param name="Y" type="float"/>
              <param name="Z" type="float"/>
            </accessor>
          </technique_common>
        </source>
        <source id="Mesh26-mesh-normals">
          <float_array id="Mesh26-mesh-normals-array" count="210">1 0 0 -0.05212432 -0.9986406 0 -1 0 0 -0.9969019 -0.07865542 0 -0.3909694 -0.9204038 5.1644e-6 -0.3909574 -0.9204089 5.04964e-6 -0.2026914 -0.9792427 -1.23818e-5 0.4811358 -0.8766461 0 0.6015826 -0.7988106 0 0.6015955 -0.7988011 0 0.7384448 -0.674314 0 0.7384938 -0.6742603 -3.07219e-6 0.8574988 -0.5144861 -4.31481e-6 0.8574911 -0.5144987 -2.87468e-6 0.9401854 -0.3406634 5.77765e-6 0.9402186 -0.3405717 -4.12866e-6 0.9830502 -0.1833372 -1.00832e-6 0.9830513 -0.1833316 0 0.9998289 -0.01850122 0 0.9998294 -0.01847553 0 0.9891082 0.1471906 0 0.9891129 0.1471592 0 0.9518458 0.3065776 0 0.9518417 0.3065899 -3.2817e-6 0.8906961 0.4545995 -4.23119e-6 0.8907403 0.4545126 2.11582e-6 0.8010205 0.5986369 1.48277e-6 0.8009864 0.5986825 0 0.6715046 0.7410005 0 0.6715173 0.740989 0 0.5299124 0.8480525 0 0.5299538 0.8480265 1.74514e-6 0.3534139 0.9354671 2.63619e-6 0.3534038 0.9354709 2.63644e-6 0.1240236 0.9922794 2.38584e-6 0.1240189 0.9922799 0 0.9457831 -0.3247989 0 0.945776 -0.3248199 1.11351e-5 0.849032 -0.5283415 1.54914e-5 0.8490562 -0.5283026 0 0.7446931 -0.6674071 0 0.7446947 -0.6674054 0 0.6244578 -0.7810587 2.59768e-6 0.6244692 -0.7810496 0 0.4779406 -0.8783922 0 0.477988 -0.8783664 -1.52313e-5 0.3466209 -0.9380053 9.75666e-6 0.3466922 -0.937979 -7.80206e-6 0.1917449 -0.9814449 5.05105e-6 0.1917528 -0.9814433 0 -0.004601776 -0.9999895 0 -0.004601836 -0.9999895 0 -0.2027167 -0.9792375 0 0.4809868 -0.8767279 5.39804e-6 0.3408181 -0.9401293 5.97955e-6 0.3408876 -0.940104 0 -0.5593743 -0.8289152 2.62378e-6 -0.5593731 -0.8289161 -2.62446e-6 -0.7210136 -0.6929211 1.47213e-5 -0.7209873 -0.6929484 -2.10281e-6 -0.8481854 -0.5296994 2.75354e-6 -0.8481508 -0.5297549 -1.78982e-5 -0.9200492 -0.3918031 -1.30818e-5 -0.9200595 -0.3917787 -6.54086e-6 -0.9696444 -0.2445195 -2.06841e-6 -0.9696415 -0.244531 -2.7577e-6 -0.9969018 -0.07865738 -7.83752e-7 0.1240335 -0.9922781 -2.38583e-6 0.1240289 -0.9922786 0 -0.05212199 -0.9986407 0</float_array>
          <technique_common>
            <accessor source="#Mesh26-mesh-normals-array" count="70" stride="3">
              <param name="X" type="float"/>
              <param name="Y" type="float"/>
              <param name="Z" type="float"/>
            </accessor>
          </technique_common>
        </source>
        <vertices id="Mesh26-mesh-vertices">
          <input semantic="POSITION" source="#Mesh26-mesh-positions"/>
        </vertices>
        <triangles material="Material_5-material" count="72">
          <input semantic="VERTEX" source="#Mesh26-mesh-vertices" offset="0"/>
          <input semantic="NORMAL" source="#Mesh26-mesh-normals" offset="1"/>
          <p>45 0 42 0 44 0 44 0 42 0 40 0 34 1 38 1 36 1 0 2 3 2 2 2 0 2 1 2 3 2 0 3 4 3 1 3 16 4 14 4 15 4 16 5 17 5 14 5 16 6 19 6 17 6 55 7 51 7 54 7 55 8 54 8 59 8 59 9 54 9 58 9 59 10 58 10 63 10 63 11 58 11 62 11 63 12 62 12 66 12 66 13 62 13 67 13 66 14 67 14 70 14 70 15 67 15 71 15 70 16 71 16 75 16 75 17 71 17 74 17 75 18 74 18 77 18 77 19 74 19 76 19 77 20 76 20 73 20 73 21 76 21 72 21 73 22 72 22 69 22 69 23 72 23 68 23 69 24 68 24 64 24 64 25 68 25 65 25 64 26 65 26 61 26 61 27 65 27 60 27 61 28 60 28 57 28 57 29 60 29 56 29 57 30 56 30 52 30 52 31 56 31 53 31 52 32 53 32 47 32 47 33 53 33 49 33 47 34 49 34 43 34 43 35 49 35 41 35 35 36 37 36 33 36 33 37 37 37 32 37 33 38 32 38 30 38 30 39 32 39 31 39 30 40 31 40 28 40 28 41 31 41 29 41 28 42 29 42 26 42 26 43 29 43 27 43 26 44 27 44 24 44 24 45 27 45 25 45 24 46 25 46 22 46 22 47 25 47 23 47 22 48 23 48 20 48 20 49 23 49 21 49 20 50 21 50 18 50 18 51 21 51 19 51 18 52 19 52 16 52 50 53 51 53 55 53 50 54 46 54 51 54 48 55 46 55 50 55 15 56 14 56 12 56 12 57 14 57 13 57 12 58 13 58 10 58 10 59 13 59 11 59 10 60 11 60 9 60 9 61 11 61 8 61 9 62 8 62 6 62 6 63 8 63 7 63 6 64 7 64 5 64 5 65 7 65 4 65 5 66 4 66 0 66 48 67 38 67 46 67 39 68 38 68 48 68 36 69 38 69 39 69</p>
        </triangles>
      </mesh>
    </geometry>
    <geometry id="Mesh25-mesh" name="Mesh25">
      <mesh>
        <source id="Mesh25-mesh-positions">
          <float_array id="Mesh25-mesh-positions-array" count="213">295 -456 888.5 295 -393 888.5 295.7425 -465.4105 888.5 298.3665 -475.8157 888.5 301.4684 -483.1003 888.5 307.1617 -492.2154 888.5 312.6158 -452.8594 888.5 312.7612 -460.7088 888.5 313.5352 -446.6763 888.5 313.9047 -466.8364 888.5 315.8866 -439.375 888.5 316.5 -474 888.5 316.9135 -502.3618 888.5 318.5908 -434.0764 888.5 320.9995 -481.4999 888.5 323.6667 -427.2859 888.5 326.2601 -508.6691 888.5 326.5206 -487.5464 888.5 329.5011 -421.9988 888.5 332.5454 -492.084 888.5 335.6124 -418.1797 888.5 336.6306 -494.3251 888.5 337.0479 -513.2514 888.5 344.5345 -414.8084 888.5 344.5384 -497.1923 888.5 348.75 -515.6736 888.5 355 -498.5 888.5 355 -413.5 888.5 360.7 -515.7286 888.5 365.4616 -414.8077 888.5 365.4655 -497.1916 888.5 372.2024 -513.4813 888.5 373.3694 -417.6749 888.5 374.3876 -493.8203 888.5 377.4529 -419.9151 888.5 379.3178 -510.8513 888.5 380.4989 -490.0012 888.5 383.4794 -424.4536 888.5 386.3338 -484.7131 888.5 387.8507 -506.2079 888.5 389 -430.5 888.5 391.4092 -477.9236 888.5 393.4994 -437.9982 888.5 394.1134 -472.625 888.5 396.0953 -445.1636 888.5 396.4648 -465.3237 888.5 396.7493 -499.0932 888.5 397.2385 -451.2924 888.5 397.3842 -459.1406 888.5 402.3898 -492.7995 888.5 408.9551 -482.2469 888.5 413.6979 -468.432 888.5 415 -468.5 888.5 415 -443.5 888.5 415 -393 888.5 418.0769 -443.8846 888.5 418.0771 -468.1154 888.5 420.4027 -467.2721 888.5 420.7022 -444.8764 888.5 421.6043 -466.6129 888.5 422.4997 -445.9996 888.5 423.3763 -465.2784 888.5 424.2157 -447.5547 888.5 425.0002 -463.5 888.5 425.7092 -449.553 888.5 426.3234 -461.2946 888.5 426.504 -451.1104 888.5 427.0868 -459.1878 888.5 427.1951 -453.2561 888.5 427.4231 -457.3846 888.5 427.4658 -455.0753 888.5</float_array>
          <technique_common>
            <accessor source="#Mesh25-mesh-positions-array" count="71" stride="3">
              <param name="X" type="float"/>
              <param name="Y" type="float"/>
              <param name="Z" type="float"/>
            </accessor>
          </technique_common>
        </source>
        <source id="Mesh25-mesh-normals">
          <float_array id="Mesh25-mesh-normals-array" count="102">0 0 1 5.03651e-5 0 1 -5.36524e-5 0 1 2.22041e-6 0 1 8.94953e-6 0 1 3.28876e-6 0 1 2.74626e-6 0 1 -6.79581e-6 0 1 -1.48613e-5 0 1 3.99321e-5 0 1 -5.55494e-6 0 1 3.16055e-6 0 1 -1.35044e-6 0 1 2.49935e-6 0 1 -1.43609e-5 0 1 1.08683e-5 0 1 -7.54996e-6 0 1 3.45411e-5 0 1 -1.143e-5 0 1 2.28323e-5 0 1 -8.29244e-6 0 1 -5.96762e-6 0 1 -7.94534e-6 0 1 2.89654e-6 0 1 -1.46164e-5 0 1 4.08506e-6 0 1 -5.31794e-6 0 1 -7.59945e-5 0 1 5.6962e-5 0 1 -4.34202e-5 0 1 7.67309e-5 0 1 -6.8175e-5 0 1 -2.55454e-5 0 1 3.27058e-5 0 1</float_array>
          <technique_common>
            <accessor source="#Mesh25-mesh-normals-array" count="34" stride="3">
              <param name="X" type="float"/>
              <param name="Y" type="float"/>
              <param name="Z" type="float"/>
            </accessor>
          </technique_common>
        </source>
        <vertices id="Mesh25-mesh-vertices">
          <input semantic="POSITION" source="#Mesh25-mesh-positions"/>
        </vertices>
        <triangles material="Material_5-material" count="71">
          <input semantic="VERTEX" source="#Mesh25-mesh-vertices" offset="0"/>
          <input semantic="NORMAL" source="#Mesh25-mesh-normals" offset="1"/>
          <p>19 0 17 0 16 0 35 1 39 1 46 1 51 0 46 0 50 0 50 2 46 2 49 2 22 0 25 0 31 0 31 3 25 3 28 3 12 0 16 0 5 0 5 0 16 0 17 0 16 4 21 4 19 4 22 0 21 0 16 0 22 5 24 5 21 5 22 6 26 6 24 6 46 0 36 0 35 0 46 0 38 0 36 0 46 7 41 7 38 7 0 0 7 0 6 0 0 0 6 0 8 0 0 0 8 0 10 0 0 8 10 8 13 8 0 9 13 9 15 9 0 0 15 0 1 0 1 10 15 10 18 10 1 11 18 11 20 11 1 12 20 12 23 12 1 13 23 13 27 13 1 14 27 14 29 14 1 0 29 0 54 0 54 15 29 15 32 15 54 16 32 16 34 16 54 0 34 0 53 0 53 17 34 17 37 17 53 18 37 18 40 18 53 0 40 0 42 0 46 19 43 19 41 19 46 0 45 0 43 0 51 0 45 0 46 0 51 0 47 0 48 0 51 0 48 0 45 0 53 0 47 0 51 0 53 20 44 20 47 20 53 0 42 0 44 0 2 21 7 21 0 21 3 0 7 0 2 0 3 0 9 0 7 0 35 22 36 22 33 22 35 23 33 23 30 23 35 24 30 24 31 24 31 25 30 25 26 25 31 0 26 0 22 0 3 0 11 0 9 0 4 26 11 26 3 26 5 0 11 0 4 0 5 0 14 0 11 0 5 0 17 0 14 0 52 0 56 0 51 0 51 0 56 0 57 0 51 0 57 0 53 0 53 27 57 27 59 27 53 28 59 28 55 28 55 29 59 29 61 29 55 30 61 30 58 30 58 0 61 0 63 0 58 31 63 31 60 31 60 32 63 32 65 32 60 0 65 0 62 0 62 33 65 33 67 33 62 0 67 0 64 0 64 0 67 0 69 0 64 0 69 0 66 0 66 0 69 0 70 0 66 0 70 0 68 0</p>
        </triangles>
      </mesh>
    </geometry>
    <geometry id="Mesh24-mesh" name="Mesh24">
      <mesh>
        <source id="Mesh24-mesh-positions">
          <float_array id="Mesh24-mesh-positions-array" count="213">295 -456 855.5 295 -393 855.5 295.7425 -465.4102 855.5 298.3663 -475.8147 855.5 301.4684 -483.0992 855.5 307.1612 -492.2148 855.5 312.6158 -452.8588 855.5 312.7613 -460.7097 855.5 313.5365 -446.6707 855.5 313.9044 -466.8365 855.5 315.8865 -439.3752 855.5 316.5 -474 855.5 316.9116 -502.3605 855.5 318.5888 -434.0802 855.5 321 -481.5 855.5 323.6667 -427.2859 855.5 326.2607 -508.6695 855.5 326.5212 -487.5474 855.5 329.5011 -421.9988 855.5 332.5471 -492.0849 855.5 335.6124 -418.1792 855.5 336.6289 -494.3247 855.5 337.0451 -513.2505 855.5 344.5344 -497.1916 855.5 344.538 -414.8075 855.5 348.75 -515.6736 855.5 355 -498.5 855.5 355 -413.5 855.5 360.7 -515.7286 855.5 365.462 -497.1925 855.5 365.4656 -414.8084 855.5 372.2001 -513.4818 855.5 373.3694 -417.6749 855.5 374.3876 -493.8203 855.5 377.4529 -419.9151 855.5 379.3127 -510.8535 855.5 380.5 -490 855.5 383.4788 -424.4526 855.5 386.3333 -484.7141 855.5 387.8507 -506.2079 855.5 389.0026 -430.503 855.5 391.4115 -477.9198 855.5 393.5 -438 855.5 394.1134 -472.625 855.5 396.0953 -445.1636 855.5 396.4635 -465.3293 855.5 396.7485 -499.094 855.5 397.2387 -451.2903 855.5 397.3835 -459.1439 855.5 402.3898 -492.7995 855.5 408.9501 -482.2572 855.5 413.6979 -468.432 855.5 415 -468.5 855.5 415 -443.5 855.5 415 -393 855.5 418.0769 -468.1154 855.5 418.0771 -443.8846 855.5 420.4033 -467.272 855.5 420.7022 -444.8763 855.5 421.6043 -466.6129 855.5 422.4997 -445.9996 855.5 423.3763 -465.2784 855.5 424.2157 -447.5547 855.5 425 -463.5 855.5 425.7093 -449.553 855.5 426.3241 -461.2932 855.5 426.5039 -451.1103 855.5 427.0869 -459.1872 855.5 427.1951 -453.2561 855.5 427.4231 -457.3846 855.5 427.4658 -455.0753 855.5</float_array>
          <technique_common>
            <accessor source="#Mesh24-mesh-positions-array" count="71" stride="3">
              <param name="X" type="float"/>
              <param name="Y" type="float"/>
              <param name="Z" type="float"/>
            </accessor>
          </technique_common>
        </source>
        <source id="Mesh24-mesh-normals">
          <float_array id="Mesh24-mesh-normals-array" count="111">-3.97205e-6 0 -1 5.37201e-5 0 -1 -2.34522e-4 0 -1 -4.29849e-5 0 -1 0 0 -1 8.1731e-6 0 -1 9.33774e-6 0 -1 -1.94649e-6 0 -1 -8.92192e-6 0 -1 -6.46708e-6 0 -1 -7.15702e-6 0 -1 -2.99032e-6 0 -1 7.60199e-6 0 -1 -7.43778e-6 0 -1 -1.25619e-5 0 -1 -3.33389e-6 0 -1 4.0502e-6 0 -1 3.16038e-6 0 -1 -5.55494e-6 0 -1 1.99448e-5 0 -1 1.48713e-5 0 -1 -8.61857e-6 0 -1 1.16188e-5 0 -1 8.90668e-6 0 -1 1.55324e-6 0 -1 -2.51665e-6 0 -1 -6.83639e-6 0 -1 8.64244e-5 0 -1 -6.82296e-6 0 -1 -2.257e-6 0 -1 -2.33318e-4 0 -1 1.01112e-4 0 -1 -2.76398e-5 0 -1 6.25773e-6 0 -1 -2.30089e-6 0 -1 -1.39185e-6 0 -1 -5.79082e-6 0 -1</float_array>
          <technique_common>
            <accessor source="#Mesh24-mesh-normals-array" count="37" stride="3">
              <param name="X" type="float"/>
              <param name="Y" type="float"/>
              <param name="Z" type="float"/>
            </accessor>
          </technique_common>
        </source>
        <vertices id="Mesh24-mesh-vertices">
          <input semantic="POSITION" source="#Mesh24-mesh-positions"/>
        </vertices>
        <triangles material="Material_5-material" count="71">
          <input semantic="VERTEX" source="#Mesh24-mesh-vertices" offset="0"/>
          <input semantic="NORMAL" source="#Mesh24-mesh-normals" offset="1"/>
          <p>35 0 33 0 36 0 50 1 49 1 46 1 59 2 57 2 55 2 55 3 52 3 51 3 39 4 35 4 46 4 31 4 29 4 35 4 31 5 26 5 29 5 23 4 26 4 31 4 50 4 38 4 41 4 50 6 41 6 43 6 50 7 43 7 51 7 51 4 43 4 45 4 51 8 45 8 48 8 51 4 48 4 47 4 22 9 28 9 25 9 53 4 47 4 44 4 53 4 44 4 42 4 53 10 42 10 40 10 22 11 31 11 28 11 16 12 17 12 19 12 4 13 9 13 11 13 3 4 9 4 4 4 2 4 9 4 3 4 54 4 30 4 1 4 1 14 30 14 27 14 1 15 27 15 24 15 1 16 24 16 20 16 1 17 20 17 18 17 1 18 18 18 15 18 1 4 15 4 0 4 0 19 15 19 13 19 0 20 13 20 10 20 0 21 10 21 8 21 0 4 8 4 6 4 0 22 6 22 2 22 2 4 6 4 7 4 2 23 7 23 9 23 54 24 32 24 30 24 54 25 34 25 32 25 53 4 34 4 54 4 4 4 11 4 14 4 4 4 14 4 5 4 5 26 14 26 17 26 5 4 17 4 12 4 12 4 17 4 16 4 53 27 37 27 34 27 16 4 19 4 21 4 16 28 21 28 23 28 16 4 23 4 22 4 22 4 23 4 31 4 53 4 40 4 37 4 51 29 47 29 53 29 69 4 67 4 70 4 70 4 67 4 68 4 68 4 67 4 65 4 68 4 65 4 66 4 66 30 65 30 64 30 64 31 65 31 63 31 64 4 63 4 62 4 62 4 63 4 61 4 62 4 61 4 60 4 60 32 61 32 59 32 60 4 59 4 58 4 58 33 59 33 55 33 58 4 55 4 56 4 56 34 55 34 51 34 56 4 51 4 53 4 46 35 38 35 50 35 46 4 36 4 38 4 46 4 35 4 36 4 35 36 29 36 33 36</p>
        </triangles>
      </mesh>
    </geometry>
    <geometry id="Mesh23_001-mesh" name="Mesh23.001">
      <mesh>
        <source id="Mesh23_001-mesh-positions">
          <float_array id="Mesh23_001-mesh-positions-array" count="2934">309.2495 -473.0099 685.7903 309.4476 -470.8515 693.6672 309.5332 -467.2387 684.1213 309.6603 -468.2834 701.4302 309.7345 -465.0409 692.1439 310.0411 -462.4526 700.046 310.1465 -480.244 687.853 310.3398 -478.1331 695.5426 310.4346 -475.6279 703.1365 310.4495 -462.8003 725.1937 310.9478 -456.8921 724.1968 311.0677 -460.3409 682.0984 311.0765 -470.2539 726.4059 311.2744 -458.091 690.2898 311.4705 -456.5982 748.8206 311.5472 -464.1222 749.6604 311.6946 -455.4821 698.3555 311.8415 -485.8179 689.4192 312.0319 -481.2922 704.4229 312.0323 -483.7508 696.9624 312.357 -459.5291 776.0707 312.4033 -450.6946 748.124 312.5636 -476.0334 727.3096 312.6057 -470.0347 750.283 312.7198 -451.9727 775.5921 312.7369 -449.8724 722.9688 313.0683 -465.5084 776.4136 313.1749 -455.8275 802.5149 313.3823 -528.9778 1809.62 313.4079 -526.2797 1799.991 313.4466 -524.988 1776.925 313.5214 -517.1537 1755.825 313.5222 -536.2708 1807.575 313.5488 -533.5759 1797.945 313.6056 -508.3461 1734.423 313.6549 -517.8376 1779.419 313.6932 -499.1769 1713.247 313.7148 -463.2 802.7175 313.7215 -449.825 802.322 313.7287 -510.1088 1758.603 313.7773 -490.3682 1692.963 313.7988 -454.6214 829.1326 313.812 -501.387 1737.409 313.8582 -481.9076 1672.606 313.8994 -492.2379 1716.28 313.9291 -474.4861 1653.008 313.9837 -483.4155 1695.964 313.9906 -468.0423 1633.145 313.9938 -446.1153 775.1852 313.9968 -460.3589 829.1646 314 -456 855.5 314 -456 888.5 314 -455.5 1515.092 314 -455.5 1569.5 314.0298 -463.9417 1617.513 314.0597 -460.8189 1601.703 314.0653 -474.8763 1675.419 314.0786 -458.8316 1585.639 314.1122 -459.0314 888.5 314.1123 -458.9098 1102.295 314.1123 -458.7122 1273.776 314.1123 -458.5878 1394.435 314.1372 -467.356 1655.559 314.2001 -460.7726 1635.267 314.2402 -456.5671 1619.234 314.2523 -451.4586 888.5 314.2523 -451.3354 1102.287 314.2523 -451.1378 1273.768 314.2523 -451.0134 1394.428 314.2524 -450.9576 1515.092 314.2686 -523.2384 1811.233 314.2711 -453.3439 1602.916 314.2804 -530.6306 1774.961 314.2907 -451.2865 1586.285 314.2966 -520.5281 1801.607 314.3466 -450.6805 855.5 314.356 -522.7132 1753.636 314.3777 -452.9037 679.8784 314.4408 -513.838 1732.07 314.5286 -504.653 1710.858 314.5888 -450.6057 688.2483 314.6126 -495.8551 1690.598 314.6251 -541.9642 1805.98 314.6486 -539.2544 1796.354 314.6929 -487.4564 1670.391 314.7094 -443.7617 747.2611 314.7267 -447.2861 829.0714 314.763 -480.1126 1650.998 314.811 -512.2656 1781.366 314.8235 -473.7789 1631.474 314.8619 -469.7609 1616.157 314.884 -504.6192 1760.771 314.891 -466.7173 1600.748 314.9095 -464.7852 1585.13 314.9667 -495.9644 1739.741 315 -464.8769 1102.302 315 -464.6794 1273.783 315 -464.555 1394.441 315.0004 -465.0019 888.5 315.0399 -468.7756 802.845 315.0492 -492.2396 691.1937 315.054 -486.8309 1718.647 315.0693 -476.9657 750.9667 315.1259 -472.6007 776.7765 315.1311 -448.0041 696.4927 315.1317 -487.8532 705.8757 315.1384 -477.9978 1698.307 315.2206 -469.3974 1677.614 315.2313 -490.2123 698.5618 315.261 -465.5902 1569.5 315.2614 -466.0919 855.5 315.262 -465.5941 1515.092 315.2633 -445.4006 1569.5 315.2932 -461.8 1657.551 315.3544 -445.0487 1515.092 315.3547 -445.5477 888.5 315.3551 -445.4229 1102.28 315.3551 -445.2254 1273.761 315.3551 -445.101 1394.423 315.3571 -455.1076 1636.922 315.398 -450.8202 1620.578 315.4296 -447.5185 1603.862 315.4498 -445.4064 1586.789 315.5274 -482.7272 728.311 315.6479 -442.4973 802.0513 315.6586 -468.3713 829.1853 315.8299 -443.8878 855.5 316.1697 -469.893 829.1859 316.3202 -442.3588 721.5938 316.3965 -469.8118 855.5 316.4498 -441.5066 829.0061 316.4838 -537.2977 1772.643 316.537 -516.4583 1813.141 316.5601 -513.7631 1803.511 316.5604 -529.2823 1751.055 316.646 -520.3273 1729.295 316.6989 -439.2968 774.6676 316.7339 -511.1237 1708.039 316.8178 -502.3385 1687.809 316.8974 -494.0128 1667.777 316.9667 -486.7608 1648.626 317.0259 -480.5568 1629.503 317.0634 -476.6363 1614.558 317.0916 -473.686 1599.621 317.1094 -471.8191 1584.529 317.1293 -548.6215 1804.119 317.1532 -545.9156 1794.492 317.2671 -472.0382 888.5 317.2671 -471.9151 1102.31 317.2671 -471.7175 1273.791 317.2671 -471.5931 1394.447 317.3769 -505.7644 1783.641 317.449 -498.2143 1763.306 317.5309 -489.6378 1742.466 317.5796 -477.7783 777.0072 317.618 -480.5226 1721.415 317.7025 -471.677 1701.045 317.7854 -463.0049 1680.18 317.8146 -481.9704 751.4241 317.8588 -438.5122 1102.272 317.8588 -438.3147 1273.753 317.8588 -438.1903 1394.417 317.8588 -438.1353 1515.092 317.8589 -455.3174 1659.879 317.859 -438.6349 888.5 317.924 -448.4976 1638.858 317.9659 -444.1145 1622.149 317.9983 -440.7211 1604.969 318.0191 -438.5451 1587.378 318.0274 -473.2208 1569.5 318.0275 -473.721 855.5 318.0275 -473.221 1515.092 318.1159 -437.0173 801.8198 318.2468 -476.2956 802.9769 318.3294 -496.7796 692.4247 318.3357 -492.5064 706.8762 318.5116 -494.792 699.6682 318.5147 -436.7964 1569.5 318.6373 -487.5009 728.989 318.7357 -436.8714 855.5 318.837 -436.4734 746.2892 318.8549 -446.6782 677.9805 319.0445 -542.1456 1770.962 319.067 -444.3447 686.4949 319.1218 -534.0589 1749.181 319.1439 -511.542 1814.528 319.1655 -508.8474 1804.898 319.2079 -525.0461 1727.281 319.296 -515.8291 1705.994 319.3798 -507.053 1685.785 319.4588 -498.7803 1665.881 319.5275 -491.5948 1646.906 319.5859 -485.485 1628.073 319.6227 -481.6353 1613.397 319.6502 -478.7528 1598.804 319.6676 -476.9331 1584.094 319.7092 -441.7783 694.8909 319.7837 -434.7068 828.9066 319.8733 -477.1451 888.5 319.874 -477.023 1102.316 319.874 -476.8255 1273.797 319.874 -476.7011 1394.452 320.1886 -477.1602 1515.092 320.1891 -477.161 1569.5 320.1909 -477.6639 855.5 320.7567 -478.9698 829.1628 321.028 -436.1255 720.3901 321.2473 -432.2166 774.0676 321.4695 -555.5891 1802.176 321.4973 -552.8898 1792.547 321.7831 -498.9742 1786.023 321.8543 -491.525 1765.96 321.9355 -483.0304 1745.319 322.0224 -473.9344 1724.312 322.107 -465.0757 1703.912 322.1801 -430.9006 801.5244 322.1906 -456.3286 1682.867 322.1987 -430.9017 1515.092 322.1998 -430.9002 1569.5 322.2 -431.2769 1102.264 322.2 -431.0793 1273.745 322.2 -430.9549 1394.41 322.2001 -431.3999 888.5 322.2649 -448.5468 1662.317 322.2834 -484.4752 777.2505 322.3314 -441.5936 1640.884 322.3742 -437.1103 1623.793 322.4075 -433.6209 1606.127 322.429 -431.3779 1587.995 322.5096 -482.5851 803.0426 322.8979 -488.3688 751.9497 323.2568 -430.0506 855.5 323.2883 -429.8163 828.8159 323.8834 -548.3802 1768.804 323.9615 -540.2023 1746.777 323.988 -498.3029 708.0732 323.9905 -430.549 745.4319 324.0119 -441.7805 676.4487 324.0426 -505.2346 1816.31 324.0483 -531.1152 1724.697 324.07 -502.5319 1806.683 324.0771 -502.4108 693.9121 324.1365 -521.8807 1703.37 324.1653 -493.4719 729.7778 324.2203 -513.1166 1683.188 324.2292 -439.4146 685.0703 324.2566 -500.4683 700.9946 324.2987 -504.9119 1663.448 324.3665 -497.8119 1644.698 324.4237 -491.8229 1626.237 324.4596 -488.0639 1611.908 324.4863 -485.2683 1597.754 324.5031 -483.5093 1583.535 324.5674 -482.9747 1515.092 324.5676 -482.9748 1569.5 324.5713 -483.4789 855.5 324.7721 -483.6998 888.5 324.7721 -483.5766 1102.324 324.7721 -483.3791 1273.805 324.7721 -483.2546 1394.458 324.9577 -436.8937 693.5847 325.9308 -485.2215 829.1122 326.3636 -431.2805 719.3937 326.7384 -426.5657 773.5217 326.7957 -561.2089 1800.613 326.8234 -558.5093 1790.985 327.1613 -493.5176 1787.944 327.1906 -425.873 855.5 327.2317 -486.1496 1768.099 327.3018 -425.2708 1569.5 327.3122 -477.7212 1747.619 327.3671 -487.5624 803.0531 327.399 -468.6406 1726.647 327.4837 -459.7714 1706.224 327.5253 -425.5674 888.5 327.5258 -425.4439 1102.257 327.5258 -425.2464 1273.738 327.5258 -425.1219 1394.405 327.5274 -425.0655 1515.092 327.5678 -450.9637 1685.032 327.6177 -439.2276 675.629 327.6429 -443.1059 1664.282 327.7104 -436.0451 1642.517 327.7478 -489.7338 777.3779 327.754 -431.481 1625.119 327.7881 -427.9143 1607.061 327.81 -425.6173 1588.493 327.8352 -436.848 684.304 328.1062 -424.9035 801.1803 328.4812 -424.6191 828.6946 328.6011 -434.3713 692.8827 328.6651 -493.3 752.2852 329.2921 -488.2026 829.0725 329.465 -553.2497 1767.125 329.5438 -545.0007 1744.907 329.6312 -535.8558 1722.685 329.671 -500.3276 1817.702 329.6747 -426.0571 744.7151 329.6983 -497.6256 1808.074 329.7195 -526.6078 1701.328 329.8032 -517.853 1681.167 329.881 -509.701 1661.554 329.9482 -502.6675 1642.98 330.0045 -496.7726 1624.809 330.0398 -493.0842 1610.749 330.0556 -428.791 718.8472 330.0659 -490.3564 1596.938 330.0822 -488.6445 1583.1 330.1837 -502.6089 708.9031 330.2843 -497.9575 730.2988 330.3474 -506.5643 694.9618 330.3982 -488.2986 1515.092 330.3993 -488.7995 888.5 330.4 -488.6768 1102.33 330.4 -488.4793 1273.811 330.4 -488.3549 1394.462 330.4001 -488.3 1569.5 330.4048 -488.8036 855.5 330.5188 -504.6534 701.918 332.6078 -565.4277 1799.445 332.6365 -562.7279 1789.817 332.6792 -422.3784 773.0497 333.0143 -489.4391 1789.385 333.0493 -421.371 855.5 333.0842 -482.1322 1769.705 333.1642 -473.7533 1749.345 333.2509 -464.6844 1728.401 333.3357 -455.8072 1707.958 333.3387 -421.1892 888.5 333.3396 -421.0656 1102.252 333.3396 -420.8681 1273.733 333.3396 -420.7436 1394.401 333.3415 -420.6875 1515.092 333.4203 -446.9541 1686.658 333.4959 -439.0392 1665.757 333.5295 -493.5974 777.4077 333.5454 -423.8161 744.3185 333.5641 -431.8977 1643.744 333.6083 -427.273 1626.114 333.6429 -423.6482 1607.762 333.6653 -421.3107 1588.866 333.8554 -420.373 1569.5 334.6552 -496.8164 752.4539 334.6568 -420.502 800.8657 334.7961 -435.6361 674.4263 334.9641 -492.7633 802.9924 335.0164 -433.2369 683.1692 335.3281 -556.7858 1765.911 335.3719 -492.2017 828.9924 335.4074 -548.4854 1743.555 335.4786 -419.9039 828.5448 335.4952 -539.2988 1721.232 335.5709 -496.7819 1818.713 335.5836 -530.041 1699.852 335.5882 -494.0852 1809.083 335.6672 -521.2928 1679.707 335.7448 -513.1792 1660.185 335.8115 -506.1937 1641.738 335.835 -430.8523 691.8394 335.8672 -500.3667 1623.777 335.9019 -496.7294 1609.911 335.9275 -494.0504 1596.348 335.9435 -492.3726 1582.786 336.2959 -492.485 888.5 336.2967 -492.3622 1102.334 336.2967 -492.1647 1273.815 336.2967 -492.0403 1394.466 336.4791 -505.5197 709.4016 336.5163 -501.0203 730.5802 336.5489 -567.5121 1798.871 336.5763 -564.8115 1789.243 336.6759 -420.348 772.7808 336.6911 -509.3369 695.6118 336.8135 -493.6859 802.9678 336.8644 -507.4532 702.4778 336.9731 -487.4362 1790.097 337.0426 -480.1593 1770.498 337.1224 -471.8049 1750.197 337.209 -462.7417 1729.266 337.279 -419.0275 888.5 337.279 -418.9044 1102.249 337.279 -418.7069 1273.73 337.279 -418.5825 1394.399 337.2802 -418.5269 1515.092 337.2938 -453.8606 1708.815 337.3672 -425.3531 718.0123 337.3786 -444.9851 1687.46 337.4038 -493.2216 828.9636 337.4545 -437.0421 1666.485 337.5231 -429.8607 1644.349 337.5676 -425.2061 1626.605 337.6025 -421.5526 1608.108 337.625 -419.1951 1589.051 337.6349 -492.641 1515.092 337.6356 -493.1413 855.5 337.6379 -492.6424 1569.5 338.3734 -418.5226 855.5 338.962 -417.7669 1569.5 341.0919 -420.8816 743.7061 341.3391 -417.6282 800.5924 342.037 -497.1161 777.3184 342.6559 -495.2513 828.8857 342.7669 -416.8788 828.4005 343.3543 -499.8424 752.4658 343.6465 -497.5437 777.2866 343.9094 -559.9396 1764.84 343.9892 -551.5939 1742.362 344.0773 -542.3704 1719.95 344.1658 -533.1041 1698.549 344.1737 -493.659 1819.612 344.1775 -570.1805 1798.143 344.2016 -490.9575 1809.984 344.2027 -567.4791 1788.515 344.2493 -524.3618 1678.418 344.3265 -516.2818 1658.978 344.3774 -417.8298 772.3484 344.3929 -509.3387 1640.642 344.448 -503.5717 1622.866 344.4662 -496.3795 802.8318 344.4823 -499.9795 1609.172 344.5075 -497.3436 1595.827 344.5232 -495.696 1582.508 344.5377 -495.6426 855.5 344.5462 -495.1449 1515.092 344.548 -495.1454 1569.5 344.6186 -433.17 673.4858 344.6263 -484.8975 1791.008 344.6955 -477.6591 1771.512 344.775 -469.3361 1751.288 344.8393 -430.7624 682.2599 344.8615 -460.2802 1730.373 344.9076 -416.1385 1102.246 344.9076 -415.9409 1273.727 344.9076 -415.8165 1394.396 344.9077 -495.6153 1102.338 344.9077 -495.4178 1273.819 344.9077 -495.2934 1394.469 344.9081 -495.7386 888.5 344.9091 -416.2612 888.5 344.9091 -415.7612 1515.092 344.9464 -451.3941 1709.911 345.0315 -442.4899 1688.488 345.1077 -434.5108 1667.416 345.1768 -427.2785 1645.123 345.2216 -422.5855 1627.233 345.2569 -418.8953 1608.551 345.2797 -416.5122 1589.287 345.4066 -503.4053 730.6527 345.419 -507.7121 709.6523 345.4515 -430.6895 682.2244 345.5463 -416.1048 855.5 345.6639 -511.3576 695.9839 345.6762 -416.4634 800.4358 345.6996 -428.5133 690.9956 345.837 -509.4959 702.7695 345.9999 -415.5 1569.5 346.4045 -428.4406 690.9575 346.4897 -496.8195 802.7877 347.2739 -423.165 717.2903 349.8897 -415.3749 828.2683 350.1733 -422.993 717.1564 350.4561 -496.7474 855.5 350.4576 -496.2476 1515.092 350.4586 -496.2477 1569.5 350.9316 -496.9024 828.7533 351.1341 -419.3848 743.1609 351.1723 -500.8432 752.2839 351.4843 -415.151 855.5 351.9672 -414.6123 1569.5 352.0837 -498.6941 777.054 352.6693 -503.8672 730.4656 353.4341 -419.3933 743.0753 353.4722 -500.8517 752.1985 353.7372 -415.5862 800.1826 353.7484 -498.7129 776.9951 353.9185 -568.699 1788.198 353.9899 -561.2272 1764.425 354.0698 -552.8639 1741.899 354.1581 -543.626 1719.452 354.2466 -534.3564 1698.044 354.2698 -571.4022 1797.827 354.2698 -492.4508 1819.978 354.2956 -568.7009 1788.199 354.2956 -489.7495 1810.35 354.3301 -525.6164 1677.918 354.3728 -415.0861 828.1895 354.4072 -517.5496 1658.509 354.4734 -510.6229 1640.217 354.4957 -416.8901 771.926 354.5282 -504.8792 1622.513 354.5624 -501.3044 1608.885 354.5678 -497.5469 802.5815 354.5874 -498.6852 1595.625 354.603 -497.0493 1582.401 354.6083 -496.4981 1569.5 354.6728 -489.7514 1810.35 354.7296 -483.8027 1791.423 354.786 -433.1078 673.23 354.7986 -476.582 1771.975 354.8779 -507.8863 709.4125 354.878 -468.2732 1751.785 354.9644 -459.2206 1730.879 355 -497 888.5 355 -496.8768 1102.339 355 -496.6793 1273.82 355 -496.5549 1394.47 355 -496.5 1515.092 355 -415 888.5 355 -414.8769 1102.245 355 -414.6794 1273.726 355 -414.5549 1394.395 355 -414.5 1515.092 355.0494 -450.3323 1710.411 355.1346 -441.415 1688.956 355.211 -433.4195 1667.841 355.2803 -426.1639 1645.477 355.3253 -421.4535 1627.52 355.3607 -417.7465 1608.752 355.3836 -415.3518 1589.394 355.3889 -509.5148 702.5178 355.3917 -414.5019 1569.5 355.5686 -503.6952 730.3319 355.5829 -507.8136 709.3744 355.6185 -430.784 681.9761 355.8314 -511.2954 695.7278 356.0012 -509.4419 702.4824 356.5711 -428.7141 690.7201 358.0308 -496.8878 855.5 358.0314 -496.3878 1515.092 358.0327 -496.8877 888.5 358.2842 -496.9318 828.6267 358.839 -415.1801 855.5 359.0459 -497.2595 802.4469 359.5424 -415.2524 888.5 360.2869 -423.9916 716.9548 361.2917 -499.9082 751.7988 361.8002 -497.8408 776.6515 362.456 -415.8127 828.0547 362.7086 -502.3797 729.8547 362.9329 -418.0405 771.6931 363.4814 -420.9653 742.8738 363.7588 -435.1284 673.6018 363.8389 -416.7535 799.9326 364.0001 -496 888.5 364.0019 -495.4996 1515.092 364.0034 -495.9992 855.5 364.024 -567.5803 1788.539 364.0932 -560.1324 1764.84 364.1729 -551.7867 1742.362 364.2194 -495.9788 828.5186 364.261 -542.5632 1719.95 364.3495 -533.2969 1698.549 364.3621 -570.1946 1798.193 364.3622 -493.6725 1819.662 364.4331 -524.5546 1678.418 364.5103 -516.4746 1658.978 364.549 -432.9539 682.3021 364.5766 -509.5316 1640.642 364.6317 -503.7645 1622.866 364.666 -500.1723 1609.172 364.6912 -497.5364 1595.827 364.7069 -495.8888 1582.508 364.7193 -495.3313 1569.5 364.7548 -491.0628 1810.01 364.781 -505.7152 708.6072 364.8101 -485.0903 1791.008 364.8792 -477.852 1771.512 364.9587 -469.5289 1751.288 365.0453 -460.473 1730.373 365.0923 -416.1384 1102.246 365.0923 -415.9409 1273.727 365.0923 -415.8165 1394.396 365.0924 -495.6153 1102.338 365.0924 -495.4178 1273.819 365.0924 -495.2934 1394.469 365.094 -415.762 1515.092 365.1302 -451.5869 1709.911 365.2152 -442.6827 1688.488 365.25 -507.1841 701.645 365.2914 -434.7036 1667.416 365.3605 -427.4713 1645.123 365.4054 -422.7784 1627.233 365.4406 -419.0881 1608.551 365.452 -416.3546 888.5 365.462 -431.054 691.0071 365.4634 -416.7051 1589.287 365.4694 -415.8592 1569.5 365.6576 -508.8281 694.7871 366.1434 -496.6771 776.4233 366.17 -495.7572 802.2018 367.1136 -416.8304 855.5 368.9823 -497.4037 751.2292 368.9938 -426.9932 717.1361 370.1013 -437.9001 674.2516 370.249 -499.4657 729.0984 370.8561 -435.8468 682.8872 371.04 -493.7322 855.5 371.04 -493.7322 888.5 371.0402 -493.2321 1515.092 371.4 -493.5579 828.3799 371.4915 -419.4472 799.7966 371.6742 -564.9914 1789.286 371.712 -434.0731 691.5322 371.7464 -557.5937 1765.751 371.8258 -549.2865 1743.376 371.9136 -540.0944 1721.04 371.9908 -496.3409 1818.934 371.9938 -424.469 742.9461 372.0021 -530.8353 1699.657 372.0799 -502.3181 707.5906 372.0857 -522.088 1679.514 372.1298 -418.9452 827.9071 372.1631 -513.9794 1660.005 372.2298 -507.0003 1641.574 372.2854 -501.1823 1623.641 372.3201 -497.5517 1609.8 372.3456 -494.8792 1596.27 372.3616 -493.2059 1582.744 372.3643 -492.6414 1569.5 372.3647 -418.8588 888.5 372.4384 -421.6559 771.5737 372.4802 -503.6829 700.5377 372.721 -492.8493 1102.334 372.721 -492.6518 1273.815 372.721 -492.5274 1394.466 372.8175 -493.811 776.0065 372.8307 -505.2384 693.585 372.9688 -567.0712 1799.093 372.9803 -495.38 750.8522 373.3384 -494.2789 1809.13 373.3914 -488.2441 1789.937 373.4589 -492.7326 801.9071 373.4609 -480.9604 1770.319 373.5408 -472.6005 1750.005 373.6274 -463.536 1729.071 373.7033 -419.3915 1102.25 373.7033 -419.1939 1273.731 373.7033 -419.0695 1394.399 373.706 -419.016 1515.092 373.7122 -454.6558 1708.622 373.797 -445.7854 1687.28 373.8728 -437.8487 1666.321 373.9413 -430.6763 1644.212 373.9858 -426.0284 1626.494 374.0206 -422.3814 1608.03 374.0431 -420.0284 1589.009 374.0517 -419.1953 1569.5 374.1147 -497.241 728.5894 374.4012 -419.8809 855.5 374.9962 -430.4854 717.4968 375.6341 -562.948 1789.87 375.7051 -555.5907 1766.462 375.774 -499.8533 706.9005 375.7842 -547.3137 1744.169 375.8718 -538.146 1721.892 375.9319 -498.4254 1818.36 375.9602 -528.8927 1700.522 376.0438 -520.1415 1680.37 376.1215 -512.0104 1660.807 376.1335 -501.1651 699.7827 376.1451 -490.6267 1515.092 376.146 -491.1261 888.5 376.149 -491.1244 855.5 376.1884 -505.0031 1642.302 376.2444 -499.1453 1624.246 376.2794 -495.4848 1610.292 376.3052 -492.7836 1596.616 376.3214 -491.0903 1582.928 376.3273 -490.5164 1569.5 376.3729 -442.0546 675.3015 376.4365 -502.6859 692.7651 376.6604 -490.6881 1102.332 376.6604 -490.4906 1273.813 376.6604 -490.3662 1394.464 376.716 -490.713 828.2708 377.0587 -440.1262 683.8369 377.7819 -428.3157 743.1594 377.8333 -438.4849 692.3893 378.8698 -563.5242 1800.103 378.9084 -491.2148 750.1627 379.1963 -497.8812 1808.135 379.2545 -491.7802 1788.723 379.3246 -484.4452 1768.967 379.3627 -489.4177 775.5002 379.4048 -476.0435 1748.552 379.4915 -466.9692 1727.595 379.5763 -458.0957 1707.161 379.5983 -423.1987 888.5 379.5985 -422.6989 1515.092 379.6 -423.0769 1102.254 379.6 -422.8794 1273.735 379.6 -422.7549 1394.403 379.6607 -449.2635 1685.911 379.7361 -441.3748 1665.079 379.7912 -492.7806 727.6443 379.804 -434.2704 1643.18 379.8479 -429.6736 1625.656 379.8822 -426.0754 1607.44 379.9044 -423.7565 1588.695 379.9136 -422.9375 1569.5 380.0367 -426.8509 771.6204 380.1018 -424.8671 799.7141 380.4437 -488.0266 801.5713 380.4802 -423.879 855.5 380.7358 -424.3629 827.7922 380.7732 -435.3796 718.0981 381.0997 -495.0668 705.6152 381.3732 -496.3102 698.3757 381.4868 -558.7894 1791.053 381.5582 -551.5123 1767.904 381.5956 -497.7862 691.2329 381.6367 -543.2962 1745.775 381.7238 -534.1781 1723.619 381.7442 -502.6439 1817.192 381.8121 -524.9364 1702.275 381.8958 -516.1773 1682.105 381.9739 -508.0009 1662.433 382.0414 -500.9365 1643.777 382.0981 -494.9979 1625.472 382.1206 -447.6858 676.7891 382.1337 -491.2768 1611.286 382.16 -488.5175 1597.317 382.1766 -486.7837 1583.302 382.1838 -486.1927 1569.5 382.4742 -486.3098 1102.327 382.4742 -486.1123 1273.808 382.4742 -485.9879 1394.46 382.5796 -486.2058 828.1418 382.6974 -486.23 888.5 382.6993 -486.2282 855.5 382.7002 -485.7275 1515.092 382.7087 -445.8779 685.1853 383.2635 -433.5602 743.5408 383.3797 -444.3732 693.6111 383.8427 -426.8607 855.5 383.9899 -484.4929 1515.092 383.9929 -484.9899 888.5 384.3923 -485.5854 749.3259 384.4976 -558.6175 1801.495 384.7765 -502.8448 1806.758 384.8361 -496.6496 1787.044 384.8993 -431.8242 771.7517 384.9069 -489.2435 1767.097 384.9329 -486.8999 726.4833 384.9877 -480.7841 1746.541 385.0745 -471.6963 1725.553 385.1592 -462.832 1705.141 385.2279 -428.1772 1102.26 385.2279 -427.9796 1273.741 385.2279 -427.8552 1394.407 385.2298 -427.8024 1515.092 385.2431 -454.0527 1684.017 385.2798 -483.4329 774.9182 385.3178 -446.2305 1663.361 385.3848 -439.2202 1641.752 385.4008 -452.2258 678.02 385.428 -434.6939 1624.497 385.4345 -428.5274 888.5 385.4618 -431.1634 1606.623 385.4835 -428.8918 1588.26 385.4928 -428.0921 1569.5 385.6353 -482.831 801.2712 385.7932 -488.9138 704.0271 385.8656 -441.7252 718.9647 385.9196 -450.506 686.3062 385.9519 -490.11 696.6355 386.0744 -491.5587 689.3342 386.4986 -449.0756 694.6257 386.5083 -482.032 828.0483 386.5224 -431.4576 799.728 386.8663 -553.2248 1792.628 386.9363 -546.0556 1769.824 387.014 -537.9208 1747.914 387.0702 -508.264 1815.63 387.1005 -528.8688 1725.919 387.1591 -430.9593 827.7222 387.1887 -519.6426 1704.611 387.2725 -510.8729 1684.416 387.3512 -502.636 1664.599 387.4194 -495.4956 1645.742 387.4771 -489.4494 1627.106 387.5135 -485.6475 1612.612 387.5406 -482.8109 1598.251 387.5576 -481.0231 1583.799 387.5621 -480.4141 1569.5 387.8 -480.4768 1102.32 387.8 -480.2793 1273.801 387.8 -480.1549 1394.455 387.8006 -480.5992 855.5 387.9757 -440.2253 744.1102 388.6085 -458.6474 679.7947 388.6236 -446.6971 719.6885 388.9268 -478.5366 748.366 389.0161 -433.111 855.5 389.0219 -457.0211 687.9221 389.052 -479.653 725.1331 389.1374 -477.9426 801.0282 389.165 -438.1023 771.9851 389.3374 -477.3255 774.3959 389.3627 -481.4936 702.1738 389.3693 -478.3551 888.5 389.37 -477.8541 1515.092 389.3806 -482.6761 694.6042 389.3835 -484.1213 687.1144 389.3958 -552.311 1803.278 389.4817 -455.6862 696.0938 389.6169 -509.2054 1804.986 389.675 -502.8843 1784.886 389.7466 -495.3869 1764.693 389.8114 -434.3398 888.5 389.8281 -486.8532 1743.957 389.9151 -477.7481 1722.929 389.9997 -468.8956 1702.544 390.0829 -460.1843 1681.584 390.1255 -434.3529 1515.092 390.126 -434.7307 1102.268 390.126 -434.5332 1273.749 390.126 -434.4088 1394.413 390.1568 -452.4475 1661.153 390.2227 -445.558 1639.917 390.265 -441.1225 1623.008 390.2979 -437.679 1605.574 390.3044 -464.2238 681.3612 390.3056 -437.2938 799.7939 390.319 -435.4679 1587.701 390.3273 -434.6918 1569.5 390.4375 -445.3787 744.595 390.6259 -462.6604 689.3501 390.9171 -477.2268 685.0924 390.9383 -436.7943 827.6931 390.9793 -461.3794 697.3898 391.026 -475.7612 692.7565 391.0268 -475.2134 827.9285 391.1018 -453.5802 720.7388 391.1375 -474.5638 700.4895 391.201 -471.4574 683.4238 391.2758 -546.2975 1794.584 391.3395 -472.7856 723.9124 391.3426 -539.2655 1772.207 391.4042 -469.9575 691.2324 391.4103 -515.2316 1813.686 391.4193 -531.2315 1750.568 391.4867 -474.7009 855.5 391.5051 -522.2615 1728.772 391.593 -513.0544 1707.508 391.6172 -471.7534 747.5051 391.623 -468.7316 699.1018 391.6769 -504.2716 1687.283 391.7563 -495.9597 1667.285 391.7998 -471.8529 773.97 391.8255 -488.7249 1648.18 391.8845 -482.5454 1629.132 391.9218 -478.6433 1614.256 391.9498 -475.7106 1599.409 391.9675 -473.856 1584.416 391.9731 -438.2802 888.5 391.9735 -473.2188 1569.5 392.0027 -547.3947 1804.664 392.1412 -473.2415 1102.312 392.1412 -473.044 1273.793 392.1412 -472.9196 1394.448 392.1712 -459.4467 721.6721 392.1754 -514.1467 1803.607 392.2357 -507.7321 1783.204 392.2624 -466.9214 722.9072 392.308 -500.1636 1762.82 392.3805 -445.6161 772.3323 392.39 -491.572 1741.943 392.4684 -471.1429 800.7334 392.4772 -482.4533 1720.883 392.5075 -452.4381 745.3079 392.5616 -473.6101 1700.52 392.6444 -464.9518 1679.688 392.7177 -457.2816 1659.432 392.7329 -439.8387 1102.273 392.7329 -439.6411 1273.754 392.7329 -439.5167 1394.418 392.7332 -439.4623 1515.092 392.7826 -450.4862 1638.486 392.8027 -471.873 888.5 392.803 -471.3724 1515.092 392.8243 -446.1215 1621.847 392.8565 -442.7457 1604.756 392.8772 -440.5819 1587.265 392.8814 -465.918 746.8037 392.8849 -439.8242 1569.5 393.2305 -458.3982 745.9482 393.2448 -444.2925 799.918 393.3638 -442.2739 827.6851 393.6035 -442.1882 855.5 393.7126 -451.195 772.6282 393.7164 -464.5449 773.4507 393.8449 -539.6603 1796.453 393.9085 -532.7643 1774.482 393.9146 -521.8889 1811.825 393.9321 -468.1961 827.8351 393.9843 -524.8266 1753.103 394.0693 -515.9349 1731.497 394.1571 -506.7461 1710.275 394.1876 -465.3666 800.5142 394.2411 -497.9508 1690.022 394.2578 -458.5491 773.0618 394.2697 -540.6198 1806.571 394.3212 -489.5672 1669.851 394.3758 -520.9386 1801.707 394.3912 -482.2424 1650.508 394.4391 -514.3992 1780.887 394.4514 -475.9354 1631.067 394.4896 -471.9376 1615.827 394.5123 -506.7326 1760.238 394.5185 -468.9133 1600.515 394.5369 -466.9946 1585.006 394.5434 -466.3314 1569.5 394.5952 -498.0613 1739.167 394.6449 -466.3308 1102.304 394.6449 -466.1333 1273.785 394.6449 -466.0089 1394.442 394.6825 -488.924 1718.065 394.7385 -445.908 888.5 394.7386 -466.0919 855.5 394.7386 -465.5919 1515.092 394.7388 -466.0908 888.5 394.7668 -480.0935 1697.731 394.8489 -471.5081 1677.074 394.9104 -452.3037 800.1078 394.9213 -463.9297 1657.061 394.985 -457.2641 1636.515 394.9992 -533.991 1798.047 394.9994 -446.4973 1515.092 395 -446.8768 1102.281 395 -446.6793 1273.762 395 -446.5549 1394.424 395.0174 -527.5823 1810.231 395.0257 -452.9969 1620.248 395.0571 -449.7144 1603.63 395.0646 -527.1923 1776.429 395.0771 -447.6158 1586.665 395.0835 -446.8795 1569.5 395.1112 -458.0331 800.2715 395.1396 -519.337 1755.271 395.1573 -534.8752 1808.185 395.2097 -526.7005 1800.093 395.224 -510.5123 1733.828 395.2729 -520.0419 1778.922 395.3116 -501.3391 1712.643 395.347 -512.2921 1758.049 395.3958 -492.5331 1692.365 395.4143 -461.4065 827.7676 395.4305 -503.5532 1736.815 395.4764 -484.0882 1672.046 395.5179 -494.4001 1715.676 395.5471 -476.6863 1652.5 395.5759 -452.1997 827.7081 395.6021 -485.5804 1695.366 395.6084 -470.2704 1632.723 395.6474 -466.1906 1617.17 395.6771 -463.0879 1601.462 395.6836 -477.0569 1674.859 395.6959 -461.1145 1585.51 395.7025 -460.4305 1569.5 395.7477 -460.4184 1102.297 395.7477 -460.2208 1273.778 395.7477 -460.0964 1394.437 395.7552 -469.5563 1655.051 395.8156 -452.1158 855.5 395.8179 -463.0007 1634.844 395.8578 -458.8161 1618.892 395.8877 -452.844 1102.288 395.8877 -452.6465 1273.769 395.8877 -452.522 1394.43 395.8877 -452.4673 1515.092 395.8885 -455.6129 1602.674 395.908 -453.5694 1586.156 395.9148 -452.858 1569.5 396 -456 855.5 396 -456 888.5 396 -455.5 1515.092 396 -455.5 1569.5</float_array>
          <technique_common>
            <accessor source="#Mesh23_001-mesh-positions-array" count="978" stride="3">
              <param name="X" type="float"/>
              <param name="Y" type="float"/>
              <param name="Z" type="float"/>
            </accessor>
          </technique_common>
        </source>
        <source id="Mesh23_001-mesh-normals">
          <float_array id="Mesh23_001-mesh-normals-array" count="5664">0.1833472 0.9830467 -0.001754879 -0.9776001 0.2079544 -0.03245031 -0.9193998 0.3845895 -0.08243173 -0.9193881 0.3846222 -0.0824114 -0.8233517 0.5522402 -0.1308542 0.583019 -0.7932494 0.175625 0.0123226 -0.9670251 0.2543827 -0.5645317 -0.7990831 0.2068101 -0.9192642 0.3860413 -0.07697767 -0.9128335 0.4027881 -0.0670576 -0.8231056 0.5548584 -0.1209518 -0.8233427 0.552257 -0.1308397 -0.128969 0.9571248 -0.2593824 0.4398338 0.8765037 -0.1956722 0.502707 0.8454232 -0.1804033 0.5915513 0.7851523 -0.1833119 -0.9078958 -0.4049041 0.108527 -0.9123483 0.4058561 -0.05386453 -0.9921709 0.1241042 -0.01397228 -0.9995751 0.02719748 0.01048231 -0.9920672 -0.1239831 -0.02076292 -0.9904643 -0.1369264 -0.01522475 0.806271 0.5636364 0.1795589 0.6780606 0.7006087 0.2222189 0.6780549 0.7006118 0.2222268 0.114924 -0.9472275 -0.2992534 0.3321346 -0.9001164 -0.2819172 0.3321515 -0.9001147 -0.2819024 0.1195131 -0.9472627 -0.2973385 -0.1240464 -0.9565159 -0.2639884 -0.1286262 -0.954733 -0.2682172 -0.3408393 -0.9049374 -0.2547881 -0.4732725 0.8087313 0.3492376 0.8067166 0.5909382 6.89976e-4 -0.4733086 0.8087185 0.3492183 -0.5945671 0.7384076 0.3181892 -0.9984604 0.05547159 0 -0.9984613 0.05545282 -3.19803e-5 -0.9998293 0.01847815 -1.90466e-5 -0.9996207 0.02661347 0.007093548 -0.9891167 -0.1471332 1.51682e-4 -0.9998293 0.01847833 -1.90468e-5 -0.3405638 -0.9402214 3.66328e-6 0.1145328 -0.9925132 -0.04242539 0.1144474 -0.9925255 -0.04236721 0.3315831 -0.9425745 -0.04007744 0.7320049 -0.6812928 0.00301373 0.5041541 0.8518744 -0.1419115 0.7769025 -0.6296096 -0.003809154 0.8525265 -0.5226706 0.003735423 0.9812497 -0.1927387 9.00627e-4 0.537489 0.7879746 0.3003358 0.5374315 0.7779644 0.3254826 -0.1153759 0.9112949 0.3952596 -0.1240273 -0.9922788 5.72061e-4 -0.1240321 -0.9922781 5.71926e-4 0.5375027 0.787968 0.300329 0.9993156 0.03699457 -1.67929e-5 0.1471472 -0.9891141 0.001116514 0.114634 -0.9933942 0.005199491 0.03699213 -0.9993155 3.01769e-4 -0.1240311 -0.9922761 -0.002142786 -0.9368535 0.34721 0.0418412 -0.8477518 0.5298411 0.02419477 -0.3408618 -0.9049229 -0.2548097 -0.4543102 0.8901959 0.03396266 -0.306371 0.9511731 0.03750634 -0.124018 0.9922681 -0.004865109 -0.5299932 -0.8480015 8.74169e-4 0.6239867 -0.7774798 0.0785222 -0.5299969 -0.8479993 8.74176e-4 0.5060282 -0.8569971 0.09742361 0.457079 -0.8827938 0.1084157 -0.8767246 -0.4809925 4.55362e-4 -0.8767264 -0.4809896 9.987e-7 -0.9401232 -0.3408352 0 -0.6092878 0.7929113 0.007754504 -0.3194157 0.9476133 -0.001675963 -0.6015956 0.7988007 -4.59597e-4 -0.8010106 -0.5986478 0.001703262 -0.7987357 -0.6016817 8.33287e-4 -0.6741606 -0.7385843 -8.41617e-4 -0.8767242 -0.4809936 9.98442e-7 0.801008 0.5986535 -6.17242e-4 0.6715158 0.7409898 -7.64e-4 -0.1956655 -0.9806706 -5.84167e-4 -0.34069 -0.9401198 0.01026809 -0.1240308 0.9922778 -0.00114274 0.1240313 0.9922776 -0.00114274 -0.3534085 -0.9354689 5.38848e-4 0.1240323 0.9922776 -0.001023232 0.353398 0.935473 -4.22368e-4 0.5300056 0.8479942 -3.87755e-4 -0.03222441 0.9994807 2.67326e-4 -0.3534081 -0.9354688 9.64609e-4 -0.03219616 0.9985713 0.04264873 -0.9812384 0.191478 0.02252739 -0.9368451 0.3472321 0.04184669 -0.8575053 0.5144753 -2.34315e-4 -0.8574942 0.5144938 -2.36158e-4 0.3534531 0.9354522 -4.27129e-4 0.3620185 0.9313157 0.03992342 -0.6742738 -0.7384813 5.69025e-4 -0.6715146 -0.740991 7.64113e-4 -0.5143828 -0.8574538 0.01353436 -0.4485062 -0.8937553 0.006619513 -0.3603886 -0.9327832 0.005970418 0.7988299 0.6015489 0.003146409 0.798837 0.6015476 -2.13479e-4 -0.6630013 -0.7479907 0.03064644 -0.7154961 -0.6982286 0.02328675 -0.7697147 -0.6373405 0.03656011 0.1108486 -0.9902658 0.08417987 0.4560521 -0.886619 0.07696205 0.5592502 -0.8275693 0.04866689 0.558304 -0.8293781 0.02070838 0.5593288 -0.8286793 0.02102476 0.9953416 -0.09179526 -0.0294767 0.9989072 0.03408819 -0.03197586 0.826827 0.5597309 -0.05530494 -0.5581822 0.8295589 -0.0162748 -0.5770813 0.8164288 -0.02052789 -0.7114838 0.7026672 -0.007042229 -0.3305144 -0.941976 0.05866467 -0.2554628 -0.9654089 0.05219709 0.3066498 -0.9518225 0 0.4546008 -0.8906954 0 0.4546293 -0.8906808 -5.15906e-6 0.8010055 0.5986566 -6.89084e-4 0.1240319 0.9922776 -0.001142799 -0.5577614 0.8300003 -0.001375138 -0.707413 0.7067999 -9.95332e-4 -0.9922508 0.1241182 0.005759596 -0.2539854 -0.9628077 0.09215748 -0.5779028 0.8148906 -0.04451674 0.9954445 -0.09159368 -0.02647322 -0.1240212 -0.9922343 0.009482145 0.1471372 -0.9891161 -4.61107e-6 0.1471377 -0.9891155 0.001027941 0.4546034 -0.890694 1.04063e-4 0.8010024 0.5986608 -6.17744e-4 -0.7325468 0.625491 0.2685818 -0.7324831 0.6296775 0.2587951 -0.5944746 0.743368 0.3066009 -0.5943461 0.7528 0.2829224 -0.4730893 0.8244832 0.3105062 -0.472835 0.8385759 0.2705876 -0.3321357 0.8974987 0.2901417 -0.3320198 0.9126054 0.2385677 -0.1148103 0.960947 0.2517925 -0.1146582 0.9746176 0.1922865 0.1332624 0.9722481 0.1922886 0.1332347 0.9722493 0.1923014 0.36198 0.9143849 0.181303 0.3620364 0.9250598 0.1148657 0.5377542 0.8366459 0.1041355 0.537715 0.8423486 0.03621143 0.5377411 0.8423328 0.03619658 0.5380908 0.8428868 5.79967e-4 0.6715312 0.7409761 -6.40035e-4 0.6715325 0.7409752 -3.34687e-4 0.8009989 0.5986658 -2.73955e-4 -0.8529398 0.4800961 0.204943 0.8907008 0.45459 -4.68898e-4 0.8907101 0.4545716 -5.23596e-4 0.9518375 0.3066028 -3.53221e-4 0.9518352 0.3066102 2.25087e-4 0.9891148 0.1471456 -5.43192e-4 0.9922774 0.1240321 -0.001309692 0.999829 -0.01847928 7.98041e-4 0.9922779 -0.1240272 -0.001391887 0.9830477 -0.1833502 2.25935e-4 0.9482569 -0.3175044 6.01118e-5 0.9401974 -0.3406292 7.28741e-4 0.8836898 -0.468073 -2.61674e-4 0.8574926 -0.514495 0.00118786 0.7769375 -0.6295777 -5.45119e-4 0.7384828 -0.6742715 0.001082956 0.6914837 -0.722392 4.5203e-4 0.6015784 -0.7988138 3.30073e-4 0.5986374 -0.8010202 2.00777e-4 0.480984 -0.8767291 6.38806e-4 -0.8529412 0.4803041 0.2044488 0.3408688 -0.9401102 0.00120157 0.3066229 -0.9518312 1.46184e-4 -0.9371698 0.3215469 0.1353529 -0.9371375 0.323983 0.1296472 0.03700619 -0.999315 2.43783e-6 -0.01853346 -0.9998153 -0.00510329 -0.9813765 0.1789657 0.06979566 -0.1835037 -0.9830187 -8.00117e-4 -0.1834992 -0.9830169 0.00243175 -0.01853334 -0.9998134 0.00546503 -0.003973603 -0.9999908 0.001601576 0.1471602 -0.9891082 0.003005981 0.1585455 -0.9873516 5.23903e-4 0.30665 -0.9518207 0.001735568 0.3194452 -0.9476031 -0.001846611 0.4546233 -0.8906839 3.10739e-4 0.4717841 -0.8817073 -0.003496229 0.5987081 -0.8009673 3.66189e-4 0.6093862 -0.7928668 -0.003313183 0.7281132 -0.6854468 -0.003745615 0.7281184 -0.6854435 -0.003287076 0.8126671 -0.5826572 -0.009109556 0.8129649 -0.5823082 0.002332985 0.8326506 -0.5537598 -0.006576895 0.8334939 -0.5522502 0.01754343 0.8416866 -0.5398365 0.01183921 0.9120653 -0.4100182 0.004688024 0.9291816 -0.3695412 -0.007799386 0.9671277 -0.2541767 -0.007629156 0.9766512 -0.2139371 -0.01958096 -0.981349 0.1813241 0.06384122 0.9979889 -0.05066651 -0.03809416 0.9967272 0.07168555 -0.03736495 0.9921458 0.1150893 -0.04900115 0.9719063 0.2292538 -0.05330103 0.9593275 0.2747462 -0.06484919 0.9186611 0.3903068 -0.06101125 0.9026364 0.4245331 -0.07084619 0.8259712 0.558323 -0.07776355 0.8170645 0.5706146 -0.0824899 0.7135965 0.6954817 -0.08417558 0.691716 0.7163283 -0.09166699 0.5626299 0.8221305 -0.08688646 0.5535565 0.8279393 -0.08995532 0.3795523 0.9201436 -0.09631252 0.3531622 0.9314324 -0.08780717 0.1519561 0.9836226 -0.09693342 0.1320954 0.9870965 -0.09050631 4.54967e-4 0.9962562 -0.08644962 -0.0953176 0.9926215 -0.07494854 -0.1515037 0.9845738 -0.08752793 -0.3134256 0.9473863 -0.06498962 -0.3665826 0.9275409 -0.07269996 -0.4552576 0.8884567 -0.05818265 -0.5046626 0.8613448 -0.05831623 -0.9996182 0.02687293 0.006435751 -0.6231015 0.7805583 -0.0497334 -0.7182544 0.695204 -0.02832055 -0.7565018 0.6530845 -0.03443771 -0.8416839 0.5398837 -0.009700417 -0.870976 0.4910393 -0.0167697 -0.9293082 0.3692331 0.007307469 -0.9487924 0.3158919 0.00230956 -0.9766269 0.2138928 0.02120614 -0.9872323 0.1581811 0.01873612 -0.9980143 0.05032545 0.03788018 -0.9994722 -0.006636023 0.03180223 -0.9920684 -0.1151351 0.05044144 -0.9841083 -0.1712141 0.04708141 -0.9592701 -0.2750012 0.06461668 -0.9424576 -0.329299 0.05775862 -0.9024627 -0.4244073 0.07375317 -0.8772984 -0.4748495 0.06975358 -0.8167462 -0.5705541 0.08598619 -0.7837512 -0.6164283 0.07583051 -0.6914999 -0.7163083 0.093436 -0.6504091 -0.754978 0.0835244 -0.5533103 -0.8272678 0.0973441 -0.5061309 -0.8579713 0.0878452 -0.3793137 -0.9196813 0.101526 -0.3274345 -0.940964 0.08586853 -0.9995755 0.029136 -4.55341e-5 -0.1319967 -0.9868826 0.0929495 -0.1338065 -0.9900727 0.04303675 -0.2111313 -0.9761127 0.05126017 -0.2118251 -0.9769182 0.02758365 -0.3316808 -0.9432238 0.01779907 -0.3600442 -0.9326049 0.02482968 -0.4459682 -0.8946682 0.02610188 -0.448139 -0.8935762 0.02632915 -0.54911 -0.8353251 0.02665138 -0.5495004 -0.8354833 0.004136204 -0.6634168 -0.7481705 0.01091736 -0.6740976 -0.7385089 0.01403898 -0.770367 -0.6375961 0.002415955 -0.7986715 -0.601634 0.01267319 -0.8766877 -0.4810339 0.00501883 -0.8766948 -0.4810463 -8.75338e-4 -0.8907147 -0.454555 0.002655506 -0.890716 -0.4545603 2.62581e-4 -0.8907055 -0.4545809 2.61636e-4 -0.8906989 -0.4545938 5.23585e-4 -0.8907076 -0.4545765 5.23829e-4 -0.8907049 -0.4545816 4.68571e-4 -0.8907024 -0.4545866 4.68919e-4 -0.8907055 -0.4545804 -5.19959e-4 -0.9401069 -0.3408774 0.001325726 -0.9401103 -0.3408703 6.63723e-6 -0.9922739 -0.1240668 -9.2632e-6 -0.9922819 -0.124003 0 -0.9984603 0.05547106 0 -0.9998244 -0.0185467 -0.002715706 -0.9830504 0.1833353 -4.59954e-4 -0.9402111 0.3405919 6.28565e-4 -0.9402105 0.340594 -1.53262e-4 -0.9401991 0.3406254 -1.54963e-4 -0.9401979 0.3406287 -3.51518e-4 -0.857492 0.5144971 -5.30651e-4 -0.8574967 0.5144891 -5.92749e-4 -0.7384857 0.6742688 -7.76872e-4 -0.7384883 0.6742663 -3.88385e-4 -0.7384953 0.6742585 -3.87859e-4 -0.7384902 0.6742529 0.003921151 -0.7280271 0.6855477 0.001035451 -0.7280225 0.6855338 0.005159616 -0.9998236 -0.01718765 -0.007571697 -0.7073727 0.7068369 0.002331793 -0.5588333 0.8292795 -9.56676e-4 -0.9830464 -0.1758521 -0.0519222 -0.3953468 0.9184963 -0.008110702 -0.3957753 0.9180488 -0.02341955 -0.3125843 0.9490305 -0.04040127 -0.2603942 0.9648715 -0.03489923 -0.1094226 0.9930539 -0.04325151 -0.1088494 0.9938062 -0.02238744 -0.06456059 0.9977798 -0.01635253 -0.06436139 0.9979168 -0.004431724 0.003950178 0.9999884 0.002795517 0.003950059 0.9999798 -0.004997193 0.05547571 0.9984595 0.001004934 0.05547595 0.9984599 -5.74948e-4 0.1240319 0.9922779 8.92576e-4 -0.9830417 -0.1758804 -0.05191546 0.3534071 0.9354691 -0.001077413 0.3533937 0.9354742 -0.001078009 0.5299987 0.8479979 -9.77035e-4 0.5300058 0.8479934 -9.76616e-4 0.671519 0.7409869 -8.53278e-4 0.6715115 0.7409936 -8.53657e-4 0.8009956 0.5986699 -6.89786e-4 -0.9402459 -0.3271511 -0.09439206 0.8907023 0.4545869 -5.23577e-4 0.8907119 0.4545685 1.48216e-4 0.9401228 0.340835 -8.56648e-4 0.9401044 0.3408323 0.006085097 0.9760223 0.2174822 -0.009054541 0.9760224 0.217481 -0.009074091 0.9988358 0.04743838 -0.008757412 0.9996878 -0.0176655 -0.01767027 0.9922727 -0.124035 0.00322169 0.976893 -0.213378 -0.01224905 0.9354892 -0.3533549 -3.9413e-4 0.9238692 -0.3826186 -0.008299648 0.8480135 -0.5299575 -0.004294037 0.8334552 -0.5524893 -0.01039856 0.7409839 -0.6715229 1.66242e-4 0.7409791 -0.671517 -0.003848671 0.6914988 -0.7223776 2.06271e-6 0.5987082 -0.8009673 -1.08559e-5 0.5986375 -0.8010202 1.26638e-5 -0.9402009 -0.3272984 -0.09433025 -0.8575001 -0.4947352 -0.1411766 -0.8574842 -0.4947646 -0.1411699 0.3066242 -0.9518307 6.00171e-6 0.1471617 -0.9891124 -1.2252e-5 -0.003585278 -0.9997028 0.02411961 0.06446707 -0.9978165 0.0143668 0.1588151 -0.9871624 0.01697742 0.2065633 -0.9784078 0.007073819 0.3197126 -0.9473842 0.01571649 0.383307 -0.9236205 0.00101751 0.4719633 -0.8815701 0.009221434 0.5585737 -0.829437 -0.005470275 0.6094973 -0.7927704 0.005329847 0.7071134 -0.7070504 -0.008390426 0.7075918 -0.7065721 0.008362174 0.7114189 -0.7027387 0.006452143 0.7124289 -0.700772 0.03692871 0.7183852 -0.6948372 0.03352874 -0.7384751 -0.6486985 -0.1839697 -0.738426 -0.6487395 -0.1840223 -0.3813874 -0.9232799 0.0458033 -0.445158 -0.8938163 0.05410039 -0.5548829 -0.8298923 0.05817013 -0.5635035 -0.823835 0.06131732 -0.6931377 -0.7190318 0.05053246 -0.7145485 -0.6972303 0.05736136 -0.8181652 -0.572878 0.04915845 -0.8268722 -0.559867 0.0532099 -0.9034553 -0.4260386 0.04753613 -0.9188377 -0.3908787 0.0543245 -0.9602366 -0.2766676 0.03742837 -0.9721823 -0.23004 0.04408186 -0.9926351 -0.1161006 0.03458499 -0.9965771 -0.07185399 0.04088044 -0.9984891 0.04945212 0.0239591 -0.9953451 0.09160619 0.02994054 -0.9766867 0.2137896 0.01942437 -0.9666035 0.2550382 0.02516579 -0.9293012 0.3692469 0.007488608 -0.9115126 0.4110652 0.01305967 -0.8414077 0.5403989 -0.00145781 -0.832861 0.5534797 0.00176835 -0.717583 0.6964149 -0.009001553 -0.7383384 -0.6450999 -0.1967296 -0.6781318 -0.6983461 -0.2290197 -0.678043 -0.6882783 -0.2579355 -0.4542235 0.8904548 -0.02777463 -0.09437084 0.9943591 -0.04841691 0.1136416 0.9926017 -0.04274946 0.1335968 0.989804 -0.04939597 0.3307108 0.9422116 -0.05355173 0.3541648 0.9331818 -0.06114852 0.5317613 0.8455145 -0.04832583 0.5636536 0.8238667 -0.05948394 0.715399 0.6968624 -0.0508641 0.7147711 0.697525 -0.05060893 -0.6780277 -0.688288 -0.25795 0.8383234 0.5428602 -0.05016762 0.9190605 0.3910507 -0.04906415 0.9212621 0.3860448 -0.04738771 0.972313 0.2299683 -0.0414974 0.9786438 0.202651 -0.03448194 0.9966161 0.07149511 -0.0405572 -0.6779721 -0.6788271 -0.2820423 -0.6779993 -0.6788126 -0.2820118 0.9918563 -0.1256045 -0.02108275 0.9665647 -0.2552425 -0.02457791 0.9581508 -0.2857967 -0.01635354 0.9115278 -0.4110673 -0.01186633 0.8979749 -0.4400333 -0.003452479 0.8975722 -0.4404855 -0.01835256 0.8335635 -0.5524182 -0.002498507 -0.6779999 -0.6735153 -0.2944373 -0.6779878 -0.6735239 -0.2944456 -0.6779651 -0.6732301 -0.2951688 0.5782843 -0.8140119 0.05451434 0.3970236 -0.9158654 0.05969196 -0.6779963 -0.6732054 -0.2951536 0.31323 -0.9476103 0.06262284 0.2617475 -0.9622417 0.07469397 0.1234293 -0.989143 0.07975882 -0.6780008 -0.6778061 -0.2844186 0.1090547 -0.9934531 0.0340318 0.06528049 -0.9969252 0.04334276 -0.7112737 0.7029147 9.56152e-4 -0.8127065 0.5825902 0.009854793 -0.8127961 0.5825336 0.00415492 -0.8334618 0.5524441 0.01212292 -0.8335103 0.5524888 -0.004099905 -0.8574789 0.5144978 0.004714012 -0.8574839 0.5145108 -2.96441e-4 -0.8574908 0.5144994 -2.96081e-4 -0.857488 0.5145038 -5.92585e-4 -0.940197 0.3406313 -3.92233e-4 -0.9402015 0.340619 -3.50976e-4 -0.9830465 0.1833568 -1.88984e-4 -0.9830446 0.1833671 -8.51931e-5 -0.983049 0.1833432 -8.41567e-5 -0.9984609 0.05546075 -2.49332e-5 -0.9998283 0.01848131 -0.00140345 -0.992272 -0.1240611 0.002251207 -0.9891152 -0.1471406 8.80894e-4 -0.9518371 -0.3066038 -5.73332e-4 -0.9518383 -0.3066004 3.16064e-4 -0.9518368 -0.3066049 3.16068e-4 -0.9518374 -0.3066033 3.53125e-4 -0.9518383 -0.3066002 3.53314e-4 -0.95184 -0.3065953 1.77602e-4 -0.9518274 -0.3066343 1.76398e-4 -0.9518186 -0.30663 0.004424929 -0.9228963 -0.3850455 -0.001629531 -0.9228588 -0.38503 0.009142518 -0.8925052 -0.4510298 -0.002599 -0.8917726 -0.4507618 0.03944247 -0.827691 -0.56075 0.02206695 -0.6779919 -0.6778164 -0.284415 -0.6780567 -0.6865642 -0.2624285 -0.6780308 -0.6865835 -0.2624451 -0.5646564 -0.8250467 0.02147829 0.9238689 -0.3826192 -0.008294105 0.9580312 -0.2859193 -0.02065318 0.976883 -0.2133812 -0.01296305 0.9917096 -0.125766 -0.02636224 0.9997577 -0.01763135 -0.0131843 0.9991178 0.03431057 -0.02422028 0.9788864 0.2029482 -0.02436697 0.9758696 0.217437 -0.01999068 0.9217261 0.3865151 -0.03204923 0.9140473 0.4046422 -0.02797424 0.8389232 0.5434898 -0.02875548 0.8389185 0.543497 -0.02875447 0.7160128 0.6974969 -0.02870035 0.7159933 0.6975172 -0.02869474 0.5323337 0.8460972 -0.02721464 0.5322932 0.8461232 -0.02719593 0.3315474 0.9431238 -0.02437096 0.3077921 0.9513072 -0.01668822 0.1140727 0.9930887 -0.02761423 0.08918231 0.9958184 -0.01980483 0.08933657 0.9959387 -0.01118195 0.1955896 0.9806807 0.003173351 0.1955875 0.980677 -0.004292845 0.3406029 0.9402004 0.003592252 0.340605 0.9402065 -3.77568e-4 0.3534037 0.9354709 1.18127e-4 0.5144719 0.8575065 -0.001084506 0.5299956 0.8480003 -4.87828e-4 0.6715244 0.7409824 -4.27683e-4 0.6742668 0.7384877 -5.58252e-4 -0.678044 -0.6985319 -0.2287127 -0.6780592 -0.698518 -0.2287101 0.8767403 0.4809533 -0.003221392 0.8924604 0.4510295 -0.009319186 0.8924981 0.4510471 0.001950979 0.9143761 0.4047633 -0.009125828 0.9760186 0.2174975 -0.009080946 0.395927 -0.9178423 0.02841526 0.3841898 -0.922681 0.03252828 0.2603369 -0.9649133 0.03416478 0.2075887 -0.9772179 0.04418581 -0.6781918 -0.7104136 -0.1880649 -0.6781919 -0.710413 -0.1880672 -0.6782204 -0.7206872 -0.1436214 -0.5144239 -0.8575276 -0.003830134 -0.5300135 -0.8479892 1.70229e-5 -0.5300121 -0.84799 4.88315e-4 -0.6715133 -0.7409925 4.27232e-4 -0.6715164 -0.7409892 8.53287e-4 -0.6715117 -0.7409935 8.53658e-4 -0.6782174 -0.7206893 -0.1436253 -0.671515 -0.7409906 7.64617e-4 -0.6715196 -0.7409868 3.36065e-4 -0.6782552 -0.7291694 -0.09100526 -0.674276 -0.7384794 1.13663e-6 -0.7987976 -0.6016001 2.46614e-6 -0.7985159 -0.6013872 -0.02657073 -0.8062936 -0.5911915 -0.0195806 -0.8064451 -0.5867192 -0.07353252 -0.8064343 -0.5867334 -0.07353776 -0.8064073 -0.5798618 -0.1160497 -0.8064016 -0.5798681 -0.116058 -0.8063861 -0.5715357 -0.1519491 -0.8063931 -0.5715273 -0.1519433 -0.8063009 -0.5618997 -0.1847906 -0.8062775 -0.5619294 -0.1848028 -0.8062626 -0.5522521 -0.2120343 -0.8062567 -0.5522541 -0.2120511 -0.8061935 -0.5451997 -0.2298031 -0.8062163 -0.5451712 -0.2297906 -0.8062071 -0.5414422 -0.2384756 -0.8061964 -0.5414568 -0.2384783 -0.8062006 -0.5417094 -0.23789 -0.8062026 -0.5417062 -0.2378905 -0.8062186 -0.5459745 -0.2278677 -0.8062356 -0.545953 -0.2278585 -0.8062847 -0.5536056 -0.2083894 -0.8062537 -0.5536417 -0.2084124 -0.8063481 -0.5609087 -0.1875748 -0.8574545 -0.4928503 -0.1478863 -0.8947482 -0.4241019 -0.1398692 -0.9402207 -0.3256616 -0.09964692 -0.9545689 -0.2817159 -0.09713059 -0.9830429 -0.1753187 -0.05375903 -0.9903965 -0.1296074 -0.04813307 -0.9903854 -0.128501 -0.0512278 -0.9996182 0.02687287 0.006436049 -0.9996203 0.02664715 0.007034242 -0.9813762 0.1789705 0.06978857 -0.9813937 0.1776473 0.07285571 -0.9371809 0.3215216 0.1353361 -0.9371781 0.3213881 0.1356716 -0.8529435 0.4800921 0.2049366 -0.8528953 0.4832907 0.1974839 -0.7324713 0.6296849 0.2588106 -0.7323659 0.6376548 0.2388233 -0.5943413 0.7528025 0.2829254 -0.5941073 0.7656648 0.2465646 -0.4728153 0.838585 0.2705938 -0.4727066 0.8526705 0.2224896 -0.3320279 0.9126044 0.2385597 -0.3318416 0.925573 0.1821971 -0.1146328 0.9746186 0.1922968 -0.1145206 0.9859225 0.121827 0.133337 0.9835543 0.1218281 0.1333463 0.9835531 0.1218283 0.3620412 0.9250587 0.1148596 0.3620291 0.9313112 0.03992998 -0.6782458 -0.7291783 -0.09100383 0.3623092 0.9320577 7.68819e-4 0.3534554 0.9354511 -7.68157e-4 -0.6782242 -0.7341978 -0.03107482 0.124041 0.9922771 -4.49469e-4 0.1240405 0.9922766 -0.001023232 -0.1240397 0.9922767 -0.001023232 -0.1240295 0.9922781 -0.001023232 -0.3408716 0.9401094 -9.68916e-4 -0.340866 0.9401114 -9.69399e-4 -0.4809712 0.8767359 -9.03721e-4 -0.4809829 0.8767296 -9.04599e-4 -0.6015778 0.7988138 -8.23971e-4 -0.6015751 0.7988159 -8.24533e-4 -0.7384892 0.674265 -6.95716e-4 -0.7384794 0.6742756 -6.95222e-4 -0.8574959 0.5144906 -5.30413e-4 -0.6738523 -0.7380627 -0.03444629 -0.6742628 -0.7384915 3.40893e-6 -0.8575038 0.5144725 -0.002323091 -0.9354355 0.353488 0.002577722 -0.9354053 0.3534715 0.008646309 -0.9367354 0.349889 0.01022154 -0.5145349 -0.8574696 -5.31691e-6 -0.5145307 -0.8574709 0.001437902 -0.9812607 0.1893779 0.03554743 -0.9996104 0.02768421 0.003577053 -0.9996129 0.02742499 0.004688978 -0.9904221 -0.132926 -0.0373497 -0.9903975 -0.1305733 -0.04542452 -0.9545481 -0.2826312 -0.09464377 -0.9545248 -0.27765 -0.1085959 -0.8946843 -0.4166676 -0.1610224 -0.8946581 -0.411269 -0.1744845 -0.8946487 -0.4112867 -0.1744906 -0.894654 -0.4084203 -0.1810728 -0.8946399 -0.4084453 -0.181086 -0.8946497 -0.4086242 -0.1806324 -0.8946443 -0.4086371 -0.1806308 -0.8946589 -0.4118828 -0.173026 -0.8946605 -0.4118828 -0.1730185 -0.8947038 -0.4176858 -0.1582526 -0.8946983 -0.4176942 -0.1582611 -0.9545271 -0.2783607 -0.1067392 -0.9545261 -0.2783662 -0.1067348 -0.9903825 -0.1285239 -0.05122679 -0.9903669 -0.1266358 -0.05600738 -0.9996205 0.02663767 0.007028102 -0.9996218 0.0265038 0.007341325 -0.9813898 0.177662 0.07287311 -0.9813907 0.1775846 0.07304948 -0.9371715 0.3214 0.1356892 -0.93714 0.3235338 0.1307466 -0.8528932 0.4832921 0.1974892 -0.8528177 0.4893788 0.1822375 -0.732369 0.6376549 0.2388139 -0.732181 0.6485341 0.2081215 -0.5941339 0.7656517 0.2465411 -0.594039 0.7784751 0.2027176 -0.4727216 0.8526639 0.2224826 -0.4725139 0.8647864 0.169927 -0.3318768 0.9255617 0.1821901 -0.3317196 0.9362891 0.1154336 -0.1145225 0.9859215 0.1218335 -0.1145054 0.9918131 0.05652678 -0.3534074 -0.9354693 -7.38344e-4 -0.3534058 -0.9354697 9.64614e-4 0.124062 0.9922742 -8.59284e-4 0.1240608 0.9922746 -4.50976e-4 -0.1240184 0.9922799 -4.51117e-4 -0.1240391 0.9922773 -4.5344e-4 -0.340823 0.9401274 -4.26754e-4 -0.3408699 0.9401104 -4.29766e-4 -0.4809481 0.876749 -3.99845e-4 -0.480965 0.8767397 -3.99326e-4 -0.6015337 0.7988475 -3.62433e-4 -0.6015753 0.798816 -3.65224e-4 -0.7384834 0.6742717 -3.05117e-4 -0.7384862 0.6742686 -3.05298e-4 0.3077868 0.9513043 -0.01695811 0.3861277 0.9224453 -5.01738e-4 0.5325431 0.8462675 -0.01513969 0.5494754 0.8354557 -0.009522974 0.663449 0.7481893 -0.006944358 0.6634609 0.7482076 0.002303421 0.6742621 0.7384767 0.004774212 0.7703414 0.6376125 -0.004953861 0.7703506 0.6376171 -0.00210905 0.8392214 0.5436101 -0.01399242 0.5300036 0.8479954 -5.73438e-4 -0.3534071 -0.9354691 0.001077055 -0.3534072 -0.935469 0.001077711 0.3533939 0.9354742 -9.64473e-4 0.353397 0.935473 -9.64473e-4 -0.3534049 -0.9354704 5.38798e-4 -0.3534054 -0.9354606 0.004255831 -0.3407117 -0.9401673 0.001087427 -0.1240394 0.9922766 -0.001143336 -0.3408679 0.9401106 -0.001083195 -0.340858 0.9401143 -0.001082539 -0.4809883 0.8767265 -0.001009762 -0.480979 0.8767316 -0.001009762 -0.6015756 0.7988155 -9.20186e-4 -0.6015762 0.798815 -9.19797e-4 -0.7384835 0.6742711 -7.76528e-4 0.3861213 0.9224359 -0.004741132 0.5144631 0.8574969 0.005188286 0.549502 0.8354887 -0.002537131 0.5300096 0.8479912 -8.74625e-4 0.5299905 0.8480032 -8.74622e-4 0.6715156 0.7409901 -7.64539e-4 -0.1950986 -0.9803172 0.03024774 -0.08936738 -0.9959252 0.01210707 -0.894685 -0.4166659 -0.1610231 -0.8947106 -0.4240275 -0.1403343 -0.8946995 -0.4240486 -0.1403412 -0.8947801 -0.4313374 -0.1153981 -0.8947963 -0.4313092 -0.1153774 -0.8948178 -0.437646 -0.08813112 -0.8948117 -0.437658 -0.08813363 -0.8948505 -0.4428595 -0.05583953 -0.8948404 -0.442879 -0.05584919 -0.8947088 -0.4464606 -0.01301115 -0.8764809 -0.4808477 -0.02380794 -0.08820432 -0.9946762 0.05328452 -0.7988207 -0.6015691 -1.23295e-6 -0.79882 -0.6015701 4.00376e-5 -0.8009967 -0.5986688 -1.8953e-4 -0.8010035 -0.5986595 6.16811e-4 -0.8010045 -0.5986583 6.17801e-4 -0.8010047 -0.5986577 6.89784e-4 -0.8010028 -0.5986602 6.89434e-4 -0.8010028 -0.5986605 3.44695e-4 -0.6715219 -0.7409847 4.2699e-4 -0.6715257 -0.7409813 -1.94837e-5 -0.009656488 -0.9989026 0.04583054 -0.008180856 -0.9961979 0.08673423 -4.86009e-4 -0.9963006 0.08593559 -0.8010068 -0.5986552 3.44651e-4 -0.6015796 0.7988128 -4.59806e-4 0.00144571 -0.9905167 0.137385 -0.6015965 0.7987998 8.74499e-4 -0.4809776 0.8767327 -6.14e-4 -0.4717388 0.8817357 -0.002152681 -0.3408395 0.9401165 0.003079175 0.0648716 -0.9887472 0.1347983 -0.1585884 0.9873434 0.001613914 -0.1585883 0.9873442 0.001173138 -0.206701 0.9783809 -0.006743729 -0.2067029 0.9783789 -0.006972312 -0.2597868 0.9655828 -0.01268142 -0.3834347 0.9235534 -0.00520122 -0.3834505 0.923541 -0.006147742 -0.4717271 0.8817277 0.005476355 -0.5588907 0.8292248 -0.005235135 0.125658 -0.9821791 0.1397658 -0.6093122 0.7929297 -0.001162588 -0.9545416 -0.2826507 -0.09465169 -0.9545971 -0.2875547 -0.0778256 -0.9545966 -0.2875548 -0.07783097 -0.9546185 -0.2918372 -0.05945211 -0.9546213 -0.2918302 -0.05944252 -0.9546427 -0.2953615 -0.03766781 -0.9546452 -0.2953543 -0.03766298 -0.9545397 -0.298021 -0.006118416 -0.9398148 -0.340722 -0.02562975 0.1877152 -0.9746307 0.1218937 0.3156092 -0.9404469 0.1262956 0.3677249 -0.9237448 0.1071175 -0.4809796 0.8767317 -5.0508e-4 -0.4809753 0.8767341 -5.04969e-4 -0.3408569 0.9401151 -5.41916e-4 -0.3408468 0.9401188 -5.41767e-4 -0.1240387 0.9922773 -5.70931e-4 -0.1240183 0.9922798 -5.7147e-4 -0.1240143 0.9922426 0.008671402 -0.5299993 -0.8479982 3.87685e-4 0.5797258 -0.808997 0.09716945 0.719857 -0.6899275 0.07619678 -0.5299978 -0.8479985 9.76634e-4 -0.5299938 -0.8480011 9.76628e-4 -0.5299972 -0.8479993 4.89293e-4 0.7570612 -0.6509931 0.05537676 -0.1471388 0.9891143 -0.001798987 -0.1469879 0.9881052 0.04519653 0.8430543 -0.5354273 0.05076545 -0.3316823 0.9422617 0.04615098 0.8712781 -0.4899765 0.02824187 -0.4722697 0.8806344 0.03800553 -0.5935488 0.8041167 0.03310948 -0.5936915 0.7986906 0.09810125 -0.7318198 0.6764474 0.08281725 -0.731938 0.6687173 0.1307064 -0.8524993 0.5131238 0.09974509 -0.8526123 0.5059633 0.130589 -0.9369693 0.3385457 0.08645981 -0.9370171 0.3330792 0.1051531 -0.981317 0.1838808 0.05661165 -0.9813545 0.180901 0.06494772 -0.9996186 0.02683424 0.006537795 -0.9996211 0.02660155 0.007085561 -0.990367 -0.1264248 -0.05648076 -0.9903612 -0.125499 -0.0586062 -0.9544868 -0.2721058 -0.1221211 -0.9544918 -0.2722249 -0.1218164 -0.9544783 -0.2722598 -0.1218438 -0.9544925 -0.2744522 -0.116705 -0.9544926 -0.2744557 -0.1166963 -0.9903695 -0.126618 -0.05600148 -0.9903613 -0.1255629 -0.0584684 -0.9996221 0.02649605 0.007336437 -0.9996222 0.02648717 0.007353603 -0.9813914 0.1775838 0.07304114 -0.981378 0.1787268 0.07038462 -0.9371473 0.3235155 0.130739 -0.9370968 0.3275585 0.1206445 -0.8528293 0.4893648 0.1822201 -0.8526878 0.4976958 0.1588153 -0.7321761 0.6485382 0.208126 -0.7320984 0.659352 0.1711344 -0.5940308 0.7784773 0.2027329 -0.5938377 0.7895477 0.1548268 -0.4725258 0.8647829 0.1699116 -0.4724 0.8747842 0.1076615 -0.3317245 0.9362872 0.1154345 -0.60162 -0.7686748 -0.217239 -0.6015196 -0.7687187 -0.2173612 -0.4809285 -0.8438301 -0.2380309 -0.4809123 -0.8438249 -0.2380817 0.9302983 -0.3661068 0.02260696 -0.3406469 -0.8970744 -0.2814558 -0.1330018 -0.9448618 -0.2992438 -0.1328784 -0.9290058 -0.3453863 0.1151046 -0.9313781 -0.3453778 0.1151385 -0.9313662 -0.3453986 0.3323879 -0.8845509 -0.3272432 0.3323521 -0.8845678 -0.327234 0.4729926 -0.8265213 -0.3051894 0.4730409 -0.8264947 -0.3051864 0.5943245 -0.7546227 -0.2780701 0.5943251 -0.7546231 -0.2780678 0.7323411 -0.6392034 -0.2347248 0.732343 -0.639203 -0.2347199 0.8528078 -0.4905493 -0.1791098 0.8528036 -0.4905567 -0.17911 0.9370818 -0.3283534 -0.1185831 0.9370858 -0.3283401 -0.118588 0.9813537 -0.1813009 -0.06383627 0.9813505 -0.1813182 -0.06383579 0.9996181 -0.0268743 -0.006435036 0.9996177 -0.0268895 -0.006435453 0.9903873 0.1284862 0.05122858 0.990382 0.1285266 0.05122953 0.9545232 0.2783758 0.1067358 0.954532 0.2783452 0.106737 0.8947018 0.4176884 0.1582564 0.8946931 0.4177062 0.1582586 0.8062595 0.5536347 0.2084096 0.8062715 0.553616 0.2084124 0.678056 0.6882573 0.2579575 0.678029 0.6882857 0.2579526 0.5375164 0.7899035 0.2951758 0.5374909 0.78992 0.2951777 0.3616929 0.8735858 0.3256168 0.3616943 0.8735854 0.3256162 0.1329025 0.9290034 0.3453837 0.1327958 0.9163775 0.3776475 -0.1152555 0.9187509 0.3776415 -0.1152421 0.9187493 0.3776494 -0.3324872 0.8726001 0.3578007 -0.3325051 0.8725972 0.3577912 -0.4731968 0.8153231 0.3336663 -0.4731579 0.815338 0.3336849 -0.5944395 0.7444511 0.3040304 -0.5944465 0.7444441 0.3040335 -0.7324517 0.6305946 0.2566418 -0.7324626 0.6305883 0.2566261 -0.8528894 0.4839777 0.1958198 -0.8528793 0.4839926 0.195827 -0.9371358 0.3239859 0.1296518 -0.937089 0.3283332 0.1185809 -0.9813553 0.181293 0.06383508 -0.9812667 0.185806 0.05090969 -0.9890979 0.1400271 0.04558306 -0.9891123 0.1423665 0.03726255 -0.9998263 -0.01709342 -0.007447242 -0.3065876 0.9518412 0.001576662 -0.3408186 0.9401255 -0.002597808 -0.45457 0.8907096 0.001609146 -0.4809491 0.8767485 -5.24395e-4 -0.5986369 0.8010199 0.001024484 -0.6015314 0.798849 5.19127e-4 -0.7384847 0.67427 -5.16688e-4 -0.7409639 0.671545 -4.66097e-6 -0.8479989 0.529998 1.29071e-6 0.9488898 -0.3155966 0.002637505 -0.8524274 0.522125 0.02744203 -0.8524106 0.5190401 0.06319624 0.9772726 -0.2119749 -0.0022282 -0.9369057 0.3432887 0.06603497 -0.9812585 0.1893886 0.03555023 -0.9812928 0.1868102 0.04654687 -0.9996125 0.02743852 0.004696547 -0.9996156 0.02713513 0.005708575 -0.9903991 -0.1305626 -0.0454235 -0.990381 -0.1281777 -0.05211633 -0.9545285 -0.2776387 -0.1085914 -0.954496 -0.2740238 -0.1176789 -0.954496 -0.27402 -0.1176884 -0.9544824 -0.2721181 -0.1221276 -0.8529383 0.4803093 0.2044492 -0.7325239 0.625792 0.2679424 -0.732522 0.6255112 0.2686026 -0.5945249 0.7384315 0.3182126 -0.5944448 0.7433846 0.3066184 -0.4731656 0.8141698 0.3365142 -0.4730434 0.8245069 0.3105133 -0.3323801 0.882419 0.3329569 -0.3321333 0.8975014 0.2901357 -0.1149874 0.9449921 0.3062153 -0.1148377 0.9609465 0.2517823 0.1331722 0.9585767 0.2517852 0.133164 0.9585775 0.2517865 0.3618929 0.9014897 0.2373813 0.3619607 0.9143949 0.181291 0.5376992 0.8269636 0.1643501 0.5377407 0.8366541 0.1041392 0.6782551 0.7291699 0.09100234 0.6782293 0.7341682 0.03165513 0.6782614 0.7341398 0.03162944 0.6786078 0.7345006 6.31877e-4 0.8010038 0.598659 -6.84784e-4 0.8010116 0.598649 -2.74074e-4 0.8906962 0.4545993 -2.06664e-4 0.8907081 0.4545758 -2.07344e-4 0.9518316 0.3066214 -1.40697e-4 0.9518373 0.3066037 -1.41563e-4 0.9891149 0.1471456 -6.52301e-5 0.9891151 0.1471438 -1.51849e-4 0.9998291 -0.01848673 1.90718e-5 0.9998292 -0.01848667 2.12953e-5 0.9830456 -0.1833613 2.11273e-4 0.9830464 -0.1833571 2.1115e-4 0.9402008 -0.3406205 3.92235e-4 0.9401984 -0.3406271 3.92233e-4 0.8574905 -0.5144994 5.92586e-4 0.8574944 -0.5144932 5.92253e-4 0.7384824 -0.6742723 7.76509e-4 0.7384806 -0.6742743 7.76511e-4 0.6015786 -0.7988132 9.19799e-4 0.6015796 -0.7988125 9.19796e-4 0.4809844 -0.8767286 0.001009762 0.4809833 -0.8767293 0.001009464 0.3408678 -0.9401108 0.001082837 0.3408677 -0.9401108 0.001082837 0.1240308 -0.9922778 0.00114274 0.1240305 -0.9922778 0.00114274 -0.1240322 -0.9922776 0.001142799 -0.1240311 -0.9922778 0.001023411 -0.1240319 -0.9922778 0.001022577 0.9871603 -0.1586095 -0.01891094 -0.05548125 -0.9984597 4.54677e-4 -0.05548185 -0.9984596 -3.66296e-4 0.998512 -0.04906457 -0.02380388 0.9990279 0.00494343 -0.04380726 0.9921715 0.1151782 -0.04826742 0.3066427 -0.9518241 -0.001098334 0.3066423 -0.9518242 0.001145303 0.3408659 -0.9401118 -7.42271e-4 0.3408712 -0.9401096 9.69057e-4 0.3408637 -0.9401122 9.69039e-4 0.4809857 -0.8767281 9.03846e-4 0.4809846 -0.8767286 9.04296e-4 0.6015788 -0.7988132 8.2409e-4 0.6015815 -0.7988111 8.23525e-4 0.7384836 -0.6742712 6.95287e-4 0.7384803 -0.6742748 6.95274e-4 0.8574929 -0.5144957 5.30465e-4 0.8574904 -0.5144998 5.30942e-4 0.9401978 -0.3406288 3.5127e-4 0.9401984 -0.3406273 3.51263e-4 0.9830477 -0.1833502 1.89156e-4 0.9830483 -0.1833469 1.89068e-4 0.9998292 -0.01848697 1.90553e-5 0.9998282 -0.01848697 -0.001386761 0.9835127 0.169086 -0.0641303 0.9993144 0.03702402 -2.31932e-4 0.9904721 0.1377136 4.95849e-4 0.9904526 0.1377114 0.006277143 0.9546449 0.2974581 0.01311534 0.954641 0.2953669 0.03766989 0.8948453 0.4428691 0.05584806 0.8948188 0.4376451 0.08812659 0.8064049 0.5798641 0.1160554 0.8063836 0.5715406 0.1519439 0.6782049 0.7104049 0.1880506 0.6780717 0.6985052 0.2287122 0.5375165 0.8016077 0.2617271 0.9592245 0.2744327 -0.0676397 0.3617076 0.8714376 0.3313069 0.3616244 0.860414 0.3590481 0.1327496 0.9150553 0.380856 0.132775 0.9150563 0.3808449 -0.1152774 0.917426 0.380842 -0.1153298 0.9112936 0.395276 -0.3325784 0.8655303 0.3744986 -0.332585 0.8659274 0.3735733 -0.473259 0.8091083 0.3483815 -0.473272 0.8091014 0.3483799 -0.5945364 0.7387612 0.3174245 -0.5945615 0.73875 0.3174039 -0.7325488 0.6257729 0.2679191 0.7769197 -0.6295724 0.005881369 0.8480171 -0.5299516 -0.004273772 0.8836768 -0.4680722 0.004869818 0.9354657 -0.353348 -0.007025241 0.948253 -0.317516 4.44036e-6 0.9922794 -0.1240226 -2.18227e-6 0.9922792 -0.1240247 0 0.9988748 0.04742646 0 0.9922375 0.1240279 0.009053707 0.9998292 -0.01848655 2.12952e-5 0.9891136 0.147154 -1.69443e-4 0.9891155 0.147141 -1.51763e-4 0.9518379 0.3066017 -3.16048e-4 0.9518386 0.3065993 -3.16179e-4 0.8907065 0.4545788 -4.68545e-4 -0.1240305 -0.9922778 0.00114274 0.9415061 0.3258857 -0.08581835 0.9020177 0.422622 -0.08806127 0.03700554 -0.9993149 5.7559e-4 0.1240308 -0.9922768 0.001809895 0.03699207 -0.9993156 4.54387e-4 0.12403 -0.992277 -0.001742422 0.1471492 -0.9891144 -3.60294e-4 -0.332607 0.865924 0.3735616 -0.1153628 0.9117178 0.394287 0.8761478 0.4712077 -0.1016294 0.1327651 0.9089241 0.3952597 0.132719 0.9089247 0.3952742 0.3615942 0.8546262 0.3726441 0.3616196 0.8604131 0.3590551 0.8163461 0.5684114 -0.1024088 0.7822046 0.611302 -0.1202746 0.6780506 0.6865651 0.2624421 0.6780705 0.6985065 0.2287118 0.806262 0.5619491 0.1848103 0.8063768 0.5715501 0.1519439 0.8947938 0.4313151 0.1153754 0.8948168 0.4376487 0.08812862 0.9546154 0.2918496 0.05944299 0.9546409 0.2953681 0.03766393 0.9904497 0.1366843 0.01807576 0.9904538 0.1377021 0.006283879 0.999479 0.03222835 0.001783072 0.999481 0.03221279 0 0.9981852 -0.06021922 0 0.9922616 -0.1240289 -0.0058133 0.6907206 0.7133269 -0.1186169 0.9482537 -0.3175126 -9.13869e-4 0.9368966 -0.3495984 0.002420842 0.8837021 -0.4680437 -0.002411007 0.64866 0.7492325 -0.1337572 0.552146 0.8236175 -0.1295722 0.3781821 0.9160479 -0.1335465 0.6914939 -0.7223823 3.86105e-4 0.5986568 -0.8010048 -0.00116676 0.5986605 -0.8010026 8.27665e-4 0.4809815 -0.8767309 1.61254e-4 0.4545959 -0.8906972 0.001130759 0.4545913 -0.8906992 -0.001392781 0.3319063 -0.94331 0.002163767 0.3316482 -0.94255 -0.04011452 0.3250465 0.9338707 -0.1490985 0.3317263 -0.9362868 -0.1154332 0.3317196 -0.9362899 -0.1154279 0.3318551 -0.9255675 -0.1822009 0.3318446 -0.9255718 -0.1821978 0.3320402 -0.9126018 -0.2385526 0.3320504 -0.9125977 -0.2385541 0.3321753 -0.8974849 -0.2901389 0.3321797 -0.8974819 -0.2901428 0.3324027 -0.8824176 -0.3329381 0.3323978 -0.8824206 -0.3329349 0.3325257 -0.8713362 -0.3608324 0.332525 -0.8713349 -0.3608361 0.3326215 -0.8655196 -0.374485 0.3326555 -0.8655064 -0.3744849 0.3326485 -0.8659034 -0.3735724 0.3325732 -0.8659389 -0.3735573 0.3324707 -0.8726074 -0.3577982 0.3324884 -0.8725945 -0.3578134 0.11527 -0.9187453 -0.3776504 0.115278 -0.9187448 -0.3776496 -0.132808 -0.9163749 -0.3776493 -0.1329081 -0.9289991 -0.3453928 -0.3616951 -0.8735787 -0.3256335 -0.3617087 -0.8735766 -0.3256241 -0.5374994 -0.7899117 -0.2951847 -0.5375083 -0.7899092 -0.2951753 -0.537599 -0.8021411 -0.2599171 -0.6013786 -0.763647 -0.2349197 0.9922754 -0.1240268 0.002649724 0.983046 -0.1833594 -1.2971e-4 0.9482501 -0.3175244 3.61161e-4 0.9402027 -0.3406146 -7.89051e-4 0.8837022 -0.4680482 0.001154899 0.857494 -0.5144923 -0.001346826 0.7769059 -0.6296141 0.001896977 0.7384805 -0.6742743 -9.22534e-4 0.6915065 -0.7223703 2.64124e-4 0.6015755 -0.7988157 5.97859e-4 -0.1153159 0.9117175 0.3943013 0.1327281 0.909347 0.3942986 0.1327438 0.9093481 0.3942908 0.3615718 0.8550394 0.3717171 0.3615655 0.8546423 0.3726353 0.5374065 0.7727171 0.3377909 0.5374462 0.7779563 0.325478 0.6779971 0.6778126 0.284412 0.6780526 0.6865637 0.2624405 0.8062664 0.5522449 0.2120381 0.8062734 0.5619336 0.1848074 0.8947263 0.4239938 0.1403362 0.8948047 0.4312911 0.1153802 0.9545997 0.2875474 0.07782089 0.954624 0.2918205 0.05944746 0.9904368 0.1349852 0.02853244 0.99045 0.1366822 0.0180794 0.9996079 -0.02791023 -0.002270698 0.9995443 -0.02885425 0.008865177 0.9981818 -0.0602371 -0.002162635 0.9812206 -0.1927302 -0.007830381 0.9812192 -0.1927371 -0.007832646 0.9368038 -0.3495523 -0.01455777 0.9368053 -0.3495479 -0.01455926 0.8523233 -0.5225532 -0.02198451 0.8523296 -0.5225427 -0.02198779 0.7317016 -0.6810178 -0.02876967 0.731698 -0.6810212 -0.02877825 0.5936079 -0.8040308 -0.03412014 0.5939488 -0.8045029 -3.59138e-4 0.4725577 -0.8812998 2.03565e-4 0.4722277 -0.8806811 -0.03744196 0.4722547 -0.8806672 -0.03743022 0.4723718 -0.8748 -0.1076563 0.5937076 -0.7986782 -0.09810382 0.5938279 -0.7895525 -0.1548398 0.7319467 -0.6687059 -0.1307159 0.7321012 -0.6593549 -0.1711113 0.8526144 -0.5059626 -0.1305777 0.852667 -0.4977272 -0.1588296 0.9370055 -0.3331102 -0.1051589 0.9370936 -0.3275651 -0.1206516 0.981357 -0.1808875 -0.0649473 0.9813805 -0.1787139 -0.07038301 0.999621 -0.02659976 -0.00709027 0.9996223 -0.02648383 -0.00735712 0.9903571 0.1255291 0.05861103 0.9903613 0.1255604 0.05847162 0.9544836 0.2722468 0.1218317 0.9544949 0.2744496 0.116692 0.8946544 0.4118938 0.1730237 0.8946669 0.411868 0.17302 0.8062286 0.5459638 0.2278575 0.8062216 0.5459754 0.2278547 0.6779655 0.678839 0.2820291 0.6779889 0.6788152 0.2820304 0.5374193 0.779111 0.3227487 0.5374153 0.7791135 0.3227491 0.3616017 0.8616776 0.3560283 0.3616318 0.8616607 0.3560386 0.1327769 0.9163782 0.3776524 -0.5374356 -0.7791051 -0.3227355 -0.5374271 -0.7791097 -0.322739 -0.3616088 -0.8616731 -0.3560317 -0.3615808 -0.8616837 -0.3560345 -0.1328047 -0.9163732 -0.3776548 -0.1327489 -0.9093471 -0.3942916 0.1153481 -0.9117133 -0.3943015 0.1153085 -0.9117285 -0.3942779 0.1153142 -0.9112984 -0.3952695 0.1153365 -0.9112902 -0.395282 0.11527 -0.9174278 -0.3808401 0.1152873 -0.9174188 -0.3808567 0.1151717 -0.92911 -0.3514116 0.1151409 -0.9291174 -0.3514023 0.1149453 -0.9449947 -0.306223 0.1149722 -0.9449899 -0.3062279 0.1148263 -0.9609454 -0.2517917 0.1148166 -0.9609497 -0.2517796 0.1146541 -0.9746168 -0.1922926 0.1146607 -0.9746149 -0.1922988 0.1145356 -0.9859214 -0.1218224 0.1145303 -0.9859215 -0.121826 0.1506057 0.9796147 -0.1329402 0.09423214 0.9844014 -0.148574 0.4723889 -0.87479 -0.1076623 0.4725266 -0.8647811 -0.1699189 0.4725475 -0.8647705 -0.1699141 0.4727392 -0.8526542 -0.2224825 0.4727064 -0.8526748 -0.2224733 0.4728233 -0.8385824 -0.2705879 0.4728474 -0.8385669 -0.2705938 0.4730729 -0.8244945 -0.3105013 0.4730407 -0.8245128 -0.3105016 0.4731872 -0.8141561 -0.3365173 0.4731624 -0.8141704 -0.3365175 0.473246 -0.8087463 -0.3492389 0.4732213 -0.8087581 -0.3492449 0.4732258 -0.8091244 -0.3483894 0.4732626 -0.8090991 -0.348398 0.473163 -0.8153408 -0.3336707 0.4731668 -0.8153331 -0.3336846 0.3616007 0.855022 0.371729 0.5374153 0.7730694 0.3369696 0.537404 0.7727192 0.3377898 0.6779547 0.6732392 0.295172 0.6779722 0.6778373 0.2844124 0.8062136 0.5451775 0.2297854 0.8062581 0.5522562 0.2120406 0.894692 0.416655 0.1610125 0.8947176 0.4240123 0.1403357 0.9545364 0.2826675 0.09465444 0.9545943 0.2875653 0.07782196 0.9904244 0.1329097 0.03734505 0.9904388 0.1349703 0.02853322 0.9996104 -0.0276826 -0.003576457 0.9996083 -0.02789694 -0.002273559 0.9812382 -0.1914783 -0.02253091 0.9812361 -0.1914898 -0.02252656 0.9368438 -0.3472362 -0.04184347 0.9368491 -0.347222 -0.04184401 0.8524088 -0.5190428 -0.06319785 0.8524054 -0.5190474 -0.06320518 0.7318221 -0.6764447 -0.0828197 0.7318064 -0.6764619 -0.08281779 0.593714 -0.7986739 -0.0981009 0.5935723 -0.8040578 -0.03410458 -0.5374155 -0.7730674 -0.3369739 -0.5374235 -0.7730658 -0.3369649 -0.3615684 -0.8550344 -0.3717319 -0.3616077 -0.8550288 -0.3717065 -0.132705 -0.9093567 -0.3942841 -0.132713 -0.908928 -0.3952686 -0.1327255 -0.9089236 -0.3952746 -0.1327759 -0.9150559 -0.3808458 -0.1327903 -0.9150475 -0.3808607 -0.1329014 -0.9267414 -0.3514078 -0.132879 -0.9267447 -0.3514081 -0.1329902 -0.9426263 -0.306218 -0.1330093 -0.9426201 -0.3062287 -0.1331605 -0.9585804 -0.2517777 -0.1331507 -0.9585797 -0.2517855 -0.1332576 -0.9722476 -0.1922942 -0.1332598 -0.9722483 -0.1922894 -0.1333455 -0.9835524 -0.1218343 -0.1333425 -0.9835544 -0.1218221 -0.1332327 -0.9909071 -0.01876652 -0.1831705 -0.9821867 -0.04192841 -0.1833346 -0.9830506 1.49264e-6 -0.1833745 -0.9830432 -2.53013e-6 -0.1833723 -0.9830434 6.60961e-4 -0.3406249 -0.9401993 1.3712e-4 -0.3406237 -0.9401997 -6.10437e-6 -0.5144664 -0.8575106 7.44278e-6 -0.5138746 -0.8565133 -0.04814618 -0.5376827 -0.8424654 -0.03390544 -0.5377395 -0.836655 -0.1041391 -0.5377395 -0.8366558 -0.1041317 -0.5377089 -0.8269545 -0.1643638 -0.5377174 -0.8269523 -0.1643474 -0.5376864 -0.8152203 -0.2151957 -0.5376626 -0.8152325 -0.215209 -0.5374974 -0.8016196 -0.26173 -0.5375301 -0.8016029 -0.2617141 -0.5374979 -0.78797 -0.3003323 -0.5375204 -0.7879572 -0.3003253 -0.5374614 -0.7779532 -0.3254599 -0.5373891 -0.7779869 -0.325499 -0.5373808 -0.7727295 -0.3378034 -0.5374199 -0.772714 -0.3377763 0.5938267 -0.7895552 -0.1548301 0.5939962 -0.7785106 -0.2027068 0.5940294 -0.7784793 -0.2027292 0.5941234 -0.7656532 -0.2465619 0.5941013 -0.7656712 -0.2465589 0.5943254 -0.7528217 -0.2829079 0.59436 -0.7527915 -0.2829152 0.5944644 -0.7433701 -0.3066155 0.594466 -0.7433698 -0.3066132 0.5945436 -0.7384201 -0.3182039 0.5945363 -0.7384272 -0.3182012 0.5945356 -0.7387679 -0.3174106 0.5945802 -0.7387297 -0.3174158 0.5944818 -0.7444185 -0.3040273 0.5944567 -0.7444376 -0.3040295 0.5373877 0.7730883 0.3369703 0.6779751 0.6735385 0.2944415 0.6779687 0.6732251 0.2951719 0.8062033 0.5414485 0.238474 0.8062165 0.545173 0.2297856 0.8946514 0.4112803 0.1744925 0.8946856 0.4166681 0.1610138 0.9545172 0.2776764 0.1085942 0.9545451 0.2826372 0.09465622 0.9903991 0.1305605 0.04542934 0.9904227 0.1329224 0.03734433 0.9996131 -0.02741426 -0.004693865 0.99961 -0.02769464 -0.003578364 0.9812607 -0.1893768 -0.0355525 0.9812597 -0.1893821 -0.03555279 0.9368985 -0.3433074 -0.0660395 0.9369024 -0.3432958 -0.06604444 0.8524992 -0.513123 -0.0997501 0.8524979 -0.5131258 -0.09974598 0.7319342 -0.6687219 -0.1307037 -0.3616044 -0.854625 -0.3726371 -0.3615979 -0.8546249 -0.3726434 -0.3616169 -0.8604234 -0.3590331 -0.3615769 -0.8604282 -0.3590621 -0.361657 -0.8714568 -0.3313114 -0.3616899 -0.8714511 -0.3312907 -0.3617639 -0.8864412 -0.288702 -0.3617273 -0.8864526 -0.2887131 -0.361913 -0.9014815 -0.2373818 -0.361905 -0.9014857 -0.2373781 -0.3619656 -0.9143918 -0.1812974 -0.3619787 -0.9143881 -0.1812896 -0.3620319 -0.9250607 -0.1148722 -0.3620563 -0.9250525 -0.1148616 -0.3618345 -0.9318449 -0.02722227 -0.3402959 -0.9394497 -0.04041272 -0.001458823 0.9905163 -0.1373879 0.8526036 -0.5059795 -0.1305835 0.9369698 -0.3385456 -0.08645552 0.9370138 -0.333087 -0.1051592 0.9813214 -0.1838582 -0.05660825 0.9813598 -0.1808737 -0.06494563 0.9996182 -0.02684515 -0.006547689 0.9996209 -0.02660918 -0.007091641 0.9903681 0.1264157 0.05648273 0.9903616 0.1254947 0.058609 0.9544865 0.2721036 0.1221275 0.9544872 0.2722355 0.1218279 0.8946619 0.4085978 0.1806323 0.8946558 0.4086114 0.1806318 0.8062008 0.5417073 0.2378941 0.8062037 0.5417043 0.2378912 0.6779717 0.6735417 0.2944419 0.7321044 -0.6593501 -0.1711161 0.7321899 -0.6485183 -0.2081395 0.7321666 -0.6485446 -0.2081397 0.7323723 -0.6376554 -0.2388019 0.7323758 -0.6376499 -0.2388061 0.7324714 -0.6296837 -0.2588129 0.7324645 -0.6296904 -0.2588164 0.7325387 -0.6254988 -0.2685858 0.732548 -0.6254845 -0.2685938 0.7325446 -0.6257746 -0.2679269 0.7325284 -0.6257939 -0.2679259 0.7324489 -0.6306012 -0.2566339 0.732463 -0.6305816 -0.2566418 0.9369715 -0.3385406 -0.08645743 0.9812924 -0.1868122 -0.04654455 0.9813176 -0.1838788 -0.05660861 0.9996156 -0.02713143 -0.005703926 0.9996185 -0.02683275 -0.00654751 0.9903793 0.1281903 0.05211645 0.9903647 0.1264408 0.05648523 0.9544936 0.2740308 0.1176832 0.9544855 0.2721076 0.1221269 0.8946438 0.4084414 0.1810756 0.8946539 0.4084192 0.1810758 0.8061987 0.5414543 0.2384766 0.8526853 -0.4976952 -0.1588311 0.8528327 -0.4893572 -0.182225 0.852822 -0.4893766 -0.1822235 0.8528984 -0.4832841 -0.1974862 0.852895 -0.4832901 -0.1974861 0.8529528 -0.4800733 -0.2049415 0.852944 -0.4800872 -0.2049461 0.8529458 -0.4803009 -0.2044372 0.852943 -0.4803056 -0.2044384 0.8528816 -0.4839893 -0.1958251 0.8528905 -0.4839742 -0.1958233 0.9812941 -0.1868035 -0.04654461 0.9996124 -0.02744394 -0.004690945 0.9996152 -0.02714854 -0.005703568 0.9903999 0.1305543 0.04542738 0.9903835 0.1281594 0.05211442 0.9545264 0.2776456 0.1085936 0.9544954 0.2740235 0.1176846 0.8946573 0.4112707 0.1744843 -0.9197539 -0.3918315 0.02282691 -0.9476197 -0.3182457 0.02714169 -0.9726959 -0.2305788 0.02638721 -0.9786684 -0.2029021 0.03223222 -0.9971979 -0.07250517 0.01842379 -0.999098 -0.03434789 0.0249744 -0.9956398 0.09128469 0.01920098 -0.9917495 0.1256619 0.02534049 -0.9669547 0.2546579 0.01216584 -0.9581053 0.2858504 0.01799774 -0.911538 0.4110408 0.01201087 -0.8976425 0.4403686 0.01770532 -0.8328128 0.5535399 0.00405997 0.1334774 0.9910516 8.49017e-4 0.1333578 0.9901624 0.0423547 0.1333867 0.990158 0.04236781 -0.8978819 0.4402364 4.49062e-4 -0.9238228 0.3826075 0.01277118 -0.9238955 0.382623 -0.004096329 -0.9401957 0.340616 0.00359416 -0.9402076 0.3406021 -1.9729e-4 -0.9830451 0.1833643 -1.05192e-4 -0.9830463 0.1833577 -2.11328e-4 -0.9998294 0.01847445 -2.13009e-5 -0.06487458 0.988748 -0.1347918 -0.1527461 0.9808872 -0.1205357 -0.9891147 -0.1471471 1.51684e-4 -0.9891147 -0.1471467 1.69561e-4 -0.9891151 -0.1471438 1.69505e-4 -0.9891153 -0.1471425 8.42391e-5 -0.9891141 -0.1471512 8.42303e-5 -0.9891092 -0.1471542 -0.00296235 -0.956463 -0.2918462 0.002075314 -0.9564079 -0.2918331 0.01084315 -0.9479264 -0.3183581 0.009151518 -0.4723922 0.8747898 0.1076492 -0.5937024 0.7986828 0.09809863 -0.5938379 0.7895478 0.1548253 -0.7319408 0.6687151 0.1307013 -0.7320949 0.6593579 0.1711265 -0.852608 0.5059706 0.1305893 -0.8526685 0.4977235 0.1588333 -0.9370123 0.3330904 0.1051613 -0.9370986 0.3275534 0.1206448 -0.9813536 0.1809039 0.06495392 -0.981375 0.178741 0.07039028 -0.2230948 0.965312 -0.135652 -0.9996218 0.02649939 0.007364332 -0.9903591 -0.1255151 -0.05860894 -0.990361 -0.1255633 -0.0584715 -0.3678833 0.9236472 -0.1074143 -0.9830442 0.1833693 -1.8907e-4 -0.9830456 0.1833613 -2.11154e-4 -0.9402008 0.3406208 -3.92429e-4 -0.9401991 0.3406254 -1.96318e-4 -0.9998292 0.01848536 -2.12892e-5 -0.9998289 0.01848423 7.76711e-4 -0.999316 -0.03698194 2.15985e-5 -0.9993163 -0.03697299 0 -0.9922476 -0.1240186 -0.008019566 -0.9920678 -0.123997 0.02064424 -0.9791589 -0.2030763 0.002810001 -0.9993897 -0.03444707 0.005824446 -0.9978247 0.06499832 0.01101309 -0.9920902 0.1255134 0.001851975 -0.9768895 0.2133277 0.01334822 -0.9583036 0.2857337 0.003259301 -0.7406985 0.671314 0.02652198 -0.7317821 0.680787 0.03199946 -0.598355 0.800646 0.03061622 -0.9769743 0.2133315 -0.003336846 -0.9830483 0.1833404 0.001514315 -0.983048 0.1833484 -1.05693e-4 -0.4334152 0.8938025 -0.1151885 -0.506141 0.8568632 -0.09801578 -0.9978833 0.06501668 -0.001318335 -0.7318242 0.6764434 0.08281213 -0.8524082 0.5190443 0.06319379 -0.8524933 0.5131331 0.09974879 -0.9369006 0.3433009 0.06604361 -0.9369717 0.338539 0.08646118 -0.9812915 0.186816 0.04654777 -0.981316 0.1838844 0.05661648 -0.9996154 0.02713769 0.005706071 -0.9996184 0.0268374 0.006546974 -0.990381 -0.1281744 -0.05212247 -0.9903654 -0.1264349 -0.05648648 -0.5661607 0.8188167 -0.09487605 -0.6241854 0.7773002 -0.07872295 -0.4732251 0.8141405 0.3365017 -0.3325686 0.8713248 0.3608204 -0.332432 0.8824082 0.3329338 -0.1151124 0.9291197 0.3514054 -0.1149507 0.9449905 0.3062345 0.1329805 0.9426229 0.3062325 0.1330153 0.9426235 0.3062155 0.3617457 0.8864492 0.2887004 0.361917 0.9014767 0.2373941 0.5376822 0.8152213 0.2152032 0.5377131 0.8269524 0.1643608 0.678216 0.7206885 0.1436355 0.6782521 0.7291725 0.091003 0.8064364 0.5867309 0.07353413 0.8064152 0.5907961 0.02558487 0.806447 0.5907541 0.02555388 -0.6783555 0.730106 -0.08233541 0.8906969 0.4545976 -4.7247e-4 0.8950279 0.4460099 4.71076e-4 0.9518321 0.3066196 -6.14405e-4 0.954718 0.2975117 6.13886e-4 0.9891098 0.1471784 -4.95321e-4 0.9891101 0.1471782 -6.67103e-5 0.9371385 -0.3239812 -0.1296446 0.9371361 -0.3239874 -0.1296464 0.9813771 -0.1789642 -0.06979274 0.9813727 -0.1789869 -0.06979566 0.9996201 -0.02665424 -0.007034718 0.9996209 -0.02662372 -0.007033109 0.9903671 0.1266326 0.05601072 0.9903669 0.1266343 0.05601 0.9544993 0.2744349 0.1166908 -0.7572842 0.6507381 -0.05532348 -0.3326337 0.865518 0.3744774 -0.332539 0.8713316 0.3608312 -0.1152526 0.9174228 0.3808575 -0.115134 0.929118 0.3514029 0.1328527 0.9267501 0.3514034 0.1328517 0.9267494 0.3514059 0.361665 0.8714597 0.3312952 0.3617326 0.8864566 0.2886942 0.5374859 0.8016303 0.2617212 0.5376433 0.8152486 0.2151967 0.6782011 0.7104089 0.1880492 0.6782225 0.7206833 0.1436309 0.8064043 0.579865 0.1160549 0.8064384 0.5867273 0.07354038 0.8948517 0.4428561 0.05584663 0.8948414 0.4459614 0.01942205 0.8948556 0.4459338 0.01940792 0.9546386 0.2974785 0.01310092 0.9371754 -0.3215332 -0.1353463 0.9371669 -0.3215572 -0.1353492 0.9813894 -0.1776672 -0.07286447 0.9813943 -0.1776431 -0.07285785 0.9996218 -0.02650099 -0.007344722 0.9996218 -0.02650207 -0.007345199 0.9903588 0.1255807 0.05847239 -0.8020782 0.5942103 -0.05987185 -0.8713941 0.4897888 -0.02791553 -0.9044727 0.4252124 -0.03352153 -0.003950297 -0.9628182 -0.2701216 0.1194754 -0.9560106 -0.2678984 -0.9489639 0.3153767 -0.002275586 -0.9692122 0.2461802 -0.004806458 -0.9872175 0.1582345 0.01906698 0.4727772 -0.8410449 -0.2629168 0.47289 -0.8472152 -0.2420777 0.5298913 -0.8206847 -0.2137567 0.5941541 -0.7703933 -0.231247 0.6713731 -0.7184866 -0.1817559 0.7320918 -0.6510681 -0.2003795 0.8007843 -0.5823072 -0.1402249 0.85258 -0.4975624 -0.1598095 0.8906461 -0.440638 -0.1121955 0.9370324 -0.3334404 -0.1038651 0.9517269 -0.2992417 -0.06834 0.9813038 -0.1833313 -0.05858743 0.9890431 -0.1449356 -0.02806264 0.9995583 -0.02389484 -0.01767313 0.9997058 0.01352798 0.02013868 0.9904038 0.1347944 0.03050959 0.9829756 0.1732857 0.06108331 0.9545661 0.2894906 0.07070219 0.9401 0.3239257 0.106227 0.8948659 0.4314352 0.1143623 0.8572359 0.488819 0.1618729 0.8063837 0.574052 0.1421606 0.7382889 0.6434697 0.202179 0.6782305 0.711594 0.1834051 0.601457 0.764265 0.2326987 0.5378084 0.8151697 0.2150826 0.4809518 0.8423228 0.2432647 0.362082 0.9009189 0.239253 0.340838 0.9039506 0.2582691 0.1331617 0.9553632 0.2637216 0.1240456 0.9540716 0.2726907 0.004632592 0.9628134 0.2701278 -0.1240549 0.9554721 0.2677378 -0.1240617 0.955469 0.2677459 -0.3533716 0.9009618 0.2517863 -0.3534747 0.9009535 0.2516714 -0.5299426 0.8168603 0.2278161 -0.5300304 0.8168279 0.2277283 -0.6714364 0.7139878 0.1984812 -0.6711882 0.7051912 0.2284989 -0.7319521 0.653298 0.1935152 -0.7323575 0.6391845 0.2347248 -0.7323353 0.6392074 0.2347315 -0.8527995 0.4905609 0.1791179 -0.8528023 0.4905581 0.1791119 -0.9370794 0.3283576 0.1185899 -0.9369065 0.3359349 0.09671604 -0.9517782 0.2917388 0.09490436 -0.9518454 0.2958158 0.08052003 -0.9891251 0.1422977 0.03718656 0.9371682 -0.3214098 -0.1356893 0.9371746 -0.3213919 -0.135688 0.9813975 -0.1775508 -0.07303857 0.9813916 -0.1775827 -0.0730403 0.9996216 -0.02650719 -0.007358491 -0.1285033 -0.9459707 -0.2977018 -0.003948092 -0.9539952 -0.2997956 -0.9959713 0.08739125 0.02009886 0.3532376 -0.9046326 -0.2384597 0.3322024 -0.9074131 -0.2573775 0.124027 -0.9566735 -0.263426 0.9371433 -0.3235237 -0.1307482 0.9371407 -0.3235316 -0.1307466 0.9813762 -0.1787361 -0.07038515 -0.5943197 0.7546268 0.2780699 -0.5943146 0.7546305 0.2780702 -0.4730721 0.8264784 0.3051823 -0.4730216 0.8265048 0.3051891 -0.3323591 0.8845602 0.3272473 -0.3323528 0.8845653 0.3272399 -0.1151103 0.9313725 0.345391 -0.1151197 0.9313699 0.3453951 0.1328867 0.9290009 0.3453961 0.1329987 0.9454032 0.2975303 0.1329967 0.9454011 0.2975378 0.3617599 0.8890727 0.2804988 0.3618617 0.8890201 0.2805342 0.5375385 0.8039864 0.2542799 0.5375778 0.8039572 0.2542893 -0.9989942 -0.005218327 0.04453766 -0.9961916 -0.07720339 0.04052269 -0.9834553 -0.1692641 0.06454008 0.8063182 0.5635651 0.1795703 0.8947265 0.4252956 0.1363389 0.8947568 0.4252328 0.1363357 0.954548 0.283517 0.09195828 0.9545456 0.2835265 0.09195417 0.9904034 0.1309658 0.04414892 0.9904039 0.1309624 0.04414916 0.9996153 -0.02717328 -0.005564928 0.9996117 -0.02730399 -0.005562186 0.9813221 -0.1843409 -0.05500596 0.9813127 -0.1843832 -0.0550298 0.9370462 -0.3339451 -0.1021044 0.9369985 -0.3340554 -0.1021813 0.8526499 -0.4991731 -0.1543194 0.8526571 -0.4991624 -0.1543139 0.7321458 -0.6504318 -0.2022401 0.7320856 -0.6505035 -0.2022277 0.5940957 -0.7678934 -0.2395622 0.5940639 -0.7679207 -0.2395539 0.4727516 -0.8410595 -0.2629163 -0.5939326 0.7703215 0.2320535 -0.4730252 0.834788 0.2817382 -0.5299596 0.8116802 0.2455978 -0.3533382 0.8906611 0.2861385 -0.3321062 0.9006651 0.2801928 -0.1240748 0.9460446 0.2993412 -0.114907 0.9484503 0.2953616 0.004841744 0.95398 0.2998313 -0.6714966 0.7139216 0.1985154 -0.800995 0.5769766 0.1597036 -0.8010407 0.5769295 0.1596443 -0.8907134 0.4382641 0.1206412 -0.8907849 0.4381591 0.1204944 -0.9518538 0.2957915 0.08050996 -0.8906999 0.4332103 0.1377778 -0.8524359 0.5024388 0.1445977 -0.8007929 0.5691182 0.1866417 -0.9904237 -0.1329134 -0.03734987 -0.9904385 -0.1349725 -0.02853447 -0.9904365 -0.1349869 -0.02853417 -0.990454 -0.1366547 -0.01807266 -0.9904488 -0.1366905 -0.01807928 -0.968829 -0.2392554 0.06424421 -0.9413595 -0.3260337 0.08685779 -0.9157974 -0.3932851 0.08149814 -0.876072 -0.4712415 0.1021238 -0.9812351 0.1925212 0.01064825 -0.9812344 0.1914977 0.02253466 -0.999608 0.0279054 0.002273917 -0.9996103 0.02768486 0.003578186 -0.2246733 0.9574227 -0.1812839 -0.2417221 0.9523619 -0.1859496 -0.4349529 0.8859984 -0.1606951 -0.4505204 0.877687 -0.1633924 -0.5677807 0.810762 -0.1424438 -0.5818112 0.8007504 -0.1424598 -0.679591 0.7236493 -0.1203656 -0.69228 0.7112634 -0.121873 -0.8030081 0.5892698 -0.0891025 -0.8133046 0.5747211 -0.09072655 -0.9050521 0.4221027 -0.05205726 -0.8401079 -0.5330116 0.1005854 -0.9695284 0.2445389 -0.01467597 -0.9737313 0.2271557 -0.0157454 -0.9960623 0.08693587 0.01737767 -0.9974535 0.0692265 0.01715552 -0.9958614 -0.07555943 0.050507 -0.9944161 -0.09345787 0.04901349 -0.968245 -0.2364112 0.08131021 -0.9639631 -0.2535178 0.08064711 -0.9147897 -0.3885156 0.1105237 -0.7819902 -0.6112344 0.1219992 -0.8388569 -0.5272778 0.1352681 -0.8294277 -0.5422877 0.1340661 -0.73484 -0.659277 0.159261 -0.7231014 -0.672967 0.1556912 -0.591498 -0.7860078 0.179783 -0.5775827 -0.7971318 0.1760089 -0.439805 -0.8771618 0.1927665 -0.4244094 -0.8855513 0.1888801 -0.2553307 -0.945656 0.2013481 -0.2387643 -0.9513051 0.1949622 -0.05703955 -0.9780239 0.2005388 -0.01337027 -0.9824309 0.1861473 0.0669977 -0.9787365 0.1938713 0.1109012 -0.9751665 0.1917061 0.1122768 -0.9651818 0.2362583 0.128354 -0.9633888 0.2353878 0.1289628 -0.9571229 0.2593924 0.2509334 -0.9350864 0.2502917 0.2579569 -0.9359529 0.239688 0.4525094 -0.860719 0.2332345 0.4514695 -0.8709091 0.194146 0.5691609 -0.8006257 0.1872282 0.5685495 -0.8059911 0.1647113 0.679259 -0.7247435 0.1155601 0.7589367 -0.64152 0.1116577 0.8026008 -0.5906133 0.0837152 0.8728851 -0.4818673 0.07665205 0.9046469 -0.4236502 0.04620385 0.9500699 -0.3097531 0.03768783 0.9692806 -0.2457421 0.0102967 0.987919 -0.154938 0.003241419 0.9959471 -0.08767139 -0.02008086 0.9995944 0.007660925 -0.02743005 0.9957207 0.07441419 -0.05479943 0.9835969 0.169475 -0.06177031 0.9682263 0.2356234 -0.08378249 0.9413682 0.3252447 -0.08967626 0.9147857 0.3874226 -0.114329 0.8755189 0.4683809 -0.1186844 0.8388525 0.5267683 -0.1372653 0.7814693 0.6080058 -0.1401246 0.7348394 0.6582301 -0.163537 0.6475302 0.7441972 -0.1639364 -0.7365258 -0.6671641 0.1114532 -0.648429 -0.749145 0.1353573 -0.5934886 -0.7951197 0.1247242 0.3236047 0.9273542 -0.1878676 0.2552708 0.944627 -0.2061961 0.09274834 0.9775667 -0.1891061 0.02149689 0.9782121 -0.2064925 -0.06702232 0.9787363 -0.1938642 -0.1109353 0.9751582 -0.1917286 -0.1123315 0.9651682 -0.2362881 -0.1283832 0.9633833 -0.235394 -0.504022 -0.8517197 0.1433026 -0.2582129 0.9332879 -0.2495998 -0.2582113 0.9332886 -0.2495985 -0.4658111 0.8562633 -0.2232335 -0.4658517 0.8562518 -0.2231931 -0.5959869 0.7780788 -0.1984771 -0.595978 0.7780782 -0.1985056 -0.7047375 0.6885069 -0.1711822 -0.704759 0.6884989 -0.1711258 -0.4419857 -0.8871241 0.1328888 -0.3249222 -0.9334851 0.1517608 -0.2578417 -0.957118 0.1320714 -0.1221601 -0.981294 0.1487924 -0.9739552 0.225647 -0.02224385 -0.9775527 0.2084919 -0.03036314 -0.997488 0.06897997 0.01611107 -0.998597 0.05196797 0.01016581 -0.9941486 -0.09145164 0.05749034 -0.9928421 -0.1091807 0.04841488 -0.9635545 -0.2502325 0.09458637 -0.9597002 -0.2669215 0.08791118 -0.9072418 -0.3994914 0.1316019 -0.9011669 -0.4159794 0.1218999 -0.8286936 -0.5358774 0.1615626 -0.8205011 -0.5503704 0.1545013 -0.722124 -0.6642888 0.1930215 -0.712068 -0.6785022 0.1805387 -0.5764592 -0.787245 0.2189524 -0.05949491 -0.9893237 0.1330379 -0.4231687 -0.8748375 0.2357706 -0.4098875 -0.8841786 0.2240995 -0.2372627 -0.9389928 0.2489959 -0.2230881 -0.9468244 0.231852 -0.01148629 -0.9681248 0.250205 0.004137814 -0.9731431 0.2301645 0.005056738 -0.9643839 0.2644587 0.1240298 -0.992278 0.001022577 0.1901453 -0.9633071 0.1894317 0.2327569 -0.9570347 0.172942 0.3702205 -0.9114963 0.1791965 0.5071847 -0.8527625 0.1247395 0.4352428 -0.8838256 0.1715117 0.6258001 -0.7698227 0.1254889 -0.2428203 0.9449411 -0.2193735 -0.2577977 0.9375534 -0.2335254 -0.4516934 0.8702219 -0.1966903 -0.4654359 0.8605605 -0.206894 -0.5830498 0.7929489 -0.1768766 -0.595525 0.7827299 -0.1807872 -0.6932958 0.7049942 -0.1494125 -0.7044417 0.6920295 -0.1576616 -0.8140883 0.5698547 -0.1119186 0.2348282 -0.9427066 0.2369812 0.2499693 -0.9438614 0.215965 0.4365342 -0.8739161 0.2137955 0.4656642 -0.8583227 0.2154976 0.5838026 -0.7855401 0.2051862 0.1240319 -0.9922778 0.001023411 0.681041 -0.71322 0.1658333 0.6932299 -0.7054914 0.1473579 0.8042296 -0.5799283 0.1299919 0.8140453 -0.5703333 0.1097738 0.9060437 -0.4142498 0.08649843 0.9127913 -0.4031975 0.06514507 0.9702451 -0.2388633 0.03960752 0.973872 -0.2261268 0.02097886 0.9965229 -0.08330714 -0.001461982 0.9974431 -0.06943517 -0.01691699 0.9961613 0.07794576 -0.03984093 0.994146 0.09102845 -0.05820387 0.9683263 0.2364445 -0.08023864 0.9635682 0.2500002 -0.09505921 0.9147787 0.3873164 -0.1147443 0.9072822 0.3993327 -0.1318044 0.838585 0.5241459 -0.1484801 0.8287192 0.5358014 -0.1616836 0.7345392 0.6554626 -0.1755591 0.7222167 0.6642301 -0.1928769 0.5910518 0.7805845 -0.2033367 0.5766115 0.7872269 -0.2186168 0.4391711 0.8705204 -0.2220883 0.4231585 0.8749595 -0.2353355 0.2545763 0.9389048 -0.2316221 0.2372694 0.9392062 -0.2481833 0.020729 0.9723884 -0.2324462 0.002906084 0.9683241 -0.2496798 0.0027107 0.9664031 -0.2570173 -0.01272732 0.9622338 -0.2719269 0.5958254 -0.7791832 0.1945908 0.694139 -0.6967225 0.180967 0.7045143 -0.690342 0.164583 0.8148912 -0.562071 0.1415219 0.8230983 -0.5542465 0.1237748 0.9135692 -0.3957087 0.09384143 0.9191974 -0.3865987 0.07495039 0.974462 -0.2204154 0.04290539 0.9774085 -0.2097275 0.02621322 0.9978538 -0.06545966 -0.001667499 0.9984357 -0.05367195 -0.01567023 0.9945288 0.09471237 -0.04406958 0.9925441 0.1057335 -0.06063503 0.9637573 0.2518268 -0.08806324 0.959372 0.2632634 -0.1014785 0.9074305 0.4007558 -0.1263518 0.9006723 0.410764 -0.1416426 0.8286905 0.5354421 -0.1630145 0.8199769 0.5450539 -0.1747977 0.7221958 0.6640495 -0.1935754 0.7114465 0.6710166 -0.2087599 0.576457 0.7858642 -0.2238638 0.5637853 0.7910767 -0.2373684 0.4229013 0.8725854 -0.2444362 0.4090052 0.8758726 -0.2560511 0.2370534 0.937222 -0.2557747 0.2221612 0.9368607 -0.2700674 -0.9996083 0.02789574 0.002276659 0.9370901 -0.3275755 -0.1206503 -0.3194093 0.9475998 0.005696117 0.7162432 0.6976333 -0.01742172 -0.9776002 0.2079558 -0.03244 -0.9985792 0.05219382 0.01075464 -0.9985806 0.05215013 0.01082795 -0.9927057 -0.1075707 0.05444318 -0.9926998 -0.1076008 0.05449193 -0.959486 -0.26462 0.09676295 -0.9594933 -0.2645893 0.09677392 -0.9008371 -0.4123748 0.1357919 -0.9008052 -0.4124594 0.1357471 -0.8201042 -0.5462057 0.1705536 -0.8200703 -0.5462673 0.1705193 -0.7115739 -0.6727937 0.2025126 -0.711533 -0.6728211 0.2025654 -0.5639166 -0.7926637 0.2316946 -0.5638708 -0.7927061 0.231661 -0.4091924 -0.8772298 0.2510566 -0.4091404 -0.8772687 0.2510058 -0.2223293 -0.9387875 0.2631499 -0.2222816 -0.9387753 0.2632337 0.6715208 0.7409856 -3.3561e-4 0.5299896 0.8480041 -3.86908e-4 -0.06017965 -0.9972764 -0.04264241 -0.06023126 -0.9981846 0 -0.4807096 -0.8367872 -0.2621173 -0.3618017 -0.887344 -0.2858678 0.989116 0.1471384 -1.69501e-4 0.9518383 0.3066003 -3.53121e-4 0.8009995 0.598665 -8.42956e-5 0.8767307 0.4809816 -4.10771e-4 0.1833463 0.9830482 -6.85898e-4 -0.1243928 -0.9881151 0.09030526</float_array>
          <technique_common>
            <accessor source="#Mesh23_001-mesh-normals-array" count="1888" stride="3">
              <param name="X" type="float"/>
              <param name="Y" type="float"/>
              <param name="Z" type="float"/>
            </accessor>
          </technique_common>
        </source>
        <vertices id="Mesh23_001-mesh-vertices">
          <input semantic="POSITION" source="#Mesh23_001-mesh-positions"/>
        </vertices>
        <triangles material="Material_5-material" count="1888">
          <input semantic="VERTEX" source="#Mesh23_001-mesh-vertices" offset="0"/>
          <input semantic="NORMAL" source="#Mesh23_001-mesh-normals" offset="1"/>
          <p>533 0 583 0 531 0 13 1 11 1 2 1 13 2 77 2 11 2 80 3 77 3 13 3 181 4 77 4 80 4 621 5 659 5 652 5 519 6 451 6 524 6 308 7 246 7 318 7 16 8 80 8 13 8 104 9 80 9 16 9 183 10 80 10 104 10 183 11 181 11 80 11 429 12 449 12 425 12 592 13 602 13 584 13 649 14 602 14 592 14 649 15 677 15 602 15 123 16 18 16 105 16 25 17 104 17 16 17 53 18 73 18 112 18 53 19 57 19 73 19 109 20 57 20 53 20 93 21 57 21 109 21 740 22 739 22 807 22 681 23 739 23 740 23 681 24 680 24 739 24 482 25 476 25 547 25 546 26 603 26 601 26 546 27 547 27 603 27 546 28 482 28 547 28 410 29 475 29 480 29 410 30 412 30 475 30 369 31 412 31 410 31 326 32 378 32 384 32 760 33 825 33 814 33 327 34 326 34 384 34 272 35 326 35 327 35 51 36 65 36 50 36 66 37 65 37 51 37 61 38 68 38 67 38 46 39 56 39 40 39 61 40 60 40 97 40 67 41 60 41 61 41 424 42 395 42 423 42 561 43 494 43 562 43 561 44 493 44 494 44 562 45 617 45 561 45 735 46 784 46 723 46 592 47 607 47 649 47 801 48 784 48 735 48 801 49 856 49 784 49 920 50 959 50 912 50 640 51 692 51 693 51 640 52 639 52 692 52 430 53 501 53 512 53 503 54 437 54 502 54 503 55 434 55 437 55 693 56 641 56 640 56 976 57 969 57 970 57 562 58 528 58 544 58 494 59 528 59 562 59 494 60 506 60 528 60 436 61 505 61 462 61 167 62 168 62 121 62 218 63 177 63 228 63 369 64 370 64 412 64 392 65 397 65 341 65 446 66 455 66 397 66 511 67 439 67 468 67 366 68 314 68 365 68 694 69 679 69 647 69 366 70 315 70 314 70 647 71 628 71 594 71 594 72 628 72 591 72 202 73 171 73 201 73 169 74 171 74 202 74 169 75 109 75 171 75 323 76 289 76 267 76 396 77 438 77 450 77 274 78 329 78 328 78 204 79 256 79 198 79 255 80 256 80 204 80 317 81 256 81 255 81 203 82 169 82 202 82 748 83 749 83 816 83 748 84 691 84 749 84 401 85 464 85 422 85 401 86 422 86 394 86 509 87 508 87 432 87 509 88 570 88 508 88 363 89 437 89 434 89 571 90 570 90 509 90 638 91 637 91 571 91 638 92 688 92 637 92 468 93 520 93 511 93 365 94 436 94 366 94 468 95 518 95 520 95 121 96 122 96 71 96 168 97 122 97 121 97 217 98 161 98 162 98 221 99 161 99 217 99 575 100 638 100 571 100 585 101 646 101 586 101 259 102 311 102 253 102 258 103 314 103 315 103 348 104 394 104 317 104 387 105 394 105 348 105 401 106 394 106 387 106 757 107 809 107 793 107 757 108 747 108 809 108 261 109 271 109 292 109 261 110 229 110 271 110 205 111 229 111 261 111 472 112 536 112 474 112 628 113 588 113 591 113 683 114 625 114 679 114 683 115 631 115 625 115 702 116 631 116 683 116 901 117 938 117 891 117 901 118 924 118 938 118 741 119 769 119 797 119 321 120 288 120 343 120 263 121 288 121 321 121 263 122 215 122 288 122 400 123 418 123 373 123 404 124 418 124 400 124 596 125 597 125 545 125 596 126 661 126 597 126 662 127 661 127 596 127 815 128 748 128 816 128 569 129 508 129 570 129 288 130 350 130 343 130 232 131 267 131 289 131 69 132 53 132 112 132 400 133 403 133 404 133 321 134 297 134 263 134 891 135 884 135 901 135 461 136 502 136 437 136 543 137 529 137 527 137 543 138 572 138 529 138 661 139 622 139 597 139 749 140 817 140 816 140 214 141 213 141 273 141 214 142 273 142 279 142 279 143 273 143 333 143 279 144 333 144 334 144 334 145 333 145 388 145 334 146 388 146 389 146 389 147 388 147 443 147 389 148 443 148 444 148 444 149 443 149 516 149 444 150 516 150 517 150 517 151 516 151 581 151 517 152 581 152 582 152 582 153 581 153 644 153 582 154 644 154 645 154 645 155 644 155 698 155 645 156 698 156 646 156 646 157 698 157 699 157 646 158 699 158 688 158 688 159 699 159 750 159 688 160 750 160 749 160 749 161 750 161 817 161 155 162 213 162 214 162 816 163 817 163 875 163 816 164 875 164 874 164 874 165 875 165 929 165 874 166 929 166 918 166 918 167 929 167 967 167 918 168 967 168 975 168 975 169 967 169 960 169 975 170 960 170 921 170 921 171 960 171 914 171 921 172 914 172 879 172 879 173 914 173 858 173 879 174 858 174 800 174 800 175 858 175 785 175 800 176 785 176 736 176 736 177 785 177 724 177 736 178 724 178 728 178 728 179 724 179 671 179 728 180 671 180 661 180 661 181 671 181 622 181 155 182 153 182 213 182 597 183 622 183 572 183 597 184 572 184 543 184 94 185 153 185 155 185 94 186 91 186 153 186 527 187 529 187 502 187 527 188 502 188 461 188 39 189 91 189 94 189 461 190 437 190 422 190 461 191 422 191 464 191 461 192 464 192 527 192 527 193 464 193 530 193 527 194 530 194 545 194 545 195 530 195 549 195 545 196 549 196 596 196 596 197 549 197 599 197 596 198 599 198 662 198 662 199 599 199 674 199 662 200 674 200 729 200 729 201 674 201 727 201 729 202 727 202 768 202 768 203 727 203 761 203 768 204 761 204 796 204 796 205 761 205 752 205 796 206 752 206 798 206 798 207 752 207 737 207 798 208 737 208 792 208 798 209 792 209 849 209 849 210 792 210 845 210 849 211 845 211 891 211 891 212 845 212 884 212 39 213 35 213 91 213 901 214 884 214 886 214 901 215 886 215 890 215 890 216 886 216 870 216 890 217 870 217 866 217 866 218 870 218 826 218 866 219 826 219 797 219 797 220 826 220 789 220 797 221 789 221 741 221 741 222 789 222 732 222 741 223 732 223 700 223 700 224 732 224 676 224 700 225 676 225 620 225 620 226 676 226 607 226 620 227 607 227 540 227 620 228 540 228 539 228 539 229 540 229 471 229 539 230 471 230 488 230 488 231 471 231 465 231 488 232 465 232 415 232 415 233 465 233 398 233 415 234 398 234 371 234 371 235 398 235 336 235 371 236 336 236 321 236 321 237 336 237 297 237 30 238 35 238 39 238 263 239 297 239 236 239 263 240 236 240 207 240 207 241 236 241 180 241 207 242 180 242 136 242 136 243 180 243 85 243 136 244 85 244 48 244 48 245 85 245 21 245 48 246 21 246 24 246 24 247 21 247 14 247 24 248 14 248 20 248 20 249 14 249 15 249 20 250 15 250 26 250 26 251 15 251 23 251 26 252 23 252 103 252 103 253 23 253 102 253 103 254 102 254 154 254 154 255 102 255 158 255 154 256 158 256 224 256 224 257 158 257 230 257 224 258 230 258 283 258 283 259 230 259 291 259 283 260 291 260 335 260 335 261 291 261 342 261 335 262 342 262 400 262 400 263 342 263 403 263 30 264 29 264 35 264 404 265 403 265 469 265 404 266 469 266 457 266 404 267 457 267 418 267 418 268 457 268 401 268 418 269 401 269 373 269 373 270 401 270 387 270 373 271 387 271 345 271 345 272 387 272 348 272 345 273 348 273 292 273 292 274 348 274 317 274 292 275 317 275 261 275 261 276 317 276 255 276 261 277 255 277 205 277 205 278 255 278 204 278 205 279 204 279 170 279 170 280 204 280 198 280 170 281 198 281 147 281 147 282 198 282 199 282 147 283 199 283 148 283 148 284 199 284 200 284 148 285 200 285 149 285 149 286 200 286 201 286 149 287 201 287 150 287 150 288 201 288 171 288 150 289 171 289 111 289 111 290 171 290 109 290 111 291 109 291 52 291 52 292 109 292 53 292 52 293 53 293 69 293 33 294 29 294 30 294 69 295 112 295 114 295 114 296 112 296 162 296 114 297 162 297 118 297 118 298 162 298 161 298 118 299 161 299 160 299 160 300 161 300 220 300 160 301 220 301 219 301 219 302 220 302 275 302 219 303 275 303 222 303 222 304 275 304 274 304 222 305 274 305 231 305 231 306 274 306 267 306 231 307 267 307 232 307 33 308 32 308 29 308 232 309 289 309 288 309 288 310 289 310 350 310 83 311 32 311 33 311 343 312 350 312 399 312 343 313 399 313 371 313 371 314 399 314 415 314 415 315 399 315 452 315 415 316 452 316 473 316 473 317 452 317 459 317 473 318 459 318 485 318 485 319 459 319 467 319 485 320 467 320 531 320 531 321 467 321 507 321 531 322 507 322 533 322 533 323 507 323 508 323 533 324 508 324 569 324 83 325 82 325 32 325 569 326 570 326 635 326 635 327 570 327 636 327 635 328 636 328 689 328 689 329 636 329 690 329 689 330 690 330 747 330 747 331 690 331 748 331 747 332 748 332 815 332 146 333 82 333 83 333 815 334 816 334 874 334 815 335 874 335 855 335 855 336 874 336 918 336 855 337 918 337 889 337 889 338 918 338 964 338 889 339 964 339 952 339 952 340 964 340 974 340 952 341 974 341 947 341 947 342 974 342 919 342 947 343 919 343 895 343 895 344 919 344 842 344 895 345 842 345 832 345 832 346 842 346 788 346 832 347 788 347 768 347 768 348 788 348 729 348 729 349 788 349 736 349 729 350 736 350 728 350 729 351 728 351 662 351 662 352 728 352 661 352 146 353 145 353 82 353 209 354 145 354 146 354 209 355 208 355 145 355 545 356 597 356 543 356 545 357 543 357 527 357 464 358 491 358 530 358 530 359 491 359 532 359 530 360 532 360 549 360 549 361 532 361 589 361 549 362 589 362 599 362 599 363 589 363 631 363 599 364 631 364 674 364 674 365 631 365 702 365 674 366 702 366 727 366 727 367 702 367 761 367 761 368 702 368 683 368 761 369 683 369 752 369 752 370 683 370 679 370 752 371 679 371 737 371 209 372 264 372 208 372 209 373 265 373 264 373 400 374 373 374 335 374 335 375 373 375 345 375 335 376 345 376 283 376 283 377 345 377 271 377 283 378 271 378 224 378 224 379 271 379 229 379 224 380 229 380 154 380 154 381 229 381 173 381 154 382 173 382 103 382 103 383 173 383 99 383 103 384 99 384 26 384 26 385 99 385 37 385 26 386 37 386 20 386 20 387 37 387 27 387 20 388 27 388 24 388 24 389 27 389 38 389 24 390 38 390 48 390 48 391 38 391 124 391 48 392 124 392 136 392 136 393 124 393 172 393 136 394 172 394 207 394 207 395 172 395 215 395 207 396 215 396 263 396 233 397 265 397 209 397 233 398 293 398 265 398 234 399 293 399 233 399 321 400 343 400 371 400 415 401 473 401 488 401 488 402 473 402 542 402 488 403 542 403 539 403 539 404 542 404 600 404 539 405 600 405 620 405 620 406 600 406 701 406 620 407 701 407 700 407 700 408 701 408 769 408 700 409 769 409 741 409 234 410 294 410 293 410 797 411 769 411 823 411 797 412 823 412 866 412 866 413 823 413 887 413 866 414 887 414 890 414 890 415 887 415 924 415 890 416 924 416 901 416 239 417 294 417 234 417 239 418 295 418 294 418 891 419 938 419 899 419 891 420 899 420 849 420 849 421 899 421 868 421 849 422 868 422 798 422 798 423 868 423 796 423 796 424 868 424 832 424 796 425 832 425 768 425 242 426 295 426 239 426 242 427 299 427 295 427 244 428 299 428 242 428 679 429 625 429 628 429 628 430 625 430 588 430 244 431 300 431 299 431 591 432 588 432 535 432 535 433 588 433 536 433 535 434 536 434 472 434 247 435 300 435 244 435 474 436 536 436 532 436 474 437 532 437 491 437 288 438 215 438 232 438 232 439 215 439 197 439 232 440 197 440 231 440 231 441 197 441 179 441 231 442 179 442 222 442 222 443 179 443 164 443 222 444 164 444 219 444 219 445 164 445 159 445 219 446 159 446 160 446 160 447 159 447 117 447 160 448 117 448 118 448 118 449 117 449 68 449 118 450 68 450 114 450 114 451 68 451 69 451 69 452 68 452 52 452 52 453 68 453 61 453 52 454 61 454 111 454 111 455 61 455 97 455 111 456 97 456 150 456 150 457 97 457 96 457 150 458 96 458 149 458 149 459 96 459 95 459 149 460 95 460 148 460 148 461 95 461 98 461 148 462 98 462 147 462 147 463 98 463 129 463 147 464 129 464 170 464 170 465 129 465 127 465 170 466 127 466 205 466 205 467 127 467 173 467 205 468 173 468 229 468 247 469 301 469 300 469 248 470 301 470 247 470 248 471 302 471 301 471 292 472 271 472 345 472 832 473 868 473 895 473 895 474 868 474 899 474 895 475 899 475 947 475 947 476 899 476 938 476 947 477 938 477 952 477 952 478 938 478 924 478 952 479 924 479 887 479 952 480 887 480 888 480 888 481 887 481 823 481 888 482 823 482 829 482 829 483 823 483 769 483 829 484 769 484 775 484 775 485 769 485 701 485 775 486 701 486 704 486 704 487 701 487 600 487 704 488 600 488 611 488 611 489 600 489 542 489 611 490 542 490 537 490 537 491 542 491 473 491 537 492 473 492 485 492 537 493 485 493 531 493 537 494 531 494 590 494 590 495 531 495 583 495 590 496 583 496 619 496 619 497 583 497 569 497 619 498 569 498 635 498 619 499 635 499 687 499 687 500 635 500 689 500 687 501 689 501 747 501 687 502 747 502 757 502 249 503 302 503 248 503 249 504 303 504 302 504 793 505 809 505 855 505 793 506 855 506 889 506 793 507 889 507 829 507 829 508 889 508 888 508 888 509 889 509 952 509 625 510 631 510 588 510 588 511 631 511 589 511 588 512 589 512 536 512 536 513 589 513 532 513 250 514 303 514 249 514 250 515 304 515 303 515 251 516 304 516 250 516 317 517 394 517 363 517 317 518 363 518 312 518 312 519 363 519 313 519 312 520 313 520 257 520 257 521 313 521 314 521 257 522 314 522 258 522 251 523 306 523 304 523 258 524 315 524 259 524 259 525 315 525 311 525 252 526 306 526 251 526 253 527 311 527 254 527 253 528 254 528 203 528 203 529 254 529 252 529 203 530 252 530 195 530 195 531 252 531 251 531 195 532 251 532 194 532 194 533 251 533 250 533 194 534 250 534 193 534 193 535 250 535 249 535 193 536 249 536 192 536 192 537 249 537 248 537 192 538 248 538 191 538 191 539 248 539 247 539 191 540 247 540 190 540 190 541 247 541 244 541 190 542 244 542 189 542 189 543 244 543 242 543 189 544 242 544 188 544 188 545 242 545 239 545 188 546 239 546 187 546 187 547 239 547 234 547 187 548 234 548 184 548 184 549 234 549 233 549 184 550 233 550 182 550 182 551 233 551 209 551 182 552 209 552 146 552 182 553 146 553 131 553 131 554 146 554 83 554 131 555 83 555 72 555 72 556 83 556 33 556 72 557 33 557 30 557 72 558 30 558 31 558 31 559 30 559 39 559 31 560 39 560 42 560 42 561 39 561 94 561 42 562 94 562 101 562 101 563 94 563 155 563 101 564 155 564 156 564 156 565 155 565 214 565 156 566 214 566 216 566 216 567 214 567 279 567 216 568 279 568 281 568 281 569 279 569 334 569 281 570 334 570 337 570 337 571 334 571 389 571 337 572 389 572 390 572 390 573 389 573 444 573 390 574 444 574 445 574 445 575 444 575 517 575 445 576 517 576 518 576 518 577 517 577 582 577 518 578 582 578 585 578 585 579 582 579 645 579 585 580 645 580 646 580 252 581 307 581 306 581 586 582 646 582 638 582 586 583 638 583 575 583 254 584 307 584 252 584 575 585 571 585 510 585 510 586 571 586 509 586 510 587 509 587 433 587 433 588 509 588 432 588 433 589 432 589 382 589 382 590 432 590 381 590 382 591 381 591 331 591 331 592 381 592 330 592 331 593 330 593 277 593 277 594 330 594 276 594 277 595 276 595 221 595 221 596 276 596 220 596 221 597 220 597 161 597 254 598 316 598 307 598 311 599 316 599 254 599 217 600 162 600 177 600 177 601 162 601 112 601 177 602 112 602 168 602 168 603 112 603 122 603 311 604 393 604 316 604 366 605 393 605 311 605 121 606 71 606 64 606 64 607 71 607 54 607 64 608 54 608 47 608 47 609 54 609 89 609 47 610 89 610 87 610 87 611 89 611 140 611 87 612 140 612 139 612 139 613 140 613 190 613 139 614 190 614 189 614 139 615 189 615 138 615 138 616 189 616 188 616 138 617 188 617 137 617 137 618 188 618 187 618 137 619 187 619 135 619 135 620 187 620 184 620 135 621 184 621 134 621 134 622 184 622 182 622 134 623 182 623 131 623 134 624 131 624 76 624 76 625 131 625 72 625 76 626 72 626 31 626 76 627 31 627 34 627 34 628 31 628 42 628 34 629 42 629 44 629 44 630 42 630 101 630 44 631 101 631 106 631 106 632 101 632 156 632 106 633 156 633 157 633 157 634 156 634 216 634 157 635 216 635 223 635 223 636 216 636 281 636 223 637 281 637 282 637 282 638 281 638 337 638 282 639 337 639 338 639 338 640 337 640 390 640 338 641 390 641 391 641 391 642 390 642 445 642 391 643 445 643 446 643 446 644 445 644 518 644 446 645 518 645 468 645 366 646 436 646 393 646 365 647 435 647 436 647 511 648 520 648 575 648 511 649 575 649 510 649 511 650 510 650 439 650 439 651 510 651 433 651 439 652 433 652 383 652 383 653 433 653 382 653 383 654 382 654 332 654 332 655 382 655 331 655 332 656 331 656 278 656 278 657 331 657 277 657 278 658 277 658 217 658 217 659 277 659 221 659 537 660 590 660 611 660 611 661 590 661 648 661 611 662 648 662 704 662 704 663 648 663 703 663 704 664 703 664 734 664 734 665 703 665 687 665 734 666 687 666 757 666 734 667 757 667 793 667 734 668 793 668 775 668 775 669 793 669 829 669 646 670 688 670 638 670 364 671 435 671 365 671 364 672 434 672 435 672 571 673 637 673 636 673 571 674 636 674 570 674 363 675 434 675 364 675 394 676 437 676 363 676 394 677 422 677 437 677 432 678 508 678 431 678 432 679 431 679 381 679 381 680 431 680 380 680 381 681 380 681 330 681 330 682 380 682 329 682 330 683 329 683 276 683 276 684 329 684 275 684 276 685 275 685 220 685 590 686 619 686 648 686 648 687 619 687 687 687 648 688 687 688 703 688 636 689 637 689 690 689 690 690 637 690 691 690 690 691 691 691 748 691 457 692 464 692 401 692 457 693 491 693 464 693 190 694 140 694 191 694 191 695 140 695 141 695 191 696 141 696 192 696 192 697 141 697 142 697 192 698 142 698 193 698 193 699 142 699 143 699 193 700 143 700 194 700 194 701 143 701 144 701 194 702 144 702 195 702 195 703 144 703 169 703 195 704 169 704 203 704 469 705 491 705 457 705 203 706 202 706 253 706 253 707 202 707 259 707 259 708 202 708 201 708 259 709 201 709 200 709 259 710 200 710 258 710 258 711 200 711 199 711 258 712 199 712 257 712 257 713 199 713 256 713 257 714 256 714 312 714 312 715 256 715 317 715 469 716 474 716 491 716 466 717 474 717 469 717 466 718 472 718 474 718 198 719 256 719 199 719 275 720 329 720 274 720 470 721 472 721 466 721 274 722 328 722 323 722 323 723 328 723 379 723 323 724 379 724 396 724 396 725 379 725 438 725 521 726 472 726 470 726 450 727 438 727 467 727 450 728 467 728 459 728 450 729 459 729 402 729 402 730 459 730 452 730 402 731 452 731 399 731 402 732 399 732 350 732 402 733 350 733 396 733 396 734 350 734 323 734 323 735 350 735 289 735 521 736 535 736 472 736 323 737 267 737 274 737 140 738 89 738 141 738 141 739 89 739 90 739 141 740 90 740 142 740 142 741 90 741 92 741 142 742 92 742 143 742 143 743 92 743 93 743 143 744 93 744 144 744 144 745 93 745 109 745 144 746 109 746 169 746 538 747 535 747 521 747 538 748 591 748 535 748 594 749 591 749 538 749 329 750 380 750 328 750 328 751 380 751 379 751 379 752 380 752 431 752 379 753 431 753 438 753 438 754 431 754 508 754 438 755 508 755 507 755 438 756 507 756 467 756 311 757 315 757 366 757 647 758 679 758 628 758 694 759 737 759 679 759 365 760 314 760 313 760 365 761 313 761 364 761 364 762 313 762 363 762 743 763 737 763 694 763 468 764 439 764 455 764 468 765 455 765 446 765 743 766 792 766 737 766 446 767 397 767 392 767 795 768 792 768 743 768 392 769 341 769 340 769 340 770 341 770 286 770 340 771 286 771 285 771 285 772 286 772 227 772 285 773 227 773 226 773 226 774 227 774 166 774 226 775 166 775 165 775 165 776 166 776 119 776 165 777 119 777 113 777 113 778 119 778 62 778 113 779 62 779 56 779 56 780 62 780 43 780 56 781 43 781 40 781 40 782 43 782 81 782 40 783 81 783 79 783 79 784 81 784 137 784 79 785 137 785 135 785 79 786 135 786 78 786 78 787 135 787 134 787 78 788 134 788 76 788 78 789 76 789 34 789 78 790 34 790 36 790 36 791 34 791 44 791 36 792 44 792 46 792 46 793 44 793 106 793 46 794 106 794 107 794 107 795 106 795 157 795 107 796 157 796 163 796 163 797 157 797 223 797 163 798 223 798 225 798 225 799 223 799 282 799 225 800 282 800 284 800 284 801 282 801 338 801 284 802 338 802 339 802 339 803 338 803 391 803 339 804 391 804 392 804 392 805 391 805 446 805 264 806 265 806 319 806 319 807 265 807 320 807 319 808 320 808 369 808 369 809 320 809 370 809 795 810 845 810 792 810 412 811 370 811 405 811 412 812 405 812 476 812 476 813 405 813 477 813 476 814 477 814 547 814 547 815 477 815 548 815 547 816 548 816 603 816 603 817 548 817 604 817 603 818 604 818 651 818 651 819 604 819 653 819 651 820 653 820 709 820 709 821 653 821 711 821 709 822 711 822 771 822 771 823 711 823 772 823 771 824 772 824 838 824 838 825 772 825 841 825 838 826 841 826 893 826 893 827 841 827 896 827 893 828 896 828 935 828 935 829 896 829 939 829 935 830 939 830 943 830 943 831 939 831 945 831 943 832 945 832 906 832 906 833 945 833 909 833 906 834 909 834 863 834 863 835 909 835 865 835 863 836 865 836 807 836 807 837 865 837 808 837 807 838 808 838 740 838 740 839 808 839 742 839 740 840 742 840 681 840 681 841 742 841 682 841 681 842 682 842 630 842 630 843 682 843 632 843 630 844 632 844 565 844 565 845 632 845 566 845 565 846 566 846 498 846 498 847 566 847 500 847 498 848 500 848 427 848 427 849 500 849 428 849 427 850 428 850 376 850 376 851 428 851 377 851 376 852 377 852 324 852 324 853 377 853 325 853 324 854 325 854 268 854 268 855 325 855 270 855 268 856 270 856 211 856 211 857 270 857 212 857 211 858 212 858 152 858 152 859 212 859 153 859 152 860 153 860 91 860 152 861 91 861 88 861 88 862 91 862 35 862 88 863 35 863 74 863 74 864 35 864 29 864 74 865 29 865 28 865 28 866 29 866 32 866 455 867 439 867 397 867 397 868 439 868 383 868 397 869 383 869 341 869 341 870 383 870 332 870 341 871 332 871 269 871 269 872 332 872 278 872 269 873 278 873 217 873 269 874 217 874 218 874 218 875 217 875 177 875 837 876 845 876 795 876 228 877 177 877 168 877 228 878 168 878 167 878 837 879 884 879 845 879 167 880 121 880 120 880 120 881 121 881 64 881 120 882 64 882 63 882 63 883 64 883 47 883 63 884 47 884 45 884 45 885 47 885 87 885 45 886 87 886 84 886 84 887 87 887 139 887 84 888 139 888 138 888 84 889 138 889 81 889 81 890 138 890 137 890 153 891 212 891 213 891 213 892 212 892 272 892 213 893 272 893 273 893 273 894 272 894 327 894 273 895 327 895 333 895 333 896 327 896 386 896 333 897 386 897 388 897 388 898 386 898 442 898 388 899 442 899 443 899 443 900 442 900 515 900 443 901 515 901 516 901 516 902 515 902 580 902 516 903 580 903 581 903 581 904 580 904 643 904 581 905 643 905 644 905 644 906 643 906 697 906 644 907 697 907 698 907 698 908 697 908 759 908 698 909 759 909 699 909 699 910 759 910 760 910 699 911 760 911 750 911 750 912 760 912 814 912 750 913 814 913 817 913 817 914 814 914 877 914 817 915 877 915 876 915 876 916 877 916 928 916 876 917 928 917 931 917 931 918 928 918 969 918 931 919 969 919 968 919 968 920 969 920 961 920 968 921 961 921 960 921 960 922 961 922 914 922 914 923 961 923 915 923 914 924 915 924 858 924 858 925 915 925 859 925 858 926 859 926 785 926 785 927 859 927 786 927 785 928 786 928 724 928 724 929 786 929 725 929 724 930 725 930 671 930 671 931 725 931 672 931 671 932 672 932 622 932 622 933 672 933 623 933 622 934 623 934 572 934 572 935 623 935 573 935 572 936 573 936 503 936 503 937 573 937 504 937 503 938 504 938 435 938 435 939 504 939 436 939 436 940 504 940 505 940 864 941 884 941 837 941 462 942 505 942 506 942 462 943 506 943 494 943 864 944 886 944 884 944 861 945 886 945 864 945 861 946 870 946 886 946 562 947 544 947 598 947 598 948 544 948 574 948 598 949 574 949 624 949 624 950 574 950 573 950 624 951 573 951 623 951 624 952 623 952 673 952 673 953 623 953 672 953 673 954 672 954 726 954 726 955 672 955 725 955 726 956 725 956 787 956 787 957 725 957 786 957 787 958 786 958 860 958 860 959 786 959 859 959 860 960 859 960 916 960 916 961 859 961 915 961 916 962 915 962 962 962 962 963 915 963 961 963 962 964 961 964 969 964 962 965 969 965 976 965 833 966 870 966 861 966 976 967 970 967 973 967 973 968 970 968 937 968 973 969 937 969 936 969 936 970 937 970 883 970 936 971 883 971 882 971 882 972 883 972 821 972 882 973 821 973 820 973 820 974 821 974 756 974 820 975 756 975 754 975 754 976 756 976 695 976 754 977 695 977 693 977 693 978 695 978 641 978 833 979 826 979 870 979 640 980 641 980 577 980 640 981 577 981 576 981 576 982 577 982 513 982 576 983 513 983 512 983 512 984 513 984 440 984 512 985 440 985 430 985 430 986 440 986 378 986 430 987 378 987 377 987 377 988 378 988 325 988 325 989 378 989 326 989 325 990 326 990 270 990 270 991 326 991 272 991 270 992 272 992 212 992 736 993 788 993 800 993 800 994 788 994 842 994 800 995 842 995 879 995 879 996 842 996 919 996 879 997 919 997 921 997 921 998 919 998 974 998 921 999 974 999 975 999 975 1000 974 1000 964 1000 975 1001 964 1001 918 1001 960 1002 967 1002 968 1002 968 1003 967 1003 930 1003 968 1004 930 1004 931 1004 931 1005 930 1005 876 1005 876 1006 930 1006 875 1006 876 1007 875 1007 817 1007 435 1008 434 1008 503 1008 791 1009 826 1009 833 1009 791 1010 789 1010 826 1010 503 1011 502 1011 529 1011 503 1012 529 1012 572 1012 506 1013 505 1013 528 1013 528 1014 505 1014 574 1014 528 1015 574 1015 544 1015 377 1016 428 1016 430 1016 430 1017 428 1017 501 1017 763 1018 789 1018 791 1018 512 1019 501 1019 568 1019 512 1020 568 1020 576 1020 576 1021 568 1021 639 1021 576 1022 639 1022 640 1022 763 1023 732 1023 789 1023 705 1024 732 1024 763 1024 693 1025 692 1025 753 1025 693 1026 753 1026 754 1026 754 1027 753 1027 819 1027 754 1028 819 1028 820 1028 820 1029 819 1029 881 1029 820 1030 881 1030 882 1030 882 1031 881 1031 934 1031 882 1032 934 1032 936 1032 936 1033 934 1033 972 1033 936 1034 972 1034 973 1034 973 1035 972 1035 977 1035 973 1036 977 1036 976 1036 976 1037 977 1037 959 1037 976 1038 959 1038 920 1038 705 1039 676 1039 732 1039 920 1040 912 1040 880 1040 880 1041 912 1041 856 1041 880 1042 856 1042 801 1042 649 1043 676 1043 705 1043 649 1044 607 1044 676 1044 592 1045 540 1045 607 1045 735 1046 723 1046 730 1046 730 1047 723 1047 660 1047 730 1048 660 1048 673 1048 673 1049 660 1049 624 1049 624 1050 660 1050 598 1050 598 1051 660 1051 618 1051 598 1052 618 1052 562 1052 562 1053 618 1053 617 1053 534 1054 540 1054 592 1054 561 1055 617 1055 616 1055 561 1056 616 1056 560 1056 560 1057 616 1057 615 1057 560 1058 615 1058 559 1058 559 1059 615 1059 614 1059 559 1060 614 1060 558 1060 558 1061 614 1061 613 1061 558 1062 613 1062 557 1062 557 1063 613 1063 612 1063 557 1064 612 1064 555 1064 555 1065 612 1065 610 1065 555 1066 610 1066 554 1066 554 1067 610 1067 608 1067 554 1068 608 1068 551 1068 551 1069 608 1069 605 1069 551 1070 605 1070 550 1070 550 1071 605 1071 604 1071 550 1072 604 1072 548 1072 550 1073 548 1073 478 1073 478 1074 548 1074 477 1074 478 1075 477 1075 406 1075 406 1076 477 1076 405 1076 406 1077 405 1077 349 1077 349 1078 405 1078 347 1078 349 1079 347 1079 294 1079 294 1080 347 1080 293 1080 293 1081 347 1081 320 1081 293 1082 320 1082 265 1082 976 1083 920 1083 962 1083 962 1084 920 1084 916 1084 916 1085 920 1085 880 1085 916 1086 880 1086 860 1086 860 1087 880 1087 801 1087 860 1088 801 1088 787 1088 787 1089 801 1089 735 1089 787 1090 735 1090 726 1090 726 1091 735 1091 730 1091 726 1092 730 1092 673 1092 428 1093 500 1093 501 1093 501 1094 500 1094 567 1094 501 1095 567 1095 568 1095 568 1096 567 1096 634 1096 568 1097 634 1097 639 1097 639 1098 634 1098 686 1098 639 1099 686 1099 692 1099 692 1100 686 1100 751 1100 692 1101 751 1101 753 1101 753 1102 751 1102 818 1102 753 1103 818 1103 819 1103 819 1104 818 1104 878 1104 819 1105 878 1105 881 1105 881 1106 878 1106 933 1106 881 1107 933 1107 934 1107 934 1108 933 1108 971 1108 934 1109 971 1109 972 1109 972 1110 971 1110 958 1110 972 1111 958 1111 977 1111 977 1112 958 1112 959 1112 959 1113 958 1113 911 1113 959 1114 911 1114 912 1114 912 1115 911 1115 854 1115 912 1116 854 1116 856 1116 856 1117 854 1117 783 1117 856 1118 783 1118 784 1118 784 1119 783 1119 722 1119 784 1120 722 1120 723 1120 723 1121 722 1121 668 1121 723 1122 668 1122 660 1122 660 1123 668 1123 618 1123 618 1124 668 1124 617 1124 617 1125 668 1125 667 1125 617 1126 667 1126 666 1126 666 1127 667 1127 721 1127 666 1128 721 1128 720 1128 720 1129 721 1129 781 1129 720 1130 781 1130 780 1130 780 1131 781 1131 851 1131 780 1132 851 1132 850 1132 850 1133 851 1133 905 1133 850 1134 905 1134 903 1134 903 1135 905 1135 949 1135 903 1136 949 1136 946 1136 946 1137 949 1137 953 1137 946 1138 953 1138 950 1138 950 1139 953 1139 917 1139 950 1140 917 1140 913 1140 913 1141 917 1141 867 1141 913 1142 867 1142 865 1142 865 1143 867 1143 808 1143 808 1144 867 1144 810 1144 808 1145 810 1145 742 1145 742 1146 810 1146 744 1146 742 1147 744 1147 682 1147 682 1148 744 1148 684 1148 682 1149 684 1149 632 1149 632 1150 684 1150 633 1150 632 1151 633 1151 566 1151 566 1152 633 1152 567 1152 566 1153 567 1153 500 1153 294 1154 295 1154 349 1154 349 1155 295 1155 351 1155 349 1156 351 1156 406 1156 406 1157 351 1157 407 1157 406 1158 407 1158 478 1158 478 1159 407 1159 479 1159 478 1160 479 1160 550 1160 550 1161 479 1161 551 1161 551 1162 479 1162 484 1162 551 1163 484 1163 554 1163 554 1164 484 1164 486 1164 554 1165 486 1165 555 1165 555 1166 486 1166 487 1166 555 1167 487 1167 557 1167 557 1168 487 1168 489 1168 557 1169 489 1169 558 1169 558 1170 489 1170 490 1170 558 1171 490 1171 559 1171 559 1172 490 1172 492 1172 559 1173 492 1173 560 1173 560 1174 492 1174 493 1174 560 1175 493 1175 561 1175 534 1176 471 1176 540 1176 460 1177 471 1177 534 1177 617 1178 666 1178 616 1178 616 1179 666 1179 665 1179 616 1180 665 1180 615 1180 615 1181 665 1181 664 1181 615 1182 664 1182 614 1182 614 1183 664 1183 663 1183 614 1184 663 1184 613 1184 613 1185 663 1185 658 1185 613 1186 658 1186 612 1186 612 1187 658 1187 657 1187 612 1188 657 1188 610 1188 610 1189 657 1189 656 1189 610 1190 656 1190 608 1190 608 1191 656 1191 654 1191 608 1192 654 1192 605 1192 605 1193 654 1193 653 1193 605 1194 653 1194 604 1194 567 1195 633 1195 634 1195 634 1196 633 1196 685 1196 634 1197 685 1197 686 1197 686 1198 685 1198 746 1198 686 1199 746 1199 751 1199 751 1200 746 1200 813 1200 751 1201 813 1201 818 1201 818 1202 813 1202 873 1202 818 1203 873 1203 878 1203 878 1204 873 1204 926 1204 878 1205 926 1205 933 1205 933 1206 926 1206 966 1206 933 1207 966 1207 971 1207 971 1208 966 1208 956 1208 971 1209 956 1209 958 1209 958 1210 956 1210 911 1210 911 1211 956 1211 910 1211 911 1212 910 1212 854 1212 854 1213 910 1213 853 1213 854 1214 853 1214 783 1214 783 1215 853 1215 782 1215 783 1216 782 1216 722 1216 722 1217 782 1217 721 1217 722 1218 721 1218 667 1218 722 1219 667 1219 668 1219 295 1220 299 1220 351 1220 351 1221 299 1221 353 1221 351 1222 353 1222 407 1222 407 1223 353 1223 408 1223 407 1224 408 1224 479 1224 479 1225 408 1225 484 1225 484 1226 408 1226 413 1226 484 1227 413 1227 486 1227 486 1228 413 1228 414 1228 486 1229 414 1229 487 1229 487 1230 414 1230 416 1230 487 1231 416 1231 489 1231 489 1232 416 1232 417 1232 489 1233 417 1233 490 1233 490 1234 417 1234 419 1234 490 1235 419 1235 492 1235 492 1236 419 1236 420 1236 492 1237 420 1237 493 1237 493 1238 420 1238 421 1238 493 1239 421 1239 463 1239 463 1240 421 1240 424 1240 463 1241 424 1241 462 1241 462 1242 424 1242 423 1242 462 1243 423 1243 436 1243 436 1244 423 1244 393 1244 393 1245 423 1245 395 1245 393 1246 395 1246 316 1246 316 1247 395 1247 362 1247 316 1248 362 1248 307 1248 307 1249 362 1249 361 1249 307 1250 361 1250 306 1250 306 1251 361 1251 360 1251 306 1252 360 1252 304 1252 304 1253 360 1253 359 1253 304 1254 359 1254 303 1254 303 1255 359 1255 357 1255 303 1256 357 1256 302 1256 302 1257 357 1257 356 1257 302 1258 356 1258 301 1258 301 1259 356 1259 355 1259 301 1260 355 1260 300 1260 300 1261 355 1261 353 1261 300 1262 353 1262 299 1262 666 1263 720 1263 665 1263 665 1264 720 1264 718 1264 665 1265 718 1265 664 1265 664 1266 718 1266 717 1266 664 1267 717 1267 663 1267 663 1268 717 1268 716 1268 663 1269 716 1269 658 1269 658 1270 716 1270 715 1270 658 1271 715 1271 657 1271 657 1272 715 1272 714 1272 657 1273 714 1273 656 1273 656 1274 714 1274 712 1274 656 1275 712 1275 654 1275 654 1276 712 1276 711 1276 654 1277 711 1277 653 1277 633 1278 684 1278 685 1278 685 1279 684 1279 745 1279 685 1280 745 1280 746 1280 746 1281 745 1281 812 1281 746 1282 812 1282 813 1282 813 1283 812 1283 872 1283 813 1284 872 1284 873 1284 873 1285 872 1285 925 1285 873 1286 925 1286 926 1286 926 1287 925 1287 965 1287 926 1288 965 1288 966 1288 966 1289 965 1289 955 1289 966 1290 955 1290 956 1290 956 1291 955 1291 910 1291 910 1292 955 1292 908 1292 910 1293 908 1293 853 1293 853 1294 908 1294 852 1294 853 1295 852 1295 782 1295 782 1296 852 1296 781 1296 782 1297 781 1297 721 1297 353 1298 355 1298 408 1298 408 1299 355 1299 413 1299 413 1300 355 1300 356 1300 413 1301 356 1301 414 1301 414 1302 356 1302 357 1302 414 1303 357 1303 416 1303 416 1304 357 1304 359 1304 416 1305 359 1305 417 1305 417 1306 359 1306 360 1306 417 1307 360 1307 419 1307 419 1308 360 1308 361 1308 419 1309 361 1309 420 1309 420 1310 361 1310 362 1310 420 1311 362 1311 421 1311 421 1312 362 1312 395 1312 421 1313 395 1313 424 1313 460 1314 465 1314 471 1314 781 1315 852 1315 851 1315 851 1316 852 1316 907 1316 851 1317 907 1317 905 1317 905 1318 907 1318 951 1318 905 1319 951 1319 949 1319 949 1320 951 1320 957 1320 949 1321 957 1321 953 1321 953 1322 957 1322 922 1322 953 1323 922 1323 917 1323 917 1324 922 1324 869 1324 917 1325 869 1325 867 1325 867 1326 869 1326 810 1326 810 1327 869 1327 811 1327 810 1328 811 1328 744 1328 744 1329 811 1329 745 1329 744 1330 745 1330 684 1330 720 1331 780 1331 718 1331 718 1332 780 1332 779 1332 718 1333 779 1333 717 1333 717 1334 779 1334 778 1334 717 1335 778 1335 716 1335 716 1336 778 1336 777 1336 716 1337 777 1337 715 1337 715 1338 777 1338 776 1338 715 1339 776 1339 714 1339 714 1340 776 1340 774 1340 714 1341 774 1341 712 1341 712 1342 774 1342 772 1342 712 1343 772 1343 711 1343 852 1344 908 1344 907 1344 907 1345 908 1345 954 1345 907 1346 954 1346 951 1346 951 1347 954 1347 963 1347 951 1348 963 1348 957 1348 957 1349 963 1349 923 1349 957 1350 923 1350 922 1350 922 1351 923 1351 871 1351 922 1352 871 1352 869 1352 869 1353 871 1353 811 1353 811 1354 871 1354 812 1354 811 1355 812 1355 745 1355 780 1356 850 1356 779 1356 779 1357 850 1357 848 1357 779 1358 848 1358 778 1358 778 1359 848 1359 847 1359 778 1360 847 1360 777 1360 777 1361 847 1361 844 1361 777 1362 844 1362 776 1362 776 1363 844 1363 843 1363 776 1364 843 1364 774 1364 774 1365 843 1365 841 1365 774 1366 841 1366 772 1366 908 1367 955 1367 954 1367 954 1368 955 1368 965 1368 954 1369 965 1369 963 1369 963 1370 965 1370 925 1370 963 1371 925 1371 923 1371 923 1372 925 1372 872 1372 923 1373 872 1373 871 1373 871 1374 872 1374 812 1374 173 1375 127 1375 99 1375 99 1376 127 1376 125 1376 99 1377 125 1377 37 1377 37 1378 125 1378 49 1378 37 1379 49 1379 27 1379 27 1380 49 1380 41 1380 27 1381 41 1381 38 1381 38 1382 41 1382 86 1382 38 1383 86 1383 124 1383 124 1384 86 1384 130 1384 124 1385 130 1385 172 1385 172 1386 130 1386 197 1386 172 1387 197 1387 215 1387 575 1388 520 1388 586 1388 586 1389 520 1389 518 1389 586 1390 518 1390 585 1390 197 1391 130 1391 179 1391 179 1392 130 1392 126 1392 179 1393 126 1393 164 1393 164 1394 126 1394 115 1394 164 1395 115 1395 116 1395 116 1396 115 1396 66 1396 116 1397 66 1397 67 1397 67 1398 66 1398 60 1398 458 1399 465 1399 460 1399 458 1400 398 1400 465 1400 97 1401 60 1401 96 1401 96 1402 60 1402 59 1402 96 1403 59 1403 95 1403 95 1404 59 1404 58 1404 95 1405 58 1405 98 1405 98 1406 58 1406 110 1406 98 1407 110 1407 129 1407 129 1408 110 1408 125 1408 129 1409 125 1409 127 1409 392 1410 340 1410 339 1410 339 1411 340 1411 285 1411 339 1412 285 1412 284 1412 284 1413 285 1413 226 1413 284 1414 226 1414 225 1414 225 1415 226 1415 165 1415 225 1416 165 1416 163 1416 163 1417 165 1417 113 1417 163 1418 113 1418 107 1418 107 1419 113 1419 56 1419 107 1420 56 1420 46 1420 385 1421 398 1421 458 1421 46 1422 40 1422 36 1422 36 1423 40 1423 79 1423 36 1424 79 1424 78 1424 385 1425 336 1425 398 1425 67 1426 68 1426 117 1426 67 1427 117 1427 116 1427 116 1428 117 1428 159 1428 116 1429 159 1429 164 1429 60 1430 66 1430 59 1430 59 1431 66 1431 51 1431 59 1432 51 1432 58 1432 58 1433 51 1433 50 1433 58 1434 50 1434 110 1434 110 1435 50 1435 49 1435 110 1436 49 1436 125 1436 49 1437 50 1437 41 1437 41 1438 50 1438 75 1438 41 1439 75 1439 86 1439 86 1440 75 1440 126 1440 86 1441 126 1441 130 1441 218 1442 228 1442 269 1442 269 1443 228 1443 286 1443 269 1444 286 1444 341 1444 126 1445 75 1445 115 1445 115 1446 75 1446 65 1446 115 1447 65 1447 66 1447 305 1448 336 1448 385 1448 305 1449 297 1449 336 1449 50 1450 65 1450 75 1450 286 1451 228 1451 227 1451 227 1452 228 1452 167 1452 227 1453 167 1453 166 1453 166 1454 167 1454 120 1454 166 1455 120 1455 119 1455 119 1456 120 1456 63 1456 119 1457 63 1457 62 1457 62 1458 63 1458 45 1458 62 1459 45 1459 43 1459 43 1460 45 1460 84 1460 43 1461 84 1461 81 1461 262 1462 297 1462 305 1462 262 1463 236 1463 297 1463 327 1464 384 1464 386 1464 386 1465 384 1465 441 1465 386 1466 441 1466 442 1466 442 1467 441 1467 514 1467 442 1468 514 1468 515 1468 515 1469 514 1469 579 1469 515 1470 579 1470 580 1470 580 1471 579 1471 642 1471 580 1472 642 1472 643 1472 643 1473 642 1473 696 1473 643 1474 696 1474 697 1474 697 1475 696 1475 758 1475 697 1476 758 1476 759 1476 759 1477 758 1477 824 1477 759 1478 824 1478 760 1478 760 1479 824 1479 825 1479 206 1480 236 1480 262 1480 814 1481 825 1481 877 1481 877 1482 825 1482 885 1482 877 1483 885 1483 928 1483 928 1484 885 1484 937 1484 928 1485 937 1485 970 1485 928 1486 970 1486 969 1486 841 1487 843 1487 896 1487 896 1488 843 1488 897 1488 896 1489 897 1489 939 1489 939 1490 897 1490 942 1490 939 1491 942 1491 945 1491 945 1492 942 1492 948 1492 945 1493 948 1493 909 1493 909 1494 948 1494 913 1494 909 1495 913 1495 865 1495 206 1496 180 1496 236 1496 384 1497 378 1497 440 1497 384 1498 440 1498 441 1498 441 1499 440 1499 513 1499 441 1500 513 1500 514 1500 514 1501 513 1501 577 1501 514 1502 577 1502 579 1502 579 1503 577 1503 641 1503 579 1504 641 1504 642 1504 642 1505 641 1505 695 1505 642 1506 695 1506 696 1506 696 1507 695 1507 756 1507 696 1508 756 1508 758 1508 758 1509 756 1509 821 1509 758 1510 821 1510 824 1510 824 1511 821 1511 883 1511 824 1512 883 1512 825 1512 825 1513 883 1513 885 1513 885 1514 883 1514 937 1514 843 1515 844 1515 897 1515 897 1516 844 1516 898 1516 897 1517 898 1517 942 1517 942 1518 898 1518 944 1518 942 1519 944 1519 948 1519 948 1520 944 1520 950 1520 948 1521 950 1521 913 1521 128 1522 180 1522 206 1522 128 1523 85 1523 180 1523 25 1524 85 1524 128 1524 480 1525 475 1525 482 1525 480 1526 482 1526 546 1526 25 1527 21 1527 85 1527 10 1528 21 1528 25 1528 10 1529 14 1529 21 1529 601 1530 603 1530 650 1530 601 1531 650 1531 627 1531 627 1532 650 1532 678 1532 678 1533 650 1533 708 1533 678 1534 708 1534 738 1534 738 1535 708 1535 770 1535 738 1536 770 1536 804 1536 804 1537 770 1537 836 1537 804 1538 836 1538 857 1538 857 1539 836 1539 892 1539 857 1540 892 1540 902 1540 902 1541 892 1541 927 1541 902 1542 927 1542 940 1542 940 1543 927 1543 941 1543 940 1544 941 1544 932 1544 932 1545 941 1545 904 1545 932 1546 904 1546 894 1546 894 1547 904 1547 862 1547 894 1548 862 1548 840 1548 840 1549 862 1549 806 1549 840 1550 806 1550 773 1550 773 1551 806 1551 739 1551 773 1552 739 1552 713 1552 713 1553 739 1553 680 1553 713 1554 680 1554 655 1554 655 1555 680 1555 629 1555 655 1556 629 1556 606 1556 606 1557 629 1557 563 1557 606 1558 563 1558 553 1558 553 1559 563 1559 495 1559 553 1560 495 1560 481 1560 481 1561 495 1561 483 1561 481 1562 483 1562 409 1562 409 1563 483 1563 411 1563 409 1564 411 1564 352 1564 352 1565 411 1565 354 1565 352 1566 354 1566 296 1566 296 1567 354 1567 298 1567 296 1568 298 1568 240 1568 240 1569 298 1569 266 1569 240 1570 266 1570 210 1570 210 1571 266 1571 268 1571 210 1572 268 1572 211 1572 210 1573 211 1573 151 1573 151 1574 211 1574 152 1574 151 1575 152 1575 88 1575 151 1576 88 1576 133 1576 133 1577 88 1577 74 1577 133 1578 74 1578 70 1578 70 1579 74 1579 28 1579 844 1580 847 1580 898 1580 898 1581 847 1581 900 1581 898 1582 900 1582 944 1582 944 1583 900 1583 946 1583 944 1584 946 1584 950 1584 412 1585 476 1585 475 1585 475 1586 476 1586 482 1586 9 1587 14 1587 10 1587 627 1588 552 1588 601 1588 601 1589 552 1589 546 1589 546 1590 552 1590 480 1590 847 1591 848 1591 900 1591 900 1592 848 1592 903 1592 900 1593 903 1593 946 1593 268 1594 266 1594 324 1594 324 1595 266 1595 322 1595 324 1596 322 1596 376 1596 376 1597 322 1597 375 1597 376 1598 375 1598 427 1598 427 1599 375 1599 426 1599 427 1600 426 1600 498 1600 498 1601 426 1601 496 1601 498 1602 496 1602 565 1602 565 1603 496 1603 495 1603 565 1604 495 1604 563 1604 565 1605 563 1605 630 1605 630 1606 563 1606 629 1606 630 1607 629 1607 681 1607 681 1608 629 1608 680 1608 9 1609 15 1609 14 1609 12 1610 15 1610 9 1610 12 1611 23 1611 15 1611 807 1612 739 1612 806 1612 807 1613 806 1613 863 1613 863 1614 806 1614 862 1614 863 1615 862 1615 906 1615 906 1616 862 1616 904 1616 906 1617 904 1617 943 1617 943 1618 904 1618 941 1618 943 1619 941 1619 935 1619 935 1620 941 1620 927 1620 935 1621 927 1621 892 1621 935 1622 892 1622 893 1622 893 1623 892 1623 836 1623 893 1624 836 1624 838 1624 838 1625 836 1625 770 1625 838 1626 770 1626 771 1626 771 1627 770 1627 709 1627 709 1628 770 1628 708 1628 709 1629 708 1629 651 1629 651 1630 708 1630 650 1630 651 1631 650 1631 603 1631 266 1632 298 1632 322 1632 322 1633 298 1633 375 1633 375 1634 298 1634 354 1634 375 1635 354 1635 411 1635 375 1636 411 1636 426 1636 426 1637 411 1637 483 1637 426 1638 483 1638 496 1638 496 1639 483 1639 495 1639 296 1640 240 1640 238 1640 238 1641 240 1641 185 1641 185 1642 240 1642 186 1642 185 1643 186 1643 132 1643 132 1644 186 1644 133 1644 132 1645 133 1645 70 1645 133 1646 186 1646 151 1646 151 1647 186 1647 210 1647 210 1648 186 1648 240 1648 89 1649 54 1649 90 1649 90 1650 54 1650 55 1650 90 1651 55 1651 92 1651 92 1652 55 1652 57 1652 92 1653 57 1653 93 1653 22 1654 23 1654 12 1654 22 1655 102 1655 23 1655 123 1656 102 1656 22 1656 123 1657 158 1657 102 1657 112 1658 73 1658 122 1658 122 1659 73 1659 71 1659 71 1660 73 1660 55 1660 71 1661 55 1661 54 1661 458 1662 453 1662 385 1662 385 1663 453 1663 358 1663 385 1664 358 1664 305 1664 305 1665 358 1665 290 1665 305 1666 290 1666 262 1666 262 1667 290 1667 260 1667 262 1668 260 1668 206 1668 206 1669 260 1669 196 1669 206 1670 196 1670 128 1670 128 1671 196 1671 104 1671 128 1672 104 1672 25 1672 178 1673 158 1673 123 1673 25 1674 16 1674 10 1674 10 1675 16 1675 5 1675 10 1676 5 1676 9 1676 9 1677 5 1677 3 1677 9 1678 3 1678 12 1678 12 1679 3 1679 8 1679 12 1680 8 1680 22 1680 22 1681 8 1681 18 1681 22 1682 18 1682 123 1682 178 1683 230 1683 158 1683 123 1684 105 1684 178 1684 178 1685 105 1685 175 1685 178 1686 175 1686 243 1686 243 1687 175 1687 235 1687 243 1688 235 1688 309 1688 309 1689 235 1689 308 1689 309 1690 308 1690 368 1690 368 1691 308 1691 367 1691 368 1692 367 1692 447 1692 447 1693 367 1693 448 1693 447 1694 448 1694 470 1694 470 1695 448 1695 499 1695 470 1696 499 1696 521 1696 521 1697 499 1697 522 1697 522 1698 499 1698 519 1698 522 1699 519 1699 525 1699 525 1700 519 1700 524 1700 525 1701 524 1701 578 1701 578 1702 524 1702 587 1702 578 1703 587 1703 621 1703 578 1704 621 1704 609 1704 609 1705 621 1705 652 1705 609 1706 652 1706 694 1706 694 1707 652 1707 706 1707 694 1708 706 1708 743 1708 743 1709 706 1709 762 1709 743 1710 762 1710 795 1710 795 1711 762 1711 799 1711 795 1712 799 1712 837 1712 837 1713 799 1713 834 1713 837 1714 834 1714 864 1714 864 1715 834 1715 846 1715 864 1716 846 1716 861 1716 861 1717 846 1717 830 1717 861 1718 830 1718 833 1718 833 1719 830 1719 805 1719 833 1720 805 1720 791 1720 791 1721 805 1721 767 1721 791 1722 767 1722 763 1722 763 1723 767 1723 733 1723 763 1724 733 1724 705 1724 705 1725 733 1725 677 1725 705 1726 677 1726 649 1726 243 1727 230 1727 178 1727 243 1728 291 1728 230 1728 309 1729 291 1729 243 1729 592 1730 584 1730 534 1730 534 1731 584 1731 526 1731 534 1732 526 1732 460 1732 460 1733 526 1733 456 1733 460 1734 456 1734 458 1734 458 1735 456 1735 453 1735 453 1736 456 1736 449 1736 453 1737 449 1737 429 1737 309 1738 342 1738 291 1738 429 1739 425 1739 346 1739 346 1740 425 1740 344 1740 346 1741 344 1741 280 1741 346 1742 280 1742 287 1742 287 1743 280 1743 237 1743 287 1744 237 1744 245 1744 245 1745 237 1745 181 1745 245 1746 181 1746 183 1746 368 1747 342 1747 309 1747 368 1748 403 1748 342 1748 447 1749 403 1749 368 1749 447 1750 466 1750 403 1750 16 1751 13 1751 5 1751 5 1752 13 1752 4 1752 5 1753 4 1753 3 1753 3 1754 4 1754 1 1754 3 1755 1 1755 8 1755 8 1756 1 1756 7 1756 8 1757 7 1757 18 1757 18 1758 7 1758 19 1758 18 1759 19 1759 105 1759 105 1760 19 1760 108 1760 105 1761 108 1761 175 1761 175 1762 108 1762 176 1762 175 1763 176 1763 235 1763 235 1764 176 1764 246 1764 235 1765 246 1765 308 1765 470 1766 466 1766 447 1766 308 1767 318 1767 367 1767 367 1768 318 1768 374 1768 367 1769 374 1769 448 1769 448 1770 374 1770 454 1770 448 1771 454 1771 499 1771 499 1772 454 1772 519 1772 519 1773 454 1773 451 1773 504 1774 574 1774 505 1774 521 1775 522 1775 538 1775 538 1776 522 1776 564 1776 538 1777 564 1777 594 1777 594 1778 564 1778 647 1778 647 1779 564 1779 609 1779 647 1780 609 1780 694 1780 453 1781 429 1781 358 1781 358 1782 429 1782 346 1782 358 1783 346 1783 290 1783 290 1784 346 1784 287 1784 290 1785 287 1785 260 1785 260 1786 287 1786 245 1786 260 1787 245 1787 196 1787 196 1788 245 1788 183 1788 196 1789 183 1789 104 1789 522 1790 525 1790 564 1790 564 1791 525 1791 578 1791 564 1792 578 1792 609 1792 587 1793 626 1793 621 1793 621 1794 626 1794 659 1794 573 1795 574 1795 504 1795 652 1796 659 1796 706 1796 706 1797 659 1797 707 1797 706 1798 707 1798 762 1798 762 1799 707 1799 765 1799 762 1800 765 1800 799 1800 799 1801 765 1801 802 1801 799 1802 802 1802 834 1802 834 1803 802 1803 831 1803 834 1804 831 1804 846 1804 846 1805 831 1805 839 1805 846 1806 839 1806 830 1806 830 1807 839 1807 827 1807 830 1808 827 1808 805 1808 805 1809 827 1809 794 1809 805 1810 794 1810 767 1810 767 1811 794 1811 764 1811 767 1812 764 1812 733 1812 733 1813 764 1813 731 1813 733 1814 731 1814 677 1814 677 1815 731 1815 675 1815 677 1816 675 1816 602 1816 602 1817 675 1817 595 1817 602 1818 595 1818 584 1818 584 1819 595 1819 556 1819 584 1820 556 1820 526 1820 526 1821 556 1821 523 1821 526 1822 523 1822 456 1822 456 1823 523 1823 449 1823 449 1824 523 1824 497 1824 449 1825 497 1825 425 1825 626 1826 670 1826 659 1826 659 1827 670 1827 707 1827 707 1828 670 1828 710 1828 707 1829 710 1829 765 1829 765 1830 710 1830 766 1830 765 1831 766 1831 802 1831 802 1832 766 1832 803 1832 802 1833 803 1833 831 1833 831 1834 803 1834 828 1834 831 1835 828 1835 839 1835 839 1836 828 1836 835 1836 839 1837 835 1837 827 1837 827 1838 835 1838 822 1838 827 1839 822 1839 794 1839 794 1840 822 1840 790 1840 794 1841 790 1841 764 1841 764 1842 790 1842 755 1842 764 1843 755 1843 731 1843 731 1844 755 1844 719 1844 731 1845 719 1845 675 1845 675 1846 719 1846 669 1846 675 1847 669 1847 595 1847 595 1848 669 1848 593 1848 595 1849 593 1849 556 1849 556 1850 593 1850 541 1850 556 1851 541 1851 523 1851 523 1852 541 1852 497 1852 55 1853 73 1853 57 1853 850 1854 903 1854 848 1854 402 1855 396 1855 450 1855 775 1856 704 1856 734 1856 13 1857 2 1857 4 1857 4 1858 2 1858 0 1858 4 1859 0 1859 1 1859 1 1860 0 1860 6 1860 1 1861 6 1861 7 1861 7 1862 6 1862 19 1862 19 1863 6 1863 17 1863 19 1864 17 1864 108 1864 108 1865 17 1865 100 1865 108 1866 100 1866 176 1866 176 1867 100 1867 174 1867 176 1868 174 1868 241 1868 176 1869 241 1869 246 1869 246 1870 241 1870 318 1870 318 1871 241 1871 310 1871 318 1872 310 1872 374 1872 374 1873 310 1873 372 1873 374 1874 372 1874 451 1874 374 1875 451 1875 454 1875 749 1876 691 1876 688 1876 688 1877 691 1877 637 1877 493 1878 463 1878 494 1878 494 1879 463 1879 462 1879 320 1880 347 1880 370 1880 370 1881 347 1881 405 1881 967 1882 929 1882 930 1882 930 1883 929 1883 875 1883 747 1884 815 1884 809 1884 809 1885 815 1885 855 1885 569 1886 583 1886 533 1886 469 1887 403 1887 466 1887</p>
        </triangles>
      </mesh>
    </geometry>
    <geometry id="Mesh22_001-mesh" name="Mesh22.001">
      <mesh>
        <source id="Mesh22_001-mesh-positions">
          <float_array id="Mesh22_001-mesh-positions-array" count="57">313.3823 -528.9778 1809.62 314.2686 -523.2384 1811.233 316.537 -516.4583 1813.141 319.1439 -511.542 1814.528 324.0426 -505.2346 1816.31 329.671 -500.3276 1817.702 335.5709 -496.7819 1818.713 344.1737 -493.659 1819.612 354.2698 -492.4508 1819.978 364.3622 -493.6725 1819.662 371.9908 -496.3409 1818.934 375.9319 -498.4254 1818.36 381.7442 -502.6439 1817.192 387.0702 -508.264 1815.63 391.4103 -515.2316 1813.686 393.9146 -521.8889 1811.825 394.2697 -540.6198 1806.571 395.0174 -527.5823 1810.231 395.1573 -534.8752 1808.185</float_array>
          <technique_common>
            <accessor source="#Mesh22_001-mesh-positions-array" count="19" stride="3">
              <param name="X" type="float"/>
              <param name="Y" type="float"/>
              <param name="Z" type="float"/>
            </accessor>
          </technique_common>
        </source>
        <source id="Mesh22_001-mesh-normals">
          <float_array id="Mesh22_001-mesh-normals-array" count="51">-0.002509951 -0.2699559 0.9628695 -0.002595067 -0.2701587 0.9628124 -0.002538323 -0.2699647 0.9628669 -0.002589046 -0.2701112 0.9628257 -0.002574205 -0.2701618 0.9628115 -0.002593576 -0.2701877 0.9628043 -0.002569377 -0.270032 0.962848 -0.002598881 -0.2701401 0.9628176 -0.002604365 -0.2702422 0.9627889 -0.002571463 -0.270063 0.9628393 -0.00258249 -0.2701142 0.9628248 -0.002578377 -0.2701821 0.9628059 -0.002587854 -0.2700704 0.9628372 -0.002581119 -0.2701298 0.9628205 -0.002589225 -0.2701522 0.9628142 -0.002591431 -0.2701485 0.9628152 -0.002589106 -0.2701356 0.9628189</float_array>
          <technique_common>
            <accessor source="#Mesh22_001-mesh-normals-array" count="17" stride="3">
              <param name="X" type="float"/>
              <param name="Y" type="float"/>
              <param name="Z" type="float"/>
            </accessor>
          </technique_common>
        </source>
        <vertices id="Mesh22_001-mesh-vertices">
          <input semantic="POSITION" source="#Mesh22_001-mesh-positions"/>
        </vertices>
        <triangles material="Material_4_001-material" count="17">
          <input semantic="VERTEX" source="#Mesh22_001-mesh-vertices" offset="0"/>
          <input semantic="NORMAL" source="#Mesh22_001-mesh-normals" offset="1"/>
          <p>9 0 8 0 10 0 10 1 8 1 7 1 10 2 7 2 11 2 11 3 7 3 6 3 11 4 6 4 12 4 12 5 6 5 5 5 12 6 5 6 13 6 13 7 5 7 4 7 13 8 4 8 14 8 14 9 4 9 3 9 14 10 3 10 15 10 15 11 3 11 2 11 15 12 2 12 17 12 17 13 2 13 1 13 17 14 1 14 18 14 18 15 1 15 0 15 18 16 0 16 16 16</p>
        </triangles>
      </mesh>
    </geometry>
    <geometry id="Mesh21_001-mesh" name="Mesh21.001">
      <mesh>
        <source id="Mesh21_001-mesh-positions">
          <float_array id="Mesh21_001-mesh-positions-array" count="36">367.8249 -494.6798 1819.389 375.4569 -498.1446 1818.438 378.8347 -563.5498 1800.096 381.7946 -502.6883 1817.18 384.8607 -558.2312 1801.604 386.7328 -507.837 1815.748 389.2791 -511.4055 1814.754 389.372 -552.3495 1803.267 392.4465 -546.3482 1804.959 392.796 -518.4489 1812.787 394.8198 -537.7867 1807.367 395.0631 -527.9969 1810.115</float_array>
          <technique_common>
            <accessor source="#Mesh21_001-mesh-positions-array" count="12" stride="3">
              <param name="X" type="float"/>
              <param name="Y" type="float"/>
              <param name="Z" type="float"/>
            </accessor>
          </technique_common>
        </source>
        <source id="Mesh21_001-mesh-normals">
          <float_array id="Mesh21_001-mesh-normals-array" count="30">0.002541363 0.2701307 -0.9628203 0.002686083 0.2701615 -0.9628114 0.002719461 0.2701641 -0.9628105 0.002542555 0.270138 -0.9628183 0.002581238 0.2701266 -0.9628214 0.002316176 0.2700966 -0.9628306 0.002519547 0.2700936 -0.9628308 0.002578496 0.2701639 -0.9628109 0.003099918 0.2702177 -0.9627943 0.002028822 0.2699962 -0.9628593</float_array>
          <technique_common>
            <accessor source="#Mesh21_001-mesh-normals-array" count="10" stride="3">
              <param name="X" type="float"/>
              <param name="Y" type="float"/>
              <param name="Z" type="float"/>
            </accessor>
          </technique_common>
        </source>
        <vertices id="Mesh21_001-mesh-vertices">
          <input semantic="POSITION" source="#Mesh21_001-mesh-positions"/>
        </vertices>
        <triangles material="Material_4_001-material" count="10">
          <input semantic="VERTEX" source="#Mesh21_001-mesh-vertices" offset="0"/>
          <input semantic="NORMAL" source="#Mesh21_001-mesh-normals" offset="1"/>
          <p>2 0 0 0 4 0 4 1 0 1 1 1 4 2 1 2 7 2 7 3 1 3 3 3 7 4 3 4 8 4 8 5 3 5 5 5 8 6 5 6 10 6 10 7 5 7 6 7 10 8 6 8 11 8 11 9 6 9 9 9</p>
        </triangles>
      </mesh>
    </geometry>
    <geometry id="Mesh20_001-mesh" name="Mesh20.001">
      <mesh>
        <source id="Mesh20_001-mesh-positions">
          <float_array id="Mesh20_001-mesh-positions-array" count="72">313.4766 -535.8561 1807.691 313.7201 -526.0626 1810.439 315.7437 -545.4041 1805.018 316.0931 -517.5048 1812.847 319.1687 -511.5024 1814.539 319.2602 -552.4476 1803.051 321.8069 -556.0161 1802.057 323.679 -505.6218 1816.201 326.7448 -561.1651 1800.626 329.7084 -500.301 1817.71 333.0826 -565.708 1799.368 334.5293 -497.3139 1818.561 340.7167 -569.1736 1798.416 341.3046 -494.4675 1819.378 347.1557 -493.0442 1819.793 347.8436 -570.9099 1797.948 353.8357 -571.4001 1797.827 354.7029 -492.4533 1819.979 360.6961 -492.9432 1819.857 361.387 -570.8079 1798.013 367.2351 -569.3856 1798.428 367.8249 -494.6798 1819.389 374.0104 -566.5391 1799.245 378.8347 -563.5498 1800.096</float_array>
          <technique_common>
            <accessor source="#Mesh20_001-mesh-positions-array" count="24" stride="3">
              <param name="X" type="float"/>
              <param name="Y" type="float"/>
              <param name="Z" type="float"/>
            </accessor>
          </technique_common>
        </source>
        <source id="Mesh20_001-mesh-normals">
          <float_array id="Mesh20_001-mesh-normals-array" count="66">0.002349555 0.2701348 -0.9628198 0.002665102 0.2701236 -0.962822 0.002696275 0.2701962 -0.9628015 0.002788186 0.2701647 -0.9628102 0.002620458 0.2701572 -0.9628127 0.002514064 0.2701179 -0.9628241 0.00252223 0.2701233 -0.9628224 0.002581775 0.2701359 -0.9628188 0.002577245 0.2701305 -0.9628203 0.002532005 0.2701305 -0.9628205 0.002615034 0.2701342 -0.9628192 0.002590239 0.2701384 -0.962818 0.002631545 0.2701449 -0.9628161 0.002594947 0.2701327 -0.9628196 0.002454638 0.2701174 -0.9628244 0.002575814 0.2701445 -0.9628164 0.002723693 0.2701589 -0.9628119 0.002552747 0.2701376 -0.9628184 0.002593219 0.2701372 -0.9628185 0.002480685 0.2700955 -0.9628304 0.002400338 0.2700944 -0.9628309 0.002652287 0.2701485 -0.9628151</float_array>
          <technique_common>
            <accessor source="#Mesh20_001-mesh-normals-array" count="22" stride="3">
              <param name="X" type="float"/>
              <param name="Y" type="float"/>
              <param name="Z" type="float"/>
            </accessor>
          </technique_common>
        </source>
        <vertices id="Mesh20_001-mesh-vertices">
          <input semantic="POSITION" source="#Mesh20_001-mesh-positions"/>
        </vertices>
        <triangles material="Material_4_001-material" count="22">
          <input semantic="VERTEX" source="#Mesh20_001-mesh-vertices" offset="0"/>
          <input semantic="NORMAL" source="#Mesh20_001-mesh-normals" offset="1"/>
          <p>2 0 0 0 5 0 5 1 0 1 1 1 5 2 1 2 6 2 6 3 1 3 3 3 6 4 3 4 8 4 8 5 3 5 4 5 8 6 4 6 10 6 10 7 4 7 7 7 10 8 7 8 12 8 12 9 7 9 9 9 12 10 9 10 15 10 15 11 9 11 11 11 15 12 11 12 16 12 16 13 11 13 13 13 16 14 13 14 19 14 19 15 13 15 14 15 19 16 14 16 20 16 20 17 14 17 17 17 20 18 17 18 22 18 22 19 17 19 18 19 22 20 18 20 23 20 23 21 18 21 21 21</p>
        </triangles>
      </mesh>
    </geometry>
    <geometry id="Mesh19_001-mesh" name="Mesh19.001">
      <mesh>
        <source id="Mesh19_001-mesh-positions">
          <float_array id="Mesh19_001-mesh-positions-array" count="204">365.512 -392.5 1553.333 365.5123 -399.5 1553.333 365.5271 -392.5 1552.502 365.5277 -399.5 1552.502 365.609 -399.5 1553.988 365.6098 -392.5 1553.988 365.6481 -392.5 1551.852 365.6487 -399.5 1551.853 365.8586 -399.5 1554.76 365.8586 -392.5 1554.76 365.9233 -399.5 1551.094 365.9235 -392.5 1551.094 366.144 -399.5 1555.321 366.144 -392.5 1555.321 366.3997 -399.5 1550.299 366.3997 -392.5 1550.299 366.6823 -399.5 1556.04 366.6823 -392.5 1556.04 366.9841 -399.5 1549.66 366.9841 -392.5 1549.66 367.2995 -399.5 1556.6 367.3 -392.5 1556.6 367.6221 -392.5 1549.179 367.6227 -399.5 1549.179 367.947 -399.5 1557.005 367.9472 -392.5 1557.005 368.0554 -399.5 1548.942 368.0554 -392.5 1548.942 368.8915 -399.5 1548.638 368.8915 -392.5 1548.638 368.8921 -392.5 1557.362 368.8923 -399.5 1557.362 370 -399.5 1548.5 370 -399.5 1557.5 370 -392.5 1548.5 370 -392.5 1557.5 371.1077 -399.5 1557.362 371.1077 -392.5 1548.638 371.1077 -392.5 1557.362 371.1079 -399.5 1548.638 371.945 -399.5 1557.058 371.945 -392.5 1557.058 372.0528 -392.5 1548.995 372.053 -399.5 1548.995 372.3773 -399.5 1556.821 372.3773 -392.5 1556.821 372.7 -399.5 1549.4 372.7 -392.5 1549.4 373.0159 -399.5 1556.34 373.0159 -392.5 1556.34 373.3177 -399.5 1549.96 373.3177 -392.5 1549.96 373.6 -399.5 1555.7 373.6 -392.5 1555.7 373.8553 -392.5 1550.679 373.856 -399.5 1550.679 374.0765 -392.5 1554.906 374.0767 -399.5 1554.906 374.1414 -399.5 1551.24 374.1414 -392.5 1551.24 374.3513 -392.5 1554.147 374.3519 -399.5 1554.148 374.3902 -399.5 1552.012 374.3902 -392.5 1552.012 374.4729 -399.5 1553.498 374.4729 -392.5 1553.498 374.4877 -399.5 1552.667 374.488 -392.5 1552.667</float_array>
          <technique_common>
            <accessor source="#Mesh19_001-mesh-positions-array" count="68" stride="3">
              <param name="X" type="float"/>
              <param name="Y" type="float"/>
              <param name="Z" type="float"/>
            </accessor>
          </technique_common>
        </source>
        <source id="Mesh19_001-mesh-normals">
          <float_array id="Mesh19_001-mesh-normals-array" count="198">-0.1234809 0 -0.992347 0.123458 0 -0.9923499 0.1237271 3.90553e-6 -0.9923163 0.7377509 0 0.6750731 0.737604 0 0.6752336 0.858012 0 0.5136297 0.8579105 -2.82108e-5 0.5137993 0.9403402 -2.16071e-5 0.3402359 0.9398642 1.18954e-4 0.3415486 0.983102 1.12124e-4 0.1830586 0.9830737 7.9212e-5 0.1832107 0.9998355 7.34433e-5 0.01814043 0.9998289 4.19532e-5 0.01850134 0.9890451 3.94902e-5 -0.1476143 0.9892613 -1.0542e-4 -0.1461582 0.9515187 -1.07463e-4 -0.3075908 0.9518047 0 -0.306705 0.8912149 0 -0.4535815 0.891306 0 -0.4534024 0.800424 0 -0.5994343 0.8005356 0 -0.5992853 0.6718116 0 -0.7407221 0.6721213 -4.70702e-5 -0.7404412 0.5300785 -3.99844e-5 -0.8479486 0.5301437 -1.14176e-5 -0.8479079 0.3535619 -8.63188e-6 -0.9354112 0.3534334 1.29431e-5 -0.9354597 0.601673 0 0.7987425 0.6020217 5.45626e-5 0.7984797 0.4806352 3.97584e-5 0.8769207 -0.1237271 0 -0.9923163 -0.3411205 0 -0.9400196 -0.3413972 0 -0.9399191 -0.4805652 0 -0.876959 -0.4810004 0 -0.8767204 -0.6018773 0 -0.7985887 -0.7383666 0 -0.6743997 -0.738513 0 -0.6742393 -0.8574036 0 -0.5146446 -0.8573816 -1.88287e-5 -0.5146813 -0.9400176 -3.24233e-5 -0.341126 -0.9402554 -1.18828e-4 -0.3404699 -0.9828925 -1.05642e-4 -0.1841801 -0.983102 0 -0.1830586 -0.9998348 0 -0.01817715 -0.9998414 5.24598e-5 -0.01781004 -0.9890384 3.29083e-5 0.1476594 -0.9890964 0 0.14727 -0.951826 0 0.3066387 -0.9517937 0 0.3067391 -0.8907834 0 0.4544283 -0.891254 -9.69959e-5 0.4535045 -0.8008942 -8.74084e-5 0.598806 -0.8006145 0 0.5991798 -0.6716644 0 0.7408556 -0.671848 0 0.740689 -0.5300606 0 0.8479599 -0.5304466 -1.71362e-5 0.8477184 -0.3537322 -1.29439e-5 0.9353469 -0.353482 -8.62993e-6 0.9354414 -0.1234618 -3.90504e-6 0.9923494 -0.1234809 0 0.992347 0.123391 0 0.9923582 0.3415605 0 0.9398598 0.3421144 0 0.9396584 0.4801403 0 0.8771917</float_array>
          <technique_common>
            <accessor source="#Mesh19_001-mesh-normals-array" count="66" stride="3">
              <param name="X" type="float"/>
              <param name="Y" type="float"/>
              <param name="Z" type="float"/>
            </accessor>
          </technique_common>
        </source>
        <vertices id="Mesh19_001-mesh-vertices">
          <input semantic="POSITION" source="#Mesh19_001-mesh-positions"/>
        </vertices>
        <triangles material="Material_4_001-material" count="68">
          <input semantic="VERTEX" source="#Mesh19_001-mesh-vertices" offset="0"/>
          <input semantic="NORMAL" source="#Mesh19_001-mesh-normals" offset="1"/>
          <p>33 0 35 0 36 0 33 1 30 1 35 1 31 2 30 2 33 2 18 3 19 3 14 3 14 4 19 4 15 4 14 5 15 5 11 5 14 6 11 6 10 6 10 7 11 7 7 7 7 8 11 8 6 8 7 9 6 9 2 9 7 10 2 10 3 10 3 11 2 11 0 11 3 12 0 12 1 12 1 13 0 13 5 13 1 14 5 14 4 14 4 15 5 15 8 15 8 16 5 16 9 16 8 17 9 17 13 17 8 18 13 18 12 18 12 19 13 19 17 19 12 20 17 20 16 20 16 21 17 21 21 21 16 22 21 22 20 22 20 23 21 23 25 23 20 24 25 24 24 24 24 25 25 25 30 25 24 26 30 26 31 26 23 27 19 27 18 27 23 28 22 28 19 28 26 29 22 29 23 29 36 30 35 30 38 30 36 31 38 31 41 31 36 32 41 32 40 32 40 33 41 33 45 33 40 34 45 34 44 34 44 35 45 35 49 35 44 35 49 35 48 35 48 36 49 36 52 36 52 37 49 37 53 37 52 38 53 38 56 38 52 39 56 39 57 39 57 40 56 40 61 40 61 41 56 41 60 41 61 42 60 42 65 42 61 43 65 43 64 43 64 44 65 44 67 44 64 45 67 45 66 45 66 46 67 46 63 46 66 47 63 47 62 47 62 48 63 48 58 48 58 49 63 49 59 49 58 50 59 50 54 50 58 51 54 51 55 51 55 52 54 52 51 52 55 53 51 53 50 53 50 54 51 54 47 54 50 55 47 55 46 55 46 56 47 56 42 56 46 57 42 57 43 57 43 58 42 58 37 58 43 59 37 59 39 59 39 60 37 60 32 60 32 61 37 61 34 61 32 62 34 62 28 62 28 62 34 62 29 62 28 63 29 63 27 63 28 64 27 64 26 64 26 65 27 65 22 65</p>
        </triangles>
      </mesh>
    </geometry>
    <geometry id="Mesh18_001-mesh" name="Mesh18.001">
      <mesh>
        <source id="Mesh18_001-mesh-positions">
          <float_array id="Mesh18_001-mesh-positions-array" count="204">335.5123 -399.5 1553.333 335.5123 -392.5 1553.333 335.5271 -399.5 1552.502 335.5271 -392.5 1552.502 335.609 -399.5 1553.988 335.6098 -392.5 1553.988 335.6481 -399.5 1551.852 335.6487 -392.5 1551.853 335.8586 -399.5 1554.76 335.8586 -392.5 1554.76 335.9233 -399.5 1551.094 335.9235 -392.5 1551.094 336.1447 -399.5 1555.321 336.1447 -392.5 1555.321 336.3997 -399.5 1550.299 336.4 -392.5 1550.3 336.6821 -399.5 1556.04 336.6821 -392.5 1556.04 336.9845 -399.5 1549.66 336.9845 -392.5 1549.66 337.2995 -392.5 1556.6 337.3 -399.5 1556.6 337.6221 -392.5 1549.179 337.6227 -399.5 1549.179 337.9472 -399.5 1557.005 337.9472 -392.5 1557.005 338.055 -392.5 1548.942 338.0554 -399.5 1548.942 338.8915 -392.5 1548.638 338.8921 -399.5 1557.362 338.8923 -399.5 1548.638 338.8923 -392.5 1557.362 340 -399.5 1548.5 340 -399.5 1557.5 340 -392.5 1548.5 340 -392.5 1557.5 341.1077 -399.5 1548.638 341.1077 -399.5 1557.362 341.1077 -392.5 1548.638 341.1085 -392.5 1557.362 341.945 -399.5 1557.058 341.945 -392.5 1557.058 342.0528 -399.5 1548.995 342.0528 -392.5 1548.995 342.3773 -399.5 1556.821 342.3779 -392.5 1556.821 342.7 -392.5 1549.4 342.7005 -399.5 1549.4 343.0155 -399.5 1556.34 343.0159 -392.5 1556.34 343.3177 -399.5 1549.96 343.3179 -392.5 1549.96 343.6 -399.5 1555.7 343.6 -392.5 1555.7 343.8553 -399.5 1550.679 343.8553 -392.5 1550.679 344.0765 -399.5 1554.906 344.0765 -392.5 1554.906 344.1414 -399.5 1551.24 344.1414 -392.5 1551.24 344.3513 -399.5 1554.147 344.3519 -392.5 1554.148 344.3902 -392.5 1552.012 344.391 -399.5 1552.012 344.4723 -392.5 1553.498 344.4729 -399.5 1553.498 344.4877 -399.5 1552.667 344.488 -392.5 1552.667</float_array>
          <technique_common>
            <accessor source="#Mesh18_001-mesh-positions-array" count="68" stride="3">
              <param name="X" type="float"/>
              <param name="Y" type="float"/>
              <param name="Z" type="float"/>
            </accessor>
          </technique_common>
        </source>
        <source id="Mesh18_001-mesh-normals">
          <float_array id="Mesh18_001-mesh-normals-array" count="198">0.123391 1.46355e-5 0.9923582 0.1234809 0 0.992347 -0.1234809 0 0.992347 -0.1236408 1.46355e-5 -0.9923271 -0.1234809 0 -0.992347 0.1234809 0 -0.992347 0.3535619 -8.63188e-6 -0.9354112 0.1237041 -3.9048e-6 -0.9923192 0.3534905 0 -0.9354382 0.5303439 0 -0.8477826 0.5297732 3.99613e-5 -0.8481395 -0.3414095 3.67391e-5 -0.9399147 -0.3413972 0 -0.9399191 -0.4800438 0 -0.8772445 -0.4810004 3.97886e-5 -0.8767204 -0.6022443 5.45511e-5 -0.798312 -0.6021158 2.72697e-5 -0.7984088 -0.7381384 4.52883e-5 -0.6746493 -0.738513 0 -0.6742393 -0.8574036 0 -0.5146446 -0.8574834 0 -0.5145117 -0.9402554 0 -0.3404699 -0.9399327 1.18875e-4 -0.34136 -0.9832678 9.89495e-5 -0.182166 -0.9828925 -7.92314e-5 -0.1841801 -0.9998212 -8.39339e-5 -0.01891136 -0.9998414 5.24598e-5 -0.01781004 -0.9890384 3.29083e-5 0.1476594 -0.9892769 -1.11963e-4 0.1460521 -0.9515293 -1.07425e-4 0.3075582 -0.9517937 0 0.3067391 -0.8907834 0 0.4544283 -0.8010083 0 0.5986533 -0.8010056 2.91289e-5 0.5986569 -0.671537 2.09123e-5 0.7409712 -0.6721395 -4.70715e-5 0.7404246 -0.5300606 -3.9983e-5 0.8479599 -0.5300359 0 0.8479753 -0.3537322 0 0.9353469 -0.3534905 0 0.9354382 0.6717023 5.22677e-5 -0.7408211 0.672012 0 -0.7405403 0.800992 0 -0.5986751 0.3414283 3.67412e-5 0.9399079 0.3418185 1.95817e-5 0.9397661 0.4804528 2.64956e-5 0.8770207 0.4806352 3.97584e-5 0.8769207 0.6022605 5.45842e-5 0.7982997 0.6019116 0 0.7985628 0.7375227 0 0.6753224 0.738285 -1.71048e-4 0.674489 0.8574689 -1.41229e-4 0.514536 0.8579105 -2.82108e-5 0.5137993 0.9399895 -2.16229e-5 0.3412035 0.9402154 -1.2427e-4 0.3405806 0.9829009 -1.12246e-4 0.1841354 0.9831162 0 0.1829828 0.9998414 0 0.01781004 0.9998415 0 0.01780408 0.9891055 0 -0.1472086 0.9892613 -1.0542e-4 -0.1461582 0.9515187 -1.07463e-4 -0.3075908 0.9518047 0 -0.306705 0.8907834 0 -0.4544283 0.8908748 0 -0.454249 0.8008806 0 -0.5988242</float_array>
          <technique_common>
            <accessor source="#Mesh18_001-mesh-normals-array" count="66" stride="3">
              <param name="X" type="float"/>
              <param name="Y" type="float"/>
              <param name="Z" type="float"/>
            </accessor>
          </technique_common>
        </source>
        <vertices id="Mesh18_001-mesh-vertices">
          <input semantic="POSITION" source="#Mesh18_001-mesh-positions"/>
        </vertices>
        <triangles material="Material_4_001-material" count="68">
          <input semantic="VERTEX" source="#Mesh18_001-mesh-vertices" offset="0"/>
          <input semantic="NORMAL" source="#Mesh18_001-mesh-normals" offset="1"/>
          <p>30 0 34 0 28 0 32 1 34 1 30 1 32 2 38 2 34 2 37 3 35 3 39 3 33 4 35 4 37 4 33 5 31 5 35 5 24 6 31 6 29 6 29 7 31 7 33 7 24 8 25 8 31 8 21 9 25 9 24 9 21 10 20 10 25 10 37 11 39 11 41 11 37 12 41 12 40 12 40 13 41 13 45 13 40 14 45 14 44 14 44 15 45 15 49 15 44 16 49 16 48 16 48 17 49 17 52 17 52 18 49 18 53 18 52 19 53 19 57 19 52 20 57 20 56 20 56 21 57 21 60 21 60 22 57 22 61 22 60 23 61 23 64 23 60 24 64 24 65 24 65 25 64 25 67 25 65 26 67 26 66 26 66 27 67 27 62 27 66 28 62 28 63 28 63 29 62 29 58 29 58 30 62 30 59 30 58 31 59 31 55 31 58 31 55 31 54 31 54 32 55 32 51 32 54 33 51 33 50 33 50 34 51 34 46 34 50 35 46 35 47 35 47 36 46 36 43 36 47 37 43 37 42 37 42 38 43 38 38 38 42 39 38 39 36 39 36 2 38 2 32 2 16 40 20 40 21 40 16 41 17 41 20 41 12 42 17 42 16 42 30 43 28 43 26 43 30 44 26 44 27 44 27 45 26 45 22 45 27 46 22 46 23 46 23 47 22 47 19 47 23 48 19 48 18 48 18 49 19 49 14 49 14 50 19 50 15 50 14 51 15 51 11 51 14 52 11 52 10 52 10 53 11 53 6 53 6 54 11 54 7 54 6 55 7 55 3 55 6 56 3 56 2 56 2 57 3 57 1 57 2 58 1 58 0 58 0 59 1 59 5 59 0 60 5 60 4 60 4 61 5 61 8 61 8 62 5 62 9 62 8 63 9 63 13 63 8 64 13 64 12 64 12 65 13 65 17 65</p>
        </triangles>
      </mesh>
    </geometry>
    <geometry id="Mesh17_001-mesh" name="Mesh17.001">
      <mesh>
        <source id="Mesh17_001-mesh-positions">
          <float_array id="Mesh17_001-mesh-positions-array" count="216">295 -392.5 1536.5 295 -392.5 1569.5 335.5123 -392.5 1553.333 335.5271 -392.5 1552.502 335.6098 -392.5 1553.988 335.6487 -392.5 1551.853 335.8586 -392.5 1554.76 335.9235 -392.5 1551.094 336.1447 -392.5 1555.321 336.4 -392.5 1550.3 336.6821 -392.5 1556.04 336.9845 -392.5 1549.66 337.2995 -392.5 1556.6 337.6221 -392.5 1549.179 337.9472 -392.5 1557.005 338.055 -392.5 1548.942 338.8915 -392.5 1548.638 338.8923 -392.5 1557.362 340 -392.5 1548.5 340 -392.5 1557.5 341.1077 -392.5 1548.638 341.1085 -392.5 1557.362 341.945 -392.5 1557.058 342.0528 -392.5 1548.995 342.3779 -392.5 1556.821 342.7 -392.5 1549.4 343.0159 -392.5 1556.34 343.3179 -392.5 1549.96 343.6 -392.5 1555.7 343.8553 -392.5 1550.679 344.0765 -392.5 1554.906 344.1414 -392.5 1551.24 344.3519 -392.5 1554.148 344.3902 -392.5 1552.012 344.4723 -392.5 1553.498 344.488 -392.5 1552.667 365.512 -392.5 1553.333 365.5271 -392.5 1552.502 365.6098 -392.5 1553.988 365.6481 -392.5 1551.852 365.8586 -392.5 1554.76 365.9235 -392.5 1551.094 366.144 -392.5 1555.321 366.3997 -392.5 1550.299 366.6823 -392.5 1556.04 366.9841 -392.5 1549.66 367.3 -392.5 1556.6 367.6221 -392.5 1549.179 367.9472 -392.5 1557.005 368.0554 -392.5 1548.942 368.8915 -392.5 1548.638 368.8921 -392.5 1557.362 370 -392.5 1548.5 370 -392.5 1557.5 371.1077 -392.5 1548.638 371.1077 -392.5 1557.362 371.945 -392.5 1557.058 372.0528 -392.5 1548.995 372.3773 -392.5 1556.821 372.7 -392.5 1549.4 373.0159 -392.5 1556.34 373.3177 -392.5 1549.96 373.6 -392.5 1555.7 373.8553 -392.5 1550.679 374.0765 -392.5 1554.906 374.1414 -392.5 1551.24 374.3513 -392.5 1554.147 374.3902 -392.5 1552.012 374.4729 -392.5 1553.498 374.488 -392.5 1552.667 415 -392.5 1536.5 415 -392.5 1569.5</float_array>
          <technique_common>
            <accessor source="#Mesh17_001-mesh-positions-array" count="72" stride="3">
              <param name="X" type="float"/>
              <param name="Y" type="float"/>
              <param name="Z" type="float"/>
            </accessor>
          </technique_common>
        </source>
        <source id="Mesh17_001-mesh-normals">
          <float_array id="Mesh17_001-mesh-normals-array" count="126">0 1 0 0 1 -2.23912e-5 0 1 1.00089e-4 0 1 2.4439e-5 0 1 -1.41558e-4 0 1 1.2058e-4 0 1 -1.33731e-4 0 1 -9.92382e-5 0 1 7.93992e-5 0 1 -3.3683e-5 0 1 6.85751e-5 0 1 -2.06673e-4 0 1 -6.26215e-5 0 1 8.99049e-6 0 1 1.05437e-4 0 1 -4.62694e-5 0 1 1.31222e-5 0 1 -5.51099e-5 0 1 3.55309e-5 0 1 -4.66694e-5 0 1 2.96917e-5 0 1 -3.56492e-5 0 1 2.61036e-6 0 1 3.94571e-5 0 1 -3.53391e-6 0 1 -3.19995e-5 0 1 -7.24478e-5 0 1 -5.5354e-5 0 1 -1.92539e-5 0 1 2.82147e-5 0 1 -1.06615e-5 0 1 -1.66234e-4 0 1 1.36635e-4 0 1 -4.95074e-5 0 1 5.09628e-4 0 1 -1.17994e-4 0 1 6.26016e-5 0 1 5.19344e-6 0 1 -2.08606e-4 0 1 2.45747e-5 0 1 -8.75835e-6 0 1 -4.45234e-5</float_array>
          <technique_common>
            <accessor source="#Mesh17_001-mesh-normals-array" count="42" stride="3">
              <param name="X" type="float"/>
              <param name="Y" type="float"/>
              <param name="Z" type="float"/>
            </accessor>
          </technique_common>
        </source>
        <vertices id="Mesh17_001-mesh-vertices">
          <input semantic="POSITION" source="#Mesh17_001-mesh-positions"/>
        </vertices>
        <triangles material="Material_4_001-material" count="74">
          <input semantic="VERTEX" source="#Mesh17_001-mesh-vertices" offset="0"/>
          <input semantic="NORMAL" source="#Mesh17_001-mesh-normals" offset="1"/>
          <p>1 0 71 0 19 0 42 1 30 1 28 1 26 0 42 0 28 0 30 0 42 0 32 0 32 2 42 2 40 2 17 0 1 0 19 0 14 0 1 0 17 0 12 0 1 0 14 0 35 3 36 3 37 3 35 4 37 4 33 4 33 5 37 5 31 5 31 0 37 0 29 0 29 6 37 6 27 6 27 0 37 0 25 0 25 0 37 0 23 0 23 7 37 7 39 7 23 0 39 0 41 0 23 8 41 8 43 8 23 9 43 9 45 9 10 0 1 0 12 0 8 0 1 0 10 0 6 0 1 0 8 0 4 0 1 0 6 0 18 10 49 10 50 10 18 11 50 11 52 11 18 0 52 0 70 0 70 12 52 12 54 12 70 13 54 13 57 13 70 14 57 14 59 14 70 15 59 15 61 15 70 16 61 16 63 16 70 17 63 17 65 17 70 18 65 18 67 18 70 19 67 19 69 19 70 0 69 0 71 0 71 20 69 20 68 20 71 21 68 21 66 21 71 22 66 22 64 22 71 23 64 23 62 23 71 24 62 24 60 24 71 25 60 25 58 25 71 26 58 26 56 26 2 0 1 0 4 0 3 0 1 0 2 0 3 0 0 0 1 0 5 0 0 0 3 0 7 0 0 0 5 0 21 27 51 27 48 27 21 28 48 28 46 28 21 29 46 29 44 29 21 0 44 0 22 0 22 0 44 0 24 0 24 0 44 0 26 0 26 30 44 30 42 30 70 0 0 0 18 0 18 0 0 0 16 0 16 31 0 31 15 31 15 0 0 0 13 0 13 32 0 32 11 32 11 0 0 0 9 0 9 33 0 33 7 33 19 34 51 34 21 34 19 35 53 35 51 35 71 0 53 0 19 0 71 36 55 36 53 36 71 37 56 37 55 37 20 0 49 0 18 0 23 0 49 0 20 0 23 38 47 38 49 38 23 39 45 39 47 39 34 0 36 0 35 0 32 0 36 0 34 0 32 40 38 40 36 40 32 41 40 41 38 41</p>
        </triangles>
      </mesh>
    </geometry>
    <geometry id="Mesh16_001-mesh" name="Mesh16.001">
      <mesh>
        <source id="Mesh16_001-mesh-positions">
          <float_array id="Mesh16_001-mesh-positions-array" count="102">335.5123 -399.5 1553.333 335.5271 -399.5 1552.502 335.609 -399.5 1553.988 335.6481 -399.5 1551.852 335.8586 -399.5 1554.76 335.9233 -399.5 1551.094 336.1447 -399.5 1555.321 336.3997 -399.5 1550.299 336.6821 -399.5 1556.04 336.9845 -399.5 1549.66 337.3 -399.5 1556.6 337.6227 -399.5 1549.179 337.9472 -399.5 1557.005 338.0554 -399.5 1548.942 338.8921 -399.5 1557.362 338.8923 -399.5 1548.638 340 -399.5 1548.5 340 -399.5 1557.5 341.1077 -399.5 1548.638 341.1077 -399.5 1557.362 341.945 -399.5 1557.058 342.0528 -399.5 1548.995 342.3773 -399.5 1556.821 342.7005 -399.5 1549.4 343.0155 -399.5 1556.34 343.3177 -399.5 1549.96 343.6 -399.5 1555.7 343.8553 -399.5 1550.679 344.0765 -399.5 1554.906 344.1414 -399.5 1551.24 344.3513 -399.5 1554.147 344.391 -399.5 1552.012 344.4729 -399.5 1553.498 344.4877 -399.5 1552.667</float_array>
          <technique_common>
            <accessor source="#Mesh16_001-mesh-positions-array" count="34" stride="3">
              <param name="X" type="float"/>
              <param name="Y" type="float"/>
              <param name="Z" type="float"/>
            </accessor>
          </technique_common>
        </source>
        <source id="Mesh16_001-mesh-normals">
          <float_array id="Mesh16_001-mesh-normals-array" count="48">0 1 0 0 1 5.42182e-5 0 1 -2.77738e-5 0 1 -2.12739e-5 0 1 -3.08522e-5 0 1 6.63669e-5 0 1 -1.54247e-5 0 1 2.07383e-5 0 1 -5.59278e-6 0 1 -6.81942e-5 0 1 7.44143e-5 0 1 8.56421e-6 0 1 -8.30565e-5 0 1 2.893e-4 0 1 -1.05278e-4 0 1 -2.29991e-4</float_array>
          <technique_common>
            <accessor source="#Mesh16_001-mesh-normals-array" count="16" stride="3">
              <param name="X" type="float"/>
              <param name="Y" type="float"/>
              <param name="Z" type="float"/>
            </accessor>
          </technique_common>
        </source>
        <vertices id="Mesh16_001-mesh-vertices">
          <input semantic="POSITION" source="#Mesh16_001-mesh-positions"/>
        </vertices>
        <triangles material="Material_4_001-material" count="32">
          <input semantic="VERTEX" source="#Mesh16_001-mesh-vertices" offset="0"/>
          <input semantic="NORMAL" source="#Mesh16_001-mesh-normals" offset="1"/>
          <p>18 0 16 0 21 0 21 0 16 0 15 0 21 0 15 0 23 0 23 0 15 0 13 0 23 0 13 0 25 0 25 1 13 1 11 1 25 0 11 0 27 0 27 0 11 0 9 0 27 0 9 0 29 0 29 2 9 2 7 2 29 0 7 0 31 0 31 3 7 3 5 3 31 0 5 0 33 0 33 4 5 4 3 4 33 5 3 5 32 5 32 6 3 6 1 6 32 0 1 0 30 0 30 7 1 7 0 7 30 0 0 0 28 0 28 8 0 8 2 8 28 9 2 9 26 9 26 10 2 10 4 10 26 0 4 0 24 0 24 11 4 11 6 11 24 0 6 0 22 0 22 12 6 12 8 12 22 13 8 13 20 13 20 14 8 14 10 14 20 0 10 0 19 0 19 0 10 0 12 0 19 0 12 0 17 0 17 15 12 15 14 15</p>
        </triangles>
      </mesh>
    </geometry>
    <geometry id="Mesh15_001-mesh" name="Mesh15.001">
      <mesh>
        <source id="Mesh15_001-mesh-positions">
          <float_array id="Mesh15_001-mesh-positions-array" count="102">365.5123 -399.5 1553.333 365.5277 -399.5 1552.502 365.609 -399.5 1553.988 365.6487 -399.5 1551.853 365.8586 -399.5 1554.76 365.9233 -399.5 1551.094 366.144 -399.5 1555.321 366.3997 -399.5 1550.299 366.6823 -399.5 1556.04 366.9841 -399.5 1549.66 367.2995 -399.5 1556.6 367.6227 -399.5 1549.179 367.947 -399.5 1557.005 368.0554 -399.5 1548.942 368.8915 -399.5 1548.638 368.8923 -399.5 1557.362 370 -399.5 1548.5 370 -399.5 1557.5 371.1077 -399.5 1557.362 371.1079 -399.5 1548.638 371.945 -399.5 1557.058 372.053 -399.5 1548.995 372.3773 -399.5 1556.821 372.7 -399.5 1549.4 373.0159 -399.5 1556.34 373.3177 -399.5 1549.96 373.6 -399.5 1555.7 373.856 -399.5 1550.679 374.0767 -399.5 1554.906 374.1414 -399.5 1551.24 374.3519 -399.5 1554.148 374.3902 -399.5 1552.012 374.4729 -399.5 1553.498 374.4877 -399.5 1552.667</float_array>
          <technique_common>
            <accessor source="#Mesh15_001-mesh-positions-array" count="34" stride="3">
              <param name="X" type="float"/>
              <param name="Y" type="float"/>
              <param name="Z" type="float"/>
            </accessor>
          </technique_common>
        </source>
        <source id="Mesh15_001-mesh-normals">
          <float_array id="Mesh15_001-mesh-normals-array" count="57">0 1 0 0 1 6.79867e-5 0 1 -9.04135e-5 0 1 1.32917e-4 0 1 1.54203e-5 0 1 -1.36977e-4 0 1 -2.2191e-5 0 1 8.50449e-5 0 1 -1.70477e-5 0 1 2.64327e-5 0 1 1.5431e-5 0 1 -2.07414e-5 0 1 -2.79639e-5 0 1 6.80816e-5 0 1 -3.71965e-5 0 1 5.99433e-5 0 1 -6.64319e-5 0 1 -1.46757e-4 0 1 2.29806e-4</float_array>
          <technique_common>
            <accessor source="#Mesh15_001-mesh-normals-array" count="19" stride="3">
              <param name="X" type="float"/>
              <param name="Y" type="float"/>
              <param name="Z" type="float"/>
            </accessor>
          </technique_common>
        </source>
        <vertices id="Mesh15_001-mesh-vertices">
          <input semantic="POSITION" source="#Mesh15_001-mesh-positions"/>
        </vertices>
        <triangles material="Material_4_001-material" count="32">
          <input semantic="VERTEX" source="#Mesh15_001-mesh-vertices" offset="0"/>
          <input semantic="NORMAL" source="#Mesh15_001-mesh-normals" offset="1"/>
          <p>15 0 17 0 12 0 12 0 17 0 18 0 12 0 18 0 10 0 10 1 18 1 20 1 10 0 20 0 8 0 8 2 20 2 22 2 8 3 22 3 6 3 6 4 22 4 24 4 6 5 24 5 4 5 4 6 24 6 26 6 4 7 26 7 2 7 2 8 26 8 28 8 2 0 28 0 0 0 0 9 28 9 30 9 0 0 30 0 1 0 1 10 30 10 32 10 1 0 32 0 3 0 3 11 32 11 33 11 3 0 33 0 5 0 5 12 33 12 31 12 5 13 31 13 7 13 7 14 31 14 29 14 7 0 29 0 9 0 9 15 29 15 27 15 9 0 27 0 11 0 11 16 27 16 25 16 11 0 25 0 13 0 13 0 25 0 23 0 13 0 23 0 14 0 14 0 23 0 21 0 14 17 21 17 16 17 16 18 21 18 19 18</p>
        </triangles>
      </mesh>
    </geometry>
    <geometry id="Mesh14_001-mesh" name="Mesh14.001">
      <mesh>
        <source id="Mesh14_001-mesh-positions">
          <float_array id="Mesh14_001-mesh-positions-array" count="213">295 -455.5 1536.5 295 -392.5 1536.5 295.7425 -464.9102 1536.5 298.3663 -475.3147 1536.5 301.4702 -482.604 1536.5 307.1612 -491.7148 1536.5 312.6158 -452.3588 1536.5 312.7613 -460.2097 1536.5 313.5365 -446.1707 1536.5 313.9047 -466.3364 1536.5 315.8866 -438.875 1536.5 316.5 -473.5 1536.5 316.9135 -501.8618 1536.5 318.5885 -433.5802 1536.5 320.9974 -480.997 1536.5 323.6667 -426.7859 1536.5 326.2607 -508.1695 1536.5 326.5212 -487.0474 1536.5 329.5011 -421.4988 1536.5 332.5454 -491.584 1536.5 335.6124 -417.6792 1536.5 336.6306 -493.8251 1536.5 337.0479 -512.7514 1536.5 344.5344 -496.6916 1536.5 344.5385 -414.3077 1536.5 348.75 -515.1736 1536.5 355 -498 1536.5 355 -413 1536.5 360.7029 -515.2284 1536.5 365.4615 -496.6923 1536.5 365.4656 -414.3084 1536.5 372.2031 -512.981 1536.5 373.3694 -417.1749 1536.5 374.3876 -493.3203 1536.5 377.4529 -419.4151 1536.5 379.3127 -510.3535 1536.5 380.5 -489.5 1536.5 383.4794 -423.9536 1536.5 386.3333 -484.2141 1536.5 387.8507 -505.7079 1536.5 389.0026 -430.003 1536.5 391.4112 -477.4198 1536.5 393.5018 -437.5032 1536.5 394.1135 -472.1248 1536.5 396.0956 -444.6635 1536.5 396.4635 -464.8293 1536.5 396.7485 -498.594 1536.5 397.2387 -450.7903 1536.5 397.3835 -458.6439 1536.5 402.3898 -492.2995 1536.5 408.95 -481.7564 1536.5 413.6979 -467.932 1536.5 415 -468 1536.5 415 -443 1536.5 415 -392.5 1536.5 418.0769 -443.3846 1536.5 418.0781 -467.6152 1536.5 420.4027 -466.7721 1536.5 420.7022 -444.3764 1536.5 421.6043 -466.1129 1536.5 422.5 -445.5 1536.5 423.3763 -464.7784 1536.5 424.2157 -447.0547 1536.5 425 -463 1536.5 425.7092 -449.053 1536.5 426.3235 -460.7941 1536.5 426.504 -450.6104 1536.5 427.0869 -458.6872 1536.5 427.1952 -452.7561 1536.5 427.4231 -456.8846 1536.5 427.4658 -454.5753 1536.5</float_array>
          <technique_common>
            <accessor source="#Mesh14_001-mesh-positions-array" count="71" stride="3">
              <param name="X" type="float"/>
              <param name="Y" type="float"/>
              <param name="Z" type="float"/>
            </accessor>
          </technique_common>
        </source>
        <source id="Mesh14_001-mesh-normals">
          <float_array id="Mesh14_001-mesh-normals-array" count="117">0 0 -1 -1.71939e-4 0 -1 -7.02889e-6 0 -1 1.35837e-5 0 -1 -2.28489e-5 0 -1 2.39864e-5 0 -1 5.94996e-5 0 -1 -1.54052e-5 0 -1 -9.39849e-4 0 -0.9999997 2.2848e-5 0 -1 3.45405e-5 0 -1 1.00667e-5 0 -1 3.10646e-6 0 -1 -2.69186e-5 0 -1 1.00016e-5 0 -1 -1.08003e-5 0 -1 -3.16042e-6 0 -1 -5.55492e-6 0 -1 1.1969e-4 0 -1 -2.97409e-5 0 -1 2.7678e-5 0 -1 -4.31139e-6 0 -1 1.52082e-5 0 -1 -1.19327e-5 0 -1 -6.82424e-6 0 -1 -1.48758e-5 0 -1 -4.51401e-6 0 -1 -1.00158e-4 0 -1 6.41383e-5 0 -1 -6.5844e-5 0 -1 2.31219e-4 0 -1 -1.16599e-4 0 -1 -1.31505e-4 0 -1 4.54254e-4 0 -1 -6.98099e-4 0 -0.9999998 7.36087e-5 0 -1 -7.6761e-6 0 -1 5.44894e-6 0 -1 -5.79052e-6 0 -1</float_array>
          <technique_common>
            <accessor source="#Mesh14_001-mesh-normals-array" count="39" stride="3">
              <param name="X" type="float"/>
              <param name="Y" type="float"/>
              <param name="Z" type="float"/>
            </accessor>
          </technique_common>
        </source>
        <vertices id="Mesh14_001-mesh-vertices">
          <input semantic="POSITION" source="#Mesh14_001-mesh-positions"/>
        </vertices>
        <triangles material="Material_4_001-material" count="71">
          <input semantic="VERTEX" source="#Mesh14_001-mesh-vertices" offset="0"/>
          <input semantic="NORMAL" source="#Mesh14_001-mesh-normals" offset="1"/>
          <p>35 0 33 0 36 0 52 1 51 1 56 1 46 0 51 0 49 0 49 0 51 0 50 0 39 0 35 0 46 0 46 0 35 0 36 0 46 2 36 2 38 2 46 3 38 3 41 3 46 4 41 4 43 4 46 5 43 5 45 5 46 6 45 6 48 6 46 0 48 0 51 0 51 7 48 7 47 7 57 8 56 8 59 8 53 0 47 0 44 0 53 0 44 0 42 0 53 0 42 0 40 0 53 9 40 9 37 9 53 10 37 10 34 10 53 0 34 0 54 0 54 11 34 11 32 11 54 12 32 12 30 12 54 0 30 0 1 0 1 13 30 13 27 13 1 14 27 14 24 14 1 15 24 15 20 15 1 16 20 16 18 16 1 17 18 17 15 17 1 0 15 0 0 0 0 18 15 18 13 18 0 19 13 19 10 19 0 0 10 0 8 0 0 0 8 0 6 0 0 0 6 0 7 0 0 0 7 0 2 0 2 0 7 0 3 0 3 0 7 0 9 0 3 20 9 20 4 20 22 21 28 21 25 21 22 0 31 0 28 0 16 22 17 22 19 22 5 0 14 0 17 0 5 0 17 0 12 0 12 0 17 0 16 0 4 0 14 0 5 0 16 23 19 23 21 23 16 24 21 24 23 24 16 0 23 0 22 0 22 0 23 0 31 0 4 0 11 0 14 0 4 25 9 25 11 25 51 26 47 26 53 26 59 27 56 27 58 27 59 28 58 28 60 28 59 0 60 0 61 0 61 0 60 0 62 0 61 0 62 0 63 0 63 29 62 29 64 29 63 30 64 30 65 30 65 31 64 31 66 31 65 32 66 32 68 32 65 33 68 33 67 33 67 0 68 0 70 0 67 34 70 34 69 34 55 0 51 0 53 0 56 35 51 35 55 35 56 36 55 36 58 36 23 0 26 0 31 0 31 37 26 37 29 37 31 0 29 0 35 0 35 38 29 38 33 38</p>
        </triangles>
      </mesh>
    </geometry>
    <geometry id="Mesh13_001-mesh" name="Mesh13.001">
      <mesh>
        <source id="Mesh13_001-mesh-positions">
          <float_array id="Mesh13_001-mesh-positions-array" count="204">312.6158 -452.8594 888.5 312.6158 -452.8588 855.5 312.7612 -460.7088 888.5 312.7613 -460.7097 855.5 313.5352 -446.6763 888.5 313.5365 -446.6707 855.5 313.9044 -466.8365 855.5 313.9047 -466.8364 888.5 315.8865 -439.3752 855.5 315.8866 -439.375 888.5 316.5 -474 855.5 316.5 -474 888.5 318.5888 -434.0802 855.5 318.5908 -434.0764 888.5 320.9995 -481.4999 888.5 321 -481.5 855.5 323.6667 -427.2859 855.5 323.6667 -427.2859 888.5 326.5206 -487.5464 888.5 326.5212 -487.5474 855.5 329.5011 -421.9988 855.5 329.5011 -421.9988 888.5 332.5454 -492.084 888.5 332.5471 -492.0849 855.5 335.6124 -418.1797 888.5 335.6124 -418.1792 855.5 336.6289 -494.3247 855.5 336.6306 -494.3251 888.5 344.5344 -497.1916 855.5 344.5345 -414.8084 888.5 344.538 -414.8075 855.5 344.5384 -497.1923 888.5 355 -498.5 855.5 355 -498.5 888.5 355 -413.5 855.5 355 -413.5 888.5 365.4616 -414.8077 888.5 365.462 -497.1925 855.5 365.4655 -497.1916 888.5 365.4656 -414.8084 855.5 373.3694 -417.6749 855.5 373.3694 -417.6749 888.5 374.3876 -493.8203 855.5 374.3876 -493.8203 888.5 377.4529 -419.9151 855.5 377.4529 -419.9151 888.5 380.4989 -490.0012 888.5 380.5 -490 855.5 383.4788 -424.4526 855.5 383.4794 -424.4536 888.5 386.3333 -484.7141 855.5 386.3338 -484.7131 888.5 389 -430.5 888.5 389.0026 -430.503 855.5 391.4092 -477.9236 888.5 391.4115 -477.9198 855.5 393.4994 -437.9982 888.5 393.5 -438 855.5 394.1134 -472.625 855.5 394.1134 -472.625 888.5 396.0953 -445.1636 855.5 396.0953 -445.1636 888.5 396.4635 -465.3293 855.5 396.4648 -465.3237 888.5 397.2385 -451.2924 888.5 397.2387 -451.2903 855.5 397.3835 -459.1439 855.5 397.3842 -459.1406 888.5</float_array>
          <technique_common>
            <accessor source="#Mesh13_001-mesh-positions-array" count="68" stride="3">
              <param name="X" type="float"/>
              <param name="Y" type="float"/>
              <param name="Z" type="float"/>
            </accessor>
          </technique_common>
        </source>
        <source id="Mesh13_001-mesh-normals">
          <float_array id="Mesh13_001-mesh-normals-array" count="198">0.3409245 0.9400907 -2.02666e-5 0.1240534 0.9922755 5.61153e-6 0.1240354 0.9922778 0 -0.1240561 0.9922752 0 -0.1240133 0.9922806 -1.54179e-5 -0.3534671 0.935447 9.30805e-6 -0.3534275 0.935462 0 -0.5299547 0.848026 0 -0.5300027 0.847996 1.23221e-5 -0.6715361 0.7409719 3.75796e-6 -0.6714813 0.7410216 -1.31881e-5 -0.8009505 0.5987308 -6.98212e-6 -0.8009882 0.5986802 1.26569e-5 -0.8906995 0.4545927 -1.11929e-5 -0.8907301 0.4545327 0 -0.9518566 0.3065438 0 -0.9518375 0.3066033 -1.5374e-5 -0.9891252 0.1470764 1.39062e-5 -0.9891179 0.1471252 6.13076e-6 -0.9998276 -0.01857095 2.31501e-5 -0.9998303 -0.01843011 -6.71115e-6 -0.9830456 -0.1833613 -1.72064e-5 -0.9830274 -0.1834588 0 -0.9401993 -0.3406248 0 -0.9402024 -0.3406164 1.93748e-6 -0.8574692 -0.5145356 1.26905e-5 -0.8575295 -0.5144348 -2.01765e-5 -0.7384927 -0.6742616 3.61437e-6 -0.7385173 -0.6742346 -7.46385e-6 -0.6015729 -0.798818 -1.37288e-5 -0.601533 -0.7988479 0 -0.4809746 -0.8767346 0 -0.3408647 -0.9401124 0 -0.3409472 -0.9400824 -2.02706e-5 -0.1240513 -0.9922758 8.41734e-6 -0.1240333 -0.9922781 0 0.1240527 -0.9922757 0 0.1240112 -0.9922809 -1.30306e-5 0.3534671 -0.935447 1.24107e-5 0.3533828 -0.9354789 -1.39571e-5 0.5299547 -0.848026 -1.23193e-5 0.5299983 -0.8479989 0 0.6714975 -0.7410069 0 0.8009574 -0.5987215 0 0.8010089 -0.5986525 2.11313e-5 0.8907087 -0.4545747 0 0.8907086 -0.4545749 -6.6126e-7 0.9518555 -0.3065471 -9.64494e-7 0.951837 -0.3066048 -1.3764e-5 0.989125 -0.1470777 1.42022e-5 0.9891122 -0.1471633 -2.36506e-6 0.9998287 0.01851522 3.53381e-7 0.9998283 0.01853454 2.26775e-6 0.9830288 0.1834515 -2.37373e-6 0.9830381 0.1834016 -9.60437e-6 0.9401977 0.3406295 -9.70986e-6 0.940186 0.340662 0 0.8575133 0.5144619 0 0.857493 0.5144958 1.21589e-5 0.7384616 0.6742956 9.03542e-6 0.7385136 0.6742386 -7.36544e-6 0.6016134 0.7987874 -1.5694e-5 0.6015318 0.7988489 9.00604e-6 0.4809596 0.8767428 1.58775e-6 0.4810538 0.8766911 -1.26598e-5 0.340867 0.9401116 -8.7953e-6</float_array>
          <technique_common>
            <accessor source="#Mesh13_001-mesh-normals-array" count="66" stride="3">
              <param name="X" type="float"/>
              <param name="Y" type="float"/>
              <param name="Z" type="float"/>
            </accessor>
          </technique_common>
        </source>
        <vertices id="Mesh13_001-mesh-vertices">
          <input semantic="POSITION" source="#Mesh13_001-mesh-positions"/>
        </vertices>
        <triangles material="Material_4_001-material" count="68">
          <input semantic="VERTEX" source="#Mesh13_001-mesh-vertices" offset="0"/>
          <input semantic="NORMAL" source="#Mesh13_001-mesh-normals" offset="1"/>
          <p>26 0 31 0 28 0 28 1 31 1 32 1 32 2 31 2 33 2 32 3 33 3 38 3 32 4 38 4 37 4 37 5 38 5 43 5 37 6 43 6 42 6 42 7 43 7 46 7 42 8 46 8 47 8 47 9 46 9 51 9 47 10 51 10 50 10 50 11 51 11 54 11 50 12 54 12 55 12 55 13 54 13 59 13 55 14 59 14 58 14 58 15 59 15 63 15 58 16 63 16 62 16 62 17 63 17 67 17 62 18 67 18 66 18 66 19 67 19 64 19 66 20 64 20 65 20 65 21 64 21 61 21 65 22 61 22 60 22 60 23 61 23 56 23 60 24 56 24 57 24 57 25 56 25 52 25 57 26 52 26 53 26 53 27 52 27 49 27 53 28 49 28 48 28 48 29 49 29 45 29 48 30 45 30 44 30 44 31 45 31 41 31 44 31 41 31 40 31 40 32 41 32 36 32 40 33 36 33 39 33 39 34 36 34 34 34 34 35 36 35 35 35 34 36 35 36 29 36 34 37 29 37 30 37 30 38 29 38 24 38 30 39 24 39 25 39 25 40 24 40 21 40 25 41 21 41 20 41 20 42 21 42 17 42 20 42 17 42 16 42 16 43 17 43 13 43 16 44 13 44 12 44 12 45 13 45 9 45 12 46 9 46 8 46 8 47 9 47 4 47 8 48 4 48 5 48 5 49 4 49 0 49 5 50 0 50 1 50 1 51 0 51 2 51 1 52 2 52 3 52 3 53 2 53 7 53 3 54 7 54 6 54 6 55 7 55 11 55 6 56 11 56 10 56 10 57 11 57 14 57 10 58 14 58 15 58 15 59 14 59 18 59 15 60 18 60 19 60 19 61 18 61 22 61 19 62 22 62 23 62 23 63 22 63 27 63 23 64 27 64 26 64 26 65 27 65 31 65</p>
        </triangles>
      </mesh>
    </geometry>
    <geometry id="Mesh12_001-mesh" name="Mesh12.001">
      <mesh>
        <source id="Mesh12_001-mesh-positions">
          <float_array id="Mesh12_001-mesh-positions-array" count="204">365.512 -393 872.3333 365.5123 -400 872.3329 365.5271 -400 871.5017 365.5277 -393 871.5015 365.609 -393 872.9883 365.6098 -400 872.9878 365.6487 -400 870.8525 365.6487 -393 870.8525 365.8586 -400 873.7603 365.8586 -393 873.7603 365.9233 -400 870.0942 365.9235 -393 870.0941 366.144 -393 874.3213 366.1447 -400 874.3209 366.4 -400 869.3 366.4 -393 869.3 366.6821 -400 875.0403 366.6821 -393 875.0403 366.9845 -400 868.6598 366.9845 -393 868.6598 367.3 -400 875.6 367.3 -393 875.6 367.6221 -400 868.1786 367.6227 -393 868.1793 367.947 -393 876.0049 367.9472 -400 876.0045 368.055 -400 867.942 368.055 -393 867.942 368.8915 -393 867.6379 368.8921 -393 876.3622 368.8923 -400 867.6384 368.8923 -400 876.3616 370 -400 867.5 370 -400 876.5 370 -393 867.5 370 -393 876.5 371.1077 -400 867.6384 371.1077 -400 876.3616 371.1077 -393 867.6384 371.1085 -393 876.3621 371.9446 -400 876.0583 371.945 -393 876.0581 372.053 -400 867.9951 372.053 -393 867.9951 372.3773 -400 875.8207 372.3773 -393 875.8207 372.7 -393 868.4 372.7005 -400 868.3994 373.0155 -393 875.3402 373.0159 -400 875.3401 373.3177 -400 868.9597 373.3177 -393 868.9597 373.6 -400 874.7 373.6003 -393 874.7008 373.8553 -393 869.6791 373.856 -400 869.6787 374.0765 -400 873.9059 374.0765 -393 873.9059 374.1414 -400 870.2397 374.1414 -393 870.2397 374.3513 -400 873.1475 374.3519 -393 873.1476 374.391 -400 871.0117 374.391 -393 871.0117 374.4723 -393 872.4985 374.4729 -400 872.4983 374.4877 -400 871.6671 374.488 -393 871.6667</float_array>
          <technique_common>
            <accessor source="#Mesh12_001-mesh-positions-array" count="68" stride="3">
              <param name="X" type="float"/>
              <param name="Y" type="float"/>
              <param name="Z" type="float"/>
            </accessor>
          </technique_common>
        </source>
        <source id="Mesh12_001-mesh-normals">
          <float_array id="Mesh12_001-mesh-normals-array" count="201">-0.1239732 0 0.9922856 -0.1239742 0 0.9922856 0.1239732 0 0.9922856 0.1239732 9.08007e-5 -0.9922856 0.123458 0 -0.9923499 -0.1239732 0 -0.9922856 -0.8907377 0 0.454518 -0.9514967 0 0.3076589 -0.9514805 0 0.3077092 -0.9892949 0 0.1459304 -0.9892147 5.07577e-5 0.1464728 -0.9998416 5.24334e-5 -0.0178011 -0.9998216 -9.2606e-5 -0.01889234 -0.9828997 -7.9215e-5 -0.1841418 -0.9832328 8.70819e-5 -0.1823552 -0.9399125 8.64685e-5 -0.3414154 -0.9401953 0 -0.340636 -0.8575233 0 -0.5144453 -0.8578531 8.84078e-5 -0.5138951 -0.7378339 1.10707e-4 -0.6749824 -0.7386593 -4.02495e-5 -0.674079 -0.6013205 -2.72732e-5 -0.7990079 -0.6014477 0 -0.7989124 -0.481287 0 -0.8765631 -0.4814352 -7.80795e-6 -0.8764818 -0.3407204 -7.34649e-6 -0.9401647 -0.341548 1.00616e-4 -0.9398643 -0.1235178 8.48873e-5 -0.9923424 -0.8912997 -1.24684e-4 0.4534149 -0.8010613 -1.16297e-4 0.5985825 -0.8004472 0 0.5994034 0.3534905 9.49315e-5 -0.9354381 0.3537436 6.67949e-5 -0.9353425 0.5298131 6.28445e-5 -0.8481145 0.5304517 0 -0.8477151 0.671335 0 -0.7411541 0.8012146 0 -0.5983771 0.8006334 1.06594e-4 -0.5991546 0.8906918 1.24692e-4 -0.4546077 0.8912604 0 -0.4534919 0.9515025 0 -0.3076412 0.9518693 1.2891e-4 -0.3065043 0.9890964 1.18527e-4 -0.14727 0.9892147 5.07577e-5 -0.1464728 0.9998415 4.19537e-5 0.01780408 0.999823 -8.21249e-5 0.01881897 0.9829081 -7.92157e-5 0.1840972 0.9830666 0 0.1832488 0.9401752 0 0.3406913 0.9402601 -1.08106e-5 0.3404572 0.8574069 -2.82389e-5 0.514639 0.857429 0 0.5146024 0.7385777 0 0.6741684 0.7384314 0 0.6743287 0.6023718 0 0.7982157 0.601466 -1.33081e-4 0.7988984 0.4795826 -1.23713e-4 0.8774968 0.4811656 0 0.8766297 0.3409947 0 0.9400653 0.3417069 1.05515e-4 0.9398066 0.123391 8.39103e-5 0.9923582 -0.6714807 0 0.7410221 -0.6721395 -1.15064e-4 0.7404246 -0.5305831 -1.18861e-4 0.8476331 -0.3529387 0 0.9356465 -0.3530595 0 0.9356009 -0.5296334 0 0.8482267</float_array>
          <technique_common>
            <accessor source="#Mesh12_001-mesh-normals-array" count="67" stride="3">
              <param name="X" type="float"/>
              <param name="Y" type="float"/>
              <param name="Z" type="float"/>
            </accessor>
          </technique_common>
        </source>
        <vertices id="Mesh12_001-mesh-vertices">
          <input semantic="POSITION" source="#Mesh12_001-mesh-positions"/>
        </vertices>
        <triangles material="Material_4_001-material" count="68">
          <input semantic="VERTEX" source="#Mesh12_001-mesh-vertices" offset="0"/>
          <input semantic="NORMAL" source="#Mesh12_001-mesh-normals" offset="1"/>
          <p>38 0 32 0 36 0 34 1 32 1 38 1 34 2 30 2 32 2 29 3 33 3 31 3 35 4 33 4 29 4 35 5 37 5 33 5 54 6 58 6 59 6 59 7 58 7 63 7 63 8 58 8 62 8 63 9 62 9 66 9 63 10 66 10 67 10 67 11 66 11 65 11 67 12 65 12 64 12 64 13 65 13 60 13 64 14 60 14 61 14 61 15 60 15 57 15 57 16 60 16 56 16 57 17 56 17 52 17 57 18 52 18 53 18 53 19 52 19 48 19 48 20 52 20 49 20 48 21 49 21 44 21 48 22 44 22 45 22 45 23 44 23 40 23 45 24 40 24 41 24 41 25 40 25 37 25 41 26 37 26 39 26 39 27 37 27 35 27 54 28 55 28 58 28 51 29 55 29 54 29 51 30 50 30 55 30 29 31 31 31 25 31 29 32 25 32 24 32 24 33 25 33 20 33 24 34 20 34 21 34 21 35 20 35 16 35 21 35 16 35 17 35 17 36 16 36 13 36 17 37 13 37 12 37 12 38 13 38 8 38 12 39 8 39 9 39 9 40 8 40 4 40 4 41 8 41 5 41 4 42 5 42 1 42 4 43 1 43 0 43 0 44 1 44 2 44 0 45 2 45 3 45 3 46 2 46 6 46 3 47 6 47 7 47 7 48 6 48 11 48 11 49 6 49 10 49 11 50 10 50 14 50 11 51 14 51 15 51 15 52 14 52 19 52 19 53 14 53 18 53 19 54 18 54 22 54 19 55 22 55 23 55 23 56 22 56 26 56 23 57 26 57 27 57 27 58 26 58 30 58 27 59 30 59 28 59 28 60 30 60 34 60 46 61 50 61 51 61 46 62 47 62 50 62 43 63 47 63 46 63 38 64 36 64 42 64 38 65 42 65 43 65 43 66 42 66 47 66</p>
        </triangles>
      </mesh>
    </geometry>
    <geometry id="Mesh11_001-mesh" name="Mesh11.001">
      <mesh>
        <source id="Mesh11_001-mesh-positions">
          <float_array id="Mesh11_001-mesh-positions-array" count="204">335.5123 -400 872.3329 335.5123 -393 872.3329 335.5271 -400 871.5017 335.5271 -393 871.5017 335.609 -400 872.9883 335.6098 -393 872.9878 335.6481 -400 870.8524 335.6487 -393 870.8525 335.8586 -400 873.7603 335.8586 -393 873.7603 335.9233 -393 870.0942 335.9235 -400 870.0941 336.1447 -400 874.3209 336.1447 -393 874.3209 336.3997 -393 869.2992 336.4 -400 869.3 336.6823 -400 875.0403 336.6823 -393 875.0403 336.9841 -400 868.6599 336.9841 -393 868.6599 337.2995 -400 875.6006 337.3 -393 875.6 337.6221 -400 868.1786 337.6221 -393 868.1786 337.9472 -400 876.0045 337.9472 -393 876.0045 338.055 -393 867.942 338.0554 -400 867.9417 338.8915 -393 867.6379 338.8921 -400 876.3622 338.8923 -400 867.6384 338.8923 -393 876.3616 340 -400 867.5 340 -400 876.5 340 -393 867.5 340 -393 876.5 341.1077 -400 867.6384 341.1077 -393 867.6384 341.1085 -400 876.3621 341.1085 -393 876.3621 341.9446 -400 876.0583 341.945 -393 876.0581 342.0528 -400 867.9955 342.053 -393 867.9951 342.3773 -393 875.8207 342.3779 -400 875.8214 342.7005 -400 868.3994 342.7005 -393 868.3994 343.0155 -400 875.3402 343.0159 -393 875.3401 343.3177 -400 868.9597 343.3177 -393 868.9597 343.6 -400 874.7 343.6003 -393 874.7008 343.8553 -393 869.6791 343.856 -400 869.6787 344.0765 -393 873.9059 344.0767 -400 873.9058 344.1414 -400 870.2397 344.1414 -393 870.2397 344.3519 -400 873.1476 344.3519 -393 873.1476 344.3902 -400 871.0122 344.391 -393 871.0117 344.4723 -400 872.4985 344.4723 -393 872.4985 344.488 -400 871.6667 344.488 -393 871.6667</float_array>
          <technique_common>
            <accessor source="#Mesh11_001-mesh-positions-array" count="68" stride="3">
              <param name="X" type="float"/>
              <param name="Y" type="float"/>
              <param name="Z" type="float"/>
            </accessor>
          </technique_common>
        </source>
        <source id="Mesh11_001-mesh-normals">
          <float_array id="Mesh11_001-mesh-normals-array" count="195">-0.1235169 0 -0.9923425 -0.1235178 0 -0.9923424 0.1239742 0 -0.9922856 0.123391 8.39103e-5 0.9923582 0.1239732 0 0.9922856 -0.1239742 0 0.9922856 -0.7379887 1.0572e-4 -0.6748132 -0.8578531 8.46863e-5 -0.5138951 -0.8574614 -1.594e-5 -0.5145484 -0.9399976 -2.16191e-5 -0.3411815 -0.9399125 0 -0.3414154 -0.9832397 0 -0.1823174 -0.9832258 0 -0.1823931 -0.9998216 0 -0.01889234 -0.9892193 0 0.1464422 -0.9890107 1.31386e-4 0.1478441 -0.9518584 1.28908e-4 0.3065384 -0.9514967 0 0.3076589 -0.8907377 0 0.454518 -0.8912997 -1.24975e-4 0.4534149 -0.8010613 -1.21355e-4 0.5985825 -0.8004472 0 0.5994034 -0.6722312 0 0.7403413 -0.6721395 0 0.7404246 -0.5296385 0 0.8482236 -0.5291131 7.14997e-5 0.8485514 -0.3530595 6.68804e-5 0.9356009 -0.3533697 0 0.9354838 -0.1239732 0 0.9922856 -0.7385045 4.02323e-5 -0.6742485 -0.6023718 2.14889e-5 -0.7982157 -0.6013205 -1.25457e-4 -0.7990079 0.3417084 1.05314e-4 0.9398061 0.340711 -3.269e-5 0.9401682 0.4795826 -2.20916e-5 0.8774968 0.4797055 0 0.8774296 0.6022443 0 0.798312 0.7386593 0 0.674079 0.7380445 1.10739e-4 0.6747522 0.8577912 8.46653e-5 0.5139983 0.8574689 2.5361e-5 0.514536 0.9399448 2.16139e-5 0.3413265 0.94024 -8.10925e-5 0.3405126 0.9829152 -8.57992e-5 0.184059 0.9830737 0 0.1832107 0.9998415 0 0.01780408 0.9891009 0 -0.1472393 0.9892838 -1.15189e-4 -0.1460059 0.9515187 -1.28955e-4 -0.3075908 0.9518532 0 -0.3065544 0.8906918 0 -0.4546077 0.8907377 0 -0.454518 0.8010056 0 -0.5986569 0.8011169 0 -0.598508 0.6714442 0 -0.7410551 0.6721213 -1.03508e-4 -0.7404412 0.5298131 -1.02836e-4 -0.8481145 0.5292472 0 -0.8484678 0.3533725 0 -0.9354828 0.3541644 -9.14255e-5 -0.9351831 0.123458 -9.07894e-5 -0.9923499 -0.4796795 -1.24601e-4 -0.8774438 -0.4814352 -8.83951e-6 -0.8764818 -0.3415637 -1.52742e-5 -0.9398587 -0.3414064 0 -0.9399158</float_array>
          <technique_common>
            <accessor source="#Mesh11_001-mesh-normals-array" count="65" stride="3">
              <param name="X" type="float"/>
              <param name="Y" type="float"/>
              <param name="Z" type="float"/>
            </accessor>
          </technique_common>
        </source>
        <vertices id="Mesh11_001-mesh-vertices">
          <input semantic="POSITION" source="#Mesh11_001-mesh-positions"/>
        </vertices>
        <triangles material="Material_4_001-material" count="68">
          <input semantic="VERTEX" source="#Mesh11_001-mesh-vertices" offset="0"/>
          <input semantic="NORMAL" source="#Mesh11_001-mesh-normals" offset="1"/>
          <p>38 0 35 0 39 0 33 1 35 1 38 1 33 2 31 2 35 2 30 3 34 3 28 3 32 4 34 4 30 4 32 5 37 5 34 5 52 6 49 6 53 6 52 7 53 7 56 7 52 8 56 8 57 8 57 9 56 9 60 9 60 10 56 10 61 10 60 11 61 11 65 11 60 12 65 12 64 12 64 13 65 13 67 13 64 13 67 13 66 13 66 14 67 14 63 14 66 15 63 15 62 15 62 16 63 16 58 16 58 17 63 17 59 17 58 18 59 18 54 18 58 19 54 19 55 19 55 20 54 20 51 20 55 21 51 21 50 21 50 22 51 22 47 22 50 23 47 23 46 23 46 24 47 24 43 24 46 25 43 25 42 25 42 26 43 26 37 26 42 27 37 27 36 27 36 28 37 28 32 28 48 29 49 29 52 29 45 30 49 30 48 30 45 31 44 31 49 31 30 32 28 32 26 32 30 33 26 33 27 33 27 34 26 34 23 34 27 35 23 35 22 35 22 36 23 36 19 36 22 36 19 36 18 36 18 37 19 37 15 37 15 38 19 38 14 38 15 39 14 39 10 39 15 40 10 40 11 40 11 41 10 41 6 41 6 42 10 42 7 42 6 43 7 43 3 43 6 44 3 44 2 44 2 45 3 45 1 45 2 45 1 45 0 45 0 46 1 46 5 46 0 47 5 47 4 47 4 48 5 48 8 48 8 49 5 49 9 49 8 50 9 50 13 50 8 51 13 51 12 51 12 52 13 52 17 52 12 53 17 53 16 53 16 54 17 54 21 54 16 55 21 55 20 55 20 56 21 56 25 56 20 57 25 57 24 57 24 58 25 58 31 58 24 59 31 59 29 59 29 60 31 60 33 60 40 61 44 61 45 61 40 62 41 62 44 62 38 63 41 63 40 63 38 64 39 64 41 64</p>
        </triangles>
      </mesh>
    </geometry>
    <geometry id="Mesh10_001-mesh" name="Mesh10.001">
      <mesh>
        <source id="Mesh10_001-mesh-positions">
          <float_array id="Mesh10_001-mesh-positions-array" count="102">335.5123 -400 872.3329 335.5271 -400 871.5017 335.609 -400 872.9883 335.6481 -400 870.8524 335.8586 -400 873.7603 335.9235 -400 870.0941 336.1447 -400 874.3209 336.4 -400 869.3 336.6823 -400 875.0403 336.9841 -400 868.6599 337.2995 -400 875.6006 337.6221 -400 868.1786 337.9472 -400 876.0045 338.0554 -400 867.9417 338.8921 -400 876.3622 338.8923 -400 867.6384 340 -400 867.5 340 -400 876.5 341.1077 -400 867.6384 341.1085 -400 876.3621 341.9446 -400 876.0583 342.0528 -400 867.9955 342.3779 -400 875.8214 342.7005 -400 868.3994 343.0155 -400 875.3402 343.3177 -400 868.9597 343.6 -400 874.7 343.856 -400 869.6787 344.0767 -400 873.9058 344.1414 -400 870.2397 344.3519 -400 873.1476 344.3902 -400 871.0122 344.4723 -400 872.4985 344.488 -400 871.6667</float_array>
          <technique_common>
            <accessor source="#Mesh10_001-mesh-positions-array" count="34" stride="3">
              <param name="X" type="float"/>
              <param name="Y" type="float"/>
              <param name="Z" type="float"/>
            </accessor>
          </technique_common>
        </source>
        <source id="Mesh10_001-mesh-normals">
          <float_array id="Mesh10_001-mesh-normals-array" count="3">0 1 0</float_array>
          <technique_common>
            <accessor source="#Mesh10_001-mesh-normals-array" count="1" stride="3">
              <param name="X" type="float"/>
              <param name="Y" type="float"/>
              <param name="Z" type="float"/>
            </accessor>
          </technique_common>
        </source>
        <vertices id="Mesh10_001-mesh-vertices">
          <input semantic="POSITION" source="#Mesh10_001-mesh-positions"/>
        </vertices>
        <triangles material="Material_4_001-material" count="32">
          <input semantic="VERTEX" source="#Mesh10_001-mesh-vertices" offset="0"/>
          <input semantic="NORMAL" source="#Mesh10_001-mesh-normals" offset="1"/>
          <p>18 0 16 0 21 0 21 0 16 0 15 0 21 0 15 0 23 0 23 0 15 0 13 0 23 0 13 0 25 0 25 0 13 0 11 0 25 0 11 0 27 0 27 0 11 0 9 0 27 0 9 0 29 0 29 0 9 0 7 0 29 0 7 0 31 0 31 0 7 0 5 0 31 0 5 0 33 0 33 0 5 0 3 0 33 0 3 0 32 0 32 0 3 0 1 0 32 0 1 0 30 0 30 0 1 0 0 0 30 0 0 0 28 0 28 0 0 0 2 0 28 0 2 0 26 0 26 0 2 0 4 0 26 0 4 0 24 0 24 0 4 0 6 0 24 0 6 0 22 0 22 0 6 0 8 0 22 0 8 0 20 0 20 0 8 0 10 0 20 0 10 0 19 0 19 0 10 0 12 0 19 0 12 0 17 0 17 0 12 0 14 0</p>
        </triangles>
      </mesh>
    </geometry>
    <geometry id="Mesh9_001-mesh" name="Mesh9.001">
      <mesh>
        <source id="Mesh9_001-mesh-positions">
          <float_array id="Mesh9_001-mesh-positions-array" count="102">365.5123 -400 872.3329 365.5271 -400 871.5017 365.6098 -400 872.9878 365.6487 -400 870.8525 365.8586 -400 873.7603 365.9233 -400 870.0942 366.1447 -400 874.3209 366.4 -400 869.3 366.6821 -400 875.0403 366.9845 -400 868.6598 367.3 -400 875.6 367.6221 -400 868.1786 367.9472 -400 876.0045 368.055 -400 867.942 368.8923 -400 867.6384 368.8923 -400 876.3616 370 -400 867.5 370 -400 876.5 371.1077 -400 867.6384 371.1077 -400 876.3616 371.9446 -400 876.0583 372.053 -400 867.9951 372.3773 -400 875.8207 372.7005 -400 868.3994 373.0159 -400 875.3401 373.3177 -400 868.9597 373.6 -400 874.7 373.856 -400 869.6787 374.0765 -400 873.9059 374.1414 -400 870.2397 374.3513 -400 873.1475 374.391 -400 871.0117 374.4729 -400 872.4983 374.4877 -400 871.6671</float_array>
          <technique_common>
            <accessor source="#Mesh9_001-mesh-positions-array" count="34" stride="3">
              <param name="X" type="float"/>
              <param name="Y" type="float"/>
              <param name="Z" type="float"/>
            </accessor>
          </technique_common>
        </source>
        <source id="Mesh9_001-mesh-normals">
          <float_array id="Mesh9_001-mesh-normals-array" count="3">0 1 0</float_array>
          <technique_common>
            <accessor source="#Mesh9_001-mesh-normals-array" count="1" stride="3">
              <param name="X" type="float"/>
              <param name="Y" type="float"/>
              <param name="Z" type="float"/>
            </accessor>
          </technique_common>
        </source>
        <vertices id="Mesh9_001-mesh-vertices">
          <input semantic="POSITION" source="#Mesh9_001-mesh-positions"/>
        </vertices>
        <triangles material="Material_4_001-material" count="32">
          <input semantic="VERTEX" source="#Mesh9_001-mesh-vertices" offset="0"/>
          <input semantic="NORMAL" source="#Mesh9_001-mesh-normals" offset="1"/>
          <p>15 0 17 0 12 0 12 0 17 0 19 0 12 0 19 0 10 0 10 0 19 0 20 0 10 0 20 0 8 0 8 0 20 0 22 0 8 0 22 0 6 0 6 0 22 0 24 0 6 0 24 0 4 0 4 0 24 0 26 0 4 0 26 0 2 0 2 0 26 0 28 0 2 0 28 0 0 0 0 0 28 0 30 0 0 0 30 0 1 0 1 0 30 0 32 0 1 0 32 0 3 0 3 0 32 0 33 0 3 0 33 0 5 0 5 0 33 0 31 0 5 0 31 0 7 0 7 0 31 0 29 0 7 0 29 0 9 0 9 0 29 0 27 0 9 0 27 0 11 0 11 0 27 0 25 0 11 0 25 0 13 0 13 0 25 0 23 0 13 0 23 0 14 0 14 0 23 0 21 0 14 0 21 0 16 0 16 0 21 0 18 0</p>
        </triangles>
      </mesh>
    </geometry>
    <geometry id="Mesh8_001-mesh" name="Mesh8.001">
      <mesh>
        <source id="Mesh8_001-mesh-positions">
          <float_array id="Mesh8_001-mesh-positions-array" count="216">295 -393 855.5 295 -393 888.5 335.5123 -393 872.3329 335.5271 -393 871.5017 335.6098 -393 872.9878 335.6487 -393 870.8525 335.8586 -393 873.7603 335.9233 -393 870.0942 336.1447 -393 874.3209 336.3997 -393 869.2992 336.6823 -393 875.0403 336.9841 -393 868.6599 337.3 -393 875.6 337.6221 -393 868.1786 337.9472 -393 876.0045 338.055 -393 867.942 338.8915 -393 867.6379 338.8923 -393 876.3616 340 -393 867.5 340 -393 876.5 341.1077 -393 867.6384 341.1085 -393 876.3621 341.945 -393 876.0581 342.053 -393 867.9951 342.3773 -393 875.8207 342.7005 -393 868.3994 343.0159 -393 875.3401 343.3177 -393 868.9597 343.6003 -393 874.7008 343.8553 -393 869.6791 344.0765 -393 873.9059 344.1414 -393 870.2397 344.3519 -393 873.1476 344.391 -393 871.0117 344.4723 -393 872.4985 344.488 -393 871.6667 365.512 -393 872.3333 365.5277 -393 871.5015 365.609 -393 872.9883 365.6487 -393 870.8525 365.8586 -393 873.7603 365.9235 -393 870.0941 366.144 -393 874.3213 366.4 -393 869.3 366.6821 -393 875.0403 366.9845 -393 868.6598 367.3 -393 875.6 367.6227 -393 868.1793 367.947 -393 876.0049 368.055 -393 867.942 368.8915 -393 867.6379 368.8921 -393 876.3622 370 -393 867.5 370 -393 876.5 371.1077 -393 867.6384 371.1085 -393 876.3621 371.945 -393 876.0581 372.053 -393 867.9951 372.3773 -393 875.8207 372.7 -393 868.4 373.0155 -393 875.3402 373.3177 -393 868.9597 373.6003 -393 874.7008 373.8553 -393 869.6791 374.0765 -393 873.9059 374.1414 -393 870.2397 374.3519 -393 873.1476 374.391 -393 871.0117 374.4723 -393 872.4985 374.488 -393 871.6667 415 -393 855.5 415 -393 888.5</float_array>
          <technique_common>
            <accessor source="#Mesh8_001-mesh-positions-array" count="72" stride="3">
              <param name="X" type="float"/>
              <param name="Y" type="float"/>
              <param name="Z" type="float"/>
            </accessor>
          </technique_common>
        </source>
        <source id="Mesh8_001-mesh-normals">
          <float_array id="Mesh8_001-mesh-normals-array" count="162">0 1 5.90232e-5 0 1 0 0 1 -5.31516e-5 0 1 -2.24834e-6 0 1 1.17489e-4 0 1 -6.55738e-5 0 1 2.62349e-5 0 1 -5.17591e-5 0 1 1.38602e-5 0 1 2.82292e-5 0 1 -3.46833e-5 0 1 3.45625e-5 0 1 -1.74189e-5 0 1 -2.0095e-5 0 1 -3.53477e-6 0 1 -1.28044e-5 0 1 -2.35165e-5 0 1 6.49269e-5 0 1 1.25156e-5 0 1 5.31587e-5 0 1 -9.3433e-5 0 1 3.08649e-5 0 1 2.6235e-5 0 1 -2.02534e-5 0 1 -2.07951e-5 0 1 5.6462e-5 0 1 -4.85234e-5 0 1 3.24272e-5 0 1 -1.56714e-5 0 1 1.85514e-5 0 1 3.88781e-5 0 1 -1.21757e-4 0 1 1.17384e-5 0 1 -4.79925e-5 0 1 -2.61319e-5 0 1 -5.50556e-5 0 1 -2.36197e-4 0 1 6.86124e-5 0 1 4.91875e-5 0 1 3.85024e-5 0 1 3.22689e-5 0 1 -8.72582e-5 0 1 1.9489e-5 0 1 -2.70499e-4 0 1 1.33668e-4 0 1 -8.02269e-5 0 1 1.41555e-4 0 1 2.62714e-5 0 1 -7.42082e-6 0 1 1.56427e-5 0 1 7.8726e-5 0 1 -1.68828e-4 0 0.9999999 5.75757e-4 0 1 5.45485e-5</float_array>
          <technique_common>
            <accessor source="#Mesh8_001-mesh-normals-array" count="54" stride="3">
              <param name="X" type="float"/>
              <param name="Y" type="float"/>
              <param name="Z" type="float"/>
            </accessor>
          </technique_common>
        </source>
        <vertices id="Mesh8_001-mesh-vertices">
          <input semantic="POSITION" source="#Mesh8_001-mesh-positions"/>
        </vertices>
        <triangles material="Material_4_001-material" count="74">
          <input semantic="VERTEX" source="#Mesh8_001-mesh-vertices" offset="0"/>
          <input semantic="NORMAL" source="#Mesh8_001-mesh-normals" offset="1"/>
          <p>18 0 50 0 52 0 70 1 18 1 52 1 71 1 19 1 1 1 1 2 19 2 17 2 1 3 17 3 14 3 1 4 14 4 12 4 1 5 12 5 10 5 1 6 10 6 8 6 1 7 8 7 6 7 1 8 6 8 4 8 1 9 4 9 2 9 1 10 2 10 3 10 1 1 3 1 0 1 0 11 3 11 5 11 0 12 5 12 7 12 0 13 7 13 9 13 0 14 9 14 11 14 0 15 11 15 13 15 0 16 13 16 15 16 0 17 15 17 16 17 0 18 16 18 18 18 0 1 18 1 70 1 70 19 52 19 54 19 70 1 54 1 57 1 70 20 57 20 59 20 70 21 59 21 61 21 70 22 61 22 63 22 70 23 63 23 65 23 70 24 65 24 67 24 70 25 67 25 69 25 70 1 69 1 71 1 71 26 69 26 68 26 71 27 68 27 66 27 71 28 66 28 64 28 71 29 64 29 62 29 71 30 62 30 60 30 71 31 60 31 58 31 71 32 58 32 56 32 18 33 49 33 50 33 23 34 43 34 45 34 23 35 41 35 43 35 19 36 53 36 51 36 23 37 39 37 41 37 21 38 51 38 48 38 21 39 48 39 46 39 21 40 46 40 44 40 21 1 44 1 22 1 22 1 44 1 24 1 24 1 44 1 26 1 26 1 44 1 42 1 26 1 42 1 28 1 28 1 42 1 30 1 30 1 42 1 32 1 32 41 42 41 40 41 23 42 37 42 39 42 25 43 37 43 23 43 27 1 37 1 25 1 29 44 37 44 27 44 35 45 36 45 37 45 35 46 37 46 33 46 33 1 37 1 31 1 31 1 37 1 29 1 34 1 36 1 35 1 32 1 36 1 34 1 32 47 38 47 36 47 32 48 40 48 38 48 19 1 51 1 21 1 71 1 53 1 19 1 71 49 55 49 53 49 23 50 45 50 47 50 23 51 47 51 49 51 23 1 49 1 20 1 20 52 49 52 18 52 71 53 56 53 55 53</p>
        </triangles>
      </mesh>
    </geometry>
    <geometry id="Mesh7_001-mesh" name="Mesh7.001">
      <mesh>
        <source id="Mesh7_001-mesh-positions">
          <float_array id="Mesh7_001-mesh-positions-array" count="204">312.6158 -452.3588 1536.5 312.6165 -452.3561 1569.5 312.7612 -460.2088 1569.5 312.7613 -460.2097 1536.5 313.5365 -446.1707 1536.5 313.5366 -446.1707 1569.5 313.9047 -466.3364 1536.5 313.9047 -466.3364 1569.5 315.8866 -438.875 1536.5 315.8866 -438.875 1569.5 316.5 -473.5 1536.5 316.5006 -473.5018 1569.5 318.5885 -433.5802 1536.5 318.5908 -433.5764 1569.5 320.9974 -480.997 1536.5 320.9995 -480.9999 1569.5 323.6667 -426.7859 1536.5 323.6667 -426.7859 1569.5 326.5206 -487.0464 1569.5 326.5212 -487.0474 1536.5 329.5011 -421.4988 1536.5 329.5011 -421.4988 1569.5 332.5454 -491.584 1536.5 332.5454 -491.584 1569.5 335.6124 -417.6797 1569.5 335.6124 -417.6792 1536.5 336.6306 -493.8251 1536.5 336.6306 -493.8251 1569.5 344.5344 -496.6916 1536.5 344.5379 -496.6925 1569.5 344.5385 -414.3077 1536.5 344.5385 -414.3077 1569.5 355 -498 1536.5 355 -498 1569.5 355 -413 1536.5 355 -413 1569.5 365.4615 -496.6923 1536.5 365.4615 -496.6923 1569.5 365.4621 -414.3075 1569.5 365.4656 -414.3084 1536.5 373.3694 -417.1749 1536.5 373.3694 -417.1749 1569.5 374.3876 -493.3203 1536.5 374.3876 -493.3203 1569.5 377.4529 -419.4151 1536.5 377.4529 -419.4151 1569.5 380.5 -489.5 1536.5 380.5 -489.5 1569.5 383.4794 -423.9536 1536.5 383.4794 -423.9536 1569.5 386.3333 -484.2141 1536.5 386.3338 -484.2131 1569.5 389 -430 1569.5 389.0026 -430.003 1536.5 391.4112 -477.4198 1536.5 391.4112 -477.4198 1569.5 393.4994 -437.4982 1569.5 393.5018 -437.5032 1536.5 394.1134 -472.125 1569.5 394.1135 -472.1248 1536.5 396.0953 -444.6636 1569.5 396.0956 -444.6635 1536.5 396.4635 -464.8293 1536.5 396.4648 -464.8237 1569.5 397.2387 -450.7903 1536.5 397.2388 -450.7912 1569.5 397.3835 -458.6439 1536.5 397.3835 -458.6439 1569.5</float_array>
          <technique_common>
            <accessor source="#Mesh7_001-mesh-positions-array" count="68" stride="3">
              <param name="X" type="float"/>
              <param name="Y" type="float"/>
              <param name="Z" type="float"/>
            </accessor>
          </technique_common>
        </source>
        <source id="Mesh7_001-mesh-normals">
          <float_array id="Mesh7_001-mesh-normals-array" count="195">0.3409441 0.9400837 -1.04674e-5 0.1240541 0.9922755 1.40289e-5 0.1240119 0.9922807 0 -0.1240375 0.9922775 0 -0.1240368 0.9922776 0 -0.3533928 0.9354751 0 -0.3533949 0.9354743 0 -0.5300064 0.8479937 0 -0.529999 0.8479983 0 -0.6715226 0.7409842 0 -0.6714822 0.7410207 -1.1191e-5 -0.8009946 0.5986716 -6.97858e-6 -0.801007 0.5986551 0 -0.890707 0.4545781 0 -0.8907096 0.4545729 0 -0.9518592 0.3065356 -9.64482e-7 -0.9518368 0.3066052 -1.51332e-5 -0.9891289 0.1470516 1.36176e-5 -0.9891192 0.1471167 0 -0.9998304 -0.01841723 0 -0.99983 -0.01844519 3.2581e-6 -0.9830305 -0.1834423 -1.48358e-6 -0.9830365 -0.1834102 -9.90123e-6 -0.9402018 -0.340618 -9.70753e-6 -0.9402142 -0.3405836 -1.68657e-5 -0.8574692 -0.5145356 1.43825e-5 -0.8575331 -0.5144289 -1.98509e-5 -0.738491 -0.6742634 1.80719e-6 -0.7384999 -0.6742537 0 -0.6015716 -0.7988189 0 -0.6015817 -0.7988114 0 -0.4809746 -0.8767346 0 -0.340909 -0.9400964 0 -0.3409441 -0.9400837 -1.0757e-5 -0.124052 -0.9922757 1.4029e-5 -0.1240091 -0.9922811 0 0.1240333 -0.9922781 0 0.3533949 -0.9354743 0 0.3533514 -0.9354907 -1.39565e-5 0.5299547 -0.848026 -1.23193e-5 0.5299983 -0.8479989 0 0.6714975 -0.7410069 0 0.8009574 -0.5987215 0 0.8009947 -0.5986716 1.25654e-5 0.8907057 -0.4545806 -8.70539e-6 0.8907311 -0.4545306 0 0.9518406 -0.3065932 0 0.9518346 -0.306612 -2.53659e-6 0.9891153 -0.147143 -2.66186e-6 0.9891136 -0.1471548 -8.93427e-6 0.9998304 0.01841711 -2.27836e-5 0.9998283 0.01853454 2.26775e-6 0.9830288 0.1834515 -2.37373e-6 0.9830291 0.1834496 0 0.9402002 0.3406223 0 0.9401994 0.3406248 1.81635e-6 0.8574876 0.5145047 1.35371e-5 0.8575379 0.5144209 -9.28624e-6 0.7384583 0.6742992 1.08426e-5 0.7385185 0.6742332 -7.70047e-6 0.6016147 0.7987865 -1.5694e-5 0.6015648 0.7988241 0 0.4809608 0.8767421 0 0.4809584 0.8767435 0 0.340909 0.9400964 0</float_array>
          <technique_common>
            <accessor source="#Mesh7_001-mesh-normals-array" count="65" stride="3">
              <param name="X" type="float"/>
              <param name="Y" type="float"/>
              <param name="Z" type="float"/>
            </accessor>
          </technique_common>
        </source>
        <vertices id="Mesh7_001-mesh-vertices">
          <input semantic="POSITION" source="#Mesh7_001-mesh-positions"/>
        </vertices>
        <triangles material="Material_4_001-material" count="68">
          <input semantic="VERTEX" source="#Mesh7_001-mesh-vertices" offset="0"/>
          <input semantic="NORMAL" source="#Mesh7_001-mesh-normals" offset="1"/>
          <p>26 0 29 0 28 0 28 1 29 1 32 1 32 2 29 2 33 2 32 3 33 3 37 3 32 4 37 4 36 4 36 5 37 5 43 5 36 6 43 6 42 6 42 7 43 7 47 7 42 8 47 8 46 8 46 9 47 9 51 9 46 10 51 10 50 10 50 11 51 11 55 11 50 12 55 12 54 12 54 13 55 13 58 13 54 14 58 14 59 14 59 15 58 15 63 15 59 16 63 16 62 16 62 17 63 17 67 17 62 18 67 18 66 18 66 19 67 19 65 19 66 20 65 20 64 20 64 21 65 21 60 21 64 22 60 22 61 22 61 23 60 23 56 23 61 24 56 24 57 24 57 25 56 25 52 25 57 26 52 26 53 26 53 27 52 27 49 27 53 28 49 28 48 28 48 29 49 29 45 29 48 30 45 30 44 30 44 31 45 31 41 31 44 31 41 31 40 31 40 32 41 32 38 32 40 33 38 33 39 33 39 34 38 34 34 34 34 35 38 35 35 35 34 36 35 36 31 36 34 36 31 36 30 36 30 37 31 37 24 37 30 38 24 38 25 38 25 39 24 39 21 39 25 40 21 40 20 40 20 41 21 41 17 41 20 41 17 41 16 41 16 42 17 42 13 42 16 43 13 43 12 43 12 44 13 44 9 44 12 45 9 45 8 45 8 46 9 46 5 46 8 47 5 47 4 47 4 48 5 48 1 48 4 49 1 49 0 49 0 50 1 50 2 50 0 51 2 51 3 51 3 52 2 52 7 52 3 53 7 53 6 53 6 54 7 54 11 54 6 55 11 55 10 55 10 56 11 56 15 56 10 57 15 57 14 57 14 58 15 58 18 58 14 59 18 59 19 59 19 60 18 60 23 60 19 61 23 61 22 61 22 62 23 62 27 62 22 63 27 63 26 63 26 64 27 64 29 64</p>
        </triangles>
      </mesh>
    </geometry>
    <geometry id="Mesh6_001-mesh" name="Mesh6.001">
      <mesh>
        <source id="Mesh6_001-mesh-positions">
          <float_array id="Mesh6_001-mesh-positions-array" count="51">313.3823 -528.9778 1809.62 313.5222 -536.2708 1807.575 314.6251 -541.9642 1805.98 317.1293 -548.6215 1804.119 321.4695 -555.5891 1802.176 326.7957 -561.2089 1800.613 332.6078 -565.4277 1799.445 336.5489 -567.5121 1798.871 344.1775 -570.1805 1798.143 354.2698 -571.4022 1797.827 364.3621 -570.1946 1798.193 372.9688 -567.0712 1799.093 378.8698 -563.5242 1800.103 384.4976 -558.6175 1801.495 389.3958 -552.311 1803.278 392.0027 -547.3947 1804.664 394.2697 -540.6198 1806.571</float_array>
          <technique_common>
            <accessor source="#Mesh6_001-mesh-positions-array" count="17" stride="3">
              <param name="X" type="float"/>
              <param name="Y" type="float"/>
              <param name="Z" type="float"/>
            </accessor>
          </technique_common>
        </source>
        <source id="Mesh6_001-mesh-normals">
          <float_array id="Mesh6_001-mesh-normals-array" count="45">-0.002574861 -0.2700251 0.9628499 -0.002573013 -0.2701677 0.9628099 -0.002592027 -0.2702432 0.9627887 -0.002583146 -0.2701141 0.9628249 -0.00258249 -0.2700979 0.9628295 -0.002579689 -0.2701442 0.9628165 -0.00257796 -0.2701213 0.9628229 -0.002581775 -0.2701966 0.9628018 -0.002582728 -0.2702268 0.9627933 -0.002578675 -0.2698754 0.9628918 -0.002620816 -0.2702454 0.9627879 -0.002628505 -0.2703058 0.9627709 -0.002509534 -0.2697832 0.9629179 -0.002557575 -0.2700668 0.9628382 -0.002563118 -0.2698662 0.9628944</float_array>
          <technique_common>
            <accessor source="#Mesh6_001-mesh-normals-array" count="15" stride="3">
              <param name="X" type="float"/>
              <param name="Y" type="float"/>
              <param name="Z" type="float"/>
            </accessor>
          </technique_common>
        </source>
        <vertices id="Mesh6_001-mesh-vertices">
          <input semantic="POSITION" source="#Mesh6_001-mesh-positions"/>
        </vertices>
        <triangles material="Material_4_001-material" count="15">
          <input semantic="VERTEX" source="#Mesh6_001-mesh-vertices" offset="0"/>
          <input semantic="NORMAL" source="#Mesh6_001-mesh-normals" offset="1"/>
          <p>0 0 1 0 16 0 16 1 1 1 15 1 15 2 1 2 2 2 15 3 2 3 14 3 14 4 2 4 3 4 14 5 3 5 13 5 13 6 3 6 4 6 13 7 4 7 12 7 12 8 4 8 5 8 12 9 5 9 11 9 11 10 5 10 6 10 11 11 6 11 10 11 10 12 6 12 7 12 10 13 7 13 9 13 9 14 7 14 8 14</p>
        </triangles>
      </mesh>
    </geometry>
    <geometry id="Mesh5_002-mesh" name="Mesh5.002">
      <mesh>
        <source id="Mesh5_002-mesh-positions">
          <float_array id="Mesh5_002-mesh-positions-array" count="12903">544.8309 -52 707.3597 547.2371 -52 664.8126 549.7332 -52 664.673 546.3785 -52 712.8881 533.3539 -52 748.4003 531.5555 -52 758.8904 513.3402 -52 786.0236 577.7239 -58.5244 718.2066 513.2275 -52 790.5715 555.7506 -52 770.0701 567.423 -58.13 689.9221 485.7218 -52 818.4777 548.0558 -52 688.7805 585.2517 -63.9554 691.3818 489.433 -52 818.3821 548.8945 -52 676.7268 587.7011 -66.9886 663.337 534.9801 -52 805.9732 460.9689 -52 841.3908 568.72 -59.4978 664.0051 508.0146 -52 837.49 555.7506 -52 770.0701 451.7844 -52 844.2518 549.3138 -52 670.6999 535.8874 -51.7864 806.6156 531.5555 -52 758.8904 475.7572 -52 863.5651 428.7884 -52 858.8271 549.5236 -52 667.6865 508.7896 -51.7864 838.2871 556.7597 -51.7864 770.5364 413.1081 -52 862.1461 549.6284 -52 666.1797 509.4543 -51.1761 838.9705 536.6655 -51.1761 807.1666 555.7506 -52 770.0701 439.2881 -52 883.3249 476.374 -51.7864 864.4899 379.6655 -52 872.7877 549.6808 -52 665.4264 476.903 -51.1761 865.283 557.6252 -51.1761 770.9363 439.2881 -52 883.3249 371.4937 -52 871.327 549.707 -52 665.0497 509.914 -50.256 839.4432 477.2689 -50.256 865.8316 439.7261 -51.7864 884.3467 350 -52 872.5 549.7201 -52 664.8614 537.2036 -50.256 807.5475 440.3614 -50.256 885.8289 440.1017 -51.1761 885.223 328.6086 -52 873.8527 549.7267 -52 664.7672 477.4195 -49.157 866.0574 510.1033 -49.157 839.6378 558.2236 -50.2559 771.2128 440.4684 -49.157 886.0785 411.0355 -56.9788 899.53 328.8785 -52 871.3674 549.7315 -52 664.6976 510.1033 -49.157 839.6378 537.4252 -49.157 807.7044 557.6252 -51.1761 770.9363 411.1379 -55.8293 901.9633 411.325 -53.7929 903.3648 411.37 -57.0187 896.2156 570.1621 -53.4149 744.3453 411.6126 -51.102 903.6481 385.1143 -69.9404 907.1786 439.2881 -52 883.3249 385.0432 -65.8356 919.6701 556.7597 -51.7864 770.5364 572.2328 -52.0613 744.5753 440.482 -48.4969 886.1103 385.3567 -53.5906 925.064 384.8367 -69.5178 913.9697 410.2932 -56.9892 892.2155 555.7506 -52 770.0701 585.8364 -56.6561 718.3104 385.1776 -60.1555 923.5716 384.6342 -35.319 919.6343 356.7639 -81.8348 912.3488 383.9618 -69.4226 901.9314 409.5477 -56.6376 888.0541 355.0888 -74.6426 930.8122 577.7239 -58.5244 718.2066 591.7858 -51.6515 718.7647 426.0473 -49.7995 894.8792 354.2403 -34.9193 931.0029 354.6335 -55.3609 939.2731 355.4528 -80.6851 922.2346 408.7863 -56.0062 884.0657 585.2517 -63.9554 691.3818 604.6671 -55.6416 690.8963 574.738 -47.9482 744.4805 440.482 -48.4969 886.1103 354.6335 -55.3609 939.2731 321.8477 -67.4897 939.7216 325.8627 -85.9918 911.7413 355.618 -80.9954 906.0844 383.4821 -67.9604 896.4308 428.7884 -52 858.8271 324.4882 -83.7037 923.2838 595.9634 -61.8619 690.6328 610.3934 -46.5183 691.1831 596.7851 -36.5253 719.5289 558.4702 -49.157 771.3268 440.1027 -29.843 885.2092 321.8474 -44.5065 939.7261 325.8627 -85.9918 911.7413 355.6078 -78.7744 899.7518 382.9638 -65.6658 891.278 380.8981 -56.5772 880.3923 323.084 -77.1779 933.0428 586.4764 -65.472 677.3594 599.4418 -64.5628 662.5533 609.2753 -57.7257 661.6447 576.457 -36.9815 744.5811 559.0052 -37.9107 771.574 558.2236 -50.2559 771.2128 323.0834 -34.8126 933.0532 320.9482 -56 942.4266 327.0307 -84.0143 900.0305 382.3517 -62.7285 886.9465 321.8477 -67.4897 939.7216 615.8909 -47.7326 660.7502 612.5612 -36.1617 691.4401 591.9612 -22.5477 718.8015 324.488 -28.2965 923.2854 355.5329 -75.1428 893.9551 380.8981 -56.5772 880.3923 587.7011 -66.9886 663.337 610.4098 -25.9528 691.2426 574.9586 -28.0903 744.4104 354.3008 -28.4472 922.1464 327.7327 -77.2453 890.2833 618.5806 -36 659.984 615.8911 -24.2678 660.7502 604.7328 -16.9625 691.0353 572.3959 -24.9674 744.4091 558.621 -29.843 771.397 354.35 -26.7255 917.1096 384.6342 -35.319 919.6343 327.8224 -56 879.1487 609.276 -14.2749 661.6446 618.5806 -36 659.984 586.0278 -18.093 718.3361 558.621 -29.843 771.397 384.1026 -27.2001 909.9376 340.6453 -26.0679 911.6262 384.3088 -29.0809 913.5156 380.1564 -53.7603 877.2872 599.4431 -7.4379 662.5532 596.0432 -10.8843 690.8152 578.1306 -16.7967 718.3096 558.3741 -28.7443 771.2831 369.8733 -26.3099 908.4103 354.3126 -26.2729 914.4028 325.8634 -26.0003 911.7388 440.1027 -29.843 885.2092 354.137 -52 873.3202 428.7884 -52 858.8271 585.4465 -9.0793 691.6078 555.9018 -27 770.14 557.7762 -27.8239 771.0068 537.2264 -28.782 807.4664 383.8613 -26.6573 907.8101 348.0362 -26.1017 911.5699 328.1972 -53.2411 877.0368 379.8281 -52.5601 875.3464 587.7022 -5.0142 663.3368 565.788 -15.1542 689.8342 556.9106 -27.2141 770.6064 536.676 -27.8235 807.0721 537.3388 -29.843 807.7459 377.0963 -26.3971 906.8586 439.7327 -27.8238 884.3551 355.4272 -26.1355 911.5135 351.7317 -26.1186 911.5417 328.4052 -52.3367 875.5615 366.9013 -52 873.054 379.6896 -52.1468 874.1383 576.5842 -6.9005 663.8594 555.9018 -27 770.14 535.8689 -27.198 806.494 509.824 -28.782 839.1142 537.8487 -39.9361 807.9425 380.7078 -26.4407 906.0828 439.3552 -27.2143 883.4792 354.5033 -26.1313 911.5206 353.5794 -26.1271 911.5276 328.6086 -52 873.8528 379.6655 -52 872.7877 587.7022 -5.0142 663.3368 566.8419 -12.5665 664.1067 531.5555 -27 758.8904 534.9697 -27 805.9087 509.3551 -27.8235 838.6259 509.8012 -29.843 839.4884 559.0052 -37.9107 771.574 510.3624 -42.5216 839.8709 382.5136 -26.4625 905.6949 476.6978 -27.8235 864.6731 384.3193 -26.4843 905.3071 354.2723 -26.1302 911.5223 354.0414 -26.1292 911.5241 373.2834 -52 872.9208 379.5658 -52 872.7897 549.7139 -27 664.3066 513.2275 -27 790.5715 508.6673 -27.198 837.9099 477.0695 -28.782 865.2389 558.4702 -49.157 771.3268 537.4252 -49.157 807.7044 383.4164 -26.4734 905.501 439.9945 -28.7442 884.96 476.1525 -27.198 863.8434 383.8679 -26.4789 905.4041 438.9166 -27 882.4581 354.2146 -26.13 911.5228 354.1569 -26.1297 911.5233 376.4745 -52 872.8542 379.4661 -52 872.7918 546.4131 -27 712.7079 497.1781 -27 774.2213 507.9027 -27 837.1581 477.1098 -29.843 865.5166 477.6611 -45.4234 866.1314 510.1033 -49.157 839.6378 383.5543 -26.4751 905.4714 384.1026 -27.2001 909.9376 383.6422 -26.4762 905.4525 378.07 -52 872.8209 379.2666 -52 872.796 531.5555 -27 758.8904 489.433 -27 818.3821 514.9879 -27 740.4617 472.5626 -27 803.3926 440.1027 -29.843 885.2092 440.1027 -29.843 885.2092 475.5531 -27 862.9547 383.5293 -26.4748 905.4767 378.8678 -52 872.8043 546.4131 -27 712.7079 460.9689 -27 841.3908 440.482 -48.4969 886.1103 477.4195 -49.157 866.0574 525.1685 -27 703.6752 440.1027 -29.843 885.2092 440.482 -48.4969 886.1103 442.2796 -27 826.627 549.7139 -27 664.3066 428.7884 -27 858.8271 440.4684 -49.157 886.0785 527.249 -27 665.5626 438.9166 -27 882.4581 407.7294 -27 842.8499 380.3132 -27 872.6894 438.9166 -27 882.4581 370.5098 -27 851.3111 384.3193 -26.4843 905.3071 329.9117 -27 873.9886 355.4272 -26.1355 911.5135 332.3418 -27 851.6194 329.9117 -27 873.9886 325.8634 -26.0003 911.7388 536.4425 -52 609.843 523.1086 -52 640.5665 547.2371 -52 664.8126 513.0648 -52 607.4564 527.2681 -52 665.929 510.6481 -52 560.1155 526.5 -52 675 496.7544 -52 576.9418 526.7234 -52 675.4851 474.8044 -52 550.1957 526.1788 -52 685.0413 471.929 -52 519.6309 523.1086 -52 709.4335 448.0581 -52 528.2456 525.0895 -52 704.1535 423.4003 -52 491.6461 519.9271 -52 722.5875 417.5436 -52 511.9353 513.0648 -52 742.5436 384.4334 -52 501.8914 514.7647 -52 741.0216 368.9664 -52 478.4128 496.7741 -52 774.8179 350 -52 498.5 496.7544 -52 773.0582 313.0065 -52 480.9955 474.8044 -52 799.8043 315.5666 -52 501.8914 471.9547 -52 803.9702 282.4564 -52 511.9353 448.0581 -52 821.7544 260.0229 -52 499.1866 441.4612 -52 827.122 251.9418 -52 528.2456 417.5436 -52 838.0648 214.2782 -52 531.5223 406.7124 -52 843.1962 225.1956 -52 550.1957 388.0187 -52 847.3206 203.2456 -52 576.9418 385.682 -52 847.8361 179.4528 -52 575.4013 384.4334 -52 848.1086 186.9353 -52 607.4564 384.5136 -52 848.0939 158.3484 -52 627.2933 383.3453 -52 848.3516 176.8914 -52 640.5665 350.3614 -52 851.4644 152.663 -52 683.0235 378.6719 -52 849.3827 173.5 -52 675 369.325 -52 851.4449 176.8914 -52 709.4335 162.854 -52 738.1082 186.9353 -52 742.5436 188.1015 -52 788.1155 203.2456 -52 773.0582 225.1956 -52 799.8043 226.3742 -52 829.0225 251.9418 -52 821.7544 274.593 -52 857.5378 282.4564 -52 838.0648 315.5666 -52 848.1086 328.8785 -52 871.3674 331.0385 -52 851.4843 349.6461 -52 851.4651 558.2236 -50.2559 771.2128 558.4702 -49.157 771.3268 537.4252 -49.157 807.7044 537.2036 -50.256 807.5475 558.2236 -50.2559 771.2128 613.5884 -36 660.2631 611.6414 -26.0502 660.8942 618.5806 -36 659.984 615.8911 -24.2678 660.7502 606.0388 -17.6152 661.6502 609.276 -14.2749 661.6446 597.6334 -11.9791 662.416 599.4431 -7.4379 662.5532 587.705 -10 663.075 587.7022 -5.0142 663.3368 576.5842 -6.9005 663.8594 577.7649 -11.9791 663.5268 566.8419 -12.5665 664.1067 569.3266 -17.6152 663.7028 558.278 -19.7833 664.2067 563.6746 -26.0502 663.5761 549.7139 -27 664.3066 561.6694 -36 663.1658 527.2232 -36 665.0917 527.249 -27 665.5626 354.6335 -55.3609 939.2731 320.9482 -56 942.4266 321.8477 -67.4897 939.7216 611.6414 -45.9498 660.8942 613.5884 -36 660.2631 618.5806 -36 659.984 615.8909 -47.7326 660.7502 606.0388 -54.3848 661.6502 609.2753 -57.7257 661.6447 597.6334 -60.0209 662.416 599.4418 -64.5628 662.5533 587.705 -62 663.075 587.7011 -66.9886 663.337 577.7649 -60.0209 663.5268 568.72 -59.4978 664.0051 569.3266 -54.3848 663.7028 549.7332 -52 664.673 563.6746 -45.9498 663.5761 547.2371 -52 664.8126 527.2232 -36 665.0917 527.2681 -52 665.929 561.6694 -36 663.1658 527.2232 -36 665.0917 525.1685 -27 703.6752 527.249 -27 665.5626 525.0895 -52 704.1535 527.2681 -52 665.929 514.9879 -27 740.4617 514.7647 -52 741.0216 497.1781 -27 774.2213 496.7741 -52 774.8179 472.5626 -27 803.3926 471.9547 -52 803.9702 442.2796 -27 826.627 441.4612 -52 827.122 407.7294 -27 842.8499 406.7124 -52 843.1962 370.5098 -27 851.3111 369.325 -52 851.4449 332.3418 -27 851.6194 331.0385 -52 851.4843 320.9482 -56 942.4266 321.8474 -44.5065 939.7261 322.2203 -46.0502 935.5446 323.2685 -37.6152 929.9893 321.4882 -56 937.4559 323.0834 -34.8126 933.0532 324.4731 -31.9791 921.6354 324.488 -28.2965 923.2854 325.6508 -30 911.7551 325.8634 -26.0003 911.7388 326.6223 -31.9791 901.8523 329.9117 -27 873.9886 327.2396 -37.6152 893.4348 332.3418 -27 851.6194 327.4088 -46.0502 887.7839 331.0385 -52 851.4843 328.8785 -52 871.3674 328.6086 -52 873.8527 328.4052 -52.3367 875.5615 328.1972 -53.2411 877.0368 327.1041 -56 885.76 327.8224 -56 879.1487 327.4088 -65.9498 887.7839 327.7327 -77.2453 890.2833 327.2396 -74.3848 893.4348 326.6223 -80.0209 901.8523 327.0307 -84.0143 900.0305 325.6508 -82 911.7551 325.8627 -85.9918 911.7413 324.4882 -83.7037 923.2838 324.4731 -80.0209 921.6354 323.084 -77.1779 933.0428 323.2685 -74.3848 929.9893 321.8477 -67.4897 939.7216 322.2203 -65.9498 935.5446 320.9482 -56 942.4266 321.4882 -56 937.4559 193.5906 -117 795.5917 159.7846 -117 741.6523 168.1763 -125.853 771.3281 176.5679 -134.706 801.0037 184.9596 -143.5591 830.6794 193.3513 -152.4121 860.3551 225.9252 -117 825.6938 222.4103 -153.9059 900.41 200.8289 -159.4855 890.6536 252.0937 -148.2854 913.9005 208.3065 -166.5589 920.9521 221.0252 -174.957 983.4343 264.0442 -117 848.3099 254.8545 -165.78 991.4482 284.3749 -143.6685 922.5348 305.9011 -117 862.2481 289.6554 -158.6973 993.4742 357.0859 -139.8649 928.1384 290.0296 -176.8817 1148.659 349.8992 -117 867 359.0343 -171.9512 1147.337 242.6037 -187.7732 1149.073 360.6177 -153.7067 992.1446 393.9503 -117 862.2804 290.0296 -189.1077 1326.918 221.0252 -174.957 983.4343 250.568 -197.1583 1315.854 427.8364 -145.2153 919.8712 359.0343 -184.2882 1325.437 428.0389 -180.3797 1149.597 430.8301 -162.5513 992.8774 435.9081 -117 848.3316 248.1387 -200.6162 1483.2 359.0343 -186.7424 1502.076 459.2241 -150.2876 909.4933 290.0296 -191.3551 1503.586 428.0389 -192.5269 1327.969 474.8637 -192.8078 1143.71 465.0126 -170.9224 987.6311 473.9785 -117 825.7659 265.1018 -193.3168 1592.225 428.0389 -194.6276 1504.658 339.5962 -184.4116 1581.467 462.1282 -200.6652 1312.771 487.9217 -156.1149 894.0817 260.3437 -194.2087 1591.805 269.8599 -192.425 1592.644 375.9019 -185.3412 1576.89 459.1551 -202.667 1482.431 298.4083 -187.074 1595.161 347.3888 -184.5579 1575.01 497.0423 -180.6395 975.8606 506.4094 -117 795.5917 233.5236 -197.6819 1650.101 279.376 -190.6413 1593.483 371.1393 -185.0395 1577.824 426.4222 -188.2077 1644.343 470.3757 -198.7506 1651.612 336.736 -184.0526 1591.16 357.4583 -184.6637 1573.995 507.7954 -171.8914 912.9638 514.9217 -162.2975 872.45 256.7527 -191.8386 1644.686 366.3768 -184.7379 1578.757 382.7462 -181.2281 1656.711 513.6 -164.3477 882.4267 519.4045 -156.8039 851.8896 230.834 -192.0529 1691.483 270.4414 -190.5339 1618.422 393.6161 -178 1686.06 368.5805 -180.6979 1651.235 531.646 -136.9019 792.1962 287.0188 -184.0469 1662.138 225.5477 -191.3493 1702.25 280.5205 -186.8627 1645.038 260.3623 -194.2052 1591.807 430.9042 -178 1701.962 363.0688 -179.1974 1668.361 375.8994 -185.341 1576.891 527.9055 -117 765.8237 283.7719 -185.4547 1653.586 275.2608 -178 1698.529 242.1053 -178 1721.853 474.3326 -195.3522 1678.812 369.1342 -178 1778.806 353.5282 -178 1680.039 353.2485 -178.5218 1674.318 537.7668 -126.951 762.3494 287.0232 -184.0467 1662.134 282.1462 -186.1587 1649.312 313.2138 -178 1684.286 215.8758 -178 1752.761 470.3757 -198.7506 1651.612 475.9457 -193.4591 1696.544 385.3553 -178 1789.645 350 -178 1775 334.9064 -181.4471 1638.13 540.8271 -121.9755 747.426 281.3333 -186.5107 1647.175 330.8658 -178 1778.806 342.454 -178.7677 1671.98 314.6447 -178 1789.645 462.999 -178 1726.725 350.4702 -178.4518 1675.024 543.8875 -117 732.5027 280.9269 -186.6867 1646.107 301.8332 -183.2943 1650.171 303.806 -178 1805.866 478.2896 -191.9539 1706.012 396.194 -178 1805.866 347.6067 -178.4902 1674.634 280.7237 -186.7747 1645.572 317.0478 -182.4024 1640.275 202.9264 -178.1092 1812.156 483.065 -184.9769 1732.385 487.8403 -178 1758.759 280.6221 -186.8187 1645.305 300 -178 1825 497.4698 -178 1833.972 280.5205 -186.8627 1645.038 202.3228 -178 1827.733 400 -178 1825 207.5943 -178 1865.285 490.6503 -178 1871.188 303.806 -178 1844.134 396.194 -178 1844.134 222.1433 -178 1900.252 474.706 -178 1905.468 314.6447 -178 1860.355 385.3553 -178 1860.355 244.9739 -178 1930.374 450.5871 -178 1934.703 274.7314 -178 1953.816 419.8492 -178 1956.897 330.8658 -178 1871.194 369.1342 -178 1871.194 309.5084 -178 1968.935 384.5433 -178 1970.512 350 -178 1875 346.9727 -178 1974.628 508.5946 -117 553.1489 532.6595 -117 593.5415 516.9941 -117 564.9411 482.1317 -117 524.8627 475.8214 -117 519.5364 508.5946 -117 553.1489 475.8214 -117 519.5364 437.9485 -117 495.3752 435.9675 -117 494.4187 254.3346 -117 499.3637 298.069 -117 481.8599 282.5794 -117 486.7064 185.0615 -117 561.8839 216.0312 -117 526.4996 196.2858 -117 547.0471 151.6723 -117 649.1911 163.1747 -117 603.6122 152.6002 -117 642.8551 181.0194 -240 1916.808 202.7579 -240 1948.334 202.3975 -227.8487 1948.571 230.1758 -221.7958 1975.661 180.81 -234.5686 1916.822 230.2457 -221.8025 1975.716 230.2052 -211 1975.2 180.7894 -234.5709 1916.784 230.2052 -211 1975.2 230.2938 -240 1974.945 203.1019 -211 1948.499 181.8065 -211 1916.94 235.5833 -211 1977.372 235.6065 -240 1977.057 180.81 -234.5686 1916.822 180.6562 -211 1911.278 235.567 -221.6864 1977.821 181.8065 -211 1916.94 179.6276 -235.6799 1911.177 181.0194 -240 1916.808 179.8103 -240 1911.162 194.6039 -240 1889.674 181.9154 -240 1905.804 181.7822 -236.8099 1905.793 181.7446 -236.7977 1905.84 179.8103 -240 1911.162 182.8203 -211 1905.94 179.6276 -235.6799 1911.177 194.6039 -240 1889.674 182.8203 -211 1905.94 197.058 -211 1888.238 180.6562 -211 1911.278 195.9708 -240 1887.973 197.3377 -240 1886.274 198.5365 -210.1922 1886.444 203.5593 -212.8759 1880.047 199.0488 -209.2186 1885.861 197.686 -240.7518 1885.799 199.2528 -208 1885.676 197.3278 -240.6648 1886.249 199.5984 -185 1886.527 209.4325 -185 1874.296 235.6065 -240 1977.057 241.2226 -240 1975.903 235.567 -221.6864 1977.821 241.1559 -221.571 1976.669 235.5833 -211 1977.372 241.2776 -211 1976.182 241.2385 -221.5749 1976.625 225.0735 -243 1929.796 262.5316 -243 1964.318 223.7742 -243 1930.486 264.745 -243 1963.127 197.3629 -243 1886.336 197.8368 -243 1885.734 197.3629 -243 1886.336 197.3278 -240.6648 1886.249 197.686 -240.7518 1885.799 197.8368 -243 1885.734 502.3138 -240.7519 1885.799 502.6623 -240 1886.274 502.6722 -240.6648 1886.249 496.4368 -212.8759 1880.042 502.6371 -243 1886.336 501.463 -210.1915 1886.444 502.1631 -243 1885.734 500.9499 -209.2142 1885.86 502.942 -211 1888.238 500.7473 -208 1885.676 504.0292 -240 1887.973 493.4983 -198.938 1877.164 505.3961 -240 1889.674 500.4016 -185 1886.527 517.1797 -211 1905.94 492.029 -191.969 1875.725 518.2178 -236.8099 1905.793 491.2944 -188.4845 1875.005 518.2554 -236.7977 1905.84 490.9271 -186.7422 1874.646 518.0846 -240 1905.804 490.7434 -185.8711 1874.466 520.1897 -240 1911.162 490.5599 -185.0007 1874.286 520.3724 -235.6799 1911.177 437.4684 -243 1964.318 437.4429 -242.25 1964.334 435.2552 -243 1963.127 437.4174 -241.5 1964.35 435.3888 -240.6673 1963.291 437.3663 -240 1964.382 435.5224 -238.3346 1963.456 435.7896 -233.6692 1963.785 458.7774 -240 1975.903 458.7614 -221.5749 1976.625 458.8441 -221.571 1976.669 436.324 -224.3384 1964.442 458.7224 -211 1976.182 464.3988 -211 1977.374 464.4499 -221.6867 1977.82 464.3935 -240 1977.057 458.7774 -240 1975.903 502.1631 -243 1885.734 502.6371 -243 1886.336 476.2258 -243 1930.486 474.8976 -243 1929.829 437.4684 -243 1964.318 435.2552 -243 1963.127 235.287 -185 1921.228 199.5984 -185 1886.527 225.7293 -185 1929.705 209.4326 -185 1874.296 263.8471 -185 1962.782 276.0038 -185 1956.123 261.7148 -211 1964.986 241.2776 -211 1976.182 241.2385 -221.5749 1976.625 263.676 -224.3385 1964.442 263.7447 -210.1931 1963.841 264.4121 -209.2159 1963.437 269.8398 -204.6692 1960.283 264.6304 -208 1963.269 263.8471 -185 1962.782 276.0038 -185 1956.123 464.662 -185 1921.274 436.1529 -185 1962.782 474.2707 -185 1929.705 423.9879 -185 1956.118 500.4016 -185 1886.527 490.5598 -185 1874.286 436.1529 -185 1962.782 423.9879 -185 1956.118 430.156 -204.6692 1960.28 435.3696 -208 1963.269 435.5894 -209.2202 1963.438 436.324 -224.3384 1964.442 436.2558 -210.1937 1963.842 438.2852 -211 1964.986 458.7614 -221.5749 1976.625 458.7224 -211 1976.182 107.3573 -316.379 720.5597 105.127 -274.5 720.4441 88.3444 -274.5 691.6534 88.9109 -302.0129 690.0027 87.0546 -297.541 671.1931 88.3493 -274.5 658.3284 91.1237 -295.7741 652.2407 100.8886 -296.8231 635.4039 105.1404 -274.5 629.5427 115.1639 -300.2167 622.5472 134.1459 -274.5 613.134 132.3267 -305.2479 614.7471 150 -311.047 612.4112 150 -274.5 611.1349 150.8199 -311.3133 612.4258 167.468 -274.5 613.5703 181.5205 -285.0725 619.8803 196.034 -274.5 630.7324 196.9887 -278.6607 631.962 208.0261 -282 648.9552 202.6423 -282 639.4516 212.0659 -274.5 659.9478 194.9004 -293.249 632.5149 213.3801 -282 669.6778 192.0065 -304.537 632.0515 213.5167 -280.9084 678.9799 187.5473 -327.3754 632.8654 150.8199 -311.3133 612.4258 211.1986 -274.5 693.2615 196.8454 -287.8184 633.4181 171.6649 -319.3176 618.1476 198.2931 -285.609 634.5878 198.7629 -285.459 635.1209 202.6423 -282 639.4516 199.1788 -285.6544 635.6815 199.7039 -286.6607 636.5946 199.7039 -286.6607 636.5946 200.7864 -285.0945 637.4603 205.0447 -290.3503 643.8044 218.8317 -344.1195 671.1357 214.7206 -301.0103 656.7668 226.8667 -303.8356 668.7741 257.5146 -358.8983 703.3473 260.5221 -289.5698 690.8126 292.4501 -263.9764 703.1563 258.1795 -284.6698 689.2565 302.1998 -369.7394 727.5353 292.4501 -263.9764 703.1563 225.7682 -296.091 668.0794 361.7945 -263.9764 724.2175 287.7202 -259.0669 701.3885 255.306 -279.5233 689.317 352.183 -374.9916 742.4528 312.7105 -244.5343 704.8919 222.8408 -289.005 669.7782 404.2791 -373.2319 746.5262 251.9418 -274.9623 690.9379 304.2099 -238.2821 702.0176 218.5357 -283.6699 673.6086 216.9952 -290.1613 661.5495 401.4213 -263.9764 727.2763 282.5461 -254.3356 702.0541 327.5126 -225.2343 696.8887 347.4418 -240.3163 712.9296 214.7206 -301.0103 656.7668 401.4213 -240.3163 718.8322 434.2603 -263.9764 725.1796 245.3255 -273.9179 691.3461 249.8215 -271.8729 693.3724 238.2048 -246.2303 707.5089 325.5812 -223.2092 695.6918 330.3088 -226 697.7544 332.7251 -226 698.3364 213.3801 -282 669.6778 226.8667 -303.8356 668.7741 205.0447 -290.3503 643.8044 433.4089 -243.6268 718.5391 455.4855 -364.4253 739.6398 213.5167 -280.9084 678.9799 250.6039 -270.7191 694.4927 243.2247 -260.0742 702.981 239.9167 -231.0143 706.0467 332.7251 -226 698.3364 353.3685 -226 703.5333 356.0084 -225.4286 703.5137 208.0261 -282 648.9552 213.5167 -280.9084 678.9799 208.0261 -282 648.9552 433.0725 -239.7977 715.9158 504.0175 -263.933 706.0111 220.6784 -268.9101 705.1988 239.974 -274.5 690.8452 250.6039 -270.7191 694.4927 237.3079 -263.4254 702.2456 230.4064 -226.791 707.4725 246.5551 -218.6667 699.4957 358.1512 -224.0309 702.5368 202.6423 -282 639.4516 413.287 -226 708.1123 503.1172 -349.7879 722.7856 216.7901 -273.0551 699.6062 223.468 -262.6095 709.2111 212.3139 -274.5 693.1678 225.6309 -247.8488 711.3414 246.5551 -218.6667 699.4957 325.1133 -220.4185 694.0923 407.3433 -224.2801 706.6862 200.7864 -285.0945 637.4603 410.105 -225.5336 707.8139 431.8606 -226 706.4631 545.4115 -331.229 697.5494 204.9414 -272.8253 712.322 224.7923 -254.981 711.1159 214.7902 -260.919 719.0123 211.1986 -274.5 693.2615 249.8235 -271.8699 693.3754 224.7923 -254.981 711.1159 226.703 -228.1568 709.7385 327.4853 -214.0327 688.7945 401.4213 -220.772 703.0485 562.7163 -282.4062 674.8479 205.1455 -274.5 700.3795 210.8454 -268.0563 716.3325 220.4839 -253.7405 715.5347 220.4839 -253.7405 715.5347 223.291 -229.1455 713.7129 230.495 -211.5618 694.2842 359.8575 -220.4185 698.9175 404.3037 -220.4185 702.6274 565.9993 -263.4536 667.9128 197.9772 -274.5 707.5912 194.421 -268.0563 733.6286 216.1755 -252.5 719.9534 197.301 -260.919 737.4297 333.0448 -209.9702 683.6739 227.4943 -220.6127 706.2719 358.2775 -215.1747 691.7319 404.5888 -214.1158 694.2661 544.1783 -240.2221 674.0888 190.1107 -272.8253 727.9398 198.3123 -252.5 738.7646 218.3297 -253.1202 717.744 212.3139 -209.5 693.1678 225.1441 -214.6009 701.8236 509.6722 -240.3009 694.1753 567.4026 -244.6773 658.9653 185.0264 -274.5 721.2293 171.0624 -272.8253 737.991 174.8381 -260.919 749.2828 175.3691 -252.5 750.871 216.1755 -231.5 719.9534 221.9585 -210.7348 695.7939 341.2023 -208.7866 681.3134 214.7902 -223.081 719.0123 365.9259 -207.6099 675.8469 472.3733 -240.2548 708.5093 502.2412 -219.737 678.9628 559.6814 -224.1208 646.9185 169.4454 -274.5 694.4454 173.3257 -268.0563 744.7599 217.2526 -252.8101 718.8487 204.9414 -211.1747 712.322 235.9413 -202 667.7833 216.1755 -231.5 719.9534 210.8454 -215.9436 716.3325 401.4213 -207.5363 681.6964 353.0711 -211.8279 685.1896 434.2603 -263.9764 725.1796 534.3708 -219.7534 660.5322 175.4067 -274.5 685.5238 160.5238 -274.5 700.4067 168.3926 -274.5 730.0065 155.3372 -268.7537 756.5124 216.1755 -252.5 719.9534 197.9772 -209.5 707.5912 213.3801 -202 669.6778 377.4838 -203.23 665.7755 230.4064 -226.791 707.4725 194.421 -215.9436 733.6286 378.7807 -203.3919 666.5043 409.4482 -209.6233 686.2125 433.4089 -243.6268 718.5391 467.5035 -219.6216 692.1387 492.1788 -206.3873 658.2253 552.7921 -209.7643 627.4047 211.1986 -274.5 693.2615 152.5523 -274.5 738.5329 149.7481 -273.1154 752.0615 159.2472 -262.0388 759.6261 198.3123 -231.5 738.7646 185.0264 -209.5 721.2293 211.1986 -209.5 693.2615 408.7994 -202 653.268 349.4403 -210.4823 682.9692 190.1107 -211.1747 727.9398 246.5551 -218.6667 699.4957 197.301 -223.081 737.4297 401.4213 -202.0941 657.1711 418.5268 -207.7584 681.5485 435.0917 -225.5314 705.585 437.6068 -224.281 703.9905 548.8903 -208.4077 627.2002 212.3139 -274.5 693.1678 177.5 -274.5 675 150 -274.5 702.5 144.8582 -271.9018 758.762 149.2596 -269.3036 765.6441 175.3691 -252.5 750.871 198.3123 -252.5 738.7646 165.9948 -209.5 613.1703 211.944 -209.5 659.4537 198.3123 -231.5 738.7646 173.3257 -215.9436 744.7599 377.4838 -203.23 665.7755 432.0101 -226 706.444 439.882 -220.4185 699.4572 437.3735 -213.1748 689.8956 536.6951 -203.174 617.6746 212.0659 -274.5 659.9478 142.6575 -273.2009 755.3209 139.4762 -274.5 700.4067 149.2596 -269.3036 765.6441 153.7959 -257.3536 777.2319 160.8187 -254.5296 760.9945 175.3691 -231.5 750.871 168.3926 -209.5 730.0065 195.3228 -209.5 630.0045 175.3691 -231.5 750.871 216.1755 -231.5 719.9534 174.8381 -223.081 749.2828 171.0624 -211.1747 737.991 353.0711 -211.8279 685.1896 408.7994 -202 653.268 428.103 -207.4846 677.1564 431.8606 -226 706.4631 428.7965 -208.6601 682.5654 521.6396 -201.4567 611.3862 175.4067 -274.5 664.4762 140.4568 -274.5 751.8798 121.0263 -274.5 735.455 160.8187 -254.5296 760.9945 150 -209.5 611.1349 155.3404 -215.2466 756.5088 349.4403 -210.4823 682.9692 428.7965 -208.6601 682.5654 476.0575 -201.9557 638.3674 196.034 -274.5 630.7324 116.276 -274.5 732.3843 140.4568 -274.5 751.8798 160.8209 -229.4709 760.9918 132.1825 -209.5 613.6707 151.5125 -209.5 739.3686 159.25 -221.9617 759.6231 149.7517 -210.8846 752.0572 424.8671 -202 651.9188 424.8671 -202 651.9188 506.8443 -201.2525 607.0262 169.4454 -274.5 655.5546 130.5546 -274.5 694.4454 108.1129 -209.5 723.2101 160.8209 -229.4709 760.9918 147.7094 -213.7556 766.3268 408.7994 -202 653.268 167.468 -274.5 613.5703 105.127 -274.5 720.4441 103.3656 -209.5 631.3654 139.0687 -209.5 754.1899 139.0687 -209.5 754.1899 152.8964 -223.657 777.1478 196.0244 -200.9514 626.1204 424.8671 -202 651.9188 160.5238 -274.5 649.5933 124.5933 -274.5 685.5238 89.3686 -209.5 695.0645 160.8209 -229.4709 760.9918 235.9413 -202 667.7833 482.7619 -198.6765 566.9632 150 -274.5 647.5 88.3444 -274.5 691.6534 87.6231 -209.5 661.2936 153.7959 -226.6464 777.2319 203.5019 -198.3363 586.4213 150 -274.5 611.1349 122.5 -274.5 675 160.8187 -254.5296 760.9945 153.5126 -226.5283 779.2486 448.7761 -195.1261 534.8308 134.1459 -274.5 613.134 88.3493 -274.5 658.3284 153.7959 -257.3536 777.2319 153.7959 -242 777.2319 232.7011 -194.7492 549.8745 139.4762 -274.5 649.5933 124.5933 -274.5 664.4762 149.7156 -257.8652 789.6642 407.3161 -191.7624 513.0741 130.5546 -274.5 655.5546 105.1404 -274.5 629.5427 154.4871 -252.7271 778.9709 270.6574 -191.4779 522.6241 146.2928 -275.6584 778.7228 361.4264 -189.6843 503.4277 153.7959 -257.3536 777.2319 314.642 -189.5804 506.7129 146.2543 -277.0559 773.6491 149.2596 -269.3036 765.6441 142.4452 -281.1611 770.5213 138.5976 -286.6637 762.3198 146.7025 -273.1839 762.3945 132.7972 -287.3863 753.512 144.8582 -271.9018 758.762 149.2596 -269.3036 765.6441 140.4568 -274.5 751.8798 131.6362 -280.838 744.9949 130.7415 -274.5 743.6674 126.9968 -288.1089 744.7043 120.7128 -284.1742 736.9896 121.0263 -274.5 735.455 123.2985 -326.2841 737.4463 118.0209 -280.5839 734.0186 139.2397 -336.1892 754.3328 116.4271 -275.6994 732.4821 107.3573 -316.379 720.5597 138.5976 -286.6637 762.3198 116.276 -274.5 732.3843 116.4271 -275.6994 732.4821 143.8708 -304.7354 768.0081 105.127 -274.5 720.4441 153.0698 -344.788 773.626 146.2928 -275.6584 778.7228 116.3515 -275.0997 732.4331 154.6452 -345.4657 774.6843 156.1101 -297.9055 795.7121 116.276 -274.5 732.3843 167.7918 -332.8734 806.9802 148.0045 -266.762 784.1944 154.6452 -345.4657 774.6843 165.7908 -298.4961 827.8001 151.9617 -259.6129 796.4905 166.8999 -353.3867 792.9193 177.1268 -327.5942 844.6531 154.2078 -261.3607 803.3167 149.7162 -257.8656 789.666 190.085 -368.1378 835.2399 199.1076 -343.166 942.0974 158.7554 -265.5557 816.9903 207.0579 -380.2358 881.1961 184.4596 -277.657 935.9371 207.0579 -380.2358 881.1961 161.5894 -266.9023 828.7128 158.7 -264.8562 816.9691 232.5644 -401.236 996.5505 181.1925 -276.1206 920.6193 185.512 -278.1519 940.8709 174.6581 -273.0479 889.9838 217.8428 -351.9091 1066.918 186.0932 -278.4252 943.5959 197.1973 -283.6729 1013.325 249.5374 -414.102 1115.338 187.7268 -279.1934 951.2548 201.9326 -285.9125 1044.361 230.0567 -357.0571 1193.013 204.3002 -287.0324 1059.878 212.803 -290.7609 1137.993 258.2583 -418.4169 1236.295 204.8921 -287.3123 1063.758 206.6678 -288.1523 1075.396 215.8707 -292.0652 1169.291 236.3551 -358.1179 1319.786 205.188 -287.4523 1065.697 205.484 -287.5923 1067.637 218.1956 -293.0536 1193.012 259.1308 -413.8421 1356.508 222.1246 -293.9205 1263.458 205.292 -287.5015 1066.379 218.9383 -293.3694 1200.59 236.8141 -354.7034 1446.695 223.7177 -294.196 1294.892 252.7668 -400.3164 1475.865 225.6104 -292.7969 1389.253 224.5143 -294.3337 1310.609 239.2838 -377.9416 1594.325 225.7602 -291.9597 1420.717 225.3109 -294.4715 1326.326 224.9126 -294.4026 1318.468 230.5448 -346.5725 1573.102 225.8351 -291.541 1436.449 225.1118 -294.437 1322.397 225.1327 -294.5181 1320.23 218.1405 -348.1386 1710.308 222.8093 -287.0752 1514.919 225.8725 -291.3317 1444.315 215.4472 -333.7184 1698.099 221.259 -285.0516 1546.289 225.91 -291.1224 1452.18 225.9966 -291.3255 1447.612 207.3449 -331.2855 1767.732 219.7086 -283.028 1577.658 220.4838 -284.0398 1561.974 196.5492 -314.4323 1825.156 204.4781 -270.1838 1700.402 219.9565 -283.282 1574.63 204.228 -269.9962 1701.894 186 -251.7981 1825 215.8307 -230.833 1713.593 209.4326 -185 1874.296 231.3793 -239.9606 1605.623 188.9504 -246.3468 1855.968 233.5236 -197.6819 1650.101 219.7086 -283.028 1577.658 198.4995 -305.014 1856.049 197.686 -240.7518 1885.799 237.1774 -198.4155 1608.376 224.1243 -193.1545 1708.352 239.2738 -246.2487 1496.764 196.5492 -314.4323 1825.156 197.8368 -243 1885.734 239.5186 -199.1852 1600.915 202.9264 -178.1092 1812.156 225.5477 -191.3493 1702.25 240.8312 -199.149 1566.65 225.91 -291.1224 1452.18 206.3826 -295.2249 1885.643 215.8758 -178 1752.761 239.0043 -198.7823 1587.513 247.3627 -203.3255 1492.72 241.7599 -249.8291 1387.559 211.4551 -243 1907.765 238.0909 -198.5989 1597.945 248.1387 -200.6162 1483.2 225.3109 -294.4715 1326.326 219.8242 -285.0061 1913.067 250.0525 -205.7006 1384.254 233.2796 -249.3613 1169.078 225.0735 -243 1929.796 249.3534 -198.8872 1399.527 250.568 -197.1583 1315.854 218.9383 -293.3694 1200.59 238.2806 -274.7002 1937.264 242.1584 -205.4649 1167.256 206.6678 -288.1523 1075.396 264.745 -243 1963.127 242.6037 -187.7732 1149.073 221.6241 -245.5696 1060.284 261.3733 -264.8592 1957.556 230.5176 -202.9879 1059.17 187.7268 -279.1934 951.2548 288.3994 -256.4886 1972.984 221.0252 -174.957 983.4343 203.7296 -239.5729 952.3831 264.2105 -233.6692 1963.785 212.1488 -199.0056 952.0065 161.5894 -266.9023 828.7128 305.0459 -220.1699 1982.718 208.3065 -166.5589 920.9521 192.1557 -209.5 876.3367 263.676 -224.3385 1964.442 318.5198 -250.7527 1982.717 195.1528 -183.5 874.4425 192.2026 -209.0937 876.3071 178.0639 -209.5 826.7292 350 -218.7057 1989 193.3513 -152.4121 860.3551 193.6542 -196.5 875.3896 192.2494 -208.6875 876.2775 346.9727 -178 1974.628 350.4735 -248.7256 1986.009 192.7794 -183.5 865.7664 192.905 -203 875.8632 192.343 -207.875 876.2183 384.5433 -178 1970.512 276.0038 -185 1956.123 382.3566 -250.8669 1982.53 182.7566 -170 826.9868 192.5304 -206.25 876.0999 394.9541 -220.1699 1982.718 263.676 -224.3385 1964.442 182.4872 -183.5 829.8668 176.5679 -134.706 801.0037 423.9879 -185 1956.118 412.1983 -256.6399 1972.719 192.1761 -188.5 865.6036 181.6246 -183.5 826.9528 153.2108 -170 721.2246 436.324 -224.3384 1964.442 419.8492 -178 1956.897 435.2552 -243 1963.127 191.8745 -191 865.5222 159.7846 -117 741.6523 450.5871 -178 1934.703 439.1146 -265.0393 1957.206 181.5772 -193.5 830.5539 155.4344 -117 718.7267 435.2568 -243 1963.126 464.662 -185 1921.274 437.7329 -243 1961.046 191.5728 -193.5 865.4408 153.2593 -117 707.2639 474.706 -178 1905.468 440.2105 -243 1958.965 152.1717 -117 701.5325 490.5598 -185 1874.286 445.1658 -243 1954.802 151.6279 -117 698.6669 482.6781 -178 1888.328 455.0764 -243 1946.478 151.356 -117 697.234 486.6642 -178 1879.758 461.9334 -274.8041 1937.036 151.2201 -117 696.5176 490.6503 -178 1871.188 474.8976 -243 1929.829 151.1521 -117 696.1594 497.6385 -182.5658 1838.499 480.3785 -285.1364 1912.74 151.1181 -117 695.9802 497.4698 -178 1833.972 502.1631 -243 1885.734 151.0842 -117 695.8011 494.3757 -187.1618 1786.414 493.6983 -295.2992 1885.43 148.1533 -170 666.7681 487.8403 -178 1758.759 501.5405 -305.0905 1855.806 151.6723 -117 649.1911 478.2896 -191.9539 1706.012 511.0497 -246.3466 1855.968 158.2256 -160.1545 613.4049 482.1414 -233.4886 1685.218 513.9999 -251.7979 1825 502.3138 -240.7519 1885.799 158.2054 -160.4622 613.3915 152.6002 -117 642.8551 513.9999 -251.7979 1825 474.3326 -195.3522 1678.812 503.4507 -314.4323 1825.156 158.1853 -160.7698 613.3781 163.1747 -117 603.6122 490.5598 -185 1874.286 495.3139 -272.3669 1682.557 470.3757 -198.7506 1651.612 158.145 -161.3852 613.3513 168.0246 -117 592.0245 511.0497 -246.3466 1855.968 484.5056 -334.0114 1680.998 470.7278 -241.9062 1576.632 467.5705 -199.7297 1609.317 158.0644 -162.6159 613.2976 182.1116 -160.1608 563.7551 502.3138 -240.7519 1885.799 483.4324 -286.0821 1538.526 503.4507 -314.4323 1825.156 483.4324 -286.0821 1538.526 157.9032 -165.0772 613.1904 185.0615 -117 561.8839 472.2734 -347.9583 1538.378 478.8129 -354.1216 1687.962 467.249 -247.4827 1467.457 464.7654 -200.7088 1567.021 157.5809 -169.9996 612.9758 196.2858 -117 547.0471 472.0281 -355.6907 1394.605 484.0507 -293.2577 1393.509 459.1551 -202.667 1482.431 216.0312 -117 526.4996 457.7445 -386.9767 1548.703 484.0507 -293.2577 1393.509 469.4953 -250.3919 1358.204 459.092 -204.1313 1463.844 218.4559 -160.208 522.7267 448.3017 -408.2037 1405.251 493.7236 -294.2955 1248.622 493.7236 -294.2955 1248.622 460.6416 -201.6661 1397.601 459.8983 -202.1666 1440.016 235.3902 -117 511.0957 480.6268 -357.4883 1250.692 476.2116 -250.7742 1249.106 460.9272 -206.0997 1355.324 254.3346 -117 499.3637 450.4373 -416.091 1260.976 495.5617 -353.7536 1107.157 509.744 -289.7097 1104.357 462.1282 -200.6652 1312.771 264.4878 -160.2779 493.1382 463.7193 -410.9853 1117.808 509.744 -289.7097 1104.357 500.7543 -244.4346 1031.943 467.039 -206.4264 1246.95 282.5794 -117 486.7064 487.1727 -393.6722 975.7067 529.9802 -280.0159 960.8707 529.9802 -280.0159 960.8707 474.8637 -192.8078 1143.71 468.4959 -196.7365 1228.241 298.069 -117 481.8599 514.8806 -344.875 964.1298 537.8346 -229.1774 817.2696 490.8409 -202.3605 1031.181 316.8704 -160.3283 476.9774 517.2664 -365.8771 836.0676 551.9837 -265.6762 818.0311 551.9837 -265.6762 818.0311 497.0423 -180.6395 975.8606 334.6598 -117 476.5279 536.4413 -331.1277 821.2473 567.9999 -246.9999 675 529.9583 -192.0979 818.1851 344.6535 -117 475.0716 545.4115 -331.229 697.5494 562.7163 -282.4062 674.8479 559.6814 -224.1208 646.9185 550.2698 -184.9162 713.0062 507.7954 -171.8914 912.9638 371.7343 -160.3246 475.3911 554.0639 -306.8176 686.1986 567.9999 -246.9999 675 567.6274 -245.1631 662.3198 519.4045 -156.8039 851.8896 387.5233 -117 478.9762 552.2866 -207.6417 627.3782 567.4026 -244.6773 658.9653 543.8875 -117 732.5027 391.3788 -117 479.3274 552.7921 -209.7643 627.4047 552.575 -181.0474 660.5425 545.3508 -117 720.7401 425.0289 -160.2674 488.5264 538.0498 -186.7455 599.8246 549.7407 -117 685.4523 545.7166 -117 717.7994 435.9675 -117 494.4187 542.1027 -177.2242 609.51 546.8141 -117 708.9775 549.7505 -117 665.014 546.0825 -117 714.8588 437.9485 -117 495.3752 530.9314 -176.2973 586.0479 548.1943 -117 661.9948 472.777 -160.1935 515.5053 527.3722 -171.0733 579.1595 546.648 -117 638.5374 475.8214 -117 519.5364 523.8131 -165.8492 572.2711 523.8131 -165.8492 572.2711 482.1317 -117 524.8627 540.0764 -117 612.7831 511.342 -160.1469 554.3699 508.5946 -117 553.1489 532.6595 -117 593.5415 516.9941 -117 564.9411 171.6649 -319.3176 618.1476 150.8199 -311.3133 612.4258 192.0065 -304.537 632.0515 430.822 -390.3679 856.1564 425 -393 866.8941 424.0169 -393 866.2008 425.1557 -395.9714 886.1694 423.0338 -393 865.5075 487.1727 -393.6722 975.7067 421.0677 -393 864.1209 424.4292 -396.6612 890.0198 488.1191 -372.9529 825.4244 417.1354 -393 861.3477 430.822 -412.8736 1036.613 455.4855 -364.4253 739.6398 517.2664 -365.8771 836.0676 404.2791 -373.2319 746.5262 422.3385 -397.4586 893.2822 475.446 -402.3287 1046.758 503.1172 -349.7879 722.7856 409.2708 -393 855.8014 419.154 -398.243 895.4894 441.339 -416.0098 1113.497 545.4115 -331.229 697.5494 393.5415 -393 844.7086 415.3223 -398.888 896.3086 436.1067 -416.8995 1110.097 444.8725 -415.5074 1118.685 352.183 -374.9916 742.4528 373.5247 -420.8708 1052.679 433.0533 -417.4495 1109.524 463.7193 -410.9853 1117.808 356.6559 -393 834.4323 415.3291 -420.9464 1118.925 385.1642 -401.0583 896.4224 431.5267 -417.7245 1109.238 446.1784 -415.4997 1124.838 318.6906 -393 839.5706 414.1312 -421.4145 1125.11 418.7583 -420.1591 1113.706 355.0061 -403.2287 896.5361 430 -417.9995 1108.952 444.9931 -416.0207 1131.008 285 -393 858.3145 302.1998 -369.7394 727.5353 373.5247 -427.7587 1226.574 423.9052 -419.1382 1110.231 316.2275 -420.0854 1051.101 429.2382 -418.1419 1109.112 450.4373 -416.091 1260.976 425 -393 866.8941 285 -393 858.3145 415.4517 -421.4894 1131.287 316.2275 -427.065 1224.972 426.9526 -418.5688 1109.592 324.8098 -401.6719 896.4545 428.4763 -418.2842 1109.272 430.822 -420.6957 1210.266 285 -393 886.0137 257.5146 -358.8983 703.3473 415.3619 -422.7148 1269.097 373.5247 -419.8163 1392.701 295.7982 -422.7675 1125.06 294.6134 -400.1152 896.3729 441.5536 -416.9652 1136.216 441.2484 -418.084 1263.56 425 -393 886.0137 258.9303 -387.9225 851.8411 419.0028 -421.1501 1136.46 414.2018 -422.7227 1275.275 316.2275 -419.2682 1391.181 294.5227 -422.8784 1131.164 294.5975 -422.3267 1118.949 290.775 -399.5469 895.5565 436.4086 -418.1507 1139.694 444.7743 -417.1965 1268.676 436.0732 -419.2296 1260.224 415.0137 -393 896 284.77 -397.3888 886.2437 207.2891 -350.1472 711.1253 295.726 -424.1193 1275.21 355.0079 -402.3683 1527.483 415.5492 -422.3291 1281.399 291.0025 -422.6274 1136.347 291.1849 -421.618 1113.758 258.9303 -410.5174 1031.879 430.3698 -419.3615 1140.972 446.1129 -416.7347 1274.775 433.0366 -419.8338 1259.652 424.2404 -393 889.8373 294.9863 -393 896 285.4925 -398.0659 890.0855 201.6331 -368.8773 818.2322 218.8317 -344.1195 671.1357 418.7743 -422.3013 1263.849 424.2619 -420.4084 1139.831 294.4268 -423.7652 1281.274 294.5567 -424.1349 1269.101 385.151 -400.1088 1527.601 324.8239 -400.7394 1527.568 419.0905 -421.5939 1286.512 291.1625 -423.8012 1263.897 286.0548 -420.7155 1110.292 287.5825 -398.8237 893.3462 444.9738 -416.8031 1280.945 431.5183 -420.1359 1259.366 422.0768 -393 893.0767 285.7596 -393 889.8373 196.9934 -350.7142 727.1915 207.0579 -380.2358 881.1961 207.6471 -346.2213 692.4229 423.9211 -421.5109 1260.36 290.9118 -423.1146 1286.399 415.2941 -397.8494 1527.72 294.6399 -399.1105 1527.654 430.822 -414.2358 1377.224 285.7633 -422.0119 1139.737 280 -419.7205 1109.042 449.3695 -412.1473 1333.113 430 -420.438 1259.08 418.8374 -393 895.2404 287.9232 -393 893.0767 232.5644 -401.236 996.5505 182.3096 -347.7931 734.2516 190.085 -368.1378 835.2399 187.5473 -327.3754 632.8654 426.9606 -420.9745 1259.72 285.7123 -422.2341 1289.747 255.9488 -407.0793 1416.186 424.3058 -420.5924 1289.84 286.0375 -423.1328 1260.421 273.9026 -418.7605 1110.211 441.5538 -417.3734 1286.185 429.2401 -420.5721 1259.24 291.1626 -393 895.2404 249.5374 -414.102 1115.338 189.9802 -334.4276 660.3959 428.4803 -420.7062 1259.4 279.6825 -421.2354 1290.875 419.1338 -397.1747 1528.544 290.7964 -398.5085 1528.475 257.5398 -410.4607 1386.347 430.3749 -419.4496 1290.968 279.689 -421.1106 1140.882 268.7086 -417.9984 1113.596 436.4069 -418.3177 1289.683 265.2102 -417.5844 1118.758 166.8999 -353.3867 792.9193 171.6649 -319.3176 618.1476 259.1308 -413.8421 1356.508 448.3017 -408.2037 1405.251 287.61 -397.7241 1530.689 258.9303 -412.5917 1372.664 280 -422.2029 1259.172 263.932 -417.6144 1124.891 166.5245 -342.5331 733.6639 161.8617 -320.7953 637.6149 273.6695 -420.2425 1289.6 422.3177 -396.333 1530.763 252.7668 -400.3164 1475.865 258.9303 -418.6147 1205.461 265.1441 -418.1162 1131.013 153.0698 -344.788 773.626 150.8199 -311.3133 612.4258 268.5609 -419.4196 1286.149 430.822 -393.8402 1537.563 285.5282 -396.8846 1533.953 273.9453 -421.1348 1260.327 273.66 -420.0386 1139.608 253.8978 -416.2594 1175.817 140.219 -329.8856 717.9964 145.3427 -313.5866 630.5646 265.1722 -418.9315 1280.968 457.7445 -386.9767 1548.703 424.3985 -395.4604 1534.027 258.9303 -392.7715 1533.534 258.2583 -418.4169 1236.295 268.5504 -418.9765 1136.172 146.1547 -340.4886 763.9794 132.3267 -305.2479 614.7471 263.9988 -418.8812 1274.839 425 -392.5 1550.188 425.1144 -394.6831 1537.872 284.8106 -396.1138 1537.797 246.0253 -389.129 1535.095 268.7974 -420.1101 1263.664 139.2397 -336.1892 754.3328 127.4471 -306.6117 629.1855 430.822 -359.8587 1691.43 285 -392.5 1557.697 239.2838 -377.9416 1594.325 265.3088 -419.3085 1268.75 120.8969 -317.3351 693.7728 115.1639 -300.2167 622.5472 392.8638 -392.5 1569.967 478.8129 -354.1216 1687.962 107.3573 -316.379 720.5597 116.2063 -302.6958 631.9736 373.5247 -361.1403 1702.442 430.822 -312.7787 1839.271 258.9303 -359.4812 1688.186 108.7482 -306.3349 664.7338 111.5626 -301.5754 635.8484 356.3352 -392.5 1578.8 318.9537 -392.5 1574.3 285 -392.5 1537.986 491.1318 -334.2769 1756.559 316.2275 -361.0144 1701.36 218.1405 -348.1386 1710.308 91.1237 -295.7741 652.2407 100.8886 -296.8231 635.4039 373.5247 -311.413 1846.893 425 -392.5 1537.986 488.1191 -315.644 1823.28 316.2275 -311.5471 1846.144 258.9303 -313.181 1837.026 88.9109 -302.0129 690.0027 108.4214 -301.3383 641.1143 412.1983 -256.6399 1972.719 415.0137 -392.5 1528 503.4507 -314.4323 1825.156 461.9334 -274.8041 1937.036 207.3449 -331.2855 1767.732 87.0546 -297.541 671.1931 439.1146 -265.0393 1957.206 382.3566 -250.8669 1982.53 294.9863 -392.5 1528 424.2404 -392.5 1534.163 501.5405 -305.0905 1855.806 480.3785 -285.1364 1912.74 288.3994 -256.4886 1972.984 350.4735 -248.7256 1986.009 201.6331 -316.3146 1819.538 285.7596 -392.5 1534.163 422.0768 -392.5 1530.923 493.6983 -295.2992 1885.43 318.5198 -250.7527 1982.717 261.3733 -264.8592 1957.556 196.5492 -314.4323 1825.156 219.8242 -285.0061 1913.067 287.9232 -392.5 1530.923 418.8374 -392.5 1528.76 238.2806 -274.7002 1937.264 198.4995 -305.014 1856.049 206.3826 -295.2249 1885.643 291.1626 -392.5 1528.76 425 -392.5 1537.986 425.1144 -394.6831 1537.872 425 -392.5 1550.188 424.2404 -392.5 1534.163 424.3985 -395.4604 1534.027 422.0768 -392.5 1530.923 422.3177 -396.333 1530.763 418.8374 -392.5 1528.76 419.1338 -397.1747 1528.544 415.0137 -392.5 1528 415.2941 -397.8494 1527.72 294.9863 -392.5 1528 294.6399 -399.1105 1527.654 355.0079 -402.3683 1527.483 290.7964 -398.5085 1528.475 291.1626 -392.5 1528.76 287.61 -397.7241 1530.689 287.9232 -392.5 1530.923 285.5282 -396.8846 1533.953 285.7596 -392.5 1534.163 284.8106 -396.1138 1537.797 285 -392.5 1537.986 285 -392.5 1557.697 186.7858 -308.8016 715.8548 191.2275 -307.9314 709.7062 207.2891 -350.1472 711.1253 193.1831 -306.6379 702.419 196.9934 -350.7142 727.1915 207.6471 -346.2213 692.4229 191.8222 -306.2207 687.2863 189.9802 -334.4276 660.3959 177.9921 -308.0603 660.2444 161.8617 -320.7953 637.6149 155.8375 -307.2817 639.283 145.3427 -313.5866 630.5646 141.6423 -306.9467 634.2343 134.5447 -306.7792 631.7099 130.9959 -306.6954 630.4478 127.4471 -306.6117 629.1855 186.7858 -308.8016 715.8548 196.9934 -350.7142 727.1915 182.3096 -347.7931 734.2516 174.8781 -306.949 720.7072 166.5245 -342.5331 733.6639 161.8752 -306.0745 719.2193 140.219 -329.8856 717.9964 138.9036 -307.6946 706.9059 120.8969 -317.3351 693.7728 120.694 -307.9895 687.9955 114.8225 -311.835 679.2533 111.7854 -309.0849 671.9935 110.2668 -307.7099 668.3636 108.7528 -306.339 664.7448 373.6381 -140.042 1579.375 373.7176 -140.4466 1578.683 365.5607 -134.6199 1580.693 336.736 -184.0526 1591.16 317.5721 -185.5633 1593.16 319.9962 -137.6585 1597.098 298.4083 -187.074 1595.161 338.7213 -133.4301 1592.16 291.764 -138.2238 1595.726 322.4989 -120.5131 1598.58 279.376 -190.6413 1593.483 315.0985 -118.5987 1600.265 339.3233 -120.9064 1593.228 320.4803 -121.0293 1598.685 262.962 -146.0829 1593.076 318.4543 -120.7138 1599.049 292.6337 -115.3794 1599.132 322.5895 -100 1599.296 269.8599 -192.425 1592.644 263.4312 -141.6617 1593.662 315.8925 -100 1600.629 264.8388 -128.398 1595.421 329.2865 -100 1600.629 265.1018 -193.3168 1592.225 263.3391 -140.4466 1593.215 310.2151 -100 1604.422 263.9004 -137.2405 1594.249 266.7156 -110.7132 1597.766 334.3895 -110.2313 1603.393 262.7227 -193.7627 1592.015 310.0095 -113.2504 1603.975 263.6658 -139.4511 1593.956 334.9639 -100 1604.422 261.5332 -193.9857 1591.91 306.3955 -108.2106 1609.44 263.3391 -140.4466 1593.215 338.5521 -105.9085 1609.134 260.3437 -194.2087 1591.805 306.4216 -100 1610.1 338.7574 -100 1610.1 262.6346 -146.0182 1593.127 304.9204 -104.8418 1616.796 340.2456 -104.5341 1617.075 305.0895 -100 1616.796 340.0895 -100 1616.796 306.4216 -100 1623.493 338.7574 -100 1623.493 306.8137 -105.2559 1624.786 338.5222 -107.343 1624.635 310.2151 -100 1629.171 334.9639 -100 1629.171 311.2139 -109.3134 1630.52 334.7574 -112.5094 1629.975 315.8925 -100 1632.964 329.2865 -100 1632.964 322.6122 -120.3381 1635.007 329.8405 -118.2796 1633.422 322.5895 -100 1634.296 326.6217 -120.6728 1634.567 324.5947 -121.0181 1634.92 325.1528 -131.0393 1636.267 325.6082 -120.8455 1634.743 366.8712 -137.2622 1648.11 287.8724 -128.5329 1657.075 366.5431 -128.4414 1646.661 367.1992 -146.0831 1649.558 311.2139 -109.3134 1630.52 287.9259 -137.3079 1658.532 334.7574 -112.5094 1629.975 334.9064 -181.4471 1638.13 287.9793 -146.0829 1659.988 317.0478 -182.4024 1640.275 368.5805 -180.6979 1651.235 301.8332 -183.2943 1650.171 367.5158 -146.0184 1649.656 287.0188 -184.0469 1662.138 287.6987 -146.0182 1660.164 287.6987 -146.0182 1660.164 287.9793 -146.0829 1659.988 281.8004 -156.3716 1645.421 284.2464 -156.3628 1644.53 275.1671 -160 1628.041 278.5515 -160 1626.776 287.0188 -184.0469 1662.138 301.8332 -183.2943 1650.171 287.0232 -184.0467 1662.134 365.8871 -110.7997 1643.765 338.5222 -107.343 1624.635 334.7574 -112.5094 1629.975 365.3005 -98.4653 1630.818 368.0154 -100.7488 1593.502 368.6264 -98.5633 1596.39 369.3879 -101.6562 1593.248 370.1495 -104.7492 1590.106 367.4097 -110.2505 1585.286 371.6727 -110.935 1583.822 371.6727 -110.935 1583.822 372.8593 -128.509 1581.137 367.4097 -110.2505 1585.286 365.5607 -134.6199 1580.693 373.4526 -137.296 1579.795 373.601 -139.4928 1579.459 373.6381 -140.042 1579.375 374.046 -146.083 1578.452 371.6727 -110.935 1583.822 370.6245 -156.3628 1593.982 368.6264 -98.5633 1596.39 367.9603 -160 1612.436 366.1167 -94.0384 1613.516 367.7097 -160 1615.038 365.3005 -98.4653 1630.818 366.8042 -156.3731 1633.635 365.8871 -110.7997 1643.765 367.1992 -146.0831 1649.558 374.046 -146.083 1578.452 374.3754 -146.0184 1578.416 375.1386 -165.6798 1577.654 365.9688 -159.6789 1579.725 366.1728 -172.2084 1579.241 365.5607 -134.6199 1580.693 375.5203 -175.5105 1577.272 373.7493 -141.6895 1579.123 366.2748 -178.4732 1578.999 373.6751 -140.5911 1579.291 375.9019 -185.3401 1576.89 366.3767 -184.734 1578.757 339.3233 -120.9064 1593.228 322.4989 -120.5131 1598.58 334.3895 -110.2313 1603.393 341.9229 -110.0498 1598.942 338.5521 -105.9085 1609.134 345.8801 -106.131 1601.766 345.5564 -102.4793 1610.826 340.2456 -104.5341 1617.075 349.8373 -102.2123 1604.59 355.471 -99.3451 1605.061 365.3005 -98.4653 1630.818 338.5222 -107.343 1624.635 366.1167 -94.0384 1613.516 340.2456 -104.5341 1617.075 361.2462 -97.6503 1603.098 367.3716 -96.3008 1604.953 365.8005 -98.0242 1598.778 368.6264 -98.5633 1596.39 368.0154 -100.7488 1593.502 327.6699 -222.5831 690.2715 325.1133 -220.4185 694.0923 332.6774 -220.4185 684.7307 332.6863 -222.5831 685.3969 339.2219 -222.5831 682.9038 328.7649 -224.3881 691.0149 344.4609 -220.4185 682.2798 333.398 -224.3881 686.5127 325.5812 -223.2092 695.6918 346.2104 -222.5831 683.1992 341.2023 -208.7866 681.3134 339.4341 -224.3881 684.2102 334.416 -225.5825 688.1087 327.5126 -225.2343 696.8887 325.1133 -220.4185 694.0923 352.5124 -222.5831 686.2346 345.8887 -224.3881 684.483 333.0448 -209.9702 683.6739 349.4403 -210.4823 682.9692 330.3311 -225.5825 692.0781 355.1306 -220.4185 687.8489 352.5124 -222.5831 686.2346 327.4853 -214.0327 688.7945 339.7378 -225.5825 686.0787 332.1504 -226 693.3133 330.3088 -226 697.7544 351.7091 -224.3881 687.2864 325.1133 -220.4185 694.0923 353.0711 -211.8279 685.1896 345.4286 -225.5825 686.3192 335.5984 -226 689.9628 355.9459 -224.3881 692.1634 358.2775 -215.1747 691.7319 340.0905 -226 688.2492 349.2255 -226 690.5386 332.7251 -226 698.3364 354.2957 -225.5825 693.0908 357.0998 -222.5831 691.515 350.5602 -225.5825 688.7909 359.8575 -220.4185 698.9175 344.894 -226 688.4522 356.0258 -225.5825 698.5175 355.1306 -220.4185 687.8489 359.2245 -222.5831 698.1794 352.3786 -226 694.168 357.9083 -224.3881 698.3185 353.839 -226 698.7486 356.0084 -225.4286 703.5137 358.1512 -224.0309 702.5368 353.3685 -226 703.5333 353.3685 -226 703.5333 211.1986 -209.5 693.2615 211.944 -209.5 659.4537 213.3801 -202 669.6778 207.9237 -202 648.7282 195.3228 -209.5 630.0045 195.7568 -202 630.8222 186.2071 -191.4126 623.1588 165.9948 -209.5 613.1703 184.1395 -167.5319 622.7679 158.2256 -160.1545 613.4049 157.5808 -170 612.9758 150 -209.5 611.1349 150 -170 612.5143 137.2897 -170 613.8207 132.1825 -209.5 613.6707 118.3412 -170 621.1281 103.3656 -209.5 631.3654 102.7369 -170 634.1262 92.1253 -170 651.442 87.6231 -209.5 661.2936 87.6271 -170 671.2463 89.3686 -209.5 695.0645 89.7177 -170 691.4471 98.1761 -170 709.9106 108.1129 -209.5 723.2101 112.1089 -170 724.6863 518.1935 -211 1916.94 496.8981 -211 1948.499 519.1901 -234.5686 1916.822 497.4144 -227.7998 1948.795 469.7948 -211 1975.2 469.8242 -221.7958 1975.661 497.2551 -240 1948.324 469.7543 -221.8025 1975.716 518.9807 -240 1916.808 469.7062 -240 1974.945 519.2106 -234.5709 1916.784 519.2106 -234.5709 1916.784 519.1901 -234.5686 1916.822 497.4144 -227.7998 1948.795 520.3724 -235.6799 1911.177 518.2554 -236.7977 1905.84 517.1797 -211 1905.94 519.3455 -211 1911.296 519.3455 -211 1911.296 518.1935 -211 1916.94 519.2106 -234.5709 1916.784 519.1901 -234.5686 1916.822 520.3724 -235.6799 1911.177 518.9807 -240 1916.808 520.1897 -240 1911.162 469.7948 -211 1975.2 469.7543 -221.8025 1975.716 469.8242 -221.7958 1975.661 464.3988 -211 1977.374 464.4499 -221.6867 1977.82 464.3935 -240 1977.057 469.7062 -240 1974.945 552.7921 -209.7643 627.4047 548.8903 -208.4077 627.2002 552.2866 -207.6417 627.3782 157.5808 -170 612.9758 150 -170 612.5143 148.1533 -170 666.7681 137.2897 -170 613.8207 118.3412 -170 621.1281 112.1089 -170 724.6863 153.2108 -170 721.2246 102.7369 -170 634.1262 155.6664 -170 770.3551 98.1761 -170 709.9106 182.7566 -170 826.9868 92.1253 -170 651.442 89.7177 -170 691.4471 87.6271 -170 671.2463 219.7086 -283.028 1577.658 220.4838 -284.0398 1561.974 219.9565 -283.282 1574.63 202.9264 -178.1092 1812.156 209.4326 -185 1874.296 202.3228 -178 1827.733 207.1024 -180.0564 1864.36 209.4326 -185 1874.296 222.1433 -178 1900.252 222.3598 -185 1897.762 207.5943 -178 1865.285 233.5586 -178 1915.313 202.3228 -178 1827.733 235.287 -185 1921.228 209.4326 -185 1874.296 244.9739 -178 1930.374 203.5019 -198.3363 586.4213 186.2071 -191.4126 623.1588 184.1395 -167.5319 622.7679 203.0028 -167.5319 582.1038 232.7011 -194.7492 549.8745 231.6345 -167.5319 547.6129 268.1319 -167.5319 521.5872 270.6574 -191.4779 522.6241 310.0696 -167.5319 505.7562 314.642 -189.5804 506.7129 350 -167.5319 501.1096 350 -189.6591 503.0454 354.6609 -167.5319 501.172 361.4264 -189.6843 503.4277 398.9424 -167.5319 508.1392 407.3161 -191.7624 513.0741 439.9716 -167.5319 526.1948 448.7761 -195.1261 534.8308 475.0219 -167.5319 554.1389 482.7619 -198.6765 566.9632 489.0495 -173.2148 571.4121 506.8443 -201.2525 607.0262 196.6982 -202 627.0576 195.7568 -202 630.8222 196.0244 -200.9514 626.1204 186.2071 -191.4126 623.1588 203.5019 -198.3363 586.4213 435.0917 -225.5314 705.585 432.0101 -226 706.444 433.83 -226 700.4116 436.0946 -225.5825 700.5115 433.9037 -226 700.1673 437.9864 -224.3881 700.5801 434.3813 -225.5825 693.2454 437.6068 -224.281 703.9905 432.3212 -226 694.3337 436.0431 -224.3881 692.3389 439.309 -222.5831 700.6281 432.1873 -226 693.84 429.1991 -225.5825 687.8718 437.205 -222.5831 691.705 430.1654 -224.3881 686.244 439.882 -220.4185 699.4572 427.9455 -226 689.9042 422 -224.3881 684.0031 430.8409 -222.5831 685.1059 438.2039 -220.4185 692.4174 427.3813 -226 689.3807 422 -225.5825 685.8961 433.8743 -220.4185 686.6185 437.3735 -213.1748 689.8956 422 -222.5831 682.6796 413.2316 -224.3881 686.6203 427.6015 -220.4185 683.0093 422 -226 688.0951 412.5062 -222.5831 685.5133 414.2692 -225.5825 688.2036 428.7965 -208.6601 682.5654 420.9434 -226 688.1421 420.4122 -220.4185 682.1803 422 -220.4185 682.1097 407.3324 -224.3881 693.6155 413.4827 -220.4185 684.2673 406.1188 -222.5831 693.0873 415.544 -226 690.2228 409.0681 -225.5825 694.371 418.5268 -207.7584 681.5485 407.9469 -220.4185 688.9288 406.2326 -224.3881 702.6998 414.8259 -226 690.4996 409.4482 -209.6233 686.2125 404.928 -222.5831 702.9232 404.7107 -220.4185 695.4019 411.1917 -226 695.3294 408.0984 -225.5825 702.3803 404.5888 -214.1158 694.2661 407.3433 -224.2801 706.6862 410.8841 -226 695.7382 405.8235 -222.3493 704.6568 404.3037 -220.4185 702.6274 404.3037 -220.4185 702.6274 410.105 -225.5336 707.8139 410.3356 -226 702.0153 404.3037 -220.4185 702.6274 410.3134 -226 702.2694 413.287 -226 708.1123 431.8606 -226 706.4631 433.9037 -226 700.1673 432.0101 -226 706.444 410.8841 -226 695.7382 432.1873 -226 693.84 414.8259 -226 690.4996 427.3813 -226 689.3807 420.9434 -226 688.1421 439.309 -222.5831 700.6281 439.882 -220.4185 699.4572 438.7444 -222.3498 701.7238 437.6068 -224.281 703.9905 158.7 -264.8562 816.9691 154.5401 -255.0687 797.5236 149.7156 -257.8652 789.6642 165.3909 -217.2991 797.4744 151.6141 -242.1967 784.4564 161.5894 -266.9023 828.7126 152.5634 -234.3625 781.8525 165.8406 -209.5 800.3014 153.5126 -226.5283 779.2486 159.7289 -209.5 787.0875 178.0639 -209.5 826.7292 152.8964 -223.657 777.1478 153.6173 -209.5 773.8736 151.2513 -208.232 770.0141 154.5893 -201.5 773.6182 147.7094 -213.7556 766.3268 155.5613 -193.5 773.3627 139.0687 -209.5 754.1899 112.1089 -170 724.6863 155.6664 -170 770.3551 110.1109 -189.75 723.9482 167.1259 -193.5 797.2432 131.3307 -209.4907 746.4453 169.2115 -170 798.6709 123.5927 -209.4814 738.7007 172.9082 -193.5 809.1835 109.1119 -199.625 723.5792 179.9054 -183.5 821.4481 108.6124 -204.5625 723.3947 182.7566 -170 826.9868 175.7994 -193.5 815.1536 108.3626 -207.0312 723.3024 181.6246 -183.5 826.9528 177.245 -193.5 818.1387 108.2377 -208.2656 723.2563 177.9678 -193.5 819.6312 108.1753 -208.8828 723.2332 178.6906 -193.5 821.1238 108.1441 -209.1914 723.2217 108.1285 -209.3457 723.2159 108.1207 -209.4229 723.213 108.1166 -209.4628 723.2115 154.4871 -252.7271 778.9709 153.7959 -242 777.2319 153.7959 -257.3536 777.2319 181.5772 -193.5 830.5539 174.0596 -193.5 831.8378 180.6446 -193.5 867.3071 174.7931 -193.5 867.2081 191.5728 -193.5 865.4408 162.5991 -193.5 853.4725 163.0774 -193.5 855.5182 168.116 -193.5 834.1435 169.4175 -193.5 865.0048 161.7656 -193.5 850.5054 165.3013 -193.5 860.9119 163.6436 -193.5 838.5607 161.4001 -193.5 844.3411 168.116 -193.5 834.1435 171.2613 -183.5 831.7841 165.3177 -183.5 834.0897 174.0596 -193.5 831.8378 163.6436 -193.5 838.5607 160.8453 -183.5 838.5069 161.4001 -193.5 844.3411 158.6018 -183.5 844.2872 158.9673 -183.5 850.4516 161.7656 -193.5 850.5054 160.3903 -183.5 856.1063 162.5226 -183.5 861.647 163.0774 -193.5 855.5182 165.3013 -193.5 860.9119 166.6474 -183.5 865.8816 169.4175 -193.5 865.0048 172.0912 -183.5 868.1703 174.7931 -193.5 867.2081 175.0628 -183.5 868.2274 176.5486 -183.5 868.2561 180.6446 -193.5 867.3071 177.2915 -183.5 868.2703 178.0248 -183.5 868.2844 129.8864 -183.5 829.9902 139.0276 -183.5 830.0601 179.9054 -183.5 821.4481 147.4684 -183.5 833.2981 171.2613 -183.5 831.7841 165.3177 -183.5 834.0897 181.6246 -183.5 826.9528 160.8453 -183.5 838.5069 182.4872 -183.5 829.8668 154.1022 -183.5 839.2797 158.6018 -183.5 844.2872 158.0597 -183.5 847.2209 158.9673 -183.5 850.4516 127.2382 -172.9632 831.0026 134.964 -173.5 830.7783 129.8864 -183.5 829.9902 127.0374 -171.1201 831.1362 139.0276 -183.5 830.0601 147.9791 -173.5 836.4418 147.4684 -183.5 833.2981 154.1022 -183.5 839.2797 155.5464 -173.5 848.1818 158.0597 -183.5 847.2209 158.9673 -183.5 850.4516 157.0025 -173.5 853.3649 162.5991 -193.5 853.4725 160.3903 -183.5 856.1063 161.7656 -193.5 850.5054 163.0774 -193.5 855.5182 156.6407 -173.5 867.3362 159.9889 -183.5 865.5086 155.9365 -183.5 874.0665 148.4053 -173.5 878.8328 148.8309 -183.5 880.5172 144.1662 -172.6568 881.369 139.7206 -183.5 883.9091 140.1387 -170.0592 882.7631 137.8142 -176.6872 883.8725 138.1037 -209.5 885.5676 137.23 -166.028 883.2891 134.7429 -155.5916 883.1124 192.1557 -209.5 876.3367 135.9866 -161.1804 883.2324 127.5109 -209.5 885.4185 195.1528 -183.5 874.4425 135.9312 -160.3196 883.1762 129.5038 -149.8866 882.5923 122.2756 -148 880.3333 117.6747 -209.5 881.4842 109.9011 -209.5 874.2869 110.4972 -148 869.2542 105.2222 -209.5 864.7822 106.0266 -193.5 864.5452 107.3589 -148 856.9089 104.9743 -193.5 856.9089 107.6058 -148 853.3447 105.8637 -193.5 849.8781 110.8699 -169.2871 841.8054 111.7163 -148 842.7044 113.0809 -193.5 837.1083 113.3367 -148.3943 840.7458 121.9687 -161.1804 833.2324 114.9571 -148.7887 838.7872 123.3581 -166.7839 832.3358 118.3245 -151.3096 835.8713 113.0809 -193.5 837.1083 120.8786 -155.3563 834.0977 126.676 -193.5 830.0068 121.957 -160.75 833.2642 127.2382 -172.9632 831.0026 121.9454 -160.3196 833.2959 127.0374 -171.1201 831.1362 178.0344 -183.5 868.2845 195.1528 -183.5 874.4425 192.7794 -183.5 865.7664 155.9365 -183.5 874.0665 172.0912 -183.5 868.1703 148.8309 -183.5 880.5172 166.6474 -183.5 865.8816 139.7206 -183.5 883.9091 159.9889 -183.5 865.5086 162.5226 -183.5 861.647 160.3903 -183.5 856.1063 180.6446 -193.5 867.3071 192.7794 -183.5 865.7664 191.5728 -193.5 865.4408 178.0344 -183.5 868.2845 174.0596 -193.5 831.8378 181.5772 -193.5 830.5539 182.4872 -183.5 829.8668 171.2613 -183.5 831.7841 106.8002 -193.5 848.2211 105.8637 -193.5 849.8781 106.0266 -193.5 864.5452 126.676 -193.5 830.0068 178.6906 -193.5 821.1238 155.5613 -193.5 773.3627 118.7753 -193.5 815.9304 113.0809 -193.5 837.1083 107.1032 -193.5 841.8281 106.8002 -193.5 848.2211 562.7163 -282.4062 674.8479 565.9993 -263.4536 667.9128 565.3582 -264.703 674.924 567.9989 -247.007 674.9999 566.7009 -254.0654 663.4391 567.6274 -245.1631 662.3198 567.0518 -249.3714 661.2021 567.2272 -247.0243 660.0837 567.4024 -244.6795 658.9663 235.9413 -202 667.7833 213.3801 -202 669.6778 207.9237 -202 648.7282 196.6982 -202 627.0576 195.7568 -202 630.8222 202.6423 -282 639.4516 196.9887 -278.6607 631.962 202.5074 -280.3304 640.4586 205.2668 -281.1652 644.7069 207.982 -281.9867 648.8873 196.8454 -287.8184 633.4181 202.6423 -282 639.4516 198.2931 -285.609 634.5878 194.9004 -293.249 632.5149 105.2222 -209.5 864.7822 106.0266 -193.5 864.5452 106.179 -209.5 842.0115 107.1032 -193.5 841.8281 117.5497 -209.5 816.3569 118.7753 -193.5 815.9304 153.6173 -209.5 773.8736 155.561 -193.5024 773.3627 179.9054 -183.5 821.4481 178.6906 -193.5 821.1238 129.8864 -183.5 829.9902 126.676 -193.5 830.0068 127.2382 -172.9632 831.0026 137.9201 -173.5 838.2099 132.9145 -172.7251 837.5873 127.9532 -173.5 838.3559 146.9685 -173.5 870.4193 148.4053 -173.5 878.8328 156.6407 -173.5 867.3362 157.0025 -173.5 853.3649 155.5464 -173.5 848.1818 137.9201 -173.5 838.2099 147.9791 -173.5 836.4418 138.3836 -173.5 875.4851 134.964 -173.5 830.7783 128.4162 -173.5 875.5869 132.9145 -172.7251 837.5873 127.9532 -173.5 838.3559 127.0374 -171.1201 831.1362 119.7295 -173.5 870.6978 128.5225 -170.1921 838.0253 119.3908 -173.5 843.4595 123.3581 -166.7839 832.3358 114.6448 -173.5 862.1241 125.5534 -166.1338 838.7757 114.5209 -173.5 852.1569 121.9687 -161.1804 833.2324 124.2964 -161.1804 839.0843 125.7414 -148.6737 876.0907 121.1289 -148 873.6191 122.2756 -148 880.3333 129.5038 -149.8866 882.5923 130.2746 -151.0952 877.1547 134.7429 -155.5916 883.1124 133.5453 -155.2217 877.1473 134.845 -160.3196 876.8158 135.9312 -160.3196 883.1762 138.3836 -173.5 875.4851 143.0105 -172.7217 873.5629 146.9685 -173.5 870.4193 134.8825 -161.1804 876.7674 135.9312 -160.3196 883.1762 135.9866 -161.1804 883.2324 134.845 -160.3196 876.8158 137.23 -166.028 883.2891 136.0928 -166.1218 876.3663 140.1387 -170.0592 882.7631 139.035 -170.1857 875.4732 144.1662 -172.6568 881.369 143.0105 -172.7217 873.5629 148.4053 -173.5 878.8328 146.9685 -173.5 870.4193 124.2964 -161.1804 839.0843 121.9687 -161.1804 833.2324 121.9454 -160.3196 833.2959 124.2392 -160.3196 839.0625 120.8786 -155.3563 834.0977 122.9583 -155.2247 839.4557 118.3245 -151.3096 835.8713 120.1712 -151.1058 841.1454 114.9571 -148.7887 838.7872 116.8517 -148.6768 844.4136 111.7163 -148 842.7044 114.1943 -148 848.9342 112.5898 -148 856.9089 111.7163 -148 842.7044 107.6058 -148 853.3447 114.1943 -148 848.9342 107.3589 -148 856.9089 110.4972 -148 869.2542 113.3582 -148 862.4856 121.1289 -148 873.6191 122.2756 -148 880.3333 200.7864 -285.0945 637.4603 199.7039 -286.6607 636.5946 202.6423 -282 639.4516 371.3063 -160 1615.384 367.7097 -160 1615.038 366.8042 -156.3731 1633.635 369.3973 -156.3716 1633.888 367.1992 -146.0831 1649.558 367.5158 -146.0184 1649.656 369.3973 -156.3716 1633.888 367.5158 -146.0184 1649.656 368.5805 -180.6979 1651.235 371.3063 -160 1615.384 371.5569 -160 1612.782 375.9019 -185.3412 1576.89 373.2137 -156.3716 1594.253 374.3754 -146.0184 1578.416 267.8556 -156.3716 1608.124 262.6346 -146.0182 1593.127 260.3437 -194.2087 1591.805 274.2516 -160 1625.593 280.5205 -186.8627 1645.038 275.1671 -160 1628.041 281.8004 -156.3716 1645.421 287.0188 -184.0469 1662.138 287.6987 -146.0182 1660.164 277.636 -160 1624.327 274.2516 -160 1625.593 278.5515 -160 1626.776 270.2974 -156.3731 1607.215 275.1671 -160 1628.041 267.8556 -156.3716 1608.124 262.962 -146.0829 1593.076 262.6346 -146.0182 1593.127 370.6245 -156.3628 1593.982 367.9603 -160 1612.436 371.5569 -160 1612.782 373.2137 -156.3716 1594.253 374.046 -146.083 1578.452 374.3754 -146.0184 1578.416 371.5569 -160 1612.782 367.9603 -160 1612.436 367.7097 -160 1615.038 371.3063 -160 1615.384 284.77 -397.3888 886.2437 285 -393 858.3145 285 -393 886.0137 285.7596 -393 889.8373 285.4925 -398.0659 890.0855 287.9232 -393 893.0767 287.5825 -398.8237 893.3462 291.1626 -393 895.2404 290.775 -399.5469 895.5565 294.9863 -393 896 294.6134 -400.1152 896.3729 415.3223 -398.888 896.3086 415.0137 -393 896 355.0061 -403.2287 896.5361 419.154 -398.243 895.4894 418.8374 -393 895.2404 422.3385 -397.4586 893.2822 422.0768 -393 893.0767 424.4292 -396.6612 890.0198 424.2404 -393 889.8373 425.1557 -395.9714 886.1694 425 -393 886.0137 425 -393 866.8941 511.342 -160.1469 554.3699 475.0219 -167.5319 554.1389 472.777 -160.1935 515.5053 439.9716 -167.5319 526.1948 425.0289 -160.2674 488.5264 398.9424 -167.5319 508.1392 371.7343 -160.3246 475.3911 354.6609 -167.5319 501.172 316.8704 -160.3283 476.9774 310.0696 -167.5319 505.7562 264.4878 -160.2779 493.1382 268.1319 -167.5319 521.5872 218.4559 -160.208 522.7267 231.6345 -167.5319 547.6129 182.1116 -160.1608 563.7551 203.0028 -167.5319 582.1038 158.2256 -160.1545 613.4049 184.1395 -167.5319 622.7679 511.3168 -160.152 554.3697 523.8131 -165.8492 572.2711 489.0495 -173.2148 571.4121 493.1819 -163.8394 554.2544 475.0219 -167.5319 554.1389 523.8131 -165.8492 572.2711 538.0496 -186.7455 599.8246 506.8443 -201.2525 607.0262 521.6396 -201.4567 611.3862 489.0495 -173.2148 571.4121 536.6951 -203.174 617.6746 545.1679 -197.1937 613.6014 548.9178 -208.4015 627.2017 549.3148 -208.3119 627.2224 549.7394 -208.2162 627.2447 550.5884 -208.0247 627.2892 552.2862 -207.6418 627.3782 518.2178 -236.8099 1905.793 518.0846 -240 1905.804 505.3961 -240 1889.674 241.2226 -240 1975.903 262.6337 -240 1964.382 264.2105 -233.6692 1963.785 264.4778 -238.3346 1963.456 241.2385 -221.5749 1976.625 264.6114 -240.6673 1963.291 241.1559 -221.571 1976.669 263.676 -224.3385 1964.442 262.5826 -241.5 1964.35 264.745 -243 1963.127 262.5571 -242.25 1964.334 262.5316 -243 1964.318 451.0221 -240 1728.075 413.7094 -235 1700.336 413.7094 -240 1700.336 451.0221 -235 1728.075 408.03 -235 1687.924 477.1931 -240 1766.503 412.097 -250 1694.569 477.1931 -235 1766.503 406.6777 -250 1686.459 414 -250 1704.136 489.3362 -240 1811.383 398.5671 -250 1681.039 412.4301 -240 1712.856 489.3362 -235 1811.383 396.6772 -235 1680.344 412.097 -250 1713.704 486.112 -240 1857.765 389 -250 1679.136 406.6777 -250 1721.814 486.112 -235 1857.765 389 -235 1679.136 405.213 -240 1723.166 467.8762 -240 1900.533 383.0356 -235 1679.858 398.5671 -250 1727.233 467.8762 -235 1900.533 379.4329 -250 1681.039 393.8872 -240 1728.654 436.6399 -240 1934.971 371.1722 -240 1686.61 389 -250 1729.136 436.6399 -235 1934.971 371.3223 -250 1686.459 371.1722 -235 1686.61 381.3228 -240 1727.928 395.8482 -240 1957.28 365.903 -250 1694.569 379.4329 -250 1727.233 395.8482 -235 1957.28 364.8923 -240 1697.517 370.7041 -240 1721.174 350 -235 1965 364 -250 1704.136 371.3223 -250 1721.814 350 -240 1965 364.7219 -240 1710.101 365.903 -250 1713.704 304.1518 -235 1957.28 304.1518 -240 1957.28 263.3601 -240 1934.971 263.3601 -235 1934.971 232.1238 -240 1900.533 232.1238 -235 1900.533 213.888 -240 1857.765 213.888 -235 1857.765 210.6638 -240 1811.383 210.6638 -235 1811.383 222.8069 -240 1766.503 222.8069 -235 1766.503 248.9779 -240 1728.075 248.9779 -235 1728.075 286.2906 -240 1700.336 286.2906 -235 1700.336 291.97 -235 1687.924 287.903 -250 1694.569 286 -250 1704.136 293.3223 -250 1686.459 287.5699 -240 1712.856 301.4329 -250 1681.039 287.903 -250 1713.704 303.3228 -235 1680.344 293.3223 -250 1721.814 311 -250 1679.136 294.787 -240 1723.166 311 -235 1679.136 301.4329 -250 1727.233 316.9644 -235 1679.858 306.1128 -240 1728.654 320.5671 -250 1681.039 311 -250 1729.136 328.8278 -240 1686.61 318.6772 -240 1727.928 328.8278 -235 1686.61 328.6777 -250 1686.459 320.5671 -250 1727.233 334.097 -250 1694.569 329.2959 -240 1721.174 335.1077 -240 1697.517 328.6777 -250 1721.814 336 -250 1704.136 334.097 -250 1713.704 335.2781 -240 1710.101 286.2906 -240 1700.336 248.9779 -240 1728.075 287.5699 -240 1712.856 294.787 -240 1723.166 306.1128 -240 1728.654 222.8069 -240 1766.503 210.6638 -240 1811.383 213.888 -240 1857.765 318.6772 -240 1727.928 232.1238 -240 1900.533 263.3601 -240 1934.971 304.1518 -240 1957.28 350 -240 1965 381.3228 -240 1727.928 395.8482 -240 1957.28 329.2959 -240 1721.174 436.6399 -240 1934.971 370.7041 -240 1721.174 467.8762 -240 1900.533 335.2781 -240 1710.101 486.112 -240 1857.765 364.7219 -240 1710.101 393.8872 -240 1728.654 335.1077 -240 1697.517 489.3362 -240 1811.383 364.8923 -240 1697.517 477.1931 -240 1766.503 350 -240 1685 451.0221 -240 1728.075 328.8278 -240 1686.61 371.1722 -240 1686.61 405.213 -240 1723.166 412.4301 -240 1712.856 413.7094 -240 1700.336 371.1722 -240 1686.61 371.1722 -235 1686.61 350 -240 1685 350 -235 1685 328.8278 -240 1686.61 328.8278 -235 1686.61 385.1776 -60.1555 923.5716 321.8477 -67.4897 939.7216 355.0888 -74.6426 930.8122 383.5543 -26.4751 905.4714 383.8613 -26.6573 907.8101 383.5293 -26.4748 905.4767 373.7176 -140.4466 1578.683 373.6381 -140.042 1579.375 373.6751 -140.5911 1579.291 263.5485 -140.5564 1593.809 263.3391 -140.4466 1593.215 263.4312 -141.6617 1593.662 263.6658 -139.4511 1593.956 239.5186 -199.1852 1600.915 238.0909 -198.5989 1597.945 231.3793 -239.9606 1605.623 490.5598 -185 1874.286 494.3757 -187.1618 1786.414 497.6385 -182.5658 1838.499 349.6461 -52 851.4651 350 -52 851.5 350.3614 -52 851.4644 258.9303 -412.5917 1372.664 257.5398 -410.4607 1386.347 259.1308 -413.8421 1356.508 366.5431 -128.4414 1646.661 365.8871 -110.7997 1643.765 334.7574 -112.5094 1629.975 192.1557 -209.4998 876.3367 192.1557 -209.5 876.3367 192.2026 -209.0937 876.3071 178.0639 -209.5 826.7292 192.1557 -209.5 876.3367 192.1557 -209.4998 876.3367 549.7505 -117 665.014 548.1943 -117 661.9948 549.7407 -117 685.4523 238.0909 -198.5989 1597.945 239.5186 -199.1852 1600.915 237.1774 -198.4155 1608.376 375.9019 -185.3412 1576.89 371.1393 -185.0395 1577.824 375.8994 -185.341 1576.891 225.1118 -294.437 1322.397 224.9126 -294.4026 1318.468 225.1327 -294.5181 1320.23 513.6 -164.3477 882.4267 516.5023 -160.5758 867.1581 514.9217 -162.2975 872.45 519.4045 -156.8039 851.8896 153.0698 -344.788 773.626 166.8999 -353.3867 792.9193 154.6452 -345.4657 774.6843 230.4064 -226.791 707.4725 226.703 -228.1568 709.7385 223.291 -229.1455 713.7129 292.6337 -115.3794 1599.132 310.0095 -113.2504 1603.975 315.0985 -118.5987 1600.265 306.3955 -108.2106 1609.44 295.205 -106.7982 1606.47 272.9243 -98.4575 1609.173 266.7156 -110.7132 1597.766 298.86 -102.4794 1616.974 304.9204 -104.8418 1616.796 279.777 -94.0385 1625.109 306.3955 -108.2106 1609.44 305.8671 -105.0489 1620.791 285.0107 -98.5693 1641.576 306.8137 -105.2559 1624.786 311.2139 -109.3134 1630.52 287.7656 -110.9828 1654.162 287.8724 -128.5329 1657.075 311.2139 -109.3134 1630.52 287.7656 -110.9828 1654.162 373.7176 -140.4466 1578.683 373.6751 -140.5911 1579.291 365.5607 -134.6199 1580.693 209.4326 -185 1874.296 202.9264 -178.1092 1812.156 215.8307 -230.833 1713.593 552.575 -181.0474 660.5425 542.1027 -177.2242 609.51 523.8131 -165.8492 572.2711 309.5084 -178 1968.935 276.0038 -185 1956.123 346.9727 -178 1974.628 235.287 -185 1921.228 276.0038 -185 1956.123 274.7314 -178 1953.816 309.5084 -178 1968.935 244.9739 -178 1930.374 260.3623 -194.2052 1591.807 265.1018 -193.3168 1592.225 260.3437 -194.2087 1591.805 478.2896 -191.9539 1706.012 476.3111 -193.653 1692.412 475.9457 -193.4591 1696.544 474.3326 -195.3522 1678.812 204.228 -269.9962 1701.894 219.7086 -283.028 1577.658 204.4781 -270.1838 1700.402 225.91 -291.1224 1452.18 225.8725 -291.3317 1444.315 225.9966 -291.3255 1447.612 196.6982 -202 627.0576 196.0244 -200.9514 626.1204 235.9413 -202 667.7833 178.0639 -209.5 826.7292 117.5497 -209.5 816.3569 153.6173 -209.5 773.8736 138.1037 -209.5 885.5676 192.1557 -209.5 876.3367 106.179 -209.5 842.0115 127.5109 -209.5 885.4185 117.6747 -209.5 881.4842 109.9011 -209.5 874.2869 105.2222 -209.5 864.7822 139.035 -170.1857 875.4732 143.0105 -172.7217 873.5629 138.3836 -173.5 875.4851 136.0928 -166.1218 876.3663 128.4162 -173.5 875.5869 134.8825 -161.1804 876.7674 133.5453 -155.2217 877.1473 130.2746 -151.0952 877.1547 134.845 -160.3196 876.8158 125.7414 -148.6737 876.0907 121.1289 -148 873.6191 119.7295 -173.5 870.6978 113.3582 -148 862.4856 114.6448 -173.5 862.1241 113.9262 -173.5 856.9089 112.5898 -148 856.9089 114.5209 -173.5 852.1569 114.1943 -148 848.9342 119.3908 -173.5 843.4595 116.8517 -148.6768 844.4136 120.1712 -151.1058 841.1454 122.9583 -155.2247 839.4557 124.2964 -161.1804 839.0843 125.5534 -166.1338 838.7757 124.2392 -160.3196 839.0625 127.9532 -173.5 838.3559 128.5225 -170.1921 838.0253 132.9145 -172.7251 837.5873 287.9793 -146.0829 1659.988 287.7656 -110.9828 1654.162 284.2464 -156.3628 1644.53 285.0107 -98.5693 1641.576 278.5515 -160 1626.776 279.777 -94.0385 1625.109 277.636 -160 1624.327 272.9243 -98.4575 1609.173 270.2974 -156.3731 1607.215 266.7156 -110.7132 1597.766 262.962 -146.0829 1593.076 336.736 -184.0526 1591.16 338.7213 -133.4301 1592.16 340.291 -91.5 1591.036 339.3233 -120.9064 1593.228 336.7354 -184.057 1591.036 341.3409 -91.5 1596.314 341.3409 -91.5 1585.757 340.6231 -115.4781 1596.085 339.5962 -184.4116 1581.467 341.9229 -110.0498 1598.942 344.3308 -91.5 1581.283 344.3308 -91.5 1600.789 347.3888 -184.5579 1575.01 349.8373 -102.2123 1604.59 348.8056 -91.5 1578.293 348.8056 -91.5 1603.779 354.0839 -91.5 1577.243 354.0839 -91.5 1604.828 357.4583 -184.6637 1573.995 355.471 -99.3451 1605.061 359.3622 -91.5 1578.293 359.3622 -91.5 1603.779 366.3768 -184.7379 1578.757 361.2462 -97.6503 1603.098 363.8369 -91.5 1581.283 363.8369 -91.5 1600.789 365.5607 -134.6199 1580.693 365.8005 -98.0242 1598.778 366.8268 -91.5 1585.757 366.8268 -91.5 1596.314 367.4097 -110.2505 1585.286 368.0154 -100.7488 1593.502 367.7125 -105.4997 1589.394 367.8767 -91.5 1591.036 540.0764 -117 612.7831 532.6595 -117 593.5415 546.648 -117 638.5374 435.2552 -243 1963.127 437.7329 -243 1961.046 435.2568 -243 1963.126 163.1747 -117 603.6122 185.0615 -117 561.8839 168.0246 -117 592.0245 254.3346 -117 499.3637 235.3902 -117 511.0957 216.0312 -117 526.4996 350 -52 872.5 350 -117 872.5 371.4937 -52 871.327 328.8785 -52 871.3674 394.7366 -117 867.3665 305.2634 -117 867.3665 413.1081 -52 862.1461 274.593 -52 857.5378 437.1476 -117 852.233 262.8524 -117 852.233 451.7844 -52 844.2518 226.3742 -52 829.0225 475.0282 -117 827.8862 224.9718 -117 827.8862 485.7218 -52 818.4777 193.5906 -117 795.5917 506.4094 -117 795.5917 188.1015 -52 788.1155 513.3402 -52 786.0236 166.4686 -117 747.9551 533.5314 -117 747.9551 162.854 -52 738.1082 533.3539 -52 748.4003 153.4848 -117 694.6985 544.8309 -52 707.3597 152.663 -52 683.0235 546.5152 -117 694.6985 155.6396 -117 639.9245 547.2371 -52 664.8126 158.3484 -52 627.2933 544.3604 -117 639.9245 172.767 -117 587.8524 536.4425 -52 609.843 179.4528 -52 575.4013 527.233 -117 587.8524 203.5474 -117 542.4938 510.6481 -52 560.1155 214.2782 -52 531.5223 496.4526 -117 542.4938 245.6098 -117 507.3428 471.929 -52 519.6309 260.0229 -52 499.1866 454.3901 -117 507.3428 295.714 -117 485.1072 423.4003 -52 491.6461 313.0065 -52 480.9955 404.286 -117 485.1072 350 -117 477.5 368.9664 -52 478.4128 612.7014 -35.9114 662.3159 610.8352 -45.4852 662.4202 610.9151 -35.9114 630.3657 609.049 -45.4852 630.4701 608.9813 -26.3511 630.4739 603.6668 -53.6149 630.7711 610.7675 -26.3511 662.424 605.4531 -53.6149 662.7211 605.328 -18.2598 662.7281 595.5881 -59.0629 631.2227 603.5417 -18.2598 630.778 597.3744 -59.0629 663.1727 597.2109 -12.8693 663.1819 587.8291 -60.9998 663.7064 595.4246 -12.8693 631.2318 586.0427 -60.9998 631.7563 587.6521 -11.0002 663.7163 576.4839 -59.1307 632.2907 585.8658 -11.0002 631.7662 578.2701 -59.1307 664.2408 578.1068 -12.9371 664.25 568.3668 -53.7402 632.7446 576.3204 -12.9371 632.2999 570.1531 -53.7402 664.6946 568.2417 -18.3851 632.7515 562.9272 -45.6489 633.0486 570.028 -18.3851 664.7017 564.7136 -45.6489 664.9988 564.6459 -26.5148 665.0026 562.7797 -36.0886 665.1069 562.8596 -26.5148 633.0524 560.9934 -36.0886 633.1568 324.8501 -34.8194 925.0271 325.8347 -31.3493 915.9641 293.0373 -34.8194 921.5712 294.0219 -31.3493 912.5081 324.0839 -41.514 932.0801 295.0749 -31.632 902.8147 292.2711 -41.514 928.6241 326.8877 -31.632 906.2706 291.8399 -50.414 932.5934 296.0361 -35.6246 893.9667 323.6527 -50.414 936.0494 327.8489 -35.6246 897.4227 291.8094 -60.1645 932.8745 328.572 -42.7191 890.7672 323.6222 -60.1645 936.3304 296.7591 -42.7191 887.3112 323.9969 -69.2809 932.8807 328.9467 -51.8355 887.3174 292.1841 -69.2809 929.4247 297.1339 -51.8355 883.8615 324.72 -76.3754 926.2252 328.9162 -61.586 887.5985 292.9071 -76.3754 922.7692 297.1033 -61.586 884.1425 293.8683 -80.36801 913.9212 296.6721 -70.486 888.1117 325.6812 -80.36801 917.3772 328.485 -70.486 891.5677 326.7342 -80.6507 907.6838 295.9059 -77.1806 895.1647 294.9214 -80.6507 904.2278 327.7188 -77.1806 898.6207 564.6459 -26.5148 665.0026 562.7797 -36.0886 665.1069 561.7811 -36 665.1627 563.7571 -45.9498 665.0522 563.7571 -26.0502 665.0522 564.7136 -45.6489 664.9988 570.028 -18.3851 664.7017 569.3845 -54.3848 664.7376 569.3845 -17.6152 664.7376 570.1531 -53.7402 664.6946 578.1068 -12.9371 664.25 577.8063 -60.0209 664.2668 577.8063 -11.9791 664.2668 578.2701 -59.1307 664.2408 587.6521 -11.0002 663.7163 587.7405 -62 663.7114 587.7405 -10 663.7114 587.8291 -60.9998 663.7064 597.2109 -12.8693 663.1819 597.6748 -60.0209 663.1559 597.6748 -11.9791 663.1559 597.3744 -59.0629 663.1727 605.328 -18.2598 662.7281 606.0967 -54.3848 662.6851 606.0967 -17.6152 662.6851 605.4531 -53.6149 662.7211 610.7675 -26.3511 662.424 611.7239 -45.9498 662.3705 611.7239 -26.0502 662.3705 610.8352 -45.4852 662.4202 612.7014 -35.9114 662.3159 613.7 -36 662.26 323.4765 -56 937.6719 323.6222 -60.1645 936.3304 323.6902 -65.9498 935.7043 323.6527 -50.414 936.0494 323.9969 -69.2809 932.8807 323.6902 -46.0502 935.7043 324.2989 -74.3848 930.1012 324.0839 -41.514 932.0801 324.72 -76.3754 926.2252 324.2989 -37.6152 930.1012 325.2099 -80.0209 921.7155 324.8501 -34.8194 925.0271 325.6812 -80.36801 917.3772 325.2099 -31.9791 921.7155 326.2845 -82 911.8239 325.8347 -31.3493 915.9641 326.7342 -80.6507 907.6838 326.2845 -30 911.8239 327.359 -80.0209 901.9324 326.8877 -31.632 906.2706 327.7188 -77.1806 898.6207 327.359 -31.9791 901.9324 328.27 -74.3848 893.5467 327.8489 -35.6246 897.4227 328.485 -70.486 891.5677 328.27 -37.6152 893.5467 328.8787 -65.9498 887.9435 328.572 -42.7191 890.7672 328.9162 -61.586 887.5985 328.8787 -46.0502 887.9435 329.0924 -56 885.976 328.9467 -51.8355 887.3174 611.6414 -26.0502 660.8942 613.5884 -36 660.2631 613.7 -36 662.26 611.6414 -45.9498 660.8942 611.7239 -26.0502 662.3705 611.7239 -45.9498 662.3705 606.0388 -17.6152 661.6502 606.0388 -54.3848 661.6502 606.0967 -17.6152 662.6851 606.0967 -54.3848 662.6851 597.6334 -11.9791 662.416 597.6334 -60.0209 662.416 597.6748 -11.9791 663.1559 597.6748 -60.0209 663.1559 587.705 -10 663.075 587.705 -62 663.075 587.7405 -10 663.7114 587.7405 -62 663.7114 577.8063 -11.9791 664.2668 577.8063 -60.0209 664.2668 577.7649 -11.9791 663.5268 577.7649 -60.0209 663.5268 569.3845 -17.6152 664.7376 569.3845 -54.3848 664.7376 569.3266 -17.6152 663.7028 569.3266 -54.3848 663.7028 563.7571 -26.0502 665.0522 563.7571 -45.9498 665.0522 563.6746 -26.0502 663.5761 563.6746 -45.9498 663.5761 561.7811 -36 665.1627 561.6694 -36 663.1658 329.0924 -56 885.976 327.4088 -46.0502 887.7839 327.1041 -56 885.76 328.8787 -46.0502 887.9435 327.4088 -65.9498 887.7839 327.2396 -37.6152 893.4348 328.8787 -65.9498 887.9435 328.27 -37.6152 893.5467 327.2396 -74.3848 893.4348 326.6223 -31.9791 901.8523 328.27 -74.3848 893.5467 327.359 -31.9791 901.9324 326.6223 -80.0209 901.8523 325.6508 -30 911.7551 327.359 -80.0209 901.9324 326.2845 -30 911.8239 325.6508 -82 911.7551 325.2099 -31.9791 921.7155 326.2845 -82 911.8239 324.4731 -31.9791 921.6354 325.2099 -80.0209 921.7155 324.2989 -37.6152 930.1012 324.4731 -80.0209 921.6354 323.2685 -37.6152 929.9893 324.2989 -74.3848 930.1012 323.6902 -46.0502 935.7043 323.2685 -74.3848 929.9893 322.2203 -46.0502 935.5446 323.6902 -65.9498 935.7043 323.4765 -56 937.6719 322.2203 -65.9498 935.5446 321.4882 -56 937.4559 315.5666 -52 848.1086 350 -52 851.5 315.5666 -4 848.1086 350 -4 851.5 282.4564 -52 838.0648 384.4334 -4 848.1086 282.4564 -4 838.0648 384.4334 -52 848.1086 251.9418 -52 821.7544 417.5436 -4 838.0648 251.9418 -4 821.7544 417.5436 -52 838.0648 225.1956 -52 799.8043 448.0581 -4 821.7544 225.1956 -4 799.8043 448.0581 -52 821.7544 203.2456 -52 773.0582 474.8044 -4 799.8043 203.2456 -4 773.0582 474.8044 -52 799.8043 186.9353 -52 742.5436 496.7544 -4 773.0582 186.9353 -4 742.5436 496.7544 -52 773.0582 176.8914 -52 709.4335 513.0648 -4 742.5436 176.8914 -4 709.4335 513.0648 -52 742.5436 173.5 -52 675 523.1086 -4 709.4335 173.5 -4 675 523.1086 -52 709.4335 176.8914 -52 640.5665 526.5 -4 675 176.8914 -4 640.5665 526.5 -52 675 186.9353 -52 607.4564 523.1086 -4 640.5665 186.9353 -4 607.4564 523.1086 -52 640.5665 203.2456 -52 576.9418 513.0648 -4 607.4564 203.2456 -4 576.9418 513.0648 -52 607.4564 225.1956 -52 550.1957 496.7544 -4 576.9418 225.1956 -4 550.1957 496.7544 -52 576.9418 251.9418 -52 528.2456 474.8044 -4 550.1957 251.9418 -4 528.2456 474.8044 -52 550.1957 282.4564 -52 511.9353 448.0581 -4 528.2456 282.4564 -4 511.9353 448.0581 -52 528.2456 315.5666 -52 501.8914 417.5436 -4 511.9353 315.5666 -4 501.8914 417.5436 -52 511.9353 350 -52 498.5 384.4334 -4 501.8914 350 -4 498.5 384.4334 -52 501.8914 315.5666 -4 848.1086 350 -4 851.5 350 -4 832.5 384.4334 -4 848.1086 319.2733 -4 829.4737 380.7267 -4 829.4737 289.7274 -4 820.5111 410.2726 -4 820.5111 282.4564 -4 838.0648 417.5436 -4 838.0648 251.9418 -4 821.7544 448.0581 -4 821.7544 262.4977 -4 805.9565 437.5023 -4 805.9565 238.6307 -4 786.3693 461.3693 -4 786.3693 225.1956 -4 799.8043 474.8044 -4 799.8043 203.2456 -4 773.0582 496.7544 -4 773.0582 219.0435 -4 762.5023 480.9565 -4 762.5023 204.489 -4 735.2726 495.511 -4 735.2726 186.9353 -4 742.5436 513.0648 -4 742.5436 176.8914 -4 709.4335 523.1086 -4 709.4335 195.5263 -4 705.7267 504.4737 -4 705.7267 192.5 -4 675 507.5 -4 675 173.5 -4 675 526.5 -4 675 176.8914 -4 640.5665 523.1086 -4 640.5665 195.5263 -4 644.2733 504.4737 -4 644.2733 204.489 -4 614.7274 495.511 -4 614.7274 186.9353 -4 607.4564 513.0648 -4 607.4564 203.2456 -4 576.9418 496.7544 -4 576.9418 219.0435 -4 587.4977 480.9565 -4 587.4977 238.6307 -4 563.6307 461.3693 -4 563.6307 225.1956 -4 550.1957 474.8044 -4 550.1957 251.9418 -4 528.2456 448.0581 -4 528.2456 262.4977 -4 544.0435 437.5023 -4 544.0435 289.7274 -4 529.489 410.2726 -4 529.489 282.4564 -4 511.9353 417.5436 -4 511.9353 315.5666 -4 501.8914 384.4334 -4 501.8914 319.2733 -4 520.5263 380.7267 -4 520.5263 350 -4 517.5 350 -4 498.5 350 -4 832.5 380.7267 -4 829.4737 380.7267 5 829.4737 410.2726 5 820.5111 350 5 832.5 410.2726 -4 820.5111 319.2733 5 829.4737 437.5023 5 805.9565 319.2733 -4 829.4737 437.5023 -4 805.9565 289.7274 -4 820.5111 461.3693 5 786.3693 289.7274 5 820.5111 461.3693 -4 786.3693 262.4977 -4 805.9565 480.9565 5 762.5023 262.4977 5 805.9565 480.9565 -4 762.5023 238.6307 -4 786.3693 495.511 5 735.2726 238.6307 5 786.3693 495.511 -4 735.2726 219.0435 -4 762.5023 504.4737 5 705.7267 219.0435 5 762.5023 504.4737 -4 705.7267 204.489 -4 735.2726 507.5 5 675 204.489 5 735.2726 507.5 -4 675 195.5263 -4 705.7267 504.4737 5 644.2733 195.5263 5 705.7267 504.4737 -4 644.2733 192.5 -4 675 495.511 5 614.7274 192.5 5 675 495.511 -4 614.7274 195.5263 -4 644.2733 480.9565 5 587.4977 195.5263 5 644.2733 480.9565 -4 587.4977 204.489 -4 614.7274 461.3693 5 563.6307 204.489 5 614.7274 461.3693 -4 563.6307 219.0435 -4 587.4977 437.5023 5 544.0435 219.0435 5 587.4977 437.5023 -4 544.0435 238.6307 -4 563.6307 410.2726 5 529.489 238.6307 5 563.6307 410.2726 -4 529.489 262.4977 -4 544.0435 380.7267 5 520.5263 262.4977 5 544.0435 380.7267 -4 520.5263 289.7274 -4 529.489 350 -4 517.5 289.7274 5 529.489 350 5 517.5 319.2733 -4 520.5263 319.2733 5 520.5263 350 5 775 388.2683 5 767.3879 388.2683 10 767.3879 420.7107 10 745.7107 350 10 775 420.7107 5 745.7107 311.7317 10 767.3879 442.3879 10 713.2684 311.7317 5 767.3879 442.3879 5 713.2684 279.2893 5 745.7107 450 10 675 279.2893 10 745.7107 450 5 675 257.6121 5 713.2684 442.3879 10 636.7316 257.6121 10 713.2684 442.3879 5 636.7316 250 5 675 420.7107 10 604.2893 250 10 675 420.7107 5 604.2893 257.6121 5 636.7316 388.2683 10 582.6121 257.6121 10 636.7316 388.2683 5 582.6121 279.2893 5 604.2893 350 5 575 279.2893 10 604.2893 350 10 575 311.7317 5 582.6121 311.7317 10 582.6121 319.2733 5 829.4737 350 5 832.5 350 5 775 380.7267 5 829.4737 311.7317 5 767.3879 388.2683 5 767.3879 289.7274 5 820.5111 410.2726 5 820.5111 262.4977 5 805.9565 437.5023 5 805.9565 279.2893 5 745.7107 420.7107 5 745.7107 238.6307 5 786.3693 461.3693 5 786.3693 219.0435 5 762.5023 480.9565 5 762.5023 257.6121 5 713.2684 442.3879 5 713.2684 204.489 5 735.2726 495.511 5 735.2726 195.5263 5 705.7267 504.4737 5 705.7267 250 5 675 450 5 675 192.5 5 675 507.5 5 675 195.5263 5 644.2733 504.4737 5 644.2733 257.6121 5 636.7316 442.3879 5 636.7316 204.489 5 614.7274 495.511 5 614.7274 219.0435 5 587.4977 480.9565 5 587.4977 279.2893 5 604.2893 420.7107 5 604.2893 238.6307 5 563.6307 461.3693 5 563.6307 262.4977 5 544.0435 437.5023 5 544.0435 311.7317 5 582.6121 388.2683 5 582.6121 289.7274 5 529.489 410.2726 5 529.489 319.2733 5 520.5263 380.7267 5 520.5263 350 5 575 350 5 517.5 280 -433 1109.738 274.1595 -433 1110.9 273.9026 -418.7605 1110.211 268.7086 -417.9984 1113.596 280 -419.7205 1109.042 269.2081 -433 1114.208 286.0548 -420.7155 1110.292 265.2102 -417.5844 1118.758 285.8405 -433 1110.9 265.8997 -433 1119.159 291.1849 -421.618 1113.758 263.932 -417.6144 1124.891 290.7919 -433 1114.208 264.738 -433 1125 294.5975 -422.3267 1118.949 265.1441 -418.1162 1131.013 294.1003 -433 1119.159 265.8997 -433 1130.841 295.262 -433 1125 268.5504 -418.9765 1136.172 295.7982 -422.7675 1125.06 269.2081 -433 1135.792 294.1003 -433 1130.841 273.66 -420.0386 1139.608 294.5227 -422.8784 1131.164 274.1595 -433 1139.1 290.7919 -433 1135.792 279.689 -421.1106 1140.882 291.0025 -422.6274 1136.347 280 -433 1140.262 285.8405 -433 1139.1 285.7633 -422.0119 1139.737 423.9052 -419.1382 1110.231 430 -417.9995 1108.952 430 -433 1109.738 436.1067 -416.8995 1110.097 424.1595 -433 1110.9 435.8405 -433 1110.9 418.7583 -420.1591 1113.706 441.339 -416.0098 1113.497 419.2081 -433 1114.208 440.7919 -433 1114.208 415.3291 -420.9464 1118.925 444.8725 -415.5074 1118.685 415.8997 -433 1119.159 444.1003 -433 1119.159 414.738 -433 1125 446.1784 -415.4997 1124.838 414.1312 -421.4145 1125.11 445.262 -433 1125 415.8997 -433 1130.841 444.9931 -416.0207 1131.008 415.4517 -421.4894 1131.287 444.1003 -433 1130.841 419.2081 -433 1135.792 441.5536 -416.9652 1136.216 419.0028 -421.1501 1136.46 440.7919 -433 1135.792 424.1595 -433 1139.1 436.4086 -418.1507 1139.694 424.2619 -420.4084 1139.831 435.8405 -433 1139.1 430 -433 1140.262 430.3698 -419.3615 1140.972 280 -433 1259.738 274.1595 -433 1260.9 273.9453 -421.1348 1260.327 268.7974 -420.1101 1263.664 280 -422.2029 1259.172 269.2081 -433 1264.208 286.0375 -423.1328 1260.421 265.3088 -419.3085 1268.75 285.8405 -433 1260.9 265.8997 -433 1269.159 290.7919 -433 1264.208 263.9988 -418.8812 1274.839 291.1625 -423.8012 1263.897 264.738 -433 1275 294.1003 -433 1269.159 265.1722 -418.9315 1280.968 294.5567 -424.1349 1269.101 265.8997 -433 1280.841 295.262 -433 1275 268.5609 -419.4196 1286.149 295.726 -424.1193 1275.21 269.2081 -433 1285.792 294.1003 -433 1280.841 273.6695 -420.2425 1289.6 294.4268 -423.7652 1281.274 274.1595 -433 1289.1 290.7919 -433 1285.792 279.6825 -421.2354 1290.875 290.9118 -423.1146 1286.399 280 -433 1290.262 285.8405 -433 1289.1 285.7123 -422.2341 1289.747 423.9211 -421.5109 1260.36 430 -420.438 1259.08 424.1595 -433 1260.9 430 -433 1259.738 419.2081 -433 1264.208 436.0732 -419.2296 1260.224 418.7743 -422.3013 1263.849 435.8405 -433 1260.9 415.8997 -433 1269.159 441.2484 -418.084 1263.56 415.3619 -422.7148 1269.097 440.7919 -433 1264.208 414.738 -433 1275 444.7743 -417.1965 1268.676 414.2018 -422.7227 1275.275 444.1003 -433 1269.159 415.8997 -433 1280.841 446.1129 -416.7347 1274.775 415.5492 -422.3291 1281.399 445.262 -433 1275 419.2081 -433 1285.792 444.9738 -416.8031 1280.945 419.0905 -421.5939 1286.512 444.1003 -433 1280.841 424.1595 -433 1289.1 441.5538 -417.3734 1286.185 424.3058 -420.5924 1289.84 440.7919 -433 1285.792 430 -433 1290.262 436.4069 -418.3177 1289.683 430.3749 -419.4496 1290.968 435.8405 -433 1289.1 340.291 -91.5 1591.036 341.3409 -91.5 1596.314 344.3308 -91.5 1600.789 354.0839 -91.5 1604.828 348.8056 -91.5 1603.779 354.0839 -91.5 1577.243 344.3308 -91.5 1581.283 367.8767 -91.5 1591.036 348.8056 -91.5 1578.293 341.3409 -91.5 1585.757 363.8369 -91.5 1600.789 363.8369 -91.5 1581.283 366.8268 -91.5 1596.314 359.3622 -91.5 1603.779 366.8268 -91.5 1585.757 359.3622 -91.5 1578.293 424.4567 -433 1272.704 424 -433 1275 414.738 -433 1275 424.4567 -433 1277.296 415.8997 -433 1269.159 415.8997 -433 1280.841 419.2081 -433 1264.208 419.2081 -433 1285.792 425.7574 -433 1270.757 425.7574 -433 1279.243 427.7039 -433 1269.457 427.7039 -433 1280.543 424.1595 -433 1260.9 424.1595 -433 1289.1 430 -433 1259.738 430 -433 1290.262 430 -433 1269 430 -433 1281 432.2961 -433 1269.457 432.2961 -433 1280.543 435.8405 -433 1260.9 435.8405 -433 1289.1 440.7919 -433 1264.208 440.7919 -433 1285.792 434.2426 -433 1270.757 434.2426 -433 1279.243 435.5433 -433 1272.704 435.5433 -433 1277.296 444.1003 -433 1269.159 444.1003 -433 1280.841 445.262 -433 1275 436 -433 1275 274.4567 -433 1272.704 274 -433 1275 264.738 -433 1275 274.4567 -433 1277.296 265.8997 -433 1269.159 265.8997 -433 1280.841 269.2081 -433 1264.208 269.2081 -433 1285.792 275.7574 -433 1270.757 275.7574 -433 1279.243 277.7039 -433 1269.457 277.7039 -433 1280.543 274.1595 -433 1260.9 274.1595 -433 1289.1 280 -433 1259.738 280 -433 1290.262 280 -433 1269 280 -433 1281 282.2961 -433 1269.457 282.2961 -433 1280.543 285.8405 -433 1260.9 285.8405 -433 1289.1 290.7919 -433 1264.208 290.7919 -433 1285.792 284.2426 -433 1270.757 284.2426 -433 1279.243 285.5433 -433 1272.704 285.5433 -433 1277.296 294.1003 -433 1269.159 294.1003 -433 1280.841 295.262 -433 1275 286 -433 1275 424.4567 -433 1122.704 424 -433 1125 414.738 -433 1125 424.4567 -433 1127.296 415.8997 -433 1119.159 415.8997 -433 1130.841 419.2081 -433 1114.208 419.2081 -433 1135.792 425.7574 -433 1120.757 425.7574 -433 1129.243 427.7039 -433 1119.457 427.7039 -433 1130.543 424.1595 -433 1110.9 424.1595 -433 1139.1 430 -433 1109.738 430 -433 1140.262 430 -433 1119 430 -433 1131 432.2961 -433 1119.457 432.2961 -433 1130.543 435.8405 -433 1110.9 435.8405 -433 1139.1 440.7919 -433 1114.208 440.7919 -433 1135.792 434.2426 -433 1120.757 434.2426 -433 1129.243 435.5433 -433 1122.704 435.5433 -433 1127.296 444.1003 -433 1119.159 444.1003 -433 1130.841 445.262 -433 1125 436 -433 1125 274.4567 -433 1122.704 274 -433 1125 264.738 -433 1125 274.4567 -433 1127.296 265.8997 -433 1119.159 265.8997 -433 1130.841 269.2081 -433 1114.208 269.2081 -433 1135.792 275.7574 -433 1120.757 275.7574 -433 1129.243 277.7039 -433 1119.457 277.7039 -433 1130.543 274.1595 -433 1110.9 274.1595 -433 1139.1 280 -433 1109.738 280 -433 1140.262 280 -433 1119 280 -433 1131 282.2961 -433 1119.457 282.2961 -433 1130.543 285.8405 -433 1110.9 285.8405 -433 1139.1 290.7919 -433 1114.208 290.7919 -433 1135.792 284.2426 -433 1120.757 284.2426 -433 1129.243 285.5433 -433 1122.704 285.5433 -433 1127.296 294.1003 -433 1119.159 294.1003 -433 1130.841 295.262 -433 1125 286 -433 1125 306.4216 -100 1610.1 305.0895 -100 1616.796 310.2151 -100 1604.422 310.2151 -100 1629.171 334.9639 -100 1629.171 306.4216 -100 1623.493 322.5895 -100 1634.296 334.9639 -100 1604.422 329.2865 -100 1632.964 315.8925 -100 1632.964 340.0895 -100 1616.796 322.5895 -100 1599.296 338.7574 -100 1623.493 338.7574 -100 1610.1 329.2865 -100 1600.629 315.8925 -100 1600.629 465.456 -211 1954.648 462.5858 -211 1954.078 462.5858 -240 1954.078 459.7157 -211 1954.648 465.456 -240 1954.648 459.7157 -240 1954.648 467.8892 -240 1956.274 457.2825 -211 1956.274 467.8892 -211 1956.274 457.2825 -240 1956.274 469.515 -240 1958.707 455.6567 -211 1958.707 469.515 -211 1958.707 455.6567 -240 1958.707 470.0858 -240 1961.578 455.0858 -211 1961.578 470.0858 -211 1961.578 455.0858 -240 1961.578 469.515 -240 1964.447 455.6567 -211 1964.447 469.515 -211 1964.447 455.6567 -240 1964.447 467.8892 -240 1966.881 457.2825 -211 1966.881 467.8892 -211 1966.881 457.2825 -240 1966.881 465.456 -240 1968.507 459.7157 -211 1968.507 465.456 -211 1968.507 459.7157 -240 1968.507 462.5858 -240 1969.078 462.5858 -211 1969.078 482.3197 -211 1938.785 479.4496 -211 1938.213 479.4496 -240 1938.213 476.5795 -211 1938.785 482.3197 -240 1938.785 476.5795 -240 1938.785 484.7529 -240 1940.41 474.1463 -211 1940.41 484.7529 -211 1940.41 474.1463 -240 1940.41 486.3787 -240 1942.843 472.5205 -211 1942.843 486.3787 -211 1942.843 472.5205 -240 1942.843 486.9496 -240 1945.713 471.9496 -211 1945.713 486.9496 -211 1945.713 471.9496 -240 1945.713 486.3787 -240 1948.584 472.5205 -211 1948.584 486.3787 -211 1948.584 472.5205 -240 1948.584 484.7529 -240 1951.017 474.1463 -211 1951.017 484.7529 -211 1951.017 474.1463 -240 1951.017 482.3197 -240 1952.643 476.5795 -211 1952.643 482.3197 -211 1952.643 476.5795 -240 1952.643 479.4496 -240 1953.213 479.4496 -211 1953.213 495.3441 -211 1922.893 492.2827 -211 1922.284 492.2827 -240 1922.284 489.2212 -211 1922.893 495.3441 -240 1922.893 489.2212 -240 1922.893 497.9395 -240 1924.627 486.6258 -211 1924.627 497.9395 -211 1924.627 486.6258 -240 1924.627 499.6737 -240 1927.222 484.8916 -211 1927.222 499.6737 -211 1927.222 484.8916 -240 1927.222 500.2827 -240 1930.284 484.2827 -211 1930.284 500.2827 -211 1930.284 484.2827 -240 1930.284 499.6737 -240 1933.345 484.8916 -211 1933.345 499.6737 -211 1933.345 484.8916 -240 1933.345 497.9395 -240 1935.94 486.6258 -211 1935.94 497.9395 -211 1935.94 486.6258 -240 1935.94 495.3441 -240 1937.675 489.2212 -211 1937.675 495.3441 -211 1937.675 489.2212 -240 1937.675 492.2827 -240 1938.284 492.2827 -211 1938.284 506.9231 -211 1905.23 504.0529 -211 1904.659 504.0529 -240 1904.659 501.1828 -211 1905.23 506.9231 -240 1905.23 501.1828 -240 1905.23 509.3563 -240 1906.856 498.7497 -211 1906.856 509.3563 -211 1906.856 498.7497 -240 1906.856 510.9821 -240 1909.289 497.1239 -211 1909.289 510.9821 -211 1909.289 497.1239 -240 1909.289 511.5529 -240 1912.159 496.5529 -211 1912.159 511.5529 -211 1912.159 496.5529 -240 1912.159 510.9821 -240 1915.029 497.1239 -211 1915.029 510.9821 -211 1915.029 497.1239 -240 1915.029 509.3563 -240 1917.462 498.7497 -211 1917.462 509.3563 -211 1917.462 498.7497 -240 1917.462 506.9231 -240 1919.088 501.1828 -211 1919.088 506.9231 -211 1919.088 501.1828 -240 1919.088 504.0529 -240 1919.659 504.0529 -211 1919.659 198.8172 -211 1905.23 195.947 -211 1904.659 195.947 -240 1904.659 193.0769 -211 1905.23 198.8172 -240 1905.23 193.0769 -240 1905.23 201.2503 -240 1906.856 190.6437 -211 1906.856 201.2503 -211 1906.856 190.6437 -240 1906.856 202.8761 -240 1909.289 189.0179 -211 1909.289 202.8761 -211 1909.289 189.0179 -240 1909.289 203.447 -240 1912.159 188.447 -211 1912.159 203.447 -211 1912.159 188.447 -240 1912.159 202.8761 -240 1915.029 189.0179 -211 1915.029 202.8761 -211 1915.029 189.0179 -240 1915.029 201.2503 -240 1917.462 190.6437 -211 1917.462 201.2503 -211 1917.462 190.6437 -240 1917.462 198.8172 -240 1919.088 193.0769 -211 1919.088 198.8172 -211 1919.088 193.0769 -240 1919.088 195.947 -240 1919.659 195.947 -211 1919.659 210.7788 -211 1922.893 207.7173 -211 1922.284 207.7173 -240 1922.284 204.6559 -211 1922.893 210.7788 -240 1922.893 204.6559 -240 1922.893 213.3742 -240 1924.627 202.0605 -211 1924.627 213.3742 -211 1924.627 202.0605 -240 1924.627 215.1084 -240 1927.222 200.3263 -211 1927.222 215.1084 -211 1927.222 200.3263 -240 1927.222 215.7173 -240 1930.284 199.7173 -211 1930.284 215.7173 -211 1930.284 199.7173 -240 1930.284 215.1084 -240 1933.345 200.3263 -211 1933.345 215.1084 -211 1933.345 200.3263 -240 1933.345 213.3742 -240 1935.94 202.0605 -211 1935.94 213.3742 -211 1935.94 202.0605 -240 1935.94 210.7788 -240 1937.675 204.6559 -211 1937.675 210.7788 -211 1937.675 204.6559 -240 1937.675 207.7173 -240 1938.284 207.7173 -211 1938.284 223.4205 -211 1938.785 220.5504 -211 1938.213 220.5504 -240 1938.213 217.6803 -211 1938.785 223.4205 -240 1938.785 217.6803 -240 1938.785 225.8537 -240 1940.41 215.2471 -211 1940.41 225.8537 -211 1940.41 215.2471 -240 1940.41 227.4795 -240 1942.843 213.6213 -211 1942.843 227.4795 -211 1942.843 213.6213 -240 1942.843 228.0504 -240 1945.713 213.0504 -211 1945.713 228.0504 -211 1945.713 213.0504 -240 1945.713 227.4795 -240 1948.584 213.6213 -211 1948.584 227.4795 -211 1948.584 213.6213 -240 1948.584 225.8537 -240 1951.017 215.2471 -211 1951.017 225.8537 -211 1951.017 215.2471 -240 1951.017 223.4205 -240 1952.643 217.6803 -211 1952.643 223.4205 -211 1952.643 217.6803 -240 1952.643 220.5504 -240 1953.213 220.5504 -211 1953.213 240.2843 -211 1954.648 237.4142 -211 1954.078 237.4142 -240 1954.078 234.544 -211 1954.648 240.2843 -240 1954.648 234.544 -240 1954.648 242.7175 -240 1956.274 232.1109 -211 1956.274 242.7175 -211 1956.274 232.1109 -240 1956.274 244.3432 -240 1958.707 230.4851 -211 1958.707 244.3432 -211 1958.707 230.4851 -240 1958.707 244.9142 -240 1961.578 229.9142 -211 1961.578 244.9142 -211 1961.578 229.9142 -240 1961.578 244.3432 -240 1964.447 230.4851 -211 1964.447 244.3432 -211 1964.447 230.4851 -240 1964.447 242.7175 -240 1966.881 232.1109 -211 1966.881 242.7175 -211 1966.881 232.1109 -240 1966.881 240.2843 -240 1968.507 234.544 -211 1968.507 240.2843 -211 1968.507 234.544 -240 1968.507 237.4142 -240 1969.078 237.4142 -211 1969.078 277.7039 -410.1 1130.543 280 -410.1 1131 280 -433 1131 282.2961 -410.1 1130.543 277.7039 -433 1130.543 282.2961 -433 1130.543 275.7574 -433 1129.243 284.2426 -410.1 1129.243 275.7574 -410.1 1129.243 284.2426 -433 1129.243 274.4567 -433 1127.296 285.5433 -410.1 1127.296 274.4567 -410.1 1127.296 285.5433 -433 1127.296 274 -433 1125 286 -410.1 1125 274 -410.1 1125 286 -433 1125 274.4567 -433 1122.704 285.5433 -410.1 1122.704 274.4567 -410.1 1122.704 285.5433 -433 1122.704 275.7574 -433 1120.757 284.2426 -410.1 1120.757 275.7574 -410.1 1120.757 284.2426 -433 1120.757 277.7039 -433 1119.457 282.2961 -410.1 1119.457 277.7039 -410.1 1119.457 282.2961 -433 1119.457 280 -433 1119 280 -410.1 1119 427.7039 -410.1 1130.543 430 -410.1 1131 430 -433 1131 432.2961 -410.1 1130.543 427.7039 -433 1130.543 432.2961 -433 1130.543 425.7574 -433 1129.243 434.2426 -410.1 1129.243 425.7574 -410.1 1129.243 434.2426 -433 1129.243 424.4567 -433 1127.296 435.5433 -410.1 1127.296 424.4567 -410.1 1127.296 435.5433 -433 1127.296 424 -433 1125 436 -410.1 1125 424 -410.1 1125 436 -433 1125 424.4567 -433 1122.704 435.5433 -410.1 1122.704 424.4567 -410.1 1122.704 435.5433 -433 1122.704 425.7574 -433 1120.757 434.2426 -410.1 1120.757 425.7574 -410.1 1120.757 434.2426 -433 1120.757 427.7039 -433 1119.457 432.2961 -410.1 1119.457 427.7039 -410.1 1119.457 432.2961 -433 1119.457 430 -433 1119 430 -410.1 1119 277.7039 -410.1 1280.543 280 -410.1 1281 280 -433 1281 282.2961 -410.1 1280.543 277.7039 -433 1280.543 282.2961 -433 1280.543 275.7574 -433 1279.243 284.2426 -410.1 1279.243 275.7574 -410.1 1279.243 284.2426 -433 1279.243 274.4567 -433 1277.296 285.5433 -410.1 1277.296 274.4567 -410.1 1277.296 285.5433 -433 1277.296 274 -433 1275 286 -410.1 1275 274 -410.1 1275 286 -433 1275 274.4567 -433 1272.704 285.5433 -410.1 1272.704 274.4567 -410.1 1272.704 285.5433 -433 1272.704 275.7574 -433 1270.757 284.2426 -410.1 1270.757 275.7574 -410.1 1270.757 284.2426 -433 1270.757 277.7039 -433 1269.457 282.2961 -410.1 1269.457 277.7039 -410.1 1269.457 282.2961 -433 1269.457 280 -433 1269 280 -410.1 1269 427.7039 -410.1 1280.543 430 -410.1 1281 430 -433 1281 432.2961 -410.1 1280.543 427.7039 -433 1280.543 432.2961 -433 1280.543 425.7574 -433 1279.243 434.2426 -410.1 1279.243 425.7574 -410.1 1279.243 434.2426 -433 1279.243 424.4567 -433 1277.296 435.5433 -410.1 1277.296 424.4567 -410.1 1277.296 435.5433 -433 1277.296 424 -433 1275 436 -410.1 1275 424 -410.1 1275 436 -433 1275 424.4567 -433 1272.704 435.5433 -410.1 1272.704 424.4567 -410.1 1272.704 435.5433 -433 1272.704 425.7574 -433 1270.757 434.2426 -410.1 1270.757 425.7574 -410.1 1270.757 434.2426 -433 1270.757 427.7039 -433 1269.457 432.2961 -410.1 1269.457 427.7039 -410.1 1269.457 432.2961 -433 1269.457 430 -433 1269 430 -410.1 1269 270.891 -268.8171 778.0558 271.2214 -259.25 779.9299 309.6289 -259.25 773.1576 270.891 -249.6829 778.0558 309.2985 -268.8171 771.2834 309.2985 -249.6829 771.2834 269.9499 -276.9277 772.7188 269.9499 -241.5723 772.7188 308.3574 -276.9277 765.9465 308.3574 -241.5723 765.9465 306.949 -282.347 757.9591 306.949 -236.153 757.9591 268.5415 -282.347 764.7314 268.5415 -236.153 764.7314 266.8802 -284.25 755.3097 266.8802 -234.25 755.3097 305.2877 -284.25 748.5374 305.2877 -234.25 748.5374 265.2189 -282.347 745.8879 265.2189 -236.153 745.8879 303.6264 -282.347 739.1157 303.6264 -236.153 739.1157 302.218 -276.9277 731.1283 302.218 -241.5723 731.1283 263.8105 -276.9277 737.9006 263.8105 -241.5723 737.9006 301.277 -268.8171 725.7913 262.8695 -249.6829 732.5636 262.8695 -268.8171 732.5636 301.277 -249.6829 725.7913 300.9465 -259.25 723.9172 262.539 -259.25 730.6895 308.3574 -276.9277 765.9465 309.2985 -268.8171 771.2834 309.6289 -259.25 773.1576 308.3574 -241.5723 765.9465 309.2985 -249.6829 771.2834 302.218 -276.9277 731.1283 302.218 -241.5723 731.1283 305.2877 -284.25 748.5374 305.2877 -234.25 748.5374 300.9465 -259.25 723.9172 306.949 -282.347 757.9591 303.6264 -282.347 739.1157 306.949 -236.153 757.9591 303.6264 -236.153 739.1157 301.277 -268.8171 725.7913 301.277 -249.6829 725.7913 270.891 -249.6829 778.0558 271.2214 -259.25 779.9299 269.9499 -241.5723 772.7188 269.9499 -276.9277 772.7188 270.891 -268.8171 778.0558 263.8105 -276.9277 737.9006 263.8105 -241.5723 737.9006 266.8802 -284.25 755.3097 262.539 -259.25 730.6895 266.8802 -234.25 755.3097 268.5415 -282.347 764.7314 265.2189 -282.347 745.8879 262.8695 -268.8171 732.5636 262.8695 -249.6829 732.5636 268.5415 -236.153 764.7314 265.2189 -236.153 745.8879 287.903 -250 1694.569 286 -250 1704.136 293.3223 -250 1686.459 293.3223 -250 1721.814 287.903 -250 1713.704 328.6777 -250 1721.814 311 -250 1729.136 328.6777 -250 1686.459 301.4329 -250 1727.233 320.5671 -250 1727.233 336 -250 1704.136 311 -250 1679.136 334.097 -250 1713.704 334.097 -250 1694.569 301.4329 -250 1681.039 320.5671 -250 1681.039 387.6989 -215 1707.278 389 -215 1707.536 389 -235 1707.536 390.3011 -215 1707.278 387.6989 -235 1707.278 390.3011 -235 1707.278 386.5958 -235 1706.541 391.4042 -215 1706.541 386.5958 -215 1706.541 391.4042 -235 1706.541 385.8588 -235 1705.437 392.1412 -215 1705.437 385.8588 -215 1705.437 392.1412 -235 1705.437 385.6 -235 1704.136 392.4 -215 1704.136 385.6 -215 1704.136 392.4 -235 1704.136 385.8588 -235 1702.835 392.1412 -215 1702.835 385.8588 -215 1702.835 392.1412 -235 1702.835 386.5958 -235 1701.732 391.4042 -215 1701.732 386.5958 -215 1701.732 391.4042 -235 1701.732 387.6989 -235 1700.995 390.3011 -215 1700.995 387.6989 -215 1700.995 390.3011 -235 1700.995 389 -235 1700.736 389 -215 1700.736 309.6989 -215 1707.278 311 -215 1707.536 311 -235 1707.536 312.3011 -215 1707.278 309.6989 -235 1707.278 312.3011 -235 1707.278 308.5958 -235 1706.541 313.4042 -215 1706.541 308.5958 -215 1706.541 313.4042 -235 1706.541 307.8588 -235 1705.437 314.1412 -215 1705.437 307.8588 -215 1705.437 314.1412 -235 1705.437 307.6 -235 1704.136 314.4 -215 1704.136 307.6 -215 1704.136 314.4 -235 1704.136 307.8588 -235 1702.835 314.1412 -215 1702.835 307.8588 -215 1702.835 314.1412 -235 1702.835 308.5958 -235 1701.732 313.4042 -215 1701.732 308.5958 -215 1701.732 313.4042 -235 1701.732 309.6989 -235 1700.995 312.3011 -215 1700.995 309.6989 -215 1700.995 312.3011 -235 1700.995 311 -235 1700.736 311 -215 1700.736 406.6777 -250 1686.459 398.5671 -250 1681.039 389 -250 1679.136 371.3223 -250 1686.459 379.4329 -250 1681.039 406.6777 -250 1721.814 414 -250 1704.136 371.3223 -250 1721.814 412.097 -250 1713.704 412.097 -250 1694.569 389 -250 1729.136 364 -250 1704.136 379.4329 -250 1727.233 398.5671 -250 1727.233 365.903 -250 1713.704 365.903 -250 1694.569 311 -212.9571 1704.136 311 -215 1707.536 309.6989 -215 1707.278 312.3011 -215 1707.278 308.5958 -215 1706.541 313.4042 -215 1706.541 307.8588 -215 1705.437 314.1412 -215 1705.437 307.6 -215 1704.136 314.4 -215 1704.136 307.8588 -215 1702.835 314.1412 -215 1702.835 308.5958 -215 1701.732 313.4042 -215 1701.732 309.6989 -215 1700.995 312.3011 -215 1700.995 311 -215 1700.736 389 -212.9571 1704.136 389 -215 1707.536 387.6989 -215 1707.278 390.3011 -215 1707.278 386.5958 -215 1706.541 391.4042 -215 1706.541 385.8588 -215 1705.437 392.1412 -215 1705.437 385.6 -215 1704.136 392.4 -215 1704.136 385.8588 -215 1702.835 392.1412 -215 1702.835 386.5958 -215 1701.732 391.4042 -215 1701.732 387.6989 -215 1700.995 390.3011 -215 1700.995 389 -215 1700.736 610.9151 -35.9114 630.3657 609.049 -45.4852 630.4701 603.6668 -53.6149 630.7711 603.5417 -18.2598 630.778 608.9813 -26.3511 630.4739 568.3668 -53.7402 632.7446 568.2417 -18.3851 632.7515 586.0427 -60.9998 631.7563 560.9934 -36.0886 633.1568 585.8658 -11.0002 631.7662 595.5881 -59.0629 631.2227 576.4839 -59.1307 632.2907 562.9272 -45.6489 633.0486 562.8596 -26.5148 633.0524 595.4246 -12.8693 631.2318 576.3204 -12.9371 632.2999 293.0373 -34.8194 921.5712 294.0219 -31.3493 912.5081 295.0749 -31.632 902.8147 291.8399 -50.414 932.5934 292.2711 -41.514 928.6241 297.1033 -61.586 884.1425 293.8683 -80.36801 913.9212 296.7591 -42.7191 887.3112 295.9059 -77.1806 895.1647 292.1841 -69.2809 929.4247 296.0361 -35.6246 893.9667 297.1339 -51.8355 883.8615 296.6721 -70.486 888.1117 294.9214 -80.6507 904.2278 291.8094 -60.1645 932.8745 292.9071 -76.3754 922.7692 350 10 575 311.7317 10 582.6121 279.2893 10 604.2893 420.7107 10 604.2893 388.2683 10 582.6121 279.2893 10 745.7107 420.7107 10 745.7107 250 10 675 350 10 775 450 10 675 257.6121 10 636.7316 257.6121 10 713.2684 311.7317 10 767.3879 388.2683 10 767.3879 442.3879 10 636.7316 442.3879 10 713.2684 275.7574 -410.1 1120.757 277.7039 -410.1 1119.457 280 -410.1 1119 284.2426 -410.1 1120.757 282.2961 -410.1 1119.457 275.7574 -410.1 1129.243 284.2426 -410.1 1129.243 274 -410.1 1125 286 -410.1 1125 280 -410.1 1131 274.4567 -410.1 1122.704 274.4567 -410.1 1127.296 285.5433 -410.1 1122.704 285.5433 -410.1 1127.296 277.7039 -410.1 1130.543 282.2961 -410.1 1130.543 275.7574 -410.1 1270.757 277.7039 -410.1 1269.457 280 -410.1 1269 284.2426 -410.1 1270.757 282.2961 -410.1 1269.457 275.7574 -410.1 1279.243 284.2426 -410.1 1279.243 274 -410.1 1275 286 -410.1 1275 280 -410.1 1281 274.4567 -410.1 1272.704 274.4567 -410.1 1277.296 285.5433 -410.1 1272.704 285.5433 -410.1 1277.296 277.7039 -410.1 1280.543 282.2961 -410.1 1280.543 425.7574 -410.1 1120.757 427.7039 -410.1 1119.457 430 -410.1 1119 434.2426 -410.1 1120.757 432.2961 -410.1 1119.457 425.7574 -410.1 1129.243 434.2426 -410.1 1129.243 424 -410.1 1125 436 -410.1 1125 430 -410.1 1131 424.4567 -410.1 1122.704 424.4567 -410.1 1127.296 435.5433 -410.1 1122.704 435.5433 -410.1 1127.296 427.7039 -410.1 1130.543 432.2961 -410.1 1130.543 425.7574 -410.1 1270.757 427.7039 -410.1 1269.457 430 -410.1 1269 434.2426 -410.1 1270.757 432.2961 -410.1 1269.457 425.7574 -410.1 1279.243 434.2426 -410.1 1279.243 424 -410.1 1275 436 -410.1 1275 430 -410.1 1281 424.4567 -410.1 1272.704 424.4567 -410.1 1277.296 435.5433 -410.1 1272.704 435.5433 -410.1 1277.296 427.7039 -410.1 1280.543 432.2961 -410.1 1280.543</float_array>
          <technique_common>
            <accessor source="#Mesh5_002-mesh-positions-array" count="4301" stride="3">
              <param name="X" type="float"/>
              <param name="Y" type="float"/>
              <param name="Z" type="float"/>
            </accessor>
          </technique_common>
        </source>
        <source id="Mesh5_002-mesh-normals">
          <float_array id="Mesh5_002-mesh-normals-array" count="10608">0 -1 0 -0.1932439 -0.9791729 -0.06226813 -0.04828816 -0.9933515 0.1045047 -0.2137982 -0.9747614 0.0642699 -0.3165065 -0.9430779 0.102117 -0.3005721 -0.9535298 -0.02091276 -0.3005715 -0.95353 -0.02091348 -0.334987 -0.941647 0.03293329 -0.3659819 -0.930113 0.03077363 -0.3152428 -0.9460595 0.0747891 -0.3679474 -0.9294941 -0.02560037 -0.3679678 -0.9294858 -0.02561318 -0.367938 -0.9294983 -0.02558833 -0.3679703 -0.9294846 -0.02562236 -0.3680366 -0.9294579 -0.02563405 -0.3678002 -0.9295547 -0.02551692 -0.3679206 -0.9295021 -0.02569842 -0.3681391 -0.9294222 -0.02546006 0 -1 -2.51321e-7 0 -1 2.21768e-7 0.1439416 -0.981893 0.1231542 0.1639783 -0.9818919 0.09486544 0.1640163 -0.9818837 0.09488564 0.4680467 -0.8411982 0.2707728 0.4108761 -0.8411918 0.3515354 0.410893 -0.8411728 0.3515613 0.4680917 -0.8411652 0.2707976 0.1439447 -0.9818922 0.1231573 0.119096 -0.9818906 0.1473327 0.3399561 -0.8411654 0.4205601 0.339933 -0.8411879 0.4205337 0.6184855 -0.580902 0.5291773 0.5116955 -0.5809139 0.6330142 0.6184965 -0.5808867 0.5291813 0.70458 -0.5808866 0.4076001 0.7046569 -0.5807579 0.4076507 0.7158048 -0.5816185 0.3864499 0.4596965 -0.8402585 0.2874798 0.1450057 -0.9801575 0.1351465 0.4400819 -0.8487334 0.2932229 0.2144868 -0.9450359 0.2467846 0.4748148 -0.7916852 0.3844286 0.5660477 -0.710817 0.4175276 0.7235704 -0.4282429 0.5413445 0.7691607 -0.4582226 0.445448 0.8524919 -0.2396223 0.4645847 0.7792713 -0.2857382 0.5577546 0.771398 -0.126636 0.6236253 0.8551145 -0.05201083 0.5158237 0.834132 -0.135651 0.5346239 0.7412009 0.2873746 0.6066607 0.8090301 0.1472768 0.5690168 0.6478899 0.5318893 0.5452821 0.6887932 0.5654303 0.4537099 0.2141718 -0.9439397 0.251214 0.5102537 0.7275493 0.4585992 0.1520935 0.933205 0.3255707 0.4539353 0.8170333 0.3555271 0.1325347 0.9778187 0.1621888 0.4368427 0.8368273 0.3299825 0.6870802 0.578372 0.4397805 0.2025663 -0.9462633 0.2520971 0.5394915 -0.7693598 0.3421029 0.816658 -0.2949647 0.4960501 0.5806968 -0.7241166 0.3720842 0.8279213 0.1498975 0.5404416 0.8527933 0.05201154 0.5196523 0.856856 -0.1912342 0.4787769 0.855042 0.189518 0.4826863 0.8465622 0.2394719 0.4753796 0.8381847 0.239196 0.4901345 0.841996 0.2190933 0.4929919 0.8617346 0.05336332 0.5045453 0.8619447 0.05210918 0.5043175 0.8644659 -0.05212044 0.4999822 0.86439 -0.0526154 0.5000618 0.7030501 0.5801221 0.4113137 0.4665317 0.8413406 0.2729366 0.1640851 0.9817868 0.09576523 0.8083528 0.3051711 0.5034248 0.7529494 0.4856957 0.4440349 0.1528304 0.9374378 0.3128149 -0.3053796 0.9338423 0.1862311 -0.1580847 0.9794791 0.1250193 -0.06374114 0.9883861 0.1379489 0 1 0 0.5315023 0.7492247 0.3951805 0.5214725 0.7595722 0.3887373 0.1986121 -0.9723905 0.1225159 0.2037123 -0.9718073 0.1187099 0.5720223 -0.8066919 0.1484545 0.5737609 -0.8055799 0.1477822 0.8324449 -0.5277895 0.1687424 0.7616728 -0.4913493 0.4224103 0.8285407 -0.5331959 0.1709457 -0.304945 0.9368999 0.1709598 -0.5003823 0.86326 0.06633162 -0.6432274 0.7640082 0.05049729 -0.5533044 0.8321241 -0.03773325 -0.6847922 0.6946399 -0.2203073 0.9615409 -0.205789 0.1819068 0.9608247 -0.208334 0.1827917 0.1821416 0.9329112 0.3106465 0.1770923 0.9720858 0.1539073 0.9610489 0.2060965 0.1841444 0.8277785 0.5320038 0.178199 0.8303879 0.5284308 0.1766833 0.5733771 0.8031013 0.1620714 0.9604753 0.2081153 0.1848655 0.2092396 0.9673327 0.1431303 0.5623549 0.8099758 0.1664218 -0.1600453 0.9787796 0.1279689 0.2086781 -0.9701987 0.1231591 0.4945542 -0.8100571 0.3149981 0.4614078 0.8450559 0.2701547 0.1567852 0.9833616 0.09175235 0.7058703 0.5753709 0.4131532 0 1 0 0.1375132 0.9833122 0.1191104 0.1384537 0.9830867 0.1198808 0.4042277 0.8450433 0.3500028 0.4041888 0.8450757 0.3499692 0.6183501 0.5753158 0.5354017 0.6183559 0.5753074 0.5354042 0.754834 0.05087995 0.6539395 0.7589099 -0.05160826 0.6491475 0.7587938 -0.05244153 0.6492164 0 1 -1.27235e-7 0 1 0 0.1135972 0.9832611 0.1424553 0.1140255 0.9831379 0.1429622 0.3333896 0.8450639 0.4179934 0.3333789 0.8450734 0.4179826 0.7329941 0.2447932 0.6346621 0.7385012 0.2101205 0.6406757 0.5100129 0.5753339 0.6394355 0.5100306 0.5752825 0.6394677 0.6031415 0.2537206 0.7562053 0.6072257 0.2227165 0.7626758 0.6220006 0.05283218 0.7812324 0.6225598 0.05111289 0.7809013 0.7542997 0.05312365 0.6543775 0.7378605 -0.2387819 0.6313044 0.6280884 -0.05179888 0.7764162 0.7378392 -0.2388919 0.6312876 0.6276568 -0.05598747 0.7764743 0.6104569 -0.2387812 0.7551993 0 1 0 0 1 0 0 1 2.57471e-7 0.08580344 0.9831886 0.1611769 0.08909499 0.981791 0.1677755 0.2514176 0.8450728 0.4718488 0.2536612 0.8418286 0.4764248 0.3825346 0.5809409 0.7184533 0.3845908 0.5752698 0.7219104 0.4561623 0.239307 0.8571161 0.4694322 0.0513916 0.8814718 0.475893 -0.04820019 0.8781814 0.4757428 -0.05209815 0.8780402 0.6104435 -0.2388648 0.7551837 0.511699 -0.5809037 0.6330207 0.3877711 -0.5808861 0.7156851 0.3878281 -0.580737 0.7157751 0.2575994 -0.8412026 0.4754167 0.2576032 -0.8411865 0.475443 0.1191043 -0.9818876 0.1473465 0.09025591 -0.9818897 0.1665731 0.09026104 -0.9818868 0.1665872 0.08096158 0.9818868 0.1712995 0.04368877 0.9960858 0.07683986 0.345121 0.5820351 0.7362926 0.4015935 0.2400147 0.8838074 0.4558508 0.2415427 0.8566547 0 1 0 0.002690136 0.9998663 -0.01613879 0.4691185 0.05212539 0.8815956 0.462613 -0.2387868 0.8537974 0.46258 -0.2390149 0.8537516 0.5232363 -0.2368931 0.8185997 0.4858533 -0.5253894 0.6985074 0.4771033 -0.5732706 0.6661331 0.3596478 -0.8494396 0.3861426 0.3713169 -0.8290066 0.4181771 0.1940593 -0.9804875 0.03138846 0.223435 -0.9688552 0.1067546 0.1547907 -0.9867342 -0.04894334 0.1364429 -0.9847819 -0.1076474 0.1238756 -0.9761678 -0.1781892 0.1287091 -0.9901469 -0.05516415 0.03713786 -0.9910932 -0.1278871 0 -1 -4.3699e-6 0 -1 -1.7977e-6 0.3323263 -0.919707 -0.2090414 0.2147167 -0.8840025 -0.4152547 0.1438031 -0.8094896 -0.5692515 0.1058725 -0.7132421 -0.6928758 0.3782158 -0.9142903 -0.1450047 0.3998336 -0.909428 -0.1143408 0.4599211 -0.8861231 0.05708521 0.5304074 -0.7749158 0.3437642 0.5715941 -0.6985299 0.430507 0.5216959 -0.144258 0.8408467 0.5219078 -0.05184322 0.8514251 0.6335057 -0.1476515 0.7595194 0.6288367 -0.1886415 0.7543069 0.6106579 -0.4581174 0.6459299 0.6106082 -0.4862993 0.6250366 0 -1 5.2752e-6 0.3095601 -0.911917 -0.2694066 0.2184802 -0.7930356 -0.5686485 0.1450064 -0.7051188 -0.6941043 0.00845164 0.9998224 -0.01684576 0.02781003 0.996871 0.0739932 0.2233197 0.8425979 0.4900583 0.1179322 0.9653203 0.2329137 0.02776724 0.9968725 0.07398772 0.02821594 0.9968597 0.07399159 0.4633767 -0.8830751 0.0738945 0 1 -2.86201e-7 0.3202568 -0.9082303 -0.2693577 0.03451883 0.9693139 0.2433908 0.04772108 0.99004 0.1324523 0.09285086 0.9418797 0.3228646 0.1489552 0.8787919 0.4533621 0.2358083 0.8657277 0.441486 0.3445302 0.6664681 0.66115 0.02793359 0.9968664 0.07400852 0.0279324 0.9968664 0.07400834 0.02793282 0.9968662 0.07401108 0.02792894 0.9968662 0.07401156 0.02812051 0.9968637 0.07397395 0.2135502 0.6897449 0.6918442 0.3683593 -0.9138063 -0.1710832 0.3550209 -0.9195083 -0.1687147 0.3477796 -0.9187929 -0.1867324 -5.83478e-4 0.9997437 -0.02263545 0.00437355 0.9996523 -0.02600359 0.3971513 -0.9148324 0.07316321 0.2257056 0.7858198 0.5757989 0.2336021 -0.8226203 -0.5183879 0.1483692 -0.8371863 -0.5264083 0.0653795 0.9843432 0.1636892 0.02425426 0.9980899 0.05682027 0.004918396 0.9987671 0.04939764 0.005150973 0.9987664 0.04938822 0.003674626 0.9987671 0.04950428 0.005678951 0.9987667 0.04932463 0.004671394 0.9987676 0.04941338 0.004923284 0.9987675 0.04938834 0.004964828 0.9987677 0.04938161 0.004944384 0.9987668 0.04940265 0.004943311 0.9987667 0.04940319 -0.01875871 0.9860913 0.165143 -0.01808172 0.9863803 0.1634839 0.319065 -0.8941619 -0.3141209 0.28604 -0.8643264 -0.4136677 0.427835 -0.5185968 0.7402801 0.5976539 0.2500097 0.7617776 0.5178535 0.01891249 0.8552603 0.5178496 0.01890432 0.8552629 0.5229261 0.05173414 0.8508067 0.3395316 0.2802456 0.8978757 0.3757507 0.3537644 0.8565409 0.01714599 0.9460552 0.3235518 0.1347052 -0.9785667 -0.1557623 0.1450291 -0.7052 -0.6940171 0.1356593 -0.8183221 -0.5585209 0.1355437 -0.979072 -0.1518091 0.3891699 -0.9076585 0.1571719 0.4274309 -0.7304387 0.5326932 0.0986303 -0.8115586 0.5758861 0.1041859 -0.8197565 0.5631561 0.1015353 -0.5558273 0.8250737 0.1018456 -0.9734291 0.2050933 0.1296254 -0.982806 0.1314904 0.1673846 -0.9302471 -0.3265316 0.4078449 -0.7736203 0.4849478 0.4202598 -0.2120403 0.8822816 0.005975306 0.9806405 0.1957259 0.1364279 0.3737931 0.9174237 0.05626195 0.561235 0.825742 0.03958714 0.8285931 0.5584501 0.08672577 0.2214332 0.9713116 0.02662253 0.8070169 0.5899279 0.2558566 -0.6656919 0.7009934 0.01570206 -0.464201 -0.8855907 0.007721364 -0.739704 -0.6728882 -0.2114803 -0.7485005 -0.6285088 0.01888173 -0.8620962 -0.5063928 -0.08553111 -0.5982556 -0.7967275 -0.03468036 -0.8498587 -0.5258685 -0.004044413 -0.9810344 -0.1937921 0.02319145 -0.8485193 -0.528656 -0.004452645 -0.9769157 -0.2135789 0.01673179 -0.9454382 -0.3253716 -0.0946291 -0.9451852 -0.3125223 -0.002254962 -0.9941482 -0.1080014 -0.002258598 -0.9941462 -0.1080199 -0.002237498 -0.9941475 -0.1080075 -0.002251327 -0.9941489 -0.1079954 -0.002252459 -0.9941444 -0.1080359 -0.002363264 -0.9941489 -0.107993 -0.002251327 -0.9941514 -0.1079726 -0.002026081 -0.9941524 -0.1079668 -0.03054052 -0.9937406 -0.1074572 -0.1588599 -0.8515088 -0.4996964 0 1 2.24789e-7 0 1 -2.25313e-7 0 1 3.3033e-7 0 1 -2.2242e-7 0 1 0 0 1 -3.53683e-7 0 1 3.27837e-7 0 1 0 0 1 3.37926e-7 0.8404691 -0.2391558 0.4862267 0.8405503 -0.2387821 0.4862699 0 0 1 -0.05573123 0.05233746 -0.9970732 -0.0557475 0.05233788 -0.9970723 -0.05572551 0.05234622 -0.997073 -0.05574417 0.05234396 -0.9970721 -0.05574589 0.05234718 -0.9970719 -0.05574876 0.0523253 -0.9970729 -0.05574947 0.05232954 -0.9970726 -0.05575478 0.05232 -0.9970727 -0.05573046 0.05232089 -0.9970741 -0.05575609 0.05233466 -0.9970719 -0.05573451 0.05233561 -0.9970731 -0.0557577 0.05233466 -0.9970719 -0.05574649 0.05233693 -0.9970723 -0.05574631 0.05232948 -0.9970728 -0.05573129 0.05233806 -0.9970731 -0.05574208 0.05234569 -0.9970722 -0.05574327 0.05233198 -0.9970728 -0.05574929 0.05232757 -0.9970726 0.09505826 -0.2210688 0.9706146 -0.05573117 -0.052338 -0.9970731 -0.05575108 -0.05233317 -0.9970723 -0.05576157 -0.05234587 -0.997071 -0.05575406 -0.05234211 -0.9970716 -0.05573439 -0.05234491 -0.9970726 -0.05573952 -0.05232888 -0.9970731 -0.05575436 -0.05233097 -0.9970722 -0.05576008 -0.05232757 -0.9970721 -0.05572849 -0.05232518 -0.997074 -0.05573642 -0.0523476 -0.9970723 -0.05574893 -0.05233651 -0.9970722 -0.05575227 -0.05233782 -0.997072 -0.05574101 -0.05233156 -0.9970729 -0.05576974 -0.05235266 -0.9970703 -0.0557419 -0.05233281 -0.9970728 -0.05574572 -0.05233722 -0.9970723 -0.05574893 -0.05234861 -0.9970716 -0.998497 0.005719542 -0.05450803 -0.9985563 0.002117574 -0.0536741 -0.9983632 -0.005771279 -0.05690145 -0.9637722 -0.002059042 -0.2667192 -0.9629491 0.002558827 -0.269671 -0.8844662 -0.002558469 -0.4665973 -0.8827168 0.003051221 -0.4698956 -0.7642604 -0.003037393 -0.6449006 -0.7614201 0.003539204 -0.6482492 -0.6087151 -0.003526568 -0.793381 -0.6046945 0.004023849 -0.7964474 -0.425019 -0.004007577 -0.9051756 -0.4198358 0.004505455 -0.9075889 -0.2216749 -0.004490077 -0.9751104 -0.2154412 0.004984438 -0.9765041 -0.008076548 -0.004968523 -0.9999551 -0.001028358 0.005458772 -0.9999846 -0.9927875 0.05233448 -0.1078617 -0.9927877 0.05233281 -0.1078615 -0.9927889 0.05232113 -0.1078559 -0.9927881 0.05234736 -0.1078499 -0.9927884 0.05234795 -0.107847 -0.9927896 0.05233287 -0.1078439 -0.9927884 0.05233824 -0.1078517 -0.992788 0.05234682 -0.1078509 -0.992788 0.05234235 -0.1078532 -0.9927891 0.05232656 -0.1078512 -0.9927889 0.05233448 -0.1078499 -0.9927887 0.05232763 -0.1078535 -0.9927884 0.05234074 -0.1078508 -0.9927884 0.05234211 -0.1078503 -0.9927881 0.05234384 -0.1078513 -0.992794 0.05229198 -0.107822 -0.9927902 0.05229908 -0.1078539 -0.9927856 0.05236732 -0.1078634 -0.9927884 0.05233871 -0.1078519 -0.9927906 0.05227589 -0.107861 -0.992787 -0.05234384 -0.1078622 -0.9927884 -0.05232644 -0.1078578 -0.9927903 -0.05233389 -0.1078367 -0.9927903 -0.05232161 -0.1078428 -0.9927889 -0.05233865 -0.1078465 -0.9927881 -0.0523386 -0.1078536 -0.9927887 -0.05232673 -0.1078546 -0.9927888 -0.05233567 -0.1078492 -0.9927883 -0.05233985 -0.1078519 -0.9927889 -0.0523405 -0.1078466 -0.9927896 -0.05232256 -0.1078488 -0.9927883 -0.05233663 -0.1078535 -0.9927868 -0.05235385 -0.1078588 -0.9927877 -0.05234026 -0.1078578 -0.9927889 -0.05232113 -0.1078559 -0.6060988 0.6988173 0.3798667 -0.6060987 0.6988173 0.3798667 -0.6060954 0.6988188 0.3798695 -0.606102 0.6988148 0.3798661 -0.4069064 0.8021121 0.4370853 -0.4722608 0.7989247 0.3724101 -0.3622297 0.8839223 0.295755 -0.3622283 0.8839229 0.2957551 -0.4651803 0.8598812 0.2102657 -0.2815042 0.9312355 0.2314215 -0.303594 0.9270662 0.2199527 -0.1960843 0.955026 0.2224325 -0.2306514 0.893909 0.3843522 -0.1215216 0.9230673 0.3649376 -0.0775057 0.9217112 0.3800546 -0.03823155 0.9344737 0.3539735 -0.2283785 0.8942452 0.3849272 -0.206801 0.9539052 0.2174819 0.03709554 0.937419 0.3462219 -0.06731045 0.9750409 0.211577 -0.06452721 0.9746276 0.2143304 0.097624 0.9738366 0.2052121 0.1140067 0.9170229 0.382193 0.1250656 0.918061 0.376195 -0.2045141 0.9721547 0.114409 -0.06857043 0.9908477 0.1162718 0.268548 0.8853644 0.3794889 0.2338386 0.8886421 0.394506 -0.0675227 0.9909737 0.1158102 0.1166283 0.9862443 0.117133 0.1229869 0.9858001 0.114335 0.119475 0.9670665 0.2247398 0.3833189 0.833099 0.3987641 0.37413 0.8356645 0.4021092 0.2250616 0.9500183 0.2163619 0.2644621 0.9370872 0.2278763 0.2681927 0.9566436 0.1136041 0.3069851 0.9255377 0.2216761 0.3592319 0.9041846 0.2310906 0.4845786 0.8512831 0.2012478 0.4094448 0.8645464 0.2914011 0.3917554 0.8896276 0.234714 0.4964113 0.7708001 0.3993034 0.6619369 0.6755254 0.3248154 0.6069983 0.708186 0.3605908 0.594213 0.6802864 0.4290937 0.2533247 0.9600796 0.1186334 0.7239049 0.5961589 0.3472122 0.723908 0.5961555 0.3472119 0.7239102 0.5961506 0.3472154 0.3256784 0.9389303 0.1111012 -0.2212889 0.9680584 0.1178734 -0.2845535 0.9522415 0.1107491 -0.2228056 0.9726685 0.06537365 -0.2173907 0.973797 0.06678849 -0.0698027 0.9952229 0.06825798 -0.06803452 0.9952979 0.06894445 0.1187431 0.9905514 0.06861585 0.1158393 0.9909728 0.06748539 0.2592913 0.9635674 0.06561917 0.2635774 0.9624736 0.06458812 -0.3437032 0.8482856 0.4028394 0.2387723 0.9709496 0.01564055 0.1180412 0.992913 0.01379525 0.1130873 0.9935148 0.01181226 -0.2045059 0.9787133 0.01725441 -0.2215989 0.9750591 0.01240396 -0.06641542 0.9977114 0.01269179 0.2578196 0.9661249 0.01148635 0.2248157 0.9736815 -0.03745025 -0.06937062 0.9974947 0.01385921 -0.0676257 0.9966583 -0.04581761 -0.006963014 0.9994937 -0.03104859 0.007606148 0.9995585 -0.02872389 0.02346366 0.9993221 -0.02836924 0.05700957 0.9978752 -0.03154462 0.05703419 0.9978737 -0.03154873 0.115064 0.9923596 -0.04452753 0.1154138 0.9923304 -0.04427158 -0.1997037 0.9792491 -0.03449088 -0.1816388 0.9829279 -0.02932924 -0.1816539 0.9829251 -0.0293318 -0.1816479 0.9829261 -0.02933156 -0.0775215 0.9962087 -0.03947937 -0.08485352 0.9944705 -0.06187468 -0.1809033 0.9827799 -0.03765225 -0.2027108 0.9786146 -0.03495568 -0.2567803 0.9645637 -0.06066864 -0.2037386 0.9773272 -0.05763846 -0.1782937 0.9816171 -0.06811219 -0.2037519 0.9773239 -0.05764681 0.1400883 0.9881373 -0.0629298 0.1143503 0.9819952 -0.1503639 0.07663953 0.9807301 -0.1797083 0.2761176 0.9424685 -0.1884469 0.254748 0.9542941 -0.1562896 0.2395767 0.9699769 -0.04180693 0.0591188 0.996655 -0.05642634 0.05712068 0.997016 -0.05192786 0.06314277 0.9957584 -0.06692141 -0.273406 0.9505884 -0.1470745 -0.1923955 0.9759929 -0.1020885 -0.2029857 0.975612 -0.08353465 -0.2030245 0.9756087 -0.08347898 -0.2029834 0.9756175 -0.08347594 -0.202983 0.9756225 -0.0834192 -0.203004 0.9756078 -0.08354103 -0.2030602 0.9756057 -0.08342665 -0.2029898 0.9756101 -0.08354753 -0.1280489 0.9849917 -0.1157365 0.01937729 0.9965197 -0.08107382 0.01301521 0.9957242 -0.09145563 0.0136581 0.9957628 -0.09093958 -0.2581967 0.9360715 -0.2389661 -0.06955391 0.9802085 -0.1853478 -0.05791014 0.9783642 -0.1986202 -0.0868085 0.9952136 -0.04487919 -0.08713406 0.9952126 -0.04426783 -0.06111395 0.9959983 -0.06521177 -0.01472669 0.9970268 -0.07563596 -0.01633685 0.9972323 -0.07253253 -0.002473235 0.9968016 -0.07987821 -0.001223564 0.9960315 -0.08899289 -0.008736968 0.996518 -0.08292055 0.001978337 0.9958556 -0.09092718 0.01142871 0.9962018 -0.08632165 0.004104375 0.9965711 -0.08263999 0.03099048 0.9922156 -0.120614 0 1 -2.6142e-7 0 1 2.60314e-7 0 1 -2.56333e-7 0 1 -2.53807e-7 0.2670506 0.8993813 -0.3461173 -0.2355104 0.9123901 -0.3347826 -0.4046374 0.8778985 -0.2560522 -0.3557136 0.8845009 -0.3018707 0 1 4.85828e-7 -0.1619748 0.9763299 -0.1433323 0 1 7.54519e-7 0 1 -2.37838e-7 0.3877822 0.8713204 -0.3007091 0.3877861 0.8713158 -0.3007173 0.4484326 0.8588507 -0.2475555 0.3080545 0.9426287 -0.1286608 -9.81108e-4 0.9999983 0.001624524 -0.00109595 0.9999994 -2.18038e-4 -1.96348e-4 0.9999755 -0.007018327 0 1 -2.65856e-7 0 1 -7.97849e-7 0 1 1.38939e-6 0 1 -5.2827e-7 0 1 -2.62743e-7 0 1 2.62372e-7 0 1 -2.49248e-7 0 1 5.03413e-7 0 1 -2.616e-7 0 1 5.32288e-7 0 1 -6.39008e-7 0 1 -6.61867e-7 0 1 2.13355e-6 0 1 -4.39893e-6 0 1 5.76852e-5 0 1 -8.25263e-6 0 1 -7.83392e-6 -0.8227417 -0.03544121 0.5673094 -0.6938954 -0.03457522 0.7192453 -0.8232191 -0.0331735 0.5667538 -0.6185497 -0.2034702 0.7589442 -0.7014155 0.03229165 0.7120208 -0.8783541 -0.03504097 0.4767246 -0.6178694 0.03520292 0.7854923 -0.6945616 -0.03228574 0.7187084 -0.7014369 0.03236919 0.7119962 -0.8818733 0.03457063 0.4702175 -0.3741013 0.04285818 0.926397 -0.3691532 -0.04031395 0.9284938 -0.8300114 0.03707981 0.5565125 -0.9791529 0.04093623 0.1989572 -0.3683108 0.0396077 0.9288586 -0.3668052 -0.03956687 0.9294561 -0.8285031 0.03223592 0.559056 -0.9799606 0.04003721 0.1951261 -0.9767822 -0.04043638 0.2103844 -0.9769681 -0.04202705 0.2092064 -0.7854815 -0.0349189 -0.6178994 -0.7873886 -0.03496414 -0.6154648 -0.9297893 -0.04544168 -0.3652767 -0.7783352 0.03489178 -0.6268787 -0.9315633 -0.03818655 -0.3615682 -0.7787556 0.03490364 -0.6263558 -0.9258833 0.04006481 -0.3756794 -0.7787677 0.03488701 -0.6263417 -0.9259899 0.04014277 -0.3754082 -0.778878 0.0349003 -0.6262038 -0.7787815 0.03490102 -0.6263237 -0.7788342 0.03489637 -0.6262585 -0.7788718 0.03490012 -0.6262115 -0.7788892 0.034967 -0.626186 -0.7789044 0.03489309 -0.6261713 -0.7787704 0.03497999 -0.6263331 -0.7789584 0.03481489 -0.6261085 -0.7789025 0.03488641 -0.626174 -0.7788687 0.03489738 -0.6262154 0.2011724 -0.04039788 0.9787225 0.2025246 -0.03996866 0.9784613 0.200886 0.04083794 0.9787631 0.204293 0.04269659 0.9779783 0.4755712 0.03501993 0.8789799 0 -1 -4.84529e-6 0 -1 2.45557e-6 -0.7855396 -0.03486108 -0.6178286 -0.7852967 -0.03491622 -0.6181343 0.778816 0.03486847 -0.6262826 0.778715 0.03486299 -0.6264085 0.7853506 -0.03488498 -0.6180677 0.778885 0.03490656 -0.6261947 0.7852381 -0.03493571 -0.6182077 0.778886 0.03495311 -0.6261909 0.7787619 0.03490275 -0.6263479 0.7789496 0.03488856 -0.6261154 0.7787849 0.03489887 -0.6263197 0.7788797 0.03490859 -0.6262012 0.7788748 0.03489762 -0.626208 0.7788794 0.03489112 -0.6262025 0.7787683 0.03488999 -0.6263407 0.778873 0.03490644 -0.6262096 0.7787554 0.03489923 -0.6263561 0.7788861 0.03489649 -0.6261938 0.777876 0.03492414 -0.6274468 0.778878 0.03487831 -0.626205 0.7873693 -0.0349633 -0.6154894 0.7788566 0.03495186 -0.6262274 0.9297895 -0.04543715 -0.3652768 0.7788982 0.03476625 -0.626186 0.9315632 -0.03816682 -0.3615706 -0.4734119 -0.03475826 0.8801552 -0.4736042 -0.03486311 0.8800476 -0.473599 -0.03489553 0.8800492 -0.4734548 -0.03487706 0.8801274 -0.4734641 -0.03492617 0.8801203 -0.4734677 -0.03491753 0.8801188 -0.4735572 -0.03492331 0.8800704 -0.4735391 -0.0349 0.8800812 -0.4729907 -0.03494405 0.8803743 -0.4735376 -0.03489816 0.880082 -0.4750967 0.03503102 0.8792361 -0.2052149 0.0426768 0.9777861 -0.2000739 0.0399158 0.9789674 -0.2016412 -0.04012978 0.978637 -0.2012424 -0.03998386 0.9787251 0 -1 -7.1821e-6 0 -1 1.00967e-6 0 1 -1.53991e-6 0 1 -7.63847e-7 0 1 1.40444e-6 0.4801783 0.03489023 0.8764767 0.4801766 0.03490984 0.8764769 0.4802394 0.03491103 0.8764425 0.4802334 0.03491687 0.8764455 0.4800942 0.03491848 0.8765218 0.4800044 0.03486669 0.876573 0.4801076 0.03489881 0.8765152 0.480141 0.03490138 0.8764968 -0.4801298 0.03490275 0.8765028 -0.4801003 0.03489667 0.8765192 -0.4802737 0.03510308 0.876416 -0.4801921 0.0348972 0.876469 -0.4799795 0.03490322 0.8765851 -0.4800946 0.03490197 0.8765222 -0.4801886 0.03490602 0.8764705 -0.4801791 0.03489142 0.8764763 -0.8630766 -0.04457479 0.5031023 -0.8649082 -0.04778546 0.4996501 -0.9954144 -0.02601873 0.09205096 -0.9984296 0.05602091 -1.46825e-4 -0.9743522 -0.06545829 -0.2152975 -0.8637738 0.03126388 -0.5029091 -0.8633372 0.03221178 -0.5035985 -0.6762 -0.06391191 -0.7339407 -0.4918873 0.04480332 -0.8695055 -0.4191765 -0.02281308 -0.9076181 -0.144858 -0.0432868 -0.9885051 -0.1250171 -0.03462725 -0.9915502 0.006253361 -0.03489941 -0.9993713 0.1380177 -0.03163874 -0.9899244 0.3300377 -0.1201424 -0.9362911 0.5074584 0.1703743 -0.8446647 0.6343038 -0.08166098 -0.768759 0.6624022 -0.3564016 -0.6589396 0.6809115 -0.01713335 -0.7321653 0.6367039 -0.1320463 -0.7597184 0.7703538 -0.1722735 -0.6139031 0.7662847 -0.1714648 -0.6191992 0.7636883 -0.1708148 -0.6225772 0.7626197 -0.1704539 -0.6239846 0.7620415 -0.1702756 -0.6247391 0.7615376 -0.1701067 -0.6253994 0.7509354 -0.1656481 -0.6392627 0.7500645 -0.1652703 -0.640382 0.7323528 -0.1498509 -0.664232 0.727083 -0.1536914 -0.6691257 0.6710323 -0.1760659 -0.7202197 0.5933017 -0.1645351 -0.7879857 0.6299399 -0.1501483 -0.7619917 0.7808465 -0.1046901 -0.6158886 0.7900927 -0.131096 -0.5988051 0.7531895 -0.02116131 -0.6574633 0.4501421 -0.2863711 -0.8457917 0.8411498 0.03347551 -0.5397652 0.8538324 0.226814 -0.4685357 0.9568005 -0.1530469 -0.2472035 0.9904841 0.1342511 -0.03029966 0.9565474 0.2905115 0.02490299 0.5889795 -0.1684554 -0.7903962 0.4748114 -0.1764867 -0.8622103 0.4387227 -0.1632476 -0.8836701 0.5487521 -0.003136575 -0.8359794 0.5463896 0.002379715 -0.8375278 0.4595931 0.2665752 -0.8471787 0.3989344 0.3663432 -0.8406212 0.7076531 0.427257 -0.5627422 0.6630609 0.1811727 -0.7263104 0.7068837 0.0369085 -0.7063662 0.826905 0.07246804 -0.5576527 0.8282172 0.04866474 -0.5582903 0.5009425 0.7337589 -0.4589712 0.564866 0.6943265 -0.4459117 0.8013762 0.561185 -0.2070456 0.3832192 0.9166933 -0.1132103 0.8700633 -0.006614148 -0.4928957 0.7924332 -0.08673179 -0.603761 0.2574185 0.1549494 -0.9537959 0.2216853 0.680387 -0.6985194 0.2907665 0.5035845 -0.8135462 0.09156948 0.8077304 -0.5823974 0.05386835 0.6405821 -0.7659979 -0.09322088 0.5759894 -0.8121244 0.1460298 0.2926325 -0.9450088 -0.1346159 0.8308981 -0.5398954 -0.2490794 0.5962735 -0.7631628 -0.417043 0.2876784 -0.8621579 0.09246373 0.393278 -0.9147585 -0.05824083 0.07633352 -0.99538 0.2195723 -0.1449981 -0.9647608 0.2165024 -0.1393561 -0.9662849 -0.2435899 0.7556166 -0.6080359 0.4189552 -0.08674061 -0.9038543 0.2853028 -0.1902296 -0.9393696 0.2839755 -0.2124598 -0.9349966 -0.01290643 0.8843212 -0.4667008 -0.06868398 0.9337948 -0.3511552 -0.07015019 0.9377115 -0.3402588 -0.03475302 0.909689 -0.4138336 -0.09770011 0.1295989 -0.9867416 -0.06468468 0.2889449 -0.9551581 -0.103109 0.5754618 -0.8113029 -0.1946872 0.5254794 -0.8282322 -0.02606362 0.7053988 -0.7083314 -0.04826968 0.2946503 -0.9543854 -0.3130565 0.2928716 -0.9034501 -0.2763918 -0.112671 -0.9544176 -0.1799313 -0.07401835 -0.9808904 -0.07214117 -0.08736234 -0.9935611 -0.09088414 -0.2730644 -0.9576931 0.06389915 -0.4618863 -0.8846344 -0.5386915 0.6091502 -0.5820202 -0.7065897 0.2375181 -0.6665704 0.01945638 -0.3956696 -0.9181868 0.141197 -0.4696749 -0.8714752 0.2010889 -0.5124071 -0.8348666 -0.1284721 0.8373819 -0.5313065 -0.3777232 0.8499382 -0.3673289 -0.3899677 0.8256464 -0.4077171 -0.6437322 0.2887137 -0.7086983 -0.2807543 -0.3276749 -0.9021121 -0.5350497 0.08946299 -0.8400704 -0.6972742 0.1044052 -0.7091603 -0.6429279 0.01665955 -0.7657455 -0.7572294 -0.01192992 -0.6530401 -0.01741445 0.9781002 -0.2074052 -0.130581 0.9829033 -0.1298069 -0.6755264 0.190771 -0.7122293 -0.03471791 0.9096903 -0.4138337 -0.6044217 0.5503413 -0.5760201 -0.6054001 0.5504499 -0.5748875 -0.7115696 0.1926108 -0.6756996 -0.7115659 0.1926198 -0.6757009 -0.4065812 0.8280268 -0.3860873 -0.5101101 -0.04215681 -0.8590753 -0.1310718 0.9814568 -0.1398674 -0.1406961 0.9801264 -0.1398457 -0.1432956 0.9802802 -0.1360781 -0.4065737 0.8280313 -0.3860858 -0.6054006 0.5504523 -0.5748847 -0.1432965 0.9802809 -0.1360714 0 1 -1.74583e-6 0 1 2.94288e-6 0 1 1.73944e-6 -0.09222298 0.9802805 -0.1747717 -0.09222286 0.9802796 -0.1747764 0 1 0 -0.711565 0.02921581 -0.7020127 -0.2616651 0.8280287 -0.495883 -0.2616651 0.8280259 -0.4958877 -0.3896144 0.5504636 -0.7383702 -0.4579434 0.1926153 -0.8678635 -0.3896187 0.5504513 -0.7383771 0 1 -1.64812e-6 -0.09378564 0.9802281 -0.1742331 -0.09294879 0.9883617 -0.1204228 -0.3044002 0.8428762 -0.4437347 0 1 2.09493e-7 0 1 -6.72975e-7 -0.6613384 0.01074808 -0.7500107 -0.7159713 9.41909e-7 -0.6981297 -0.7160016 0 -0.6980986 -0.7251445 0 -0.6885967 -0.3355611 0.8192509 -0.4650018 -0.06834477 -0.4386564 -0.8960523 -0.474697 0.5406873 -0.6944928 -0.4778322 0.5829516 -0.6571484 -0.5523077 0.1880502 -0.8121535 -0.7251428 0 -0.6885985 -0.4666833 0 -0.8844246 -0.5755476 0.2616409 -0.7747832 -0.4579478 0.1926086 -0.8678627 -0.571114 0 -0.8208709 -0.4666854 0 -0.8844235 -0.5710823 -4.01307e-5 -0.8208929 -0.3415969 0.8490301 -0.4030628 -0.3142705 0.9369644 -0.1527481 -0.06475961 0.9912658 -0.1148837 -0.6856161 0.5942192 -0.4205167 -0.6826362 0.6255056 -0.3778235 -0.9033645 0.2522595 -0.3468398 0 1 -6.83774e-7 0 1 0 0 1 2.55778e-6 0 1 4.95347e-6 0 1 -4.9533e-6 0 1 1.27876e-6 0 1 -8.22757e-7 0 1 2.30542e-6 -0.2319575 0.9497421 -0.2102039 -0.1366199 0.9524915 -0.2722041 -0.07043457 -0.504891 -0.8603047 0.3664212 0.01804113 -0.9302743 -0.06752574 -0.6220626 -0.7800503 -0.05886173 -0.6735178 -0.7368237 -0.1410838 -0.7727886 -0.6187837 -0.486115 -0.6345987 -0.6008136 -0.481981 -0.6350684 -0.603641 -0.6763659 -0.1908182 -0.7114195 -0.5283693 -0.3950675 -0.751497 -0.5709881 -0.5458209 -0.613231 -0.6054027 -0.5504431 -0.5748914 -0.6054037 -0.5504461 -0.5748874 -0.3896173 -0.5504461 -0.7383818 -0.3896195 -0.5504539 -0.7383747 -0.4746449 -0.5406907 -0.6945257 -0.3355159 -0.8192642 -0.465011 -0.3043839 -0.8428644 -0.4437682 -0.09317064 -0.9882979 -0.1207751 -0.1525834 -0.9799531 -0.1281028 -0.09618103 -0.9801408 -0.1734164 0 -1 3.57626e-7 0 -1 1.53746e-7 -0.09222233 -0.9802808 -0.1747703 -0.143296 -0.9802811 -0.1360708 -0.0922209 -0.9802808 -0.1747712 0 -1 0 0 -1 2.01533e-7 0 -1 1.39891e-7 0 -1 -2.06998e-5 -0.4724362 -0.848528 -0.2383365 -0.1680344 -0.9614874 -0.2175003 -0.2616617 -0.82803 -0.4958824 -0.4579461 -0.1926098 -0.8678635 -0.4579434 -0.1926161 -0.8678634 -0.5522694 -0.1880508 -0.8121794 -0.1432951 -0.9802805 -0.1360762 -0.4065722 -0.828031 -0.386088 -0.4777907 -0.5829504 -0.6571797 -0.5754998 -0.2616244 -0.7748243 -0.1406931 -0.9801269 -0.1398456 -0.02561175 -0.9519715 -0.3051137 -0.02562117 -0.951971 -0.3051145 -0.02254998 -0.952876 -0.3025209 -0.04851913 -0.8155739 -0.5766153 -0.05144011 -0.7867071 -0.6151796 -0.1082476 -0.991742 -0.06877774 -0.1668585 -0.8677245 -0.4682013 -0.3404141 -0.8629342 -0.3734473 -0.09321439 -0.9881098 -0.122271 -0.2897313 -0.3123663 -0.9047006 -0.4065732 -0.8280349 -0.3860785 -0.3664643 -0.8213343 -0.4371659 -0.7115674 -0.1926114 -0.6757017 -0.7115638 -0.1926193 -0.6757032 -0.2616615 -0.8280339 -0.4958763 -0.6757931 -0.5951367 -0.4348748 -0.663421 -0.682566 -0.3065555 -0.05635082 -0.7514652 -0.6573621 -0.90154 -0.2526285 -0.3512898 -0.8979393 -0.2797477 -0.3397739 -0.9501545 -0.2891775 -0.116546 -0.9178079 3.71959e-5 -0.3970249 -0.9178308 0 -0.3969719 -0.9902768 0 -0.1391108 -0.9572568 0.02008312 -0.2885413 -0.01325637 -0.9313026 -0.3640055 -0.07894504 -0.8658795 -0.4939843 -0.880523 -0.1306066 -0.4556547 -0.911206 0.3283011 -0.2488412 -0.8285678 0.3011988 -0.471969 -0.9237824 0.3709057 -0.09515851 -0.9336833 0.3580805 -0.003756761 -0.7959291 0.5559585 0.239598 -0.8555303 0.5147126 0.05602753 -0.8556435 0.5141488 0.0593754 -0.7605118 0.454702 0.4635385 -0.7490585 0.4059176 0.523586 -0.8577867 0.15478 0.4901483 -0.7974653 0.5140327 0.3159424 -0.7271489 0.4927528 0.4779636 -0.6440375 0.06866741 0.7619059 -0.6050684 0.080491 0.7920945 -0.6201404 0.3680048 0.6928192 -0.6391506 0.1406477 0.7561115 -0.6434981 0.1402158 0.7524958 -0.5556384 0.07905536 0.8276571 -0.5428894 7.1975e-5 0.8398042 -0.7639902 -0.03992855 0.6439913 -0.7849284 -0.04149192 0.6181957 -0.7420043 -0.05514276 0.6681234 -0.8272012 -0.09989982 0.5529541 -0.7566554 0.4644199 0.4602031 -0.8591907 -0.09230136 0.5032613 -0.871864 -0.1037512 0.4786322 -0.6375288 0.7439885 -0.2000954 -0.9044916 -0.0790922 0.4190937 -0.9055778 -0.08175867 0.4162265 -0.9264208 -0.1076954 0.360758 -0.9504908 -0.008179306 0.3106454 -0.9521912 -0.108956 0.2854127 -0.8882949 -0.1577602 0.431328 -0.9344723 -0.2226526 0.2778263 -0.8892679 -0.1653367 0.426458 -0.8491686 -0.272975 0.4521032 -0.8844584 -0.2370449 0.4019244 -0.8967903 -0.3495917 0.2712067 -0.8308599 -0.1144406 0.5445872 -0.5614126 -0.01286542 0.827436 -0.9407122 -0.2140985 0.2631019 -0.9475328 -0.270371 0.1705319 -0.9594199 -0.1954118 0.2032926 -0.9717474 -0.1348066 0.1937377 -0.9717435 -0.134822 0.1937465 -0.9717441 -0.1348221 0.1937435 -0.9665498 -0.1348344 0.2181774 -0.9527391 -0.1106442 0.2829242 -0.952235 -0.1089296 0.2852772 -0.9527299 -0.06647408 0.2964577 -0.971416 -0.07002466 0.2268207 -0.9060385 -0.3461179 0.2435092 -0.7367426 -0.03443026 0.6752961 -0.7414919 -0.03111284 0.6702401 -0.7304348 -0.0370174 0.6819785 -0.7304211 -0.03640991 0.682026 -0.7304157 -0.03642177 0.6820311 -0.9625377 -0.1977851 0.1854788 -0.9625411 -0.1977889 0.1854575 -0.8988618 -0.4165311 0.1361958 -0.9063161 -0.4030591 0.1270222 -0.9013192 -0.4200196 0.105865 -0.9727562 -0.1901004 0.1326922 -0.972105 -0.1921843 0.1344505 -0.96254 -0.1977857 0.1854656 -0.01037561 -0.9922833 -0.1235568 0.2641133 -0.1785549 -0.9478198 0.08249813 -0.1684854 -0.9822459 0.2490546 -0.2897987 -0.9241151 0.2510477 -0.5522746 -0.7949641 0.1964768 -0.5935642 -0.7804348 0.1192869 -0.5788394 -0.8066695 0.08941566 -0.5686279 -0.8177207 0.1006353 -0.3780214 -0.9203111 0.07250714 -0.3352439 -0.9393371 -0.9727865 -0.1884344 0.1348291 0.07582563 -0.1710948 -0.9823325 -0.06273806 -0.1747683 -0.9826089 -0.1038786 -0.1631861 -0.9811114 -0.04337304 -0.3358128 -0.9409297 -0.9727872 -0.1884348 0.1348246 0.05588364 -0.6281182 -0.7761086 0.0630235 -0.6172586 -0.7842321 0.04359555 -0.6133803 -0.7885836 -0.01144772 -0.5932366 -0.8049468 -0.06675827 -0.5619983 -0.82444 -0.9727904 -0.1884247 0.1348153 -0.972791 -0.1884324 0.1347998 -0.9727867 -0.1884254 0.13484 0.05912983 -0.6687277 -0.7411525 0.06245714 -0.7209677 -0.6901484 0.05243819 -0.8011417 -0.596173 0.05076813 -0.8046699 -0.591548 0.01008254 -0.7986695 -0.6016854 0.04337525 -0.9099461 -0.4124521 -0.02484029 -0.897875 -0.4395493 0.08060479 -0.8745917 -0.4781132 0.05844771 -0.937563 -0.3428699 -0.03332483 -0.9757114 -0.2165103 -0.01454609 -0.9761505 -0.2166076 -0.01534843 -0.9177569 -0.3968461 0.03544217 -0.8817141 -0.4704511 -0.0107153 -0.728451 -0.6850141 -0.01941853 -0.9827718 -0.183801 0.06840902 -0.9412129 -0.330815 -0.05009835 -0.8883511 -0.4564236 0.1177336 -0.9728831 0.1990914 -0.07488483 -0.9834025 -0.1652631 -0.0578497 -0.9806052 -0.1872619 -0.06557637 -0.9767976 -0.2038778 -0.01764672 -0.9775061 -0.210168 -0.07278698 -0.5680229 -0.8197879 -0.0662893 -0.5678941 -0.820428 -0.06054002 -0.3119407 -0.9481708 -0.2599691 -0.1911867 -0.9465008 -0.2780375 -0.1813861 -0.9432891 -0.4502714 -0.1666672 -0.8771989 -0.5089265 -0.2080112 -0.8352995 -0.510045 -0.2162829 -0.8325119 -0.5049073 -0.2550227 -0.8246407 -0.4796451 -0.2984899 -0.8251329 -0.3355438 -0.3564344 -0.8719891 -0.2567812 -0.2445209 -0.9350257 -0.2115604 -0.3111883 -0.926501 -0.1595399 -0.5647851 -0.8096697 -0.1398344 -0.5677543 -0.8112345 -0.1040542 -0.5682215 -0.8162702 -0.1820579 -0.6136067 -0.7683371 -0.1960412 -0.63746 -0.745126 -0.1611995 -0.7098192 -0.6856905 -0.1295992 -0.8064374 -0.5769426 -0.1539077 -0.8774099 -0.4543835 -0.1807195 -0.8645759 -0.4688804 -0.2753574 -0.6365601 -0.7203955 -0.1250798 -0.9034355 -0.4100725 -0.0372861 -0.9813215 -0.188727 -0.05355399 -0.9771916 -0.2054958 -0.08057856 -0.9847263 -0.1543416 -0.05489271 -0.9888237 -0.1386166 -0.1862578 -0.9420198 -0.2791179 -0.2551298 -0.8759974 -0.4093134 -0.2501636 -0.8648125 -0.4353362 -0.3863346 -0.630801 -0.6729307 -0.2780419 -0.634184 -0.7214592 -0.2790877 -0.8654085 -0.4161471 -0.3836367 -0.803303 -0.4555518 -0.005573153 -0.9995951 -0.02790379 -0.005509018 -0.9995973 -0.02783888 -4.02144e-4 -0.9999884 -0.004795014 -0.002255022 -0.9997782 -0.02094274 -0.001955509 -0.999727 -0.02328801 -0.004734516 -0.9981063 -0.06133162 -0.00587213 -0.9977472 -0.06682986 -0.008262097 -0.9948337 -0.1011824 -0.009032666 -0.9944499 -0.1048234 -0.01094532 -0.9911389 -0.132378 -0.01149296 -0.9907858 -0.1349496 -0.01270943 -0.9882327 -0.1524299 -0.01298922 -0.9880275 -0.1537306 -0.972779 -0.1884474 0.1348658 -0.9727875 -0.1884347 0.1348214 -0.979072 -0.1833513 0.08831942 -0.4486142 -0.6328887 -0.6310287 -0.3877018 -0.6346479 -0.668513 -0.5227141 -0.5685854 -0.6352013 -0.9793444 -0.1823262 0.0874179 -0.9794063 -0.1815021 0.08843231 -0.5592204 -0.3222042 -0.7638436 -0.9134616 -0.3974114 0.08747613 -0.9794064 -0.181503 0.08842968 -0.9794068 -0.1815009 0.08842939 -0.9829646 -0.1773449 0.04826408 -0.9101115 -0.4081496 0.07149279 -0.9209333 -0.3861511 0.05262327 -0.9188136 -0.3924115 0.04236507 -0.9831824 -0.1763761 0.04737073 -0.9832788 -0.1755865 0.04829484 -0.9832792 -0.1755828 0.04829865 -0.983278 -0.1755901 0.04829651 -0.9785969 -0.1734051 0.1108103 -0.9847818 -0.1737701 -0.002994716 -0.983279 -0.1755868 0.04828816 -0.9850734 -0.1718859 0.009262442 -0.9301718 -0.3665404 0.02070033 -0.9286312 -0.3707646 0.01333409 -0.9852816 -0.1707446 0.008157372 -0.985436 -0.1697979 0.00920993 -0.9854362 -0.1697958 0.009210884 -0.9854359 -0.169798 0.009202897 -0.9849678 -0.1686442 0.03738677 -0.9857077 -0.1680911 -0.01121479 -0.9854397 -0.1657221 -0.03801167 -0.9414474 -0.3369458 -0.01201391 -0.9349721 -0.3524768 -0.03984135 -0.9576523 -0.2864563 -0.0290696 -0.985467 -0.1655094 -0.0382291 -0.985505 -0.1653274 -0.03803819 -0.9855045 -0.1653297 -0.03804284 -0.9859337 -0.1641901 -0.03124737 -0.984346 -0.1630594 -0.06689292 -0.9818032 -0.1601051 -0.1021218 -0.9806674 -0.165528 -0.1043642 -0.9423364 -0.3226501 -0.08887642 -0.976157 -0.1633031 -0.1430025 -0.9788738 -0.1651675 -0.1205232 -0.9788737 -0.1651683 -0.1205235 -0.9256126 0.3297294 -0.1857951 -0.9320036 0.3244091 -0.1616419 -0.964145 0.2139992 -0.1569361 -0.9856631 0.1434463 -0.0888344 -0.9385387 0.1515278 -0.3101362 -0.9670012 0.189101 -0.1707325 -0.9675832 0.1862175 -0.1706041 -0.9758254 0.07277071 -0.2060807 -0.9583181 0.1800857 -0.2218009 -0.924673 0.3491741 -0.1518473 -0.9459241 0.3125997 -0.08665543 -0.935449 0.3467413 -0.0685997 -0.9729807 0.09154713 -0.211962 -0.9851861 0.1515785 -0.0802015 -0.9856628 0.1434478 -0.0888338 -0.9797337 0.1755419 -0.09647303 -0.9960198 -0.01996713 -0.08686703 -0.9827921 0.1825565 -0.02815473 -0.9827977 0.1824957 -0.02835696 -0.9625062 -0.2559163 -0.08993798 -0.9586362 -0.265629 -0.1022634 -0.9488013 0.3142586 -0.03190296 -0.9361202 0.351646 -0.004901647 -0.8897237 0.4284276 -0.1576126 -0.9827851 0.1825588 -0.02838993 -0.9976398 -0.06680774 -0.01586341 -0.9976398 -0.06680798 -0.01586234 -0.9824595 0.1858055 0.01580017 -0.9757801 0.2153686 0.03833585 -0.9586354 -0.2656319 -0.1022642 -0.9511291 0.3066119 0.03664296 -0.9797391 -0.1593035 0.1213828 -0.9420917 -0.1529339 0.2984534 -0.9534363 -0.07234907 0.2927884 -0.9417181 0.2458008 0.2296717 -0.979942 -0.1647659 0.1120977 -0.9408044 -0.1544746 0.3017033 -0.842384 -0.1387547 0.5207076 -0.8744533 -0.1147305 0.4713475 -0.8461222 -0.1025643 0.5230277 -0.953314 0.2996258 0.03764432 -0.9383444 0.3419857 0.05055481 -0.7502802 -0.161556 0.6410766 -0.6408098 -0.08729499 0.7627204 -0.6329801 -0.09808599 0.7679293 -0.4535112 -0.1537936 0.8778811 -0.4254308 -0.08786165 0.9007158 -0.4035739 -0.05973345 0.9129952 -0.3952102 -0.08708173 0.9144538 -0.2834547 -0.1249214 0.9508144 -0.1362275 -0.06005418 0.9888557 -0.1413294 0.3202188 0.9367423 0.1024965 0.3379393 0.9355702 -0.267241 0.4310446 0.8618485 -0.4101518 0.3099284 0.8577412 0.1415075 0.3073164 0.9410272 0.3750905 0.3419947 0.8615955 0.3576962 0.1083542 0.9275305 0.5671044 0.2479611 0.7854349 0.6434979 -0.1471665 0.7511675 0.732486 0.3135081 0.6042988 0.8638648 -0.1644381 0.4761281 0.8931578 0.1723214 0.4154209 0.893161 0.172293 0.415426 0.8931529 0.1723043 0.4154385 0.9772338 0.07515698 0.1984078 0.9616399 0.2102344 0.1762108 0.4101486 0.310101 0.8576803 0.395206 -0.08708208 0.9144555 0.7230267 -0.08472967 0.6856044 0.4111142 -0.05509936 0.9099172 0.4563999 -0.1554415 0.8760919 0.6404051 -0.09267312 0.7624257 0.6404828 -0.09266859 0.7623612 0.6403775 -0.09267705 0.7624484 0.6403955 -0.09266549 0.7624348 0.6378183 -0.08958035 0.7649596 0.6406676 -0.08830648 0.7627235 0.7517268 -0.1615313 0.6393861 0.8460909 -0.1021228 0.5231645 0.8674971 -0.1431772 0.4763919 0.9413672 -0.1541063 0.3001316 0.9420219 -0.1533154 0.2984784 0.979806 -0.1589409 0.1213184 0.9800296 -0.1647833 0.1113042 0.9534418 -0.07230865 0.2927804 0.2881574 -0.1240946 0.9495083 0.1361452 -0.06195384 0.9887499 0.1015387 -0.0970391 0.9900876 -0.09567403 -0.1001774 0.990359 -0.985663 0.1434499 -0.08882898 -0.9788338 0.1998214 0.04422509 -0.9955628 0.07845568 0.05195599 -0.9845389 0.136983 0.1091738 -0.9724199 0.2059624 0.1094492 -0.973156 0.201456 0.1112793 -0.9245229 0.3643764 0.1117469 -0.9206165 0.3758351 0.1058937 -0.9104371 0.37877 0.1662461 -0.9913156 0.01672357 0.1304368 -0.9757521 0.1350215 0.1722707 -0.964095 0.2016887 0.1727499 -0.9635158 0.2057179 0.1712234 -0.9740185 0.08540523 0.2097476 -0.966212 0.1090872 0.2335264 -0.9630857 0.1282636 0.2366739 -0.9630876 0.1282471 0.2366749 -0.9630879 0.1282441 0.2366753 -0.9630805 0.1283168 0.236666 -0.9630935 0.1281863 0.2366842 -0.9630915 0.1282021 0.2366832 -0.9630733 0.1284016 0.2366498 -0.95378 0.2000262 0.2242621 -0.9252244 0.2829993 0.2527278 -0.9048318 0.3589424 0.2289974 -0.9150919 0.364709 0.1720291 -0.9659772 0.05821281 0.2519912 -0.9626132 0.06354302 0.2633215 -0.9604533 0.06480467 0.2707949 -0.958366 0.07773703 0.2747576 -0.9558171 0.1064105 0.2740266 -0.9558207 0.1063826 0.2740246 -0.9559116 0.1058129 0.2739284 -0.9558596 0.1064379 0.2738676 -0.9558414 0.07943397 0.2829446 -0.9582698 0.04031795 0.283008 -0.9627135 0.02918547 0.2689444 -0.9611662 0.01296794 0.2756658 -0.9812429 0.0499432 0.1861936 -0.981243 0.04994308 0.1861936 -0.9812415 0.04994279 0.1862012 -0.9812397 0.04995161 0.1862081 -0.9812442 0.04993408 0.1861894 -0.9812511 0.04992061 0.1861566 -0.9812293 0.04996997 0.1862581 -0.9813583 0.04976874 0.1856313 -0.9957054 0.004405975 0.09247356 -0.9249776 0.2745481 0.2627543 -0.9979914 0.06208682 -0.01259219 -0.9827747 0.003976166 -0.1847651 -0.9824318 0.07204926 -0.1721531 -0.9824467 0.07172793 -0.1722021 -0.982439 0.07187372 -0.1721854 -0.9824411 0.07185232 -0.1721819 -0.9824423 0.07184112 -0.1721806 -0.9824426 0.07183492 -0.1721812 -0.9889984 -0.03007739 -0.1448361 -0.9642721 0.05162346 -0.2598355 -0.9223097 0.01817566 -0.3860242 -0.9010939 -0.01016664 -0.4335049 -0.8699187 0.03813815 -0.4917185 -0.7971774 0.02833926 -0.6030797 -0.7206849 -0.0314182 -0.6925505 -0.7484394 0.0158931 -0.6630127 -0.6222942 0.0333684 -0.7820719 -0.5263687 -0.02250087 -0.8499586 -0.5407106 -0.005848824 -0.8411883 -0.4086863 0.03530913 -0.9119917 -0.2985737 -0.01700311 -0.9542352 -0.2947602 -0.02024954 -0.9553567 -0.1440249 0.0488789 -0.9883661 -0.1440232 0.04887938 -0.9883664 -0.02889055 -0.02542716 -0.9992591 0.09059625 0.04929298 -0.9946671 0.09060055 0.04928803 -0.9946669 0.2392755 -0.02029639 -0.9707396 0.320223 0.0478903 -0.9461309 0.434786 0.01271498 -0.9004441 0.4919214 -0.009081602 -0.8705924 0.5373846 0.04073679 -0.8423529 0.6447848 0.02584528 -0.7639271 0.7098377 -0.001141607 -0.7043644 0.7299822 0.02715593 -0.6829265 0.813987 0.03542375 -0.579802 0.8770506 0.002806782 -0.48039 0.9247575 -0.133265 -0.3564603 0.8331348 0.1613449 -0.5290126 0.962328 -0.1167405 -0.2455536 0.9496195 -0.01958936 -0.3127923 0.9954166 0.0695737 -0.06561559 0.8866222 0.07100695 -0.4570112 0.9990305 0.04402327 4.80349e-4 0.9986015 0.02636903 0.04582273 0.9906963 0.05772125 0.1232443 0.9906968 0.05771982 0.123241 0.9906951 0.05771774 0.1232562 0.990696 0.05772233 0.1232466 0.9906966 0.05771732 0.1232436 0.9770284 0.03130245 0.2107976 0.9750833 0.1049093 0.1954649 0.9596177 0.1989307 0.1988984 0.9915398 0.02254861 0.1278299 0.9379301 0.3400608 -0.06816124 0.9737458 0.09257978 0.2079618 0.9666514 0.1725291 0.1892588 0.9974232 -0.05995392 0.03940498 0.9210487 0.2998792 -0.2484791 0.9581922 -0.1931455 -0.2110988 0.9024854 0.0509153 -0.4277005 0.9024863 0.05090892 -0.4276994 0.9024859 0.05088841 -0.4277027 0.9587718 0.2261655 -0.1720637 0.8726489 0.471835 0.1259194 0.9286797 0.3699488 0.02630674 0.9385393 0.3449297 -0.01294314 0.9207659 0.3600746 0.1501212 0.9619745 0.1997396 0.1863046 0.9596865 0.2149984 0.1810458 0.9072318 0.3784455 0.183602 0.9163851 0.358942 0.1771978 0.8922554 0.4242763 0.1544997 0.953569 0.2282348 0.1965075 0.9888905 0.06188464 0.1351521 0.9661078 0.2297616 0.1176663 0.9654887 0.2332241 0.1159237 0.922981 0.3672514 0.1150323 0.9220888 0.3697593 0.1141506 0.9732838 0.206214 0.1009678 0.9971789 -0.005370616 0.07486879 0.997179 -0.005360186 0.07486879 0.9772583 0.2047998 0.05498659 0.9781312 0.1992917 0.05951684 0.9264878 0.3721755 0.05573171 0.9293052 0.3644996 0.05943113 0.979816 0.1929402 0.05229425 0.9956347 -0.09189039 0.01636326 0.9818729 0.1890808 -0.01319634 0.9859409 0.1663418 0.01584196 0.9441462 0.3293554 0.01064163 0.9311038 0.364483 -0.01406478 0.9850034 0.1714546 0.01928526 0.9808403 0.1886184 0.04874056 0.97425 -0.2250093 0.01441699 0.9828668 0.1834567 -0.0177887 0.9807667 0.1908301 -0.04099851 0.9487277 0.3126999 -0.04620248 0.9256486 0.3617952 -0.1108103 0.9895026 0.1272119 -0.06857132 0.9895025 0.1272121 -0.06857079 0.979836 0.16295 -0.1156231 0.9634253 0.2587034 -0.0698868 0.9716233 0.1716066 -0.1627867 0.971623 0.1716042 -0.162791 0.9602764 0.1909331 -0.2035037 0.9646213 0.1753318 -0.1968873 0.9754948 0.09047269 -0.2005609 0.9435472 0.3084244 -0.1208021 0.997903 -0.02307659 -0.06047534 0.9372244 0.326018 -0.1237855 0.9298895 0.3266389 -0.1691522 0.95056 0.3087089 0.03368407 0.9510906 0.306735 0.03661161 0.9416853 0.2459516 0.229645 0.9800645 -0.1692036 -0.1041333 0.9831796 -0.1707423 -0.06484597 0.9804712 -0.1654014 -0.1063891 0.950713 -0.298359 -0.08442002 0.9557778 -0.289146 -0.05369818 0.9819462 -0.1769289 -0.06691706 0.9840903 -0.1774947 0.007866978 0.9819134 -0.188847 0.01353091 0.9307925 -0.3612982 -0.05557876 0.979985 -0.1875405 0.0667687 0.9384642 -0.3449606 0.01695168 0.9113692 -0.4115891 9.13058e-4 0.9141579 -0.4009485 0.05962836 0.9777672 -0.2006471 0.06092679 0.9752628 -0.19897 0.09629988 0.9722535 -0.2108761 0.1012645 0.8910281 -0.4523618 0.03791898 0.8917109 -0.4476544 0.06676191 0.9700926 -0.2094615 0.1226631 0.877295 -0.473411 0.07896542 0.8773304 -0.4718778 0.08730864 0.8750533 -0.4758379 0.08865684 0.9685285 -0.2195895 0.1171893 0.9674519 -0.218844 0.1270601 0.8751565 -0.474594 0.09413683 0.8877828 -0.4512684 0.09054636 0.9667462 -0.2234537 0.1243799 0.9692493 -0.2252986 0.09897685 0.9848831 -0.1473657 0.09104239 0.8851143 -0.4608734 0.06456291 0.9499804 -0.3045604 0.06913918 0.9499793 -0.3045638 0.06913942 0.3635785 0.321948 -0.8741626 0.1222223 -0.9772632 -0.1732586 0.122238 -0.9772506 -0.1733177 0.1221987 -0.977263 -0.1732757 0.1222103 -0.9772579 -0.1732969 0.1189371 -0.9761937 -0.1813834 0.1421285 -0.9721461 -0.1863642 0.2007408 -0.9643858 -0.1722308 0.2229037 -0.9658946 -0.1317632 0.2320696 -0.9631435 -0.1360081 0.161215 -0.9752006 -0.1516366 0.2244367 -0.9656896 -0.1306589 0.2052882 -0.9717522 -0.1164232 0.1905922 -0.9747777 -0.1161168 0.16173 -0.9801135 -0.1149824 0.1412529 -0.9834304 -0.1136323 0.1069831 -0.9881221 -0.110315 0.07080435 -0.990212 -0.1202788 0.229322 -0.9561299 -0.1822832 0.2906707 -0.9415933 -0.1700378 0.07080936 -0.9902117 -0.1202786 0.308318 -0.9357135 -0.1714067 -0.01056444 -0.9937611 -0.1110287 -0.05078482 -0.9913699 -0.1208587 0.1285007 -0.9748255 -0.1822168 0.1285076 -0.9748244 -0.182217 0.04812777 -0.9801965 -0.19209 -0.05077987 -0.9913701 -0.1208587 0.2783122 -0.951726 -0.1294609 0.05415791 -0.9794276 -0.1943931 0 -1 -2.47843e-6 -0.02583169 -0.9812763 -0.190865 -0.04416924 -0.9794385 -0.1968486 -0.1226049 -0.9863215 -0.1101725 0 -1 1.37734e-6 -0.1279672 -0.985746 -0.1092207 -0.1445335 -0.9830406 -0.1128774 -0.1707653 -0.9782336 -0.1178913 0 -1 1.59581e-5 0 -1 -4.20018e-5 0 -1 6.51784e-6 0 -1 -3.9894e-6 0 -1 2.94944e-5 0 -1 -4.20033e-5 -0.1957497 -0.9730212 -0.1221148 -0.1713491 -0.9752614 -0.1396595 -0.151737 -0.9762463 -0.1546579 -0.1424281 -0.971678 -0.1885632 -0.1328741 -0.9726584 -0.1904737 -0.1794659 -0.9761072 -0.1225019 -0.216101 -0.9678886 -0.1284211 -0.2293637 -0.9611408 -0.1536249 -0.2140502 -0.9602403 -0.1792235 -0.1042818 -0.9767256 -0.1874369 0.2458636 -0.9662299 -0.07714205 0.2450371 -0.9667651 -0.07295358 0.2103682 -0.9752155 -0.06855762 0.1890813 -0.9796546 -0.06726902 0.1890937 -0.9796522 -0.06726884 0.1890563 -0.9796594 -0.06726986 0.1695579 -0.9831898 -0.06773585 0.1694281 -0.9832109 -0.06775337 0.1694277 -0.9832116 -0.06774401 0.1694802 -0.9832029 -0.06773924 0.1484061 -0.9864462 -0.06999814 0.111551 -0.9908343 -0.07618325 -0.1377613 -0.9871697 -0.08073377 -0.01259088 -0.9991161 -0.04010707 -0.01098978 -0.9991561 -0.03957641 0.05712497 -0.9975848 -0.03951412 0.08178043 -0.9962119 -0.02956086 0.1284346 -0.9916796 -0.008734703 0.1017803 -0.9946468 0.01784855 0.06634247 -0.9966586 0.04764962 0.1077636 -0.9941379 -0.008769333 0.09526711 -0.99541 -0.009127676 0.1509904 -0.9883697 -0.01809418 0.1725499 -0.9847959 -0.02008777 0.1924462 -0.9811007 -0.02014702 0.2126736 -0.9769501 -0.01839566 0.2462318 -0.9691219 -0.01313942 0.2559837 -0.9666157 -0.01124614 0.2135927 -0.9769039 0.006085991 0.2122059 -0.9772043 0.006370484 0.1936193 -0.9810404 0.008441925 0.1936115 -0.981042 0.008440315 0.1936188 -0.9810405 0.008438289 0.1754049 -0.9844627 0.008151173 0.1754411 -0.9844563 0.008151113 0.1755199 -0.9844421 0.008157491 0.1754513 -0.9844545 0.008147835 0.1553128 -0.9878511 0.005319833 0.2523568 -0.9675707 -0.01109397 0.2351966 -0.9712496 -0.03683489 0.2309548 -0.9717896 -0.04780018 0.2290249 -0.9700952 -0.08039301 0.2171826 -0.9759339 0.01961338 0.2237514 -0.9743339 0.02467739 0.1140263 -0.9934692 -0.004130005 0.2659659 -0.9632174 0.03839653 0.3290175 -0.9426378 0.05640465 0.2590367 -0.9637327 0.06418335 0.2261745 -0.9715304 0.07052493 0.2543004 -0.9651852 0.06122827 0.1960645 -0.9788653 0.05815148 0.1742124 -0.982968 0.05851376 0.1508565 -0.9867012 0.0605244 0.1142737 -0.9912791 0.06562912 0.1123132 -0.9915581 0.06479537 -0.0134263 -0.9987692 0.04775053 -0.01079773 -0.9988434 0.0468558 -0.02869039 -0.9984903 0.04683935 -0.09312129 -0.9954464 0.02037364 -0.1134216 -0.993494 0.01026421 -0.142744 -0.9897195 -0.008929431 -0.1016479 -0.9946016 -0.02086836 -0.05995637 -0.9977303 -0.03065252 -0.2472994 -0.9664548 -0.06934249 -0.2029476 -0.9770428 -0.06480562 -0.2066813 -0.977237 -0.04786229 -0.2131201 -0.9762936 -0.03782522 -0.232105 -0.972525 -0.0179581 -0.1223951 -0.9924408 -0.00897938 -0.1233572 -0.9923222 -0.008936524 -0.148402 -0.9888876 -0.008847951 -0.1504541 -0.9885784 -0.008732497 -0.1461595 -0.9892224 -0.0087502 -0.1715405 -0.9850292 -0.01706922 -0.18976 -0.9816012 -0.02122229 -0.2644646 -0.9638748 -0.03168547 -0.2227119 -0.9747611 -0.01550436 -0.409043 -0.91251 -0.003060638 -0.1733193 -0.9848633 0.002195715 0.1171653 -0.9902713 -0.07506746 0.08986252 -0.9942731 -0.05784368 0.244792 -0.9668165 -0.07309448 -0.1744505 -0.9846627 0.002514302 -0.1879637 -0.9821074 0.01161986 -0.2007226 -0.979506 0.01669204 -0.2202379 -0.975219 0.02105355 -0.3331579 -0.942094 0.03827083 -0.1965725 -0.9626315 -0.1862794 0.06951099 -0.9963899 0.04873973 -0.2777582 -0.9492882 -0.1473171 -0.3039664 -0.93818 -0.1655984 -0.2723171 -0.9461802 -0.1748901 -0.2679778 -0.9624466 0.04340893 -0.2147421 -0.9754635 0.04854667 -0.19284 -0.9798605 0.0518285 -0.1742531 -0.9830971 0.05617803 -0.1357267 -0.9883524 0.06883323 -0.1392028 -0.9874424 0.07469886 -0.1579926 -0.9779952 0.1362492 -0.155915 -0.9823845 0.103011 -0.01284795 -0.9918662 0.1266354 -0.1495025 -0.9860026 0.07380968 -0.05298531 -0.9890548 0.1377072 -0.1248229 -0.9899482 0.0664972 -0.05298388 -0.9890549 0.1377068 -0.09666723 -0.9935172 0.0598253 -0.04226535 -0.9978938 0.04921203 0.2434856 -0.9682554 0.05653673 0.1284052 -0.9843823 0.1204309 0.07349258 -0.9877076 0.1379588 0.1435834 -0.9821118 0.1218215 -0.1480411 -0.981483 0.1215524 -0.1295928 -0.9848306 0.1153887 -0.1557137 -0.9800978 0.1231328 -0.09487944 -0.9897112 0.1070973 -0.2940147 -0.9411066 -0.1669547 -0.3058618 -0.9368373 -0.1696606 -0.3416993 -0.9248113 -0.1672296 -0.3441004 -0.9237844 -0.16798 -0.1983693 -0.959122 -0.2018282 -0.2272079 -0.9571825 -0.1793832 -0.3387051 -0.9254664 -0.1696784 -0.3387018 -0.9254679 -0.1696776 -0.3801288 -0.9095426 -0.1680307 -0.209949 -0.956043 -0.2047032 -0.238691 -0.9461194 -0.2188262 -0.229269 -0.9475974 -0.2224746 -0.2754681 -0.9368142 -0.2156307 -0.2813342 -0.9357399 -0.212702 -0.2965201 -0.9293732 -0.219867 -0.313992 -0.9257215 -0.2108289 -0.3285983 -0.91979 -0.2144985 -0.3420674 -0.9176452 -0.2022804 -0.3609721 -0.9091166 -0.2078614 -0.3659913 -0.9091716 -0.1986395 -0.381147 -0.9036081 -0.1954978 -0.391799 -0.8985238 -0.1978597 -0.3923039 -0.8992456 -0.1935336 -0.3986041 -0.8983673 -0.1845294 -0.4080051 -0.8948821 -0.1808814 -0.4143125 -0.8938975 -0.1711505 -0.40328 -0.8988122 -0.1717609 -0.4119984 -0.894808 -0.1719772 -0.4125118 -0.894573 -0.1719688 -0.2101383 -0.9755638 -0.06416517 -0.01402652 -0.999097 -0.04010653 -0.1241936 -0.9895069 -0.0738399 -0.07552677 -0.9955152 -0.05696874 -0.1460174 -0.9862219 -0.07775127 -0.1684495 -0.983131 -0.07126188 -0.1876209 -0.9799361 -0.06725919 -0.1051813 -0.9922399 -0.06631034 0.07349568 -0.9877072 0.1379597 -0.160866 -0.9757598 0.1483746 -0.1534444 -0.9775654 0.1442946 -0.2514179 -0.9558798 0.1519303 -0.2514231 -0.9558785 0.1519299 -0.1532572 -0.9740227 0.1667095 -0.1548104 -0.9717869 0.1779438 0.1463087 -0.981689 0.1219856 0.1694866 -0.9772489 0.1275115 0.1818814 -0.9747104 0.1298418 0.1577545 -0.9744311 0.1599924 0.1529135 -0.9737859 0.1684 0.1530643 -0.9728053 0.1738427 0.1936124 -0.9722758 0.1311265 0.1715686 -0.968234 0.1818986 0.1719166 -0.961345 0.2150823 0.1340975 -0.9667187 0.2178826 0 -1 1.42123e-6 -0.1156803 -0.9647029 0.2365722 -0.07877552 -0.9700622 0.2297255 -0.1331982 -0.9668098 0.2180302 0 -1 1.04776e-6 0 -1 8.40001e-5 0.05753135 -0.9695795 0.2379199 -0.02886962 -0.9703825 0.2398428 -0.006784558 -0.9690606 0.24673 0.06762766 -0.9686206 0.2391666 0.1309489 -0.9691438 0.2088365 0.1346028 -0.9441806 0.3006749 -0.160926 -0.9695652 0.184516 0.07937425 -0.9498456 0.3024786 0.02075719 -0.9453377 0.3254321 -0.008221566 -0.9455093 0.3254913 -0.002008676 -0.9462904 0.3233115 -0.1483933 -0.9639968 0.2206573 -0.1038688 -0.9497019 0.2954279 -0.03318607 -0.9606699 0.2757031 0.03108519 -0.9616228 0.2726082 0.0272296 -0.9624708 0.2700157 0.04290294 -0.961757 0.2705238 0.03955262 -0.9551165 0.2935782 -0.008484065 -0.9501163 0.3117808 -0.07334458 -0.9458506 0.3162077 -0.1180858 -0.942933 0.3113407 0.05021542 -0.9362642 0.3476893 -0.06098109 -0.9237122 0.3782027 -0.06986123 -0.9229537 0.3785179 0.03010362 -0.9198315 0.391157 -0.0416668 -0.9113472 0.4095247 -0.01671111 -0.9126201 0.4084672 -0.03116297 -0.9611347 0.2743155 -0.05566161 -0.9608205 0.2715249 -0.09916436 -0.9416282 0.3217185 -0.003225862 -0.9119086 0.4103808 0.01608479 -0.9135565 0.406394 0.04276496 -0.9130057 0.4056992 -0.03604263 -0.9195737 0.3912612 -0.02003806 -0.9546749 0.2969756 0.07575464 -0.9260473 0.3697265 0.06968146 -0.9264155 0.3699987 0.04034018 -0.9300028 0.3653321 -0.04767036 -0.9443755 0.325396 0.1214573 -0.9481322 0.2937577 0.05751621 -0.9523026 0.2996858 -0.02974885 -0.9555847 0.2932117 -0.389122 -0.9064099 -0.1643325 -0.9986307 -0.05231475 0 -0.9789754 -0.06150448 0.1944851 -0.9789614 -0.06123012 0.1946424 -0.829571 -0.06976878 0.5540255 -0.8315443 -0.07532036 0.550328 -0.5541015 -0.06956237 0.8295376 -0.5570089 -0.07344973 0.8272522 -0.1945728 -0.0574637 0.9792035 -0.1991283 -0.06170415 0.978029 0 -0.05234467 0.998629 0 -0.05233496 0.9986296 -2.0785e-6 -0.05234038 0.9986293 0.1993879 -0.06170082 0.9779762 0.1945348 -0.05820643 0.9791672 0.5568961 -0.07310646 0.8273586 0.5540302 -0.07037794 0.8295165 0.8319906 -0.07450604 0.549764 0.8294988 -0.07023608 0.5540746 0.9789109 -0.06097787 0.1949747 0.9789797 -0.06148886 0.1944684 0.9986293 -0.05233961 0 -0.7508532 -0.3053658 -0.5856375 -0.8881584 -0.3479982 -0.3001201 -0.7888264 -0.3320147 -0.5172225 -0.9425843 -0.3227599 -0.08579486 -0.9305451 -0.3586636 0.07379853 -0.8778125 -0.2992467 0.3740276 -0.8170903 -0.3689528 0.4429869 -0.6845505 -0.3074381 0.6609633 -0.645288 -0.3701543 0.6682734 -0.4859924 -0.3171782 0.8143766 -0.2850078 -0.5804229 0.7628105 -0.2849984 -0.5804221 0.7628147 -0.2849939 -0.5804257 0.7628136 -0.2850126 -0.5804436 0.762793 -0.4615883 -0.3346331 -0.8215577 -0.3996469 -0.3532218 -0.8458822 -0.07352101 -0.3259311 -0.9425305 0.08235287 -0.357991 -0.9300863 0.3781335 -0.2989096 -0.8761668 0.458298 -0.3754532 -0.805604 0.6621526 -0.3032331 -0.6852765 0.6692006 -0.3801632 -0.6384721 0.8504814 -0.2631032 -0.4554759 0.8504812 -0.263119 -0.4554671 0.8504912 -0.2631 -0.4554595 0.8504869 -0.2630572 -0.4554921 0.4622229 0.7876442 -0.4073901 -0.1101922 0.08697015 -0.990098 -0.2610645 0.02931058 -0.9648763 -0.2789385 0.1230294 -0.9523955 -0.2997457 0.09532952 -0.9492444 -0.1102433 0.08697021 -0.9900923 0.04817694 0.01810461 -0.9986748 0.04431056 0.1747975 -0.9836069 -0.2929978 0.08295661 -0.9525075 -0.1610659 0.09835326 -0.9820308 -0.07612788 0.09686601 -0.9923818 -0.0602957 0.03509545 -0.9975635 0.194997 0.03336262 -0.9802364 0.4069581 -0.04355859 -0.9124076 -0.1698394 0.04567223 -0.9844129 -0.322528 0.03226935 -0.9460098 0.08355915 0.02288675 -0.99624 0.08552616 0.02240997 -0.9960839 0.05696362 0.1252797 -0.9904849 0.1089367 -0.3361806 -0.9354761 0.07047492 0.1444634 -0.9869973 0.554808 0.05235087 -0.8303298 0.804239 0.01458883 -0.5941269 0.8298845 0.06175512 -0.554507 0.9780006 1.04748e-4 -0.2086023 0.9805521 0.02180719 -0.1950439 0.9797604 0.04570615 0.1948864 0.9746958 0.003531455 0.2235079 0.8300176 0.05963551 0.5545399 0.805611 0.02475303 0.5919275 0.5550141 0.04424136 0.8306638 0.5438438 0.03748744 0.8383489 0.3127238 0.03326231 0.9492616 0.1948412 0.0508064 0.9795181 0.16385 0.04486858 0.9854643 0.05589616 0.03490638 0.9978262 0.09053897 0.1375952 0.9863418 0.48695 0.2152671 0.8464867 0.4896352 0.1456716 0.8596728 0.4896291 0.1456713 0.8596763 0.5433307 -0.01913475 0.8393008 0.5459824 -0.0207889 0.8375387 0.1159611 0.0590856 0.9914948 -0.3093667 -0.02472031 0.9506215 -0.2496168 0.1478664 0.9569885 -0.2213202 0.288923 0.9314188 -0.3630802 0.03060466 0.9312552 -0.3014488 0.03413271 0.9528713 0.6272535 0.02820068 0.7783045 0.1465702 0.1397764 0.9792751 0.1466239 0.1397684 0.9792683 0.2508208 0.121939 0.9603227 -0.3003599 0.1436697 0.9429438 -0.1264862 0.5859708 0.8003996 -0.1949849 0.03401112 0.9802164 -0.3991567 -0.03990203 0.9160141 0.06401783 0.144768 -0.9873925 0.07436835 0.1233313 -0.989575 -0.1948442 0.05062144 -0.9795271 -0.5551282 0.0399416 -0.8308053 -0.5545393 0.06074899 0.8299372 -0.7921335 0.003460049 0.610338 -0.8291666 0.07441526 0.5540263 -0.9731132 -0.01609152 0.2297648 -0.9802103 0.03423678 0.194976 -0.9802103 0.03423678 -0.194976 -0.9785273 0.01960355 -0.205183 0.3129244 0.6172906 0.7218246 -0.8305559 0.04723811 -0.5549284 -0.8198394 0.0320326 -0.5716969 -0.5632888 0.03661704 -0.8254484 0.05694758 0.1252651 -0.9904876 0.5371287 0.03413707 0.8428093 0.05694782 0.1252796 -0.9904858 0.02494376 0.5914171 -0.8059799 0.08372133 0.02175414 -0.9962518 0.08378928 0.02175199 -0.996246 0.0837866 0.02175468 -0.9962463 0.08379191 0.0217539 -0.9962459 0.08351701 0.02175599 -0.9962688 -0.1475214 0.03411757 -0.9884703 -0.1406648 0.8357891 -0.5307261 -0.1894739 0.83809 -0.5115712 -0.06864547 0.9815043 -0.1787099 -0.06714063 0.981458 -0.1795343 -0.4472137 0 -0.8944273 -0.2879886 0.7816712 0.5532203 -0.3701593 0.6641495 0.6495288 0.3549376 0.7078194 -0.6107465 0.3550947 0.7077562 -0.6107282 0.01992768 0.653211 -0.7569138 -0.1335474 0.6898763 -0.7115026 -0.3045216 0.1237445 -0.9444331 -0.1011488 0.1916659 -0.9762341 -0.06271731 0.1466104 -0.9872041 -0.0627166 0.1466185 -0.987203 -0.06282675 0.1462829 -0.9872457 0.9718052 0.02988493 0.233884 0.9768967 0.02492952 0.2122536 0.9885548 0.02799886 0.1482413 0.9900547 0.02540481 0.1383703 0.9950516 0.02623856 0.09583318 0.9982421 0.02534216 0.05357736 0.9986749 0.02803421 0.04315775 0.9994574 0.02490478 -0.02155846 0.9985803 0.02989381 -0.04408758 -0.1135315 0.03413188 -0.9929479 -0.2024577 0.02859085 -0.9788736 -0.1986251 0.0346015 -0.9794646 -0.2116882 0.03428804 -0.9767356 -0.1957059 0.03043448 -0.9801903 -0.06277441 0.1465922 -0.9872032 -0.1942551 0.03473949 -0.9803358 -0.06266123 0.1466293 -0.9872049 -0.1929938 0.0305804 -0.9807234 -0.1900443 0.03480094 -0.9811586 -0.2259734 0.6149653 -0.7554824 -0.44999 0.4979524 -0.7413181 -0.2802003 0.8534431 -0.4394574 -0.437973 0.773006 -0.4589568 -0.3378075 0.8687217 -0.3622275 -0.4260085 0.9023573 -0.0653308 -0.5330598 0.7779541 -0.3326181 -0.4220334 0.8707272 -0.2524321 -0.2645103 0.9619766 0.06808447 -0.3424813 0.9271331 0.1520885 -0.5508403 0.8144357 0.1823995 0.06384003 0.9306454 0.3603106 -0.3297201 0.9290208 -0.1679438 -0.1281886 0.9540485 -0.2708489 -0.1415801 0.9622362 -0.2325009 -0.03577405 0.9649004 -0.2601683 -0.300704 0.7900348 -0.5342494 -0.7640681 0.1872566 -0.6173614 -0.6800927 -0.2181999 -0.6999019 -0.5660599 -0.583306 -0.5825207 -0.7304137 -0.5869451 -0.3492726 -0.8571908 -0.3566477 -0.3715191 -0.5660631 -0.583303 -0.5825207 -0.3774197 -0.8406609 -0.3883861 -0.3774431 -0.8406371 -0.3884147 -0.4892476 -0.8424419 -0.2256733 -0.1326259 -0.9817242 -0.1364846 -0.1758019 -0.9817225 -0.07290172 -0.2894997 -0.5832832 -0.7589274 -0.2894923 -0.5833126 -0.7589076 -0.3424077 -0.2776593 -0.897587 -0.1930105 -0.8406601 -0.5060016 -0.1930213 -0.840653 -0.5060093 -0.06782728 -0.9817231 -0.1778184 -0.1326313 -0.9817225 -0.1364911 -0.06783312 -0.9817228 -0.1778174 -0.6274732 -0.740577 -0.2404644 -0.2425964 -0.9674429 -0.07212013 0 -1 9.64821e-6 0.02288442 -0.8406506 -0.5410942 0.02286601 -0.8406425 -0.5411077 0.0343002 -0.5833167 -0.8115203 0.008034944 -0.9817236 -0.1901434 -0.1992711 0.2061027 -0.9580255 0.03934103 -0.3635257 -0.9307531 0.008037626 -0.9817269 -0.1901259 0.08258575 -0.9817235 -0.1714605 0.2350044 -0.8406412 -0.4879503 0.2350161 -0.84066 -0.4879123 -0.2017151 -0.1370851 -0.9698035 0.1914722 -0.0278778 -0.9811021 0.456138 -0.167958 -0.8739156 0.4603549 0.1009523 -0.8819763 0.03428721 -0.5833373 -0.8115061 0.3524605 -0.5833087 -0.7317941 0.4337283 -0.03192567 -0.9004781 -0.2651097 -0.0878008 -0.9602125 -0.6552137 -0.05318593 -0.7535692 -0.7576239 -0.2264295 -0.6121567 0.08258539 -0.981725 -0.1714521 0.1436723 -0.9817236 -0.1248084 0.4088457 -0.8406538 -0.3551709 0.3524834 -0.5833059 -0.7317853 0.6131887 -0.583292 -0.532701 0.1436661 -0.9817232 -0.1248188 0.1813223 -0.9817229 -0.05781447 0.4088308 -0.8406571 -0.3551802 0.4728997 -0.1551148 -0.8673554 0.7809209 -0.006142556 -0.6245997 0.8898209 -0.2526246 -0.3799998 0.906417 0.1690232 -0.3870909 0.9384782 -0.1724516 -0.2991976 0.7738742 -0.5833074 -0.2467213 0.773851 -0.5833346 -0.2467293 0.5159776 -0.8406569 -0.1645094 0.8081067 -0.5890268 0.003340959 0.5580571 -0.828929 0.03806686 0.9397778 -0.3177494 0.1259089 0.5376276 -0.842723 0.0278294 0.5160105 -0.840638 -0.1645027 0.2116719 -0.9768548 0.03082096 0.1894035 -0.9817226 0.01862841 0.1813305 -0.9817219 -0.05780655 0.6131641 -0.5833383 -0.5326785 0.6950128 -0.3903574 -0.6038032 0.9761033 -0.2162391 0.0215221 0.9558148 0.1563469 -0.2489455 0.8475674 -0.2297654 -0.4783695 0.827049 0.01341575 -0.5619698 0.6547225 0.04438853 -0.7545648 0.4963338 -0.07712501 -0.8646992 0.4269124 0.02216452 -0.9040214 0.3543174 0.06022155 -0.9331841 0.1715602 0.03168588 -0.984664 0.1262055 0.02199935 -0.9917601 0.06071919 0.03483581 -0.9975469 -0.1021878 0.03471744 -0.9941592 -0.1408614 0.02197259 -0.9897855 -0.3593723 0.05000406 -0.9318536 -0.5231296 -0.02246683 -0.8519571 -0.6394207 0.04347497 -0.767627 -0.8524063 0.02294355 -0.5223764 -0.8849275 -0.01523 -0.4654797 -0.9736418 0.05582022 -0.2211468 -0.9985838 -0.01290369 0.05161297 -0.9945224 0.01821494 0.1029248 -0.9081735 0.04612725 0.4160448 -0.8321 -0.02274394 0.5541592 -0.7267193 0.04790812 0.6852619 0.8285036 0.03223699 0.5590552 0.8294705 0.03533047 0.557432 0.7013905 0.03411829 0.7119602 0.7008826 0.03230965 0.7125446 0.6930265 -0.03683745 0.7199704 0.6213429 -0.2025891 0.7568954 0.8228954 -0.03263473 0.567255 0.6945251 -0.03228616 0.7187437 0.8229596 -0.03230261 0.5671811 -0.6850692 -0.6486293 -0.3316026 0.9258833 0.04006487 -0.3756794 0.9263145 0.04035413 -0.3745838 0.9789754 0.04092329 0.1998313 0.8827465 0.03461605 0.4685726 0.9799596 0.03983384 0.1951729 0.9767836 -0.04043251 0.2103788 0.9769723 -0.04200768 0.2091902 0.6179683 0.03523892 0.785413 0.3732993 0.04287606 0.9267197 0.3690932 0.04053151 0.9285082 0.3675944 -0.0398221 0.9291332 0.3691541 -0.04031527 0.9284934 0.05233138 4.01191e-6 -0.9986298 0 1 -2.96187e-7 0 1 -1.77642e-7 0 1 2.89633e-7 0 1 -4.81574e-7 0 1 2.17346e-7 0 1 6.37724e-7 -0.5123811 -0.8582316 0.03006803 -0.634839 -0.7724063 -0.01918411 -0.8871483 0.2950316 0.3548584 -0.8590915 -0.1949105 0.4732567 -0.922203 0.0480436 0.3837101 -0.7750339 -0.2329273 0.5874243 -0.9755707 0.1717747 0.13695 -0.8602608 0.1880564 0.4739052 -0.967053 -0.227924 0.1133987 -0.7604272 0.2992776 0.5763534 -0.9075579 -0.0853073 -0.4111709 -0.9046968 -0.07347977 -0.4196718 -0.7724905 -0.1004019 -0.6270391 -0.7667832 -0.08294016 -0.6365252 -0.5782322 -0.0900402 -0.8108887 -0.5750581 -0.09583061 -0.8124806 -0.3521001 -0.07752442 -0.9327462 -0.3339148 -0.1098704 -0.9361781 -0.1153289 -0.06691992 -0.9910706 -0.1029748 -0.08668863 -0.9908992 0.01335591 -0.08714359 -0.9961063 0.03309881 -0.09123504 -0.9952793 0.1552057 -0.05304366 -0.9864572 0.1983738 -0.1293169 -0.9715581 0.4023401 -0.04716128 -0.9142747 0.4522149 -0.131786 -0.8821192 0.6227337 -0.0457589 -0.7810947 0.6736897 -0.1319838 -0.7271331 0.7617111 -0.07566601 -0.6434835 0.8475909 -0.1189479 -0.517147 -0.7427574 -0.6432837 -0.1857352 -0.6509736 -0.7321869 -0.200339 -0.6591886 -0.7319539 -0.1723771 0.1635892 -0.9852933 0.04935294 0.1791859 -0.982771 0.04531693 0.5275402 -0.8420143 0.1127534 0.4845266 -0.8709917 0.08128786 0.8005823 -0.5894773 0.1076319 0.1787476 -0.9824168 0.05391311 0.1939301 -0.9799492 -0.04572403 0.5328676 -0.8368182 -0.1256486 0.5328873 -0.8368048 -0.125655 0.794695 -0.57736 -0.1873915 0.7947022 -0.577352 -0.1873852 0.9092888 -0.3566861 -0.2144036 0.9115358 -0.3491224 -0.2172924 0.9722834 0.03078764 -0.2317698 0.1743465 -0.9835479 -0.04729598 0.1743772 -0.983543 -0.04728519 0.1476569 -0.9787346 -0.1423947 0.3940988 -0.8367956 -0.3800781 0.3941217 -0.8367907 -0.380065 0.789575 -0.1703684 -0.5895302 0.5877287 -0.5773532 -0.5667789 0.5877272 -0.5773313 -0.5668027 0.1193492 -0.9844857 -0.128623 0.1193445 -0.9844837 -0.1286427 0.05578684 -0.9775317 -0.2032723 0.1449074 -0.8368004 -0.527984 0.6376754 -0.4638868 -0.6149628 0.4965502 -0.09281897 -0.8630312 0.4969803 -0.0831151 -0.8637722 0.6567099 0.02378046 -0.7537683 0.7959228 -0.1156349 -0.5942521 0.1448955 -0.8367924 -0.5279997 0.2160836 -0.577349 -0.7873855 0.2160962 -0.5773607 -0.7873736 0.04451215 -0.9814745 -0.1863507 -0.008283495 -0.9824186 -0.186508 -0.06296628 -0.9754658 -0.2109541 -0.1572962 -0.8351932 -0.5269823 0.2330759 -0.4737736 -0.8492433 0.1534642 -0.2515801 -0.9555922 -0.1572937 -0.8351961 -0.5269783 -0.2340182 -0.5748983 -0.7840456 -0.2340268 -0.5749077 -0.7840362 -0.262664 -0.3956583 -0.8800353 -0.04296159 -0.2543554 -0.9661561 -0.06308948 -0.9844835 -0.1637437 -0.06312185 -0.9844881 -0.1637036 -0.1635917 -0.9768352 -0.1379525 -0.4204117 -0.8351942 -0.3545486 -0.2657827 -0.3880882 -0.8824665 -0.2872036 -0.09036147 -0.9535979 0.09538143 -0.03544247 -0.9948096 0.1144282 -0.04908591 -0.9922181 -0.1443539 -0.9835458 -0.108627 -0.1443418 -0.9835485 -0.1086177 -0.2061088 -0.9782111 -0.02494961 -0.1859858 -0.9824181 -0.01625174 -0.1860377 -0.9824081 -0.01626092 -0.1810396 -0.9805598 0.07567852 -0.1516775 -0.9854112 0.07719331 -0.4665916 -0.865942 0.1801025 -0.5459613 -0.8351988 -0.06610023 -0.5114877 -0.8432297 0.1653608 -0.545966 -0.8351959 -0.06609892 -0.7745673 -0.5885065 0.2317452 -0.8122763 -0.5749235 -0.09833848 -0.8628211 -0.1846274 0.4705877 -0.8628597 -0.1845077 0.4705637 0 -1 6.77112e-6 -0.4204148 -0.8351972 -0.3545379 -0.8122848 -0.5749114 -0.09833818 -0.6254833 -0.5749049 -0.5274989 -0.881752 -0.4594752 -0.1067522 -0.9574581 -0.2834876 -0.05393385 -0.8896763 -0.1031331 -0.4447916 0 -1 2.65274e-6 -0.8901914 -0.09742492 -0.445048 -0.9979844 -0.02944749 -0.05621623 -0.6370192 -0.1481153 -0.7564844 -0.8530056 -0.01265054 -0.5217486 0 -1 -4.68977e-6 0 -1 7.95694e-6 0 -1 -1.07294e-5 -0.625509 -0.574881 -0.5274943 -0.6575468 -0.5100218 -0.5545359 -0.6407386 -0.1023496 -0.7609066 -0.4553458 -0.009764552 -0.8902612 0.8898503 0.01121038 0.456115 0.8898181 0.01119202 0.4561781 -0.8398946 0.3909658 0.376461 -0.9085215 0.2614343 0.3259458 -0.8622415 0.2507442 0.4400761 -0.9314707 0.242298 0.2713929 -0.8640092 0.2487904 0.4377117 -0.8622302 0.2507602 0.4400892 -0.9977385 0.06444895 -0.01908367 -0.8642119 0.2498581 0.4367022 -0.9031328 -0.09934109 0.417711 -0.875135 0.2651503 0.4047645 -0.8519305 0.07224851 0.518647 -0.8921416 0.1259657 0.433839 -0.8984429 0.1418558 0.4155448 -0.8143305 0.1698218 0.5550013 -0.8287995 0.1181653 0.5469264 -0.8226111 0.1640512 0.5444247 -0.8288233 0.1181668 0.5468898 -0.7919778 0.1065192 0.6011863 -0.7924653 0.09489667 0.6024894 -0.7502942 -0.01849383 0.6608454 -0.7206218 0.09118717 0.6873058 -0.7066613 0.04509961 0.7061132 -0.8984115 0.05970269 0.4350774 -0.7066639 0.04509449 0.706111 -0.9007965 0.05376517 0.4309002 -0.7066588 0.04510068 0.7061157 -0.8987393 0.05331856 0.4352297 -0.7066613 0.04510158 0.7061131 -0.8882963 0.06372863 0.454828 -0.7066533 0.04510253 0.706121 -0.9020185 0.01347708 0.4314872 -0.8959589 0.09477388 0.4339077 -0.7066553 0.04511195 0.7061184 -0.9515454 0.07904064 0.2971766 -0.8959681 0.09476131 0.4338911 -0.7066498 0.04514092 0.7061221 -0.895976 0.09476214 0.4338747 -0.7066785 0.04495269 0.7061055 -0.895969 0.09476876 0.4338878 -0.7066923 0.04522597 0.7060742 -0.7066711 0.04489922 0.7061162 -0.7067168 0.0451563 0.706054 -0.7066003 0.04549497 0.7061489 -0.9292925 0 0.3693447 0 1 5.07141e-7 0 1 -2.38971e-6 0 1 9.31914e-6 0 1 3.82854e-6 0.3596412 0.1056274 0.9270929 0.3596428 0.1056203 0.9270931 0.6889927 0.1965553 0.6976067 0.901624 0.2541882 0.3499467 0.9016233 0.2541883 0.3499484 0.9615225 0.268746 -0.05701023 0.9615191 0.2687583 -0.05701029 0.9005746 0.2623799 -0.3465868 0.8891099 0.2740154 -0.3666049 0.6948868 0.2428486 -0.6768729 0.6828293 0.2493609 -0.6867047 0.3808737 0.1849437 -0.9059422 0.3725144 0.1880815 -0.9087676 0.01902544 0.1008766 -0.9947171 0.01922124 0.1008694 -0.994714 0.01683324 0.1012892 -0.9947146 0.01908862 0.1021867 -0.9945822 0.01907277 0.1022054 -0.9945805 0 1 -1.19706e-5 0 1 2.38121e-6 0 1 -4.19421e-6 0 1 1.06477e-5 0 1 -9.33937e-7 0 1 -5.92683e-6 0 1 9.58765e-7 0 1 3.45686e-6 -0.02266031 0.08997225 -0.9956865 -0.02408695 0.06966704 -0.9972795 0.007627427 0.07471495 -0.9971758 0.3890228 0.2222917 -0.8940066 0.3453329 0.2653533 -0.9001849 0.6567451 0.1954302 -0.7283495 0.790603 0.33948 -0.509608 0.8645534 0.258684 -0.4308481 0.9299244 0.2588225 -0.2612496 0.9299284 0.2588157 -0.2612423 0.9299394 0.2588015 -0.2612174 0.9424894 0.2626335 -0.2067303 0.9299275 0.2588238 -0.2612379 0.9388844 0.2651732 -0.2194978 0.9447829 0.3267824 0.0244655 0.949688 0.3105621 0.04054397 0.8818618 0.2189484 0.41759 0.7709168 0.3173796 0.5522297 0.664392 0.1515486 0.7318581 0.5302442 0.162722 0.8320834 0.3478862 0.07625627 0.9344305 0.3651275 0.06780612 0.9284849 0.248126 0.07463139 0.9658488 0.1681967 0.05233383 0.9843633 0.2671241 0.06725305 0.9613125 0.1133997 0.05225479 0.9921745 0.1681078 0.05233776 0.9843783 0.2079697 0.06483757 0.9759839 0.1853737 0.06235647 0.9806877 -0.01407611 0.04461741 0.998905 0.1681109 0.05233567 0.9843779 0.2662842 0.07986211 0.9605805 -0.04583925 0.04883521 0.9977544 -0.2847855 0.05489063 0.9570185 -0.3709999 0.04511302 0.9275366 -0.677965 0.06442457 0.7322657 -0.6836559 0.0661031 0.7268047 -0.8962827 0.04479312 0.4412154 -0.9254413 0.05208361 0.3752943 -0.9668264 0.06955981 0.2457811 -0.9893061 0.05184829 0.136328 -0.9962486 0.05221199 -0.0690127 -0.9909743 0.0474925 -0.1253575 -0.9229158 0.06425791 -0.3796015 -0.9315393 0.0522378 -0.3598692 -0.8704682 0.01595067 -0.4919661 -0.7634847 0.05752635 -0.6432588 -0.6265971 0.03449606 -0.7785797 -0.7759526 -0.166297 -0.6084759 -0.6013628 -0.02131205 -0.7986918 -0.676115 -0.05315899 -0.734876 -0.6135713 0.09601777 -0.7837799 -0.5463464 0.02213281 -0.8372669 -0.4629025 0.01976484 -0.8861889 -0.4228094 0.05536293 -0.9045259 -0.2469668 0.05367457 -0.9675363 -0.4237349 0.05528616 -0.9040976 -0.2660588 0.04085558 -0.9630906 0 1 2.73483e-6 0 1 -4.15457e-6 0 1 3.53464e-6 -0.1681028 0.05233114 -0.9843795 -0.1681125 0.05233407 -0.9843776 0.1681286 0.05234074 0.9843746 0.1681144 0.05233377 0.9843774 0 1 5.44738e-7 0 1 -9.86519e-7 0 1 2.4483e-6 0.9869834 -0.1475636 0.06394505 0.9869833 -0.1475631 0.06394678 0.9937924 -0.0987122 -0.05131047 0.9930251 -0.1090002 -0.04494583 0.9900906 -0.1134561 -0.08275586 0.9900951 -0.1133982 -0.08278137 0.9900886 -0.1134538 -0.0827828 0 -1 1.51645e-6 0.8166638 0.3450085 -0.4626333 0.8166673 0.3449974 -0.4626353 0.8166673 0.3449728 -0.4626538 -0.8054931 0.24125 0.5412755 -0.7923042 0.1871815 0.5807041 -0.9978913 0.049546 -0.04193055 -0.9972514 0.05706238 -0.04726141 -0.9131676 0.04810625 -0.4047356 -0.9101061 0.05878049 -0.4101852 -0.7616772 0.04110586 -0.6466515 -0.7547185 0.07086896 -0.6522098 -0.168111 0.05234342 -0.9843775 -0.1681074 0.05233579 -0.9843785 -0.1681304 0.05233228 -0.9843747 0.01089996 0.6681451 0.7439512 0 1 -1.02257e-6 0 1 -7.57374e-7 0 1 4.57868e-6 0.1604189 0.9849843 -0.06380915 0 1 -2.46676e-7 0.2865409 0.9577978 -0.02275615 0 1 -4.75129e-7 0.4714003 0.8548609 -0.2167826 0.7058399 0.6658083 -0.241846 0.7383561 0.5978757 -0.3120499 0.9006193 0.2769116 -0.3349701 0.8995511 0.2505639 -0.3578066 0.1586751 0.9869589 -0.02710169 0.2399975 0.9698625 0.04204785 0.4898217 0.8631846 -0.1224223 0.737826 0.6734828 -0.04509711 0.7781094 0.616953 -0.1179618 0.9512237 0.2539056 -0.1752299 0.9573104 0.2383911 -0.1634827 -0.3788231 0.6665705 -0.64201 0.9843758 0.05235964 -0.1681153 0.984377 0.05234646 -0.1681126 0.9561007 0.2433301 -0.1632851 0.9556391 0.2470825 -0.1603258 0.7944494 0.5913244 -0.1385127 0.7893599 0.6000255 -0.1299253 0.5167288 0.8510827 -0.09300309 0.5075654 0.8576758 -0.08227717 0.1752943 0.9839244 -0.03412991 0.1705427 0.9849199 -0.02912479 0.9279159 0.05236512 -0.3690934 0.9279134 0.05228877 -0.3691106 0.8994187 0.2511078 -0.3577582 0.8996443 0.2536084 -0.3554193 0.7407196 0.599984 -0.3022479 0.7370265 0.6143134 -0.2818 0.4715294 0.8592618 -0.1983159 0.4644566 0.8684009 -0.1736661 0.1536252 0.9855514 -0.07132852 0.1499141 0.9868993 -0.05962967 0 1 -6.54742e-6 0 1 2.89098e-6 0 1 -3.67805e-6 -0.5287168 0.6606023 -0.5329759 0.01832878 0.9815108 -0.1905277 0.01807487 0.9815034 -0.19059 0.05253964 0.8381309 -0.5429331 -0.00141412 0.8359081 -0.5488677 0.9947898 0.03490018 0.09578794 0.9947899 0.03490316 0.09578549 0.9947884 0.03492003 0.09579449 0.9947899 0.03490126 0.09578728 0.99479 0.03490042 0.09578579 0.9947898 0.03490048 0.09578853 -0.9361009 0.03489953 0.3499964 -0.9361023 0.03489834 0.3499924 -0.9361013 0.03489786 0.3499953 -0.9360954 0.03493225 0.3500073 -0.9361016 0.03489816 0.3499943 -0.936102 0.03489822 0.3499931 -0.9361028 0.0348984 0.3499912 0.06702208 0.981512 0.179283 0.06731885 0.9815025 0.1792235 0.1906827 0.8381314 0.5110538 0.2418774 0.8358531 0.4927929 -0.01837354 0.9814584 0.1907932 -0.01662725 0.9815035 0.1907211 -0.05395585 0.838087 0.5428618 -0.1062936 0.83584 0.5385845 0.99863 -0.05232846 0 0.9789758 -0.06150108 -0.1944841 0.9789196 -0.06116425 -0.1948729 0.829478 -0.07087445 -0.5540245 0.8316722 -0.07412129 -0.5502976 0.5540263 -0.07080441 -0.8294829 0.5564933 -0.07290649 -0.8276473 0.1944986 -0.05879217 -0.9791393 0.1988878 -0.061679 -0.9780794 1.42011e-6 -0.05233228 -0.9986298 0 -0.05233842 -0.9986295 5.41866e-7 -0.05234009 -0.9986294 -0.198736 -0.06167876 -0.9781104 -0.1945538 -0.05825525 -0.9791605 -0.5559504 -0.07290804 -0.8280119 -0.5540128 -0.07075273 -0.8294962 -0.8312948 -0.07418543 -0.550859 -0.8295058 -0.07039475 -0.5540441 -0.9788586 -0.06022506 -0.1954706 -0.978972 -0.06151443 -0.1944995 -0.998631 -0.05230891 0 0.1966534 -0.9610918 -0.1939847 0.1538804 -0.9690551 -0.1930109 0.1369084 -0.9611516 -0.2396741 0.09962332 -0.9689307 -0.2263813 0.06687074 -0.9613369 -0.2671326 0.03858739 -0.9686914 -0.2452511 -0.00785911 -0.9616828 -0.2740519 -0.02553784 -0.9683173 -0.2484138 -0.081146 -0.9621876 -0.26002 -0.08885931 -0.9678287 -0.2353972 -0.1471472 -0.9627972 -0.2266479 -0.1473459 -0.9672603 -0.2066318 -0.2011062 -0.9634386 -0.1770377 -0.1972385 -0.9665861 -0.1637322 -0.2392106 -0.9641383 -0.11496 -0.2354667 -0.9657251 -0.1092274 0.1980214 -0.8856179 -0.4200818 0.181849 -0.8806747 -0.4374276 0.1818531 -0.8806733 -0.4374291 0.1897414 -0.7326234 -0.6536523 0.184999 -0.7264857 -0.6618112 0.1711599 -0.7307638 -0.6608241 0.1911413 -0.7294136 -0.6568263 0.1991394 -0.7285473 -0.6554101 0.199204 -0.7285909 -0.655342 0.1987352 -0.7287404 -0.655318 0.1987155 -0.728707 -0.6553611 0.1987287 -0.7287556 -0.6553032 0.1986745 -0.7287444 -0.6553321 0.7854809 -0.03491288 -0.6179004 0.4735542 -0.03492802 0.8800718 0.4734263 -0.03493225 0.8801405 0.4735348 -0.03489857 0.8800835 0.4735031 -0.0348953 0.8801007 0.4741825 -0.03489333 0.8797349 0.4735344 -0.03490024 0.8800837 0.4734741 -0.03492075 0.8801153 0.4735295 -0.03484374 0.8800885 0.4734832 -0.03488343 0.8801118 0.4734631 -0.03487437 0.8801231 -0.5966125 0 0.8025295 -0.9093329 0 0.4160693 -0.9179673 -0.07644647 0.3892198 -0.9797649 0.04559075 0.1948904 -0.9925588 -0.06738656 -0.1014205 -0.9806588 0.01612108 -0.1950603 -0.831313 -0.01939845 -0.5554661 -0.818506 -0.04240602 -0.5729309 -0.5553166 0.03106492 -0.8310586 -0.4347407 -0.07599914 -0.8973432 -0.5966085 0 0.8025326 -0.8265285 0 0.5628949 -0.8265265 0 0.5628978 -0.9652918 0 0.2611738 -0.9652901 0 0.26118 -0.9975928 0 -0.06934547 -0.9975927 0 -0.0693466 -0.831287 0.02069938 0.5554581 -0.1948768 0.04797077 -0.979654 0.05747056 -0.0761168 -0.9954413 -0.5552969 -0.03109365 0.8310707 0.195005 0.03127503 -0.9803035 0.5362336 -0.04276347 -0.8429856 -0.5549649 -0.03140878 0.8312806 -0.195059 0.02085578 0.9805698 0.5554856 -0.01889282 -0.8313115 0.8313524 0.01582157 -0.5555204 0.8778256 -0.06719094 -0.4742444 -0.1554458 0 0.9878445 0.1201537 0 0.9927554 0.1950109 0.03034454 0.9803316 0.5113747 -0.05530518 0.8575764 0.5555797 -0.004247188 0.8314525 0.9797697 0.04550665 -0.1948866 0.9967035 -0.08000075 0.01349717 0.4946404 0 0.8690977 0.8314631 0.004074573 0.5555651 0.979937 0.04159086 0.1949198 0.865083 -0.05937933 0.498102 -0.9198706 0 -0.3922222 -0.9198721 0 -0.3922187 -0.740698 0 -0.6718381 -0.7406943 0 -0.6718423 -0.4798384 0 -0.8773569 -0.4798284 0 -0.8773624 -0.1660514 0 -0.9861171 -0.16605 0 -0.9861174 0.16605 0 -0.9861174 0.1660514 0 -0.9861171 0.4798284 0 -0.8773624 0.4798384 0 -0.8773569 0.7406964 0 -0.67184 0.740698 0 -0.6718381 0.9198721 0 -0.3922187 0.9975926 0 -0.06934821 0.9975926 0 -0.06934756 0.9652907 0 0.261178 0.9652914 0 0.2611758 0.8265285 0 0.5628949 0.8265265 0 0.5628978 0.5966085 0 0.8025326 0.5966125 0 0.8025295 0.9093316 0 0.4160723 0.9179666 -0.07644349 0.3892224 0.9797639 0.04560077 0.1948934 0.9925588 -0.06738656 -0.1014205 0.9806581 0.0161314 -0.1950632 0.8313136 -0.0193935 -0.5554652 0.8185043 -0.04239815 -0.5729337 0.5553168 0.03105741 -0.8310589 0.4347437 -0.07599967 -0.8973417 0.1948758 0.04797023 -0.9796543 0.8312878 0.02069944 0.5554569 0.5552976 -0.03109538 0.8310703 0.5549655 -0.03140795 0.8312804 -0.05747056 -0.0761168 -0.9954413 -0.195006 0.03127515 -0.9803033 -0.5362337 -0.04275959 -0.8429858 -0.5554844 -0.01889532 -0.8313124 0.1950584 0.02085572 0.98057 0.1554455 0 0.9878445 -0.120154 0 0.9927553 -0.8313524 0.01582157 -0.5555204 -0.1950116 0.03034543 0.9803314 -0.5113747 -0.05530911 0.8575762 -0.4946404 0 0.8690977 -0.8778247 -0.06719088 -0.4742459 -0.9797705 0.0454992 -0.1948836 -0.5555786 -0.004242181 0.8314533 -0.831463 0.004069566 0.5555651 -0.8650811 -0.05938309 0.4981048 -0.9967035 -0.08000075 0.01349717 -0.9799378 0.04158717 0.1949169 0 1 -3.84674e-6 0 1 -4.41733e-7 0 1 -2.5116e-6 0 1 5.70313e-7 0 1 -4.66572e-7 0 1 0 0 1 0 0 1 -4.61562e-6 0 1 0 0 1 -2.99533e-6 0 1 -2.08052e-7 0 1 3.18131e-6 -0.07583129 0 0.9971207 -0.07583194 0 0.9971206 0.07583129 0 0.9971207 0.07583194 0 0.9971206 0.2510582 -0.0380153 0.9672253 -0.02735328 -0.996877 -0.07408189 0.9951013 0.05443602 0.08252364 -0.9385513 0.05440258 0.3408251 -0.9384711 0.05435222 0.3410541 -0.86023 0.2245718 0.4577904 0.5139943 -0.8566952 0.04339659 -0.6590172 -0.7504709 0.0498982 -0.4075077 0.133201 0.9034351 -0.9705744 0 0.2408013 -0.3538093 -0.9352046 -0.01454102 0 0.9805807 -0.1961161 -0.6076325 -0.7938599 0.023862 -0.5825527 0.8079221 0.08884906 -0.5825502 0.8079223 0.08886456 0.2368703 0.9391589 0.2487429 -0.4115751 0.902212 -0.1289167 0.1305099 0.6458882 -0.7521938 0.08632189 0.7601917 -0.6439389 0.2768564 0.5752442 -0.7697044 0.1381573 0.6194453 -0.7727873 0.1535969 0.6303924 -0.7609293 0.2662979 0.8553526 -0.4443619 0.3124172 0.8354067 -0.4522072 0.246862 0.9012688 -0.3560529 0.2126025 0.9038586 -0.371268 0.3619617 0.9314383 -0.03750044 0.4395956 0.8919542 0.1057054 0.3619894 0.931427 -0.03751599 0.3092797 0.9506928 0.02300339 0.4565427 0.8529134 0.2531946 0.504698 0.6673255 0.547683 0.7005091 0.1210034 0.7033101 -0.6023861 -0.7660697 -0.2242061 -0.9377204 -0.3421275 0.06024259 0.6261157 0.7765539 -0.07030797 -0.1015398 -0.7370198 0.6682002 -0.6451377 0.1308409 0.7527802 -0.3885773 0.223948 0.893787 -0.6100615 -0.1675844 0.7744292 0.862349 -0.4581229 -0.2155872 -0.3155093 0.9461631 -0.07231378 -0.3154805 0.9461736 -0.07230263 -0.436247 -0.8989332 0.04009944 -0.600979 -0.7989008 0.02412199 0.7113236 -0.1555714 -0.6854316 0 -1 3.31606e-7 0 -1 -2.45674e-7 0 -1 -1.05565e-6 -0.393167 0.07400077 -0.9164844 -0.2355381 0.04282867 -0.970921 -0.01015591 0.1154809 -0.9932578 0.01895254 0.08550715 -0.9961573 0.04265189 0.07309585 -0.9964125 0.07749515 0.06319814 -0.9949877 -0.04161518 0.05429279 -0.9976575 0.2518595 0.04675167 -0.966634 0.4790231 0.06937038 -0.8750569 0.4891662 0.07272589 -0.8691533 0.8198469 0.02056276 -0.5722135 0.8590151 0.05056369 -0.5094472 0.9893073 0.05184966 -0.136319 0.9893087 0.05184602 -0.1363099 0.990921 0.05193322 0.1240103 0.9796662 0.0374574 0.197107 0.8702207 0.07272595 0.4872647 0.8645133 0.06929403 0.4978104 0.7179714 0.04674607 0.6945013 0.5840803 0.06326597 0.8092267 0.5552918 0.0731002 0.8284368 0.5373266 0.08406925 0.8391737 0.4840618 0.05426985 0.8733494 0.5084655 0.1170382 0.8530914 0.3003525 0.04354512 0.9528338 0.1413194 0.0743466 0.9871684 -0.9759798 0.02987688 0.2158027 -0.9711438 0.02496618 0.2371846 -0.9534917 0.02794992 0.3001206 -0.9506645 0.02547264 0.3091738 -0.9363326 0.0262407 0.3501327 -0.9209012 0.02527874 0.3889756 -0.9165201 0.02808392 0.3990017 -0.8890253 0.02487128 0.4571822 -0.8781895 0.02990043 0.4773775 -0.9985341 0.03840321 0.038145 -0.9947426 0.03976899 0.09436959 -0.9992558 0.03838711 0.003797531 -0.9797126 0.04677158 0.1948731 -0.9800908 0.03765195 -0.1949473 -0.9264852 0.02415043 0.3755556 -0.9573052 0.03124517 -0.287386 -0.9264664 0.02415275 0.3756021 -0.8307619 0.04122906 -0.5550991 -0.8303175 0.05256152 0.5548064 -0.637391 0.03094989 -0.7699188 -0.5766006 -0.006463825 0.8170007 -0.5551428 0.03776198 -0.8308975 -0.5555188 0.009489834 0.8314498 -0.1949829 0.03753989 -0.980088 -0.1948397 0.05543816 0.9792671 -0.09995406 0.03105247 -0.9945074 -0.09019505 0.01361322 0.9958311 0.1949213 0.04122418 -0.9799522 0.1947327 0.06348407 0.9787998 0.4710117 0.0310437 -0.8815805 0.3232672 -0.00560826 0.9462912 0.5551465 0.03763097 -0.8309009 0.5538339 0.07800972 0.8289648 0.7251089 0.03836274 -0.6875649 0.6874325 -0.01689767 0.7260518 0.8307627 0.04079741 -0.5551297 0.8288833 0.07874584 0.5538516 0.835968 0.03973418 -0.5473378 0.9222075 9.52468e-4 0.3866943 0.9931184 0.03368681 -0.1121654 0.9786113 0.06658554 0.194644 0.9807248 0.01136928 -0.1950638 0.9975798 -0.003556847 -0.06943994 0 1 4.76454e-6 0 1 7.54706e-6 0.05449104 0 0.9985143 -0.05354475 0 0.9985655 0.1139798 -0.01976543 0.9932865 -0.1139798 -0.01972943 0.9932872 0.215407 0.01753365 0.9763671 -0.2467599 0.03002977 0.9686112 0.336008 -0.01934105 0.9416605 -0.3360314 -0.01615905 0.9417123 0.4198446 0.01688259 0.9074391 -0.5089049 0.02169066 0.8605495 0.5405877 -0.01845455 0.8410852 -0.5406777 -0.00304079 0.8412244 0.6047363 0.01576799 0.7962697 -0.7171707 0.003290593 0.6968898 0.7170698 -0.01711273 0.6967914 -0.7301236 0.01691275 0.6831058 0.7614869 0.01419514 0.6480249 -0.8689019 -0.01647573 0.4947103 0.868849 -0.0198251 0.4946801 -0.8925245 0.01863139 0.4506141 0.8828598 -8.06636e-4 0.4696361 -0.9713841 -0.01814156 0.2368203 0.9630513 7.85484e-4 0.2693168 -0.9831122 0.02023959 0.1818814 0.9713305 -0.02095693 0.2368079 -0.9990335 -0.01968944 -0.03930187 0.9982943 0.01487106 0.05645704 -0.9946017 0.02173155 -0.1014655 0.9988023 -0.02915734 -0.03929245 -0.9497224 -0.02112501 -0.31238 0.9808073 0.03034019 -0.1926047 -0.9260745 0.0231083 -0.3766326 0.9495387 -0.02887135 -0.3123183 -0.8272557 -0.0224443 -0.5613771 0.887284 0.02999567 -0.4602473 -0.783049 0.0243718 -0.6214824 0.8271282 -0.02847075 -0.5612919 -0.6410713 -0.02364939 -0.767117 0.7223741 0.02953559 -0.6908714 -0.5770345 0.02551966 -0.8163211 0.6409977 -0.02795499 -0.7670336 -0.4055129 -0.02473932 -0.9137545 0.4993449 0.02896153 -0.8659192 -0.3246139 0.02655196 -0.9454739 0.4054858 -0.02732366 -0.9136929 -0.1387292 -0.02571654 -0.9899964 0.2361336 0.0282737 -0.9713092 -0.04608607 0.02747017 -0.9985597 0.138726 -0.02657723 -0.9899742 0.9799396 -0.1916167 -0.05478596 0.9799444 -0.1915926 -0.05478435 0.9785599 0.1985634 -0.05470883 0.8321272 -0.5526303 -0.04652082 0.9785602 0.1985628 -0.05470699 0.8321327 -0.552622 -0.04652267 0.8282092 0.558503 -0.04630154 0.557641 -0.8294966 -0.03117632 0.8281898 0.5585317 -0.04630392 0.5576403 -0.8294971 -0.03117769 0.5517569 0.8334342 -0.03084862 0.1982564 -0.9800876 -0.01108467 0.5517556 0.8334353 -0.03084826 0.198254 -0.980088 -0.01108449 0.1913135 0.9814708 -0.01069617 -0.1913176 -0.9814699 0.01069676 0.1913152 0.9814704 -0.01069635 -0.1913105 -0.9814713 0.01069515 -0.1982596 0.9800869 0.01108455 -0.5517545 -0.8334359 0.03084599 -0.1982548 0.9800879 0.01108503 -0.551758 -0.8334335 0.03084856 -0.5576432 0.8294951 0.03117954 -0.8282014 -0.5585145 0.04630452 -0.5576359 0.8295 0.0311771 -0.8281975 -0.5585201 0.04630553 -0.832129 0.5526273 0.04652392 -0.9785575 -0.1985747 0.05471247 -0.832129 0.5526273 0.0465238 -0.9785628 -0.1985493 0.05470901 -0.9799395 0.1916167 0.05478781 -0.9799439 0.1915944 0.05478668 -0.03842037 0.9345836 0.3536629 -0.03842025 0.934584 0.3536618 -0.0741223 0.727306 0.682299 0.003129899 0.99958 -0.02881228 -0.07411944 0.7273054 0.6822999 0.003129839 0.99958 -0.02881193 -0.09853672 0.4093117 0.9070582 0.04420298 0.9123985 -0.4069092 -0.09853696 0.409312 0.907058 0.04420518 0.9123955 -0.4069157 -0.1079534 0.02898359 0.9937335 0.07854884 0.6863161 -0.7230494 -0.1079533 0.02897602 0.9937337 0.07854843 0.6863158 -0.7230497 -0.1009341 -0.3557339 0.929121 0.1009336 0.3557388 -0.9291192 -0.100934 -0.3557401 0.9291185 0.1009341 0.3557351 -0.9291205 -0.07854557 -0.6863167 0.7230491 0.1079469 -0.02898269 -0.9937341 -0.07855165 -0.6863144 0.7230507 0.1079591 -0.02897715 -0.993733 -0.04420477 -0.9123968 0.4069128 0.09853976 -0.4093068 -0.90706 -0.04420465 -0.912397 0.4069125 0.09853678 -0.4093067 -0.9070605 -0.003129899 -0.99958 0.02881222 0.07412207 -0.7273067 -0.6822983 -0.003129899 -0.99958 0.02880924 0.07412207 -0.7273074 -0.6822975 0.03842025 -0.934584 -0.3536618 0.03842008 -0.9345841 -0.3536617 -0.0559194 -5.09099e-6 -0.9984353 -0.05574101 1.01455e-5 -0.9984453 -0.05573743 -1.56075e-5 -0.9984455 -0.05573886 1.01816e-5 -0.9984455 -0.05593866 -3.44604e-5 -0.9984343 -0.05583822 3.4337e-5 -0.9984399 -0.0557152 -1.28768e-5 -0.9984467 -0.05574309 -2.50644e-5 -0.9984452 -0.05578994 -2.50629e-5 -0.9984426 -0.05584031 -4.99466e-5 -0.9984397 -0.05587106 -1.18999e-5 -0.9984381 -0.05594056 -6.26575e-5 -0.9984342 -0.05582439 -1.87961e-5 -0.9984406 -0.05583721 -6.86728e-5 -0.99844 -0.05582529 -6.24304e-6 -0.9984406 -0.05581283 -5.01238e-5 -0.9984413 -0.05580288 -1.27273e-6 -0.9984419 -0.05585032 -4.37014e-5 -0.9984391 -0.05588489 -6.867e-5 -0.9984373 -0.05581355 -1.87967e-5 -0.9984412 -0.05578577 -5.0122e-5 -0.9984428 -0.05578726 -9.55957e-6 -0.9984428 -0.05585741 -5.22864e-5 -0.9984388 -0.05591374 2.74118e-5 -0.9984356 -0.05584043 -3.13288e-5 -0.9984397 -0.0557633 1.95097e-5 -0.9984441 -0.0559408 -3.74604e-5 -0.9984342 -0.05583184 3.91638e-7 -0.9984402 -0.05594205 -6.26591e-6 -0.9984341 -0.05584353 0 -0.9984396 -0.05575937 -3.90188e-6 -0.9984443 -0.05583798 7.04867e-6 -0.9984399 -0.9941579 5.8851e-6 -0.1079358 -0.9941549 -8.51627e-6 -0.1079633 -0.9941523 6.38718e-6 -0.1079871 -0.994162 2.35494e-5 -0.1078975 -0.9941583 -2.35538e-5 -0.1079323 -0.9941518 0 -0.1079912 -0.9941502 -8.51623e-6 -0.1080062 -0.9941532 0 -0.1079789 -0.994148 9.41963e-5 -0.108027 -0.9941516 1.70325e-5 -0.1079939 -0.9941513 -1.70325e-5 -0.1079965 -0.9941545 4.70985e-5 -0.1079673 -0.994151 9.42145e-5 -0.1079992 -0.9941515 0 -0.1079956 -0.9941517 -1.70325e-5 -0.1079933 -0.994152 9.42034e-5 -0.1079902 -0.9941496 -4.71027e-5 -0.1080123 -0.9941512 -1.70328e-5 -0.1079969 -0.9941506 3.40649e-5 -0.1080023 -0.9941498 4.71049e-5 -0.1080109 -0.9941505 -4.71072e-5 -0.1080036 -0.9941504 1.70325e-5 -0.1080057 -0.9941523 0 -0.1079875 -0.9941445 9.42138e-5 -0.1080588 -0.9941564 4.71075e-5 -0.1079497 -0.9941505 0 -0.1080041 -0.9941521 0 -0.1079888 -0.9941613 -7.0675e-5 -0.1079041 -0.9941643 0 -0.1078773 -0.9941528 2.12921e-6 -0.1079823 -0.9941533 -5.32339e-6 -0.107978 -0.9941536 1.76619e-5 -0.107976 -0.9792554 -0.1950954 0.05474233 -0.9792548 0.1950983 0.05474269 -0.979257 -0.1950899 0.05473458 -0.9792569 0.1950899 0.05473506 -0.8301863 -0.5555517 0.04640173 -0.8301861 0.5555515 0.04640579 -0.8301634 -0.5555804 0.04646766 -0.8301635 0.5555806 0.04646331 -0.5547274 -0.8314527 0.03104698 -0.5546953 0.8314741 0.03104919 -0.5546947 -0.8314737 0.03107166 -0.5546948 0.8314738 0.03106355 -0.1947942 -0.9807835 0.01091003 -0.1948255 0.9807773 0.01090896 -0.1947664 -0.9807896 0.01085597 -0.1947301 0.9807969 0.01085609 0.194801 -0.9807828 -0.01085579 0.1947646 0.98079 -0.01085591 0.1947961 -0.9807834 -0.01089137 0.1947961 0.9807834 -0.01089411 0.5547329 -0.83145 -0.03101986 0.554688 0.83148 -0.03101891 0.5547361 -0.8314482 -0.03101408 0.5547388 0.8314465 -0.03100842 0.8301861 -0.5555509 -0.04641437 0.8301859 0.5555508 -0.04641872 0.8301674 -0.5555794 -0.04640895 0.8301472 0.5556094 -0.04641044 0.9792547 -0.1950984 -0.05474537 0.9792547 0.1950984 -0.05474483 0.9792557 -0.1950849 -0.05477243 0.979258 0.1950743 -0.05477023 -0.1058908 -0.1950918 0.9750521 -0.1058632 -0.1950836 0.9750567 -0.1058909 0.1950897 0.9750524 -0.08971643 -0.5555845 0.8266056 -0.1058633 0.1950837 0.9750566 -0.08990442 -0.5555639 0.8265992 -0.08971643 0.5555845 0.8266057 -0.0599054 -0.8314784 0.552318 -0.08990442 0.5555642 0.8265989 -0.06014209 -0.8314678 0.5523084 -0.05990636 0.831472 0.5523275 -0.02107709 -0.9807841 0.1939545 -0.06014186 0.8314692 0.5523062 -0.02102923 -0.9807871 0.193945 -0.02107709 0.9807841 0.1939545 0.02106857 -0.9807834 -0.1939592 -0.02102923 0.9807871 0.193945 0.02107429 -0.9807846 -0.1939522 0.02106857 0.9807834 -0.1939592 0.06000387 -0.831483 -0.5523004 0.02107429 0.9807844 -0.1939532 0.05999988 -0.8314619 -0.5523325 0.06000387 0.8314828 -0.5523006 0.08972018 -0.5555734 -0.8266127 0.06000024 0.8314584 -0.5523377 0.08984768 -0.5555747 -0.8265981 0.08972018 0.5555732 -0.8266128 0.1059939 -0.1950925 -0.9750406 0.08984762 0.5555742 -0.8265983 0.1058892 -0.1950941 -0.9750518 0.105994 0.1950927 -0.9750406 0.1058892 0.1950947 -0.9750516 -0.09802305 0 0.9951842 -0.2902824 0 0.9569411 -0.4714002 0 0.8819195 -0.09801369 0 0.9951851 -0.4713928 0 0.8819234 -0.634396 0 0.7730084 0.09801381 0 0.9951851 -0.6343932 0 0.7730106 -0.7730098 0 0.6343941 0.09802311 0 0.9951843 0.2902824 0 0.9569411 -0.7730098 0 0.6343941 -0.8819219 0 0.4713957 0.4714015 0 0.8819188 -0.8819229 0 0.4713938 -0.95694 0 0.290286 0.4713941 0 0.8819227 0.6343945 0 0.7730095 -0.9951848 0 0.09801685 0.6343917 0 0.7730118 0.7730097 0 0.6343944 -0.9951848 0 -0.09801644 0.8819209 0 0.4713975 -0.9951848 0 -0.09801685 -0.95694 0 -0.290286 0.881922 0 0.4713955 0.9569407 0 0.2902836 -0.9569396 0 -0.2902873 -0.8819223 0 -0.4713947 0.9951847 0 0.09801775 -0.8819229 0 -0.4713938 -0.7730098 0 -0.6343941 0.9951848 0 -0.09801727 -0.7730098 0 -0.6343941 -0.6343946 0 -0.7730095 0.9951847 0 -0.09801775 0.9569407 0 -0.2902836 -0.6343932 0 -0.7730106 -0.4713947 0 -0.8819224 0.9569404 0 -0.2902849 0.8819214 0 -0.4713965 -0.4713965 0 -0.8819214 -0.2902846 0 -0.9569405 0.881922 0 -0.4713955 0.7730097 0 -0.6343944 -0.0980184 0 -0.9951847 0.6343931 0 -0.7730107 -0.09801602 0 -0.9951848 0.09801614 0 -0.9951848 0.09801846 0 -0.9951847 0.6343917 0 -0.7730118 0.471396 0 -0.8819217 0.4713978 0 -0.8819208 0.2902846 0 -0.9569405 0.0980153 0 0.9951849 0.09801882 0 0.9951846 -0.0980187 0 0.9951846 -0.09801524 0 0.9951849 -0.2902854 0 0.9569402 -0.2902821 0 0.9569411 -0.4713967 0 0.8819214 0.2902854 0 0.9569402 0.2902821 0 0.9569411 0.4713967 0 0.8819214 -0.6343954 0 0.7730088 0.6343952 0 0.773009 -0.7730091 0 0.634395 0.7730094 0 0.6343947 -0.881922 0 0.4713954 0.8819212 0 0.4713971 -0.8819236 0 0.4713926 -0.9569398 0 0.2902868 0.8819228 0 0.4713941 0.9569402 0 0.2902855 -0.9951849 0 0.09801644 0.9951848 0 0.09801691 -0.9951848 0 -0.09801608 0.9951848 0 -0.09801656 -0.9951849 0 -0.09801644 -0.9569398 0 -0.2902868 0.9951848 0 -0.09801691 0.9569402 0 -0.2902855 -0.8819227 0 -0.471394 0.881922 0 -0.4713956 -0.7730078 0 -0.6343967 0.7730079 0 -0.6343964 -0.7730105 0 -0.6343933 -0.6343975 0 -0.7730071 0.7730107 0 -0.634393 0.6343972 0 -0.7730072 -0.6343933 0 -0.7730105 -0.471394 0 -0.8819229 0.634393 0 -0.7730107 0.471394 0 -0.8819229 -0.4713913 0 -0.8819243 -0.2902854 0 -0.9569402 -0.2902886 0 -0.9569392 -0.09801524 0 -0.9951849 0.4713913 0 -0.8819243 0.2902854 0 -0.9569402 -0.0980187 0 -0.9951846 0.09801882 0 -0.9951846 0.0980153 0 -0.9951849 0.2902886 0 -0.9569392 0.1950922 0 0.980785 0.5555671 0 0.8314718 0.1950922 0 0.980785 0.5555688 0 0.8314706 -0.195092 0 0.980785 0.8314711 0 0.5555681 0.8314703 0 0.5555692 -0.5555675 0 0.8314715 0.980785 0 0.1950921 -0.5555692 0 0.8314704 -0.8314707 0 0.5555686 0.9807851 0 -0.1950916 -0.83147 0 0.5555698 -0.9807852 0 0.1950913 0.8314695 0 -0.5555704 0.8314703 0 -0.5555692 -0.9807852 0 -0.1950908 0.5555688 0 -0.8314706 -0.8314692 0 -0.5555709 0.1950898 0 -0.9807855 -0.83147 0 -0.5555698 0.1950922 0 -0.980785 -0.5555692 0 -0.8314704 -0.195092 0 -0.980785 -0.1950896 0 -0.9807855 0 1 0 0 1 0 0 1 0 0 1 0 -0.1948173 -0.05089968 -0.979518 -0.5504929 -0.05024033 -0.8333269 -0.1958259 -0.05132049 -0.9792949 -0.5548197 -0.052365 -0.8303212 0.1937827 -0.05134236 -0.9797001 -0.8286496 -0.0503481 -0.5574988 0.1948534 -0.05187827 -0.9794595 -0.8303619 -0.05156844 -0.5548331 0.5529278 -0.05081069 -0.8316786 -0.9777371 -0.04903531 -0.2040239 0.5548353 -0.05202388 -0.8303321 -0.979425 -0.05269122 -0.1948091 0.8313615 -0.05061393 -0.5534223 -0.9805021 -0.05001801 0.1900364 0.8304461 -0.04962784 -0.554884 -0.9794638 -0.05197805 0.1948055 0.979583 -0.04948091 -0.1948559 -0.8372364 -0.04880845 0.5446587 0.9793195 -0.05015444 -0.1960047 -0.8302652 -0.05397021 0.5547496 0.9794322 -0.0524711 0.1948323 -0.5643497 -0.04879969 0.8240923 0.9779335 -0.04732322 0.2034864 -0.5547534 -0.05392056 0.8302658 0.8303174 -0.05238729 0.5548231 -0.2144246 -0.04650491 0.9756329 0.8252782 -0.04689908 0.5627757 -0.1947551 -0.05615973 0.9792429 0.5547203 -0.05572634 0.8301687 0.1782547 -0.04659044 0.9828808 0.5389631 -0.04499018 0.841127 0.1948221 -0.05542051 0.9792717 -0.1960196 -0.05131977 -0.9792562 0.1929764 -0.05135047 -0.9798589 -0.1948105 -0.05080205 -0.9795244 0.1948485 -0.05206209 -0.9794507 -0.5519995 -0.05025863 -0.8323286 0.5501709 -0.05066102 -0.833514 -0.5548521 -0.05188107 -0.8303297 0.5548006 -0.05263662 -0.8303166 -0.8311101 -0.05075949 -0.5537865 0.8277369 -0.05006217 -0.558879 -0.8304168 -0.05009841 -0.5548857 0.8303504 -0.05171197 -0.5548371 -0.9795536 -0.05015981 -0.1948305 0.9770627 -0.04875373 -0.2072964 -0.9798493 -0.04947584 -0.1935143 0.9794055 -0.05308634 -0.194799 -0.9794035 -0.05315101 0.1947916 0.981594 -0.04969704 0.1844004 -0.9769753 -0.04610836 0.2083111 0.9793853 -0.05341637 0.1948102 -0.8302671 -0.05383533 0.5547598 0.8375535 -0.0493952 0.5441181 -0.8221384 -0.04624265 0.5674065 0.830242 -0.05411136 0.5547704 -0.5546739 -0.05642557 0.8301525 0.5670067 -0.04868406 0.8222734 -0.5346674 -0.04465317 0.8438821 0.5547564 -0.05440264 0.8302324 -0.1947983 -0.05528277 0.9792842 0.2159858 -0.04723483 0.9752534 -0.1757091 -0.04644989 0.9833458 0.1947489 -0.05628353 0.979237 -0.1948474 -0.05077028 -0.9795188 -0.5502011 -0.0501427 -0.8335253 -0.1958802 -0.05131703 -0.9792842 -0.5547924 -0.05272877 -0.8303163 0.1947852 -0.05132746 -0.979502 -0.827276 -0.04998397 -0.5595678 0.1948598 -0.05135452 -0.9794858 -0.8303458 -0.05241668 -0.5547778 0.5547871 -0.05132037 -0.830408 -0.9771769 -0.04835104 -0.2068521 0.5560436 -0.05044168 -0.8296211 -0.9793827 -0.0535025 -0.1948 0.830348 -0.05220186 -0.5547947 -0.9810449 -0.04922932 0.1874233 0.8353244 -0.04659605 -0.5477792 -0.9794417 -0.05241227 0.1948001 0.979474 -0.05170613 -0.1948262 -0.8379955 -0.04825782 0.5435392 0.9811158 -0.04681462 -0.1876708 -0.8302497 -0.05417156 0.5547531 0.9792563 -0.05578118 0.1947962 -0.56441 -0.04859274 0.8240633 0.976307 -0.04446953 0.2117713 -0.5547297 -0.05380815 0.830289 0.8301936 -0.05540168 0.5547156 -0.2146745 -0.0464341 0.9755813 0.8211732 -0.04491662 0.5689087 -0.1947866 -0.05630415 0.9792284 0.5546436 -0.05773478 0.8300827 0.1762654 -0.04649883 0.9832438 0.5354917 -0.04429501 0.8433781 0.1948454 -0.05651402 0.9792045 -0.1973661 -0.05009508 -0.9790492 -0.1948559 -0.05133116 -0.9794878 -0.55485 -0.05052834 -0.8304147 0.1948279 -0.05133134 -0.9794933 -0.5551272 -0.05036032 -0.8302397 0.194859 -0.05134385 -0.9794865 -0.8303397 -0.05228078 -0.5547997 0.5489078 -0.05020767 -0.8343736 -0.8357122 -0.04704111 -0.5471493 0.55478 -0.05306047 -0.8303036 -0.9794406 -0.05240803 -0.1948066 0.8263827 -0.04967039 -0.5609141 -0.9817576 -0.04629331 -0.1844151 0.8303344 -0.05238294 -0.5547981 -0.9792318 -0.05630111 0.1947698 0.9763799 -0.04808765 -0.210642 -0.9751353 -0.04339993 0.2173195 0.9793612 -0.05391901 -0.1947933 -0.8301424 -0.05629718 0.5547019 0.982302 -0.04888522 0.1808122 -0.8182126 -0.04461395 0.5731824 0.9793485 -0.05408132 0.1948125 -0.5546342 -0.05809432 0.8300638 0.8388515 -0.04874134 0.5421738 -0.5313734 -0.04415631 0.8459863 0.8302326 -0.05444377 0.554752 -0.1948026 -0.05606657 0.9792388 0.5675097 -0.04835653 0.8219455 -0.1741098 -0.04640996 0.9836321 0.5547084 -0.05436277 0.830267 0.1948269 -0.05638545 0.9792156 0.2165312 -0.04706597 0.9751406 0 1 5.506e-6 0 1 -5.50661e-6 0 1 -1.10137e-5 0 1 1.10127e-5 0 -1 -9.02625e-6 0 -1 9.02633e-6 0 -1 -1.14797e-5 0 -1 -1.14795e-5 0 -1 -9.02633e-6 0 -1 9.02637e-6 0 -1 -9.02621e-6 0 -1 9.02625e-6 0 -1 -1.14796e-5 0 -1 -5.73974e-6 0 -1 -9.02629e-6 0 -1 -9.02641e-6 0 -1 -9.02637e-6 0 1 -1.9246e-6 -0.1950657 0 0.9807903 0.1950756 0 0.9807882 -0.5556386 0 0.831424 0.5556333 0 0.8314276 -0.5555742 0 0.831467 0.5555696 0 0.8314701 -0.8314666 0 0.5555749 0.8314669 0 0.5555744 -0.8314669 0 0.5555744 0.8314666 0 0.5555749 -0.9807944 0 0.1950449 0.9807864 0 0.195085 -0.9807909 0 0.1950625 0.9807829 0 0.1951026 -0.9807909 0 -0.1950625 0.9807829 0 -0.1951026 -0.9807944 0 -0.1950449 0.9807864 0 -0.195085 -0.8314666 0 -0.5555749 0.8314669 0 -0.5555744 -0.8314953 0 -0.5555319 0.8314949 0 -0.5555323 -0.5555112 0 -0.8315091 0.5555059 0 -0.8315126 -0.5556379 0 -0.8314244 0.5556333 0 -0.8314276 -0.1950657 0 -0.9807903 0.1950756 0 -0.9807882 -0.1952508 0 0.9807534 0.1952527 0 0.980753 -0.1951622 0 0.9807711 0.1951642 0 0.9807707 -0.5555696 0 0.8314701 -0.5555059 0 0.8315126 0.5555059 0 0.8315126 -0.8314431 0 0.55561 0.8314384 0 0.5556169 -0.8314715 0 0.5555675 -0.9807864 0 0.195085 -0.9807829 0 0.1951026 -0.9807898 0 -0.1950674 0.9807898 0 -0.1950674 -0.9807934 0 -0.1950498 0.9807934 0 -0.1950498 -0.8314431 0 -0.55561 0.8314384 0 -0.5556169 -0.8314715 0 -0.5555675 0.8314666 0 -0.5555749 -0.5555059 0 -0.8315126 -0.1950737 0 -0.9807887 -0.195138 0 0.9807758 0.1951324 0 0.9807769 -0.195055 0 0.9807923 0.1950494 0 0.9807935 -0.555611 0 0.8314424 0.5556117 0 0.8314419 -0.555552 0 0.8314818 0.5555514 0 0.8314823 -0.8314661 0 0.5555755 0.8314661 0 0.5555755 -0.9807853 0 0.1950904 0.9807909 0 0.1950622 -0.9807787 0 0.1951234 0.9807844 0 0.1950953 -0.9807853 0 -0.1950904 0.9807909 0 -0.1950622 -0.980782 0 -0.1951069 0.9807876 0 -0.1950787 -0.8314395 0 -0.5556153 0.8314395 0 -0.5556153 -0.8314661 0 -0.5555755 0.8314661 0 -0.5555755 -0.5556707 0 -0.8314025 0.5556713 0 -0.8314021 -0.5556117 0 -0.8314419 0.555611 0 -0.8314424 -0.195055 0 -0.9807923 0.1950494 0 -0.9807935 -0.194972 0 -0.9808089 0.1949663 0 -0.98081 -0.1952447 0 0.9807546 -0.1951562 0 0.9807722 0.5555206 0 0.8315029 0.5555842 0 0.8314603 0.8314715 0 0.5555675 0.8314431 0 0.55561 -0.9807889 0 0.1950725 0.9807749 0 0.1951428 -0.9807924 0 0.1950549 0.9807784 0 0.1951251 -0.9807994 0 -0.1950197 0.9807854 0 -0.1950899 -0.9807959 0 -0.1950373 0.9807819 0 -0.1951075 0.8314715 0 -0.5555675 -0.5555696 0 -0.8314701 0.5555842 0 -0.8314603 0.5555206 0 -0.8315029 -0.1949791 0 -0.9808075 0.1949871 0 -0.9808058 -0.1952459 0 0.9807544 0.1952508 0 0.9807534 -0.1951573 0 0.980772 0.1951622 0 0.9807711 -0.5555232 0 0.8315011 -0.5555862 0 0.8314591 -0.8314692 0 0.5555709 -0.8314408 0 0.5556135 -0.9807819 0 0.1951078 -0.9807854 0 0.1950898 -0.9807924 0 -0.195055 -0.9807889 0 -0.1950722 -0.5555869 0 -0.8314586 0.5555696 0 -0.8314701 -0.5555225 0 -0.8315015 -0.1949802 0 -0.9808073 0.1949852 0 -0.9808062 -0.1951324 0 0.9807769 0.195138 0 0.9807758 -0.1950494 0 0.9807935 0.195055 0 0.9807923 -0.831464 0 0.5555787 0.831464 0 0.5555787 -0.9807919 0 0.1950574 0.9807862 0 0.1950855 -0.9807853 0 0.1950907 0.9807797 0 0.1951189 -0.9807919 0 -0.1950574 0.9807862 0 -0.1950855 -0.9807886 0 -0.1950742 0.9807829 0 -0.1951024 -0.8314374 0 -0.5556186 0.8314374 0 -0.5556186 -0.831464 0 -0.5555787 0.831464 0 -0.5555787 -0.1950494 0 -0.9807935 0.195055 0 -0.9807923 -0.1949663 0 -0.98081 0.194972 0 -0.9808089 -0.1952516 0 0.9807532 0.1952516 0 0.9807532 -0.1951633 0 0.9807708 0.1951633 0 0.9807708 0.8314408 0 0.5556135 0.8314692 0 0.5555709 -0.9807853 0 0.1950902 -0.9807819 0 0.1951075 -0.9807889 0 -0.1950726 -0.9807924 0 -0.1950546 0.8314408 0 -0.5556135 0.8314692 0 -0.5555709 -0.1950748 0 -0.9807885 0.1950748 0 -0.9807885 -0.1950745 0 -0.9807884 0.1950745 0 -0.9807884 -0.1950756 0 0.9807882 0.1950687 0 0.9807896 -0.5556313 0 0.831429 0.5556479 0 0.8314178 -0.555567 0 0.8314719 -0.8314859 0 0.5555461 -0.8314861 0 0.5555456 -0.9807794 0 0.1951199 -0.9807759 0 0.1951379 -0.9807759 0 -0.1951375 -0.9807794 0 -0.1951203 -0.8314859 0 -0.5555461 -0.8315145 0 -0.5555031 0.8314976 0 -0.5555284 -0.555504 0 -0.831514 -0.5556306 0 -0.8314293 0.5556479 0 -0.8314178 -0.1950756 0 -0.9807882 0.1950687 0 -0.9807896 0.1951251 0 -0.9807784 -0.1951277 0 -0.9807779 0.1950546 0 -0.9807925 -0.1950572 0 -0.9807919 0.5555837 0 -0.8314607 -0.5555858 0 -0.8314592 0.5555354 0 -0.8314929 -0.5555334 0 -0.8314943 0.8314955 0 -0.5555317 -0.8314892 0 -0.5555411 0.8314505 0 -0.555599 -0.8314442 0 -0.5556084 0.9807884 0 -0.1950746 -0.9807885 0 -0.1950741 0.9807858 0 -0.195088 -0.9807857 0 -0.1950886 0.9807857 0 0.1950886 -0.9807858 0 0.195088 0.9807885 0 0.1950741 -0.9807884 0 0.1950746 0.8314729 0 0.5555653 -0.8314666 0 0.5555747 0.8314505 0 0.555599 -0.8314442 0 0.5556084 0.5556341 0 0.831427 -0.5556362 0 0.8314256 0.5555354 0 0.8314929 -0.5555334 0 0.8314943 0.1951246 0 0.9807785 -0.1951273 0 0.980778 0.1949849 0 0.9808062 -0.1949875 0 0.9808058 -0.8314955 0 -0.5555317 -0.8314505 0 -0.555599 -0.9807861 0 -0.1950867 -0.9807832 0 -0.1951012 -0.9807832 0 0.1951006 -0.9807859 0 0.1950872 -0.8314729 0 0.5555653 -0.8314505 0 0.555599 0.1951246 0 -0.9807785 -0.1951273 0 -0.980778 0.5555334 0 -0.8314943 -0.5555354 0 -0.8314929 0.8314729 0 -0.5555653 -0.8314666 0 -0.5555747 0.9807831 0 -0.195102 -0.9807829 0 -0.1951025 0.9807884 0 0.1950746 -0.9807885 0 0.1950741 0.195055 0 0.9807924 -0.1950576 0 0.9807918 -0.8314729 0 -0.5555653 -0.9807804 0 -0.1951152 -0.9807861 0 0.1950867 -0.1703112 0.1950873 -0.9658856 -0.1703118 -0.1950885 -0.9658854 -0.1703165 0.1950995 -0.9658823 -0.1703158 -0.1950983 -0.9658827 -0.1443842 0.5555742 -0.8188349 -0.144384 -0.5555736 -0.8188353 -0.1443843 0.5555634 -0.8188422 -0.1443849 -0.5555657 -0.8188405 -0.09647417 0.8314715 -0.547127 -0.09647417 -0.8314715 -0.547127 -0.09647631 0.8314695 -0.5471296 -0.09647381 -0.8314703 -0.5471289 -0.03387653 0.9807851 -0.1921278 -0.03387713 -0.9807852 -0.1921273 -0.03387695 0.9807864 -0.1921209 -0.03387755 -0.9807853 -0.1921264 0.03387618 0.9807866 0.1921201 0.03387612 -0.9807852 0.1921276 0.03387659 0.9807851 0.1921277 0.03387725 -0.980786 0.1921227 0.09647393 0.8314709 0.547128 0.0964713 -0.8314705 0.547129 0.09647423 0.8314672 0.5471336 0.09647458 -0.8314701 0.5471291 0.1443843 0.5555714 0.8188368 0.1443819 -0.555567 0.8188402 0.1443821 0.5555694 0.8188385 0.1443842 -0.5555725 0.818836 0.170312 0.1950883 0.9658854 0.170312 -0.1950883 0.9658854 0.1703127 0.1950954 0.9658838 0.1703133 -0.1950965 0.9658834 -0.9848036 -3.3525e-6 0.173672 -0.9848074 0 0.1736503 -0.9848033 3.3525e-6 0.1736733 -0.9848079 0 0.1736478 -0.9848078 0 0.1736483 -0.984808 7.54443e-6 0.1736472 -0.9848079 -3.77221e-6 0.1736477 -0.9848083 0 0.1736452 -0.9848064 -1.34101e-5 0.1736561 -0.9848083 2.68194e-5 0.1736455 -0.9848074 0 0.1736501 -0.9848081 -2.68201e-5 0.1736469 -0.984811 0 0.1736298 0.9848001 -2.68206e-5 -0.1736921 0.9848079 0 -0.1736478 0.984801 2.01149e-5 -0.1736867 0.9848077 0 -0.1736485 0.9848077 0 -0.1736487 0.9848077 0 -0.1736488 0.9848081 0 -0.1736462 0.9848085 0 -0.1736442 0.9848086 4.02286e-5 -0.1736432 0.9848132 6.70488e-6 -0.1736178 0.9848138 -1.34094e-5 -0.1736141 0.9848083 0 -0.1736455 0.9848089 -2.68194e-5 -0.1736423 0 1 -6.70511e-6 0 1 6.70484e-6 0 1 1.34091e-5 0 1 1.34093e-5 0 1 -3.35237e-6 0 1 -1.34091e-5 0 1 -1.34093e-5 0.1949347 0 -0.9808163 -0.1949391 0 -0.9808154 0.195218 0 -0.9807599 -0.1952224 0 -0.980759 0.5555959 0 -0.8314526 -0.5555853 0 -0.8314596 0.5553923 0 -0.8315884 -0.5553817 0 -0.8315957 0.8314993 0 -0.555526 -0.8314993 0 -0.555526 0.9807897 0 -0.1950685 -0.9807897 0 -0.1950685 0.9807785 0 0.1951248 -0.9807785 0 0.1951248 0.9808009 0 0.1950122 -0.9808009 0 0.1950122 0.8314993 0 0.555526 -0.8314993 0 0.555526 0.8314083 0 0.555662 -0.8314083 0 0.555662 0.5555959 0 0.8314526 -0.5555853 0 0.8314596 0.195218 0 0.9807599 -0.1952224 0 0.980759 0.1949347 0 0.9808163 -0.1949391 0 0.9808154 0 1 -1.34094e-5 0 1 -3.35242e-6 0 1 1.34094e-5 0 1 6.70475e-6 0 1 -6.70493e-6 0.1019285 -0.8527073 -0.5123485 -0.1019299 -0.85271 -0.5123437 0.2903363 -0.8526746 -0.4343398 -0.2903289 -0.8526766 -0.4343405 0.4343458 -0.8527154 -0.290207 -0.4343458 -0.8527154 -0.290207 0.5123015 -0.8527377 -0.1019096 -0.5123015 -0.8527377 -0.1019096 0.5123015 -0.8527377 0.1019096 -0.5123015 -0.8527377 0.1019096 0.4343763 -0.8526929 0.2902274 -0.434372 -0.8526962 0.2902245 0.2903261 -0.8526858 0.4343245 -0.2903187 -0.8526878 0.4343253 0.1019293 -0.852705 0.5123524 -0.1019314 -0.8527052 0.5123513 -0.101934 -0.8526972 -0.5123642 0.2903377 -0.8526729 -0.4343419 -0.2903246 -0.8526814 -0.434334 -0.290313 -0.8526943 0.4343166 -0.1019334 -0.8526988 0.5123617 -0.05583542 -1.1733e-5 -0.99844 -0.05583631 -1.17882e-6 -0.99844 -0.05578303 1.34094e-5 -0.998443 -0.05581867 -8.90349e-7 -0.9984409 -0.05582439 -2.53906e-6 -0.9984406 -0.05582129 1.03736e-5 -0.9984409 -0.05579143 -2.59342e-6 -0.9984425 -0.05581676 -2.82917e-6 -0.9984411 -0.05581146 1.00573e-5 -0.9984413 -0.05581945 1.00576e-5 -0.9984409 -0.05578225 1.92757e-5 -0.998443 -0.05589056 -1.42475e-5 -0.998437 -0.05581259 8.38128e-6 -0.9984413 -0.05583786 2.34669e-5 -0.9984399 -0.9941513 4.02297e-5 -0.107997 -0.994151 0 -0.107999 -0.9941513 -1.34091e-5 -0.107997 -0.9941511 0 -0.1079984 -0.9941511 3.12498e-6 -0.1079984 -0.9941511 -3.77215e-6 -0.1079986 -0.9941511 0 -0.1079986 -0.9941509 3.77218e-6 -0.1080005 -0.9941498 0 -0.1080107 -0.9941492 -6.7049e-6 -0.1080164 -0.9941512 -1.34098e-5 -0.1079977 -0.9941506 -4.02289e-5 -0.1080029 -0.9941535 3.35247e-6 -0.107977 -0.9941513 0 -0.1079965 0 -1 -5.81958e-5 0 -1 1.6373e-5 0 -1 -3.2746e-5 0 -1 1.45484e-5 0 -1 -5.81869e-5 0 -1 4.36427e-5 0 -1 5.82102e-5 0 -1 -5.81979e-5 0 -1 1.63729e-5 0 -1 -3.27458e-5 0 -1 4.36478e-5 0 -1 5.82131e-5</float_array>
          <technique_common>
            <accessor source="#Mesh5_002-mesh-normals-array" count="3536" stride="3">
              <param name="X" type="float"/>
              <param name="Y" type="float"/>
              <param name="Z" type="float"/>
            </accessor>
          </technique_common>
        </source>
        <vertices id="Mesh5_002-mesh-vertices">
          <input semantic="POSITION" source="#Mesh5_002-mesh-positions"/>
        </vertices>
        <triangles material="Material_3_001-material" count="4339">
          <input semantic="VERTEX" source="#Mesh5_002-mesh-vertices" offset="0"/>
          <input semantic="NORMAL" source="#Mesh5_002-mesh-normals" offset="1"/>
          <p>0 0 1 0 2 0 2 0 3 0 0 0 3 0 4 0 0 0 5 0 4 0 3 0 4 0 5 0 6 0 7 1 5 1 3 1 9 2 5 2 7 2 3 3 10 3 7 3 7 4 10 4 13 4 10 5 3 5 12 5 15 6 10 6 12 6 10 7 15 7 19 7 19 8 16 8 10 8 16 9 13 9 10 9 8 0 6 0 5 0 8 0 11 0 6 0 23 10 19 10 15 10 28 11 19 11 23 11 32 12 19 12 28 12 39 13 19 13 32 13 44 14 19 14 39 14 49 15 19 15 44 15 54 16 19 16 49 16 54 17 61 17 19 17 8 0 14 0 11 0 17 18 14 18 8 18 17 0 8 0 21 0 25 0 21 0 8 0 17 19 20 19 14 19 14 0 20 0 18 0 14 0 18 0 11 0 22 0 11 0 18 0 24 20 20 20 17 20 30 21 24 21 17 21 17 22 35 22 30 22 34 23 24 23 30 23 24 24 34 24 33 24 29 25 24 25 33 25 41 26 34 26 30 26 29 27 20 27 24 27 26 28 20 28 29 28 40 29 29 29 33 29 29 30 40 30 37 30 45 31 33 31 34 31 45 32 46 32 33 32 50 33 45 33 34 33 57 34 50 34 34 34 34 35 64 35 57 35 57 36 64 36 68 36 68 37 64 37 73 37 73 38 79 38 68 38 79 39 87 39 68 39 87 40 80 40 68 40 74 41 68 41 80 41 80 42 88 42 74 42 74 43 88 43 96 43 74 44 96 44 108 44 74 45 108 45 121 45 96 46 88 46 107 46 107 47 119 47 96 47 96 48 120 48 108 48 96 49 119 49 120 49 119 50 107 50 129 50 129 51 135 51 119 51 135 52 129 52 141 52 149 53 135 53 141 53 87 54 94 54 80 54 148 55 141 55 129 55 141 56 148 56 156 56 141 57 156 57 165 57 165 58 174 58 141 58 166 59 141 59 174 59 141 60 166 60 157 60 80 61 94 61 105 61 80 62 105 62 95 62 88 63 106 63 107 63 88 64 80 64 95 64 120 65 119 65 135 65 142 66 120 66 135 66 128 67 107 67 106 67 128 68 134 68 107 68 149 69 141 69 157 69 157 70 167 70 149 70 167 71 176 71 149 71 188 72 149 72 176 72 188 73 201 73 149 73 188 74 214 74 201 74 215 75 214 75 188 75 166 76 175 76 157 76 175 77 166 77 174 77 186 78 174 78 165 78 107 79 134 79 129 79 129 80 134 80 140 80 156 81 148 81 164 81 156 82 164 82 173 82 173 83 185 83 156 83 185 84 173 84 197 84 211 85 185 85 197 85 185 85 211 85 198 85 140 86 148 86 129 86 148 87 140 87 155 87 105 88 94 88 116 88 116 89 117 89 105 89 95 90 105 90 117 90 95 91 117 91 118 91 95 92 118 92 106 92 95 93 106 93 88 93 106 94 118 94 127 94 164 95 184 95 173 95 173 96 184 96 196 96 210 97 173 97 196 97 225 98 173 98 210 98 225 99 236 99 173 99 127 100 128 100 106 100 128 101 127 101 138 101 164 102 148 102 155 102 172 103 164 103 155 103 139 104 134 104 128 104 139 105 146 105 134 105 134 106 146 106 140 106 146 107 154 107 140 107 147 108 139 108 128 108 172 109 155 109 154 109 140 110 154 110 155 110 164 111 195 111 184 111 117 112 116 112 133 112 68 113 74 113 57 113 174 114 186 114 175 114 165 115 198 115 186 115 157 116 175 116 167 116 197 85 226 85 211 85 238 85 226 85 197 85 245 85 238 85 197 85 245 85 249 85 238 85 245 85 253 85 249 85 253 85 256 85 249 85 211 85 237 85 198 85 226 85 239 85 211 85 237 117 227 117 198 117 212 118 198 118 227 118 186 119 198 119 212 119 212 120 175 120 186 120 199 121 175 121 212 121 175 122 199 122 187 122 175 123 187 123 167 123 176 124 202 124 188 124 215 125 188 125 202 125 215 126 202 126 230 126 237 85 211 85 239 85 239 85 246 85 237 85 246 127 227 127 237 127 227 128 246 128 242 128 227 129 242 129 218 129 227 130 218 130 212 130 199 131 212 131 218 131 199 132 218 132 204 132 187 133 176 133 167 133 176 134 187 134 200 134 187 135 199 135 204 135 213 136 187 136 204 136 187 137 213 137 200 137 228 138 200 138 213 138 229 139 200 139 228 139 202 140 200 140 229 140 200 141 202 141 176 141 56 142 45 142 50 142 229 143 230 143 202 143 56 144 50 144 63 144 229 145 248 145 230 145 45 146 55 146 46 146 252 147 246 147 239 147 254 148 246 148 252 148 18 0 27 0 22 0 242 149 246 149 254 149 254 85 257 85 242 85 218 150 242 150 220 150 218 151 220 151 190 151 218 152 190 152 204 152 190 153 178 153 204 153 204 154 178 154 217 154 204 155 217 155 213 155 217 156 240 156 213 156 228 157 247 157 229 157 248 158 229 158 251 158 255 159 248 159 251 159 62 160 55 160 45 160 40 161 33 161 46 161 51 162 40 162 46 162 52 163 40 163 51 163 52 164 47 164 40 164 37 165 40 165 47 165 37 166 26 166 29 166 47 167 42 167 37 167 26 168 37 168 42 168 26 0 18 0 20 0 252 85 258 85 254 85 190 169 220 169 205 169 205 170 168 170 190 170 217 171 178 171 232 171 217 172 232 172 241 172 240 173 228 173 213 173 259 174 254 174 258 174 260 85 254 85 259 85 262 175 260 175 259 175 247 176 228 176 250 176 58 177 46 177 55 177 51 178 46 178 58 178 66 179 51 179 58 179 51 180 66 180 65 180 52 181 51 181 65 181 65 182 59 182 52 182 59 183 47 183 52 183 59 184 67 184 47 184 71 185 47 185 67 185 78 186 71 186 67 186 85 187 71 187 78 187 71 188 85 188 93 188 103 189 71 189 93 189 27 0 18 0 26 0 93 190 114 190 103 190 26 0 36 0 27 0 27 0 31 0 22 0 38 191 31 191 27 191 31 192 38 192 43 192 102 193 93 193 85 193 113 194 93 194 102 194 125 195 93 195 113 195 125 196 132 196 93 196 85 197 78 197 84 197 67 198 70 198 78 198 59 199 70 199 67 199 59 200 65 200 72 200 72 201 77 201 59 201 66 202 58 202 69 202 75 203 69 203 58 203 69 204 76 204 66 204 76 205 81 205 66 205 81 206 72 206 66 206 72 207 65 207 66 207 258 85 261 85 259 85 261 85 263 85 259 85 43 0 38 0 48 0 38 208 53 208 48 208 60 0 48 0 53 0 85 209 84 209 102 209 125 210 113 210 131 210 125 211 131 211 137 211 262 212 259 212 264 212 168 213 205 213 219 213 168 214 178 214 190 214 168 215 150 215 178 215 168 216 219 216 233 216 168 217 233 217 243 217 59 218 77 218 70 218 263 219 261 219 265 219 112 220 102 220 84 220 168 221 158 221 150 221 143 222 150 222 158 222 150 223 143 223 136 223 152 224 150 224 136 224 161 225 150 225 152 225 152 226 144 226 161 226 158 227 168 227 177 227 177 228 168 228 189 228 189 229 168 229 203 229 203 230 168 230 216 230 168 231 231 231 216 231 152 232 136 232 144 232 84 233 78 233 70 233 70 234 83 234 84 234 83 235 101 235 84 235 259 236 266 236 264 236 267 237 264 237 266 237 70 238 77 238 83 238 144 239 136 239 90 239 131 240 113 240 112 240 112 241 124 241 131 241 143 242 158 242 159 242 159 243 158 243 179 243 159 244 179 244 191 244 159 245 191 245 206 245 206 246 221 246 159 246 222 247 159 247 221 247 207 248 159 248 222 248 192 249 159 249 207 249 180 250 159 250 192 250 169 251 159 251 180 251 151 252 159 252 169 252 151 253 143 253 159 253 143 254 151 254 130 254 101 255 112 255 84 255 112 256 113 256 102 256 72 257 81 257 86 257 76 258 69 258 82 258 82 259 69 259 89 259 97 260 82 260 89 260 82 261 97 261 109 261 90 262 76 262 82 262 76 263 90 263 98 263 136 264 143 264 130 264 111 265 101 265 83 265 137 266 132 266 125 266 137 267 131 267 124 267 124 268 101 268 111 268 83 269 77 269 92 269 92 270 77 270 86 270 86 271 104 271 92 271 86 272 115 272 104 272 126 273 115 273 86 273 100 274 92 274 104 274 100 275 83 275 92 275 112 276 101 276 124 276 86 277 77 277 72 277 91 278 81 278 76 278 151 279 160 279 130 279 90 280 110 280 98 280 110 281 90 281 122 281 90 282 130 282 122 282 110 283 123 283 98 283 136 284 130 284 90 284 99 285 81 285 91 285 137 286 145 286 132 286 132 287 145 287 153 287 163 288 132 288 153 288 153 289 145 289 162 289 145 290 170 290 162 290 162 291 170 291 181 291 193 292 162 292 181 292 153 293 162 293 171 293 162 294 182 294 171 294 182 295 183 295 171 295 163 296 171 296 183 296 208 297 183 297 182 297 223 298 183 298 208 298 234 299 183 299 223 299 244 300 183 300 234 300 235 301 183 301 244 301 224 302 183 302 235 302 183 303 224 303 209 303 209 304 194 304 183 304 163 305 183 305 194 305 163 306 153 306 171 306 268 85 269 85 270 85 268 85 271 85 269 85 273 85 271 85 268 85 273 85 275 85 271 85 275 85 273 85 277 85 269 85 272 85 270 85 274 85 272 85 269 85 274 85 276 85 272 85 279 85 277 85 273 85 281 85 277 85 279 85 274 85 278 85 276 85 280 85 278 85 274 85 278 85 280 85 282 85 284 85 282 85 280 85 279 307 283 307 281 307 283 85 285 85 281 85 286 85 284 85 280 85 288 85 284 85 286 85 288 85 286 85 290 85 283 85 287 85 285 85 283 85 289 85 287 85 287 85 289 85 291 85 292 85 290 85 286 85 292 85 294 85 290 85 290 85 294 85 296 85 293 85 291 85 289 85 291 85 293 85 295 85 294 85 298 85 296 85 296 85 298 85 300 85 297 85 295 85 293 85 302 85 300 85 298 85 300 85 302 85 304 85 293 308 299 308 297 308 299 85 301 85 297 85 302 85 306 85 304 85 308 85 306 85 302 85 302 85 310 85 308 85 310 85 312 85 308 85 299 85 303 85 301 85 301 309 303 309 305 309 314 85 312 85 310 85 316 85 314 85 310 85 318 85 314 85 316 85 320 85 318 85 316 85 303 85 307 85 305 85 307 310 303 310 309 310 311 85 307 85 309 85 309 85 313 85 311 85 313 85 315 85 311 85 317 311 315 311 313 311 315 312 317 312 319 312 321 313 319 313 317 313 317 314 322 314 321 314 321 85 322 85 323 85 323 85 322 85 324 85 325 85 323 85 324 85 324 85 326 85 325 85 326 85 324 85 327 85 327 85 328 85 326 85 328 85 327 85 329 85 328 315 329 315 330 315 330 85 329 85 331 85 329 85 332 85 331 85 332 85 333 85 331 85 333 85 334 85 331 85 335 316 336 316 337 316 338 317 335 317 337 317 339 318 335 318 338 318 340 319 341 319 342 319 343 320 342 320 341 320 343 321 341 321 344 321 344 322 345 322 343 322 345 323 344 323 346 323 346 324 347 324 345 324 347 325 346 325 348 325 347 326 348 326 349 326 348 327 350 327 349 327 348 328 351 328 350 328 351 329 352 329 350 329 352 330 351 330 353 330 352 331 353 331 354 331 354 332 353 332 355 332 356 333 354 333 355 333 355 334 357 334 356 334 358 335 356 335 357 335 356 336 358 336 359 336 360 337 361 337 362 337 363 338 364 338 365 338 365 339 366 339 363 339 367 340 363 340 366 340 366 341 368 341 367 341 368 342 369 342 367 342 368 343 370 343 369 343 371 344 369 344 370 344 370 345 372 345 371 345 373 346 371 346 372 346 373 347 372 347 374 347 374 348 375 348 373 348 375 349 374 349 376 349 375 350 376 350 377 350 377 351 376 351 378 351 378 352 379 352 377 352 378 353 380 353 379 353 381 354 377 354 379 354 382 355 383 355 384 355 383 356 382 356 385 356 385 357 382 357 386 357 385 358 387 358 383 358 388 359 387 359 385 359 388 360 389 360 387 360 388 361 390 361 389 361 390 362 391 362 389 362 390 363 392 363 391 363 392 364 393 364 391 364 393 365 392 365 394 365 394 366 395 366 393 366 396 367 395 367 394 367 396 368 397 368 395 368 397 369 396 369 398 369 398 370 399 370 397 370 399 371 398 371 400 371 401 372 402 372 403 372 404 373 403 373 402 373 401 374 403 374 405 374 404 375 402 375 406 375 404 376 406 376 407 376 407 377 406 377 408 377 407 378 408 378 409 378 410 379 409 379 408 379 411 380 409 380 410 380 411 381 410 381 412 381 412 382 413 382 411 382 412 383 414 383 413 383 415 384 413 384 414 384 414 385 416 385 415 385 415 386 416 386 417 386 415 387 417 387 418 387 415 388 418 388 419 388 419 389 420 389 415 389 415 390 420 390 421 390 420 391 422 391 421 391 421 392 422 392 423 392 423 393 422 393 424 393 424 394 425 394 423 394 424 395 426 395 425 395 424 396 427 396 426 396 427 397 428 397 426 397 428 398 427 398 429 398 428 399 429 399 430 399 431 400 428 400 430 400 430 401 432 401 431 401 433 402 431 402 432 402 433 403 432 403 434 403 435 404 433 404 434 404 436 405 435 405 434 405 435 406 436 406 437 406 438 407 439 407 440 407 438 408 440 408 441 408 438 409 441 409 442 409 443 410 438 410 442 410 438 411 443 411 444 411 444 412 443 412 445 412 443 413 446 413 445 413 448 414 445 414 446 414 448 415 449 415 445 415 449 416 447 416 445 416 447 417 449 417 451 417 452 418 447 418 451 418 452 419 450 419 447 419 453 420 450 420 452 420 453 421 452 421 455 421 457 422 453 422 455 422 444 423 447 423 450 423 451 424 454 424 452 424 455 425 461 425 457 425 455 426 452 426 454 426 454 427 460 427 455 427 465 428 455 428 460 428 465 429 461 429 455 429 469 430 461 430 465 430 456 431 454 431 451 431 454 432 456 432 458 432 465 433 472 433 469 433 469 434 472 434 477 434 454 435 458 435 460 435 460 436 458 436 467 436 468 437 460 437 467 437 468 438 465 438 460 438 472 439 482 439 477 439 477 440 482 440 490 440 465 441 468 441 472 441 472 442 468 442 476 442 468 443 467 443 475 443 476 444 482 444 472 444 489 445 482 445 476 445 482 446 489 446 498 446 482 447 498 447 503 447 482 448 503 448 499 448 482 449 499 449 490 449 490 450 499 450 504 450 509 451 490 451 504 451 509 452 517 452 490 452 475 453 476 453 468 453 517 454 509 454 525 454 525 455 535 455 517 455 517 456 535 456 542 456 489 457 476 457 475 457 451 458 459 458 456 458 463 459 459 459 451 459 459 460 464 460 456 460 464 461 462 461 456 461 458 462 456 462 462 462 458 463 462 463 466 463 458 464 466 464 467 464 474 465 467 465 466 465 474 466 481 466 467 466 467 467 481 467 475 467 445 468 447 468 444 468 474 469 486 469 481 469 466 470 471 470 474 470 474 471 471 471 479 471 464 472 470 472 462 472 462 473 470 473 473 473 473 474 471 474 462 474 486 475 474 475 479 475 495 476 486 476 479 476 471 477 466 477 462 477 473 478 480 478 471 478 488 479 471 479 480 479 497 480 471 480 488 480 501 481 471 481 497 481 471 482 501 482 493 482 471 483 493 483 485 483 479 484 471 484 485 484 479 485 485 485 494 485 470 486 478 486 473 486 484 487 473 487 478 487 484 488 492 488 473 488 473 489 492 489 487 489 487 490 480 490 473 490 496 491 480 491 487 491 470 492 483 492 478 492 483 493 470 493 491 493 491 494 500 494 483 494 500 495 506 495 483 495 483 496 506 496 513 496 500 497 512 497 506 497 502 498 494 498 485 498 507 499 494 499 502 499 514 500 494 500 507 500 521 501 494 501 514 501 494 502 521 502 530 502 495 503 479 503 494 503 508 504 502 504 485 504 516 505 508 505 485 505 502 506 508 506 515 506 505 507 500 507 491 507 510 508 500 508 505 508 500 509 510 509 518 509 527 510 500 510 518 510 527 511 536 511 500 511 536 512 543 512 500 512 543 513 549 513 500 513 549 514 554 514 500 514 500 515 554 515 557 515 526 516 518 516 510 516 524 517 515 517 508 517 523 518 515 518 524 518 515 519 523 519 507 519 519 520 510 520 505 520 519 521 528 521 510 521 510 522 528 522 538 522 510 523 538 523 544 523 538 524 550 524 544 524 534 525 550 525 538 525 538 526 548 526 534 526 548 527 538 527 523 527 548 528 541 528 534 528 523 529 541 529 548 529 538 530 528 530 523 530 523 531 524 531 541 531 523 85 528 85 533 85 508 532 534 532 524 532 528 85 519 85 537 85 534 533 541 533 524 533 502 534 515 534 507 534 533 85 507 85 523 85 507 535 533 535 522 535 533 536 528 536 537 536 519 537 539 537 537 537 522 538 514 538 507 538 532 85 514 85 522 85 540 85 514 85 532 85 540 539 531 539 514 539 505 540 520 540 519 540 505 541 511 541 520 541 511 542 529 542 520 542 529 543 539 543 520 543 520 85 539 85 519 85 545 85 539 85 529 85 511 544 505 544 491 544 540 545 532 545 547 545 547 546 553 546 540 546 540 547 553 547 552 547 540 548 552 548 546 548 531 549 540 549 546 549 531 550 521 550 514 550 529 551 551 551 545 551 551 552 555 552 545 552 555 553 551 553 558 553 558 85 560 85 555 85 562 85 555 85 560 85 556 554 553 554 547 554 562 555 560 555 564 555 564 556 566 556 562 556 564 557 568 557 566 557 566 558 568 558 570 558 566 85 570 85 572 85 570 559 574 559 572 559 572 85 574 85 576 85 577 85 576 85 574 85 577 85 575 85 576 85 575 560 573 560 576 560 573 85 575 85 571 85 573 561 571 561 567 561 569 562 567 562 571 562 567 85 569 85 565 85 567 85 565 85 563 85 563 563 565 563 561 563 561 564 559 564 563 564 559 565 561 565 556 565 559 566 556 566 547 566 578 567 579 567 580 567 581 85 582 85 583 85 584 568 585 568 586 568 587 569 588 569 589 569 590 570 591 570 592 570 593 85 594 85 595 85 596 571 597 571 598 571 597 572 599 572 598 572 600 573 596 573 598 573 601 574 599 574 597 574 598 575 599 575 602 575 603 576 596 576 600 576 599 577 601 577 604 577 597 578 605 578 601 578 598 579 602 579 606 579 600 580 607 580 603 580 608 581 604 581 601 581 601 582 605 582 609 582 606 583 610 583 598 583 607 584 611 584 603 584 608 585 601 585 612 585 601 586 609 586 612 586 610 587 606 587 613 587 614 588 603 588 611 588 615 589 603 589 614 589 616 590 615 590 614 590 617 591 618 591 619 591 619 592 618 592 620 592 620 593 618 593 621 593 622 594 619 594 620 594 623 595 620 595 621 595 624 596 619 596 622 596 623 597 625 597 620 597 626 598 624 598 622 598 623 599 627 599 625 599 624 600 626 600 628 600 629 601 628 601 626 601 629 602 626 602 630 602 630 603 631 603 629 603 632 604 631 604 630 604 629 605 631 605 633 605 634 606 631 606 632 606 635 607 629 607 633 607 636 608 631 608 634 608 637 609 631 609 636 609 638 610 639 610 640 610 640 611 639 611 641 611 640 612 641 612 642 612 642 613 641 613 643 613 644 614 643 614 641 614 645 0 646 0 647 0 648 0 646 0 645 0 649 615 645 615 647 615 645 616 649 616 650 616 651 617 652 617 653 617 653 618 654 618 651 618 655 619 656 619 657 619 655 620 658 620 656 620 655 621 657 621 659 621 656 622 658 622 660 622 659 623 661 623 655 623 660 624 658 624 662 624 663 625 656 625 660 625 662 626 658 626 664 626 663 627 665 627 656 627 666 628 664 628 658 628 665 629 663 629 667 629 664 630 666 630 668 630 663 631 669 631 667 631 666 632 670 632 668 632 669 633 671 633 667 633 672 634 668 634 670 634 673 635 671 635 669 635 674 636 668 636 672 636 671 637 673 637 675 637 676 638 668 638 674 638 677 639 675 639 673 639 676 640 678 640 668 640 679 641 677 641 673 641 680 642 681 642 682 642 682 643 681 643 683 643 683 644 684 644 682 644 683 645 685 645 684 645 685 646 686 646 684 646 685 647 687 647 686 647 687 648 685 648 688 648 687 649 688 649 689 649 688 650 690 650 689 650 687 651 689 651 691 651 690 652 692 652 689 652 690 653 693 653 692 653 694 654 693 654 690 654 695 655 694 655 690 655 690 656 696 656 695 656 697 0 698 0 699 0 697 657 699 657 700 657 699 0 701 0 700 0 700 658 701 658 702 658 703 659 704 659 705 659 706 85 704 85 703 85 707 660 703 660 705 660 707 661 708 661 703 661 709 662 710 662 711 662 711 663 712 663 709 663 713 664 709 664 712 664 712 665 714 665 713 665 715 666 714 666 712 666 714 667 715 667 716 667 717 668 716 668 715 668 715 669 718 669 717 669 719 85 720 85 721 85 720 85 719 85 722 85 723 85 719 85 721 85 724 85 719 85 723 85 725 670 726 670 727 670 727 671 728 671 725 671 727 672 729 672 728 672 729 673 727 673 730 673 731 674 729 674 730 674 730 675 732 675 731 675 732 676 730 676 733 676 733 677 734 677 732 677 735 678 736 678 737 678 738 679 735 679 737 679 739 680 738 680 737 680 740 681 739 681 737 681 739 682 740 682 741 682 740 683 742 683 741 683 740 684 743 684 742 684 744 685 742 685 743 685 745 686 744 686 743 686 746 687 744 687 745 687 747 688 746 688 745 688 748 689 747 689 745 689 747 690 748 690 749 690 749 691 748 691 750 691 751 692 749 692 750 692 752 693 751 693 750 693 751 694 752 694 753 694 755 695 751 695 753 695 757 696 751 696 755 696 751 697 757 697 759 697 757 698 761 698 759 698 757 699 764 699 761 699 761 700 764 700 766 700 766 701 767 701 761 701 769 702 761 702 767 702 770 703 761 703 769 703 772 704 761 704 770 704 773 705 761 705 772 705 774 706 761 706 773 706 773 707 775 707 774 707 774 708 775 708 776 708 776 709 777 709 774 709 761 710 765 710 759 710 769 711 767 711 768 711 771 712 769 712 768 712 766 713 768 713 767 713 759 714 762 714 751 714 752 715 754 715 753 715 752 716 756 716 754 716 756 717 758 717 754 717 756 718 760 718 758 718 763 719 760 719 756 719 778 720 777 720 776 720 777 721 778 721 779 721 779 722 781 722 777 722 780 723 778 723 776 723 780 724 776 724 783 724 783 725 786 725 780 725 789 726 786 726 783 726 789 727 783 727 794 727 783 728 799 728 794 728 783 729 809 729 799 729 799 730 810 730 794 730 822 731 794 731 810 731 793 732 789 732 794 732 794 733 808 733 793 733 808 734 794 734 820 734 793 735 808 735 821 735 822 736 810 736 832 736 832 737 810 737 842 737 786 738 785 738 780 738 786 739 789 739 793 739 786 740 793 740 791 740 802 741 791 741 793 741 791 742 802 742 803 742 803 743 796 743 791 743 791 744 796 744 785 744 802 745 825 745 803 745 836 746 803 746 825 746 803 747 836 747 847 747 786 748 791 748 785 748 796 749 792 749 785 749 785 750 792 750 788 750 782 751 785 751 788 751 803 752 814 752 796 752 782 753 778 753 780 753 779 754 784 754 781 754 784 755 782 755 788 755 793 756 813 756 802 756 813 757 826 757 802 757 802 758 826 758 835 758 837 759 826 759 813 759 792 760 796 760 804 760 804 761 796 761 815 761 827 762 815 762 796 762 828 763 815 763 827 763 827 764 850 764 828 764 804 765 815 765 828 765 838 766 804 766 828 766 804 767 838 767 829 767 816 768 804 768 829 768 816 769 792 769 804 769 805 770 792 770 816 770 792 771 805 771 797 771 848 772 836 772 825 772 858 773 836 773 848 773 792 774 797 774 788 774 797 775 806 775 788 775 806 776 817 776 788 776 802 777 835 777 825 777 835 778 846 778 825 778 846 779 857 779 825 779 836 780 858 780 847 780 829 781 839 781 816 781 851 782 838 782 828 782 851 783 859 783 838 783 859 784 860 784 838 784 860 785 852 785 838 785 835 786 826 786 837 786 837 787 856 787 835 787 867 788 858 788 848 788 813 789 849 789 837 789 857 790 848 790 825 790 868 791 848 791 857 791 868 792 875 792 848 792 848 793 875 793 867 793 857 794 846 794 866 794 838 795 852 795 829 795 846 796 835 796 856 796 856 797 865 797 846 797 865 798 874 798 846 798 846 799 874 799 866 799 857 800 866 800 868 800 865 801 881 801 874 801 881 802 865 802 893 802 893 803 905 803 881 803 906 804 881 804 905 804 881 805 906 805 882 805 904 85 893 85 865 85 865 85 920 85 904 85 904 85 920 85 938 85 882 806 874 806 881 806 938 807 920 807 953 807 972 85 938 85 953 85 859 808 876 808 860 808 882 809 866 809 874 809 882 810 894 810 866 810 866 811 894 811 883 811 953 85 981 85 972 85 972 85 981 85 992 85 868 812 884 812 875 812 866 813 883 813 868 813 939 85 906 85 905 85 939 814 921 814 906 814 921 815 882 815 906 815 882 816 921 816 922 816 922 817 907 817 882 817 981 818 998 818 992 818 1006 819 992 819 998 819 860 820 876 820 885 820 876 821 895 821 885 821 908 822 885 822 895 822 885 823 908 823 924 823 894 824 882 824 907 824 816 825 830 825 805 825 907 826 883 826 894 826 907 827 923 827 883 827 942 828 883 828 923 828 943 829 924 829 908 829 924 830 943 830 959 830 1006 85 998 85 1012 85 923 831 958 831 942 831 884 832 868 832 883 832 942 833 958 833 959 833 939 85 955 85 921 85 955 85 974 85 921 85 983 85 921 85 974 85 1017 85 1012 85 998 85 1012 85 1017 85 1022 85 1022 85 1027 85 1012 85 959 834 943 834 942 834 984 835 959 835 958 835 940 836 907 836 922 836 907 837 940 837 956 837 921 838 954 838 922 838 907 839 941 839 923 839 941 840 957 840 923 840 957 841 975 841 923 841 1031 842 1027 842 1022 842 1032 843 1031 843 1022 843 1028 844 1031 844 1032 844 1032 85 1023 85 1028 85 1028 845 1023 845 1018 845 1013 85 1018 85 1023 85 1018 846 1013 846 1007 846 1007 85 1013 85 999 85 999 847 993 847 1007 847 999 848 982 848 993 848 993 849 982 849 955 849 955 85 982 85 974 85 954 850 921 850 973 850 940 851 922 851 954 851 920 85 865 85 937 85 830 852 840 852 805 852 782 853 780 853 785 853 840 854 830 854 853 854 861 855 853 855 830 855 830 856 870 856 861 856 878 857 861 857 870 857 878 858 870 858 888 858 888 859 870 859 898 859 870 860 912 860 898 860 899 861 878 861 888 861 888 862 913 862 899 862 888 863 931 863 913 863 947 864 913 864 931 864 931 865 964 865 947 865 947 866 964 866 977 866 965 867 947 867 977 867 977 868 988 868 965 868 965 869 988 869 986 869 988 870 1002 870 986 870 986 871 960 871 965 871 986 0 994 0 960 0 986 0 1001 0 994 0 985 0 960 0 994 0 1000 872 985 872 994 872 1008 873 1000 873 994 873 1008 0 1014 0 1000 0 976 0 960 0 985 0 976 0 944 0 960 0 960 0 944 0 925 0 929 874 960 874 925 874 909 0 925 0 944 0 925 875 909 875 896 875 929 876 965 876 960 876 944 877 961 877 909 877 945 878 909 878 961 878 909 879 945 879 926 879 909 880 926 880 877 880 988 881 977 881 996 881 996 882 1002 882 988 882 947 883 965 883 929 883 962 884 964 884 931 884 962 885 931 885 946 885 987 886 964 886 962 886 896 887 929 887 925 887 896 888 899 888 929 888 987 889 977 889 964 889 987 890 962 890 995 890 877 891 896 891 909 891 910 892 877 892 926 892 877 893 910 893 897 893 887 894 877 894 897 894 887 895 869 895 877 895 861 896 877 896 869 896 886 897 877 897 861 897 861 898 878 898 886 898 896 899 886 899 878 899 896 900 877 900 886 900 912 901 870 901 930 901 899 902 913 902 929 902 899 903 896 903 878 903 946 904 931 904 888 904 888 905 963 905 946 905 947 906 929 906 913 906 996 907 977 907 987 907 1003 908 996 908 987 908 853 909 861 909 869 909 1003 910 987 910 1009 910 1003 911 1009 911 1015 911 1020 912 1003 912 1015 912 1015 913 1009 913 1019 913 1019 914 1024 914 1015 914 1015 915 1025 915 1020 915 1020 916 1025 916 1029 916 897 917 911 917 887 917 911 918 928 918 887 918 1033 919 1029 919 1025 919 1029 920 1033 920 1035 920 1033 921 1037 921 1035 921 1035 922 1037 922 1039 922 1040 923 1039 923 1037 923 1040 924 1041 924 1039 924 1042 925 1041 925 1040 925 1040 926 1043 926 1042 926 1044 927 1042 927 1043 927 1043 928 1045 928 1044 928 1045 929 1043 929 1046 929 1047 930 1044 930 1045 930 1044 931 1047 931 1048 931 1048 932 1047 932 1049 932 1048 933 1049 933 1051 933 1050 934 1048 934 1051 934 1052 935 1051 935 1049 935 1051 936 1052 936 1054 936 1054 937 1052 937 1056 937 1059 938 1056 938 1052 938 1054 939 1053 939 1051 939 1051 940 1053 940 1050 940 1055 941 1050 941 1053 941 1058 942 1050 942 1055 942 1048 943 1050 943 1044 943 1055 944 1061 944 1058 944 1064 945 1058 945 1061 945 1039 946 1041 946 1035 946 1061 947 1067 947 1064 947 1064 948 1067 948 1070 948 1070 949 1067 949 1073 949 1077 950 1070 950 1073 950 1067 951 1076 951 1073 951 1061 952 1069 952 1067 952 1067 953 1069 953 1072 953 1071 954 1069 954 1061 954 1074 955 1069 955 1071 955 1074 956 1078 956 1069 956 1075 957 1069 957 1078 957 1063 958 1061 958 1055 958 1061 959 1063 959 1066 959 1075 960 1072 960 1069 960 1075 961 1079 961 1072 961 1082 962 1072 962 1079 962 1072 963 1082 963 1087 963 1072 964 1087 964 1089 964 1072 965 1089 965 1084 965 1080 966 1072 966 1084 966 1072 967 1080 967 1076 967 1072 968 1076 968 1067 968 1080 969 1085 969 1076 969 1084 970 1085 970 1080 970 1078 971 1083 971 1075 971 1057 972 1053 972 1054 972 1054 973 1060 973 1057 973 1060 974 1062 974 1057 974 1060 975 1065 975 1062 975 1062 976 1065 976 1068 976 1082 977 1079 977 1088 977 1079 978 1091 978 1088 978 1079 979 1075 979 1081 979 1079 980 1081 980 1086 980 1090 981 1079 981 1086 981 1090 982 1092 982 1079 982 1092 983 1094 983 1079 983 1091 984 1079 984 1094 984 897 985 927 985 911 985 784 986 787 986 781 986 790 987 787 987 784 987 784 988 788 988 798 988 788 989 807 989 798 989 818 990 798 990 807 990 818 991 819 991 798 991 798 992 819 992 800 992 784 993 798 993 800 993 795 994 784 994 800 994 1090 995 1095 995 1092 995 784 996 795 996 790 996 795 997 801 997 790 997 790 998 801 998 812 998 811 999 795 999 800 999 1090 1000 1097 1000 1095 1000 800 1001 819 1001 831 1001 800 1002 831 1002 841 1002 800 1003 841 1003 843 1003 833 1004 800 1004 843 1004 823 1005 800 1005 833 1005 1090 1006 1100 1006 1097 1006 1090 1007 1104 1007 1100 1007 1090 1008 1109 1008 1104 1008 831 1009 854 1009 841 1009 854 1010 831 1010 862 1010 871 1011 854 1011 862 1011 872 1012 854 1012 871 1012 863 1013 854 1013 872 1013 889 1014 872 1014 871 1014 871 1015 901 1015 889 1015 889 1016 900 1016 872 1016 889 1017 914 1017 900 1017 914 1018 932 1018 900 1018 900 1019 932 1019 933 1019 933 1020 915 1020 900 1020 872 1021 900 1021 915 1021 863 1022 841 1022 854 1022 914 1023 948 1023 932 1023 948 1024 914 1024 966 1024 978 1025 948 1025 966 1025 967 1026 932 1026 948 1026 967 1027 968 1027 932 1027 932 1028 968 1028 933 1028 933 1029 968 1029 979 1029 967 1030 989 1030 968 1030 844 1031 823 1031 833 1031 811 1032 800 1032 823 1032 801 1033 795 1033 811 1033 801 1034 824 1034 812 1034 834 1035 812 1035 824 1035 824 1036 845 1036 834 1036 824 1037 855 1037 845 1037 855 1038 824 1038 864 1038 864 1039 824 1039 873 1039 873 1040 824 1040 879 1040 879 1041 824 1041 890 1041 890 1042 824 1042 902 1042 916 1043 890 1043 902 1043 916 1044 934 1044 890 1044 916 1045 949 1045 934 1045 916 1046 969 1046 949 1046 934 1047 935 1047 890 1047 917 1048 890 1048 935 1048 935 1049 950 1049 917 1049 951 1050 917 1050 950 1050 918 1051 917 1051 951 1051 918 1052 891 1052 917 1052 890 1053 917 1053 891 1053 951 1054 970 1054 918 1054 970 1055 980 1055 918 1055 980 1056 970 1056 990 1056 918 1057 980 1057 971 1057 971 1058 952 1058 918 1058 952 1059 936 1059 918 1059 918 1060 936 1060 903 1060 903 1061 891 1061 918 1061 891 1062 903 1062 873 1062 879 1063 890 1063 891 1063 903 1064 936 1064 919 1064 903 1065 919 1065 892 1065 991 1066 971 1066 980 1066 997 1067 991 1067 980 1067 1005 1068 997 1068 980 1068 997 1069 1004 1069 991 1069 1010 1070 1004 1070 997 1070 1004 1071 1011 1071 991 1071 1016 1072 1011 1072 1004 1072 1011 1073 1016 1073 1021 1073 1021 1074 1016 1074 1026 1074 1030 1075 1021 1075 1026 1075 1026 1076 1034 1076 1030 1076 1036 1077 1030 1077 1034 1077 1038 1078 1036 1078 1034 1078 1090 1079 1105 1079 1109 1079 1101 1080 1105 1080 1090 1080 1098 1081 1101 1081 1090 1081 903 1082 892 1082 873 1082 873 1083 879 1083 891 1083 873 1084 892 1084 880 1084 1098 1085 1090 1085 1096 1085 1096 1086 1102 1086 1098 1086 864 1087 873 1087 880 1087 1093 1088 1090 1088 1086 1088 1106 1089 1102 1089 1096 1089 1110 1090 1106 1090 1096 1090 1108 1091 1110 1091 1096 1091 1096 1092 1090 1092 1093 1092 1096 1093 1093 1093 1099 1093 1099 1094 1103 1094 1096 1094 1103 1095 1108 1095 1096 1095 1112 1096 1108 1096 1103 1096 1115 1097 1112 1097 1103 1097 1119 1098 1115 1098 1103 1098 1119 1099 1103 1099 1123 1099 1122 1100 1123 1100 1103 1100 1103 1101 1118 1101 1122 1101 1114 1102 1118 1102 1103 1102 1107 1103 1103 1103 1099 1103 1107 1104 1111 1104 1103 1104 1103 1105 1111 1105 1114 1105 1111 1106 1117 1106 1114 1106 1111 1107 1121 1107 1117 1107 1111 1108 1126 1108 1121 1108 1111 1109 1130 1109 1126 1109 1130 1110 1111 1110 1129 1110 1125 1111 1129 1111 1111 1111 1111 1112 1107 1112 1113 1112 1111 1113 1113 1113 1116 1113 1111 1114 1116 1114 1120 1114 1111 1115 1120 1115 1125 1115 1120 1116 1128 1116 1125 1116 1120 1117 1133 1117 1128 1117 1133 1118 1120 1118 1136 1118 1136 1119 1120 1119 1132 1119 1127 1120 1132 1120 1120 1120 1127 1121 1135 1121 1132 1121 1116 1122 1124 1122 1120 1122 1137 1123 1135 1123 1127 1123 1137 1124 1127 1124 1134 1124 1134 1125 1138 1125 1137 1125 1137 1126 1138 1126 1139 1126 1137 1127 1139 1127 1141 1127 1143 1128 1141 1128 1139 1128 1143 1129 1147 1129 1141 1129 1147 1130 1152 1130 1141 1130 1143 1131 1139 1131 1148 1131 1143 1132 1148 1132 1154 1132 1148 1133 1158 1133 1154 1133 1139 1134 1153 1134 1148 1134 1144 1135 1137 1135 1141 1135 1144 1136 1141 1136 1149 1136 1149 1137 1156 1137 1144 1137 1153 1138 1158 1138 1148 1138 1141 1139 1155 1139 1149 1139 1155 1140 1141 1140 1159 1140 1155 1141 1160 1141 1149 1141 1164 1142 1160 1142 1155 1142 1149 1143 1160 1143 1164 1143 1164 1144 1161 1144 1149 1144 1120 1145 1124 1145 1127 1145 1127 1146 1124 1146 1131 1146 1149 1147 1161 1147 1156 1147 1161 1148 1165 1148 1156 1148 1138 1149 1140 1149 1139 1149 1164 1150 1167 1150 1161 1150 1170 1151 1167 1151 1164 1151 1167 1152 1170 1152 1171 1152 1171 1153 1161 1153 1167 1153 1171 1154 1168 1154 1161 1154 1134 1155 1127 1155 1131 1155 1138 1156 1142 1156 1140 1156 1138 1157 1145 1157 1142 1157 1151 1158 1142 1158 1145 1158 1146 1159 1142 1159 1151 1159 1140 1160 1142 1160 1146 1160 1138 1161 1150 1161 1145 1161 1145 1162 1157 1162 1151 1162 1157 1163 1162 1163 1151 1163 1166 1164 1162 1164 1157 1164 1166 1165 1169 1165 1162 1165 1161 1166 1168 1166 1165 1166 1168 1167 1172 1167 1165 1167 1166 1168 1173 1168 1169 1168 1173 1169 1176 1169 1169 1169 1176 1170 1173 1170 1179 1170 1179 1171 1182 1171 1176 1171 1185 1172 1176 1172 1182 1172 1188 1173 1185 1173 1182 1173 1188 1174 1191 1174 1185 1174 1192 1175 1188 1175 1182 1175 1196 1176 1188 1176 1192 1176 1188 1177 1196 1177 1200 1177 1196 1178 1205 1178 1200 1178 1200 1179 1206 1179 1188 1179 1211 1180 1188 1180 1206 1180 1205 1181 1196 1181 1210 1181 1210 1182 1214 1182 1205 1182 1220 1183 1205 1183 1214 1183 1214 1184 1224 1184 1220 1184 1229 1185 1224 1185 1214 1185 1224 1186 1229 1186 1233 1186 1236 1187 1233 1187 1229 1187 1239 1188 1233 1188 1236 1188 1242 1189 1239 1189 1236 1189 1242 1190 1236 1190 1245 1190 1248 1191 1245 1191 1236 1191 1248 1192 1251 1192 1245 1192 1210 1193 1219 1193 1214 1193 1219 1194 1210 1194 1221 1194 1221 1195 1228 1195 1219 1195 1215 1196 1221 1196 1210 1196 1215 1197 1225 1197 1221 1197 1225 1198 1230 1198 1221 1198 1234 1199 1230 1199 1225 1199 1237 1200 1234 1200 1225 1200 1237 1201 1225 1201 1240 1201 1225 1202 1243 1202 1240 1202 1240 1203 1243 1203 1246 1203 1243 1204 1249 1204 1246 1204 1246 1205 1249 1205 1252 1205 1252 1206 1249 1206 1255 1206 1258 1207 1252 1207 1255 1207 1258 1208 1261 1208 1252 1208 1258 1209 1264 1209 1261 1209 1258 1210 1270 1210 1264 1210 1265 1211 1252 1211 1261 1211 1210 1212 1207 1212 1215 1212 1207 1213 1210 1213 1196 1213 1201 1214 1207 1214 1196 1214 1196 1215 1192 1215 1201 1215 1141 1216 1163 1216 1159 1216 1168 1217 1171 1217 1174 1217 1177 1218 1174 1218 1171 1218 1174 1219 1177 1219 1180 1219 1178 1220 1174 1220 1180 1220 1178 1221 1168 1221 1174 1221 1178 1222 1175 1222 1168 1222 1175 1223 1172 1223 1168 1223 1181 1224 1175 1224 1178 1224 1177 1225 1183 1225 1180 1225 1183 1226 1186 1226 1180 1226 1180 1227 1186 1227 1184 1227 1184 1228 1178 1228 1180 1228 1189 1229 1186 1229 1183 1229 1186 1230 1189 1230 1193 1230 1198 1231 1186 1231 1193 1231 1198 1232 1203 1232 1186 1232 1203 1233 1209 1233 1186 1233 1209 1234 1204 1234 1186 1234 1204 1235 1199 1235 1186 1235 1199 1236 1194 1236 1186 1236 1190 1237 1186 1237 1194 1237 1184 1238 1186 1238 1190 1238 1184 1239 1190 1239 1187 1239 1187 1240 1181 1240 1184 1240 1178 1241 1184 1241 1181 1241 1193 1242 1189 1242 1197 1242 1193 1243 1197 1243 1202 1243 1208 1244 1202 1244 1197 1244 1212 1245 1202 1245 1208 1245 1202 1246 1212 1246 1216 1246 1212 1247 1222 1247 1216 1247 1222 1248 1212 1248 1226 1248 1231 1249 1222 1249 1226 1249 1208 1250 1217 1250 1212 1250 1213 1251 1208 1251 1197 1251 1208 1252 1213 1252 1218 1252 1218 1253 1213 1253 1223 1253 1227 1254 1218 1254 1223 1254 1232 1255 1218 1255 1227 1255 1235 1256 1218 1256 1232 1256 1238 1257 1218 1257 1235 1257 1241 1258 1218 1258 1238 1258 1244 1259 1218 1259 1241 1259 1247 1260 1218 1260 1244 1260 1250 1260 1218 1260 1247 1260 1218 1261 1250 1261 1253 1261 1218 1262 1253 1262 1256 1262 1195 1263 1187 1263 1190 1263 1259 1264 1256 1264 1253 1264 1262 1265 1256 1265 1259 1265 1266 1266 1256 1266 1262 1266 1271 1267 1256 1267 1266 1267 1276 1268 1256 1268 1271 1268 1282 1269 1256 1269 1276 1269 1282 1270 1288 1270 1256 1270 1256 1271 1288 1271 1294 1271 1259 1272 1267 1272 1262 1272 1262 1273 1267 1273 1272 1273 1272 1274 1277 1274 1262 1274 1262 1275 1277 1275 1283 1275 1277 1276 1289 1276 1283 1276 1295 1277 1283 1277 1289 1277 1283 1278 1295 1278 1299 1278 1299 1279 1304 1279 1283 1279 1310 1280 1304 1280 1299 1280 1304 1281 1310 1281 1314 1281 1319 1282 1304 1282 1314 1282 1324 1283 1319 1283 1314 1283 1324 1284 1330 1284 1319 1284 1330 1285 1334 1285 1319 1285 1330 1286 1339 1286 1334 1286 1339 1287 1343 1287 1334 1287 1343 1288 1349 1288 1334 1288 1354 1289 1349 1289 1343 1289 1358 1290 1349 1290 1354 1290 1349 1291 1358 1291 1362 1291 1366 1292 1362 1292 1358 1292 1362 1293 1366 1293 1371 1293 1371 1294 1374 1294 1362 1294 1371 1295 1377 1295 1374 1295 1380 1296 1374 1296 1377 1296 1374 1297 1380 1297 1382 1297 1383 1298 1382 1298 1380 1298 1385 1299 1382 1299 1383 1299 1382 1300 1385 1300 1384 1300 1381 1301 1382 1301 1384 1301 1379 1302 1382 1302 1381 1302 1376 1303 1379 1303 1381 1303 1360 1304 1379 1304 1376 1304 1376 1305 1373 1305 1360 1305 1369 1306 1360 1306 1373 1306 1364 1307 1360 1307 1369 1307 1364 1308 1347 1308 1360 1308 1368 1309 1347 1309 1364 1309 1370 1310 1347 1310 1368 1310 1365 1311 1347 1311 1370 1311 1347 1312 1365 1312 1361 1312 1361 1313 1357 1313 1347 1313 1357 1314 1353 1314 1347 1314 1353 1315 1342 1315 1347 1315 1332 1316 1347 1316 1342 1316 1332 1317 1346 1317 1347 1317 1347 1318 1346 1318 1355 1318 1348 1319 1342 1319 1353 1319 1342 1320 1348 1320 1338 1320 1355 1321 1360 1321 1347 1321 1355 1322 1363 1322 1360 1322 1360 1323 1363 1323 1367 1323 1363 1324 1372 1324 1367 1324 1367 1325 1372 1325 1375 1325 1367 1326 1375 1326 1378 1326 1346 1327 1359 1327 1355 1327 1346 1328 1332 1328 1341 1328 1346 1329 1341 1329 1352 1329 1346 1330 1352 1330 1356 1330 1332 1331 1337 1331 1341 1331 1332 1332 1342 1332 1338 1332 1322 1333 1332 1333 1338 1333 1327 1334 1332 1334 1322 1334 1327 1335 1337 1335 1332 1335 1322 1336 1317 1336 1327 1336 1333 1337 1322 1337 1338 1337 1333 1338 1338 1338 1328 1338 1333 1339 1328 1339 1322 1339 1312 1340 1322 1340 1328 1340 1312 1341 1317 1341 1322 1341 1312 1342 1307 1342 1317 1342 1323 1343 1312 1343 1328 1343 1329 1344 1323 1344 1328 1344 1323 1345 1329 1345 1318 1345 1312 1346 1323 1346 1318 1346 1302 1347 1312 1347 1318 1347 1307 1348 1312 1348 1302 1348 1307 1349 1302 1349 1297 1349 1318 1350 1313 1350 1302 1350 1318 1351 1308 1351 1313 1351 1313 1352 1308 1352 1302 1352 1308 1353 1292 1353 1302 1353 1297 1354 1302 1354 1292 1354 1297 1355 1292 1355 1287 1355 1308 1356 1309 1356 1292 1356 1309 1357 1303 1357 1292 1357 1303 1358 1309 1358 1298 1358 1303 1359 1298 1359 1292 1359 1292 1360 1298 1360 1280 1360 1280 1361 1287 1361 1292 1361 1274 1362 1287 1362 1280 1362 1293 1363 1280 1363 1298 1363 1280 1364 1293 1364 1281 1364 1280 1365 1281 1365 1263 1365 1263 1366 1281 1366 1275 1366 1269 1367 1263 1367 1275 1367 1263 1368 1269 1368 1260 1368 1260 1369 1254 1369 1263 1369 1254 1370 1268 1370 1263 1370 1260 1371 1257 1371 1254 1371 1257 1372 1251 1372 1254 1372 1251 1373 1248 1373 1254 1373 1263 1374 1274 1374 1280 1374 1263 1375 1268 1375 1274 1375 1268 1376 1254 1376 1273 1376 1273 1377 1278 1377 1268 1377 1273 1378 1284 1378 1278 1378 1279 1379 1274 1379 1268 1379 1279 1380 1285 1380 1274 1380 1286 1381 1279 1381 1268 1381 1286 1382 1291 1382 1279 1382 1279 1383 1291 1383 1290 1383 1290 1384 1285 1384 1279 1384 1285 1385 1290 1385 1296 1385 1301 1386 1285 1386 1296 1386 1300 1387 1290 1387 1291 1387 1306 1388 1301 1388 1296 1388 1296 1389 1290 1389 1300 1389 1300 1390 1305 1390 1296 1390 1311 1391 1296 1391 1305 1391 1296 1392 1311 1392 1306 1392 1306 1393 1311 1393 1316 1393 1316 1394 1321 1394 1306 1394 1315 1395 1311 1395 1305 1395 1311 1396 1315 1396 1320 1396 1316 1397 1326 1397 1321 1397 1320 1398 1316 1398 1311 1398 1320 1399 1325 1399 1316 1399 1331 1400 1316 1400 1325 1400 1316 1401 1331 1401 1326 1401 1326 1402 1331 1402 1336 1402 1331 1403 1325 1403 1335 1403 1340 1404 1331 1404 1335 1404 1340 1405 1336 1405 1331 1405 1345 1406 1336 1406 1340 1406 1336 1407 1345 1407 1351 1407 1344 1408 1340 1408 1335 1408 1344 1409 1350 1409 1340 1409 1345 1410 1340 1410 1350 1410 1386 1411 1387 1411 1388 1411 1389 1412 1390 1412 1391 1412 1393 1413 1389 1413 1391 1413 1395 1414 1389 1414 1393 1414 1398 1415 1389 1415 1395 1415 1389 1416 1398 1416 1402 1416 1400 1417 1389 1417 1402 1417 1397 1418 1389 1418 1400 1418 1394 1419 1389 1419 1397 1419 1394 1420 1392 1420 1389 1420 1390 1421 1389 1421 1392 1421 1392 1422 1394 1422 1396 1422 1399 1423 1396 1423 1394 1423 1403 1424 1396 1424 1399 1424 1403 1425 1399 1425 1407 1425 1411 1426 1407 1426 1399 1426 1411 1427 1399 1427 1415 1427 1420 1428 1411 1428 1415 1428 1397 1429 1400 1429 1405 1429 1405 1430 1401 1430 1397 1430 1420 1431 1415 1431 1426 1431 1405 1432 1409 1432 1401 1432 1426 1433 1415 1433 1433 1433 1441 1434 1426 1434 1433 1434 1402 1435 1398 1435 1406 1435 1406 1436 1410 1436 1402 1436 1410 1437 1414 1437 1402 1437 1441 1438 1433 1438 1449 1438 1394 1439 1397 1439 1401 1439 1414 1440 1410 1440 1418 1440 1410 0 1423 0 1418 0 1429 1441 1423 1441 1410 1441 1418 1442 1423 1442 1414 1442 1414 1443 1423 1443 1430 1443 1459 1444 1449 1444 1433 1444 1429 1445 1410 1445 1436 1445 1444 0 1429 0 1436 0 1433 1446 1471 1446 1459 1446 1459 1447 1471 1447 1489 1447 1477 1448 1489 1448 1471 1448 1444 0 1436 0 1452 0 1452 0 1463 0 1444 0 1475 1449 1463 1449 1452 1449 1463 0 1475 0 1492 0 1492 1450 1506 1450 1463 1450 1444 1451 1463 1451 1476 1451 1476 1452 1493 1452 1444 1452 1476 1453 1507 1453 1493 1453 1507 1454 1476 1454 1520 1454 1477 1455 1471 1455 1453 1455 1477 1456 1453 1456 1464 1456 1453 1457 1437 1457 1464 1457 1437 1458 1453 1458 1445 1458 1430 1459 1437 1459 1445 1459 1453 1460 1471 1460 1508 1460 1508 1461 1495 1461 1453 1461 1495 1462 1478 1462 1453 1462 1478 1463 1465 1463 1453 1463 1437 1464 1430 1464 1423 1464 1399 1465 1394 1465 1404 1465 1408 1466 1399 1466 1404 1466 1412 1467 1399 1467 1408 1467 1412 1468 1416 1468 1399 1468 1399 1469 1416 1469 1421 1469 1427 1470 1399 1470 1421 1470 1399 1471 1427 1471 1434 1471 1442 1472 1399 1472 1434 1472 1442 1473 1440 1473 1399 1473 1440 1474 1432 1474 1399 1474 1432 1475 1425 1475 1399 1475 1425 1476 1419 1476 1399 1476 1433 1477 1488 1477 1471 1477 1433 1478 1415 1478 1439 1478 1415 1479 1431 1479 1439 1479 1424 1480 1431 1480 1415 1480 1438 1481 1431 1481 1424 1481 1431 1482 1438 1482 1446 1482 1446 1483 1455 1483 1431 1483 1447 1484 1431 1484 1455 1484 1438 1485 1454 1485 1446 1485 1443 1486 1446 1486 1454 1486 1443 1487 1454 1487 1481 1487 1443 1488 1481 1488 1472 1488 1460 1489 1443 1489 1472 1489 1443 1490 1460 1490 1450 1490 1450 1491 1428 1491 1443 1491 1443 1492 1428 1492 1435 1492 1435 1493 1451 1493 1443 1493 1451 1494 1462 1494 1443 1494 1462 1495 1474 1495 1443 1495 1474 1496 1491 1496 1443 1496 1505 1497 1443 1497 1491 1497 1505 1498 1519 1498 1443 1498 1523 1499 1443 1499 1519 1499 1523 1500 1512 1500 1443 1500 1512 1501 1497 1501 1443 1501 1497 1502 1480 1502 1443 1502 1435 1503 1428 1503 1417 1503 1428 1504 1422 1504 1417 1504 1413 1505 1417 1505 1422 1505 1417 1506 1413 1506 1404 1506 1435 1507 1461 1507 1451 1507 1435 1508 1473 1508 1461 1508 1443 1509 1480 1509 1446 1509 1473 1510 1435 1510 1490 1510 1490 1511 1435 1511 1504 1511 1518 1512 1490 1512 1504 1512 1531 1513 1518 1513 1504 1513 1531 1514 1504 1514 1501 1514 1531 1515 1501 1515 1528 1515 1515 1516 1528 1516 1501 1516 1486 1517 1515 1517 1501 1517 1447 1518 1486 1518 1501 1518 1486 1519 1447 1519 1468 1519 1447 1520 1439 1520 1431 1520 1456 1521 1439 1521 1447 1521 1439 1522 1456 1522 1466 1522 1466 1523 1483 1523 1439 1523 1439 1524 1483 1524 1487 1524 1439 1525 1487 1525 1469 1525 1469 1526 1457 1526 1439 1526 1448 1527 1439 1527 1457 1527 1521 1528 1508 1528 1471 1528 1532 1529 1521 1529 1471 1529 1521 1530 1532 1530 1540 1530 1521 1531 1540 1531 1547 1531 1555 1532 1521 1532 1547 1532 1469 1533 1487 1533 1502 1533 1502 1534 1487 1534 1516 1534 1529 1535 1502 1535 1516 1535 1539 1536 1529 1536 1516 1536 1529 1537 1539 1537 1546 1537 1554 1538 1529 1538 1546 1538 1546 1539 1563 1539 1554 1539 1563 1540 1546 1540 1555 1540 1555 1541 1547 1541 1563 1541 1555 1542 1546 1542 1562 1542 1553 1543 1546 1543 1539 1543 1419 1544 1415 1544 1399 1544 1424 1545 1415 1545 1419 1545 1408 1546 1404 1546 1413 1546 1562 1547 1546 1547 1553 1547 1562 1548 1553 1548 1571 1548 1562 1549 1571 1549 1577 1549 1566 1550 1562 1550 1577 1550 1535 1551 1562 1551 1566 1551 1453 1552 1465 1552 1445 1552 1455 1553 1468 1553 1447 1553 1478 1554 1495 1554 1510 1554 1478 1555 1510 1555 1509 1555 1509 1556 1494 1556 1478 1556 1566 1557 1558 1557 1535 1557 1550 1558 1535 1558 1558 1558 1535 1559 1550 1559 1543 1559 1524 1560 1535 1560 1543 1560 1524 1561 1456 1561 1535 1561 1535 1562 1456 1562 1538 1562 1456 1563 1527 1563 1538 1563 1514 1564 1527 1564 1456 1564 1456 1565 1447 1565 1467 1565 1456 1566 1524 1566 1513 1566 1485 1567 1456 1567 1467 1567 1456 1568 1513 1568 1498 1568 1456 1569 1485 1569 1500 1569 1498 1570 1482 1570 1456 1570 1456 1571 1482 1571 1466 1571 1501 1572 1504 1572 1536 1572 1501 1573 1499 1573 1447 1573 1484 1574 1447 1574 1499 1574 1536 1575 1525 1575 1501 1575 1456 1576 1500 1576 1514 1576 1514 1577 1500 1577 1526 1577 1526 1578 1537 1578 1514 1578 1537 1579 1545 1579 1514 1579 1509 1580 1510 1580 1533 1580 1541 1581 1509 1581 1533 1581 1548 1582 1541 1582 1533 1582 1541 1583 1548 1583 1556 1583 1445 1584 1465 1584 1479 1584 1465 1585 1478 1585 1494 1585 1564 1586 1556 1586 1548 1586 1556 1587 1564 1587 1572 1587 1578 1588 1556 1588 1572 1588 1496 1589 1479 1589 1465 1589 1479 1590 1496 1590 1511 1590 1522 1591 1511 1591 1496 1591 1522 1592 1534 1592 1511 1592 1522 1593 1542 1593 1534 1593 1534 1594 1542 1594 1549 1594 1542 1595 1557 1595 1549 1595 1565 1596 1549 1596 1557 1596 1573 1597 1565 1597 1557 1597 1579 1598 1565 1598 1573 1598 1573 1599 1583 1599 1579 1599 1588 1600 1579 1600 1583 1600 1579 1601 1588 1601 1596 1601 1603 1602 1596 1602 1588 1602 1587 1603 1596 1603 1603 1603 1595 1604 1596 1604 1587 1604 1582 1605 1595 1605 1587 1605 1587 1606 1578 1606 1582 1606 1595 1607 1582 1607 1602 1607 1602 1608 1609 1608 1595 1608 1471 1609 1530 1609 1532 1609 1433 1610 1439 1610 1448 1610 1433 1611 1470 1611 1488 1611 1458 1612 1433 1612 1448 1612 1503 1613 1471 1613 1488 1613 1503 1614 1517 1614 1471 1614 1517 1615 1530 1615 1471 1615 1433 1616 1458 1616 1470 1616 1447 1617 1484 1617 1467 1617 1537 1618 1552 1618 1545 1618 1552 1619 1561 1619 1545 1619 1561 1620 1570 1620 1545 1620 1570 1621 1561 1621 1576 1621 1561 1622 1552 1622 1569 1622 1575 1623 1561 1623 1569 1623 1499 1624 1501 1624 1525 1624 1544 1625 1525 1625 1536 1625 1544 1626 1536 1626 1551 1626 1551 1627 1560 1627 1544 1627 1551 1628 1568 1628 1560 1628 1551 1629 1567 1629 1568 1629 1559 1630 1551 1630 1536 1630 1551 1631 1559 1631 1567 1631 1574 1632 1567 1632 1559 1632 1574 1633 1580 1633 1567 1633 1567 0 1580 0 1575 0 1580 1634 1590 1634 1575 1634 1593 1635 1575 1635 1590 1635 1575 1636 1593 1636 1586 1636 1575 1637 1586 1637 1576 1637 1589 0 1590 0 1580 0 1567 0 1575 0 1591 0 1598 0 1567 0 1591 0 1591 1638 1605 1638 1598 1638 1612 0 1605 0 1591 0 1591 0 1619 0 1612 0 1619 0 1626 0 1612 0 1631 1639 1612 1639 1626 1639 1598 0 1605 0 1613 0 1620 0 1613 0 1605 0 1605 0 1627 0 1620 0 1580 1640 1584 1640 1589 1640 1589 1641 1593 1641 1590 1641 1584 1642 1593 1642 1589 1642 1574 1643 1584 1643 1580 1643 1581 1644 1574 1644 1559 1644 1581 1645 1585 1645 1574 1645 1561 1646 1575 1646 1576 1646 1584 1647 1574 1647 1585 1647 1597 1648 1584 1648 1585 1648 1584 1649 1597 1649 1593 1649 1600 1650 1593 1650 1597 1650 1576 1651 1586 1651 1594 1651 1594 1652 1586 1652 1601 1652 1594 1653 1601 1653 1608 1653 1592 1654 1585 1654 1581 1654 1592 1655 1599 1655 1585 1655 1592 1656 1606 1656 1599 1656 1614 1657 1599 1657 1606 1657 1599 1658 1614 1658 1621 1658 1621 1659 1615 1659 1599 1659 1615 1660 1607 1660 1599 1660 1607 1661 1585 1661 1599 1661 1610 1662 1585 1662 1607 1662 1610 1663 1604 1663 1585 1663 1597 1664 1585 1664 1604 1664 1597 1665 1604 1665 1611 1665 1611 1666 1617 1666 1597 1666 1618 1667 1608 1667 1601 1667 1624 1668 1608 1668 1618 1668 1600 1669 1586 1669 1593 1669 1617 1670 1600 1670 1597 1670 1622 1671 1600 1671 1617 1671 1600 1672 1622 1672 1616 1672 1600 1673 1616 1673 1601 1673 1601 1674 1586 1674 1600 1674 1623 1675 1601 1675 1616 1675 1628 1676 1601 1676 1623 1676 1628 1677 1625 1677 1601 1677 1601 1678 1625 1678 1618 1678 1625 1679 1630 1679 1618 1679 1629 1680 1618 1680 1630 1680 1618 1681 1629 1681 1624 1681 1572 1682 1582 1682 1578 1682 1632 1683 1633 1683 1634 1683 1632 1684 1635 1684 1633 1684 1636 1685 1633 1685 1635 1685 1637 1686 1636 1686 1635 1686 1637 1687 1638 1687 1636 1687 1639 1688 1638 1688 1637 1688 1640 1689 1638 1689 1639 1689 1640 1690 1639 1690 1641 1690 1641 1691 1642 1691 1640 1691 1641 1692 1643 1692 1642 1692 1644 1693 1642 1693 1643 1693 1642 1694 1644 1694 1645 1694 1643 1695 1646 1695 1644 1695 1646 1696 1643 1696 1647 1696 1648 1697 1646 1697 1647 1697 1647 1698 1649 1698 1648 1698 1648 1699 1649 1699 1650 1699 1649 1700 1651 1700 1650 1700 1650 1701 1651 1701 1652 1701 1653 1702 1652 1702 1651 1702 1652 1703 1653 1703 1654 1703 1655 1704 1656 1704 1657 1704 1656 1705 1658 1705 1657 1705 1655 1706 1657 1706 1659 1706 1660 1707 1657 1707 1658 1707 1658 1708 1661 1708 1660 1708 1662 1709 1660 1709 1661 1709 1662 1710 1661 1710 1663 1710 1664 1711 1662 1711 1663 1711 1663 1712 1665 1712 1664 1712 1664 1713 1665 1713 1666 1713 1667 1714 1666 1714 1665 1714 1667 1715 1668 1715 1666 1715 1668 1716 1669 1716 1666 1716 1666 1717 1669 1717 1670 1717 1671 1718 1672 1718 1673 1718 1671 1719 1673 1719 1674 1719 1673 1720 1675 1720 1674 1720 1675 1721 1676 1721 1674 1721 1677 1722 1676 1722 1675 1722 1678 1723 1676 1723 1677 1723 1679 1724 1678 1724 1677 1724 1678 1725 1679 1725 1680 1725 1680 1726 1679 1726 1681 1726 1680 1727 1681 1727 1682 1727 1680 1728 1682 1728 1683 1728 1680 1729 1683 1729 1684 1729 1685 1730 1686 1730 1687 1730 1688 1731 1689 1731 1690 1731 1692 1732 1688 1732 1690 1732 1694 1733 1692 1733 1690 1733 1697 1734 1692 1734 1694 1734 1689 1735 1691 1735 1690 1735 1691 1736 1693 1736 1690 1736 1696 1737 1690 1737 1693 1737 1696 1738 1700 1738 1690 1738 1698 1739 1690 1739 1700 1739 1690 1740 1698 1740 1694 1740 1694 1741 1698 1741 1702 1741 1702 1742 1707 1742 1694 1742 1713 1743 1694 1743 1707 1743 1702 1744 1698 1744 1700 1744 1696 1745 1705 1745 1700 1745 1695 1746 1693 1746 1691 1746 1695 1747 1699 1747 1693 1747 1699 1748 1704 1748 1693 1748 1693 1749 1704 1749 1709 1749 1693 1750 1701 1750 1696 1750 1707 1751 1717 1751 1713 1751 1721 1752 1713 1752 1717 1752 1717 1753 1724 1753 1721 1753 1724 1754 1727 1754 1721 1754 1729 1755 1727 1755 1724 1755 1729 1756 1731 1756 1727 1756 1727 1757 1731 1757 1733 1757 1731 1758 1735 1758 1733 1758 1735 1759 1737 1759 1733 1759 1735 1760 1739 1760 1737 1760 1737 1761 1739 1761 1741 1761 1741 1762 1739 1762 1743 1762 1739 1763 1742 1763 1743 1763 1742 1764 1744 1764 1743 1764 1740 1765 1744 1765 1742 1765 1745 1766 1744 1766 1740 1766 1740 1767 1748 1767 1745 1767 1748 1768 1752 1768 1745 1768 1755 1769 1745 1769 1752 1769 1758 1770 1745 1770 1755 1770 1758 1771 1756 1771 1745 1771 1754 1772 1745 1772 1756 1772 1750 1773 1745 1773 1754 1773 1750 1774 1747 1774 1745 1774 1747 1775 1741 1775 1745 1775 1750 1776 1754 1776 1757 1776 1757 1777 1759 1777 1750 1777 1760 1778 1758 1778 1755 1778 1745 1779 1746 1779 1744 1779 1746 1780 1745 1780 1743 1780 1741 1781 1743 1781 1745 1781 1741 1782 1747 1782 1749 1782 1741 1783 1749 1783 1753 1783 1742 1784 1738 1784 1740 1784 1736 1785 1740 1785 1738 1785 1693 1786 1706 1786 1701 1786 1706 1787 1712 1787 1701 1787 1705 1788 1702 1788 1700 1788 1710 1789 1705 1789 1696 1789 1738 1790 1734 1790 1736 1790 1732 1791 1736 1791 1734 1791 1734 1792 1730 1792 1732 1792 1730 1793 1726 1793 1732 1793 1728 1794 1726 1794 1730 1794 1728 1795 1723 1795 1726 1795 1726 1796 1723 1796 1719 1796 1751 1797 1748 1797 1740 1797 1723 1798 1710 1798 1719 1798 1710 1799 1715 1799 1719 1799 1715 1800 1710 1800 1696 1800 1693 1801 1711 1801 1706 1801 1761 1802 1760 1802 1755 1802 1693 1803 1716 1803 1711 1803 1720 1804 1716 1804 1693 1804 1703 1805 1699 1805 1695 1805 1708 1806 1699 1806 1703 1806 1708 1807 1714 1807 1699 1807 1714 1808 1718 1808 1699 1808 1718 1809 1722 1809 1699 1809 1722 1810 1725 1810 1699 1810 1762 1811 1763 1811 1764 1811 1765 1812 1764 1812 1763 1812 1764 1813 1765 1813 1766 1813 1765 1814 1767 1814 1766 1814 1768 1815 1769 1815 1770 1815 1771 1816 1772 1816 1773 1816 1772 1817 1771 1817 1774 1817 1775 1818 1776 1818 1777 1818 1777 1819 1778 1819 1775 1819 1775 1820 1778 1820 1779 1820 1780 1821 1779 1821 1778 1821 1781 1822 1782 1822 1783 1822 1782 1823 1784 1823 1783 1823 1782 1824 1785 1824 1784 1824 1785 1825 1786 1825 1784 1825 1786 1826 1787 1826 1784 1826 1788 1827 1789 1827 1790 1827 1791 1828 1790 1828 1789 1828 1791 1829 1792 1829 1790 1829 1791 1830 1793 1830 1792 1830 1792 1831 1793 1831 1794 1831 1793 1832 1795 1832 1794 1832 1796 1833 1794 1833 1795 1833 1797 1834 1796 1834 1795 1834 1798 1835 1796 1835 1797 1835 1799 1836 1800 1836 1801 1836 1799 1837 1801 1837 1802 1837 1801 1838 1803 1838 1802 1838 1799 1839 1802 1839 1804 1839 1805 1840 1803 1840 1801 1840 1799 1841 1804 1841 1806 1841 1803 1842 1805 1842 1807 1842 1804 1843 1808 1843 1806 1843 1809 1844 1807 1844 1805 1844 1810 1845 1807 1845 1809 1845 1811 1846 1812 1846 1813 1846 1813 1847 1814 1847 1811 1847 1815 1848 1814 1848 1813 1848 1815 1849 1816 1849 1814 1849 1816 1850 1815 1850 1817 1850 1818 1851 1817 1851 1815 1851 1819 1852 1816 1852 1817 1852 1817 1853 1820 1853 1819 1853 1817 1854 1821 1854 1820 1854 1817 1855 1822 1855 1821 1855 1820 1856 1821 1856 1823 1856 1817 1857 1824 1857 1822 1857 1823 1858 1825 1858 1820 1858 1823 1859 1826 1859 1825 1859 1825 1860 1826 1860 1827 1860 1827 1861 1826 1861 1828 1861 1827 1862 1828 1862 1829 1862 1830 1863 1831 1863 1832 1863 1830 1864 1832 1864 1833 1864 1830 1865 1833 1865 1835 1865 1835 1866 1838 1866 1830 1866 1844 1867 1830 1867 1838 1867 1835 1868 1833 1868 1837 1868 1837 1869 1842 1869 1835 1869 1835 1870 1842 1870 1849 1870 1835 1871 1849 1871 1843 1871 1849 1872 1842 1872 1854 1872 1854 1873 1855 1873 1849 1873 1834 1874 1837 1874 1833 1874 1834 1875 1841 1875 1837 1875 1833 1876 1832 1876 1834 1876 1842 1877 1837 1877 1841 1877 1842 1878 1841 1878 1853 1878 1853 1879 1860 1879 1842 1879 1854 1880 1842 1880 1860 1880 1864 0 1854 0 1860 0 1864 0 1865 0 1854 0 1863 1881 1860 1881 1853 1881 1863 0 1870 0 1860 0 1838 1882 1835 1882 1843 1882 1843 1883 1849 1883 1855 1883 1855 0 1854 0 1865 0 1864 0 1874 0 1865 0 1874 0 1876 0 1865 0 1879 1884 1865 1884 1876 1884 1846 1885 1853 1885 1841 1885 1846 1886 1859 1886 1853 1886 1846 1887 1841 1887 1834 1887 1853 1888 1859 1888 1863 1888 1836 1889 1834 1889 1832 1889 1834 1890 1836 1890 1839 1890 1870 1891 1863 1891 1859 1891 1864 1892 1870 1892 1859 1892 1846 1893 1856 1893 1859 1893 1868 1894 1859 1894 1856 1894 1836 1895 1832 1895 1840 1895 1836 1896 1840 1896 1848 1896 1850 1897 1836 1897 1848 1897 1836 1898 1850 1898 1845 1898 1846 1899 1834 1899 1839 1899 1846 1900 1839 1900 1851 1900 1839 1901 1836 1901 1845 1901 1832 1902 1847 1902 1840 1902 1847 1903 1832 1903 1852 1903 1832 1904 1857 1904 1852 1904 1864 0 1860 0 1870 0 1859 1905 1868 1905 1864 1905 1868 1906 1866 1906 1864 1906 1866 1907 1868 1907 1856 1907 1851 1908 1856 1908 1846 1908 1861 1909 1856 1909 1851 1909 1864 1910 1866 1910 1874 1910 1871 1911 1874 1911 1866 1911 1866 1912 1856 1912 1861 1912 1858 1913 1850 1913 1848 1913 1850 1914 1858 1914 1862 1914 1869 1915 1850 1915 1862 1915 1867 1916 1850 1916 1869 1916 1869 1917 1873 1917 1867 1917 1861 1918 1867 1918 1873 1918 1875 1919 1861 1919 1873 1919 1875 1920 1871 1920 1861 1920 1873 1921 1878 1921 1875 1921 1877 1922 1875 1922 1878 1922 1878 1923 1873 1923 1869 1923 1877 1924 1871 1924 1875 1924 1871 1925 1866 1925 1861 1925 1880 1926 1871 1926 1877 1926 1880 1927 1876 1927 1871 1927 1874 1928 1871 1928 1876 1928 1851 1929 1867 1929 1861 1929 1867 1930 1851 1930 1872 1930 1881 1931 1882 1931 1883 1931 1884 1932 1883 1932 1882 1932 1884 1933 1882 1933 1885 1933 1884 1934 1885 1934 1886 1934 1885 1935 1887 1935 1886 1935 1888 1936 1887 1936 1885 1936 1887 1937 1888 1937 1889 1937 1888 1938 1890 1938 1889 1938 1888 1939 1891 1939 1890 1939 1892 1940 1891 1940 1888 1940 1892 1941 1893 1941 1891 1941 1893 1942 1892 1942 1894 1942 1894 1943 1892 1943 1895 1943 1896 1944 1894 1944 1895 1944 1895 1945 1897 1945 1896 1945 1897 1946 1898 1946 1896 1946 1899 1947 1898 1947 1897 1947 1897 1948 1900 1948 1899 1948 1901 1949 1899 1949 1900 1949 1902 1950 1901 1950 1900 1950 1903 1951 1901 1951 1902 1951 1904 1952 1903 1952 1902 1952 1905 1953 1904 1953 1902 1953 1906 1954 1904 1954 1905 1954 1907 1955 1908 1955 1909 1955 1910 1956 1909 1956 1908 1956 1911 1957 1910 1957 1908 1957 1911 1958 1912 1958 1910 1958 1910 1959 1912 1959 1913 1959 1913 1960 1912 1960 1914 1960 1915 1961 1910 1961 1913 1961 1913 1962 1914 1962 1916 1962 1917 1963 1910 1963 1915 1963 1918 1964 1919 1964 1920 1964 1921 1965 1922 1965 1923 1965 1921 1966 1923 1966 1924 1966 1925 1967 1926 1967 1927 1967 1928 1968 1927 1968 1926 1968 1925 1969 1927 1969 1929 1969 1930 1970 1929 1970 1927 1970 1929 1971 1930 1971 1931 1971 1932 1972 1933 1972 1934 1972 1933 1973 1932 1973 1935 1973 1936 1974 1933 1974 1935 1974 1937 1975 1933 1975 1936 1975 1937 1976 1938 1976 1933 1976 1939 1977 1940 1977 1941 1977 1942 1978 1943 1978 1944 1978 1945 1979 1944 1979 1943 1979 1944 85 1945 85 1946 85 1947 1980 1944 1980 1946 1980 1948 85 1944 85 1947 85 1949 85 1947 85 1946 85 1948 1981 1947 1981 1950 1981 1951 1982 1947 1982 1949 1982 1950 85 1952 85 1948 85 1949 85 1953 85 1951 85 1954 1983 1951 1983 1953 1983 1955 85 1954 85 1953 85 1956 1984 1957 1984 1958 1984 1959 1985 1960 1985 1961 1985 1962 1986 1963 1986 1964 1986 1965 1987 1964 1987 1963 1987 1966 1988 1962 1988 1964 1988 1965 1989 1967 1989 1964 1989 1968 1990 1962 1990 1966 1990 1969 1991 1967 1991 1965 1991 1968 1992 1970 1992 1962 1992 1967 1993 1969 1993 1971 1993 1972 1994 1973 1994 1974 1994 1975 1995 1972 1995 1974 1995 1975 1996 1976 1996 1972 1996 1976 1997 1975 1997 1977 1997 1978 1998 1976 1998 1977 1998 1979 1999 1976 1999 1978 1999 1980 2000 1979 2000 1978 2000 1981 2001 1979 2001 1980 2001 1982 2002 1981 2002 1980 2002 1981 2003 1982 2003 1983 2003 1983 2004 1982 2004 1984 2004 1985 2005 1983 2005 1984 2005 1985 2006 1984 2006 1986 2006 1987 2007 1985 2007 1986 2007 1988 2008 1987 2008 1986 2008 1988 2009 1989 2009 1987 2009 1990 2010 1989 2010 1988 2010 1990 2011 1991 2011 1989 2011 1992 2012 1991 2012 1990 2012 1992 2013 1993 2013 1991 2013 1994 2014 1995 2014 1996 2014 1997 2015 1996 2015 1995 2015 1996 2016 1997 2016 1998 2016 1999 2017 2000 2017 2001 2017 2001 2018 2002 2018 1999 2018 2002 2019 2004 2019 1999 2019 1999 2020 2004 2020 2006 2020 2006 2021 2004 2021 2009 2021 2002 2022 2001 2022 2003 2022 2005 2023 2002 2023 2003 2023 2002 2024 2005 2024 2004 2024 2004 2025 2005 2025 2008 2025 2008 2026 2012 2026 2004 2026 2004 2027 2012 2027 2009 2027 2009 2028 2012 2028 2014 2028 2018 2029 2014 2029 2012 2029 2014 2030 2018 2030 2022 2030 2007 2031 2005 2031 2003 2031 2005 2032 2007 2032 2010 2032 2010 2033 2011 2033 2005 2033 2011 2034 2008 2034 2005 2034 2011 2035 2013 2035 2008 2035 2021 2036 2018 2036 2012 2036 2013 2037 2012 2037 2008 2037 2013 2038 2017 2038 2012 2038 2010 2039 2015 2039 2011 2039 2019 2040 2011 2040 2015 2040 2020 2041 2011 2041 2019 2041 2016 2042 2011 2042 2020 2042 2021 2043 2012 2043 2017 2043 2025 2044 2021 2044 2017 2044 2021 2045 2025 2045 2029 2045 2022 2046 2021 2046 2029 2046 2018 2047 2021 2047 2022 2047 2016 2048 2013 2048 2011 2048 2016 2049 2017 2049 2013 2049 2017 2050 2016 2050 2023 2050 2019 2051 2026 2051 2020 2051 2020 2052 2026 2052 2030 2052 2020 2053 2030 2053 2028 2053 2020 2054 2028 2054 2024 2054 2023 2055 2025 2055 2017 2055 2032 2056 2025 2056 2023 2056 2024 2057 2016 2057 2020 2057 2016 2058 2024 2058 2027 2058 2016 2059 2027 2059 2023 2059 2023 2060 2027 2060 2031 2060 2032 2061 2023 2061 2031 2061 2030 2062 2036 2062 2028 2062 2041 2063 2028 2063 2036 2063 2041 2064 2037 2064 2028 2064 2033 2065 2028 2065 2037 2065 2034 2066 2031 2066 2027 2066 2034 2067 2038 2067 2031 2067 2029 2068 2031 2068 2038 2068 2025 2069 2031 2069 2029 2069 2041 2070 2045 2070 2037 2070 2045 2071 2049 2071 2037 2071 2037 2072 2049 2072 2046 2072 2046 2073 2049 2073 2054 2073 2054 2074 2056 2074 2046 2074 2056 2075 2053 2075 2046 2075 2057 2076 2053 2076 2056 2076 2057 0 2056 0 2058 0 2053 2077 2048 2077 2046 2077 2046 2078 2040 2078 2037 2078 2046 2079 2048 2079 2040 2079 2040 2080 2033 2080 2037 2080 2040 2081 2048 2081 2043 2081 2040 2082 2043 2082 2035 2082 2048 2083 2050 2083 2043 2083 2055 2084 2043 2084 2050 2084 2059 2085 2058 2085 2056 2085 2058 0 2059 0 2060 0 2033 2086 2024 2086 2028 2086 2035 2087 2033 2087 2040 2087 2033 2088 2035 2088 2027 2088 2043 2089 2044 2089 2035 2089 2043 2090 2051 2090 2044 2090 2039 2091 2035 2091 2044 2091 2056 0 2061 0 2059 0 2061 2092 2062 2092 2059 2092 2039 2093 2044 2093 2047 2093 2044 2094 2052 2094 2047 2094 2039 2095 2034 2095 2027 2095 2042 2096 2039 2096 2047 2096 2061 2097 2063 2097 2062 2097 2063 2098 2064 2098 2062 2098 2064 2099 2063 2099 2065 2099 2027 2100 2024 2100 2033 2100 2035 2101 2039 2101 2027 2101 2034 2102 2039 2102 2042 2102 2038 2103 2034 2103 2042 2103 2066 2104 2067 2104 2068 2104 2069 2105 2066 2105 2068 2105 2070 2106 2071 2106 2072 2106 2071 2107 2070 2107 2073 2107 2071 2108 2074 2108 2072 2108 2075 2109 2073 2109 2070 2109 2073 2110 2076 2110 2071 2110 2074 2111 2071 2111 2076 2111 2077 2112 2073 2112 2075 2112 2076 2113 2073 2113 2078 2113 2073 2114 2077 2114 2079 2114 2077 2115 2075 2115 2080 2115 2078 2116 2073 2116 2079 2116 2078 2117 2079 2117 2081 2117 2082 2118 2081 2118 2079 2118 2081 2119 2082 2119 2083 2119 2083 2120 2082 2120 2084 2120 2081 2121 2083 2121 2085 2121 2083 2122 2084 2122 2086 2122 2087 2123 2085 2123 2083 2123 2083 2124 2086 2124 2087 2124 2086 2125 2088 2125 2087 2125 2088 2126 2086 2126 2089 2126 2090 2127 2087 2127 2088 2127 2086 2128 2091 2128 2089 2128 2090 2129 2092 2129 2087 2129 2091 2130 2093 2130 2089 2130 2090 2131 2094 2131 2092 2131 2091 2132 2095 2132 2093 2132 2090 2133 2096 2133 2094 2133 2097 2134 2093 2134 2095 2134 2096 2135 2098 2135 2094 2135 2099 2136 2093 2136 2097 2136 2095 2137 2100 2137 2097 2137 2098 2138 2101 2138 2094 2138 2099 2139 2097 2139 2102 2139 2100 2140 2103 2140 2097 2140 2101 2141 2104 2141 2094 2141 2105 2142 2097 2142 2103 2142 2104 2143 2106 2143 2094 2143 2097 2144 2105 2144 2107 2144 2106 2145 2108 2145 2094 2145 2108 2146 2109 2146 2094 2146 2109 2147 2110 2147 2094 2147 2110 2148 2111 2148 2094 2148 2112 2149 2113 2149 2114 2149 2115 85 2116 85 2117 85 2116 85 2118 85 2117 85 2115 85 2117 85 2119 85 2120 2150 2118 2150 2116 2150 2121 85 2118 85 2120 85 2120 2151 2116 2151 2122 2151 2118 85 2121 85 2123 85 2124 85 2120 85 2122 85 2121 2152 2125 2152 2123 2152 2122 85 2126 85 2124 85 2127 2153 2124 2153 2126 2153 2128 2154 2129 2154 2130 2154 2129 2155 2128 2155 2131 2155 2130 2156 2132 2156 2128 2156 2133 2156 2132 2156 2130 2156 2132 2157 2133 2157 2134 2157 2133 2158 2135 2158 2134 2158 2134 2159 2135 2159 2136 2159 2137 2160 2134 2160 2136 2160 2138 2161 2139 2161 2140 2161 2139 2162 2141 2162 2140 2162 2139 2163 2142 2163 2141 2163 2141 2164 2142 2164 2143 2164 2142 2165 2144 2165 2143 2165 2145 2166 2143 2166 2144 2166 2145 2167 2144 2167 2146 2167 2145 2168 2146 2168 2147 2168 2145 2169 2147 2169 2148 2169 2148 2170 2147 2170 2149 2170 2148 2171 2149 2171 2150 2171 2151 2172 2152 2172 2153 2172 2153 2173 2152 2173 2154 2173 2153 2174 2154 2174 2155 2174 2154 2175 2156 2175 2155 2175 2155 2176 2157 2176 2153 2176 2158 2177 2156 2177 2154 2177 2157 85 2155 85 2159 85 2154 85 2160 85 2158 85 2158 85 2160 85 2161 85 2160 2178 2162 2178 2161 2178 2163 2179 2161 2179 2162 2179 2164 2180 2165 2180 2166 2180 2165 2181 2164 2181 2167 2181 2168 2182 2166 2182 2165 2182 2168 2183 2165 2183 2169 2183 2169 2184 2170 2184 2168 2184 2169 2185 2171 2185 2170 2185 2171 2186 2169 2186 2172 2186 2173 2187 2171 2187 2172 2187 2174 2188 2173 2188 2172 2188 2174 2189 2172 2189 2175 2189 2175 2190 2176 2190 2174 2190 2177 2191 2176 2191 2175 2191 2174 2192 2176 2192 2178 2192 2179 2193 2176 2193 2177 2193 2180 2194 2177 2194 2175 2194 2181 2195 2177 2195 2180 2195 2181 2196 2180 2196 2182 2196 2182 2197 2180 2197 2183 2197 2183 2198 2184 2198 2182 2198 2184 2199 2183 2199 2185 2199 2186 2200 2184 2200 2185 2200 2185 2201 2187 2201 2186 2201 2188 2202 2186 2202 2187 2202 2188 2203 2189 2203 2186 2203 2188 2204 2187 2204 2190 2204 2188 2205 2191 2205 2189 2205 2192 2206 2186 2206 2189 2206 2190 2207 2193 2207 2188 2207 2193 2208 2191 2208 2188 2208 2191 2209 2194 2209 2189 2209 2186 2210 2192 2210 2195 2210 2196 2211 2191 2211 2193 2211 2194 2212 2191 2212 2197 2212 2194 2213 2197 2213 2198 2213 2194 2214 2198 2214 2199 2214 2200 2215 2199 2215 2198 2215 2200 2216 2198 2216 2201 2216 2201 2217 2202 2217 2200 2217 2202 2218 2201 2218 2203 2218 2201 2219 2204 2219 2203 2219 2204 2220 2205 2220 2203 2220 2205 2221 2204 2221 2206 2221 2207 2222 2205 2222 2206 2222 2207 2223 2206 2223 2208 2223 2208 2224 2206 2224 2209 2224 2207 2225 2208 2225 2210 2225 2208 2226 2209 2226 2211 2226 2208 2227 2211 2227 2212 2227 2213 2228 2212 2228 2211 2228 2214 2229 2208 2229 2212 2229 2212 2230 2213 2230 2215 2230 2214 2231 2216 2231 2208 2231 2217 2232 2212 2232 2215 2232 2214 2233 2218 2233 2216 2233 2219 2234 2212 2234 2217 2234 2220 2235 2218 2235 2214 2235 2217 2236 2221 2236 2219 2236 2220 2237 2214 2237 2222 2237 2223 2238 2224 2238 2225 2238 2223 2239 2226 2239 2224 2239 2226 85 2223 85 2227 85 2226 85 2228 85 2224 85 2226 2240 2227 2240 2229 2240 2228 85 2230 85 2224 85 2231 85 2226 85 2229 85 2229 85 2232 85 2231 85 2233 85 2231 85 2232 85 2234 2241 2235 2241 2236 2241 2235 2242 2234 2242 2237 2242 2238 2243 2239 2243 2240 2243 2240 2244 2241 2244 2238 2244 2242 2245 2243 2245 2244 2245 2245 85 2246 85 2247 85 2247 85 2248 85 2245 85 2249 2246 2245 2246 2248 2246 2248 2247 2250 2247 2249 2247 2251 85 2249 85 2250 85 2252 2248 2253 2248 2254 2248 2254 2249 2253 2249 2255 2249 2255 2250 2253 2250 2256 2250 2257 2251 2255 2251 2256 2251 2257 2252 2256 2252 2258 2252 2259 2253 2257 2253 2258 2253 2257 2254 2259 2254 2260 2254 2261 2255 2262 2255 2263 2255 2264 0 2261 0 2263 0 2263 0 2265 0 2264 0 2266 2256 2267 2256 2268 2256 2266 2257 2268 2257 2269 2257 2266 2258 2269 2258 2270 2258 2271 2259 2272 2259 2273 2259 2272 2260 2271 2260 2274 2260 2275 2261 2276 2261 2277 2261 2276 2262 2278 2262 2277 2262 2279 2263 2277 2263 2278 2263 2278 2264 2280 2264 2279 2264 2281 2265 2279 2265 2280 2265 2280 2266 2282 2266 2281 2266 2283 2267 2284 2267 2285 2267 2286 2268 2285 2268 2284 2268 2285 2269 2286 2269 2287 2269 2288 2270 2289 2270 2290 2270 2291 85 2292 85 2293 85 2293 85 2294 85 2291 85 2295 85 2291 85 2294 85 2291 2271 2295 2271 2296 2271 2296 85 2295 85 2297 85 2298 2272 2291 2272 2296 2272 2297 2273 2299 2273 2296 2273 2298 85 2296 85 2300 85 2299 2274 2301 2274 2296 2274 2296 2275 2302 2275 2300 2275 2301 2276 2299 2276 2303 2276 2304 2277 2300 2277 2302 2277 2303 2278 2305 2278 2301 2278 2304 85 2302 85 2306 85 2303 2279 2307 2279 2305 2279 2304 85 2306 85 2308 85 2307 2280 2309 2280 2305 2280 2310 85 2308 85 2306 85 2307 2281 2311 2281 2309 2281 2312 2282 2309 2282 2311 2282 2313 2283 2314 2283 2315 2283 2315 2284 2316 2284 2313 2284 2316 2285 2317 2285 2313 2285 2318 2286 2317 2286 2316 2286 2319 2287 2317 2287 2318 2287 2320 2288 2319 2288 2318 2288 2318 2289 2321 2289 2320 2289 2322 2290 2323 2290 2324 2290 2325 2291 2326 2291 2327 2291 2326 2292 2325 2292 2328 2292 2327 2293 2329 2293 2325 2293 2330 2294 2325 2294 2329 2294 2330 2295 2329 2295 2331 2295 2332 2296 2330 2296 2331 2296 2332 2297 2331 2297 2333 2297 2333 2298 2334 2298 2332 2298 2334 2299 2333 2299 2335 2299 2335 2300 2336 2300 2334 2300 2337 2301 2338 2301 2339 2301 2339 2302 2340 2302 2337 2302 2341 2303 2340 2303 2339 2303 2342 2304 2340 2304 2341 2304 2342 2305 2341 2305 2343 2305 2342 2306 2343 2306 2344 2306 2345 2307 2344 2307 2343 2307 2345 2308 2346 2308 2344 2308 2346 2309 2345 2309 2347 2309 2348 2310 2346 2310 2347 2310 2349 85 2350 85 2351 85 2349 85 2352 85 2350 85 2351 2311 2353 2311 2349 2311 2354 85 2349 85 2353 85 2349 85 2354 85 2355 85 2354 2312 2356 2312 2355 2312 2356 2313 2354 2313 2357 2313 2358 2314 2359 2314 2360 2314 2361 2315 2362 2315 2363 2315 2364 2316 2361 2316 2363 2316 2363 2317 2365 2317 2364 2317 2364 2318 2365 2318 2366 2318 2367 2319 2368 2319 2369 2319 2369 2320 2370 2320 2367 2320 2370 2321 2369 2321 2371 2321 2372 2322 2371 2322 2369 2322 2371 2323 2372 2323 2373 2323 2374 2324 2373 2324 2372 2324 2375 2325 2376 2325 2377 2325 2377 2326 2378 2326 2375 2326 2378 2327 2377 2327 2379 2327 2379 2328 2380 2328 2378 2328 2381 2329 2380 2329 2379 2329 2379 2330 2382 2330 2381 2330 2383 2331 2381 2331 2382 2331 2384 85 2385 85 2386 85 2385 2332 2384 2332 2387 2332 2388 85 2386 85 2385 85 2389 2333 2385 2333 2387 2333 2387 2334 2390 2334 2389 2334 2389 2335 2390 2335 2391 2335 2392 2336 2393 2336 2394 2336 2395 2337 2392 2337 2394 2337 2392 2338 2395 2338 2396 2338 2397 2339 2396 2339 2395 2339 2398 85 2399 85 2400 85 2400 85 2401 85 2398 85 2402 2340 2403 2340 2404 2340 2402 2341 2404 2341 2405 2341 2405 2342 2406 2342 2402 2342 2407 2343 2406 2343 2405 2343 2408 2344 2406 2344 2407 2344 2408 2345 2407 2345 2409 2345 2409 2346 2410 2346 2408 2346 2409 2347 2411 2347 2410 2347 2410 2348 2411 2348 2412 2348 2411 2349 2413 2349 2412 2349 2413 2350 2411 2350 2414 2350 2415 2351 2412 2351 2413 2351 2414 2352 2416 2352 2413 2352 2416 2353 2414 2353 2417 2353 2418 2354 2416 2354 2417 2354 2417 2355 2419 2355 2418 2355 2418 2356 2419 2356 2420 2356 2419 2357 2421 2357 2420 2357 2420 2358 2421 2358 2422 2358 2423 2359 2422 2359 2421 2359 2424 2360 2422 2360 2423 2360 2425 2361 2426 2361 2427 2361 2426 2362 2428 2362 2427 2362 2428 2363 2429 2363 2427 2363 2428 2364 2430 2364 2429 2364 2431 2365 2429 2365 2430 2365 2430 2366 2432 2366 2431 2366 2433 2367 2431 2367 2432 2367 2432 2368 2434 2368 2433 2368 2434 2369 2435 2369 2433 2369 2434 2370 2436 2370 2435 2370 2435 2371 2436 2371 2437 2371 2436 2372 2438 2372 2437 2372 2439 2373 2437 2373 2438 2373 2438 2374 2440 2374 2439 2374 2440 2375 2441 2375 2439 2375 2441 2376 2440 2376 2442 2376 2443 2377 2444 2377 2445 2377 2445 2378 2446 2378 2443 2378 2446 2379 2445 2379 2447 2379 2448 2380 2449 2380 2450 2380 2451 2381 2450 2381 2449 2381 2448 2382 2450 2382 2452 2382 2451 2383 2449 2383 2453 2383 2454 2384 2453 2384 2449 2384 2455 2385 2453 2385 2454 2385 2455 2386 2454 2386 2456 2386 2457 2387 2456 2387 2454 2387 2458 2388 2457 2388 2454 2388 2459 2389 2458 2389 2454 2389 2460 2390 2461 2390 2462 2390 2463 2391 2464 2391 2465 2391 2466 2392 2465 2392 2464 2392 2467 2393 2463 2393 2465 2393 2468 2394 2466 2394 2464 2394 2467 2395 2469 2395 2463 2395 2470 2396 2467 2396 2465 2396 2468 2397 2464 2397 2471 2397 2472 2398 2468 2398 2471 2398 2471 2399 2473 2399 2472 2399 2472 2400 2473 2400 2474 2400 2475 2401 2476 2401 2477 2401 2479 2402 2477 2402 2476 2402 2479 2403 2481 2403 2477 2403 2484 2404 2477 2404 2481 2404 2484 2405 2487 2405 2477 2405 2487 2406 2484 2406 2490 2406 2493 2407 2487 2407 2490 2407 2493 2408 2496 2408 2487 2408 2496 2409 2493 2409 2499 2409 2499 2410 2502 2410 2496 2410 2475 2411 2478 2411 2476 2411 2475 2412 2480 2412 2478 2412 2480 2413 2482 2413 2478 2413 2485 2414 2482 2414 2480 2414 2485 2415 2488 2415 2482 2415 2488 2416 2485 2416 2491 2416 2491 2417 2494 2417 2488 2417 2479 2418 2483 2418 2481 2418 2499 2419 2505 2419 2502 2419 2505 2420 2509 2420 2502 2420 2483 2421 2479 2421 2486 2421 2509 2422 2505 2422 2512 2422 2512 2423 2515 2423 2509 2423 2479 2424 2489 2424 2486 2424 2489 2425 2492 2425 2486 2425 2518 2426 2515 2426 2512 2426 2515 2427 2518 2427 2521 2427 2521 2428 2520 2428 2515 2428 2489 2429 2495 2429 2492 2429 2498 2430 2492 2430 2495 2430 2501 2431 2492 2431 2498 2431 2504 2432 2501 2432 2498 2432 2504 2433 2507 2433 2501 2433 2517 2434 2520 2434 2521 2434 2517 2435 2514 2435 2520 2435 2504 2436 2498 2436 2508 2436 2507 2437 2504 2437 2511 2437 2514 2438 2517 2438 2511 2438 2511 2439 2504 2439 2514 2439 2491 2440 2497 2440 2494 2440 2497 2441 2500 2441 2494 2441 2503 2442 2500 2442 2497 2442 2503 2443 2506 2443 2500 2443 2510 2444 2506 2444 2503 2444 2510 2445 2513 2445 2506 2445 2510 2446 2516 2446 2513 2446 2510 2447 2519 2447 2516 2447 2516 2448 2519 2448 2522 2448 2522 2449 2519 2449 2523 2449 2524 2450 2522 2450 2523 2450 2524 2451 2525 2451 2522 2451 2525 2452 2524 2452 2526 2452 2526 2453 2527 2453 2525 2453 2528 2454 2527 2454 2526 2454 2528 2454 2529 2454 2527 2454 2529 2455 2528 2455 2530 2455 2530 2456 2531 2456 2529 2456 2532 2457 2531 2457 2530 2457 2532 2458 2533 2458 2531 2458 2533 2459 2532 2459 2534 2459 2534 2460 2535 2460 2533 2460 2535 2461 2534 2461 2536 2461 2536 2462 2537 2462 2535 2462 2536 2463 2538 2463 2537 2463 2536 2464 2539 2464 2538 2464 2536 2465 2540 2465 2539 2465 2540 2466 2536 2466 2542 2466 2540 2467 2542 2467 2544 2467 2542 2468 2546 2468 2544 2468 2546 2469 2542 2469 2548 2469 2546 2470 2548 2470 2550 2470 2550 2471 2548 2471 2552 2471 2552 2472 2554 2472 2550 2472 2541 2473 2538 2473 2539 2473 2538 2474 2541 2474 2543 2474 2545 2475 2538 2475 2543 2475 2554 2476 2552 2476 2556 2476 2559 2477 2554 2477 2556 2477 2559 2478 2556 2478 2561 2478 2561 2479 2563 2479 2559 2479 2543 2480 2547 2480 2545 2480 2545 2481 2547 2481 2549 2481 2551 2482 2549 2482 2547 2482 2563 2483 2561 2483 2565 2483 2551 2484 2547 2484 2553 2484 2555 2485 2551 2485 2553 2485 2555 2486 2557 2486 2551 2486 2565 2487 2561 2487 2566 2487 2566 2488 2564 2488 2565 2488 2558 2489 2555 2489 2553 2489 2555 2490 2558 2490 2560 2490 2560 2491 2562 2491 2555 2491 2564 2492 2566 2492 2562 2492 2564 2493 2562 2493 2560 2493 2567 85 2568 85 2569 85 2570 2494 2569 2494 2568 2494 2570 85 2568 85 2571 85 2571 2495 2568 2495 2572 2495 2572 85 2573 85 2571 85 2573 85 2574 85 2571 85 2575 2496 2571 2496 2574 2496 2574 2497 2576 2497 2575 2497 2577 2498 2575 2498 2576 2498 2575 85 2577 85 2578 85 2578 85 2579 85 2575 85 2575 2499 2579 2499 2580 2499 2579 2500 2581 2500 2580 2500 2582 2501 2575 2501 2580 2501 2580 85 2581 85 2583 85 2584 85 2582 85 2580 85 2580 2502 2583 2502 2585 2502 2586 85 2582 85 2584 85 2585 85 2587 85 2580 85 2586 2503 2584 2503 2588 2503 2580 85 2587 85 2589 85 2590 85 2586 85 2588 85 2589 2504 2587 2504 2591 2504 2592 85 2590 85 2588 85 2591 85 2593 85 2589 85 2594 85 2590 85 2592 85 2595 85 2589 85 2593 85 2596 85 2590 85 2594 85 2594 85 2592 85 2597 85 2595 2505 2598 2505 2589 2505 2599 85 2598 85 2595 85 2600 85 2599 85 2595 85 2601 2506 2602 2506 2603 2506 2603 2507 2602 2507 2604 2507 2605 2508 2603 2508 2604 2508 2604 2509 2606 2509 2605 2509 2607 2510 2608 2510 2609 2510 2610 2511 2611 2511 2612 2511 2613 2512 2614 2512 2615 2512 2616 2513 2617 2513 2618 2513 2616 2514 2619 2514 2617 2514 2620 2515 2621 2515 2622 2515 2623 2516 2624 2516 2625 2516 2626 85 2627 85 2628 85 2629 2517 2630 2517 2631 2517 2632 2518 2633 2518 2634 2518 2635 318 2636 318 2637 318 2638 2519 2639 2519 2640 2519 2641 85 2642 85 2643 85 2644 2520 2645 2520 2646 2520 2647 2521 2648 2521 2649 2521 2650 2522 2651 2522 2652 2522 2653 2523 2654 2523 2655 2523 2656 2524 2655 2524 2654 2524 2657 2525 2658 2525 2659 2525 2660 2526 2661 2526 2662 2526 2663 2527 2664 2527 2665 2527 2666 2528 2664 2528 2663 2528 2663 2529 2667 2529 2666 2529 2667 2530 2663 2530 2668 2530 2668 2531 2663 2531 2669 2531 2670 2532 2667 2532 2668 2532 2671 2533 2667 2533 2670 2533 2672 2534 2670 2534 2668 2534 2671 2535 2673 2535 2667 2535 2670 2536 2674 2536 2671 2536 2675 2537 2670 2537 2672 2537 2674 2538 2670 2538 2676 2538 2676 2539 2670 2539 2675 2539 2675 2540 2677 2540 2676 2540 2675 2541 2678 2541 2677 2541 2679 2542 2680 2542 2681 2542 2682 2543 2683 2543 2684 2543 2685 2544 2686 2544 2687 2544 2688 2545 2689 2545 2690 2545 2691 2546 2692 2546 2693 2546 2694 2547 2695 2547 2696 2547 2697 2548 2696 2548 2695 2548 2698 2549 2694 2549 2696 2549 2699 2550 2700 2550 2701 2550 2702 2551 2703 2551 2704 2551 2705 2552 2704 2552 2703 2552 2706 2553 2707 2553 2708 2553 2709 2554 2710 2554 2711 2554 2712 2555 2713 2555 2714 2555 2715 2556 2716 2556 2717 2556 2715 2557 2718 2557 2716 2557 2719 0 2718 0 2715 0 2716 0 2718 0 2720 0 2718 0 2721 0 2720 0 2721 0 2722 0 2720 0 2723 0 2720 0 2722 0 2720 2558 2723 2558 2724 2558 2725 2559 2726 2559 2727 2559 2727 2560 2728 2560 2725 2560 2728 2561 2727 2561 2729 2561 2730 2562 2728 2562 2729 2562 2729 2563 2731 2563 2730 2563 2731 2564 2729 2564 2732 2564 2731 2565 2733 2565 2730 2565 2729 2566 2734 2566 2732 2566 2734 2567 2729 2567 2735 2567 2735 2568 2729 2568 2736 2568 2735 2569 2736 2569 2737 2569 2736 2570 2738 2570 2737 2570 2738 2571 2739 2571 2737 2571 2739 2572 2740 2572 2737 2572 2741 2573 2740 2573 2739 2573 2742 2574 2740 2574 2741 2574 2741 2575 2743 2575 2742 2575 2743 2576 2744 2576 2742 2576 2743 2577 2745 2577 2744 2577 2743 2578 2746 2578 2745 2578 2746 2579 2743 2579 2747 2579 2748 2580 2747 2580 2743 2580 2746 2581 2747 2581 2749 2581 2748 2582 2743 2582 2750 2582 2748 2583 2750 2583 2751 2583 2751 2584 2750 2584 2752 2584 2753 2585 2754 2585 2755 2585 2756 2586 2755 2586 2754 2586 2756 2587 2757 2587 2755 2587 2756 2588 2758 2588 2757 2588 2757 2589 2758 2589 2759 2589 2758 2590 2760 2590 2759 2590 2761 2591 2759 2591 2760 2591 2762 2592 2761 2592 2760 2592 2763 2593 2761 2593 2762 2593 2764 2594 2765 2594 2766 2594 2767 2595 2766 2595 2765 2595 2766 2596 2768 2596 2764 2596 2769 2597 2766 2597 2767 2597 2766 2598 2770 2598 2768 2598 2767 2599 2771 2599 2769 2599 2772 2600 2768 2600 2770 2600 2773 2601 2769 2601 2771 2601 2770 2602 2774 2602 2772 2602 2773 2603 2775 2603 2769 2603 2772 2604 2774 2604 2776 2604 2777 2605 2775 2605 2773 2605 2774 2606 2778 2606 2776 2606 2777 2607 2779 2607 2775 2607 2778 2608 2780 2608 2776 2608 2777 2609 2781 2609 2779 2609 2782 2610 2776 2610 2780 2610 2783 2611 2781 2611 2777 2611 2780 2612 2784 2612 2782 2612 2783 2613 2785 2613 2781 2613 2786 2614 2782 2614 2784 2614 2783 2615 2787 2615 2785 2615 2784 2616 2788 2616 2786 2616 2785 2617 2787 2617 2789 2617 2790 2618 2786 2618 2788 2618 2791 2619 2789 2619 2787 2619 2788 2620 2792 2620 2790 2620 2791 2621 2793 2621 2789 2621 2792 2622 2794 2622 2790 2622 2791 2623 2795 2623 2793 2623 2796 2624 2794 2624 2792 2624 2793 2625 2795 2625 2797 2625 2797 2626 2796 2626 2792 2626 2797 2627 2795 2627 2796 2627 2798 85 2799 85 2800 85 2801 85 2802 85 2803 85 2804 2628 2805 2628 2806 2628 2807 2629 2808 2629 2809 2629 2810 2630 2811 2630 2812 2630 2811 2631 2810 2631 2813 2631 2812 2632 2811 2632 2814 2632 2815 2633 2811 2633 2813 2633 2816 2634 2812 2634 2814 2634 2813 2635 2817 2635 2815 2635 2814 2636 2818 2636 2816 2636 2819 2637 2815 2637 2817 2637 2820 2638 2816 2638 2818 2638 2819 2639 2817 2639 2821 2639 2822 2640 2820 2640 2818 2640 2823 2641 2819 2641 2821 2641 2820 2642 2822 2642 2824 2642 2825 2643 2823 2643 2821 2643 2826 2644 2824 2644 2822 2644 2827 2645 2825 2645 2821 2645 2828 2646 2824 2646 2826 2646 2829 2647 2825 2647 2827 2647 2828 2648 2826 2648 2830 2648 2829 2649 2827 2649 2831 2649 2832 2650 2828 2650 2830 2650 2833 2651 2829 2651 2831 2651 2832 2652 2830 2652 2834 2652 2833 2653 2831 2653 2835 2653 2834 2654 2830 2654 2836 2654 2837 2655 2833 2655 2835 2655 2838 2656 2834 2656 2836 2656 2835 2657 2839 2657 2837 2657 2838 2658 2836 2658 2840 2658 2841 2659 2837 2659 2839 2659 2842 2660 2838 2660 2840 2660 2843 2661 2841 2661 2839 2661 2842 2662 2840 2662 2844 2662 2845 2663 2841 2663 2843 2663 2842 2664 2844 2664 2846 2664 2847 2665 2845 2665 2843 2665 2846 2666 2844 2666 2848 2666 2849 2667 2845 2667 2847 2667 2850 2668 2846 2668 2848 2668 2849 2669 2847 2669 2851 2669 2850 2670 2848 2670 2852 2670 2853 2671 2849 2671 2851 2671 2854 2672 2850 2672 2852 2672 2855 2673 2853 2673 2851 2673 2852 2674 2856 2674 2854 2674 2857 2675 2853 2675 2855 2675 2856 2676 2858 2676 2854 2676 2858 2677 2857 2677 2855 2677 2856 2678 2857 2678 2858 2678 2859 2679 2860 2679 2861 2679 2862 2680 2861 2680 2860 2680 2859 2681 2861 2681 2863 2681 2862 2682 2860 2682 2864 2682 2865 2683 2859 2683 2863 2683 2864 2684 2860 2684 2866 2684 2865 2685 2863 2685 2867 2685 2868 2686 2864 2686 2866 2686 2863 2687 2869 2687 2867 2687 2868 2688 2866 2688 2870 2688 2869 2689 2871 2689 2867 2689 2872 2690 2868 2690 2870 2690 2873 2691 2871 2691 2869 2691 2868 2692 2872 2692 2874 2692 2873 2693 2875 2693 2871 2693 2876 2694 2874 2694 2872 2694 2873 2695 2877 2695 2875 2695 2872 2696 2878 2696 2876 2696 2879 2697 2875 2697 2877 2697 2876 2698 2878 2698 2880 2698 2881 2699 2879 2699 2877 2699 2878 2700 2882 2700 2880 2700 2881 2701 2883 2701 2879 2701 2884 2702 2880 2702 2882 2702 2883 2703 2885 2703 2879 2703 2882 2704 2886 2704 2884 2704 2887 2705 2885 2705 2883 2705 2886 2706 2888 2706 2884 2706 2889 2707 2887 2707 2883 2707 2888 2708 2890 2708 2884 2708 2888 2709 2887 2709 2889 2709 2889 2710 2890 2710 2888 2710 2891 2711 2892 2711 2893 2711 2894 2712 2893 2712 2892 2712 2891 2713 2893 2713 2895 2713 2894 2714 2892 2714 2896 2714 2895 2715 2893 2715 2897 2715 2896 2716 2892 2716 2898 2716 2897 2717 2899 2717 2895 2717 2900 2718 2896 2718 2898 2718 2899 2719 2901 2719 2895 2719 2898 2720 2902 2720 2900 2720 2903 2721 2901 2721 2899 2721 2902 2722 2904 2722 2900 2722 2903 2723 2905 2723 2901 2723 2900 2724 2904 2724 2906 2724 2903 2725 2907 2725 2905 2725 2904 2726 2908 2726 2906 2726 2903 2727 2909 2727 2907 2727 2910 2728 2906 2728 2908 2728 2907 2729 2909 2729 2911 2729 2912 2730 2910 2730 2908 2730 2913 2731 2911 2731 2909 2731 2910 2732 2912 2732 2914 2732 2913 2733 2915 2733 2911 2733 2916 2734 2914 2734 2912 2734 2915 2735 2917 2735 2911 2735 2918 2736 2916 2736 2912 2736 2919 2737 2917 2737 2915 2737 2918 2738 2920 2738 2916 2738 2921 2739 2919 2739 2915 2739 2922 2740 2920 2740 2918 2740 2921 2741 2920 2741 2919 2741 2922 2742 2919 2742 2920 2742 2923 2743 2924 2743 2925 2743 2925 2744 2924 2744 2926 2744 2927 2745 2923 2745 2925 2745 2926 2746 2924 2746 2928 2746 2923 2747 2927 2747 2929 2747 2928 2748 2930 2748 2926 2748 2927 2749 2931 2749 2929 2749 2932 2750 2930 2750 2928 2750 2929 2751 2931 2751 2933 2751 2930 2752 2932 2752 2934 2752 2931 2753 2935 2753 2933 2753 2934 2754 2932 2754 2936 2754 2933 2755 2935 2755 2937 2755 2936 2756 2938 2756 2934 2756 2939 2757 2937 2757 2935 2757 2940 2758 2938 2758 2936 2758 2941 2759 2937 2759 2939 2759 2938 2760 2940 2760 2942 2760 2941 2761 2939 2761 2943 2761 2944 2762 2942 2762 2940 2762 2943 2763 2945 2763 2941 2763 2946 2764 2942 2764 2944 2764 2943 2765 2947 2765 2945 2765 2944 2766 2948 2766 2946 2766 2945 2767 2947 2767 2949 2767 2950 2768 2946 2768 2948 2768 2949 2769 2947 2769 2951 2769 2948 2770 2952 2770 2950 2770 2951 2771 2953 2771 2949 2771 2950 2772 2952 2772 2954 2772 2951 2773 2954 2773 2953 2773 2954 2774 2952 2774 2953 2774 2955 2775 2956 2775 2957 2775 2958 2776 2956 2776 2955 2776 2959 2777 2957 2777 2956 2777 2960 2778 2958 2778 2955 2778 2957 2779 2959 2779 2961 2779 2958 2780 2960 2780 2962 2780 2963 2781 2961 2781 2959 2781 2964 2782 2962 2782 2960 2782 2961 2783 2963 2783 2965 2783 2966 2784 2962 2784 2964 2784 2967 2785 2965 2785 2963 2785 2968 2786 2966 2786 2964 2786 2965 2787 2967 2787 2969 2787 2966 2788 2968 2788 2970 2788 2971 2789 2969 2789 2967 2789 2972 2790 2970 2790 2968 2790 2969 2791 2971 2791 2973 2791 2974 2792 2970 2792 2972 2792 2975 2793 2973 2793 2971 2793 2976 2794 2974 2794 2972 2794 2973 2795 2975 2795 2977 2795 2974 2796 2976 2796 2978 2796 2977 2797 2975 2797 2979 2797 2980 2798 2978 2798 2976 2798 2977 2799 2979 2799 2981 2799 2982 2800 2978 2800 2980 2800 2983 2801 2981 2801 2979 2801 2984 2802 2982 2802 2980 2802 2981 2803 2983 2803 2985 2803 2982 2804 2984 2804 2986 2804 2985 2805 2983 2805 2986 2805 2985 2806 2986 2806 2984 2806 2987 2807 2988 2807 2989 2807 2989 2808 2988 2808 2990 2808 2987 2809 2989 2809 2991 2809 2990 2810 2992 2810 2989 2810 2991 2811 2993 2811 2987 2811 2992 2812 2990 2812 2994 2812 2993 2813 2991 2813 2995 2813 2994 2814 2996 2814 2992 2814 2993 2815 2995 2815 2997 2815 2996 2816 2994 2816 2998 2816 2997 2817 2995 2817 2999 2817 2998 2818 3000 2818 2996 2818 2999 2819 3001 2819 2997 2819 3002 2820 3000 2820 2998 2820 3001 2821 2999 2821 3003 2821 3002 2822 3004 2822 3000 2822 3001 2823 3003 2823 3005 2823 3002 2824 3006 2824 3004 2824 3001 2825 3005 2825 3007 2825 3006 2826 3002 2826 3008 2826 3007 2827 3005 2827 3009 2827 3008 2828 3010 2828 3006 2828 3009 2829 3011 2829 3007 2829 3012 2830 3010 2830 3008 2830 3011 2831 3009 2831 3013 2831 3012 2832 3014 2832 3010 2832 3013 2833 3015 2833 3011 2833 3014 2834 3012 2834 3016 2834 3015 2835 3013 2835 3017 2835 3016 2836 3017 2836 3014 2836 3017 2837 3018 2837 3015 2837 3016 2838 3018 2838 3017 2838 3019 2839 3020 2839 3021 2839 3020 2840 3019 2840 3022 2840 3023 2841 3019 2841 3021 2841 3022 2842 3024 2842 3020 2842 3025 2843 3019 2843 3023 2843 3026 2844 3024 2844 3022 2844 3025 2845 3023 2845 3027 2845 3026 2846 3028 2846 3024 2846 3027 2847 3029 2847 3025 2847 3028 2848 3026 2848 3030 2848 3031 2849 3029 2849 3027 2849 3030 2850 3032 2850 3028 2850 3029 2851 3031 2851 3033 2851 3034 2852 3032 2852 3030 2852 3033 2853 3031 2853 3035 2853 3032 2854 3034 2854 3036 2854 3035 2855 3037 2855 3033 2855 3036 2856 3038 2856 3032 2856 3037 2857 3035 2857 3039 2857 3040 2858 3038 2858 3036 2858 3039 2859 3035 2859 3041 2859 3038 2860 3040 2860 3042 2860 3041 2861 3043 2861 3039 2861 3042 2862 3040 2862 3044 2862 3043 2863 3041 2863 3045 2863 3044 2864 3046 2864 3042 2864 3043 2865 3045 2865 3047 2865 3044 2866 3048 2866 3046 2866 3047 2867 3045 2867 3049 2867 3046 2868 3048 2868 3050 2868 3049 2869 3048 2869 3047 2869 3048 2870 3049 2870 3050 2870 3051 2871 3052 2871 3053 2871 3055 2872 3051 2872 3053 2872 3053 2872 3057 2872 3055 2872 3059 2873 3055 2873 3057 2873 3052 2874 3054 2874 3053 2874 3061 2875 3059 2875 3057 2875 3063 2876 3059 2876 3061 2876 3056 2877 3054 2877 3052 2877 3061 2878 3065 2878 3063 2878 3067 2879 3063 2879 3065 2879 3052 2880 3058 2880 3056 2880 3056 2881 3058 2881 3060 2881 3069 2882 3067 2882 3065 2882 3071 2883 3067 2883 3069 2883 3058 2881 3062 2881 3060 2881 3064 2884 3060 2884 3062 2884 3069 2885 3073 2885 3071 2885 3075 2886 3071 2886 3073 2886 3062 2887 3066 2887 3064 2887 3064 2888 3066 2888 3068 2888 3077 2886 3075 2886 3073 2886 3079 2889 3075 2889 3077 2889 3066 2890 3070 2890 3068 2890 3072 2891 3068 2891 3070 2891 3077 2889 3081 2889 3079 2889 3083 2892 3079 2892 3081 2892 3070 2891 3074 2891 3072 2891 3072 2893 3074 2893 3076 2893 3085 2894 3083 2894 3081 2894 3087 2895 3083 2895 3085 2895 3074 2896 3078 2896 3076 2896 3080 2897 3076 2897 3078 2897 3085 2898 3089 2898 3087 2898 3091 2899 3087 2899 3089 2899 3078 2897 3082 2897 3080 2897 3080 2900 3082 2900 3084 2900 3093 2901 3091 2901 3089 2901 3095 2902 3091 2902 3093 2902 3082 2900 3086 2900 3084 2900 3088 2903 3084 2903 3086 2903 3093 2904 3097 2904 3095 2904 3099 2905 3095 2905 3097 2905 3086 2906 3090 2906 3088 2906 3088 2907 3090 2907 3092 2907 3101 2908 3099 2908 3097 2908 3103 2909 3099 2909 3101 2909 3090 2910 3094 2910 3092 2910 3096 2911 3092 2911 3094 2911 3101 2912 3105 2912 3103 2912 3107 2913 3103 2913 3105 2913 3094 2914 3098 2914 3096 2914 3096 2915 3098 2915 3100 2915 3109 2913 3107 2913 3105 2913 3111 2916 3107 2916 3109 2916 3098 2915 3102 2915 3100 2915 3104 2917 3100 2917 3102 2917 3109 2918 3113 2918 3111 2918 3111 2919 3113 2919 3112 2919 3114 2920 3111 2920 3112 2920 3102 2921 3106 2921 3104 2921 3104 2922 3106 2922 3108 2922 3106 2923 3110 2923 3108 2923 3112 2924 3108 2924 3110 2924 3110 2924 3114 2924 3112 2924 3115 85 3116 85 3117 85 3117 85 3119 85 3115 85 3119 85 3121 85 3115 85 3121 85 3123 85 3115 85 3125 85 3123 85 3121 85 3121 85 3127 85 3125 85 3127 85 3129 85 3125 85 3129 85 3131 85 3125 85 3117 85 3116 85 3118 85 3120 85 3117 85 3118 85 3122 85 3120 85 3118 85 3131 85 3129 85 3133 85 3118 85 3124 85 3122 85 3122 85 3124 85 3126 85 3126 85 3128 85 3122 85 3129 85 3135 85 3133 85 3137 85 3133 85 3135 85 3137 85 3139 85 3133 85 3128 85 3126 85 3130 85 3137 85 3141 85 3139 85 3132 85 3130 85 3126 85 3130 85 3132 85 3134 85 3134 85 3136 85 3130 85 3137 85 3143 85 3141 85 3141 85 3143 85 3145 85 3145 85 3147 85 3141 85 3136 85 3134 85 3138 85 3147 85 3145 85 3149 85 3140 85 3138 85 3134 85 3138 85 3140 85 3142 85 3142 85 3144 85 3138 85 3151 85 3149 85 3145 85 3149 85 3151 85 3153 85 3153 85 3155 85 3149 85 3142 85 3146 85 3144 85 3153 85 3157 85 3155 85 3148 85 3146 85 3142 85 3146 85 3148 85 3150 85 3150 85 3152 85 3146 85 3159 85 3157 85 3153 85 3157 85 3159 85 3161 85 3161 85 3163 85 3157 85 3152 85 3150 85 3154 85 3150 85 3156 85 3154 85 3158 85 3154 85 3156 85 3158 85 3160 85 3154 85 3163 85 3161 85 3165 85 3158 85 3162 85 3160 85 3167 85 3165 85 3161 85 3165 85 3167 85 3169 85 3171 85 3165 85 3169 85 3158 85 3164 85 3162 85 3162 85 3164 85 3166 85 3166 85 3168 85 3162 85 3170 85 3168 85 3166 85 3173 85 3171 85 3169 85 3166 85 3172 85 3170 85 3172 85 3174 85 3170 85 3174 85 3176 85 3170 85 3177 85 3176 85 3174 85 3174 85 3178 85 3177 85 3178 85 3173 85 3177 85 3173 85 3175 85 3177 85 3169 85 3175 85 3173 85 3179 2925 3180 2925 3181 2925 3181 2926 3183 2926 3179 2926 3179 2927 3183 2927 3185 2927 3187 2928 3179 2928 3185 2928 3189 2929 3187 2929 3185 2929 3185 2930 3191 2930 3189 2930 3193 2931 3189 2931 3191 2931 3181 2932 3180 2932 3182 2932 3180 2933 3184 2933 3182 2933 3186 2934 3182 2934 3184 2934 3195 2931 3193 2931 3191 2931 3197 2935 3193 2935 3195 2935 3184 2934 3188 2934 3186 2934 3186 2936 3188 2936 3190 2936 3195 2935 3199 2935 3197 2935 3201 2937 3197 2937 3199 2937 3188 2936 3192 2936 3190 2936 3194 2938 3190 2938 3192 2938 3203 2937 3201 2937 3199 2937 3205 2939 3201 2939 3203 2939 3192 2938 3196 2938 3194 2938 3194 2940 3196 2940 3198 2940 3203 2941 3207 2941 3205 2941 3209 2942 3205 2942 3207 2942 3196 2943 3200 2943 3198 2943 3202 2944 3198 2944 3200 2944 3211 2942 3209 2942 3207 2942 3213 2945 3209 2945 3211 2945 3200 2944 3204 2944 3202 2944 3202 2946 3204 2946 3206 2946 3211 2945 3215 2945 3213 2945 3217 2947 3213 2947 3215 2947 3204 2946 3208 2946 3206 2946 3210 2948 3206 2948 3208 2948 3219 2949 3217 2949 3215 2949 3221 2950 3217 2950 3219 2950 3208 2951 3212 2951 3210 2951 3210 2952 3212 2952 3214 2952 3219 2950 3223 2950 3221 2950 3225 2953 3221 2953 3223 2953 3212 2952 3216 2952 3214 2952 3218 2954 3214 2954 3216 2954 3227 2953 3225 2953 3223 2953 3229 2955 3225 2955 3227 2955 3216 2954 3220 2954 3218 2954 3218 2956 3220 2956 3222 2956 3227 2957 3231 2957 3229 2957 3233 2958 3229 2958 3231 2958 3220 2959 3224 2959 3222 2959 3226 2960 3222 2960 3224 2960 3235 2961 3233 2961 3231 2961 3237 2962 3233 2962 3235 2962 3224 2963 3228 2963 3226 2963 3226 2964 3228 2964 3230 2964 3235 2965 3239 2965 3237 2965 3241 2966 3237 2966 3239 2966 3242 2967 3241 2967 3239 2967 3238 2968 3241 2968 3242 2968 3228 2969 3232 2969 3230 2969 3234 2970 3230 2970 3232 2970 3242 2971 3240 2971 3238 2971 3238 2972 3240 2972 3234 2972 3236 2973 3238 2973 3234 2973 3232 2974 3236 2974 3234 2974 3243 2975 3244 2975 3245 2975 3245 2976 3244 2976 3246 2976 3245 2977 3247 2977 3243 2977 3244 2978 3248 2978 3246 2978 3243 2979 3247 2979 3249 2979 3250 2980 3246 2980 3248 2980 3251 2979 3243 2979 3249 2979 3248 2981 3252 2981 3250 2981 3253 2982 3251 2982 3249 2982 3250 2983 3252 2983 3254 2983 3249 2984 3255 2984 3253 2984 3252 2983 3256 2983 3254 2983 3257 2985 3253 2985 3255 2985 3258 2986 3254 2986 3256 2986 3259 2987 3257 2987 3255 2987 3256 2986 3260 2986 3258 2986 3261 2988 3257 2988 3259 2988 3258 2989 3260 2989 3262 2989 3259 2988 3263 2988 3261 2988 3260 2990 3264 2990 3262 2990 3265 2991 3261 2991 3263 2991 3266 2992 3262 2992 3264 2992 3267 2991 3265 2991 3263 2991 3264 2992 3268 2992 3266 2992 3269 2993 3265 2993 3267 2993 3268 2994 3270 2994 3266 2994 3267 2995 3271 2995 3269 2995 3270 2996 3272 2996 3266 2996 3273 2997 3269 2997 3271 2997 3274 2998 3272 2998 3270 2998 3274 2997 3273 2997 3271 2997 3270 2999 3273 2999 3274 2999 3275 85 3276 85 3277 85 3278 85 3277 85 3276 85 3277 85 3279 85 3275 85 3278 85 3280 85 3277 85 3279 85 3281 85 3275 85 3280 85 3278 85 3282 85 3283 85 3281 85 3279 85 3284 85 3280 85 3282 85 3283 85 3279 85 3285 85 3280 85 3284 85 3286 85 3283 85 3285 85 3287 85 3286 85 3284 85 3288 85 3285 85 3289 85 3287 85 3288 85 3290 85 3286 85 3291 85 3289 85 3285 85 3290 85 3292 85 3286 85 3293 85 3289 85 3291 85 3290 85 3294 85 3292 85 3295 3000 3293 3000 3291 3000 3296 85 3292 85 3294 85 3295 3001 3291 3001 3297 3001 3298 85 3292 85 3296 85 3299 85 3295 85 3297 85 3296 85 3300 85 3298 85 3297 3002 3301 3002 3299 3002 3300 85 3302 85 3298 85 3301 3003 3297 3003 3303 3003 3302 85 3304 85 3298 85 3305 85 3301 85 3303 85 3306 85 3304 85 3302 85 3307 85 3305 85 3303 85 3308 85 3304 85 3306 85 3307 85 3303 85 3309 85 3308 85 3310 85 3304 85 3311 85 3307 85 3309 85 3310 85 3308 85 3312 85 3311 85 3309 85 3313 85 3312 85 3314 85 3310 85 3309 85 3315 85 3313 85 3314 85 3316 85 3310 85 3315 85 3317 85 3313 85 3314 85 3318 85 3316 85 3315 85 3319 85 3317 85 3318 85 3320 85 3316 85 3319 85 3315 85 3321 85 3321 85 3316 85 3320 85 3322 85 3319 85 3321 85 3320 85 3322 85 3321 85 3323 3004 3324 3004 3325 3004 3326 3005 3325 3005 3324 3005 3327 3006 3323 3006 3325 3006 3324 3007 3328 3007 3326 3007 3323 3008 3327 3008 3329 3008 3330 3009 3326 3009 3328 3009 3331 3010 3323 3010 3329 3010 3328 3011 3332 3011 3330 3011 3329 3012 3333 3012 3331 3012 3330 3013 3332 3013 3334 3013 3335 3014 3331 3014 3333 3014 3332 3015 3336 3015 3334 3015 3337 3016 3335 3016 3333 3016 3338 3017 3334 3017 3336 3017 3339 3018 3335 3018 3337 3018 3336 3019 3340 3019 3338 3019 3341 3020 3339 3020 3337 3020 3342 3021 3338 3021 3340 3021 3337 3022 3343 3022 3341 3022 3340 3023 3344 3023 3342 3023 3345 3024 3341 3024 3343 3024 3346 3025 3342 3025 3344 3025 3347 3026 3345 3026 3343 3026 3344 3027 3348 3027 3346 3027 3349 3028 3345 3028 3347 3028 3348 3029 3350 3029 3346 3029 3347 3030 3351 3030 3349 3030 3352 3031 3350 3031 3348 3031 3353 3032 3349 3032 3351 3032 3354 3033 3350 3033 3352 3033 3351 3034 3354 3034 3353 3034 3352 3035 3353 3035 3354 3035 3355 3036 3356 3036 3357 3036 3357 3037 3356 3037 3358 3037 3357 3038 3359 3038 3355 3038 3360 3039 3357 3039 3358 3039 3361 3040 3355 3040 3359 3040 3362 3041 3360 3041 3358 3041 3359 3042 3363 3042 3361 3042 3364 3043 3360 3043 3362 3043 3365 3044 3361 3044 3363 3044 3362 3045 3366 3045 3364 3045 3363 3046 3367 3046 3365 3046 3368 3047 3364 3047 3366 3047 3367 3048 3369 3048 3365 3048 3368 3049 3366 3049 3370 3049 3365 3050 3369 3050 3371 3050 3372 3051 3368 3051 3370 3051 3369 3052 3373 3052 3371 3052 3374 3053 3372 3053 3370 3053 3375 3054 3371 3054 3373 3054 3376 3055 3372 3055 3374 3055 3373 3056 3377 3056 3375 3056 3374 3057 3378 3057 3376 3057 3375 3058 3377 3058 3379 3058 3380 3059 3376 3059 3378 3059 3377 3060 3381 3060 3379 3060 3378 3061 3382 3061 3380 3061 3383 3062 3379 3062 3381 3062 3384 3063 3380 3063 3382 3063 3381 3064 3385 3064 3383 3064 3386 3065 3384 3065 3382 3065 3385 3066 3386 3066 3383 3066 3385 3067 3384 3067 3386 3067 3387 3068 3388 3068 3389 3068 3390 3069 3389 3069 3388 3069 3391 3070 3387 3070 3389 3070 3388 3071 3392 3071 3390 3071 3387 3072 3391 3072 3393 3072 3394 3073 3390 3073 3392 3073 3395 3074 3387 3074 3393 3074 3392 3075 3396 3075 3394 3075 3397 3076 3395 3076 3393 3076 3394 3077 3396 3077 3398 3077 3393 3078 3399 3078 3397 3078 3396 3079 3400 3079 3398 3079 3401 3080 3397 3080 3399 3080 3400 3081 3402 3081 3398 3081 3403 3082 3401 3082 3399 3082 3400 3083 3404 3083 3402 3083 3405 3084 3401 3084 3403 3084 3406 3085 3402 3085 3404 3085 3403 3086 3407 3086 3405 3086 3404 3087 3408 3087 3406 3087 3409 3088 3405 3088 3407 3088 3406 3089 3408 3089 3410 3089 3411 3090 3409 3090 3407 3090 3408 3091 3412 3091 3410 3091 3413 3092 3409 3092 3411 3092 3412 3093 3414 3093 3410 3093 3411 3094 3415 3094 3413 3094 3416 3095 3414 3095 3412 3095 3417 3096 3413 3096 3415 3096 3418 3097 3414 3097 3416 3097 3415 3098 3418 3098 3417 3098 3416 3099 3417 3099 3418 3099 3419 3100 3420 3100 3421 3100 3422 3101 3421 3101 3420 3101 3421 3102 3423 3102 3419 3102 3422 3103 3420 3103 3424 3103 3425 3104 3419 3104 3423 3104 3426 3105 3422 3105 3424 3105 3423 3106 3427 3106 3425 3106 3424 3107 3428 3107 3426 3107 3429 3108 3425 3108 3427 3108 3430 3109 3426 3109 3428 3109 3427 3110 3431 3110 3429 3110 3428 3111 3432 3111 3430 3111 3429 3112 3431 3112 3433 3112 3434 3113 3430 3113 3432 3113 3431 3114 3435 3114 3433 3114 3432 3115 3436 3115 3434 3115 3437 3116 3433 3116 3435 3116 3438 3117 3434 3117 3436 3117 3435 3118 3439 3118 3437 3118 3440 3119 3438 3119 3436 3119 3437 3120 3439 3120 3441 3120 3442 3121 3438 3121 3440 3121 3439 3122 3443 3122 3441 3122 3440 3123 3444 3123 3442 3123 3445 3124 3441 3124 3443 3124 3446 3125 3442 3125 3444 3125 3443 3126 3447 3126 3445 3126 3444 3127 3448 3127 3446 3127 3447 3128 3449 3128 3445 3128 3450 3129 3446 3129 3448 3129 3447 3130 3450 3130 3449 3130 3449 3131 3450 3131 3448 3131 3451 3132 3452 3132 3453 3132 3453 85 3454 85 3451 85 3455 85 3454 85 3453 85 3456 85 3451 85 3454 85 3456 85 3457 85 3451 85 3454 85 3458 85 3456 85 3456 85 3459 85 3457 85 3460 3133 3451 3133 3457 3133 3461 85 3458 85 3454 85 3458 85 3462 85 3456 85 3463 85 3458 85 3461 85 3454 3134 3464 3134 3461 3134 3458 85 3465 85 3462 85 3466 3135 3456 3135 3462 3135 3467 0 3468 0 3469 0 3470 0 3469 0 3468 0 3469 0 3471 0 3467 0 3469 0 3470 0 3472 0 3467 3136 3471 3136 3473 3136 3472 3137 3470 3137 3474 3137 3467 0 3473 0 3475 0 3474 3138 3470 3138 3476 3138 3475 0 3473 0 3477 0 3476 0 3478 0 3474 0 3473 0 3479 0 3477 0 3474 0 3478 0 3480 0 3481 0 3477 0 3479 0 3480 0 3478 0 3482 0 3477 0 3481 0 3483 0 3482 0 3478 0 3484 0 3483 0 3481 0 3485 0 3486 0 3482 0 3484 0 3485 0 3481 0 3487 0 3482 0 3486 0 3488 0 3487 0 3489 0 3485 0 3490 0 3488 0 3486 0 3485 0 3489 0 3491 0 3486 0 3492 0 3490 0 3491 0 3489 0 3493 0 3490 3139 3492 3139 3494 3139 3493 3140 3489 3140 3495 3140 3490 3141 3494 3141 3496 3141 3497 0 3493 0 3495 0 3496 0 3494 0 3497 0 3493 0 3497 0 3498 0 3494 0 3498 0 3497 0 3499 0 3500 0 3501 0 3502 0 3501 0 3500 0 3501 0 3503 0 3499 0 3501 0 3502 0 3504 0 3499 3142 3503 3142 3505 3142 3504 3143 3502 3143 3506 3143 3499 0 3505 0 3507 0 3506 3144 3502 3144 3508 3144 3507 0 3505 0 3509 0 3508 0 3510 0 3506 0 3505 0 3511 0 3509 0 3506 0 3510 0 3512 0 3513 0 3509 0 3511 0 3512 0 3510 0 3514 0 3509 0 3513 0 3515 0 3514 0 3510 0 3516 0 3515 0 3513 0 3517 0 3518 0 3514 0 3516 0 3517 0 3513 0 3519 0 3514 0 3518 0 3520 0 3519 0 3521 0 3517 0 3522 0 3520 0 3518 0 3517 0 3521 0 3523 0 3518 0 3524 0 3522 0 3523 0 3521 0 3525 0 3522 3145 3524 3145 3526 3145 3525 0 3521 0 3527 0 3522 0 3526 0 3528 0 3529 3146 3525 3146 3527 3146 3528 0 3526 0 3529 0 3525 0 3529 0 3530 0 3526 0 3530 0 3529 0 3531 0 3532 0 3533 0 3534 0 3533 0 3532 0 3533 0 3535 0 3531 0 3533 0 3534 0 3536 0 3531 3147 3535 3147 3537 3147 3536 3137 3534 3137 3538 3137 3531 0 3537 0 3539 0 3538 3138 3534 3138 3540 3138 3539 0 3537 0 3541 0 3540 0 3542 0 3538 0 3537 0 3543 0 3541 0 3538 0 3542 0 3544 0 3545 0 3541 0 3543 0 3544 0 3542 0 3546 0 3541 0 3545 0 3547 0 3546 0 3542 0 3548 0 3547 0 3545 0 3549 0 3550 0 3546 0 3548 0 3549 0 3545 0 3551 0 3546 0 3550 0 3552 0 3551 0 3553 0 3549 0 3554 0 3552 0 3550 0 3549 0 3553 0 3555 0 3550 0 3556 0 3554 0 3555 0 3553 0 3557 0 3554 3139 3556 3139 3558 3139 3557 3147 3553 3147 3559 3147 3554 3141 3558 3141 3560 3141 3561 0 3557 0 3559 0 3560 0 3558 0 3561 0 3557 0 3561 0 3562 0 3558 0 3562 0 3561 0 3563 0 3564 0 3565 0 3566 0 3565 0 3564 0 3565 0 3567 0 3563 0 3565 0 3566 0 3568 0 3563 3148 3567 3148 3569 3148 3568 3143 3566 3143 3570 3143 3563 0 3569 0 3571 0 3570 3144 3566 3144 3572 3144 3571 0 3569 0 3573 0 3572 0 3574 0 3570 0 3569 0 3575 0 3573 0 3570 0 3574 0 3576 0 3577 0 3573 0 3575 0 3576 0 3574 0 3578 0 3573 0 3577 0 3579 0 3578 0 3574 0 3580 0 3579 0 3577 0 3581 0 3582 0 3578 0 3580 0 3581 0 3577 0 3583 0 3578 0 3582 0 3584 0 3583 0 3585 0 3581 0 3586 0 3584 0 3582 0 3581 0 3585 0 3587 0 3582 0 3588 0 3586 0 3587 0 3585 0 3589 0 3586 3145 3588 3145 3590 3145 3589 0 3585 0 3591 0 3586 0 3590 0 3592 0 3593 3146 3589 3146 3591 3146 3592 0 3590 0 3593 0 3589 0 3593 0 3594 0 3590 0 3594 0 3593 0 3595 85 3596 85 3597 85 3598 85 3597 85 3596 85 3597 85 3598 85 3599 85 3596 85 3600 85 3598 85 3601 85 3599 85 3598 85 3597 85 3599 85 3602 85 3599 85 3601 85 3603 85 3604 85 3601 85 3598 85 3599 85 3605 85 3602 85 3597 3149 3602 3149 3606 3149 3607 85 3605 85 3599 85 3605 85 3608 85 3602 85 3609 85 3606 85 3602 85 3597 85 3606 85 3610 85 3611 3150 3612 3150 3613 3150 3613 3151 3612 3151 3614 3151 3611 3150 3613 3150 3615 3150 3614 3151 3616 3151 3613 3151 3611 3152 3615 3152 3617 3152 3618 3153 3616 3153 3614 3153 3617 3154 3619 3154 3611 3154 3618 3155 3620 3155 3616 3155 3619 3156 3617 3156 3621 3156 3620 3157 3618 3157 3622 3157 3619 3158 3621 3158 3623 3158 3622 3159 3624 3159 3620 3159 3623 3160 3621 3160 3625 3160 3626 3161 3624 3161 3622 3161 3625 3162 3627 3162 3623 3162 3626 3163 3628 3163 3624 3163 3627 3164 3625 3164 3629 3164 3628 3165 3626 3165 3630 3165 3627 3166 3629 3166 3631 3166 3630 3167 3632 3167 3628 3167 3631 3168 3629 3168 3633 3168 3634 3169 3632 3169 3630 3169 3633 3170 3635 3170 3631 3170 3634 3171 3636 3171 3632 3171 3635 3172 3633 3172 3637 3172 3636 3173 3634 3173 3638 3173 3635 3174 3637 3174 3639 3174 3638 3175 3640 3175 3636 3175 3639 3176 3637 3176 3641 3176 3638 3177 3641 3177 3640 3177 3641 3176 3642 3176 3639 3176 3638 3177 3642 3177 3641 3177 3643 3178 3644 3178 3645 3178 3645 3179 3644 3179 3646 3179 3643 3180 3645 3180 3647 3180 3646 3181 3648 3181 3645 3181 3643 3182 3647 3182 3649 3182 3650 3155 3648 3155 3646 3155 3649 3183 3651 3183 3643 3183 3650 3184 3652 3184 3648 3184 3651 3185 3649 3185 3653 3185 3652 3186 3650 3186 3654 3186 3651 3187 3653 3187 3655 3187 3654 3159 3656 3159 3652 3159 3655 3188 3653 3188 3657 3188 3658 3161 3656 3161 3654 3161 3657 3189 3659 3189 3655 3189 3658 3163 3660 3163 3656 3163 3659 3190 3657 3190 3661 3190 3660 3191 3658 3191 3662 3191 3659 3192 3661 3192 3663 3192 3662 3193 3664 3193 3660 3193 3663 3194 3661 3194 3665 3194 3666 3195 3664 3195 3662 3195 3665 3196 3667 3196 3663 3196 3666 3197 3668 3197 3664 3197 3667 3198 3665 3198 3669 3198 3668 3173 3666 3173 3670 3173 3667 3198 3669 3198 3671 3198 3670 3173 3672 3173 3668 3173 3671 3199 3669 3199 3673 3199 3670 3177 3673 3177 3672 3177 3673 3199 3674 3199 3671 3199 3670 3177 3674 3177 3673 3177 3675 3200 3676 3200 3677 3200 3677 3201 3676 3201 3678 3201 3675 3202 3677 3202 3679 3202 3678 3203 3680 3203 3677 3203 3675 3204 3679 3204 3681 3204 3682 3205 3680 3205 3678 3205 3681 3206 3683 3206 3675 3206 3682 3207 3684 3207 3680 3207 3683 3208 3681 3208 3685 3208 3684 3209 3682 3209 3686 3209 3683 3208 3685 3208 3687 3208 3686 3209 3688 3209 3684 3209 3687 3210 3685 3210 3689 3210 3690 3211 3688 3211 3686 3211 3689 3212 3691 3212 3687 3212 3690 3213 3692 3213 3688 3213 3691 3214 3689 3214 3693 3214 3692 3215 3690 3215 3694 3215 3691 3216 3693 3216 3695 3216 3694 3217 3696 3217 3692 3217 3695 3218 3693 3218 3697 3218 3698 3219 3696 3219 3694 3219 3697 3220 3699 3220 3695 3220 3698 3221 3700 3221 3696 3221 3699 3222 3697 3222 3701 3222 3700 3223 3698 3223 3702 3223 3699 3224 3701 3224 3703 3224 3702 3225 3704 3225 3700 3225 3703 3226 3701 3226 3705 3226 3702 3227 3705 3227 3704 3227 3705 3228 3706 3228 3703 3228 3702 3229 3706 3229 3705 3229 3707 3230 3708 3230 3709 3230 3709 3179 3708 3179 3710 3179 3707 3231 3709 3231 3711 3231 3710 3181 3712 3181 3709 3181 3707 3183 3711 3183 3713 3183 3714 3232 3712 3232 3710 3232 3713 3182 3715 3182 3707 3182 3714 3233 3716 3233 3712 3233 3715 3187 3713 3187 3717 3187 3716 3234 3714 3234 3718 3234 3715 3185 3717 3185 3719 3185 3718 3235 3720 3235 3716 3235 3719 3236 3717 3236 3721 3236 3722 3237 3720 3237 3718 3237 3721 3238 3723 3238 3719 3238 3722 3239 3724 3239 3720 3239 3723 3240 3721 3240 3725 3240 3724 3241 3722 3241 3726 3241 3723 3242 3725 3242 3727 3242 3726 3243 3728 3243 3724 3243 3727 3196 3725 3196 3729 3196 3730 3244 3728 3244 3726 3244 3729 3196 3731 3196 3727 3196 3730 3244 3732 3244 3728 3244 3731 3245 3729 3245 3733 3245 3732 3246 3730 3246 3734 3246 3731 3198 3733 3198 3735 3198 3734 3247 3736 3247 3732 3247 3735 3248 3733 3248 3737 3248 3734 3249 3737 3249 3736 3249 3737 3248 3738 3248 3735 3248 3734 3249 3738 3249 3737 3249 3739 3250 3740 3250 3741 3250 3741 3251 3740 3251 3742 3251 3739 3252 3741 3252 3743 3252 3742 3253 3744 3253 3741 3253 3739 3254 3743 3254 3745 3254 3746 3184 3744 3184 3742 3184 3745 3255 3747 3255 3739 3255 3746 3155 3748 3155 3744 3155 3747 3256 3745 3256 3749 3256 3748 3234 3746 3234 3750 3234 3747 3257 3749 3257 3751 3257 3750 3235 3752 3235 3748 3235 3751 3258 3749 3258 3753 3258 3754 3163 3752 3163 3750 3163 3753 3259 3755 3259 3751 3259 3754 3161 3756 3161 3752 3161 3755 3260 3753 3260 3757 3260 3756 3193 3754 3193 3758 3193 3755 3261 3757 3261 3759 3261 3758 3191 3760 3191 3756 3191 3759 2993 3757 2993 3761 2993 3762 3244 3760 3244 3758 3244 3761 2993 3763 2993 3759 2993 3762 3244 3764 3244 3760 3244 3763 3262 3761 3262 3765 3262 3764 3263 3762 3263 3766 3263 3763 3264 3765 3264 3767 3264 3766 3173 3768 3173 3764 3173 3767 3265 3765 3265 3769 3265 3766 3266 3769 3266 3768 3266 3769 3265 3770 3265 3767 3265 3766 3266 3770 3266 3769 3266 3771 3267 3772 3267 3773 3267 3773 3268 3772 3268 3774 3268 3771 3269 3773 3269 3775 3269 3774 3270 3776 3270 3773 3270 3771 3204 3775 3204 3777 3204 3778 3205 3776 3205 3774 3205 3777 3206 3779 3206 3771 3206 3778 3207 3780 3207 3776 3207 3779 3271 3777 3271 3781 3271 3780 3272 3778 3272 3782 3272 3779 3271 3781 3271 3783 3271 3782 3272 3784 3272 3780 3272 3783 3273 3781 3273 3785 3273 3786 3274 3784 3274 3782 3274 3785 3275 3787 3275 3783 3275 3786 3276 3788 3276 3784 3276 3787 3277 3785 3277 3789 3277 3788 3278 3786 3278 3790 3278 3787 3279 3789 3279 3791 3279 3790 3280 3792 3280 3788 3280 3791 3281 3789 3281 3793 3281 3794 3282 3792 3282 3790 3282 3793 3283 3795 3283 3791 3283 3794 3284 3796 3284 3792 3284 3795 3222 3793 3222 3797 3222 3796 3223 3794 3223 3798 3223 3795 3224 3797 3224 3799 3224 3798 3225 3800 3225 3796 3225 3799 3285 3797 3285 3801 3285 3798 3286 3801 3286 3800 3286 3801 3287 3802 3287 3799 3287 3798 3288 3802 3288 3801 3288 3803 3289 3804 3289 3805 3289 3805 3290 3804 3290 3806 3290 3803 3291 3805 3291 3807 3291 3806 3292 3808 3292 3805 3292 3803 3182 3807 3182 3809 3182 3810 3155 3808 3155 3806 3155 3809 3183 3811 3183 3803 3183 3810 3184 3812 3184 3808 3184 3811 3185 3809 3185 3813 3185 3812 3293 3810 3293 3814 3293 3811 3187 3813 3187 3815 3187 3814 3294 3816 3294 3812 3294 3815 3295 3813 3295 3817 3295 3818 3161 3816 3161 3814 3161 3817 3296 3819 3296 3815 3296 3818 3163 3820 3163 3816 3163 3819 3297 3817 3297 3821 3297 3820 3191 3818 3191 3822 3191 3819 3298 3821 3298 3823 3298 3822 3193 3824 3193 3820 3193 3823 3194 3821 3194 3825 3194 3826 3299 3824 3299 3822 3299 3825 3196 3827 3196 3823 3196 3826 3300 3828 3300 3824 3300 3827 3198 3825 3198 3829 3198 3828 3173 3826 3173 3830 3173 3827 3198 3829 3198 3831 3198 3830 3173 3832 3173 3828 3173 3831 3301 3829 3301 3833 3301 3830 3302 3833 3302 3832 3302 3833 3303 3834 3303 3831 3303 3830 3304 3834 3304 3833 3304 3835 3305 3836 3305 3837 3305 3837 3306 3836 3306 3838 3306 3835 3305 3837 3305 3839 3305 3838 3306 3840 3306 3837 3306 3835 3307 3839 3307 3841 3307 3842 3308 3840 3308 3838 3308 3841 3309 3843 3309 3835 3309 3842 3233 3844 3233 3840 3233 3843 3310 3841 3310 3845 3310 3844 3294 3842 3294 3846 3294 3843 3311 3845 3311 3847 3311 3846 3294 3848 3294 3844 3294 3847 3312 3845 3312 3849 3312 3850 3161 3848 3161 3846 3161 3849 3313 3851 3313 3847 3313 3850 3163 3852 3163 3848 3163 3851 3314 3849 3314 3853 3314 3852 3165 3850 3165 3854 3165 3851 3315 3853 3315 3855 3315 3854 3167 3856 3167 3852 3167 3855 3316 3853 3316 3857 3316 3858 3300 3856 3300 3854 3300 3857 3317 3859 3317 3855 3317 3858 3318 3860 3318 3856 3318 3859 3319 3857 3319 3861 3319 3860 3247 3858 3247 3862 3247 3859 3320 3861 3320 3863 3320 3862 3321 3864 3321 3860 3321 3863 3322 3861 3322 3865 3322 3862 3323 3865 3323 3864 3323 3865 3322 3866 3322 3863 3322 3862 3323 3866 3323 3865 3323 3867 3324 3868 3324 3869 3324 3869 3325 3868 3325 3870 3325 3867 3326 3869 3326 3871 3326 3870 3327 3872 3327 3869 3327 3867 3328 3871 3328 3873 3328 3874 3329 3872 3329 3870 3329 3873 3330 3875 3330 3867 3330 3874 3331 3876 3331 3872 3331 3875 3332 3873 3332 3877 3332 3876 3333 3874 3333 3878 3333 3875 3334 3877 3334 3879 3334 3878 3335 3880 3335 3876 3335 3879 3336 3877 3336 3881 3336 3882 3337 3880 3337 3878 3337 3881 3338 3883 3338 3879 3338 3882 3339 3884 3339 3880 3339 3883 3340 3881 3340 3885 3340 3884 3341 3882 3341 3886 3341 3883 3342 3885 3342 3887 3342 3886 3343 3888 3343 3884 3343 3887 3344 3885 3344 3889 3344 3890 3345 3888 3345 3886 3345 3889 3346 3891 3346 3887 3346 3890 3347 3892 3347 3888 3347 3891 3348 3889 3348 3893 3348 3892 3349 3890 3349 3894 3349 3891 3350 3893 3350 3895 3350 3894 3351 3896 3351 3892 3351 3895 3352 3893 3352 3897 3352 3894 3353 3897 3353 3896 3353 3897 3354 3898 3354 3895 3354 3894 3355 3898 3355 3897 3355 3899 3324 3900 3324 3901 3324 3901 3325 3900 3325 3902 3325 3899 3326 3901 3326 3903 3326 3902 3327 3904 3327 3901 3327 3899 3328 3903 3328 3905 3328 3906 3329 3904 3329 3902 3329 3905 3330 3907 3330 3899 3330 3906 3331 3908 3331 3904 3331 3907 3332 3905 3332 3909 3332 3908 3356 3906 3356 3910 3356 3907 3334 3909 3334 3911 3334 3910 3357 3912 3357 3908 3357 3911 3336 3909 3336 3913 3336 3914 3358 3912 3358 3910 3358 3913 3338 3915 3338 3911 3338 3914 3359 3916 3359 3912 3359 3915 3340 3913 3340 3917 3340 3916 3360 3914 3360 3918 3360 3915 3342 3917 3342 3919 3342 3918 3361 3920 3361 3916 3361 3919 3344 3917 3344 3921 3344 3922 3362 3920 3362 3918 3362 3921 3346 3923 3346 3919 3346 3922 3363 3924 3363 3920 3363 3923 3348 3921 3348 3925 3348 3924 3349 3922 3349 3926 3349 3923 3350 3925 3350 3927 3350 3926 3351 3928 3351 3924 3351 3927 3352 3925 3352 3929 3352 3926 3353 3929 3353 3928 3353 3929 3354 3930 3354 3927 3354 3926 3355 3930 3355 3929 3355 3931 3324 3932 3324 3933 3324 3933 3325 3932 3325 3934 3325 3931 3364 3933 3364 3935 3364 3934 3365 3936 3365 3933 3365 3931 3366 3935 3366 3937 3366 3938 3367 3936 3367 3934 3367 3937 3330 3939 3330 3931 3330 3938 3331 3940 3331 3936 3331 3939 3332 3937 3332 3941 3332 3940 3333 3938 3333 3942 3333 3939 3368 3941 3368 3943 3368 3942 3369 3944 3369 3940 3369 3943 3336 3941 3336 3945 3336 3946 3337 3944 3337 3942 3337 3945 3370 3947 3370 3943 3370 3946 3371 3948 3371 3944 3371 3947 3372 3945 3372 3949 3372 3948 3373 3946 3373 3950 3373 3947 3342 3949 3342 3951 3342 3950 3343 3952 3343 3948 3343 3951 3346 3949 3346 3953 3346 3954 3347 3952 3347 3950 3347 3953 3346 3955 3346 3951 3346 3954 3347 3956 3347 3952 3347 3955 3348 3953 3348 3957 3348 3956 3349 3954 3349 3958 3349 3955 3350 3957 3350 3959 3350 3958 3351 3960 3351 3956 3351 3959 3352 3957 3352 3961 3352 3958 3353 3961 3353 3960 3353 3961 3374 3962 3374 3959 3374 3958 3375 3962 3375 3961 3375 3963 3324 3964 3324 3965 3324 3965 3325 3964 3325 3966 3325 3963 3364 3965 3364 3967 3364 3966 3365 3968 3365 3965 3365 3963 3366 3967 3366 3969 3366 3970 3367 3968 3367 3966 3367 3969 3330 3971 3330 3963 3330 3970 3331 3972 3331 3968 3331 3971 3332 3969 3332 3973 3332 3972 3356 3970 3356 3974 3356 3971 3368 3973 3368 3975 3368 3974 3376 3976 3376 3972 3376 3975 3336 3973 3336 3977 3336 3978 3358 3976 3358 3974 3358 3977 3370 3979 3370 3975 3370 3978 3377 3980 3377 3976 3377 3979 3372 3977 3372 3981 3372 3980 3378 3978 3378 3982 3378 3979 3342 3981 3342 3983 3342 3982 3361 3984 3361 3980 3361 3983 3346 3981 3346 3985 3346 3986 3363 3984 3363 3982 3363 3985 3346 3987 3346 3983 3346 3986 3363 3988 3363 3984 3363 3987 3348 3985 3348 3989 3348 3988 3349 3986 3349 3990 3349 3987 3350 3989 3350 3991 3350 3990 3351 3992 3351 3988 3351 3991 3352 3989 3352 3993 3352 3990 3353 3993 3353 3992 3353 3993 3374 3994 3374 3991 3374 3990 3375 3994 3375 3993 3375 3995 3379 3996 3379 3997 3379 3997 3380 3996 3380 3998 3380 3995 3381 3997 3381 3999 3381 4000 3382 3997 3382 3998 3382 3999 3383 4001 3383 3995 3383 4002 3384 4000 3384 3998 3384 4003 3385 4001 3385 3999 3385 4004 3386 4000 3386 4002 3386 4005 3387 4001 3387 4003 3387 4006 3388 4004 3388 4002 3388 4001 3389 4005 3389 4007 3389 4006 3390 4002 3390 4008 3390 4005 3391 4009 3391 4007 3391 4010 3392 4006 3392 4008 3392 4011 3393 4009 3393 4005 3393 4010 3394 4012 3394 4006 3394 4009 3395 4011 3395 4013 3395 4012 3396 4010 3396 4014 3396 4011 3397 4015 3397 4013 3397 4016 3398 4012 3398 4014 3398 4013 3399 4015 3399 4017 3399 4014 3400 4018 3400 4016 3400 4017 3401 4019 3401 4013 3401 4020 3402 4018 3402 4014 3402 4021 3403 4019 3403 4017 3403 4018 3404 4020 3404 4022 3404 4019 3405 4021 3405 4023 3405 4024 3406 4018 3406 4022 3406 4025 3407 4023 3407 4021 3407 4022 3408 4025 3408 4024 3408 4025 3409 4026 3409 4023 3409 4022 3410 4026 3410 4025 3410 4027 3411 4028 3411 4029 3411 4027 3412 4029 3412 4030 3412 4030 3413 4029 3413 4031 3413 4027 3414 4030 3414 4032 3414 4030 3415 4033 3415 4032 3415 4034 3416 4027 3416 4032 3416 4033 3417 4030 3417 4035 3417 4036 3418 4032 3418 4033 3418 4027 3419 4034 3419 4037 3419 4038 3420 4034 3420 4032 3420 4039 3421 4035 3421 4030 3421 4033 3422 4035 3422 4040 3422 4032 3423 4036 3423 4041 3423 4033 3423 4042 3423 4036 3423 4043 3424 4044 3424 4045 3424 4045 3425 4044 3425 4046 3425 4044 3426 4047 3426 4046 3426 4048 3427 4045 3427 4046 3427 4048 3428 4049 3428 4045 3428 4048 3429 4046 3429 4050 3429 4049 3430 4048 3430 4051 3430 4052 3429 4045 3429 4049 3429 4053 3431 4050 3431 4046 3431 4048 3432 4050 3432 4054 3432 4055 3433 4051 3433 4048 3433 4051 3434 4056 3434 4049 3434 4045 3435 4052 3435 4057 3435 4058 3436 4052 3436 4049 3436 4059 3437 4060 3437 4061 3437 4060 85 4062 85 4061 85 4062 3438 4060 3438 4063 3438 4062 85 4064 85 4061 85 4062 85 4065 85 4064 85 4064 85 4066 85 4061 85 4062 3439 4067 3439 4065 3439 4064 3440 4065 3440 4068 3440 4066 85 4064 85 4069 85 4070 85 4061 85 4066 85 4071 85 4069 85 4064 85 4066 3441 4069 3441 4072 3441 4061 3442 4070 3442 4073 3442 4066 3443 4074 3443 4070 3443 4075 3444 4076 3444 4077 3444 4077 3445 4076 3445 4078 3445 4075 3446 4077 3446 4079 3446 4078 3447 4080 3447 4077 3447 4075 3448 4079 3448 4081 3448 4082 3449 4080 3449 4078 3449 4081 3450 4083 3450 4075 3450 4082 3451 4084 3451 4080 3451 4083 3452 4081 3452 4085 3452 4084 3453 4082 3453 4086 3453 4083 3452 4085 3452 4087 3452 4086 3453 4088 3453 4084 3453 4087 3454 4085 3454 4089 3454 4090 3455 4088 3455 4086 3455 4089 3454 4091 3454 4087 3454 4090 3455 4092 3455 4088 3455 4091 3456 4089 3456 4093 3456 4092 3457 4090 3457 4094 3457 4091 3458 4093 3458 4095 3458 4094 3459 4096 3459 4092 3459 4095 3460 4093 3460 4097 3460 4098 3461 4096 3461 4094 3461 4097 3462 4099 3462 4095 3462 4098 3463 4100 3463 4096 3463 4099 3464 4097 3464 4101 3464 4100 3465 4098 3465 4102 3465 4099 3464 4101 3464 4103 3464 4102 3465 4104 3465 4100 3465 4103 3466 4101 3466 4105 3466 4102 3467 4105 3467 4104 3467 4105 3468 4106 3468 4103 3468 4102 3469 4106 3469 4105 3469 4107 3444 4108 3444 4109 3444 4109 3445 4108 3445 4110 3445 4107 3446 4109 3446 4111 3446 4110 3447 4112 3447 4109 3447 4107 3448 4111 3448 4113 3448 4114 3449 4112 3449 4110 3449 4113 3450 4115 3450 4107 3450 4114 3451 4116 3451 4112 3451 4115 3452 4113 3452 4117 3452 4116 3453 4114 3453 4118 3453 4115 3452 4117 3452 4119 3452 4118 3453 4120 3453 4116 3453 4119 3454 4117 3454 4121 3454 4122 3455 4120 3455 4118 3455 4121 3454 4123 3454 4119 3454 4122 3455 4124 3455 4120 3455 4123 3456 4121 3456 4125 3456 4124 3457 4122 3457 4126 3457 4123 3458 4125 3458 4127 3458 4126 3459 4128 3459 4124 3459 4127 3460 4125 3460 4129 3460 4130 3461 4128 3461 4126 3461 4129 3462 4131 3462 4127 3462 4130 3463 4132 3463 4128 3463 4131 3464 4129 3464 4133 3464 4132 3465 4130 3465 4134 3465 4131 3464 4133 3464 4135 3464 4134 3465 4136 3465 4132 3465 4135 3466 4133 3466 4137 3466 4134 3467 4137 3467 4136 3467 4137 3468 4138 3468 4135 3468 4134 3469 4138 3469 4137 3469 4139 3470 4140 3470 4141 3470 4141 85 4142 85 4139 85 4142 3442 4141 3442 4143 3442 4144 85 4139 85 4142 85 4139 85 4144 85 4145 85 4146 85 4144 85 4142 85 4147 85 4145 85 4144 85 4139 3471 4145 3471 4148 3471 4146 85 4149 85 4144 85 4150 85 4146 85 4142 85 4146 3439 4151 3439 4149 3439 4144 3472 4149 3472 4152 3472 4146 3473 4150 3473 4153 3473 4154 3474 4150 3474 4142 3474 4155 3475 4156 3475 4157 3475 4158 3476 4156 3476 4155 3476 4155 3477 4157 3477 4159 3477 4155 3478 4160 3478 4158 3478 4161 3479 4155 3479 4159 3479 4160 3480 4155 3480 4162 3480 4155 3481 4161 3481 4163 3481 4155 3482 4164 3482 4162 3482 4155 3483 4163 3483 4165 3483 4155 3484 4166 3484 4164 3484 4167 3485 4155 3485 4165 3485 4166 3486 4155 3486 4168 3486 4155 3487 4167 3487 4169 3487 4155 3488 4170 3488 4168 3488 4169 3489 4171 3489 4155 3489 4155 3490 4171 3490 4170 3490 4172 3475 4173 3475 4174 3475 4175 3491 4173 3491 4172 3491 4172 3492 4174 3492 4176 3492 4172 3493 4177 3493 4175 3493 4178 3479 4172 3479 4176 3479 4177 3480 4172 3480 4179 3480 4172 3481 4178 3481 4180 3481 4172 3482 4181 3482 4179 3482 4172 3483 4180 3483 4182 3483 4172 3484 4183 3484 4181 3484 4184 3485 4172 3485 4182 3485 4183 3486 4172 3486 4185 3486 4172 3487 4184 3487 4186 3487 4172 3494 4187 3494 4185 3494 4186 3489 4188 3489 4172 3489 4172 3495 4188 3495 4187 3495 4189 3496 4190 3496 4191 3496 4192 3497 4189 3497 4191 3497 4193 3498 4189 3498 4192 3498 4194 3499 4192 3499 4191 3499 4194 3500 4195 3500 4192 3500 4194 3501 4191 3501 4196 3501 4195 3502 4194 3502 4197 3502 4198 3503 4192 3503 4195 3503 4199 3504 4196 3504 4191 3504 4194 3505 4196 3505 4200 3505 4201 3506 4197 3506 4194 3506 4197 3507 4202 3507 4195 3507 4192 3508 4198 3508 4203 3508 4204 3509 4198 3509 4195 3509 4205 3510 4206 3510 4207 3510 4208 3511 4205 3511 4207 3511 4209 3512 4205 3512 4208 3512 4210 3513 4208 3513 4207 3513 4210 3514 4211 3514 4208 3514 4210 3515 4207 3515 4212 3515 4211 3516 4210 3516 4213 3516 4214 3517 4208 3517 4211 3517 4215 3518 4212 3518 4207 3518 4210 3519 4212 3519 4216 3519 4217 3520 4213 3520 4210 3520 4213 3521 4218 3521 4211 3521 4208 3522 4214 3522 4219 3522 4220 3523 4214 3523 4211 3523 4221 85 4222 85 4223 85 4224 85 4221 85 4223 85 4225 85 4221 85 4224 85 4226 85 4224 85 4223 85 4226 85 4227 85 4224 85 4226 85 4223 85 4228 85 4227 85 4226 85 4229 85 4230 85 4224 85 4227 85 4231 85 4228 85 4223 85 4226 85 4228 85 4232 85 4233 85 4229 85 4226 85 4229 85 4234 85 4227 85 4224 85 4230 85 4235 85 4236 85 4230 85 4227 85 4237 3524 4238 3524 4239 3524 4237 3525 4239 3525 4240 3525 4240 0 4239 0 4241 0 4237 0 4240 0 4242 0 4240 0 4243 0 4242 0 4244 0 4237 0 4242 0 4243 0 4240 0 4245 0 4246 3526 4242 3526 4243 3526 4237 3527 4244 3527 4247 3527 4248 0 4244 0 4242 0 4249 3528 4245 3528 4240 3528 4243 3529 4245 3529 4250 3529 4242 3530 4246 3530 4251 3530 4243 0 4252 0 4246 0 4253 3524 4254 3524 4255 3524 4253 3525 4255 3525 4256 3525 4256 0 4255 0 4257 0 4253 0 4256 0 4258 0 4256 0 4259 0 4258 0 4260 0 4253 0 4258 0 4259 0 4256 0 4261 0 4262 3526 4258 3526 4259 3526 4253 3527 4260 3527 4263 3527 4264 0 4260 0 4258 0 4265 3528 4261 3528 4256 3528 4259 3529 4261 3529 4266 3529 4258 3530 4262 3530 4267 3530 4259 0 4268 0 4262 0 4269 3531 4270 3531 4271 3531 4269 3532 4271 3532 4272 3532 4272 0 4271 0 4273 0 4269 0 4272 0 4274 0 4272 0 4275 0 4274 0 4276 0 4269 0 4274 0 4275 0 4272 0 4277 0 4278 3533 4274 3533 4275 3533 4269 3527 4276 3527 4279 3527 4280 0 4276 0 4274 0 4281 3528 4277 3528 4272 3528 4275 3534 4277 3534 4282 3534 4274 3535 4278 3535 4283 3535 4275 0 4284 0 4278 0 4285 3531 4286 3531 4287 3531 4285 3532 4287 3532 4288 3532 4288 0 4287 0 4289 0 4285 0 4288 0 4290 0 4288 0 4291 0 4290 0 4292 0 4285 0 4290 0 4291 0 4288 0 4293 0 4294 3533 4290 3533 4291 3533 4285 3527 4292 3527 4295 3527 4296 0 4292 0 4290 0 4297 3528 4293 3528 4288 3528 4291 3534 4293 3534 4298 3534 4290 3535 4294 3535 4299 3535 4291 0 4300 0 4294 0</p>
        </triangles>
      </mesh>
    </geometry>
    <geometry id="Mesh4_002-mesh" name="Mesh4.002">
      <mesh>
        <source id="Mesh4_002-mesh-positions">
          <float_array id="Mesh4_002-mesh-positions-array" count="570">533.5314 -117 747.9551 506.4094 -117 795.5917 527.9055 -117 765.8237 543.8875 -117 732.5027 546.5152 -117 694.6985 549.7407 -117 685.4523 544.3604 -117 639.9245 546.648 -117 638.5374 532.6595 -117 593.5415 527.233 -117 587.8524 508.5946 -117 553.1489 496.4526 -117 542.4938 475.8214 -117 519.5364 454.3901 -117 507.3428 435.9675 -117 494.4187 404.286 -117 485.1072 391.3788 -117 479.3274 350 -117 477.5 344.6535 -117 475.0716 295.714 -117 485.1072 298.069 -117 481.8599 254.3346 -117 499.3637 245.6098 -117 507.3428 216.0312 -117 526.4996 203.5474 -117 542.4938 185.0615 -117 561.8839 172.767 -117 587.8524 163.1747 -117 603.6122 155.6396 -117 639.9245 151.6723 -117 649.1911 153.4848 -117 694.6985 151.0842 -117 695.8011 159.7846 -117 741.6523 166.4686 -117 747.9551 193.5906 -117 795.5917 108.7482 -306.3349 664.7338 108.4214 -301.3383 641.1143 107.7058 -297 660.7723 107.2022 -297 645.1896 186.7858 -308.8016 715.8548 174.8781 -306.949 720.7072 186.7858 -297 715.8548 175.1735 -297 720.6794 161.8752 -306.0745 719.2193 159.7288 -297 718.5497 138.9036 -307.6946 706.9059 126.9727 -297 695.7338 120.694 -307.9895 687.9955 108.7482 -306.3349 664.7338 107.7058 -297 660.7723 193.1831 -306.6379 702.419 191.2275 -307.9314 709.7062 186.7858 -297 715.8548 186.7858 -308.8016 715.8548 192.7978 -297 704.8104 155.8375 -307.2817 639.283 173.0273 -297 654.2662 140.2712 -297 631.4503 177.9921 -308.0603 660.2444 191.8222 -306.2207 687.2863 192.2943 -297 689.2277 193.1831 -306.6379 702.419 192.7978 -297 704.8104 108.4214 -301.3383 641.1143 113.2142 -297 634.1452 107.2022 -297 645.1896 111.5626 -301.5754 635.8484 116.2063 -302.6958 631.9736 124.8265 -297 629.3206 127.4471 -306.6117 629.1855 140.2712 -297 631.4503 155.8375 -307.2817 639.283 160.5238 -274.5 649.5933 150 -274.5 647.5 150 -297 647.5 139.4762 -274.5 649.5933 160.5238 -297 649.5933 139.4762 -297 649.5933 169.4454 -297 655.5546 130.5546 -274.5 655.5546 169.4454 -274.5 655.5546 130.5546 -297 655.5546 175.4067 -297 664.4762 124.5933 -274.5 664.4762 175.4067 -274.5 664.4762 124.5933 -297 664.4762 177.5 -297 675 122.5 -274.5 675 177.5 -274.5 675 122.5 -297 675 175.4067 -297 685.5238 124.5933 -274.5 685.5238 175.4067 -274.5 685.5238 124.5933 -297 685.5238 169.4454 -297 694.4454 130.5546 -274.5 694.4454 169.4454 -274.5 694.4454 130.5546 -297 694.4454 160.5238 -297 700.4067 139.4762 -274.5 700.4067 160.5238 -274.5 700.4067 139.4762 -297 700.4067 150 -297 702.5 150 -274.5 702.5 169.4454 -297 694.4454 192.2943 -297 689.2277 192.7978 -297 704.8104 175.4067 -297 685.5238 186.7858 -297 715.8548 177.5 -297 675 175.1735 -297 720.6794 175.4067 -297 664.4762 160.5238 -297 700.4067 173.0273 -297 654.2662 159.7288 -297 718.5497 169.4454 -297 655.5546 150 -297 702.5 160.5238 -297 649.5933 139.4762 -297 700.4067 140.2712 -297 631.4503 126.9727 -297 695.7338 150 -297 647.5 130.5546 -297 694.4454 139.4762 -297 649.5933 124.5933 -297 685.5238 124.8265 -297 629.3206 107.7058 -297 660.7723 130.5546 -297 655.5546 122.5 -297 675 113.2142 -297 634.1452 124.5933 -297 664.4762 107.2022 -297 645.1896 286.2906 -235 1700.336 307.8588 -235 1702.835 307.6 -235 1704.136 291.97 -235 1687.924 307.8588 -235 1705.437 308.5958 -235 1701.732 308.5958 -235 1706.541 303.3228 -235 1680.344 309.6989 -235 1707.278 309.6989 -235 1700.995 248.9779 -235 1728.075 311 -235 1700.736 311 -235 1707.536 311 -235 1679.136 222.8069 -235 1766.503 316.9644 -235 1679.858 210.6638 -235 1811.383 312.3011 -235 1700.995 213.888 -235 1857.765 328.8278 -235 1686.61 232.1238 -235 1900.533 313.4042 -235 1701.732 312.3011 -235 1707.278 314.1412 -235 1702.835 263.3601 -235 1934.971 314.4 -235 1704.136 304.1518 -235 1957.28 314.1412 -235 1705.437 350 -235 1965 371.1722 -235 1686.61 387.6989 -235 1707.278 385.8588 -235 1705.437 313.4042 -235 1706.541 395.8482 -235 1957.28 385.6 -235 1704.136 386.5958 -235 1706.541 436.6399 -235 1934.971 385.8588 -235 1702.835 467.8762 -235 1900.533 386.5958 -235 1701.732 389 -235 1707.536 387.6989 -235 1700.995 486.112 -235 1857.765 383.0356 -235 1679.858 489.3362 -235 1811.383 389 -235 1700.736 477.1931 -235 1766.503 396.6772 -235 1680.344 451.0221 -235 1728.075 390.3011 -235 1700.995 390.3011 -235 1707.278 391.4042 -235 1701.732 413.7094 -235 1700.336 408.03 -235 1687.924 391.4042 -235 1706.541 392.1412 -235 1702.835 392.1412 -235 1705.437 392.4 -235 1704.136</float_array>
          <technique_common>
            <accessor source="#Mesh4_002-mesh-positions-array" count="190" stride="3">
              <param name="X" type="float"/>
              <param name="Y" type="float"/>
              <param name="Z" type="float"/>
            </accessor>
          </technique_common>
        </source>
        <source id="Mesh4_002-mesh-normals">
          <float_array id="Mesh4_002-mesh-normals-array" count="288">0 1 0 0 1 5.93458e-6 0 1 -9.32836e-6 0 1 7.75958e-6 0 1 -7.07655e-7 0 1 2.37277e-6 0 1 -4.41189e-6 0 1 5.31741e-7 0 1 1.54648e-7 0 1 -1.02009e-6 0 1 4.45298e-7 0 1 3.3113e-6 0.9932566 0.1154444 0.01067942 0.9543263 0.2971702 -0.03084176 -0.3773789 0 -0.926059 -0.3836487 0.008814275 -0.9234371 0.1132653 -0.006136655 -0.9935459 0.1364884 -0.04075533 -0.9898031 0.4694203 0.04596644 -0.8817777 0.5582563 -0.2144662 -0.8014701 0.7175616 0.07742893 -0.6921779 0.8709145 -0.1739414 -0.4596222 0.8708392 -0.1064178 -0.4799109 -0.9326058 -0.2165505 -0.288708 -0.8106094 0 -0.5855874 -0.8752563 0.08322638 -0.4764449 -0.5557455 -0.2335618 0.7978697 -0.6831829 0.08533251 0.7252445 -0.8767454 -0.1458318 0.4583128 -0.8744021 -0.05668705 0.4818794 -0.9953938 0.03193342 0.09039664 -0.9983307 -0.04791092 0.03225713 0.8608652 -0.1982755 0.4686129 0.8506736 -0.1162279 0.5126847 0.6469335 0.04972606 0.7609235 0.3794004 -0.1488573 0.9131795 0.2590298 0.05707484 0.9641816 -0.136419 -0.05109775 0.9893326 -0.3228939 0.2135586 0.9220263 -0.195083 0 0.9807868 0.1950826 0 0.9807869 -0.1950908 0 0.9807853 0.1950904 0 0.9807853 -0.5555745 0 0.8314667 0.5555737 0 0.8314675 -0.5555737 0 0.8314675 0.5555745 0 0.8314667 -0.8314665 0 0.5555751 0.831467 0 0.5555744 -0.8314695 0 0.5555706 0.8314695 0 0.5555706 -0.9807854 0 0.1950903 0.9807855 0 0.1950893 -0.9807855 0 0.1950898 -0.9807854 0 -0.1950903 0.9807855 0 -0.1950893 -0.9807855 0 -0.1950898 -0.831469 0 -0.5555713 0.8314695 0 -0.5555706 -0.8314619 0 -0.5555818 0.8314619 0 -0.5555818 -0.5555801 0 -0.831463 0.5555793 0 -0.8314637 -0.5555737 0 -0.8314675 0.5555745 0 -0.8314667 -0.1950985 0 -0.9807837 0.1950982 0 -0.9807838 -0.195083 0 -0.9807868 0.1950826 0 -0.9807869 0 -1 1.10609e-6 0 -1 0 0 -1 -6.58148e-7 0 -1 -1.46952e-6 0 -1 -2.05683e-6 0 -1 9.10306e-7 0 -1 -1.31631e-6 0 -1 3.04959e-6 0 -1 -1.02101e-6 0 -1 -8.66035e-7 0 -1 -4.28121e-6 0 -1 -4.4422e-6 0 -1 8.50398e-6 0 -1 0 0 -1 8.65019e-7 0 -1 -4.76224e-6 0 -1 0 0 -1 0 0 -1 1.69468e-7 0 -1 2.22004e-7 0 -1 -1.69319e-5 0 -1 4.35151e-6 0 -1 8.65016e-7 0 -1 8.50427e-6 0 -1 -4.28035e-6 0 -1 -2.56854e-5 0 -1 -2.22102e-6</float_array>
          <technique_common>
            <accessor source="#Mesh4_002-mesh-normals-array" count="96" stride="3">
              <param name="X" type="float"/>
              <param name="Y" type="float"/>
              <param name="Z" type="float"/>
            </accessor>
          </technique_common>
        </source>
        <vertices id="Mesh4_002-mesh-vertices">
          <input semantic="POSITION" source="#Mesh4_002-mesh-positions"/>
        </vertices>
        <triangles material="Material_2_001-material" count="180">
          <input semantic="VERTEX" source="#Mesh4_002-mesh-vertices" offset="0"/>
          <input semantic="NORMAL" source="#Mesh4_002-mesh-normals" offset="1"/>
          <p>0 0 1 0 2 0 2 0 3 0 0 0 4 0 0 0 3 0 3 0 5 0 4 0 4 0 5 0 6 0 7 0 6 0 5 0 7 0 8 0 6 0 8 0 9 0 6 0 8 1 10 1 9 1 11 0 9 0 10 0 10 0 12 0 11 0 11 0 12 0 13 0 12 2 14 2 13 2 14 0 15 0 13 0 16 3 15 3 14 3 15 0 16 0 17 0 18 0 17 0 16 0 19 4 17 4 18 4 18 0 20 0 19 0 21 0 19 0 20 0 19 5 21 5 22 5 23 0 22 0 21 0 23 0 24 0 22 0 25 0 24 0 23 0 24 0 25 0 26 0 27 6 26 6 25 6 26 7 27 7 28 7 29 0 28 0 27 0 28 8 29 8 30 8 31 0 30 0 29 0 31 9 32 9 30 9 30 10 32 10 33 10 32 11 34 11 33 11 35 12 36 12 37 12 38 13 37 13 36 13 39 14 40 14 41 14 41 15 40 15 42 15 40 16 43 16 42 16 42 17 43 17 44 17 43 18 45 18 44 18 46 19 44 19 45 19 46 20 45 20 47 20 48 21 46 21 47 21 48 22 49 22 46 22 50 23 51 23 52 23 53 24 52 24 51 24 50 25 52 25 54 25 55 26 56 26 57 26 55 27 58 27 56 27 59 28 56 28 58 28 56 29 59 29 60 29 60 30 59 30 61 30 61 31 62 31 60 31 63 32 64 32 65 32 66 33 64 33 63 33 67 34 64 34 66 34 67 35 68 35 64 35 68 36 67 36 69 36 68 37 69 37 70 37 71 38 70 38 69 38 72 39 73 39 74 39 74 40 73 40 75 40 72 41 74 41 76 41 75 42 77 42 74 42 72 43 76 43 78 43 79 44 77 44 75 44 78 45 80 45 72 45 79 46 81 46 77 46 80 47 78 47 82 47 81 48 79 48 83 48 80 49 82 49 84 49 83 50 85 50 81 50 84 51 82 51 86 51 87 52 85 52 83 52 86 53 88 53 84 53 87 52 89 52 85 52 88 54 86 54 90 54 89 55 87 55 91 55 88 56 90 56 92 56 91 55 93 55 89 55 92 57 90 57 94 57 95 58 93 58 91 58 94 59 96 59 92 59 95 60 97 60 93 60 96 61 94 61 98 61 97 62 95 62 99 62 96 63 98 63 100 63 99 64 101 64 97 64 100 65 98 65 102 65 99 66 102 66 101 66 102 67 103 67 100 67 99 68 103 68 102 68 104 69 105 69 106 69 107 70 105 70 104 70 108 70 104 70 106 70 105 71 107 71 109 71 104 72 108 72 110 72 109 70 111 70 105 70 104 70 110 70 112 70 111 70 113 70 105 70 110 73 114 73 112 73 111 70 115 70 113 70 114 70 116 70 112 70 113 70 115 70 117 70 114 70 118 70 116 70 113 70 117 70 119 70 118 70 114 70 120 70 121 70 119 70 117 70 120 70 122 70 118 70 119 70 121 70 123 70 122 70 120 70 124 70 123 70 125 70 119 70 124 70 120 70 126 70 123 74 127 74 125 74 128 70 124 70 126 70 125 70 127 70 129 70 126 75 130 75 128 75 129 76 127 76 131 76 130 70 126 70 127 70 127 77 126 77 131 77 132 70 133 70 134 70 133 78 132 78 135 78 134 70 136 70 132 70 135 79 137 79 133 79 138 70 132 70 136 70 139 70 137 70 135 70 140 70 132 70 138 70 139 80 141 80 137 80 132 70 140 70 142 70 143 70 141 70 139 70 144 70 142 70 140 70 139 70 145 70 143 70 144 70 146 70 142 70 143 70 145 70 147 70 146 70 144 70 148 70 149 81 143 81 147 81 144 82 150 82 148 82 151 83 149 83 147 83 144 70 152 70 150 70 153 70 149 70 151 70 152 84 144 84 154 84 155 70 153 70 151 70 154 85 156 85 152 85 157 70 155 70 151 70 156 86 154 86 158 86 157 70 151 70 159 70 154 87 160 87 158 87 159 70 151 70 161 70 154 70 162 70 160 70 161 70 163 70 159 70 154 70 164 70 162 70 165 70 160 70 162 70 166 70 163 70 161 70 164 70 159 70 163 70 162 70 164 70 167 70 165 70 162 70 168 70 161 70 169 70 166 70 167 70 164 70 163 70 170 88 168 88 162 88 169 70 161 70 171 70 172 89 170 89 162 89 161 90 173 90 171 90 170 70 172 70 174 70 161 91 175 91 173 91 174 70 172 70 176 70 173 92 175 92 177 92 176 70 172 70 178 70 177 70 175 70 179 70 178 70 172 70 180 70 179 93 181 93 177 93 180 94 172 94 182 94 179 95 183 95 181 95 184 70 180 70 182 70 179 70 185 70 183 70 186 70 184 70 182 70 185 79 187 79 183 79 188 70 184 70 186 70 184 70 187 70 185 70 188 70 189 70 184 70 184 70 189 70 187 70</p>
        </triangles>
      </mesh>
    </geometry>
    <geometry id="Mesh3_002-mesh" name="Mesh3.002">
      <mesh>
        <source id="Mesh3_002-mesh-positions">
          <float_array id="Mesh3_002-mesh-positions-array" count="2013">356.9043 -324.9692 1824.629 356.1105 -312.1804 1798.336 353.5059 -312.0968 1798.46 365.3482 -314.181 1797.149 354.2994 -324.8817 1824.745 366.1388 -326.9187 1823.337 364.4378 -303.549 1770.508 344.9518 -326.5514 1824.098 368.2695 -328.1732 1822.607 365.9208 -314.5294 1796.977 353.2946 -301.4159 1771.666 341.6335 -314.3356 1797.878 375.3575 -320.2711 1794.144 374.4609 -309.7986 1767.904 354.2094 -312.0995 1798.435 342.4198 -327.0037 1823.923 376.1355 -332.8045 1819.912 375.3575 -320.2711 1794.144 352.5911 -301.4133 1771.691 334.4637 -331.6916 1821.619 377.549 -334.6883 1818.864 375.7381 -320.7956 1793.902 351.6682 -292.4819 1744.45 353.5059 -312.0968 1798.46 331.5386 -320.5567 1795.492 382.0102 -329.4397 1789.904 381.1343 -319.2107 1764.274 358.8662 -302.4824 1771.087 351.9991 -301.4228 1771.708 342.3127 -314.2076 1797.912 332.3086 -332.9615 1820.995 382.7676 -341.643 1814.993 382.0102 -329.4397 1789.904 363.5198 -294.6653 1743.414 351.0761 -292.4913 1744.467 340.7243 -303.7168 1771.271 326.955 -339.954 1817.385 383.2489 -343.8693 1813.785 382.1408 -330.0605 1789.628 361.652 -303.0157 1770.798 350.8607 -285.1001 1717.193 339.8054 -294.8248 1744.151 341.6335 -314.3356 1797.878 324.7579 -329.813 1791.665 384.2932 -340.2912 1785.073 383.4423 -330.3525 1760.17 363.0449 -303.2823 1770.653 359.3426 -293.8957 1743.779 346.5743 -285.4111 1717.228 340.7243 -303.7168 1771.271 332.1161 -320.2008 1795.629 325.505 -341.8481 1816.408 385.0255 -352.0886 1809.328 384.2932 -340.2912 1785.073 363.7414 -303.4156 1770.581 362.7176 -287.3311 1716.332 347.3821 -292.7964 1744.499 350.2354 -278.446 1687.596 340.4093 -303.9166 1771.21 330.644 -310.1087 1769.313 323.5692 -350.0807 1812.042 384.5012 -354.3185 1808.145 384.154 -340.9137 1784.805 363.8284 -303.4323 1770.572 363.5198 -294.6653 1743.414 338.9989 -287.4513 1716.924 355.7359 -286.0174 1716.839 343.1381 -279.2739 1687.542 340.2518 -304.0164 1771.179 331.5386 -320.5567 1795.492 322.3239 -340.6952 1786.979 381.8592 -351.1734 1780.388 381.0333 -341.5277 1756.218 363.8502 -303.4365 1770.57 370.0186 -298.7949 1741.98 339.8054 -294.8248 1744.151 362.0966 -280.7236 1686.942 343.7642 -285.9356 1717.173 340.2321 -304.0289 1771.176 325.1458 -329.2834 1791.884 323.0449 -352.3106 1810.859 382.5654 -362.5511 1803.779 381.8592 -351.1734 1780.388 363.8719 -303.4406 1770.567 372.7643 -293.8045 1714.472 336.2569 -297.1202 1743.59 362.7176 -287.3311 1716.332 338.3732 -280.7933 1687.31 340.2124 -304.0414 1771.172 323.8848 -319.616 1766.114 324.8215 -360.5299 1806.402 381.1153 -364.4451 1802.801 381.4713 -351.7029 1780.168 363.9155 -303.449 1770.563 373.556 -301.0427 1741.199 328.9379 -294.0268 1715.566 366.8485 -289.9928 1715.567 338.1368 -275.2021 1657.842 338.9989 -287.4513 1716.924 340.173 -304.0664 1771.164 324.7579 -329.813 1791.665 324.6069 -351.5466 1782.148 375.0785 -360.4296 1776.56 374.2741 -351.0349 1753.02 364.0896 -303.4823 1770.545 377.89 -307.2593 1739.22 329.7376 -301.3373 1742.561 372.1511 -287.2794 1685.448 350 -272.8782 1658.252 334.1436 -282.9074 1686.948 333.0747 -291.3231 1716.124 340.0943 -304.1163 1771.149 322.4631 -340.0726 1787.247 325.3027 -362.7562 1805.194 375.7618 -371.4377 1799.192 375.0785 -360.4296 1776.56 364.4378 -303.549 1770.508 379.4715 -303.5351 1711.896 327.3619 -304.7529 1741.631 372.7643 -293.8045 1714.472 345.5287 -278.995 1687.56 350 -267.1479 1625.753 333.9072 -277.3141 1657.469 328.3159 -287.4082 1686.127 339.4643 -304.5158 1771.026 321.4758 -330.7911 1762.163 330.5213 -369.7109 1801.323 373.6068 -372.7075 1798.567 374.501 -360.7855 1776.424 369.4493 -306.6738 1769.206 380.249 -310.6431 1738.143 322.2095 -303.8254 1713.326 375.5221 -297.8055 1713.413 350.2354 -278.446 1687.596 361.8632 -275.2021 1657.842 338.1368 -269.4717 1625.343 328.0797 -281.82 1656.675 328.9379 -294.0268 1715.566 338.2042 -305.3148 1770.782 322.3239 -340.6952 1786.979 331.2596 -360.7153 1777.908 364.9836 -366.6507 1774.174 364.1938 -357.4268 1751.062 373.556 -301.0427 1741.199 381.7581 -318.0003 1735.92 322.9974 -311.0281 1739.922 378.8682 -297.1154 1683.342 357.4796 -279.837 1687.197 361.8632 -269.4717 1625.343 328.0797 -276.0896 1624.176 328.3159 -287.4082 1686.127 324.976 -299.7965 1714.247 335.6841 -306.9128 1770.292 324.4763 -350.9259 1782.425 331.9348 -371.5947 1800.275 365.6505 -377.3955 1796.264 364.9836 -366.6507 1774.174 371.9551 -308.2362 1768.555 381.8179 -315.0412 1708.996 322.1563 -315.0439 1738.764 379.4715 -303.5351 1711.896 362.0966 -280.7236 1686.942 371.9203 -276.0896 1624.176 321.3597 -291.7243 1654.928 325.6997 -291.2523 1685.388 338.1368 -249.0165 1489.104 321.5948 -297.2837 1684.229 329.7376 -301.3373 1742.561 323.7838 -341.9329 1758.06 339.8009 -376.226 1797.58 363.1186 -377.8477 1796.089 364.3044 -366.7788 1774.14 373.208 -309.0174 1768.23 382.5796 -322.0049 1734.71 319.838 -315.3555 1710.544 380.4362 -308.266 1710.704 368.2373 -284.7275 1686.03 371.9203 -281.82 1656.675 371.9203 -255.6852 1488.276 321.3597 -285.9939 1622.43 350 -267.1479 1625.753 328.0797 -255.6852 1488.276 322.2095 -303.8254 1713.326 330.644 -310.1087 1769.313 324.6069 -351.5466 1782.148 341.2689 -366.8053 1774.903 353.1112 -368.8896 1773.592 352.327 -359.7303 1750.642 373.8344 -309.408 1768.067 381.0343 -329.3827 1732.583 320.611 -322.4217 1736.636 381.2252 -308.734 1680.943 378.6403 -291.7243 1654.928 378.6403 -265.6657 1487.036 361.8632 -249.0165 1489.104 319 -297.6769 1620.37 321.5948 -297.2837 1684.229 350 -246.6747 1489.394 338.1368 -235.752 1351.888 320.8131 -310.6146 1711.687 330.4328 -310.4058 1769.213 330.879 -360.1908 1778.15 341.9315 -377.4804 1796.85 353.7709 -379.5174 1795.442 353.1112 -368.8896 1773.592 373.9128 -309.4568 1768.046 379.4464 -326.5713 1706.215 321.4324 -326.4262 1735.427 381.8179 -315.0412 1708.996 372.1511 -287.2794 1685.448 378.6403 -285.9939 1622.43 376.2535 -293.2867 1684.161 378.6403 -252.4889 1350.728 371.9203 -242.4558 1351.423 321.3597 -265.6657 1487.036 319 -303.4073 1652.868 320.6754 -301.8117 1683.323 350 -246.6747 1489.394 328.0797 -242.4558 1351.423 319.2329 -308.9162 1681.903 330.3271 -310.5544 1769.163 330.4572 -351.3451 1754.429 351.2476 -379.0833 1795.742 352.4338 -368.7703 1773.667 373.9519 -309.4812 1768.036 380.1932 -333.3985 1731.425 322.1845 -326.8616 1707.645 380.8428 -319.782 1707.853 381 -297.6769 1620.37 378.8682 -297.1154 1683.342 381 -264.3236 1349.907 381 -277.4385 1485.575 361.8632 -235.752 1351.888 319 -277.4385 1485.575 321.3597 -315.0902 1650.808 350 -233.3979 1352.051 338.1368 -230.0795 1214.473 319.838 -315.3555 1710.544 330.3139 -310.573 1769.157 331.2596 -360.7153 1777.908 340.4803 -357.5947 1751.824 373.9715 -309.4934 1768.031 375.8287 -339.6736 1729.716 322.9416 -333.7835 1733.204 378.8633 -320.3665 1678.617 381 -303.4073 1652.868 380.3077 -304.2114 1681.877 381 -258.7172 1214.092 378.6403 -246.8551 1214.25 371.9203 -236.7988 1214.383 321.3597 -252.4889 1350.728 321.3597 -309.3599 1618.31 319.2329 -308.9162 1681.903 320.1504 -313.4388 1680.969 350 -233.3979 1352.051 328.0797 -236.7988 1214.383 321.2197 -322.1306 1708.837 330.3008 -310.5915 1769.15 340.6964 -366.4569 1775.075 341.2689 -366.8053 1774.903 373.9911 -309.5056 1768.026 372.718 -336.3699 1703.974 325.3006 -337.1673 1732.127 379.4464 -326.5713 1706.215 378.6403 -315.0902 1650.808 378.6403 -289.2113 1484.113 378.6403 -276.1584 1349.087 378.6403 -270.5793 1213.934 361.8632 -230.0795 1214.473 319 -264.3236 1349.907 321.3597 -289.2113 1484.113 328.0797 -324.9946 1649.062 321.5899 -320.5348 1679.504 350 -227.7199 1214.504 338.1368 -229.8748 1183.695 321.5899 -320.5348 1679.504 330.2744 -310.6287 1769.138 374.1476 -309.6033 1767.985 373.453 -343.0893 1728.786 328.8916 -336.5921 1705.069 376.6799 -330.6002 1705.294 381.2252 -308.734 1680.943 378.6403 -309.3599 1618.31 379.7827 -315.8385 1679.522 378.6403 -270.3783 1183.695 381 -258.5151 1183.695 378.6403 -246.6519 1183.695 371.9203 -236.5948 1183.695 321.3597 -246.8551 1214.25 328.0797 -319.2642 1616.563 324.2046 -324.3635 1678.684 350 -227.7199 1214.504 328.0797 -236.5948 1183.695 322.1845 -326.8616 1707.645 330.2215 -310.7029 1769.113 374.4609 -309.7986 1767.904 366.9337 -347.3064 1727.756 329.6345 -343.3839 1730.148 372.1422 -330.2419 1676.718 371.9203 -324.9946 1649.062 378.8633 -320.3665 1678.617 371.9203 -286.1915 1348.391 371.9203 -299.1918 1482.874 371.9203 -280.6356 1213.8 361.8632 -229.8748 1183.695 319 -258.7172 1214.092 321.3597 -276.1584 1349.087 328.0797 -299.1918 1482.874 328.307 -330.3707 1677.397 338.1368 -325.882 1615.396 350 -227.5151 1183.695 328.0797 -239.0544 1077.174 326.1338 -332.5912 1706.128 329.7991 -311.2971 1768.913 377.7976 -314.5046 1766.089 362.6571 -342.9453 1702.617 333.1719 -345.6317 1729.367 372.718 -336.3699 1703.974 374.7584 -326.3979 1677.457 371.9203 -319.2642 1616.563 371.9203 -280.4354 1183.695 381 -260.9514 1078.186 378.6403 -249.1009 1077.638 371.9203 -239.0544 1077.174 361.8632 -232.3417 1076.864 321.3597 -246.6519 1183.695 332.2208 -332.9226 1676.815 338.1368 -331.6124 1647.895 350 -229.9845 1076.755 321.3597 -249.1009 1077.638 338.1368 -232.3417 1076.864 328.307 -330.3707 1677.397 328.9542 -312.4855 1768.513 380.249 -310.6431 1738.143 363.3852 -349.6018 1727.196 338.9384 -343.0656 1703.209 368.5812 -339.0735 1703.416 372.1422 -330.2419 1676.718 361.8632 -325.882 1615.396 361.8632 -292.8953 1347.927 361.8632 -287.3549 1213.711 361.8632 -305.8605 1482.046 378.6403 -272.8019 1078.734 361.8632 -287.1554 1183.695 319 -258.5151 1183.695 321.3597 -270.5793 1213.934 328.0797 -286.1915 1348.391 338.1368 -305.8605 1482.046 350 -333.9363 1647.485 328.0797 -249.8759 937.6519 338.1368 -243.1956 936.9233 328.8916 -336.5921 1705.069 327.2644 -314.8624 1767.714 379.466 -316.8577 1765.181 355.7036 -351.1189 1727.002 339.6708 -349.7613 1727.933 362.0849 -336.8568 1675.535 365.9997 -334.282 1675.996 361.8632 -331.6124 1647.895 371.9203 -282.8484 1079.198 378.6403 -283.4603 941.3149 381 -271.667 940.0286 378.6403 -259.8738 938.7424 371.9203 -249.8759 937.6519 319 -260.9514 1078.186 350 -328.2059 1614.987 338.3615 -336.9265 1675.903 350 -328.2059 1614.987 321.3597 -259.8738 938.7424 350 -229.9845 1076.755 334.8075 -340.4039 1703.973 322.9974 -311.0281 1739.922 380.3002 -318.0342 1764.727 350.7953 -345.2966 1702.348 343.848 -350.5309 1727.567 362.6571 -342.9453 1702.617 350 -308.2023 1481.755 350 -289.7145 1213.68 350 -295.2494 1347.763 350 -289.5151 1183.695 371.9203 -293.4581 942.4053 361.8632 -289.5611 1079.508 361.8632 -243.1956 936.9233 321.3597 -272.8019 1078.734 321.3597 -270.3783 1183.695 328.0797 -280.6356 1213.8 338.1368 -292.8953 1347.927 342.9785 -337.8131 1675.649 338.1368 -263.0151 797.8772 328.0797 -269.633 799.0441 350 -240.8498 936.6675 338.3615 -336.9265 1675.903 323.8848 -319.616 1766.114 380.7173 -318.6225 1764.5 351.5224 -351.9447 1726.896 357.7798 -343.9121 1702.506 362.0849 -336.8568 1675.535 350 -295.2494 1347.763 350 -308.2023 1481.755 350 -289.7145 1213.68 361.8632 -300.1384 943.134 371.9203 -312.8076 806.6569 378.6403 -302.9033 804.9105 381 -291.2203 802.8505 378.6403 -279.5374 800.7905 371.9203 -269.633 799.0441 319 -271.667 940.0286 350 -333.9363 1647.485 350 -240.8498 936.6675 321.3597 -279.5374 800.7905 338.9384 -343.0656 1703.209 323.8095 -319.9652 1765.991 380.7694 -318.696 1764.472 350.2227 -339.2042 1675.249 354.8401 -338.2905 1675.361 338.1368 -287.3549 1213.711 350 -291.9184 1079.617 338.1368 -287.1554 1183.695 361.8632 -319.4254 807.8239 350 -302.4843 943.3898 361.8632 -263.0151 797.8772 321.3597 -283.4603 941.3149 328.0797 -282.8484 1079.198 328.0797 -280.4354 1183.695 350.2227 -339.2042 1675.249 350 -260.6913 797.4674 338.1368 -268.1812 768.5792 321.3597 -284.7034 771.4925 345.92 -344.3793 1702.702 323.7719 -320.1398 1765.929 380.7954 -318.7328 1764.458 350.7953 -345.2966 1702.348 350 -321.7493 808.2336 350 -291.9184 1079.617 371.9203 -317.9736 777.3589 378.6403 -308.0693 775.6125 381 -296.3863 773.5525 378.6403 -284.7034 771.4925 371.9203 -274.799 769.7461 319 -291.2203 802.8505 350 -265.8573 768.1694 328.0797 -274.799 769.7461 323.7672 -320.1616 1765.921 380.8085 -318.7512 1764.451 338.1368 -289.5611 1079.508 350 -302.4843 943.3898 338.1368 -300.1384 943.134 361.8632 -324.5915 778.5258 361.8632 -268.1812 768.5792 328.0797 -293.4581 942.4053 321.3597 -302.9033 804.9105 338.1368 -271.4392 750.5625 328.0797 -278.0467 751.7872 319 -296.3863 773.5525 323.7625 -320.1834 1765.914 380.8215 -318.7695 1764.444 338.1368 -319.4254 807.8239 350 -321.7493 808.2336 361.8632 -327.7605 761.0018 371.9203 -321.153 759.7771 378.6403 -311.2644 757.9442 381 -299.5999 755.7822 378.6403 -287.9353 753.6201 371.9203 -278.0467 751.7872 321.3597 -308.0693 775.6125 350 -265.8573 768.1694 321.3597 -287.9353 753.6201 323.7531 -320.2271 1765.899 380.9258 -318.9166 1764.387 350 -326.9154 778.9356 350 -330.0807 761.4319 361.8632 -271.4392 750.5625 328.0797 -312.8076 806.6569 350 -269.1191 750.1322 338.1368 -274.7992 732.6777 328.0797 -281.4006 733.9344 319 -299.5999 755.7822 323.7343 -320.3144 1765.868 381.1343 -319.2107 1764.274 338.1368 -324.5915 778.5258 350 -326.9154 778.9356 361.8632 -331.0691 743.3903 371.9203 -324.4677 742.1335 378.6403 -314.588 740.2526 381 -302.9341 738.0341 378.6403 -291.2802 735.8153 371.9203 -281.4006 733.9344 328.0797 -317.9736 777.3589 350 -269.1191 750.132 321.3597 -291.2802 735.8153 321.3597 -311.2644 757.9442 323.5837 -321.0129 1765.621 382.2883 -324.7816 1762.222 338.1368 -327.7605 761.0018 350 -333.3871 743.8316 361.8632 -274.7992 732.6777 350 -272.4812 732.2359 338.1368 -279.9336 705.9732 328.0797 -286.5303 707.254 319 -302.9341 738.0341 323.2826 -322.4098 1765.127 382.5796 -322.0049 1734.71 350 -330.0807 761.4319 361.8632 -336.1641 716.8907 371.9203 -329.5673 715.6099 378.6403 -319.6945 713.6931 381 -308.0488 711.4319 378.6403 -296.4031 709.1709 371.9203 -286.5303 707.254 328.0797 -321.153 759.7771 350 -272.4813 732.2355 321.3597 -296.4031 709.1709 321.3597 -314.588 740.2526 322.6803 -325.2036 1764.139 382.8653 -327.5671 1761.196 338.1368 -331.0691 743.3903 350 -338.4805 717.3405 361.8632 -279.9336 705.9732 350 -277.6168 705.5247 338.1368 -285.0014 679.5109 328.0797 -291.6046 680.7581 319 -308.0488 711.4319 320.611 -322.4217 1736.636 383.1538 -328.9598 1760.683 328.0797 -324.4677 742.1335 350 -333.3871 743.8316 361.8632 -341.2868 690.1416 371.9203 -334.6836 688.8945 378.6403 -324.8012 687.028 381 -313.1441 684.8263 378.6403 -301.487 682.6246 371.9203 -291.6046 680.7581 350 -282.6826 679.0731 321.3597 -301.487 682.6246 321.3597 -319.6945 713.6931 321.4758 -330.7911 1762.163 383.298 -329.6562 1760.427 338.1368 -336.1641 716.8907 350 -343.6056 690.5795 361.8632 -285.0014 679.5109 319 -313.1441 684.8263 321.5479 -331.1393 1762.035 383.316 -329.7432 1760.394 328.0797 -329.5673 715.6099 350 -338.4805 717.3405 321.3597 -324.8012 687.028 321.584 -331.3134 1761.971 383.3251 -329.7867 1760.378 321.5885 -331.3352 1761.963 383.3296 -329.8085 1760.37 328.0797 -334.6836 688.8945 338.1368 -341.2868 690.1416 321.593 -331.3569 1761.955 383.3341 -329.8302 1760.362 321.6021 -331.4005 1761.939 383.3701 -330.0043 1760.298 321.6201 -331.4875 1761.906 383.4423 -330.3525 1760.17 321.7643 -332.1839 1761.65 382.2378 -335.9401 1758.194 322.0528 -333.5766 1761.137 380.1932 -333.3985 1731.425 322.6298 -336.362 1760.111 381.6355 -338.7339 1757.206 322.9416 -333.7835 1733.204 381.3344 -340.1308 1756.712 323.7838 -341.9329 1758.06 381.1838 -340.8292 1756.466 323.9923 -342.2271 1757.946 381.165 -340.9165 1756.435 324.0966 -342.3741 1757.889 381.1556 -340.9602 1756.419 324.1096 -342.3925 1757.882 381.1509 -340.982 1756.411 324.1227 -342.4109 1757.875 381.1462 -341.0038 1756.404 324.1487 -342.4477 1757.861 381.1086 -341.1785 1756.342 324.2008 -342.5212 1757.833 381.0333 -341.5277 1756.218 324.618 -343.1094 1757.606 377.6537 -346.2813 1754.619 325.4521 -344.2859 1757.152 373.453 -343.0893 1728.786 327.1205 -346.639 1756.244 375.9639 -348.6581 1753.82 329.6345 -343.3839 1730.148 375.119 -349.8465 1753.42 330.4572 -351.3451 1754.429 374.6966 -350.4407 1753.22 330.7705 -351.5404 1754.348 374.6437 -350.515 1753.195 330.9271 -351.638 1754.307 374.6173 -350.5521 1753.182 330.9467 -351.6502 1754.302 374.6042 -350.5707 1753.176 330.9662 -351.6624 1754.297 374.5909 -350.5893 1753.17 331.0054 -351.6868 1754.287 374.4853 -350.7378 1753.12 331.0837 -351.7357 1754.266 374.2741 -351.0349 1753.02 331.7101 -352.1263 1754.104 369.2339 -354.2309 1752.041 332.963 -352.9075 1753.778 363.3852 -349.6018 1727.196 335.4688 -354.4699 1753.127 366.7139 -355.8289 1751.552 339.6708 -349.7613 1727.933 365.4539 -356.6279 1751.307 340.4803 -357.5947 1751.824 364.8238 -357.0273 1751.184 340.8505 -357.6614 1751.788 364.7451 -357.0773 1751.169 341.0356 -357.6948 1751.769 364.7057 -357.1023 1751.161 341.0587 -357.699 1751.767 364.686 -357.1147 1751.158 341.0819 -357.7032 1751.764 364.6663 -357.1272 1751.154 341.1281 -357.7115 1751.76 364.5088 -357.2271 1751.123 341.2207 -357.7282 1751.751 364.1938 -357.4268 1751.062 341.9611 -357.8616 1751.677 358.2604 -358.5786 1750.852 343.442 -358.1286 1751.529 351.5224 -351.9447 1726.896 346.4036 -358.6625 1751.233 355.2937 -359.1544 1750.747 353.8104 -359.4424 1750.695 352.327 -359.7303 1750.642 353.0687 -359.5864 1750.668 352.6978 -359.6583 1750.655 352.976 -359.6043 1750.665 352.8832 -359.6223 1750.661 352.9296 -359.6133 1750.664 352.9064 -359.6178 1750.663 356.9043 -324.9692 1824.629 354.2994 -324.8817 1824.745 342.4198 -327.0037 1823.923 332.3086 -332.9615 1820.995 323.0449 -352.3106 1810.859 353.7709 -379.5174 1795.442 325.505 -341.8481 1816.408 385.0255 -352.0886 1809.328 331.9348 -371.5947 1800.275 375.7618 -371.4377 1799.192 376.1355 -332.8045 1819.912 325.3027 -362.7562 1805.194 341.9315 -377.4804 1796.85 365.6505 -377.3955 1796.264 382.5654 -362.5511 1803.779 382.7676 -341.643 1814.993 366.1388 -326.9187 1823.337 371.9203 -334.6836 688.8945 361.8632 -341.2868 690.1416 350 -343.6056 690.5795 381 -313.1441 684.8263 350 -282.6826 679.0731 378.6403 -324.8012 687.028 371.9203 -291.6046 680.7581 319 -313.1441 684.8263 361.8632 -285.0014 679.5109 378.6403 -301.487 682.6246 328.0797 -334.6836 688.8945 328.0797 -291.6046 680.7581 338.1368 -341.2868 690.1416 321.3597 -324.8012 687.028 321.3597 -301.487 682.6246 338.1368 -285.0014 679.5109</float_array>
          <technique_common>
            <accessor source="#Mesh3_002-mesh-positions-array" count="671" stride="3">
              <param name="X" type="float"/>
              <param name="Y" type="float"/>
              <param name="Z" type="float"/>
            </accessor>
          </technique_common>
        </source>
        <source id="Mesh3_002-mesh-normals">
          <float_array id="Mesh3_002-mesh-normals-array" count="2595">0.04961377 0.8987442 0.4356575 0.04968363 0.8987411 0.4356561 -0.1874395 0.8810908 0.4342184 -0.1874337 0.8810898 0.4342228 -0.1875013 0.881073 0.4342276 -0.5487667 0.7451273 0.3789993 -0.5487753 0.745122 0.3789972 -0.5488179 0.7450951 0.3789885 -0.826761 0.4956613 0.266057 -0.8267775 0.4956408 0.2660437 -0.826798 0.4956106 0.2660361 -0.9789104 0.1705236 0.1125 0.2432743 0.8751188 0.4183117 0.2411251 0.9041727 0.3526053 0.2109586 0.9139778 0.3466139 0.05868536 0.9278576 0.3682885 0.01693075 0.9288357 0.3701049 0.01652336 0.928835 0.370125 -0.1896352 0.9096648 0.3695249 0.2432801 0.8751146 0.4183174 0.5613477 0.7507525 0.3482234 0.5613307 0.7507644 0.3482251 -0.1896549 0.9096635 0.3695176 -0.189672 0.9096575 0.3695237 -0.5506378 0.768635 0.3255741 -0.9789131 0.1705129 0.1124926 -0.9789124 0.1705161 0.1124935 -0.9818239 -0.1806442 -0.0582208 0.5613208 0.7507716 0.3482258 0.8351163 0.5041583 0.2200123 0.8350993 0.5041821 0.2200224 -0.5506333 0.7686381 0.325574 -0.55075 0.7685675 0.3255438 -0.8279306 0.5105684 0.2320578 -0.981823 -0.1806484 -0.05822348 -0.9818251 -0.1806375 -0.05822044 0.8351048 0.5041731 0.2200218 0.9818143 0.1806875 0.05824851 0.9818236 0.1806457 0.05821985 -0.8351104 -0.5041655 -0.2200183 -0.8279448 0.5105522 0.232043 -0.8280229 0.5104363 0.2320191 -0.9792196 0.1746116 0.1031493 -0.8350989 -0.5041836 -0.2200195 -0.8351176 -0.5041536 -0.2200179 0.9818249 0.1806385 0.05822092 0.978909 -0.1705334 -0.1124976 0.9789123 -0.1705169 -0.1124936 -0.5613214 -0.7507698 -0.3482283 -0.9792193 0.1746132 0.1031506 -0.9792302 0.1745607 0.1031354 -0.9812948 -0.1879872 -0.04148918 -0.5613254 -0.7507687 -0.3482244 -0.5613461 -0.7507531 -0.3482245 -0.2022816 -0.8830637 -0.4234156 -0.2023041 -0.8830592 -0.4234143 -0.2022938 -0.8830642 -0.4234086 0.1874372 -0.8810903 -0.4342204 0.1874414 -0.8810891 -0.434221 0.1874074 -0.8810892 -0.4342353 0.5487552 -0.7451325 -0.3790057 0.5487632 -0.7451281 -0.3790029 0.5488536 -0.7450792 -0.378968 0.9789124 -0.1705157 -0.1124943 0.8268004 -0.4956083 -0.2660329 0.8267695 -0.4956529 -0.2660459 0.5595484 0.7761669 0.2906383 -0.9812941 -0.1879897 -0.04149448 -0.9812883 -0.1880186 -0.04150319 -0.8338594 -0.5218768 -0.1797868 -0.833863 -0.5218731 -0.1797809 -0.8338627 -0.5218759 -0.1797733 -0.5594971 -0.7761966 -0.2906576 -0.559507 -0.7761921 -0.2906509 -0.5596213 -0.7761225 -0.2906165 -0.200116 -0.9123165 -0.3572565 -0.2001175 -0.912314 -0.357262 -0.2002577 -0.9122915 -0.3572411 0.1896488 -0.9096632 -0.3695216 0.1896649 -0.9096582 -0.3695258 0.1895748 -0.9096645 -0.3695565 0.5506299 -0.7686416 -0.3255716 0.550629 -0.7686402 -0.3255767 0.550692 -0.768586 -0.3255981 0.8279364 -0.5105617 -0.2320518 0.8279349 -0.5105621 -0.2320563 0.828034 -0.5104185 -0.2320187 0.979219 -0.174616 -0.103148 0.9792195 -0.1746128 -0.1031487 0.9792291 -0.1745765 -0.1031185 0.9812968 0.1879758 0.0414924 0.981294 0.1879904 0.04149305 0.9813128 0.1878957 0.04147934 0.8338566 0.5218818 0.1797851 0.8338574 0.5218805 0.1797852 0.83372 0.5220742 0.1798595 0.5595273 0.7761767 0.2906526 0.5594956 0.7761994 0.2906534 0.01479965 0.9502762 0.3110567 -0.006437718 0.9501469 0.3117364 -0.006092131 0.9501473 0.3117419 -0.201038 0.9287919 0.3113346 -0.2010438 0.9287897 0.3113377 -0.5523691 0.7863839 0.2765663 -0.5522917 0.7864547 0.2765191 -0.5522628 0.7864685 0.276538 -0.5536659 0.785292 0.2770752 -0.5511521 0.7873083 0.2763639 -0.5525186 0.7863151 0.2764629 -0.5523695 0.7863845 0.2765637 -0.5523901 0.7863755 0.2765485 -0.5523579 0.7863952 0.2765564 -0.5523656 0.7863922 0.2765493 -0.5523619 0.7863934 0.2765536 -0.8291325 0.5222911 0.1993775 -0.8289418 0.5225379 0.1995237 -0.8313888 0.5192534 0.1979106 -0.8288762 0.5230891 0.1983485 -0.8299828 0.5209386 0.199378 -0.8284233 0.5232873 0.1997131 -0.8290554 0.522426 0.1993446 -0.8290994 0.52235 0.1993611 -0.8290905 0.5223626 0.199365 -0.8290912 0.5223629 0.1993615 -0.8290874 0.5223701 0.1993581 -0.9795886 0.1788227 0.09180712 -0.9796632 0.1784614 0.0917145 -0.97945 0.1797156 0.0915426 -0.9798308 0.1773205 0.09213656 -0.9794492 0.1796293 0.0917201 -0.979819 0.1776412 0.09164327 -0.9795721 0.1789134 0.09180706 -0.979624 0.1786417 0.09178191 -0.9796073 0.1787291 0.09179133 -0.9796115 0.1787104 0.09178209 -0.9796092 0.1787226 0.09178352 -0.98089 -0.1922729 -0.0297631 -0.9808531 -0.192441 -0.02989464 -0.9816058 -0.1886523 -0.02933311 -0.9804746 -0.1943091 -0.03022515 -0.9806997 -0.1931976 -0.03005117 -0.9810103 -0.191671 -0.02968674 -0.9809135 -0.192154 -0.02976113 -0.9808971 -0.1922314 -0.02980095 -0.9808984 -0.192226 -0.02979284 -0.9809025 -0.1922059 -0.02978527 -0.9809013 -0.1922119 -0.02978777 0.2090175 0.9327638 0.2937062 -0.8327675 -0.5338127 -0.1467738 -0.8326525 -0.5339794 -0.1468196 -0.8352712 -0.5299543 -0.1465284 -0.8311445 -0.5362741 -0.1470006 -0.8331435 -0.5332334 -0.1467449 -0.8330663 -0.5334013 -0.1465736 -0.8327183 -0.5338659 -0.1468588 -0.8327338 -0.5338544 -0.146813 -0.8327745 -0.5337951 -0.146797 -0.8327552 -0.5338218 -0.1468098 -0.8327636 -0.5338088 -0.1468092 -0.5577636 -0.7941059 -0.241445 -0.5576245 -0.7941802 -0.2415218 -0.5544953 -0.7960737 -0.2424904 -0.5611512 -0.7921398 -0.2400502 -0.5581028 -0.79378 -0.2417324 -0.5583454 -0.7937226 -0.241361 -0.5577937 -0.7940905 -0.2414259 -0.5578824 -0.7940222 -0.2414458 -0.5578298 -0.7940573 -0.2414523 -0.5578507 -0.7940439 -0.2414476 -0.5578528 -0.794043 -0.2414457 -0.007819116 0.9651405 0.2616158 -0.06768387 0.9628387 0.2614587 -0.07716679 0.9617751 0.2627429 -0.2608447 0.9298388 0.2595377 -0.2608765 0.9298278 0.2595453 -0.5538572 0.7993774 0.2328909 -0.5538681 0.7993703 0.2328891 -0.5538605 0.799376 0.2328876 -0.8301323 0.5314877 0.1685274 -0.8301337 0.5314866 0.1685236 -0.8301306 0.5314909 0.1685252 -0.9800446 0.1826238 0.07849377 0.1980754 0.9340583 0.2971554 0.1965619 0.9478541 0.2508706 0.2092379 0.9312726 0.2982465 0.2092611 0.9312646 0.298255 0.2091836 0.931294 0.298218 0.2106347 0.9308997 0.2984272 0.2073931 0.9317399 0.2980751 0.2061196 0.9321531 0.2976669 0.2101439 0.9310759 0.2982233 0.2090107 0.9313274 0.2982348 0.2097452 0.9311767 0.2981895 0.5578365 0.7940533 0.2414494 0.5578537 0.7940422 0.2414463 0.1965632 0.9478541 0.2508698 -0.06876248 0.9730249 0.2202149 -0.1147778 0.9701025 0.2138396 -0.1832044 0.9582979 0.2193204 -0.306209 0.9273759 0.2149653 -0.3061738 0.9273871 0.214967 -0.5549098 0.8090648 0.1936218 -0.5549046 0.8090685 0.1936215 -0.5549186 0.809059 0.1936209 -0.8309069 0.5388468 0.138701 -0.8309144 0.5388357 0.1386992 -0.8309102 0.5388421 0.1386992 -0.980445 0.1865539 0.06265228 -0.9804467 0.1865445 0.0626536 -0.9804489 0.186533 0.06265419 -0.9806916 -0.1942102 -0.0229448 -0.9806917 -0.1942098 -0.02294254 -0.9806885 -0.194226 -0.02294284 -0.8315804 -0.5453802 -0.1050454 -0.8315697 -0.5453957 -0.1050501 -0.8315821 -0.5453767 -0.1050498 -0.5558368 -0.813482 -0.1711508 -0.5558457 -0.8134761 -0.1711497 -0.5558279 -0.8134886 -0.1711487 -0.1978555 -0.9333931 -0.2993836 -0.1955404 -0.9576879 -0.2111822 -0.198768 -0.933265 -0.2991787 -0.2004203 -0.9331043 -0.298577 -0.1960529 -0.9336984 -0.2996176 -0.1977475 -0.9332939 -0.299764 -0.1986882 -0.9332658 -0.2992291 -0.1980347 -0.933372 -0.299331 -0.1981574 -0.9333529 -0.2993094 -0.1981471 -0.9333546 -0.2993109 -0.1981313 -0.9333586 -0.2993088 -0.198121 -0.9333574 -0.2993193 -0.1955514 -0.9576851 -0.2111849 -0.1955382 -0.9576879 -0.211184 0.557847 0.7940468 0.2414466 0.5578396 0.7940519 0.2414473 0.5578528 0.7940441 0.241442 0.5570719 0.7945575 0.241556 0.5576563 0.7941914 0.2414118 0.5567088 0.7947139 0.2418785 0.5571555 0.7946797 0.2409605 0.5585816 0.7935609 0.2413457 0.5576785 0.7941635 0.241452 0.8327534 0.5338246 0.1468101 0.8327522 0.533826 0.1468116 0.8327653 0.5338063 0.1468088 0.8327571 0.533818 0.1468127 0.8327517 0.5338279 0.1468079 0.8326067 0.5340759 0.1467279 0.8337916 0.5322673 0.1465718 0.8323495 0.5343038 0.1473562 0.8312895 0.5361215 0.1467369 0.832556 0.5341138 0.1468777 0.8328749 0.5336486 0.1467604 0.9808987 0.1922242 0.02979403 0.9809012 0.1922131 0.02978515 0.1965664 0.9478542 0.2508664 0.980903 0.1922035 0.02978581 0.9808934 0.1922519 0.02978587 0.9809265 0.1920861 0.0297724 0.9808665 0.1923946 0.0297538 0.980852 0.1923907 0.03025412 0.9808243 0.1926589 0.02943634 0.9809742 0.1918624 0.02964001 0.9809262 0.1920964 0.02971369 0.9809002 0.1922086 0.02984583 0.9796102 -0.1787128 -0.0917921 0.9796106 -0.1787121 -0.09178805 0.9796088 -0.1787217 -0.09178882 0.9796111 -0.1787096 -0.09178823 0.9795944 -0.1787937 -0.09180253 0.9796055 -0.1788039 -0.09166431 0.979668 -0.1783772 -0.09182649 0.9795805 -0.1789115 -0.09172147 0.9798205 -0.1775726 -0.09175908 0.9796394 -0.1785842 -0.09172981 0.9796009 -0.1787751 -0.09176951 0.8290797 -0.5223783 -0.1993687 0.8290897 -0.5223659 -0.1993598 0.8267765 -0.4956418 -0.2660452 0.191995 -0.9306282 -0.3115592 0.1914326 -0.9307018 -0.3116853 0.1977622 -0.9294824 -0.3113725 0.1939943 -0.9303842 -0.3110493 0.1901603 -0.9307632 -0.3122802 0.190307 -0.9309641 -0.3115915 0.1916906 -0.9306554 -0.3116652 0.1917825 -0.9306514 -0.3116207 0.1916397 -0.9306789 -0.3116264 0.1916837 -0.930666 -0.3116382 0.1916874 -0.9306668 -0.3116337 0.5520833 -0.7865747 -0.2765944 0.5526549 -0.7862174 -0.2764688 0.5548608 -0.7846848 -0.2764044 0.5488935 -0.7889586 -0.2761528 0.5516542 -0.7866955 -0.277106 0.554043 -0.7853186 -0.2762445 0.5521057 -0.7865742 -0.2765508 0.5524404 -0.7863392 -0.2765511 0.5523905 -0.7863699 -0.2765632 0.552365 -0.7863925 -0.27655 0.8291013 -0.5223488 -0.1993564 0.552367 -0.7863909 -0.2765506 0.8290581 -0.522413 -0.1993674 0.8291756 -0.5222367 -0.1993406 0.8280295 -0.523924 -0.1996769 0.8298768 -0.5211989 -0.1991386 0.8307704 -0.5198372 -0.1989722 0.8289061 -0.5225011 -0.199768 0.8289259 -0.5226365 -0.1993311 0.1945044 -0.9561257 -0.2190704 0.1944964 -0.9561276 -0.2190688 0.1944795 -0.9561311 -0.2190688 0.5549129 -0.8090624 -0.1936225 0.5549134 -0.8090621 -0.1936228 0.5548847 -0.8090804 -0.1936281 0.8309088 -0.5388437 -0.1387022 0.8309065 -0.5388471 -0.138703 0.8309124 -0.5388382 -0.1387014 0.9804481 -0.1865369 -0.06265503 0.9804459 -0.1865479 -0.06265515 0.9804449 -0.186553 -0.06265646 0.9806909 0.1942136 0.02294564 0.980692 0.1942078 0.02294576 0.9806945 0.1941959 0.02293974 0.8315664 0.5454016 0.1050455 0.8291361 -0.5223112 -0.1993096 0.8315724 0.5453918 0.1050484 0.8315848 0.5453736 0.1050454 0.55584 0.8134813 0.1711435 0.55584 0.8134808 0.1711466 0.5558454 0.8134776 0.1711441 0.5566086 0.8059026 0.2017621 0.1955388 0.9576882 0.2111828 0.5566316 0.8058877 0.2017584 0.5566202 0.8058944 0.2017633 0.8319947 0.5412207 0.1219223 0.8319969 0.5412165 0.121926 0.8319996 0.5412133 0.1219222 0.9807067 0.1940672 0.02350193 0.9807071 0.1940647 0.02350819 0.9807057 0.1940709 0.02350926 0.9800421 -0.1826383 -0.07849109 0.9800419 -0.1826391 -0.07849216 0.9800413 -0.1826407 -0.0784949 0.8301334 -0.5314877 -0.1685215 0.8301333 -0.5314866 -0.1685258 0.830127 -0.5314972 -0.1685237 0.5538801 -0.7993615 -0.2328905 0.5538647 -0.7993727 -0.2328892 0.5538542 -0.7993801 -0.2328884 0.1933553 -0.9455546 -0.2618024 0.1933693 -0.9455535 -0.2617958 0.193364 -0.9455555 -0.2617927 -0.196561 -0.9478547 -0.250869 -0.1965676 -0.9478533 -0.2508692 -0.1965751 -0.9478515 -0.2508705 -0.5566208 -0.8058948 -0.2017596 -0.5566227 -0.8058943 -0.2017566 -0.5566466 -0.8058764 -0.2017619 -0.8319959 -0.5412192 -0.1219214 -0.8320012 -0.5412106 -0.1219227 -0.9800411 0.1826421 0.07849395 -0.980046 0.1826161 0.07849317 -0.9807119 -0.1940411 -0.02349972 -0.9807052 -0.1940743 -0.02350687 -0.9807052 -0.1940746 -0.02350664 -0.8319882 -0.54123 -0.1219255 0.1955223 0.9576919 0.2111805 0.195527 0.9576916 0.2111775 -0.3067947 0.9346386 0.1797992 -0.4521702 0.8756262 0.1697676 -0.4521869 0.8756179 0.1697657 -0.6174736 0.7718818 0.1514099 -0.6174692 0.771886 0.1514061 -0.831397 0.5446798 0.1100144 -0.8313857 0.5446965 0.1100167 -0.831402 0.5446707 0.1100208 -0.9807288 0.1903591 0.04398453 -0.9807363 0.1903213 0.04398137 -0.9807324 0.1903414 0.04397982 -0.9807731 -0.1930213 -0.02875852 -0.9807719 -0.1930277 -0.02875596 -0.980772 -0.193027 -0.02875614 -0.8314538 -0.5470393 -0.09712225 -0.8314709 -0.5470141 -0.09711802 -0.8314693 -0.5470166 -0.09711802 -0.5555614 -0.8177061 -0.1506929 -0.5555573 -0.8177093 -0.150691 -0.5555542 -0.8177112 -0.1506914 -0.195084 -0.9638806 -0.1813188 -0.1950765 -0.9638823 -0.1813179 -0.1950922 -0.9638783 -0.1813224 0.1950863 -0.9633066 -0.1843416 0.1950683 -0.9633101 -0.1843418 0.1950715 -0.9633104 -0.1843373 0.5554921 -0.8161196 -0.1593028 0.5555041 -0.8161113 -0.1593038 0.5555173 -0.8161029 -0.1593006 0.831385 -0.5446975 -0.1100167 0.8313906 -0.5446892 -0.1100155 0.8313976 -0.5446782 -0.1100173 0.9807295 -0.1903566 -0.04397863 0.9807333 -0.1903365 -0.04397964 0.9807348 -0.1903288 -0.04398053 0.9807686 0.193044 0.02875816 0.9807735 0.1930196 0.02875846 0.9807732 0.1930205 0.02875632 0.831456 0.5470358 0.09712278 0.8314675 0.5470182 0.0971232 0.8314741 0.5470091 0.09711784 0.5555595 0.8177083 0.1506886 0.5555638 0.8177046 0.1506921 0.5555567 0.8177087 0.1506959 0.1950814 0.9638806 0.1813212 0.195075 0.9638823 0.1813195 0.1950812 0.9638808 0.1813207 -0.1152372 0.9757564 0.1860644 -0.1152218 0.9757584 0.1860638 -0.8314697 -0.54713 -0.09647291 -0.8314657 -0.5471358 -0.09647423 -0.5555694 -0.8188384 -0.1443825 -0.5554454 -0.8223358 -0.1234675 -0.5554438 -0.8223369 -0.1234675 -0.1950253 -0.9699269 -0.1456265 -0.1950294 -0.9699261 -0.1456263 0.195028 -0.9699264 -0.1456264 -0.8313829 -0.5495405 -0.08250975 0.1950299 -0.9699261 -0.1456261 0.5554476 -0.8223342 -0.1234681 0.5555685 -0.8188393 -0.1443818 -0.980786 -0.1921233 -0.03387564 -0.9807737 -0.1929855 -0.02897471 0.5554411 -0.8223389 -0.1234663 0.8313868 -0.5495347 -0.08250898 0.8313803 -0.5495444 -0.08250904 0.9807748 -0.1929802 -0.02897524 0.9807863 -0.1921212 -0.03387594 -0.5555691 -0.8188384 -0.1443841 -0.1950869 -0.9658855 -0.1703128 -0.1950893 -0.9658852 -0.1703116 0.1950902 -0.9658848 -0.1703124 0.1950855 -0.9658858 -0.1703126 0.9807735 -0.1929864 -0.0289753 0.9807735 0.1929864 0.0289753 0.9807854 0.192126 0.03387701 0.5555714 -0.8188368 -0.1443846 0.8314681 -0.5471322 -0.09647452 -0.6175465 0.774585 0.1365817 -0.5554906 0.8216972 0.1274525 -0.5554466 0.8223353 0.1234663 -0.5554454 0.8223358 0.1234672 -0.8313817 0.5495424 0.08250898 -0.8313833 0.54954 0.08250886 -0.9807752 0.1929782 0.02897489 -0.9807862 0.1921222 0.03387659 -0.8314675 0.5471329 0.0964756 0.9807743 0.1929826 0.02897512 0.8313833 0.54954 0.08250898 0.8313839 0.5495392 0.08250904 0.5554481 0.8223341 0.1234665 0.5555756 0.8188344 0.1443821 -0.9807868 0.1921195 0.03387612 -0.9807874 -0.1921157 -0.03387629 0.9807854 -0.192126 -0.03387671 0.8314697 -0.54713 -0.09647291 0.1950848 0.9658862 0.1703107 0.555446 0.8223354 0.1234674 0.1950225 0.9699276 0.1456255 0.1950315 0.9699254 0.1456275 -0.1950315 0.9699254 0.1456278 -0.8314673 0.5471333 0.09647387 0.8314681 0.5471322 0.09647452 0.8314662 0.5471348 0.09647548 0.9807857 0.1921242 0.03387671 -0.4522303 0.8783516 0.154875 -0.1950851 0.9658861 0.1703112 -0.1950902 0.9667404 0.165387 -0.1950846 0.9658863 0.1703106 0.5555738 0.8188354 0.1443836 0.1950836 0.9658864 0.170311 -0.5554254 -0.827708 -0.08001416 -0.5554245 -0.8277087 -0.08001357 -0.1950242 -0.9762477 -0.09437263 -0.195024 -0.9762476 -0.0943737 0.1950249 -0.9762473 -0.09437388 0.1950219 -0.9762482 -0.09437268 -0.9807736 -0.1929857 -0.028975 -0.8313838 -0.5495392 -0.08250838 -0.8313754 -0.5531327 -0.05347126 -0.9807721 -0.1942511 -0.01877802 0.5554272 -0.8277067 -0.08001428 0.5554249 -0.8277084 -0.08001375 0.8313747 -0.553134 -0.05347084 0.8313758 -0.5531321 -0.05347132 -0.9807735 0.1929864 0.02897489 -0.9807721 0.1942511 0.01877778 -0.8313729 0.5531365 0.0534712 0.9807717 -0.1942534 -0.01877808 0.9807723 -0.1942507 -0.01877832 -0.5554279 0.8277062 0.08001387 0.9807716 0.1942538 0.01877814 0.9807727 0.1942482 0.0187782 -0.1950233 0.9699273 0.145626 0.831372 0.5531378 0.05347084 0.8313766 0.5531311 0.05347096 0.5554254 0.827708 0.08001339 0.5554263 0.8277074 0.08001369 0.1950259 0.9762473 0.09437233 0.1950257 0.9762473 0.09437274 -0.1950248 0.9762475 0.09437257 -0.5554192 -0.8308629 -0.03429794 -0.5554174 -0.8308642 -0.03429812 -0.1950178 -0.9799652 -0.04045271 -0.1950218 -0.9799644 -0.04045259 0.1950187 -0.979965 -0.04045253 0.1950209 -0.9799645 -0.04045265 -0.8313731 -0.5531362 -0.05347079 -0.8313717 -0.555244 -0.02292054 0.5554188 -0.8308632 -0.034298 0.555416 -0.830865 -0.03429794 -0.9807727 -0.1942484 -0.01877802 -0.9807712 -0.1949955 -0.00804919 0.8313686 -0.5552485 -0.02292054 0.8313675 -0.5552504 -0.0229206 -0.9807721 0.1942511 0.01877802 -0.980772 0.1949909 0.008049309 0.9807719 -0.1949915 -0.008049368 0.9807702 -0.1950007 -0.008049368 -0.8313757 0.5531324 0.05347061 -0.8313668 0.5552514 0.0229206 0.9807701 0.1950008 0.008049368 0.9807713 0.1949948 0.008049428 -0.555426 0.8277077 0.08001351 -0.5554137 0.8308666 0.03429818 0.8313667 0.5552515 0.02292066 0.8313698 0.5552467 0.0229206 -0.1950254 0.9762474 0.09437274 0.555415 0.8308658 0.03429806 0.5554203 0.8308622 0.03429836 0.1950199 0.9799647 0.04045277 0.5555536 0.8314624 0.005527377 0.1950234 0.979964 0.04045355 0.5555689 0.8314521 0.005529701 0.1950895 0.9807638 0.006522476 0.8314633 0.5555674 0.003694713 0.1950859 0.9807645 0.006519854 -0.1950843 0.9807649 0.006519794 -0.1950898 0.9807637 0.006521165 0.9807839 0.1950933 0.001296818 -0.5554192 0.8308629 0.03429812 -0.1950196 0.9799647 0.04045271 -0.555555 0.8314615 0.005529701 0.9807855 -0.1950848 -0.001296937 0.5554733 0.8313129 -0.01919615 0.1950384 0.9805343 -0.02264147 0.8314663 0.5555631 0.003692388 0.8313994 0.5555273 -0.01282733 0.1950386 0.9805341 -0.02264213 0.9807848 0.1950882 0.001297414 0.9807767 0.1950817 -0.004504799 -0.5555669 0.8314535 0.005527377 -0.8314619 0.5555697 0.003692388 -0.1950386 0.9805343 -0.02264177 -0.1950386 0.9805342 -0.02264189 -0.5554636 0.8313193 -0.01919656 0.9807843 -0.1950912 -0.00129646 0.9807749 -0.1950908 0.004504621 -0.8314653 0.5555644 0.003694653 -0.8313694 0.5552474 0.02292066 -0.9807712 0.1949955 0.008049249 -0.9807856 0.1950851 0.001297414 -0.5554721 0.8313136 -0.01919519 -0.831399 0.5555279 -0.01282715 0.8314597 -0.5555729 -0.003691136 0.831465 -0.5555651 -0.003694176 0.831396 -0.5555325 0.01282709 -0.9807853 0.1950861 0.001296818 -0.980785 -0.1950881 -0.001297175 0.5555604 -0.8314578 -0.005524814 -0.8314017 0.555524 -0.01282769 -0.9807764 0.1950828 -0.004504799 0.5555627 -0.8314563 -0.00552845 0.5554721 -0.8313136 0.01919573 -0.980771 -0.1949968 -0.008049309 -0.8313688 -0.5552483 -0.02292066 -0.9807859 -0.1950828 -0.001296579 -0.8314635 -0.5555673 -0.003691196 -0.8314625 -0.5555688 -0.003694176 -0.5555602 -0.831458 -0.005528509 -0.5555629 -0.8314563 -0.005524694 -0.1950893 -0.9807639 -0.006517231 -0.1950838 -0.980765 -0.006520032 0.1950905 -0.9807637 -0.006520032 -0.9807762 0.1950842 -0.004504561 -0.9807772 -0.1950795 0.004504561 0.1950842 -0.9807649 -0.006517231 0.1950371 -0.9805345 0.02263998 -0.9807757 -0.1950868 0.004504561 -0.8314053 -0.5555185 0.01282703 -0.195038 -0.9805344 0.0226413 -0.8313972 -0.5555305 0.01282769 -0.1950231 0.979964 0.04045361 -0.5554652 -0.8313183 0.01919662 -0.5554692 -0.8313157 0.01919424 -0.9807677 -0.1945941 0.01509284 -0.9807687 -0.1945891 0.01509296 -0.9807678 0.1945939 -0.01509279 -0.8313451 -0.5540925 0.04297643 -0.8313428 -0.5540959 0.04297608 -0.8313441 0.554094 -0.04297608 -0.1950461 -0.9805328 0.0226407 -0.5553786 -0.8291077 0.06430596 -0.5553783 -0.8291079 0.06430613 -0.1950045 -0.9778655 0.07584428 -0.555376 0.8291094 -0.06430584 -0.1950024 -0.977866 0.07584416 0.1950044 -0.9778655 0.07584416 0.5554651 -0.8313183 0.01919525 0.1950025 -0.9778659 0.07584393 0.1950481 -0.9805323 0.02264213 0.5553809 -0.829106 0.06430709 0.8314038 -0.5555207 0.01282763 0.5553797 -0.8291069 0.06430554 0.5554623 0.8313202 -0.01919561 0.555377 0.8291088 -0.06430637 0.5553834 0.8291044 -0.0643059 0.1949992 0.9778667 -0.07584363 0.1949976 0.9778669 -0.07584446 -0.1949956 0.9778673 -0.07584446 0.831346 -0.554091 0.04297596 0.83134 -0.5541001 0.04297637 0.9807684 -0.1945908 0.01509314 0.8314012 0.5555247 -0.01282757 0.8313448 0.554093 -0.04297578 0.9807672 -0.1945971 0.0150929 0.9807768 -0.1950814 0.004504621 0.9807747 0.1950916 -0.00450468 0.9807669 0.1945984 -0.01509308 -0.8313261 -0.5502235 0.07842826 -0.8313269 -0.5502227 0.07842779 -0.9807652 -0.1932381 0.02754342 -0.5553604 -0.8232884 0.1173509 -0.5553603 -0.8232885 0.1173508 -0.1949902 -0.9709907 0.1384046 -0.980768 0.1945935 -0.01509279 -0.9807658 0.1932352 -0.0275436 -0.1949883 -0.9709913 0.1384029 0.1949911 -0.9709906 0.1384046 -0.8313459 0.5540912 -0.04297602 -0.8313274 0.5502218 -0.07842785 0.1949902 -0.9709908 0.138404 -0.5553852 0.8291032 -0.06430637 -0.5553582 0.8232899 -0.1173507 0.5553641 -0.8232858 0.1173511 0.5553566 -0.823291 0.1173506 -0.1950007 0.9778663 -0.07584404 0.8313292 -0.5502188 0.07842803 0.8313283 -0.5502203 0.07842832 0.9807656 -0.1932362 0.02754378 0.9807651 -0.1932386 0.0275439 0.831343 0.5540956 -0.0429762 0.9807679 0.1945932 -0.0150929 0.9807651 0.1932389 -0.02754402 0.9807657 0.1932356 -0.0275439 0.8313284 0.5502203 -0.07842779 0.8313295 0.5502185 -0.07842803 0.5553633 0.8232863 -0.1173512 0.5553656 0.8232848 -0.117351 0.1949861 0.9709917 -0.1384035 0.1949843 0.9709917 -0.1384059 -0.1949817 0.9709926 -0.1384043 0.9807844 0.1921314 -0.03387689 0.9807868 0.1921191 -0.03387683 0.8314636 0.5471391 -0.09647393 0.8314718 0.5471267 -0.09647399 0.555573 0.8188363 -0.1443813 0.555572 0.8188362 -0.1443858 0.1950877 0.9658858 -0.1703102 0.980787 -0.1921181 0.03387647 0.8314698 -0.5471296 0.09647482 0.1950885 0.9658852 -0.1703122 -0.1950866 0.9658859 -0.1703107 -0.1949874 0.9709913 -0.1384046 -0.195088 0.9658858 -0.17031 -0.5553687 0.8232828 -0.1173511 -0.555573 0.8188357 -0.1443843 0.5555657 -0.818841 0.1443825 -0.5555734 0.8188355 -0.1443835 -0.8314677 0.5471329 -0.09647351 -0.8314685 0.5471314 -0.09647446 -0.8313308 0.5502166 -0.07842791 -0.9807864 0.1921212 -0.03387635 -0.9807659 0.1932346 -0.0275436 -0.5555682 -0.8188391 0.1443832 -0.555571 -0.8188371 0.1443835 -0.1950905 -0.9658843 0.1703146 -0.1950941 -0.965884 0.1703127 0.1950952 -0.9658837 0.1703135 0.1950904 -0.9658846 0.1703131 -0.9807857 0.1921246 -0.03387635 -0.9807869 -0.1921191 0.03387564 -0.980786 -0.1921234 0.03387612 -0.8314668 -0.547134 0.09647464 -0.9807664 -0.1932323 0.02754348 0.980785 0.191978 -0.03471744 0.9807857 0.191975 -0.03471446 0.8314641 0.5467123 -0.09886062 0.8314683 0.5467045 -0.09886699 0.9807847 -0.1921298 0.03387594 0.9807854 -0.1919761 0.03471702 0.5555619 0.8182043 -0.1479617 0.5555776 0.8181948 -0.1479553 0.1950858 0.9651326 -0.1745299 0.8314631 -0.5471397 0.0964747 0.8314655 -0.5467097 0.09886276 0.1950854 0.965133 -0.1745285 -0.1950836 0.9651335 -0.174527 -0.1950865 0.9651321 -0.1745317 0.5555722 -0.8188365 0.1443838 0.5555748 -0.8181948 0.1479668 -0.5555667 0.8182026 -0.1479537 -0.555575 0.8181951 -0.1479638 -0.8314638 0.5467119 -0.09886485 -0.8314652 0.5467101 -0.09886211 -0.9807848 0.1919796 -0.03471529 -0.9807859 0.1919738 -0.03471559 -0.5555708 0.8171735 -0.1535214 -0.5555725 0.8171725 -0.1535198 -0.8314623 0.5460293 -0.1025802 -0.8314673 0.5460221 -0.102578 -0.9807863 0.1917314 -0.0360198 -0.9807861 0.1917328 -0.0360189 -0.9807858 -0.1917337 0.03601962 -0.9807861 -0.1919726 0.03471606 -0.9807857 -0.1919746 0.03471684 -0.8314674 -0.5467062 0.09886622 -0.9807868 -0.1917288 0.0360192 -0.8314639 -0.5460267 0.1025798 -0.5555693 0.8165155 -0.1569889 -0.5555649 0.8165189 -0.1569857 -0.8314666 0.5455823 -0.1048973 -0.8314682 0.5455796 -0.1048983 -0.1950877 0.9639224 -0.1810923 -0.1950892 0.9639223 -0.1810915 -0.831466 -0.5471352 0.09647488 -0.831462 -0.5467149 0.09886288 -0.9807858 0.1915788 -0.03683453 -0.9807856 0.1915801 -0.03683435 0.5555717 0.8171737 -0.1535162 0.5555695 0.8171738 -0.1535245 0.1950879 0.9639223 -0.1810926 -0.8314674 -0.5460216 0.1025789 -0.5555709 -0.8171739 0.1535186 -0.5555726 -0.8181973 0.147961 0.1950887 0.963922 -0.1810931 -0.9807857 -0.1915795 0.03683388 -0.9807873 -0.1915716 0.03683388 -0.55557 -0.8181989 0.1479617 -0.1950926 -0.9651308 0.1745324 0.8314589 0.5460344 -0.10258 -0.555572 -0.8171732 0.1535184 -0.1950857 -0.9639238 0.1810871 0.5555711 0.8165149 -0.1569849 0.5555685 0.8165155 -0.1569913 0.195084 0.9631464 -0.1851795 0.1951012 0.9631434 -0.1851768 -0.1951012 0.9631434 -0.1851768 -0.8314667 -0.5455824 0.104896 -0.8314656 -0.5455839 0.1048972 -0.195088 -0.9651324 0.1745289 0.195091 -0.9651312 0.1745318 0.9807856 0.1917355 -0.03601968 -0.1950781 -0.9639259 0.181084 0.1950855 -0.9639243 0.1810846 0.8314698 0.546018 -0.1025784 0.8314663 0.5455823 -0.1048989 -0.5555718 -0.8165134 0.1569897 -0.5555722 -0.8165134 0.1569891 -0.1950806 -0.9631469 0.1851804 0.1950891 -0.9651317 0.1745311 0.5555678 -0.8182014 0.147956 0.5555741 -0.8171717 0.153519 0.5555689 -0.8171754 0.153518 0.8314667 -0.5460225 0.1025799 0.1950801 -0.9639248 0.1810882 0.5555717 -0.8165137 0.1569892 0.5555691 -0.8165154 0.1569889 0.8314701 -0.5455769 0.1048967 0.9807856 -0.1919755 0.03471642 0.8314674 -0.5460216 0.1025789 0.8314639 -0.5467113 0.09886634 0.9807852 -0.1917371 0.03601998 0.8314664 -0.5455823 0.1048975 0.9807857 -0.1917343 0.03601998 0.9807863 -0.1915762 0.036834 0.9807855 -0.1915807 0.03683483 0.9807847 0.1915847 -0.03683447 0.1950832 -0.9631459 0.1851828 0.1950836 -0.963146 0.1851817 0.5555725 -0.8166275 0.1563937 0.5555694 -0.8166298 0.156392 -0.5555714 -0.8166286 0.1563917 -0.1950849 -0.9631452 0.1851845 -0.5555667 -0.8166314 0.1563933 -0.1950938 -0.9632789 0.1844782 -0.1950818 -0.9632811 0.1844798 0.1950841 -0.9632805 0.1844805 0.980786 0.1917327 -0.03602004 0.8314725 -0.5456499 0.1044988 0.8314631 -0.545664 0.1044999 0.9807854 -0.1916083 0.03669524 0.9807847 -0.1916112 0.03669488 0.9807857 0.1916066 -0.03669518 -0.9807858 -0.191606 0.0366947 -0.8314708 -0.5456522 0.1044999 -0.9807866 -0.1916017 0.03669476 0.980786 0.1916045 -0.03669464 0.9807855 0.1915805 -0.03683525 0.8314648 0.5456613 -0.1044999 0.8314684 0.5455795 -0.1048967 0.8314692 0.5456548 -0.1044976 -0.9807861 0.1916043 -0.03669381 -0.831466 0.5456597 -0.1044989 0.1950935 -0.9632791 0.1844778 0.5555664 0.8166313 -0.156395 0.5555662 0.8166322 -0.1563912 0.1950935 0.9632797 -0.1844744 0.1950979 0.9632776 -0.1844806 -0.1950845 0.9631458 -0.1851815 -0.555567 0.8166311 -0.156394 -0.8314674 -0.5456574 0.1044991 -0.9807857 0.1916066 -0.03669518 -0.8314712 0.5456516 -0.1044988 -0.555571 0.8166283 -0.1563938 -0.1950969 0.963278 -0.1844795 -0.1950941 0.9632793 -0.1844758 0.02351117 -0.4726879 0.8809164 0.02345603 -0.4726867 0.8809183 0.02344918 -0.4726805 0.8809219 0.02346801 -0.4726912 0.8809157 0.02361714 -0.472683 0.8809161 0.02346569 -0.4726925 0.880915 0.0234338 -0.4727088 0.8809071 0.02345365 -0.4726885 0.8809174 0.02347183 -0.4726892 0.8809166 0.02351212 -0.4726975 0.8809111 0.02347713 -0.4727047 0.8809081 0.02346879 -0.4727283 0.8808957 0.02344262 -0.4726642 0.8809309 0.02351272 -0.472705 0.8809071 0.02344024 -0.4727475 0.8808861 1.74424e-5 -0.1855974 -0.982626 -4.90663e-6 -0.1855916 -0.982627 0 -0.185587 -0.9826279 5.23266e-5 -0.1855959 -0.9826262 -1.47199e-5 -0.1855946 -0.9826264 0 -0.1855872 -0.9826278 4.36062e-6 -0.1856221 -0.9826212 1.74422e-5 -0.1855934 -0.9826266 4.90661e-6 -0.1855909 -0.9826271 1.47199e-5 -0.1855944 -0.9826265 -1.74425e-5 -0.1856021 -0.982625 -5.23264e-5 -0.1856018 -0.9826251 -1.7442e-5 -0.1855977 -0.9826259 -4.36061e-6 -0.1856247 -0.9826207</float_array>
          <technique_common>
            <accessor source="#Mesh3_002-mesh-normals-array" count="865" stride="3">
              <param name="X" type="float"/>
              <param name="Y" type="float"/>
              <param name="Z" type="float"/>
            </accessor>
          </technique_common>
        </source>
        <vertices id="Mesh3_002-mesh-vertices">
          <input semantic="POSITION" source="#Mesh3_002-mesh-positions"/>
        </vertices>
        <triangles material="Material_1_003-material" count="865">
          <input semantic="VERTEX" source="#Mesh3_002-mesh-vertices" offset="0"/>
          <input semantic="NORMAL" source="#Mesh3_002-mesh-normals" offset="1"/>
          <p>0 0 1 0 2 0 2 1 4 1 0 1 7 2 4 2 2 2 7 3 2 3 11 3 15 4 7 4 11 4 19 5 15 5 11 5 19 6 11 6 24 6 30 7 19 7 24 7 36 8 30 8 24 8 24 9 43 9 36 9 51 10 36 10 43 10 60 11 51 11 43 11 1 12 0 12 3 12 3 13 6 13 1 13 10 14 1 14 6 14 10 15 14 15 1 15 14 16 10 16 18 16 18 17 23 17 14 17 29 18 23 18 18 18 0 19 5 19 3 19 5 20 8 20 3 20 12 21 3 21 8 21 29 22 18 22 35 22 42 23 29 23 35 23 50 24 42 24 35 24 60 25 43 25 70 25 80 26 60 26 70 26 90 27 80 27 70 27 8 28 16 28 12 28 16 29 20 29 12 29 20 30 25 30 12 30 35 31 59 31 50 31 69 32 50 32 59 32 79 33 69 33 59 33 90 34 70 34 101 34 113 35 90 35 101 35 20 36 31 36 25 36 31 37 37 37 25 37 37 38 44 38 25 38 126 39 113 39 101 39 79 40 59 40 89 40 100 41 79 41 89 41 112 42 100 42 89 42 101 43 140 43 126 43 154 44 126 44 140 44 37 45 52 45 44 45 52 46 61 46 44 46 71 47 44 47 61 47 169 48 154 48 140 48 89 49 125 49 112 49 139 50 112 50 125 50 153 51 139 51 125 51 169 52 140 52 185 52 202 53 169 53 185 53 222 54 202 54 185 54 222 55 185 55 186 55 203 56 222 56 186 56 170 57 203 57 186 57 186 58 141 58 170 58 155 59 170 59 141 59 127 60 155 60 141 60 127 61 141 61 102 61 114 62 127 62 102 62 61 63 81 63 71 63 81 64 91 64 71 64 91 65 102 65 71 65 3 66 9 66 6 66 153 67 125 67 168 67 184 68 153 68 168 68 201 69 184 69 168 69 201 70 168 70 221 70 239 71 201 71 221 71 258 72 239 72 221 72 221 73 240 73 258 73 259 74 258 74 240 74 223 75 259 75 240 75 223 76 240 76 187 76 204 77 223 77 187 77 171 78 204 78 187 78 171 79 187 79 142 79 156 80 171 80 142 80 128 81 156 81 142 81 142 82 103 82 128 82 115 83 128 83 103 83 92 84 115 84 103 84 92 85 103 85 72 85 82 86 92 86 72 86 62 87 82 87 72 87 62 88 72 88 45 88 53 89 62 89 45 89 38 90 53 90 45 90 26 91 38 91 45 91 32 92 38 92 26 92 21 93 32 93 26 93 21 94 26 94 13 94 17 95 21 95 13 95 9 96 17 96 13 96 9 97 13 97 6 97 18 98 10 98 22 98 28 99 18 99 22 99 22 100 34 100 28 100 34 101 41 101 28 101 41 102 49 102 28 102 49 103 41 103 58 103 58 104 41 104 68 104 78 105 68 105 41 105 41 106 88 106 78 106 41 107 99 107 88 107 41 108 111 108 99 108 111 109 41 109 124 109 124 110 41 110 138 110 41 111 152 111 138 111 41 112 167 112 152 112 167 113 183 113 152 113 183 114 167 114 200 114 200 115 167 115 220 115 238 116 220 116 167 116 167 117 257 117 238 117 167 118 276 118 257 118 167 119 294 119 276 119 294 120 167 120 313 120 313 121 167 121 332 121 167 122 352 122 332 122 371 123 352 123 167 123 371 124 392 124 352 124 392 125 371 125 411 125 411 126 371 126 429 126 442 127 429 127 371 127 371 128 454 128 442 128 371 129 467 129 454 129 371 130 477 130 467 130 477 131 371 131 491 131 491 132 371 132 500 132 371 133 513 133 500 133 371 134 522 134 513 134 522 135 535 135 513 135 535 136 522 136 541 136 541 137 522 137 546 137 548 138 546 138 522 138 522 139 552 139 548 139 522 140 554 140 552 140 522 141 556 141 554 141 556 142 522 142 558 142 558 143 522 143 560 143 522 144 562 144 560 144 564 145 562 145 522 145 564 146 566 146 562 146 27 147 22 147 10 147 566 148 564 148 568 148 568 149 564 149 570 149 572 150 570 150 564 150 564 151 574 151 572 151 564 152 576 152 574 152 564 153 578 153 576 153 578 154 564 154 580 154 580 155 564 155 582 155 564 156 584 156 582 156 586 157 584 157 564 157 586 158 588 158 584 158 588 159 586 159 590 159 590 160 586 160 592 160 594 161 592 161 586 161 586 162 596 162 594 162 586 163 598 163 596 163 586 164 600 164 598 164 600 165 586 165 602 165 602 166 586 166 604 166 586 167 606 167 604 167 586 168 608 168 606 168 608 169 610 169 606 169 22 170 40 170 34 170 48 171 34 171 40 171 48 172 56 172 34 172 56 173 48 173 65 173 65 174 75 174 56 174 85 175 75 175 65 175 85 176 65 176 95 176 106 177 85 177 95 177 118 178 106 178 95 178 95 179 131 179 118 179 145 180 118 180 131 180 159 181 145 181 131 181 22 182 27 182 33 182 22 183 47 183 40 183 33 184 27 184 39 184 33 185 39 185 46 185 33 186 46 186 54 186 33 187 54 187 63 187 33 188 63 188 73 188 73 189 83 189 33 189 93 190 33 190 83 190 104 191 33 191 93 191 116 192 33 192 104 192 33 193 116 193 129 193 33 194 129 194 143 194 47 195 55 195 40 195 40 196 57 196 48 196 67 197 48 197 57 197 67 198 77 198 48 198 77 199 67 199 87 199 87 200 98 200 77 200 110 201 98 201 87 201 110 202 87 202 123 202 137 203 110 203 123 203 151 204 137 204 123 204 123 205 166 205 151 205 182 206 151 206 166 206 199 207 182 207 166 207 199 208 166 208 219 208 237 209 199 209 219 209 256 210 237 210 219 210 219 211 275 211 256 211 293 212 256 212 275 212 312 213 293 213 275 213 312 214 275 214 331 214 351 215 312 215 331 215 370 216 351 216 331 216 370 217 331 217 391 217 410 218 370 218 391 218 610 219 608 219 612 219 428 220 410 220 391 220 612 221 608 221 614 221 616 222 614 222 608 222 608 223 618 223 616 223 608 224 620 224 618 224 608 225 622 225 620 225 622 226 608 226 624 226 624 227 608 227 626 227 608 228 628 228 626 228 608 229 627 229 628 229 627 230 631 230 628 230 391 231 413 231 428 231 431 232 428 232 413 232 143 233 129 233 157 233 172 234 143 234 157 234 188 235 143 235 172 235 143 236 188 236 205 236 143 237 205 237 224 237 143 238 224 238 241 238 241 239 260 239 143 239 277 240 143 240 260 240 295 241 143 241 277 241 143 242 295 242 314 242 333 243 143 243 314 243 333 244 314 244 353 244 333 245 353 245 372 245 333 246 372 246 393 246 333 247 393 247 412 247 333 248 412 248 430 248 333 249 430 249 443 249 443 250 455 250 333 250 468 251 333 251 455 251 478 252 333 252 468 252 333 253 478 253 492 253 501 254 333 254 492 254 47 255 64 255 55 255 501 256 492 256 514 256 501 257 514 257 523 257 501 258 523 258 536 258 501 259 536 259 542 259 501 260 542 260 547 260 501 261 547 261 549 261 549 262 553 262 501 262 555 263 501 263 553 263 557 264 501 264 555 264 501 265 557 265 559 265 561 266 501 266 559 266 561 267 559 267 563 267 561 268 563 268 565 268 561 269 565 269 567 269 561 270 567 270 569 270 561 271 569 271 571 271 561 272 571 272 573 272 573 273 575 273 561 273 577 274 561 274 575 274 579 275 561 275 577 275 561 276 579 276 581 276 583 277 561 277 581 277 91 278 114 278 102 278 631 279 627 279 633 279 633 280 627 280 635 280 637 281 635 281 627 281 627 282 636 282 637 282 627 283 634 283 636 283 627 284 632 284 634 284 632 285 627 285 630 285 630 286 627 286 629 286 627 287 625 287 629 287 605 288 625 288 627 288 605 289 623 289 625 289 623 290 605 290 621 290 621 291 605 291 619 291 617 292 619 292 605 292 605 293 615 293 617 293 605 294 613 294 615 294 605 295 611 295 613 295 605 296 609 296 611 296 605 297 607 297 609 297 605 298 603 298 607 298 605 299 583 299 603 299 583 300 581 300 585 300 583 301 601 301 603 301 583 302 585 302 587 302 583 303 587 303 589 303 583 304 589 304 591 304 583 305 591 305 593 305 583 306 593 306 595 306 595 307 597 307 583 307 599 308 583 308 597 308 395 309 431 309 413 309 395 310 413 310 356 310 375 311 395 311 356 311 336 312 375 312 356 312 336 313 356 313 298 313 317 314 336 314 298 314 280 315 317 315 298 315 298 316 244 316 280 316 263 317 280 317 244 317 227 318 263 318 244 318 227 319 244 319 191 319 208 320 227 320 191 320 175 321 208 321 191 321 175 322 191 322 146 322 160 323 175 323 146 323 132 324 160 324 146 324 601 325 583 325 599 325 107 326 132 326 146 326 119 327 132 327 107 327 96 328 119 328 107 328 96 329 107 329 76 329 86 330 96 330 76 330 64 331 74 331 55 331 66 332 86 332 76 332 74 333 84 333 55 333 74 334 94 334 84 334 94 335 105 335 84 335 84 336 105 336 117 336 105 337 130 337 117 337 130 338 144 338 117 338 144 339 158 339 117 339 144 340 173 340 158 340 173 341 189 341 158 341 189 342 206 342 158 342 189 343 225 343 206 343 225 344 242 344 206 344 261 345 206 345 242 345 242 346 278 346 261 346 278 347 296 347 261 347 296 348 315 348 261 348 296 349 334 349 315 349 334 350 354 350 315 350 354 351 373 351 315 351 354 352 394 352 373 352 394 353 374 353 373 353 335 354 373 354 374 354 374 355 355 355 335 355 355 356 316 356 335 356 316 357 279 357 335 357 316 358 297 358 279 358 297 359 262 359 279 359 262 360 226 360 279 360 159 361 131 361 174 361 190 362 159 362 174 362 207 363 190 363 174 363 174 364 226 364 207 364 243 365 207 365 226 365 262 366 243 366 226 366 40 367 66 367 57 367 66 368 76 368 57 368 87 369 67 369 97 369 97 370 109 370 87 370 122 371 109 371 97 371 109 372 122 372 136 372 136 373 150 373 109 373 164 374 150 374 136 374 164 375 136 375 163 375 196 376 164 376 163 376 216 377 196 377 163 377 163 378 215 378 216 378 252 379 216 379 215 379 253 380 252 380 215 380 253 381 215 381 234 381 272 382 253 382 234 382 290 383 272 383 234 383 234 384 271 384 290 384 308 385 290 385 271 385 326 386 308 386 271 386 326 387 271 387 327 387 366 388 326 388 327 388 387 389 366 389 327 389 387 390 327 390 407 390 424 391 387 391 407 391 414 392 424 392 407 392 407 393 358 393 414 393 396 394 414 394 358 394 357 395 396 395 358 395 357 396 358 396 299 396 337 397 357 397 299 397 318 398 337 398 299 398 318 399 299 399 264 399 300 400 318 400 264 400 283 401 300 401 264 401 264 402 245 402 283 402 281 403 283 403 245 403 246 404 281 404 245 404 246 405 245 405 192 405 229 406 246 406 192 406 211 407 229 407 192 407 211 408 192 408 177 408 209 409 211 409 177 409 176 410 209 410 177 410 134 411 176 411 177 411 161 412 176 412 134 412 147 413 161 413 134 413 134 414 108 414 147 414 133 415 147 415 108 415 120 416 133 416 108 416 67 417 120 417 108 417 271 418 234 418 251 418 271 419 251 419 289 419 309 420 271 420 289 420 309 421 289 421 307 421 347 422 309 422 307 422 365 423 309 423 347 423 347 424 376 424 365 424 338 425 365 425 376 425 289 426 251 426 270 426 341 427 338 427 376 427 319 428 338 428 341 428 319 429 299 429 338 429 251 430 234 430 195 430 251 431 195 431 233 431 341 432 302 432 319 432 282 433 319 433 302 433 265 434 282 434 302 434 228 435 282 435 265 435 264 436 282 436 228 436 327 437 271 437 309 437 309 438 348 438 327 438 367 439 348 439 309 439 367 440 338 440 348 440 358 441 348 441 338 441 265 442 231 442 228 442 210 443 228 443 231 443 210 444 192 444 228 444 358 445 338 445 299 445 282 446 299 446 319 446 149 447 136 447 122 447 122 448 135 448 149 448 149 449 135 449 165 449 165 450 181 450 149 450 179 451 149 451 181 451 214 452 179 452 181 452 195 453 179 453 214 453 163 454 179 454 195 454 163 455 149 455 179 455 193 456 210 456 231 456 162 457 210 457 193 457 193 458 178 458 162 458 148 459 162 459 178 459 148 460 134 460 162 460 215 461 163 461 195 461 215 462 195 462 234 462 264 463 228 463 245 463 264 464 299 464 282 464 121 465 108 465 134 465 194 466 148 466 178 466 180 467 148 467 194 467 194 468 197 468 180 468 197 469 165 469 180 469 136 470 149 470 163 470 192 471 162 471 177 471 192 472 210 472 162 472 192 473 245 473 228 473 122 474 97 474 135 474 97 475 121 475 135 475 97 476 67 476 108 476 97 477 108 477 121 477 134 478 177 478 162 478 148 479 121 479 134 479 347 480 307 480 346 480 386 481 347 481 346 481 398 482 347 482 386 482 386 483 378 483 398 483 341 484 398 484 378 484 339 485 341 485 378 485 270 486 251 486 233 486 270 487 307 487 289 487 307 488 270 488 306 488 270 489 233 489 269 489 302 490 341 490 339 490 339 491 301 491 302 491 265 492 302 492 301 492 266 493 265 493 301 493 214 494 233 494 195 494 233 495 214 495 250 495 214 496 181 496 218 496 231 497 265 497 266 497 266 498 230 498 231 498 181 499 165 499 198 499 193 500 231 500 230 500 212 501 193 501 230 501 165 502 135 502 180 502 178 503 193 503 212 503 212 504 213 504 178 504 194 505 178 505 213 505 232 506 194 506 213 506 217 507 194 507 232 507 232 508 235 508 217 508 235 509 198 509 217 509 386 510 346 510 385 510 415 511 386 511 385 511 397 512 386 512 415 512 415 513 377 513 397 513 339 514 397 514 377 514 340 515 339 515 377 515 306 516 346 516 307 516 346 517 306 517 345 517 301 518 339 518 340 518 340 519 303 519 301 519 306 520 270 520 269 520 306 521 269 521 305 521 266 522 301 522 303 522 267 523 266 523 303 523 250 524 269 524 233 524 269 525 250 525 288 525 230 526 266 526 267 526 267 527 247 527 230 527 250 528 214 528 218 528 250 529 218 529 255 529 212 530 230 530 247 530 248 531 212 531 247 531 198 532 218 532 181 532 218 533 198 533 236 533 213 534 212 534 248 534 248 535 249 535 213 535 198 536 165 536 217 536 232 537 213 537 249 537 268 538 232 538 249 538 254 539 232 539 268 539 268 540 249 540 287 540 268 541 273 541 254 541 287 542 304 542 268 542 291 543 268 543 304 543 249 544 248 544 286 544 304 545 310 545 291 545 310 546 274 546 291 546 274 547 236 547 291 547 248 548 247 548 285 548 236 549 255 549 218 549 236 550 198 550 254 550 255 551 236 551 274 551 247 552 267 552 284 552 287 553 324 553 304 553 304 554 324 554 328 554 287 555 249 555 286 555 323 556 287 556 286 556 310 557 304 557 328 557 285 558 286 558 248 558 286 559 285 559 322 559 255 560 274 560 292 560 288 561 255 561 292 561 274 562 310 562 328 562 330 563 274 563 328 563 330 564 311 564 274 564 284 565 285 565 247 565 284 566 321 566 285 566 288 567 292 567 325 567 288 568 250 568 255 568 288 569 305 569 269 569 305 570 288 570 325 570 311 571 292 571 274 571 329 572 292 572 311 572 284 573 267 573 303 573 320 574 284 574 303 574 342 575 284 575 320 575 325 576 344 576 305 576 345 577 305 577 344 577 340 578 343 578 303 578 292 579 329 579 325 579 329 580 364 580 325 580 343 581 320 581 303 581 320 582 343 582 359 582 345 583 306 583 305 583 345 584 385 584 346 584 344 585 384 585 345 585 385 586 345 586 384 586 385 587 384 587 423 587 415 588 385 588 423 588 415 589 423 589 417 589 399 590 415 590 417 590 417 591 379 591 399 591 379 592 340 592 399 592 344 593 325 593 364 593 364 594 383 594 344 594 379 595 343 595 340 595 379 596 381 596 343 596 383 597 384 597 344 597 422 598 384 598 383 598 416 599 379 599 417 599 384 600 422 600 423 600 273 601 236 601 254 601 422 602 444 602 423 602 417 603 423 603 444 603 383 604 364 604 406 604 421 605 383 605 406 605 364 606 329 606 368 606 422 607 383 607 421 607 421 608 449 608 422 608 329 609 311 609 349 609 444 610 416 610 417 610 444 611 422 611 449 611 446 612 444 612 449 612 433 613 444 613 446 613 311 614 330 614 350 614 446 615 419 615 433 615 381 616 433 616 419 616 381 617 359 617 343 617 400 618 381 618 419 618 381 619 379 619 416 619 359 620 381 620 400 620 359 621 342 621 320 621 400 622 380 622 359 622 324 623 287 623 323 623 324 624 323 624 363 624 382 625 324 625 363 625 369 626 324 626 382 626 382 627 390 627 369 627 390 628 350 628 369 628 342 629 359 629 380 629 360 630 342 630 380 630 321 631 342 631 360 631 323 632 286 632 322 632 323 633 322 633 362 633 360 634 361 634 321 634 321 635 284 635 342 635 321 636 322 636 285 636 322 637 321 637 361 637 449 638 421 638 450 638 450 639 472 639 449 639 421 640 406 640 439 640 446 641 449 641 472 641 456 642 446 642 472 642 445 643 446 643 456 643 368 644 406 644 364 644 406 645 368 645 409 645 456 646 432 646 445 646 400 647 445 647 432 647 368 648 329 648 349 648 368 649 349 649 389 649 418 650 400 650 432 650 350 651 349 651 311 651 349 652 350 652 388 652 380 653 400 653 418 653 418 654 401 654 380 654 350 655 330 655 369 655 360 656 380 656 401 656 402 657 360 657 401 657 361 658 360 658 402 658 402 659 403 659 361 659 362 660 363 660 323 660 362 661 322 661 361 661 362 662 361 662 403 662 404 663 362 663 403 663 363 664 362 664 404 664 404 665 405 665 363 665 382 666 363 666 405 666 420 667 382 667 405 667 408 668 382 668 420 668 420 669 425 669 408 669 425 670 388 670 408 670 404 671 403 671 436 671 404 672 436 672 437 672 404 673 437 673 405 673 405 674 437 674 438 674 420 675 405 675 438 675 448 676 420 676 438 676 448 677 440 677 420 677 402 678 435 678 403 678 402 679 401 679 434 679 440 680 425 680 420 680 388 681 425 681 440 681 388 682 350 682 408 682 388 683 440 683 426 683 388 684 389 684 349 684 388 685 426 685 389 685 418 686 434 686 401 686 441 687 389 687 426 687 427 688 389 688 441 688 409 689 389 689 427 689 409 690 368 690 389 690 409 691 427 691 439 691 409 692 439 692 406 692 456 693 472 693 487 693 456 694 487 694 479 694 479 695 457 695 456 695 469 696 457 696 479 696 457 697 469 697 447 697 418 698 457 698 447 698 427 699 453 699 439 699 453 700 464 700 439 700 450 701 439 701 464 701 450 702 464 702 472 702 450 703 421 703 439 703 437 704 436 704 461 704 462 705 437 705 461 705 438 706 437 706 462 706 462 707 463 707 438 707 435 708 436 708 403 708 436 709 435 709 460 709 448 710 438 710 463 710 471 711 448 711 463 711 465 712 448 712 471 712 434 713 435 713 402 713 435 714 434 714 459 714 471 715 473 715 465 715 473 716 451 716 465 716 451 717 426 717 465 717 418 718 447 718 434 718 434 719 447 719 458 719 441 720 426 720 451 720 451 721 452 721 441 721 427 722 441 722 452 722 466 723 427 723 452 723 453 724 427 724 466 724 466 725 476 725 453 725 452 726 451 726 474 726 474 727 475 727 452 727 466 728 452 728 475 728 489 729 466 729 475 729 476 730 466 730 489 730 489 731 499 731 476 731 490 732 476 732 499 732 490 733 464 733 476 733 464 734 453 734 476 734 487 735 464 735 490 735 512 736 490 736 499 736 509 737 490 737 512 737 475 738 474 738 497 738 497 739 498 739 475 739 489 740 475 740 498 740 511 741 489 741 498 741 474 742 451 742 488 742 496 743 474 743 488 743 487 744 472 744 464 744 490 745 509 745 487 745 499 746 489 746 511 746 511 747 521 747 499 747 471 748 463 748 486 748 495 749 471 749 486 749 488 750 471 750 495 750 512 751 524 751 509 751 493 752 509 752 524 752 493 753 479 753 509 753 495 754 496 754 488 754 512 755 499 755 521 755 534 756 512 756 521 756 479 757 487 757 509 757 480 758 479 758 493 758 463 759 462 759 485 759 515 760 493 760 524 760 502 761 493 761 515 761 495 762 486 762 508 762 517 763 495 763 508 763 510 764 495 764 517 764 517 765 518 765 510 765 518 766 497 766 510 766 524 767 512 767 534 767 534 768 543 768 524 768 493 769 470 769 480 769 447 770 480 770 470 770 462 771 461 771 484 771 515 772 494 772 502 772 458 773 502 773 494 773 485 774 486 774 463 774 486 775 485 775 507 775 515 776 524 776 543 776 537 777 515 777 543 777 525 778 515 778 537 778 458 779 447 779 470 779 458 780 459 780 434 780 459 781 458 781 481 781 481 782 482 782 459 782 460 783 459 783 482 783 481 784 458 784 494 784 482 785 481 785 503 785 503 786 504 786 482 786 483 787 482 787 504 787 460 788 461 788 436 788 483 789 460 789 482 789 460 790 435 790 459 790 483 791 484 791 461 791 505 792 483 792 504 792 461 793 460 793 483 793 484 794 483 794 505 794 505 795 506 795 484 795 485 796 484 796 506 796 503 797 481 797 516 797 481 798 525 798 516 798 503 799 526 799 504 799 526 800 527 800 504 800 537 801 543 801 550 801 537 802 516 802 525 802 550 803 551 803 537 803 537 804 551 804 538 804 544 805 537 805 538 805 503 806 544 806 538 806 485 807 462 807 484 807 505 808 504 808 527 808 527 809 528 809 505 809 505 810 528 810 506 810 528 811 529 811 506 811 507 812 506 812 529 812 534 813 521 813 540 813 534 814 545 814 543 814 540 815 545 815 534 815 529 816 530 816 507 816 507 817 485 817 506 817 507 818 530 818 508 818 507 819 508 819 486 819 530 820 531 820 508 820 511 821 533 821 521 821 511 822 498 822 520 822 538 823 526 823 503 823 517 824 508 824 531 824 531 825 539 825 517 825 539 826 532 826 517 826 518 827 517 827 532 827 497 828 474 828 510 828 497 829 519 829 498 829 545 830 550 830 543 830 533 831 540 831 521 831 520 832 533 832 511 832 519 833 520 833 498 833 532 834 497 834 518 834 532 835 519 835 497 835 638 836 639 836 640 836 638 837 640 837 641 837 642 838 638 838 641 838 643 839 638 839 642 839 642 840 641 840 644 840 638 841 643 841 645 841 642 842 646 842 643 842 643 843 647 843 645 843 645 844 648 844 638 844 642 845 649 845 646 845 643 846 646 846 650 846 647 847 643 847 651 847 652 848 645 848 647 848 645 849 653 849 648 849 654 850 638 850 648 850 655 851 656 851 657 851 657 852 658 852 655 852 659 853 658 853 657 853 655 854 658 854 660 854 659 855 661 855 658 855 657 856 662 856 659 856 661 857 659 857 663 857 661 858 664 858 658 858 662 859 657 859 665 859 662 860 666 860 659 860 665 861 657 861 667 861 665 862 668 862 662 862 666 863 662 863 669 863 666 864 670 864 659 864</p>
        </triangles>
      </mesh>
    </geometry>
    <geometry id="Mesh2_003-mesh" name="Mesh2.003">
      <mesh>
        <source id="Mesh2_003-mesh-positions">
          <float_array id="Mesh2_003-mesh-positions-array" count="1452">354.2698 -356.9265 1778.903 352.7474 -349.2728 1779.671 354.2698 -349.1229 1779.671 351.2835 -349.7169 1779.671 354.2698 -341.6192 1781.947 351.2835 -341.9133 1781.947 349.9344 -350.438 1779.671 357.2561 -341.9133 1781.947 348.412 -342.7844 1781.947 348.7518 -351.4085 1779.671 349.9344 -335.1307 1785.644 358.6053 -335.1307 1785.644 355.7922 -349.2728 1779.671 345.7655 -336.3953 1785.644 345.7655 -344.1989 1781.947 347.7814 -352.5911 1779.671 354.2698 -334.7037 1785.644 362.7741 -336.3953 1785.644 354.2698 -356.9265 1778.903 360.1277 -342.7844 1781.947 343.4459 -346.1026 1781.947 347.0602 -353.9402 1779.671 348.7518 -329.1857 1790.618 354.2698 -328.6422 1790.618 359.7878 -329.1857 1790.618 365.0938 -330.7953 1790.618 357.2561 -349.7169 1779.671 341.9235 -338.4489 1785.644 341.5422 -348.4222 1781.947 346.6161 -355.4041 1779.671 343.4459 -330.7953 1790.618 366.6161 -338.4489 1785.644 362.7741 -344.1989 1781.947 358.6053 -350.438 1779.671 338.5559 -341.2126 1785.644 340.1277 -351.0686 1781.947 346.4662 -356.9265 1779.671 335.7922 -344.5802 1785.644 341.5422 -326.1994 1796.68 347.7814 -324.3068 1796.68 354.2698 -323.6677 1796.68 366.9974 -326.1994 1796.68 369.9837 -333.409 1790.618 359.7878 -351.4085 1779.671 338.5559 -333.409 1790.618 334.2698 -336.9265 1790.618 333.7386 -348.4222 1785.644 346.6161 -358.4489 1779.671 339.2566 -353.9402 1781.947 335.7922 -329.2728 1796.68 360.7583 -324.3068 1796.68 372.7474 -329.2728 1796.68 374.2698 -336.9265 1790.618 365.0938 -346.1026 1781.947 360.7583 -352.5911 1779.671 347.0602 -359.9128 1779.671 338.9625 -356.9265 1781.947 328.1385 -346.1026 1790.618 333.7386 -326.1994 1803.595 340.1277 -322.7844 1803.595 354.2698 -319.9713 1803.595 361.4794 -320.6814 1803.595 374.801 -326.1994 1803.595 368.412 -322.7844 1803.595 369.9837 -341.2126 1785.644 377.7873 -333.409 1796.68 366.9974 -348.4222 1781.947 361.4794 -353.9402 1779.671 330.7523 -333.409 1796.68 330.7523 -341.2126 1790.618 332.474 -352.5911 1785.644 339.2566 -359.9128 1781.947 347.7814 -361.262 1779.671 326.529 -351.4085 1790.618 347.0602 -320.6814 1803.595 380.4011 -330.7953 1803.595 372.7474 -344.5802 1785.644 377.7873 -341.2126 1790.618 361.9235 -355.4041 1779.671 340.1277 -362.7844 1781.947 348.7518 -362.4445 1779.671 341.5422 -365.4308 1781.947 332.474 -361.262 1785.644 332.047 -356.9265 1785.644 326.6161 -338.4489 1796.68 321.6501 -350.438 1796.68 339.2566 -320.6814 1811.099 328.1385 -330.7953 1803.595 346.6161 -318.4489 1811.099 354.2698 -317.6951 1811.099 369.283 -320.6814 1811.099 376.0656 -324.3068 1811.099 381.9235 -338.4489 1796.68 384.9969 -336.3953 1803.595 374.801 -348.4222 1785.644 368.412 -351.0686 1781.947 369.283 -353.9402 1781.947 362.0734 -356.9265 1779.671 349.9344 -363.415 1779.671 323.5427 -344.1989 1796.68 325.9856 -356.9265 1790.618 332.474 -324.3068 1811.099 361.9235 -318.4489 1811.099 382.0106 -329.1857 1811.099 380.4011 -346.1026 1790.618 386.8896 -335.1307 1811.099 369.5771 -356.9265 1781.947 361.9235 -358.4489 1779.671 333.7386 -365.4308 1785.644 343.4459 -367.7504 1781.947 351.2835 -364.1361 1779.671 326.529 -362.4445 1790.618 320.1277 -342.7844 1803.595 321.011 -356.9265 1796.68 318.0247 -349.7169 1803.595 332.047 -323.6677 1818.903 338.9625 -319.9713 1818.903 326.529 -329.1857 1811.099 323.5427 -336.3953 1803.595 346.4662 -317.6951 1818.903 362.0734 -317.6951 1818.903 369.5771 -319.9713 1818.903 376.4926 -323.6677 1818.903 382.5541 -328.6422 1818.903 388.412 -342.7844 1803.595 384.9969 -344.1989 1796.68 390.5149 -341.9133 1811.099 376.0656 -352.5911 1785.644 382.0106 -351.4085 1790.618 369.283 -359.9128 1781.947 361.4794 -359.9128 1779.671 335.7922 -369.2728 1785.644 345.7655 -369.6541 1781.947 352.7474 -364.5802 1779.671 321.6501 -363.415 1796.68 325.9856 -328.6422 1818.903 354.2698 -316.9265 1818.903 387.5286 -334.7037 1818.903 391.225 -341.6192 1818.903 376.4926 -356.9265 1785.644 368.412 -362.7844 1781.947 360.7583 -361.262 1779.671 376.0656 -361.262 1785.644 328.1385 -367.7504 1790.618 341.9235 -375.4041 1785.644 348.412 -371.0686 1781.947 354.2698 -364.7301 1779.671 338.5559 -372.6404 1785.644 321.6501 -335.1307 1811.099 315.7922 -349.2728 1811.099 317.3146 -356.9265 1803.595 339.2566 -320.6814 1826.706 332.474 -324.3068 1826.706 346.6161 -318.4489 1826.706 321.011 -334.7037 1818.903 354.2698 -317.6951 1826.706 361.9235 -318.4489 1826.706 369.283 -320.6814 1826.706 376.0656 -324.3068 1826.706 382.0106 -329.1857 1826.706 390.5149 -349.7169 1803.595 386.8896 -350.438 1796.68 393.5012 -349.1229 1818.903 374.801 -365.4308 1785.644 366.9974 -365.4308 1781.947 359.7878 -362.4445 1779.671 323.5427 -369.6541 1796.68 330.7523 -372.6404 1790.618 345.7655 -377.4577 1785.644 351.2835 -371.9397 1781.947 334.2698 -376.9265 1790.618 318.0247 -341.9133 1811.099 318.0247 -364.1361 1803.595 326.529 -329.1857 1826.706 386.8896 -335.1307 1826.706 392.7474 -349.2728 1811.099 382.5541 -356.9265 1790.618 390.5149 -341.9133 1826.706 382.0106 -362.4445 1790.618 365.0938 -367.7504 1781.947 358.6053 -363.415 1779.671 326.6161 -375.4041 1796.68 343.4459 -383.0578 1790.618 354.2698 -372.2339 1781.947 317.3146 -341.6192 1818.903 315.0384 -356.9265 1811.099 315.0384 -349.1229 1818.903 315.7922 -364.5802 1811.099 333.7386 -326.1994 1834.21 340.1277 -322.7844 1834.21 354.2698 -319.9713 1834.21 321.6501 -335.1307 1826.706 361.4794 -320.6814 1834.21 368.412 -322.7844 1834.21 380.4011 -330.7953 1834.21 384.9969 -336.3953 1834.21 391.225 -356.9265 1803.595 387.5286 -356.9265 1796.68 392.7474 -349.2728 1826.706 393.5012 -356.9265 1811.099 372.7474 -369.2728 1785.644 362.7741 -369.6541 1781.947 357.2561 -364.1361 1779.671 380.4011 -367.7504 1790.618 320.1277 -371.0686 1803.595 330.7523 -380.444 1796.68 338.5559 -380.444 1790.618 349.9344 -378.7223 1785.644 355.7922 -364.5802 1779.671 318.0247 -371.9397 1811.099 347.0602 -320.6814 1834.21 328.1385 -330.7953 1834.21 323.5427 -336.3953 1834.21 374.801 -326.1994 1834.21 388.412 -342.7844 1834.21 386.8896 -363.415 1796.68 390.5149 -349.7169 1834.21 394.2698 -356.9265 1818.903 369.9837 -372.6404 1785.644 366.6161 -375.4041 1785.644 360.1277 -371.0686 1781.947 323.5427 -377.4577 1803.595 335.7922 -384.5802 1796.68 348.7518 -384.6673 1790.618 354.2698 -379.1493 1785.644 357.2561 -371.9397 1781.947 315.7922 -349.2728 1826.706 315.0384 -364.7301 1818.903 314.2698 -356.9265 1818.903 335.7922 -329.2728 1841.126 347.7814 -324.3068 1841.126 354.2698 -323.6677 1841.126 318.0247 -341.9133 1826.706 320.1277 -342.7844 1834.21 360.7583 -324.3068 1841.126 366.9974 -326.1994 1841.126 372.7474 -329.2728 1841.126 377.7873 -333.409 1841.126 381.9235 -338.4489 1841.126 384.9969 -344.1989 1841.126 392.7474 -364.5802 1811.099 390.5149 -364.1361 1803.595 391.225 -356.9265 1834.21 393.5012 -356.9265 1826.706 393.5012 -364.7301 1818.903 377.7873 -372.6404 1790.618 374.2698 -376.9265 1790.618 362.7741 -377.4577 1785.644 384.9969 -369.6541 1796.68 328.1385 -383.0578 1803.595 341.5422 -387.6536 1796.68 358.6053 -378.7223 1785.644 317.3146 -372.2339 1818.903 341.5422 -326.1994 1841.126 326.6161 -338.4489 1841.126 330.7523 -333.409 1841.126 386.8896 -350.438 1841.126 392.7474 -364.5802 1826.706 381.9235 -375.4041 1796.68 365.0938 -383.0578 1790.618 321.6501 -378.7223 1811.099 333.7386 -387.6536 1803.595 354.2698 -385.2108 1790.618 347.7814 -389.5462 1796.68 315.0384 -356.9265 1826.706 318.0247 -349.7169 1834.21 315.7922 -364.5802 1826.706 318.0247 -371.9397 1826.706 338.5559 -333.409 1847.187 343.4459 -330.7953 1847.187 354.2698 -328.6422 1847.187 334.2698 -336.9265 1847.187 359.7878 -329.1857 1847.187 323.5427 -344.1989 1841.126 365.0938 -330.7953 1847.187 369.9837 -333.409 1847.187 374.2698 -336.9265 1847.187 380.4011 -346.1026 1847.187 390.5149 -371.9397 1811.099 388.412 -371.0686 1803.595 390.5149 -364.1361 1834.21 387.5286 -356.9265 1841.126 391.225 -372.2339 1818.903 377.7873 -380.444 1796.68 369.9837 -380.444 1790.618 359.7878 -384.6673 1790.618 326.529 -384.6673 1811.099 340.1277 -391.0686 1803.595 354.2698 -390.1853 1796.68 321.011 -379.1493 1818.903 321.6501 -378.7223 1826.706 348.7518 -329.1857 1847.187 330.7523 -341.2126 1847.187 321.6501 -350.438 1841.126 328.1385 -346.1026 1847.187 377.7873 -341.2126 1847.187 382.0106 -351.4085 1847.187 386.8896 -363.415 1841.126 390.5149 -371.9397 1826.706 380.4011 -383.0578 1803.595 366.9974 -387.6536 1796.68 372.7474 -384.5802 1796.68 384.9969 -377.4577 1803.595 332.474 -389.5462 1811.099 360.7583 -389.5462 1796.68 347.0602 -393.1716 1803.595 317.3146 -356.9265 1834.21 318.0247 -364.1361 1834.21 320.1277 -371.0686 1834.21 341.9235 -338.4489 1852.161 349.9344 -335.1307 1852.161 354.2698 -334.7037 1852.161 358.6053 -335.1307 1852.161 335.7922 -344.5802 1852.161 326.529 -351.4085 1847.187 366.6161 -338.4489 1852.161 369.9837 -341.2126 1852.161 372.7474 -344.5802 1852.161 374.801 -348.4222 1852.161 386.8896 -378.7223 1811.099 388.412 -371.0686 1834.21 382.0106 -362.4445 1847.187 382.5541 -356.9265 1847.187 386.8896 -378.7223 1826.706 374.801 -387.6536 1803.595 325.9856 -385.2108 1818.903 339.2566 -393.1716 1811.099 354.2698 -393.8817 1803.595 326.529 -384.6673 1826.706 323.5427 -377.4577 1834.21 338.5559 -341.2126 1852.161 345.7655 -336.3953 1852.161 321.011 -356.9265 1841.126 332.474 -352.5911 1852.161 362.7741 -336.3953 1852.161 376.0656 -352.5911 1852.161 387.5286 -379.1493 1818.903 384.9969 -369.6541 1841.126 382.0106 -384.6673 1811.099 376.0656 -389.5462 1811.099 368.412 -391.0686 1803.595 332.047 -390.1853 1818.903 361.4794 -393.1716 1803.595 354.2698 -396.1579 1811.099 346.6161 -395.4041 1811.099 321.6501 -363.415 1841.126 323.5427 -369.6541 1841.126 345.7655 -344.1989 1855.858 351.2835 -341.9133 1855.858 348.412 -342.7844 1855.858 357.2561 -341.9133 1855.858 333.7386 -348.4222 1852.161 341.5422 -348.4222 1855.858 325.9856 -356.9265 1847.187 362.7741 -344.1989 1855.858 360.1277 -342.7844 1855.858 366.9974 -348.4222 1855.858 368.412 -351.0686 1855.858 381.9235 -375.4041 1841.126 376.0656 -361.262 1852.161 380.4011 -367.7504 1847.187 376.4926 -356.9265 1852.161 384.9969 -377.4577 1834.21 382.0106 -384.6673 1826.706 369.283 -393.1716 1811.099 332.474 -389.5462 1826.706 338.9625 -393.8817 1818.903 328.1385 -383.0578 1834.21 326.6161 -375.4041 1841.126 343.4459 -346.1026 1855.858 354.2698 -341.6192 1855.858 340.1277 -351.0686 1855.858 326.529 -362.4445 1847.187 332.047 -356.9265 1852.161 339.2566 -353.9402 1855.858 365.0938 -346.1026 1855.858 369.283 -353.9402 1855.858 382.5541 -385.2108 1818.903 369.5771 -356.9265 1855.858 376.4926 -390.1853 1818.903 361.9235 -395.4041 1811.099 339.2566 -393.1716 1826.706 346.4662 -396.1579 1818.903 328.1385 -367.7504 1847.187 349.9344 -350.438 1858.134 352.7474 -349.2728 1858.134 355.7922 -349.2728 1858.134 347.7814 -352.5911 1858.134 332.474 -361.262 1852.161 358.6053 -350.438 1858.134 360.7583 -352.5911 1858.134 361.9235 -355.4041 1858.134 377.7873 -372.6404 1847.187 380.4011 -383.0578 1834.21 369.283 -359.9128 1855.858 374.801 -365.4308 1852.161 376.0656 -389.5462 1826.706 369.5771 -393.8817 1818.903 333.7386 -387.6536 1834.21 340.1277 -391.0686 1834.21 346.6161 -395.4041 1826.706 362.0734 -396.1579 1818.903 354.2698 -396.9265 1818.903 330.7523 -380.444 1841.126 330.7523 -372.6404 1847.187 348.7518 -351.4085 1858.134 351.2835 -349.7169 1858.134 354.2698 -349.1229 1858.134 346.6161 -355.4041 1858.134 347.0602 -353.9402 1858.134 333.7386 -365.4308 1852.161 338.9625 -356.9265 1855.858 357.2561 -349.7169 1858.134 359.7878 -351.4085 1858.134 361.4794 -353.9402 1858.134 362.0734 -356.9265 1858.134 377.7873 -380.444 1841.126 372.7474 -369.2728 1852.161 361.9235 -358.4489 1858.134 374.801 -387.6536 1834.21 369.283 -393.1716 1826.706 347.0602 -393.1716 1834.21 334.2698 -376.9265 1847.187 354.2698 -356.9265 1858.903 354.2698 -356.9265 1858.903 340.1277 -362.7844 1855.858 339.2566 -359.9128 1855.858 374.2698 -376.9265 1847.187 372.7474 -384.5802 1841.126 368.412 -362.7844 1855.858 361.9235 -395.4041 1826.706 335.7922 -384.5802 1841.126 341.5422 -387.6536 1841.126 354.2698 -393.8817 1834.21 354.2698 -396.1579 1826.706 338.5559 -380.444 1847.187 335.7922 -369.2728 1852.161 346.4662 -356.9265 1858.134 341.5422 -365.4308 1855.858 369.9837 -372.6404 1852.161 366.9974 -365.4308 1855.858 361.4794 -359.9128 1858.134 368.412 -391.0686 1834.21 347.7814 -389.5462 1841.126 338.5559 -372.6404 1852.161 346.6161 -358.4489 1858.134 347.7814 -361.262 1858.134 369.9837 -380.444 1847.187 366.6161 -375.4041 1852.161 360.7583 -361.262 1858.134 366.9974 -387.6536 1841.126 361.4794 -393.1716 1834.21 343.4459 -383.0578 1847.187 348.7518 -384.6673 1847.187 354.2698 -390.1853 1841.126 341.9235 -375.4041 1852.161 347.0602 -359.9128 1858.134 343.4459 -367.7504 1855.858 365.0938 -367.7504 1855.858 362.7741 -369.6541 1855.858 360.7583 -389.5462 1841.126 345.7655 -369.6541 1855.858 348.7518 -362.4445 1858.134 359.7878 -362.4445 1858.134 365.0938 -383.0578 1847.187 362.7741 -377.4577 1852.161 345.7655 -377.4577 1852.161 349.9344 -378.7223 1852.161 354.2698 -385.2108 1847.187 348.412 -371.0686 1855.858 349.9344 -363.415 1858.134 358.6053 -363.415 1858.134 360.1277 -371.0686 1855.858 359.7878 -384.6673 1847.187 357.2561 -364.1361 1858.134 358.6053 -378.7223 1852.161 351.2835 -371.9397 1855.858 354.2698 -379.1493 1852.161 351.2835 -364.1361 1858.134 355.7922 -364.5802 1858.134 357.2561 -371.9397 1855.858 352.7474 -364.5802 1858.134 354.2698 -364.7301 1858.134 354.2698 -372.2339 1855.858</float_array>
          <technique_common>
            <accessor source="#Mesh2_003-mesh-positions-array" count="484" stride="3">
              <param name="X" type="float"/>
              <param name="Y" type="float"/>
              <param name="Z" type="float"/>
            </accessor>
          </technique_common>
        </source>
        <source id="Mesh2_003-mesh-normals">
          <float_array id="Mesh2_003-mesh-normals-array" count="2880">-0.009575903 0.09799361 -0.995141 -0.0286197 0.2901836 -0.956543 0.02859693 0.29018 -0.9565448 0.02862 0.2901865 -0.9565421 0.08463311 0.2790361 -0.9565439 0.08471339 0.2790187 -0.9565419 0.1374021 0.2571549 -0.9565522 0.1373715 0.257173 -0.9565517 0.1849971 0.2254001 -0.9565411 0.1850507 0.2253952 -0.9565319 0.2254005 0.1849747 -0.9565453 0.2254287 0.1849749 -0.9565387 0.2571792 0.1374518 -0.9565385 0.2571596 0.1374588 -0.9565427 0.2790085 0.08463943 -0.9565514 0.2790012 0.08465296 -0.9565523 0.2902168 0.02857041 -0.9565344 0.2902057 0.02857899 -0.9565375 0.2901849 -0.02857661 -0.9565439 0.2901886 -0.02856707 -0.956543 0.2790099 -0.08463984 -0.956551 0.2790766 -0.08465105 -0.9565305 0.2571181 -0.1374589 -0.9565539 0.2572424 -0.1374419 -0.956523 0.2254003 -0.1849797 -0.9565445 0.225369 -0.1849829 -0.9565511 0.1849971 -0.2254001 -0.9565411 0.1849645 -0.2253898 -0.9565499 0.1374229 -0.2571651 -0.9565464 0.137534 -0.2571507 -0.9565343 0.08462244 -0.2790301 -0.9565466 0.08455163 -0.2790347 -0.9565516 0.02868032 -0.2901856 -0.9565405 0.02845609 -0.2901728 -0.9565511 0.009575903 -0.09799361 -0.995141 0.02862972 -0.09422254 -0.9951394 -0.02859646 -0.2901805 -0.9565446 -0.02862 -0.2901865 -0.9565421 -0.009575903 -0.09799361 -0.995141 -0.02862942 -0.09422665 -0.9951391 -0.04646521 -0.08684116 -0.9951381 -0.0623297 -0.07611769 -0.9951488 -0.0762003 -0.06246238 -0.9951342 -0.08686447 -0.04642277 -0.9951379 -0.09427809 -0.02858507 -0.9951355 -0.09799659 -0.00964725 -0.99514 -0.09799849 0.009647488 -0.9951398 -0.09427642 0.02858453 -0.9951357 -0.08679032 0.04642689 -0.9951443 -0.07619684 0.06245952 -0.9951346 -0.06233096 0.07611924 -0.9951486 -0.04644435 0.08684033 -0.9951391 0.0464009 -0.08684581 -0.9951406 -0.08463644 -0.2790313 -0.956545 0.06233227 -0.07611066 -0.9951493 -0.08454912 -0.2790265 -0.9565541 -0.1374791 -0.2571637 -0.9565387 0.0761972 -0.06246489 -0.9951343 -0.1373837 -0.257155 -0.9565548 -0.1850029 -0.2254019 -0.9565396 0.08686447 -0.04641765 -0.9951382 0.09799659 0.00964725 -0.99514 0.09427809 0.02858507 -0.9951355 0.08679032 0.04642176 -0.9951444 0.4708387 -0.04636728 -0.8810001 0.4528127 -0.1373575 -0.8809618 0.07619214 0.06246078 -0.9951349 0.09427839 -0.02858513 -0.9951355 0.009575903 0.09799361 -0.995141 0.09799963 -0.009647607 -0.9951398 0.4173002 -0.2230641 -0.880967 0.4173026 -0.2230558 -0.880968 0.4708798 0.04636722 -0.8809781 0.4708889 0.04637867 -0.8809726 0.06233358 0.07611221 -0.995149 0.0464614 0.0868442 -0.9951379 0.3001088 -0.3657836 -0.8809865 0.3657699 -0.3001667 -0.8809724 0.3657988 -0.3001671 -0.8809603 0.4528043 0.1373472 -0.8809677 0.2230433 -0.4173002 -0.8809723 0.2230743 -0.4172887 -0.88097 0.4172581 0.223064 -0.8809871 0.02863061 0.0942254 -0.9951391 -0.1849569 -0.2253907 -0.9565511 -0.2254396 -0.1849831 -0.9565345 0.1373868 -0.4527871 -0.8809702 0.1373366 -0.4528005 -0.8809713 0.3657406 0.3001768 -0.8809812 0.3001791 0.3657678 -0.8809691 0.300201 0.3657677 -0.8809617 -0.2253007 -0.1849837 -0.9565672 -0.137382 0.257162 -0.9565532 -0.02862942 0.09422665 -0.9951391 -0.08471274 0.2790267 -0.9565396 -0.08462607 0.2790316 -0.9565458 -0.1849601 0.2254048 -0.9565472 0.04640763 -0.4708772 -0.8809773 0.04637116 -0.4709002 -0.880967 -0.04637181 -0.470892 -0.8809713 0.2229652 0.4173099 -0.8809875 -0.2790124 -0.0846461 -0.9565496 -0.2902186 -0.02857577 -0.9565337 -0.2253651 0.1849694 -0.9565547 0.6088175 -0.1846823 -0.7715139 0.4527904 -0.1373389 -0.8809761 0.6088119 -0.1846855 -0.7715176 0.4709004 -0.04637694 -0.8809665 -0.2901999 0.0285784 -0.9565393 -0.2790035 0.08464312 -0.9565525 -0.2571653 0.1374648 -0.9565404 -0.278937 0.08464807 -0.9565715 0.5610797 -0.2999282 -0.7715132 0.5611024 -0.299912 -0.7715032 0.4918077 -0.4036132 -0.771506 0.6331492 0.06235873 -0.7715139 0.6331552 0.06236267 -0.7715086 0.6331531 -0.06236243 -0.7715103 -0.0464071 -0.4708821 -0.8809748 -0.1373329 -0.4528026 -0.8809708 0.4918079 -0.4036114 -0.7715069 0.4035875 -0.4918122 -0.7715166 0.300201 -0.3657677 -0.8809617 0.4036191 -0.4918023 -0.7715064 0.2999097 -0.5610917 -0.7715117 0.1846935 -0.6088262 -0.7715045 0.4913585 -0.5986926 -0.6325616 0.491346 -0.5987041 -0.6325603 0.6830552 -0.365101 -0.6325637 0.5986908 -0.491355 -0.6325659 0.5987125 -0.4913389 -0.632558 0.2999045 -0.5610901 -0.771515 0.3651127 -0.6830561 -0.632556 0.3651091 -0.6830604 -0.6325534 0.2248175 -0.7411664 -0.632558 0.06235778 -0.6331575 -0.7715072 0.7411701 -0.2248152 -0.6325544 0.7411599 -0.2248427 -0.6325567 0.1847094 -0.6088202 -0.7715053 0.2248411 -0.7411642 -0.6325522 0.6331402 -0.06235641 -0.7715213 0.06232768 -0.6331534 -0.7715129 -0.0623514 -0.6331556 -0.7715091 0.6824443 -0.5600889 -0.469649 0.5600744 -0.6824616 -0.4696414 0.5600632 -0.6824671 -0.4696466 0.6830587 -0.3650986 -0.6325613 0.7786168 -0.4161655 -0.4696406 0.778608 -0.4161852 -0.4696378 0.4161656 -0.7786158 -0.469642 0.4161724 -0.7786151 -0.4696374 0.7707762 -0.07592988 -0.6325653 0.07588624 -0.7707905 -0.6325532 0.07591247 -0.7707801 -0.6325625 0.8448526 -0.2562839 -0.4696196 0.2562783 -0.8448464 -0.469634 0.2562843 -0.8448415 -0.4696394 0.08653032 -0.8786069 -0.4696409 0.7707784 0.07592952 -0.6325625 0.7707854 0.07590341 -0.6325573 -0.06233966 -0.6331592 -0.7715072 -0.184711 -0.60882 -0.7715051 -0.07592976 -0.7707862 -0.6325531 -0.07590442 -0.7707862 -0.6325562 -0.2248304 -0.7411701 -0.6325491 0.6088258 0.1846675 -0.7715109 -0.1373791 -0.4527857 -0.8809722 0.6824873 -0.5600602 -0.4696209 0.7400283 -0.6073203 -0.2889989 0.6073054 -0.7400401 -0.2889998 0.6073344 -0.7400209 -0.2889882 0.4512817 -0.8442922 -0.2889907 0.4528074 0.1373487 -0.8809659 -0.2230342 -0.4172935 -0.8809778 -0.22306 -0.417296 -0.8809702 0.7707967 -0.07590079 -0.6325436 0.08652895 -0.8786088 -0.4696373 -0.08653056 -0.8786091 -0.4696367 0.8442893 -0.4512845 -0.2889949 0.4512704 -0.8442919 -0.2890091 0.2779044 -0.9161045 -0.2890011 0.4691676 -0.8777034 -0.09756308 0.469141 -0.8777195 -0.09754639 0.4691317 -0.8777245 0.09754574 0.2889037 -0.9523755 0.09754812 0.2888913 -0.9523795 0.09754657 0.288895 -0.9523787 -0.09754276 0.6313639 -0.7693251 -0.0975638 0.6313592 -0.769329 0.09756284 0.2778943 -0.9161106 -0.2889915 0.0975508 -0.9904394 -0.09753865 0.2889075 -0.9523745 -0.09754675 0.09383654 -0.9527185 -0.289002 0.0975508 -0.9904394 0.09753865 0.09754687 -0.9904389 0.09754687 0.631372 -0.7693207 -0.09754461 0.7693096 -0.6313837 -0.09755748 0.7693307 -0.6313588 0.09755259 0.4691676 -0.8777034 0.09756308 0.451281 -0.8442888 0.2890017 0.4512945 -0.844279 0.2890092 0.631372 -0.7693207 0.09754461 0.09754687 -0.9904389 -0.09754687 0.09382575 -0.9527212 -0.2889971 -0.0975461 -0.9904391 -0.0975461 -0.09755074 -0.990439 -0.0975424 -0.09383654 -0.9527185 -0.289002 0.7400091 -0.6073405 -0.2890053 0.2778906 -0.9161067 0.289008 0.2779006 -0.9161055 0.2890018 0.09382456 -0.9527183 0.2890066 0.7693181 -0.6313751 0.0975458 0.7400233 -0.6073212 0.2890097 0.7400326 -0.6073136 0.2890017 0.6073085 -0.7400369 0.2890012 -0.09754592 -0.9904391 0.09754592 0.7693347 -0.6313554 -0.09754329 0.8777129 -0.4691539 -0.09754347 0.4161735 -0.778628 0.4696149 0.4161835 -0.7786159 0.4696262 0.2562945 -0.844853 0.4696134 0.6073127 -0.7400327 0.2890033 0.560086 -0.6824682 0.469618 0.09383875 -0.9527164 0.2890087 0.8777129 -0.4691539 0.09754347 0.8777174 -0.4691427 0.09755653 0.8442998 -0.4512636 0.2889967 0.2562749 -0.8448538 0.4696223 0.08654367 -0.8786119 0.469629 0.6824774 -0.5600779 0.4696141 0.6824604 -0.5600932 0.4696205 -0.2889007 -0.9523766 -0.09754705 -0.2889001 -0.9523767 -0.09754699 -0.09382951 -0.9527239 -0.2889867 -0.277899 -0.9161053 -0.289004 -0.2779068 -0.9161062 -0.288994 -0.256288 -0.8448367 -0.4696463 0.844303 -0.4512626 -0.2889888 0.916104 -0.2779153 -0.2889922 0.9523835 -0.2888793 -0.0975427 0.9523718 -0.2889127 -0.09755831 0.9904389 -0.09754592 -0.09754794 0.9904374 -0.097557 -0.09755307 0.9904383 -0.09754914 0.09755116 0.9904375 0.097557 -0.09755104 0.9904386 0.0975477 0.09754872 0.990438 0.0975539 0.09754985 0.9523745 -0.2889044 0.09755581 0.990438 -0.0975539 0.09754985 0.9527181 -0.09383809 0.2890028 0.9527227 -0.09382724 -0.2889913 0.9527211 0.09383028 0.2889956 0.9527211 0.09383028 -0.2889956 0.9523788 -0.2888932 0.09754818 0.8777174 -0.4691427 -0.09755653 0.9904391 0.09754484 -0.09754687 0.9523835 0.2888793 -0.0975427 0.9523723 0.2889122 -0.0975542 0.9523722 0.2889128 0.0975539 0.9161027 -0.277903 0.2890084 0.9527219 0.09383666 -0.2889907 0.9523803 0.2888882 0.0975477 0.916104 0.2779009 0.2890063 0.952718 -0.09383398 0.2890048 0.8448379 -0.2562738 -0.4696517 0.8786231 -0.08654409 0.469608 0.9161154 -0.2778825 0.288988 0.8448539 -0.2562755 0.4696219 0.9527154 0.09384298 0.2890103 0.9527192 -0.09383934 -0.288999 0.8786211 0.08654475 0.4696115 0.8786029 -0.08654886 -0.4696448 0.8786222 0.08652371 0.4696135 0.9161154 -0.2778806 -0.28899 0.8448436 -0.2562974 0.4696285 0.7786226 -0.4161768 0.4696211 0.8786071 0.08654111 -0.4696385 0.916112 0.277888 0.2889937 0.8448522 0.2562823 -0.4696215 0.8448533 0.2562688 0.4696268 0.8448379 0.2562738 -0.4696517 0.9161096 0.2779005 -0.2889889 0.8777241 0.4691311 -0.09755259 0.8777115 0.4691563 -0.09754449 0.8777075 0.4691637 0.09754604 0.8777249 0.4691294 0.09755373 0.8442865 0.451291 -0.2889929 0.9161068 0.2779007 -0.2889976 0.8786216 -0.08652365 0.4696145 0.8786094 -0.08652043 -0.469638 0.7707778 -0.07591223 0.6325654 0.7707704 0.07591384 0.6325742 0.8786134 0.08652663 -0.4696293 0.7707824 0.07591921 0.6325591 0.778616 -0.4161882 0.4696218 0.8442761 -0.4512969 0.2890139 0.7786244 0.4161593 -0.4696336 0.8442968 0.4512685 0.2889978 0.8442772 0.4512975 0.2890099 0.7411552 -0.2248383 0.6325637 0.7411553 -0.2248278 0.6325673 0.6331554 0.06235706 0.7715089 0.6331406 0.06235927 0.7715209 0.6331424 -0.06235665 0.7715196 0.6331499 -0.06235647 0.7715134 0.7707788 -0.07591891 0.6325633 0.6830587 -0.3650986 0.6325613 0.6088461 -0.1846766 0.7714927 0.6087893 -0.1846753 0.7715378 0.5610993 -0.2999234 0.7715008 0.5610889 -0.2999055 0.7715155 0.4709217 -0.04637622 0.8809553 0.4709113 0.04637801 0.8809608 0.4528014 -0.1373584 0.8809676 0.4527884 -0.1373383 0.8809773 0.6088078 0.1846707 0.7715244 0.4528303 0.1373469 0.8809545 0.4527711 0.1373498 0.8809843 0.7411679 0.2248306 0.6325514 0.7411732 0.2248229 0.6325481 0.4917917 -0.403613 0.7715163 0.5986879 -0.4913501 0.6325725 0.5987052 -0.4913483 0.6325574 0.6830587 0.3650986 0.6325613 0.6830528 0.3650997 0.6325671 0.5610768 0.2999163 0.77152 0.4173349 -0.2230506 0.8809542 0.4172533 -0.2230718 0.8809874 0.3657763 -0.3001721 0.8809679 0.608821 0.184677 0.7715123 0.561079 0.2999135 0.7715195 0.417313 0.2230615 0.8809616 0.470875 -0.04636675 0.8809807 0.2901817 -0.02857625 0.9565449 0.4708798 0.04636722 0.8809781 0.2901817 0.02857106 0.9565451 0.6830552 -0.365101 0.6325637 0.8448494 0.2562991 0.4696173 0.2790306 -0.0846346 0.9565453 0.2790015 -0.08464282 0.9565532 0.2571178 -0.1374408 0.9565566 0.2790498 0.08463412 0.9565398 0.3657733 -0.3001695 0.88097 0.3001871 -0.3657671 0.8809666 0.3002002 -0.3657739 0.8809593 0.4036129 -0.4918011 0.7715106 0.2571405 -0.1374493 0.9565493 0.4917907 0.4036121 0.7715175 0.4918054 0.4035949 0.7715172 0.4172925 0.2230601 0.8809717 0.2571651 0.1374514 0.9565424 0.2570897 0.1374477 0.9565632 0.4918325 -0.4035937 0.7715005 0.4036112 -0.4917896 0.7715186 0.4913611 -0.5986958 0.6325565 0.5987032 0.4913466 0.6325608 0.2254008 -0.1849697 0.9565463 0.2253651 -0.1849694 0.9565547 0.1849632 -0.2253779 0.9565529 0.3657965 0.3001652 0.8809618 0.3657389 0.3001754 0.8809823 0.598697 0.4913575 0.6325581 0.4913483 0.5987077 0.632555 0.4035888 0.4918091 0.7715179 0.4036144 0.4917957 0.7715132 0.3002002 0.3657739 0.8809593 0.2999373 0.56109 0.7715023 0.2998956 0.5610857 0.7715216 0.2230736 0.4172946 0.8809673 0.4913575 0.5986949 0.6325601 0.1846974 0.6088176 0.7715102 0.137336 0.4527984 0.8809726 0.3650932 0.6830617 0.6325613 0.3651047 0.6830522 0.6325649 0.2248175 0.7411664 0.632558 0.300183 0.3657621 0.8809701 0.1849977 0.2253853 0.9565445 0.1849722 0.2253889 0.9565486 0.2254239 0.1849507 0.9565445 0.6824517 0.5601018 0.4696229 0.5600837 0.6824654 0.4696246 0.2229661 0.4173012 0.8809913 0.5601047 0.6824532 0.4696174 0.4161864 0.77862 0.4696165 0.2790439 0.0846433 0.9565407 0.1373051 0.4527923 0.8809804 0.08470612 0.2790206 0.9565419 0.08455204 0.2790158 0.9565569 0.1373739 0.257147 0.9565584 0.1846667 0.6088169 0.7715181 0.06239467 0.6331432 0.7715159 0.06230711 0.6331492 0.7715179 0.2248222 0.7411651 0.6325578 0.07590293 0.7707808 0.632563 0.04639226 0.4708883 0.8809723 0.0463404 0.4708922 0.8809728 0.4161849 0.7786186 0.4696206 0.7786384 0.4161655 0.4696047 0.2562901 0.8448556 0.469611 -0.06235158 0.6331461 0.771517 -0.06238639 0.6331462 0.7715141 -0.04637181 0.470885 0.8809751 0.2901651 -0.0285688 0.9565501 -0.04632413 0.4708964 0.8809714 -0.02859681 0.2901684 0.9565483 -0.02861988 0.2901649 0.9565487 0.02855348 0.2901654 0.9565505 0.06249642 0.07612663 0.9951377 0.6824784 0.5600787 0.4696115 0.740036 0.6073094 0.2890018 0.6073164 0.7400291 0.289005 0.2253645 0.1849742 0.9565539 0.04646134 0.08685946 0.9951366 0.07607012 0.06247156 0.9951435 0.1374834 0.2571458 0.9565429 0.08679032 0.04642176 0.9951444 0.02846682 0.09424012 0.9951425 0.7786066 0.4161965 0.46963 0.6073249 0.7400235 0.2890012 0.2562692 0.8448545 0.4696244 0.08654338 0.878616 0.4696214 0.277892 0.9161054 0.2890104 0.2779052 0.9161014 0.2890104 0.4512925 0.8442826 0.2890016 0.2889001 0.9523767 0.09754699 0.288895 0.9523785 0.09754484 0.09755474 0.9904382 0.09754681 0.09754663 0.9904382 0.09755474 0.09382712 0.9527218 0.2889942 0.451276 0.8442875 0.2890136 0.4691653 0.8777067 0.09754472 0.08654505 0.8786162 0.4696208 0.09383291 0.9527154 0.2890138 -0.09382379 0.9527214 0.2889965 -0.09383213 0.9527161 0.2890119 0.07593345 0.7707842 0.632555 -0.08653485 0.8786167 0.4696218 -0.0865451 0.8786169 0.4696195 -0.09754997 0.9904379 0.09755396 0.288884 0.9523817 -0.09754675 0.09754669 0.9904388 -0.09754836 0.4691438 0.8777173 0.09755337 0.4691407 0.8777189 -0.09755432 -0.2779043 0.9161005 0.2890143 -0.07590442 0.7707862 0.6325562 -0.2562779 0.8448548 0.469619 -0.2562959 0.8448483 0.469621 -0.2247988 0.7411702 0.6325601 -0.2248659 0.7411553 0.6325537 0.09755074 0.9904379 -0.09755474 0.6313619 0.7693275 0.09755718 0.6313594 0.7693293 -0.09755891 -0.09754669 0.990439 0.09754669 -0.2888935 0.9523788 0.09754729 -0.2889037 0.9523755 0.09754782 0.6313716 0.7693201 0.09755259 -0.07592976 0.7707862 0.6325531 0.2889001 0.9523767 -0.09754699 0.2779065 0.9161033 -0.2890033 0.4691748 0.8777017 -0.09754413 0.4512796 0.8442883 -0.2890055 -0.09754997 0.9904379 -0.09755396 -0.09754669 0.990439 -0.09754669 0.7693306 0.6313587 0.09755307 0.7693225 0.6313683 -0.0975551 -0.2779073 0.9161001 0.2890126 -0.4512885 0.844285 0.2890011 -0.4161649 0.7786293 0.4696204 -0.4161834 0.7786253 0.4696105 -0.3651189 0.6830525 0.6325563 0.09383273 0.9527212 -0.2889947 0.09383004 0.9527207 -0.2889969 -0.09382927 0.9527215 -0.2889946 0.6313716 0.7693201 -0.09755259 0.6073054 0.7400401 -0.2889998 0.6073337 0.7400199 -0.2889921 -0.4691434 0.8777166 0.097561 -0.469165 0.8777067 0.09754633 0.7400192 0.6073244 0.2890133 0.7693214 0.6313712 0.09754568 -0.4913607 0.5986953 0.6325573 -0.3651089 0.6830489 0.6325662 -0.4035983 0.4918069 0.7715144 -0.4913591 0.5987015 0.6325526 -0.5987091 0.4913458 0.6325558 -0.4917929 0.4036083 0.7715182 -0.4918039 0.4036009 0.7715149 -0.5600804 0.68247 0.4696219 -0.5601011 0.6824583 0.4696143 -0.682459 0.5600887 0.469628 -0.2999542 0.5610852 0.7714992 -0.2998948 0.5610987 0.7715125 -0.1846945 0.6088154 0.7715127 -0.5986948 0.4913509 0.6325653 -0.68305 0.3651095 0.6325644 -0.4036166 0.4917984 0.7715103 -0.3002018 0.3657615 0.8809639 -0.3657965 0.3001652 0.8809618 -0.3657643 0.3001829 0.8809692 -0.2230191 0.4173 0.8809786 -0.2230352 0.4172954 0.8809766 -0.561087 0.2999157 0.7715129 -0.5610637 0.2999135 0.7715306 -0.4173342 0.2230574 0.8809527 -0.6824696 0.5600856 0.4696162 -0.7786151 0.4161884 0.469623 -0.7786459 0.4161593 0.4695977 -0.6830575 0.3651027 0.6325603 -0.7411741 0.2248176 0.6325489 -0.6088178 0.1846817 0.7715139 -0.1846698 0.6088102 0.7715227 -0.137332 0.4527997 0.8809724 -0.6088085 0.1846638 0.7715255 -0.4528017 0.1373469 0.8809691 -0.6073071 0.7400351 0.2890092 -0.3001869 0.3657565 0.8809711 -0.1850017 0.2253848 0.9565439 -0.2253609 0.1849765 0.9565544 -0.2253655 0.1849596 0.9565565 -0.844855 0.2562855 0.4696146 -0.1374797 0.2571491 0.9565426 -0.1373828 0.2571429 0.9565582 -0.08463221 0.2790206 0.9565485 -0.4172677 0.2230482 0.8809865 -0.7400249 0.6073229 0.2890021 -0.7400291 0.6073178 0.2890018 -0.1373114 0.4528027 0.880974 -0.08470922 0.2790152 0.9565432 -0.6331609 0.0623576 0.7715044 -0.6331397 0.06235921 0.7715216 -0.4527788 0.1373562 0.8809794 -0.2790249 0.08463811 0.9565467 -0.2790124 0.0846461 0.9565496 -0.2571193 0.1374519 0.9565546 -0.7411755 0.2248281 0.6325436 -0.770767 0.07591491 0.6325784 -0.4709113 0.04637801 0.8809608 -0.4708806 0.04636734 0.8809777 -0.8442885 0.4512778 0.2890074 -0.8442875 0.4512814 0.2890047 -0.9161031 0.2778978 0.2890121 -0.916104 0.2779009 0.2890063 -0.9527201 0.09383016 0.2889993 -0.9527165 0.09383386 0.2890098 -0.8786185 0.08653503 0.4696184 -0.8786207 0.08654266 0.4696127 -0.9527194 -0.0938301 0.2890011 -0.952717 -0.09383368 0.2890082 -0.8786174 -0.08653533 0.4696202 -0.9523777 0.2888961 0.09754866 -0.9523715 0.2889165 0.09754967 -0.9904392 0.09754133 0.09754925 -0.9904388 0.09754586 0.0975489 -0.7707768 0.07591307 0.6325665 -0.8786207 -0.08654266 0.4696127 -0.7707744 -0.07591331 0.6325696 -0.8448463 0.2562891 0.4696282 -0.9161027 -0.277903 0.2890084 -0.9161107 -0.2778857 0.2889996 -0.8448461 -0.2562977 0.4696238 -0.8448502 -0.2562817 0.4696252 -0.9904388 -0.09754592 0.09754991 -0.9904394 -0.09753984 0.09754979 -0.9523753 0.288904 -0.09754914 -0.9523789 0.2888941 -0.09754425 -0.9904398 0.09753787 -0.097548 -0.9904383 0.09754914 -0.09755116 -0.7707772 -0.07591307 0.6325661 -0.6331499 -0.06235647 0.7715134 -0.8442835 -0.4512857 0.2890095 -0.844289 -0.451278 0.2890054 -0.7411604 -0.2248352 0.6325586 -0.7411525 -0.2248247 0.6325717 -0.6088273 -0.1846721 0.7715086 -0.778628 -0.4161729 0.4696153 -0.7786278 -0.4161796 0.4696099 -0.8777186 0.4691422 0.09754902 -0.8777016 0.4691728 0.09755373 -0.877709 0.4691597 -0.09755098 -0.9904382 -0.09754914 -0.09755313 -0.9904399 -0.0975368 -0.09754693 -0.952379 -0.2888941 -0.09754222 -0.9523745 -0.2889049 -0.09755444 -0.952377 -0.2888978 0.09755104 -0.952376 -0.2889031 0.09754526 -0.6830524 -0.3651052 0.6325644 -0.6830524 -0.3651108 0.632561 -0.9161038 0.277899 -0.2890084 -0.9161081 0.2779009 -0.2889932 -0.9527223 0.09383624 -0.2889896 -0.9527194 0.0938301 -0.2890011 -0.4708994 -0.04637688 0.8809671 -0.6331507 -0.06235748 0.7715127 -0.8777112 -0.4691545 -0.09755665 -0.8777078 -0.4691623 -0.09755003 -0.8777109 -0.4691565 0.09754884 -0.6088166 -0.1846821 0.7715147 -0.4528067 -0.1373485 0.8809663 -0.4527705 -0.13736 0.8809831 -0.7400255 -0.6073215 0.2890036 -0.7400341 -0.6073163 0.2889925 -0.7693286 -0.6313609 0.09755474 -0.7693234 -0.6313686 0.09754574 -0.63138 -0.7693142 0.0975458 -0.7693024 -0.6313938 -0.0975486 -0.63138 -0.7693142 -0.0975458 -0.6313635 -0.7693264 -0.09755557 -0.6313658 -0.7693244 0.09755682 -0.4691612 -0.8777071 0.09756106 -0.4512729 -0.8442898 0.2890116 -0.4512881 -0.844283 0.2890074 -0.6073032 -0.740039 0.2890073 -0.4691706 -0.8777021 -0.09756052 -0.7693422 -0.6313454 -0.0975483 -0.5600697 -0.682478 0.469623 -0.6073178 -0.7400308 0.2889976 -0.6824575 -0.5600875 0.4696317 -0.7400272 -0.6073258 -0.2889899 -0.4161809 -0.7786268 0.4696103 -0.6824774 -0.5600779 0.4696141 -0.6073032 -0.7400454 -0.2889906 -0.6073337 -0.7400199 -0.2889921 -0.451282 -0.8442899 -0.2889969 -0.4691317 -0.8777244 0.09754723 -0.8777108 -0.4691553 0.09755575 -0.2889001 -0.9523767 0.09754699 -0.2778998 -0.9161021 0.2890132 -0.469141 -0.8777195 -0.09754639 -0.2888972 -0.952378 0.09754347 -0.2778977 -0.9161072 0.2889992 -0.2562953 -0.8448469 0.4696238 -0.5601024 -0.6824598 0.4696106 -0.4913445 -0.5987071 0.6325585 -0.4913585 -0.5986926 0.6325616 -0.8442986 -0.4512678 -0.288994 -0.4512765 -0.8442906 -0.2890036 -0.9161042 -0.2779048 -0.2890019 -0.9161106 -0.2778904 -0.2889955 -0.7400215 -0.6073318 -0.2889919 -0.6824772 -0.5600575 -0.4696387 -0.5600751 -0.6824582 -0.4696453 -0.5986901 -0.4913567 0.6325653 -0.4161818 -0.7786222 0.4696171 -0.3651091 -0.6830604 0.6325534 -0.5600778 -0.6824657 -0.4696313 -0.8442838 -0.4512896 -0.2890027 -0.4161635 -0.7786213 -0.4696348 -0.7786083 -0.4161773 -0.469644 -0.09754693 -0.9904398 0.097539 -0.2562665 -0.8448553 0.4696243 -0.2248213 -0.7411717 0.6325504 -0.8448376 -0.2562909 -0.4696429 -0.4161663 -0.778621 -0.4696328 -0.2562858 -0.8448396 -0.4696421 -0.09382396 -0.9527204 0.2889998 -0.598706 -0.491332 0.6325694 -0.4036042 -0.4918004 0.7715155 -0.4918094 -0.4036054 0.7715091 -0.6824474 -0.5600914 -0.4696415 -0.5987139 -0.4913352 -0.6325595 -0.5986925 -0.4913507 -0.6325677 -0.6830537 -0.3651114 -0.6325594 -0.5611067 -0.2999139 -0.7714992 -0.6830586 -0.3651033 -0.6325588 -0.7411765 -0.224815 -0.632547 -0.608797 -0.1846822 -0.7715302 -0.7786237 -0.4161692 -0.4696257 -0.8448469 -0.256277 -0.4696339 -0.4918066 -0.403618 -0.7715044 -0.4918079 -0.4036114 -0.7715069 -0.4036017 -0.4918121 -0.7715093 -0.4036202 -0.4917981 -0.7715086 -0.7411604 -0.2248352 -0.6325586 -0.7707806 -0.07590216 -0.6325633 -0.6331609 -0.0623576 -0.7715044 -0.633145 -0.06236267 -0.771517 -0.5611048 -0.299912 -0.7715012 -0.4173052 -0.2230572 -0.8809664 -0.6088166 -0.1846821 -0.7715147 -0.4528067 -0.1373485 -0.8809663 -0.3657957 -0.3001717 -0.88096 -0.4708994 -0.04637688 -0.8809671 -0.4913585 -0.5986926 -0.6325616 -0.8786064 -0.08653074 -0.4696419 -0.8786039 -0.08653903 -0.4696446 -0.2999065 -0.561097 -0.7715091 -0.3651073 -0.6830572 -0.6325579 -0.7707927 -0.0759195 -0.6325463 -0.7707796 0.07592195 -0.6325621 -0.7707806 0.07590216 -0.6325633 -0.300198 -0.3657569 -0.8809671 -0.6331585 0.06235736 -0.7715064 -0.6331574 0.06236529 -0.7715066 -0.4173021 -0.2230444 -0.8809713 -0.2571808 -0.1374513 -0.9565382 -0.2571208 -0.1374552 -0.9565537 -0.4527871 -0.1373587 -0.8809748 -0.4913445 -0.5987071 -0.6325585 -0.3651251 -0.6830546 -0.6325504 -0.8786038 0.08653175 -0.4696463 -0.3001166 -0.3657723 -0.8809885 -0.3657688 -0.3001762 -0.8809696 -0.6088258 0.1846675 -0.7715109 -0.4528046 0.1373478 -0.8809675 -0.4708712 0.04636639 -0.8809828 -0.4708956 0.04637932 -0.880969 -0.4708549 -0.04636687 -0.8809913 -0.2902026 -0.02856844 -0.9565387 -0.184678 -0.6088227 -0.7715108 -0.2999033 -0.5610949 -0.7715118 -0.7411543 0.2248314 -0.6325672 -0.2248205 -0.7411652 -0.6325582 -0.9527204 -0.09383815 -0.2889955 -0.8786127 0.0865361 -0.4696289 -0.8448491 0.2562733 -0.469632 -0.6088461 0.1846766 -0.7714927 -0.4528108 0.1373533 -0.8809634 -0.5610821 0.2999151 -0.7715166 -0.4173104 0.2230601 -0.8809632 -0.2790454 -0.08464318 -0.9565402 -0.2571234 0.1374565 -0.9565528 -0.4172677 0.2230482 -0.8809865 -0.1850013 0.2253947 -0.9565416 -0.2254001 0.1849848 -0.9565436 -0.3657294 0.3001781 -0.8809854 -0.3657957 0.3001717 -0.88096 -0.3001999 0.3657592 -0.8809656 -0.290187 0.0285716 -0.9565435 -0.3001896 0.3657598 -0.8809688 -0.2230736 0.4172946 -0.8809673 -0.222956 0.4173032 -0.880993 -0.1374377 0.257159 -0.956546 -0.4918025 0.403607 -0.7715128 -0.4035897 0.491815 -0.7715138 -0.4036237 0.4918023 -0.771504 -0.2999104 0.5611044 -0.7715023 -0.1373913 0.4527913 -0.8809675 -0.1373333 0.452804 -0.88097 -0.04632461 0.4708905 -0.8809747 -0.5611014 0.2999171 -0.7715018 -0.68305 0.3651095 -0.6325644 -0.5986948 0.4913509 -0.6325653 -0.5987091 0.4913458 -0.6325558 -0.2998936 0.5611036 -0.7715094 -0.184712 0.6088233 -0.7715023 -0.02859669 0.2901827 -0.956544 -0.04642874 0.4708878 -0.8809706 0.04642784 0.470893 -0.8809679 -0.4918066 0.403618 -0.7715044 -0.1846911 0.6088185 -0.771511 -0.06235373 0.6331561 -0.7715086 0.04632502 0.4708845 -0.8809778 0.1373355 0.4527969 -0.8809733 -0.4913466 0.5987056 -0.6325584 -0.4913561 0.598698 -0.6325584 -0.7411557 0.22483 -0.6325661 -0.06232893 0.6331518 -0.7715141 0.0623514 0.6331556 -0.7715091 -0.3651086 0.6830596 -0.6325545 -0.3651025 0.683048 -0.6325706 -0.6830575 0.3651027 -0.6325603 -0.778622 0.4161683 -0.4696295 -0.7786167 0.4161726 -0.4696344 -0.6824699 0.5600742 -0.4696294 0.2230743 0.4172887 -0.88097 -0.6824495 0.5600836 -0.4696478 -0.5600694 0.6824641 -0.4696437 0.062339 0.6331522 -0.7715129 0.1847084 0.6088225 -0.7715038 -0.2248205 0.7411652 -0.6325582 -0.2248381 0.741164 -0.6325535 -0.5600938 0.6824481 -0.4696378 0.1373766 0.4527878 -0.8809716 0.1846819 0.6088283 -0.7715055 -0.07588493 0.7707882 -0.6325561 -0.07591396 0.7707856 -0.6325557 -0.4161644 0.7786231 -0.4696311 -0.4161645 0.7786175 -0.4696403 -0.8442866 0.4512863 -0.2889994 -0.8448401 0.2562891 -0.4696395 0.2998932 0.5610955 -0.7715154 0.07593065 0.7707844 -0.6325552 0.07590293 0.7707808 -0.632563 0.2248313 0.7411635 -0.6325564 0.08652895 0.8786088 -0.4696373 0.2562853 0.8448449 -0.4696327 0.5600732 0.6824601 -0.4696447 0.5600894 0.6824524 -0.4696366 0.4913575 0.5986949 -0.6325601 0.4913483 0.5987077 -0.632555 0.4036226 0.4918066 -0.7715019 0.3651127 0.6830561 -0.632556 0.3651207 0.6830464 -0.6325619 0.2778989 0.9161057 -0.2890029 0.08654731 0.8786042 -0.4696427 0.2999145 0.5611009 -0.7715032 0.5987074 0.4913501 -0.6325541 0.4918077 0.4036132 -0.771506 0.4918025 0.403607 -0.7715128 0.4161675 0.7786194 -0.4696346 0.4512864 0.8442896 -0.2889912 0.4161704 0.7786115 -0.4696449 0.6824675 0.5600722 -0.4696353 0.6824505 0.560094 -0.4696341 -0.08652961 0.8786081 -0.4696386 0.4036017 0.4918121 -0.7715093 -0.08656769 0.8786038 -0.4696398 -0.2562776 0.8448441 -0.4696387 0.5986934 0.4913546 -0.6325639 0.683054 0.3651004 -0.6325654 0.3657965 0.3001652 -0.8809618 0.5611089 0.2999094 -0.7714993 0.5610963 0.2999217 -0.7715038 -0.2562891 0.8448401 -0.4696395 -0.09383273 0.9527212 -0.2889947 -0.2778955 0.9161059 -0.2890056 0.7786044 0.4161924 -0.4696373 0.608834 0.1846854 -0.7715002 0.417313 0.2230615 -0.8809616 0.7400235 0.6073249 -0.2890012 0.7400128 0.6073354 -0.2890068 -0.2779086 0.916102 -0.2890055 -0.2889001 0.9523767 -0.09754699 -0.451265 0.8442989 -0.2889971 0.6830587 0.3650986 -0.6325613 0.7411518 0.2248373 -0.632568 0.7411528 0.2248305 -0.6325692 -0.4512806 0.8442902 -0.2889981 -0.469165 0.8777067 -0.09754633 0.844298 0.4512675 -0.2889958 0.7693347 0.6313554 -0.09754329 -0.4691403 0.8777182 -0.09756219 -0.2888898 0.95238 -0.0975458 -0.6073337 0.7400199 -0.2889921 -0.6073222 0.7400292 -0.2889924 -0.6313797 0.7693138 -0.09754979 -0.6313589 0.7693303 -0.09755456 -0.6313635 0.7693264 0.09755557 -0.7400089 0.6073411 -0.2890047 -0.7400146 0.6073368 -0.2889993 -0.4512799 0.8442869 0.2890091 -0.6073127 0.7400327 0.2890033 -0.7693256 0.631365 0.09755229 -0.63138 0.7693142 0.0975458 -0.7693155 0.6313784 -0.09754627 -0.7693235 0.6313686 0.09754621 -0.7693422 0.6313454 -0.0975483 -0.844305 0.4512584 -0.2889895 0.2562869 0.8448433 -0.4696347 -0.8777186 0.4691422 -0.09754902 0.2248278 0.7411631 -0.6325581 -0.1849453 0.2254015 0.9565508 -0.2571653 0.1374462 0.956543 -0.06251388 0.07613325 0.9951361 0.02858144 0.2901707 0.9565481 -0.2901817 0.02857625 0.9565449 -0.2901684 0.0285691 0.9565492 -0.09799659 0.009652376 0.99514 -0.2901874 -0.02857685 0.956543 -0.2901511 -0.02856743 0.9565544 -0.9527224 -0.09382724 -0.2889922 -0.2790442 -0.08463758 0.9565412 -0.4709036 -0.04636549 0.8809655 -0.2790494 -0.08464497 0.9565389 -0.09427833 -0.02859026 0.9951353 -0.07607477 0.06247025 0.9951433 0.07603448 -0.06247586 0.995146 -0.08683025 0.04643148 0.9951406 -0.09799659 -0.009652376 0.99514 -0.08686441 -0.04642784 0.9951378 -0.09427642 0.02858966 0.9951355 0.09427833 -0.02859026 0.9951353 0.08686447 -0.04641765 0.9951382 -0.04646474 0.0868504 0.9951372 0.009555459 0.09800881 0.9951398 0.09427642 0.02858966 0.9951355 -0.02854764 0.09424209 0.99514 -0.009555459 0.09800881 0.9951398 0.06249582 -0.07612586 0.9951378 -0.07603758 -0.06247335 0.995146 -0.0624926 -0.07613217 0.9951375 -0.04646521 -0.08685129 0.9951372 -0.02846562 -0.09424132 0.9951424 -0.009719014 -0.09800863 0.9951382 -0.2570692 -0.1374469 0.9565688 0.09799659 0.009652376 0.99514 -0.2571212 -0.137445 0.9565551 -0.2253983 -0.1849729 0.9565463 0.09800058 -0.009652793 0.9951395 0.2901624 0.02857875 0.9565507 -0.2254198 -0.1849705 0.9565416 -0.4173021 -0.2230444 0.8809713 -0.4173065 -0.2230579 0.8809657 -0.1849569 -0.2253907 0.9565511 -0.1850035 -0.225387 0.9565429 -0.1374803 -0.2571504 0.9565421 -0.1373433 -0.2571456 0.9565631 -0.08471173 -0.2790132 0.9565436 -0.08470964 -0.2790166 0.9565428 -0.02858126 -0.2901692 0.9565485 -0.02855318 -0.2901626 0.9565513 -0.04633975 -0.470896 0.8809708 0.04632478 -0.4708926 0.8809735 0.02859717 -0.2901719 0.9565472 -0.04639315 -0.470883 0.880975 -0.06236517 -0.6331418 0.7715193 0.062397 -0.6331437 0.7715153 0.06238615 -0.6331436 0.7715163 -0.1373082 -0.4527924 0.8809799 0.04637098 -0.4708909 0.880972 0.1373057 -0.4528048 0.8809739 -0.1373335 -0.4528048 0.8809697 0.184678 -0.6088169 0.7715154 -0.1846935 -0.6088121 0.7715156 0.1846953 -0.6088109 0.771516 -0.18467 -0.6088109 0.7715221 0.137336 -0.4527912 0.8809762 0.2230433 -0.4173002 0.8809723 0.1374855 -0.2571496 0.9565417 0.1373753 -0.2571494 0.9565575 0.08464425 -0.2790164 0.9565487 0.2230198 -0.417294 0.8809813 -0.2230722 -0.4172847 0.8809723 0.2998931 -0.5610811 0.7715259 -0.2229946 -0.4173079 0.880981 -0.3001896 -0.3657598 0.8809688 0.1850014 -0.2253898 0.9565428 0.02861958 -0.2901621 0.9565495 0.009719014 -0.09800863 0.9951382 -0.06237971 -0.6331511 0.7715106 -0.0759465 -0.7707852 0.6325523 0.08470463 -0.2790157 0.9565435 0.02853775 -0.09423798 0.9951407 -0.3001999 -0.3657592 0.8809656 -0.2248209 -0.7411665 0.6325565 0.07593095 -0.7707872 0.6325518 0.2248032 -0.7411748 0.6325532 0.2998706 -0.5610916 0.7715271 0.2248197 -0.7411626 0.6325616 0.3651565 -0.6830425 0.6325454 -0.2998915 -0.5610924 0.7715182 -0.2998888 -0.5610892 0.7715216 -0.3657282 -0.3001875 0.8809826 -0.4036121 -0.491793 0.7715162 -0.3651073 -0.6830572 0.6325579 0.04650288 -0.08686059 0.9951346 0.08653193 -0.8786221 0.4696121 -0.561079 -0.2999135 0.7715195 -0.3657491 -0.3001734 0.8809788 -0.07590442 -0.7707862 0.6325562 0.07594102 -0.7707785 0.6325612 0.4913575 -0.5986949 0.6325601 0.365089 -0.6830682 0.6325566 -0.5610956 -0.2999087 0.7715093 -0.4917929 -0.4036083 0.7715182 -0.09383946 -0.9527155 0.289011 -0.08652645 -0.8786216 0.4696142 -0.08654302 -0.8786125 0.4696282 0.5600904 -0.6824589 0.4696261 -0.08652859 -0.8786049 -0.4696448</float_array>
          <technique_common>
            <accessor source="#Mesh2_003-mesh-normals-array" count="960" stride="3">
              <param name="X" type="float"/>
              <param name="Y" type="float"/>
              <param name="Z" type="float"/>
            </accessor>
          </technique_common>
        </source>
        <vertices id="Mesh2_003-mesh-vertices">
          <input semantic="POSITION" source="#Mesh2_003-mesh-positions"/>
        </vertices>
        <triangles material="Material_1_003-material" count="960">
          <input semantic="VERTEX" source="#Mesh2_003-mesh-vertices" offset="0"/>
          <input semantic="NORMAL" source="#Mesh2_003-mesh-normals" offset="1"/>
          <p>0 0 1 0 2 0 2 1 1 1 4 1 4 2 7 2 2 2 12 3 2 3 7 3 12 4 7 4 19 4 26 5 12 5 19 5 19 6 32 6 26 6 26 7 32 7 33 7 53 8 33 8 32 8 43 9 33 9 53 9 53 10 66 10 43 10 54 11 43 11 66 11 66 12 67 12 54 12 66 13 95 13 67 13 67 14 95 14 96 14 78 15 67 15 96 15 78 16 96 16 106 16 106 17 97 17 78 17 97 18 106 18 129 18 107 19 97 19 129 19 107 20 129 20 140 20 130 21 107 21 140 21 140 22 164 22 130 22 130 23 164 23 141 23 179 24 141 24 164 24 165 25 141 25 179 25 179 26 201 26 165 26 180 27 165 27 201 27 180 28 201 28 220 28 202 29 180 29 220 29 220 30 225 30 202 30 202 31 225 31 208 31 183 32 208 32 225 32 146 33 208 33 183 33 18 34 208 34 146 34 202 35 208 35 18 35 183 36 169 36 146 36 133 37 146 37 169 37 0 38 146 38 133 38 133 39 110 39 0 39 98 40 0 40 110 40 98 41 80 41 0 41 0 42 80 42 72 42 55 43 0 43 72 43 55 44 47 44 0 44 36 45 0 45 47 45 0 46 36 46 29 46 0 47 29 47 21 47 21 48 15 48 0 48 0 49 15 49 9 49 9 50 6 50 0 50 0 51 6 51 3 51 18 52 180 52 202 52 133 53 169 53 145 53 165 54 180 54 18 54 110 55 133 55 145 55 145 56 132 56 110 56 18 57 141 57 165 57 110 58 132 58 98 58 109 59 98 59 132 59 130 60 141 60 18 60 97 61 18 61 78 61 67 62 78 62 18 62 67 63 18 63 54 63 129 64 106 64 142 64 142 65 163 65 129 65 18 66 43 66 54 66 18 67 107 67 130 67 18 68 2 68 12 68 18 69 97 69 107 69 164 70 140 70 163 70 164 71 163 71 200 71 106 72 96 72 127 72 139 73 106 73 127 73 33 74 43 74 18 74 33 75 18 75 26 75 179 76 219 76 201 76 179 77 164 77 200 77 200 78 218 78 179 78 96 79 95 79 127 79 201 80 247 80 220 80 247 81 201 81 219 81 95 82 66 82 94 82 12 83 26 83 18 83 80 84 98 84 109 84 109 85 81 85 80 85 225 86 220 86 247 86 247 87 251 87 225 87 53 88 76 88 66 88 53 89 32 89 31 89 31 90 64 90 53 90 72 91 80 91 81 91 3 92 6 92 8 92 3 93 1 93 0 93 3 94 5 94 1 94 8 95 5 95 3 95 6 96 9 96 14 96 183 97 225 97 251 97 224 98 183 98 251 98 224 99 207 99 183 99 32 100 19 100 17 100 47 101 55 101 71 101 47 102 71 102 56 102 9 103 15 103 20 103 178 104 163 104 142 104 163 105 140 105 129 105 178 106 203 106 163 106 106 107 139 107 142 107 29 108 36 108 48 108 29 109 48 109 35 109 21 110 28 110 15 110 21 111 29 111 35 111 203 112 200 112 163 112 245 113 200 113 203 113 246 114 200 114 245 114 139 115 127 115 128 115 128 116 176 116 139 116 139 117 176 117 178 117 169 118 183 118 207 118 207 119 168 119 169 119 218 120 200 120 246 120 219 121 218 121 246 121 219 122 179 122 218 122 246 123 284 123 219 123 219 124 284 124 259 124 247 125 285 125 251 125 284 126 246 126 283 126 283 127 301 127 284 127 245 128 203 128 258 128 245 129 283 129 246 129 283 130 245 130 258 130 259 131 247 131 219 131 259 132 284 132 301 132 259 133 301 133 300 133 285 134 259 134 300 134 251 135 285 135 262 135 203 136 178 136 215 136 215 137 248 137 203 137 259 138 285 138 247 138 304 139 285 139 300 139 142 140 139 140 178 140 224 141 251 141 262 141 262 142 223 142 224 142 258 143 299 143 283 143 299 144 324 144 283 144 301 145 283 145 324 145 203 146 248 146 258 146 279 147 258 147 248 147 302 148 258 148 279 148 324 149 300 149 301 149 324 150 340 150 300 150 178 151 176 151 215 151 262 152 285 152 304 152 262 153 304 153 288 153 241 154 248 154 215 154 304 155 300 155 340 155 342 156 304 156 340 156 327 157 304 157 342 157 176 158 128 158 161 158 197 159 176 159 161 159 223 160 207 160 224 160 182 161 207 161 223 161 223 162 262 162 288 162 263 163 223 163 288 163 223 164 263 164 250 164 127 165 94 165 128 165 168 166 145 166 169 166 302 167 299 167 258 167 338 168 299 168 302 168 299 169 338 169 339 169 299 170 339 170 324 170 324 171 339 171 364 171 95 172 94 172 127 172 132 173 145 173 168 173 132 174 168 174 144 174 176 175 197 175 215 175 304 176 327 176 288 176 305 177 288 177 327 177 302 178 279 178 319 178 340 179 324 179 364 179 364 180 380 180 340 180 379 181 364 181 339 181 397 182 364 182 379 182 379 183 420 183 397 183 430 184 397 184 420 184 401 185 397 185 430 185 397 186 401 186 380 186 377 187 379 187 339 187 379 188 377 188 396 188 340 189 380 189 342 189 401 190 343 190 380 190 364 191 397 191 380 191 342 192 380 192 343 192 430 193 434 193 401 193 402 194 401 194 434 194 377 195 339 195 338 195 377 196 338 196 336 196 336 197 363 197 377 197 396 198 420 198 379 198 420 199 396 199 419 199 419 200 442 200 420 200 363 201 396 201 377 201 402 202 343 202 401 202 343 203 327 203 342 203 402 204 382 204 343 204 343 205 382 205 344 205 305 206 343 206 344 206 319 207 338 207 302 207 430 208 420 208 442 208 451 209 430 209 442 209 451 210 433 210 430 210 363 211 336 211 323 211 363 212 323 212 362 212 362 213 393 213 363 213 363 214 393 214 419 214 434 215 400 215 402 215 336 216 338 216 319 216 336 217 319 217 282 217 442 218 419 218 428 218 428 219 450 219 442 219 442 220 450 220 460 220 396 221 363 221 419 221 428 222 419 222 393 222 434 223 430 223 433 223 323 224 336 224 282 224 282 225 298 225 323 225 323 226 298 226 320 226 451 227 442 227 460 227 454 228 451 228 460 228 393 229 362 229 358 229 358 230 416 230 393 230 344 231 382 231 366 231 366 232 326 232 344 232 305 233 327 233 343 233 305 234 344 234 326 234 305 235 326 235 287 235 263 236 305 236 287 236 279 237 278 237 319 237 240 238 278 238 279 238 244 239 278 239 240 239 244 240 282 240 278 240 240 241 199 241 244 241 199 242 217 242 244 242 244 243 217 243 257 243 162 244 217 244 199 244 217 245 162 245 198 245 243 246 217 246 198 246 257 247 298 247 282 247 217 248 243 248 257 248 257 249 243 249 280 249 196 250 199 250 240 250 243 251 198 251 242 251 199 252 196 252 175 252 282 253 244 253 257 253 282 254 319 254 278 254 199 255 175 255 162 255 175 256 126 256 162 256 126 257 138 257 162 257 162 258 138 258 177 258 298 259 257 259 280 259 196 260 160 260 175 260 162 261 177 261 198 261 177 262 216 262 198 262 243 263 242 263 280 263 241 264 279 264 248 264 280 265 242 265 297 265 280 266 320 266 298 266 320 267 280 267 297 267 242 268 198 268 216 268 241 269 196 269 240 269 242 270 216 270 256 270 197 271 196 271 241 271 281 272 242 272 256 272 279 273 241 273 240 273 297 274 337 274 320 274 320 275 337 275 358 275 196 276 161 276 160 276 214 277 216 277 177 277 125 278 160 278 161 278 216 279 214 279 239 279 124 280 160 280 125 280 160 281 124 281 126 281 105 282 138 282 126 282 138 283 105 283 137 283 138 284 137 284 174 284 177 285 138 285 174 285 93 286 126 286 124 286 126 287 175 287 160 287 242 288 281 288 297 288 215 289 197 289 241 289 297 290 281 290 321 290 281 291 256 291 296 291 197 292 161 292 196 292 296 293 322 293 281 293 362 294 320 294 358 294 362 295 323 295 320 295 125 296 92 296 124 296 177 297 174 297 214 297 174 298 195 298 214 298 321 299 337 299 297 299 321 300 360 300 337 300 322 301 296 301 335 301 361 302 322 302 335 302 322 303 361 303 359 303 321 304 322 304 359 304 281 305 322 305 321 305 360 306 358 306 337 306 360 307 321 307 359 307 359 308 395 308 360 308 360 309 395 309 417 309 392 310 360 310 417 310 359 311 361 311 394 311 361 312 335 312 378 312 395 313 359 313 394 313 394 314 429 314 395 314 318 315 335 315 296 315 357 316 335 316 318 316 376 317 335 317 357 317 256 318 239 318 296 318 239 319 277 319 296 319 427 320 392 320 417 320 392 321 416 321 358 321 392 322 427 322 416 322 238 323 277 323 239 323 295 324 277 324 238 324 295 325 318 325 277 325 417 326 395 326 429 326 440 327 417 327 429 327 439 328 417 328 440 328 296 329 277 329 318 329 317 330 318 330 295 330 356 331 318 331 317 331 361 332 378 332 394 332 394 333 378 333 418 333 376 334 378 334 335 334 376 335 415 335 378 335 392 336 358 336 360 336 239 337 256 337 216 337 429 338 394 338 418 338 418 339 441 339 429 339 429 340 441 340 449 340 376 341 357 341 391 341 440 342 458 342 439 342 439 343 458 343 459 343 448 344 439 344 459 344 427 345 439 345 448 345 440 346 429 346 449 346 295 347 276 347 317 347 316 348 317 348 276 348 356 349 357 349 318 349 357 350 356 350 390 350 390 351 414 351 357 351 417 352 439 352 427 352 447 353 427 353 448 353 447 354 428 354 427 354 276 355 295 355 238 355 458 356 440 356 449 356 449 357 463 357 458 357 458 358 463 358 471 358 317 359 316 359 356 359 316 360 375 360 356 360 276 361 238 361 237 361 276 362 237 362 275 362 275 363 316 363 276 363 316 364 275 364 315 364 316 365 315 365 354 365 315 366 275 366 274 366 274 367 334 367 315 367 315 368 334 368 355 368 275 369 237 369 236 369 312 370 334 370 274 370 334 371 312 371 350 371 275 372 236 372 274 372 274 373 236 373 235 373 272 374 274 374 235 374 354 375 375 375 316 375 375 376 354 376 389 376 389 377 413 377 375 377 375 378 413 378 390 378 194 379 237 379 238 379 213 380 237 380 194 380 354 381 315 381 355 381 236 382 237 382 213 382 213 383 193 383 236 383 357 384 414 384 391 384 350 385 355 385 334 385 355 386 350 386 386 386 386 387 412 387 355 387 355 388 412 388 389 388 274 389 272 389 312 389 312 390 272 390 270 390 270 391 311 391 312 391 272 392 235 392 234 392 234 393 231 393 272 393 350 394 312 394 311 394 311 395 370 395 350 395 193 396 235 396 236 396 239 397 195 397 238 397 192 398 235 398 193 398 291 399 311 399 270 399 311 400 291 400 310 400 311 401 310 401 348 401 378 402 415 402 418 402 348 403 370 403 311 403 370 404 348 404 385 404 385 405 407 405 370 405 370 406 407 406 386 406 413 407 389 407 424 407 195 408 194 408 238 408 159 409 194 409 195 409 159 410 158 410 194 410 390 411 356 411 375 411 389 412 412 412 424 412 424 413 390 413 413 413 354 414 355 414 389 414 414 415 390 415 424 415 412 416 386 416 424 416 195 417 239 417 214 417 213 418 194 418 158 418 234 419 235 419 192 419 192 420 190 420 234 420 193 421 157 421 192 421 192 422 157 422 156 422 193 423 213 423 158 423 121 424 156 424 157 424 121 425 120 425 156 425 120 426 136 426 156 426 155 427 156 427 136 427 190 428 156 428 155 428 193 429 158 429 157 429 157 430 158 430 122 430 234 431 190 431 231 431 190 432 192 432 156 432 155 433 153 433 190 433 210 434 190 434 153 434 231 435 270 435 272 435 231 436 190 436 210 436 231 437 210 437 230 437 136 438 119 438 155 438 102 439 120 439 121 439 89 440 120 440 102 440 122 441 121 441 157 441 121 442 122 442 90 442 210 443 153 443 189 443 230 444 270 444 231 444 210 445 189 445 230 445 189 446 253 446 230 446 269 447 230 447 253 447 291 448 230 448 269 448 136 449 120 449 89 449 123 450 122 450 158 450 91 451 122 451 123 451 153 452 155 452 119 452 119 453 116 453 153 453 153 454 116 454 151 454 159 455 123 455 158 455 291 456 270 456 230 456 121 457 90 457 102 457 61 458 102 458 90 458 90 459 122 459 91 459 90 460 91 460 63 460 136 461 89 461 119 461 119 462 89 462 88 462 137 463 123 463 159 463 123 464 137 464 103 464 153 465 151 465 189 465 188 466 189 466 151 466 189 467 188 467 229 467 229 468 253 468 189 468 229 469 268 469 253 469 61 470 89 470 102 470 61 471 60 471 89 471 89 472 60 472 74 472 103 473 91 473 123 473 103 474 75 474 91 474 75 475 62 475 91 475 115 476 151 476 116 476 152 477 151 477 115 477 174 478 159 478 195 478 174 479 137 479 159 479 268 480 229 480 271 480 268 481 269 481 253 481 268 482 271 482 309 482 271 483 229 483 255 483 292 484 271 484 255 484 271 485 292 485 313 485 313 486 330 486 271 486 229 487 188 487 211 487 211 488 255 488 229 488 254 489 255 489 211 489 269 490 268 490 309 490 309 491 331 491 269 491 269 492 331 492 310 492 292 493 255 493 254 493 292 494 254 494 294 494 271 495 330 495 309 495 309 496 330 496 347 496 330 497 313 497 352 497 352 498 369 498 330 498 331 499 309 499 347 499 347 500 349 500 331 500 292 501 294 501 313 501 294 502 351 502 313 502 313 503 351 503 371 503 211 504 212 504 254 504 212 505 233 505 254 505 233 506 273 506 254 506 294 507 254 507 273 507 314 508 294 508 273 508 294 509 314 509 333 509 310 510 291 510 269 510 310 511 331 511 349 511 333 512 351 512 294 512 351 513 333 513 374 513 173 514 211 514 188 514 330 515 369 515 347 515 347 516 369 516 384 516 369 517 352 517 387 517 387 518 405 518 369 518 293 519 273 519 233 519 349 520 347 520 384 520 384 521 406 521 349 521 349 522 406 522 385 522 352 523 313 523 371 523 212 524 211 524 173 524 173 525 191 525 212 525 348 526 310 526 349 526 348 527 349 527 385 527 314 528 353 528 333 528 353 529 373 529 333 529 374 530 371 530 351 530 371 531 374 531 408 531 408 532 409 532 371 532 371 533 409 533 387 533 314 534 273 534 293 534 293 535 332 535 314 535 333 536 373 536 374 536 373 537 411 537 374 537 212 538 191 538 233 538 191 539 232 539 233 539 265 540 233 540 232 540 232 541 226 541 265 541 226 542 264 542 265 542 264 543 306 543 265 543 265 544 306 544 293 544 306 545 332 545 293 545 264 546 266 546 306 546 306 547 266 547 307 547 306 548 307 548 345 548 226 549 232 549 184 549 184 550 186 550 226 550 186 551 228 551 226 551 228 552 264 552 226 552 332 553 353 553 314 553 332 554 306 554 345 554 332 555 345 555 372 555 233 556 265 556 293 556 267 557 307 557 266 557 308 558 307 558 267 558 307 559 308 559 346 559 346 560 345 560 307 560 264 561 228 561 266 561 228 562 227 562 266 562 186 563 184 563 171 563 186 564 171 564 149 564 149 565 185 565 186 565 185 566 228 566 186 566 372 567 353 567 332 567 353 568 372 568 388 568 267 569 290 569 308 569 290 570 329 570 308 570 345 571 346 571 372 571 346 572 383 572 372 572 372 573 383 573 410 573 329 574 346 574 308 574 346 575 329 575 368 575 184 576 232 576 191 576 191 577 154 577 184 577 154 578 148 578 184 578 227 579 228 579 185 579 185 580 187 580 227 580 187 581 209 581 227 581 209 582 252 582 227 582 227 583 252 583 267 583 227 584 267 584 266 584 368 585 383 585 346 585 404 586 383 586 368 586 149 587 171 587 112 587 112 588 114 588 149 588 114 589 150 589 149 589 150 590 185 590 149 590 373 591 388 591 411 591 373 592 353 592 388 592 260 593 252 593 209 593 252 594 260 594 289 594 252 595 289 595 290 595 410 596 388 596 372 596 425 597 388 597 410 597 426 598 388 598 425 598 290 599 328 599 329 599 328 600 367 600 329 600 290 601 289 601 328 601 289 602 325 602 328 602 328 603 325 603 365 603 325 604 289 604 286 604 286 605 303 605 325 605 303 606 341 606 325 606 325 607 341 607 365 607 381 608 365 608 341 608 399 609 365 609 381 609 399 610 398 610 365 610 398 611 367 611 365 611 326 612 341 612 303 612 289 613 260 613 286 613 398 614 403 614 367 614 328 615 365 615 367 615 367 616 403 616 368 616 286 617 260 617 249 617 398 618 399 618 431 618 329 619 367 619 368 619 286 620 249 620 303 620 249 621 261 621 303 621 261 622 287 622 303 622 341 623 366 623 381 623 267 624 252 624 290 624 366 625 400 625 381 625 421 626 381 626 400 626 366 627 341 627 326 627 366 628 382 628 400 628 399 629 381 629 421 629 421 630 432 630 399 630 431 631 403 631 398 631 435 632 403 632 431 632 422 633 403 633 435 633 209 634 221 634 260 634 326 635 303 635 287 635 209 636 187 636 172 636 172 637 204 637 209 637 221 638 249 638 260 638 249 639 221 639 205 639 249 640 205 640 222 640 422 641 368 641 403 641 399 642 432 642 431 642 452 643 431 643 432 643 222 644 261 644 249 644 221 645 209 645 204 645 250 646 261 646 222 646 181 647 221 647 204 647 382 648 402 648 400 648 443 649 432 649 421 649 453 650 432 650 443 650 204 651 172 651 166 651 261 652 250 652 287 652 287 653 250 653 263 653 433 654 421 654 400 654 422 655 404 655 368 655 435 656 444 656 422 656 444 657 436 657 422 657 181 658 205 658 221 658 205 659 181 659 167 659 167 660 170 660 205 660 143 661 167 661 181 661 131 662 167 662 143 662 166 663 143 663 181 663 111 664 143 664 166 664 108 665 143 665 111 665 166 666 181 666 204 666 166 667 172 667 134 667 170 668 167 668 131 668 131 669 147 669 170 669 147 670 144 670 170 670 170 671 144 671 206 671 111 672 166 672 134 672 100 673 111 673 134 673 111 674 100 674 83 674 83 675 82 675 111 675 131 676 143 676 108 676 108 677 81 677 131 677 82 678 108 678 111 678 79 679 108 679 82 679 131 680 109 680 147 680 83 681 56 681 82 681 170 682 206 682 205 682 150 683 134 683 172 683 113 684 134 684 150 684 206 685 144 685 182 685 182 686 222 686 206 686 113 687 100 687 134 687 100 688 113 688 85 688 73 689 100 689 85 689 144 690 147 690 109 690 83 691 100 691 73 691 70 692 83 692 73 692 79 693 81 693 108 693 81 694 55 694 72 694 81 695 79 695 55 695 71 696 79 696 82 696 222 697 205 697 206 697 222 698 182 698 250 698 113 699 150 699 114 699 109 700 132 700 144 700 109 701 131 701 81 701 73 702 46 702 70 702 70 703 46 703 48 703 48 704 56 704 70 704 56 705 83 705 70 705 56 706 71 706 82 706 56 707 36 707 47 707 182 708 168 708 207 708 182 709 144 709 168 709 57 710 73 710 85 710 250 711 182 711 223 711 150 712 172 712 187 712 85 713 113 713 114 713 114 714 99 714 85 714 73 715 57 715 46 715 46 716 35 716 48 716 57 717 37 717 46 717 28 718 46 718 37 718 55 719 79 719 71 719 35 720 28 720 21 720 28 721 35 721 46 721 20 722 14 722 9 722 20 723 15 723 28 723 20 724 28 724 37 724 37 725 34 725 20 725 27 726 20 726 34 726 36 727 56 727 48 727 20 728 27 728 14 728 13 729 14 729 27 729 14 730 13 730 8 730 6 731 14 731 8 731 34 732 37 732 45 732 27 733 34 733 45 733 45 734 44 734 27 734 27 735 44 735 30 735 5 736 8 736 13 736 13 737 10 737 5 737 4 738 5 738 10 738 69 739 37 739 57 739 69 740 57 740 84 740 68 741 69 741 84 741 69 742 68 742 45 742 30 743 13 743 27 743 30 744 22 744 13 744 4 745 1 745 5 745 16 746 4 746 10 746 16 747 11 747 4 747 45 748 37 748 69 748 13 749 22 749 10 749 10 750 22 750 23 750 7 751 4 751 11 751 11 752 17 752 7 752 44 753 45 753 68 753 68 754 49 754 44 754 85 755 99 755 57 755 16 756 10 756 23 756 23 757 24 757 16 757 30 758 44 758 49 758 30 759 49 759 38 759 57 760 99 760 84 760 112 761 84 761 99 761 118 762 84 762 112 762 118 763 87 763 84 763 32 764 17 764 31 764 84 765 87 765 68 765 87 766 58 766 68 766 24 767 11 767 16 767 25 768 11 768 24 768 22 769 30 769 38 769 39 770 22 770 38 770 49 771 68 771 58 771 17 772 19 772 7 772 25 773 17 773 11 773 23 774 22 774 39 774 23 775 39 775 40 775 58 776 38 776 49 776 58 777 59 777 38 777 112 778 171 778 148 778 114 779 112 779 99 779 25 780 31 780 17 780 24 781 23 781 40 781 50 782 24 782 40 782 24 783 50 783 41 783 50 784 40 784 61 784 50 785 61 785 63 785 51 786 62 786 75 786 75 787 65 787 51 787 51 788 65 788 42 788 52 789 42 789 65 789 52 790 31 790 42 790 25 791 51 791 42 791 51 792 25 792 41 792 61 793 90 793 63 793 61 794 40 794 60 794 42 795 31 795 25 795 77 796 52 796 65 796 52 797 77 797 76 797 76 798 64 798 52 798 41 799 62 799 51 799 62 800 63 800 91 800 62 801 41 801 63 801 75 802 93 802 65 802 92 803 65 803 93 803 60 804 39 804 74 804 64 805 31 805 52 805 39 806 60 806 40 806 39 807 38 807 59 807 65 808 92 808 77 808 104 809 77 809 92 809 76 810 53 810 64 810 76 811 77 811 104 811 76 812 104 812 94 812 74 813 39 813 59 813 74 814 88 814 89 814 59 815 88 815 74 815 92 816 93 816 124 816 94 817 104 817 128 817 94 818 66 818 76 818 93 819 75 819 105 819 103 820 105 820 75 820 86 821 88 821 59 821 86 822 116 822 88 822 59 823 58 823 86 823 125 824 104 824 92 824 128 825 125 825 161 825 128 826 104 826 125 826 58 827 101 827 86 827 115 828 86 828 101 828 126 829 93 829 105 829 137 830 105 830 103 830 116 831 86 831 115 831 116 832 119 832 88 832 87 833 101 833 58 833 87 834 117 834 101 834 135 835 101 835 117 835 135 836 115 836 101 836 115 837 135 837 152 837 117 838 87 838 118 838 148 839 117 839 118 839 151 840 152 840 188 840 152 841 173 841 188 841 173 842 154 842 191 842 173 843 152 843 135 843 135 844 117 844 154 844 154 845 173 845 135 845 154 846 117 846 148 846 118 847 112 847 148 847 63 848 41 848 50 848 184 849 148 849 171 849 41 850 25 850 24 850 369 851 405 851 384 851 352 852 371 852 387 852 423 853 384 853 405 853 386 854 350 854 370 854 374 855 411 855 408 855 411 856 437 856 408 856 437 857 423 857 408 857 426 858 437 858 411 858 437 859 426 859 445 859 185 860 150 860 187 860 426 861 425 861 445 861 426 862 411 862 388 862 425 863 456 863 445 863 423 864 445 864 456 864 423 865 405 865 387 865 424 866 463 866 449 866 423 867 387 867 409 867 445 868 423 868 437 868 456 869 446 869 423 869 423 870 409 870 408 870 424 871 441 871 418 871 424 872 449 872 441 872 423 873 406 873 384 873 424 874 386 874 407 874 424 875 391 875 414 875 423 876 385 876 406 876 423 877 407 877 385 877 424 878 471 878 463 878 423 879 446 879 462 879 462 880 470 880 423 880 470 881 478 881 423 881 478 882 481 882 423 882 423 883 481 883 482 883 446 884 456 884 425 884 391 885 424 885 415 885 425 886 438 886 446 886 446 887 438 887 457 887 415 888 424 888 418 888 415 889 376 889 391 889 457 890 462 890 446 890 438 891 425 891 410 891 438 892 410 892 436 892 470 893 462 893 457 893 457 894 461 894 470 894 461 895 469 895 470 895 469 896 478 896 470 896 481 897 478 897 469 897 469 898 476 898 481 898 481 899 476 899 483 899 483 900 482 900 481 900 477 901 483 901 476 901 480 902 483 902 477 902 483 903 480 903 479 903 476 904 467 904 477 904 468 905 477 905 467 905 473 906 477 906 468 906 477 907 473 907 475 907 476 908 469 908 466 908 477 909 475 909 480 909 480 910 475 910 472 910 466 911 467 911 476 911 475 912 473 912 464 912 467 913 466 913 452 913 464 914 465 914 475 914 452 915 453 915 467 915 475 916 465 916 472 916 459 917 472 917 465 917 472 918 459 918 471 918 471 919 474 919 472 919 472 920 474 920 479 920 465 921 448 921 459 921 455 922 466 922 469 922 448 923 465 923 464 923 461 924 455 924 469 924 461 925 457 925 444 925 459 926 458 926 471 926 479 927 482 927 483 927 424 928 482 928 479 928 467 929 453 929 468 929 454 930 468 930 453 930 480 931 472 931 479 931 424 932 479 932 474 932 444 933 455 933 461 933 453 934 452 934 432 934 473 935 468 935 460 935 464 936 460 936 450 936 464 937 447 937 448 937 473 938 460 938 464 938 447 939 464 939 450 939 452 940 466 940 455 940 455 941 435 941 452 941 444 942 457 942 438 942 444 943 435 943 455 943 435 944 431 944 452 944 424 945 474 945 471 945 454 946 433 946 451 946 436 947 410 947 404 947 436 948 444 948 438 948 443 949 454 949 453 949 460 950 468 950 454 950 427 951 428 951 416 951 428 952 447 952 450 952 404 953 410 953 383 953 404 954 422 954 436 954 433 955 400 955 434 955 443 956 433 956 454 956 421 957 433 957 443 957 393 958 416 958 428 958 263 959 288 959 305 959</p>
        </triangles>
      </mesh>
    </geometry>
    <geometry id="Mesh1_003-mesh" name="Mesh1.003">
      <mesh>
        <source id="Mesh1_003-mesh-positions">
          <float_array id="Mesh1_003-mesh-positions-array" count="1101">262.6337 -240 1964.382 223.7912 -240 1930.506 262.5316 -243 1964.318 223.7742 -243 1930.486 197.3278 -240.6648 1886.249 197.3377 -240 1886.274 197.3629 -243 1886.336 502.6623 -240 1886.274 476.2088 -240 1930.506 502.6722 -240.6648 1886.249 476.2258 -243 1930.486 437.4684 -243 1964.318 502.6371 -243 1886.336 437.3663 -240 1964.382 474.2697 -208 1929.706 500.7473 -208 1885.676 500.4016 -185 1886.527 474.2707 -185 1929.705 436.1529 -185 1962.782 435.3696 -208 1963.269 435.4795 -208.6101 1963.353 474.4444 -209.1481 1929.853 435.5345 -208.9151 1963.395 500.7473 -208 1885.676 435.562 -209.0677 1963.417 500.9499 -209.2142 1885.86 435.5757 -209.1439 1963.427 474.9417 -210.1213 1930.272 435.5894 -209.2202 1963.438 435.9226 -209.7069 1963.64 501.463 -210.1915 1886.444 436.0892 -209.9503 1963.741 475.686 -210.7716 1930.899 436.1725 -210.072 1963.791 436.7632 -210.3953 1964.128 502.942 -211 1888.238 436.2558 -210.1937 1963.842 436.2558 -210.1937 1963.842 437.0168 -210.4961 1964.271 476.5709 -211 1931.63 437.2705 -210.5969 1964.414 497.1239 -211 1909.289 438.2852 -211 1964.986 498.7497 -211 1906.856 486.6258 -211 1924.627 501.1828 -211 1905.23 484.8916 -211 1927.222 489.2212 -211 1922.893 504.0529 -211 1904.659 484.2827 -211 1930.284 496.5529 -211 1912.159 506.9231 -211 1905.23 484.8916 -211 1933.345 492.2827 -211 1922.284 517.1797 -211 1905.94 479.4496 -211 1938.213 497.1239 -211 1915.029 509.3563 -211 1906.856 476.5795 -211 1938.785 482.3197 -211 1938.785 495.3441 -211 1922.893 510.9821 -211 1909.289 474.1463 -211 1940.41 486.6258 -211 1935.94 498.7497 -211 1917.462 511.5529 -211 1912.159 472.5205 -211 1942.843 484.7529 -211 1940.41 497.9395 -211 1924.627 519.3455 -211 1911.296 459.7157 -211 1954.648 489.2212 -211 1937.675 501.1828 -211 1919.088 518.1935 -211 1916.94 457.2825 -211 1956.274 462.5858 -211 1954.078 486.3787 -211 1942.843 499.6737 -211 1927.222 510.9821 -211 1915.029 438.2852 -211 1964.986 471.9496 -211 1945.713 492.2827 -211 1938.284 504.0529 -211 1919.659 509.3563 -211 1917.462 455.6567 -211 1958.707 465.456 -211 1954.648 486.9496 -211 1945.713 506.9231 -211 1919.088 455.0858 -211 1961.578 472.5205 -211 1948.584 496.8981 -211 1948.499 500.2827 -211 1930.284 455.6567 -211 1964.447 467.8892 -211 1956.274 486.3787 -211 1948.584 495.3441 -211 1937.675 499.6737 -211 1933.345 457.2825 -211 1966.881 474.1463 -211 1951.017 484.7529 -211 1951.017 497.9395 -211 1935.94 458.7224 -211 1976.182 469.515 -211 1958.707 482.3197 -211 1952.643 459.7157 -211 1968.507 476.5795 -211 1952.643 469.7948 -211 1975.2 462.5858 -211 1969.078 470.0858 -211 1961.578 469.515 -211 1964.447 464.3988 -211 1977.374 479.4496 -211 1953.213 467.8892 -211 1966.881 465.456 -211 1968.507 225.7303 -208 1929.706 263.8471 -185 1962.782 225.7293 -185 1929.705 264.6304 -208 1963.269 199.5984 -185 1886.527 199.2528 -208 1885.676 223.4291 -211 1931.63 197.058 -211 1888.238 202.8761 -211 1909.289 201.2503 -211 1906.856 213.3742 -211 1924.627 198.8172 -211 1905.23 210.7788 -211 1922.893 215.1084 -211 1927.222 195.947 -211 1904.659 203.447 -211 1912.159 215.7173 -211 1930.284 193.0769 -211 1905.23 207.7173 -211 1922.284 215.1084 -211 1933.345 182.8203 -211 1905.94 202.8761 -211 1915.029 220.5504 -211 1938.213 190.6437 -211 1906.856 204.6559 -211 1922.893 217.6803 -211 1938.785 223.4205 -211 1938.785 189.0179 -211 1909.289 201.2503 -211 1917.462 213.3742 -211 1935.94 225.8537 -211 1940.41 188.447 -211 1912.159 202.0605 -211 1924.627 215.2471 -211 1940.41 227.4795 -211 1942.843 180.6562 -211 1911.278 198.8172 -211 1919.088 210.7788 -211 1937.675 240.2843 -211 1954.648 181.8065 -211 1916.94 200.3263 -211 1927.222 213.6213 -211 1942.843 237.4142 -211 1954.078 242.7175 -211 1956.274 189.0179 -211 1915.029 195.947 -211 1919.659 207.7173 -211 1938.284 228.0504 -211 1945.713 261.7148 -211 1964.986 190.6437 -211 1917.462 193.0769 -211 1919.088 213.0504 -211 1945.713 234.544 -211 1954.648 244.3432 -211 1958.707 224.314 -210.7716 1930.899 199.7173 -211 1930.284 203.1019 -211 1948.499 227.4795 -211 1948.584 244.9142 -211 1961.578 197.7973 -210.5961 1887.341 263.7447 -210.1931 1963.841 204.6559 -211 1937.675 213.6213 -211 1948.584 232.1109 -211 1956.274 244.3432 -211 1964.447 197.9821 -210.4951 1887.117 197.058 -211 1888.238 225.0583 -210.1213 1930.272 200.3263 -211 1933.345 202.0605 -211 1935.94 215.2471 -211 1951.017 225.8537 -211 1951.017 242.7175 -211 1966.881 198.1669 -210.3941 1886.892 264.4121 -209.2159 1963.437 217.6803 -211 1952.643 230.4851 -211 1958.707 241.2776 -211 1976.182 225.5556 -209.1481 1929.853 198.5365 -210.1922 1886.444 230.2052 -211 1975.2 223.4205 -211 1952.643 240.2843 -211 1968.507 198.7926 -209.7054 1886.153 264.6304 -208 1963.269 230.4851 -211 1964.447 229.9142 -211 1961.578 237.4142 -211 1969.078 199.0488 -209.2186 1885.861 198.6646 -209.9488 1886.298 225.7303 -208 1929.706 232.1109 -211 1966.881 220.5504 -211 1953.213 235.5833 -211 1977.372 199.0615 -209.1424 1885.85 198.6006 -210.0705 1886.371 234.544 -211 1968.507 199.0743 -209.0662 1885.838 198.5365 -210.1922 1886.444 199.0998 -208.9139 1885.815 199.1508 -208.6093 1885.768 225.7303 -208 1929.706 199.2528 -208 1885.676 241.2226 -240 1975.903 242.7175 -240 1966.881 262.6337 -240 1964.382 240.2843 -240 1968.507 244.3432 -240 1964.447 237.4142 -240 1969.078 244.9142 -240 1961.578 235.6065 -240 1977.057 244.3432 -240 1958.707 234.544 -240 1968.507 242.7175 -240 1956.274 230.2938 -240 1974.945 223.7912 -240 1930.506 232.1109 -240 1966.881 240.2843 -240 1954.648 230.4851 -240 1964.447 227.4795 -240 1942.843 217.6803 -240 1952.643 237.4142 -240 1954.078 225.8537 -240 1940.41 220.5504 -240 1953.213 202.7579 -240 1948.334 228.0504 -240 1945.713 223.4205 -240 1938.785 229.9142 -240 1961.578 215.2471 -240 1951.017 234.544 -240 1954.648 220.5504 -240 1938.213 223.4205 -240 1952.643 213.6213 -240 1948.584 227.4795 -240 1948.584 215.1084 -240 1933.345 230.4851 -240 1958.707 213.0504 -240 1945.713 232.1109 -240 1956.274 217.6803 -240 1938.785 215.7173 -240 1930.284 225.8537 -240 1951.017 207.7173 -240 1938.284 213.3742 -240 1935.94 215.1084 -240 1927.222 204.6559 -240 1937.675 213.6213 -240 1942.843 215.2471 -240 1940.41 213.3742 -240 1924.627 202.0605 -240 1935.94 210.7788 -240 1937.675 202.8761 -240 1909.289 200.3263 -240 1933.345 210.7788 -240 1922.893 197.3377 -240 1886.274 181.0194 -240 1916.808 203.447 -240 1912.159 201.2503 -240 1906.856 199.7173 -240 1930.284 207.7173 -240 1922.284 198.8172 -240 1905.23 193.0769 -240 1919.088 202.8761 -240 1915.029 194.6039 -240 1889.674 200.3263 -240 1927.222 190.6437 -240 1917.462 204.6559 -240 1922.893 195.947 -240 1904.659 195.947 -240 1919.659 189.0179 -240 1915.029 201.2503 -240 1917.462 193.0769 -240 1905.23 198.8172 -240 1919.088 188.447 -240 1912.159 202.0605 -240 1924.627 181.9154 -240 1905.804 179.8103 -240 1911.162 190.6437 -240 1906.856 189.0179 -240 1909.289 501.1828 -240 1905.23 502.6623 -240 1886.274 505.3961 -240 1889.674 498.7497 -240 1906.856 504.0529 -240 1904.659 497.1239 -240 1909.289 506.9231 -240 1905.23 476.2088 -240 1930.506 518.0846 -240 1905.804 486.6258 -240 1924.627 509.3563 -240 1906.856 489.2212 -240 1922.893 484.8916 -240 1927.222 510.9821 -240 1909.289 496.5529 -240 1912.159 484.2827 -240 1930.284 511.5529 -240 1912.159 492.2827 -240 1922.284 484.8916 -240 1933.345 520.1897 -240 1911.162 497.1239 -240 1915.029 479.4496 -240 1938.213 518.9807 -240 1916.808 495.3441 -240 1922.893 482.3197 -240 1938.785 476.5795 -240 1938.785 510.9821 -240 1915.029 498.7497 -240 1917.462 486.6258 -240 1935.94 474.1463 -240 1940.41 509.3563 -240 1917.462 497.9395 -240 1924.627 484.7529 -240 1940.41 472.5205 -240 1942.843 506.9231 -240 1919.088 501.1828 -240 1919.088 489.2212 -240 1937.675 459.7157 -240 1954.648 500.2827 -240 1930.284 499.6737 -240 1927.222 486.3787 -240 1942.843 462.5858 -240 1954.078 457.2825 -240 1956.274 499.6737 -240 1933.345 504.0529 -240 1919.659 492.2827 -240 1938.284 471.9496 -240 1945.713 437.3663 -240 1964.382 497.2551 -240 1948.324 486.9496 -240 1945.713 465.456 -240 1954.648 455.6567 -240 1958.707 497.9395 -240 1935.94 472.5205 -240 1948.584 455.0858 -240 1961.578 495.3441 -240 1937.675 486.3787 -240 1948.584 467.8892 -240 1956.274 455.6567 -240 1964.447 484.7529 -240 1951.017 474.1463 -240 1951.017 457.2825 -240 1966.881 482.3197 -240 1952.643 469.515 -240 1958.707 458.7774 -240 1975.903 469.7062 -240 1974.945 476.5795 -240 1952.643 459.7157 -240 1968.507 469.515 -240 1964.447 470.0858 -240 1961.578 462.5858 -240 1969.078 467.8892 -240 1966.881 479.4496 -240 1953.213 464.3935 -240 1977.057 465.456 -240 1968.507</float_array>
          <technique_common>
            <accessor source="#Mesh1_003-mesh-positions-array" count="367" stride="3">
              <param name="X" type="float"/>
              <param name="Y" type="float"/>
              <param name="Z" type="float"/>
            </accessor>
          </technique_common>
        </source>
        <source id="Mesh1_003-mesh-normals">
          <float_array id="Mesh1_003-mesh-normals-array" count="435">-0.6572592 0.006303131 0.7536382 -0.6576139 -0.001366674 0.7533539 -0.858279 0.001401543 0.5131816 -0.8582143 -0.006213307 0.5132541 -0.8581479 0.006273984 0.5133643 0.8582145 -0.006156265 0.5132542 0.8582788 0.001382708 0.5131819 0.6576139 -0.001366674 0.7533539 0.85815 0.006273984 0.513361 0.6572656 0.006303191 0.7536328 0.8569639 -0.006199419 0.5153393 0.8555259 -1.34607e-5 0.5177601 0.6554059 5.50244e-6 0.7552768 0.6532464 -0.006226837 0.7571198 0.6376436 0.2172513 0.739062 0.6412386 0.1928285 0.7427182 0.8409192 0.1927318 0.5056773 0.8364425 0.2161155 0.503645 0.7152863 0.5507815 0.4301223 0.6822323 0.6040926 0.4118632 0.4800452 0.828225 0.2891365 0.2925661 0.9387852 0.1818999 0.1684277 0.9803857 0.1023529 0 1 3.22643e-6 0 1 0 0 1 -4.38427e-6 0 1 4.11008e-6 0 1 -7.96851e-6 0 1 1.76307e-6 0 1 -5.22687e-6 0 1 5.04286e-6 0 1 -3.38657e-6 0 1 6.10374e-6 0 1 6.767e-6 0 1 4.09306e-6 0 1 -5.65068e-6 0 1 -1.86444e-5 0 1 5.91058e-6 0 1 -5.94792e-6 0 1 1.42392e-6 0 1 -1.27786e-6 0.5457939 0.5508775 0.6313818 0.5208795 0.6056294 0.6015794 0.5208528 0.6056098 0.6016222 0.5203515 0.6066837 0.6009736 0.3683075 0.8284007 0.4220213 0.132105 0.9803749 0.1463335 0.2282863 0.9390855 0.2569122 0 1 -5.94347e-6 0.2264084 0.9387273 0.2598659 0 1 -5.09861e-6 0 1 1.83763e-5 0 1 -8.28564e-6 0 1 2.56755e-6 0 1 -2.56758e-6 0 1 9.30388e-6 0 1 2.5713e-6 0 1 1.62684e-6 0 1 1.319e-6 0 1 -7.01644e-7 0 1 3.00784e-6 0 1 2.70101e-6 0 1 2.61506e-6 0.2284413 0.9390681 0.2568377 0.225432 0.9384199 0.2618178 0.5196861 0.6056737 0.6025661 0.6378304 0.2198446 0.7381333 0.6384146 0.2149243 0.7390767 0.638002 0.2179296 0.7385528 0.6380595 0.217103 0.7387465 -0.6554061 4.2065e-6 0.7552768 -0.6532464 -0.006226003 0.7571198 -0.8555256 -1.55979e-5 0.5177605 -0.8569645 -0.006202876 0.515338 0 1 8.066e-7 0 1 6.05081e-6 0 1 -1.74993e-5 0 1 4.89848e-6 0 1 -5.94339e-6 0 1 4.26795e-6 -0.1298266 0.9802766 0.1490068 -0.1661733 0.9804787 0.1051103 -0.295142 0.9384676 0.1793593 -0.2284326 0.939042 0.2569411 -0.366453 0.8281686 0.424086 -0.4784092 0.8283879 0.2913729 -0.2924564 0.9388471 0.1817567 -0.5211451 0.6050981 0.6018838 -0.5452321 0.5508085 0.6319273 -0.7148559 0.5508448 0.4307566 -0.6817584 0.6048159 0.4115865 -0.6817659 0.604781 0.4116252 -0.6815893 0.6050786 0.4114803 -0.6381622 0.2166436 0.7387927 -0.6409961 0.192804 0.7429338 0 1 -5.71128e-6 0 1 4.61651e-6 0 1 -4.25853e-6 0 1 -2.80658e-6 0 1 -1.1301e-5 0 1 -6.13863e-6 0 1 -1.69184e-6 0 1 -7.13236e-6 0 1 6.10378e-6 0 1 6.51088e-6 0 1 -6.35469e-6 0 1 5.62078e-6 0 1 -2.18159e-6 0 1 1.03842e-6 0 1 -6.39898e-6 0 1 3.12237e-6 0 1 -8.76862e-6 0 1 1.21643e-5 0 1 -1.58599e-6 0 1 6.56347e-7 0 1 1.12038e-5 0 1 1.86441e-5 -0.2965989 0.9382746 0.1779609 -0.6825207 0.6048402 0.4102851 -0.836485 0.2159567 0.5036423 -0.836171 0.2172276 0.5036174 -0.8361975 0.2173888 0.5035037 -0.8363523 0.2165759 0.5035969 -0.8407452 0.1928536 0.5059199 -0.8366253 0.2166538 0.5031096 0 1 -7.14624e-6 -0.292599 0.9387677 0.1819371 0 1 1.76308e-6 0 1 1.08227e-6 0 1 -1.3782e-5 0 1 8.28555e-6 0 1 8.31808e-6 0 1 -4.65174e-6 0 1 -4.14291e-6 0 1 1.83759e-5 0 1 -1.68024e-6 0 1 -1.22797e-6 0 1 2.70948e-6 0 1 3.00792e-6 0 -1 0 0 -1 -1.98264e-5 0 -1 9.30832e-6 0 -1 -1.75349e-6 0 -1 3.91903e-6 0 -1 -1.99148e-5</float_array>
          <technique_common>
            <accessor source="#Mesh1_003-mesh-normals-array" count="145" stride="3">
              <param name="X" type="float"/>
              <param name="Y" type="float"/>
              <param name="Z" type="float"/>
            </accessor>
          </technique_common>
        </source>
        <vertices id="Mesh1_003-mesh-vertices">
          <input semantic="POSITION" source="#Mesh1_003-mesh-positions"/>
        </vertices>
        <triangles material="Material_0_003-material" count="388">
          <input semantic="VERTEX" source="#Mesh1_003-mesh-vertices" offset="0"/>
          <input semantic="NORMAL" source="#Mesh1_003-mesh-normals" offset="1"/>
          <p>0 0 1 0 2 0 3 1 2 1 1 1 3 2 1 2 4 2 5 3 4 3 1 3 3 4 4 4 6 4 7 5 8 5 9 5 9 6 8 6 10 6 8 7 11 7 10 7 10 8 12 8 9 8 13 9 11 9 8 9 14 10 15 10 16 10 14 11 16 11 17 11 18 12 14 12 17 12 14 13 18 13 19 13 20 14 14 14 19 14 14 15 20 15 21 15 14 16 21 16 23 16 21 17 25 17 23 17 25 18 21 18 27 18 27 19 30 19 25 19 27 20 32 20 30 20 32 21 35 21 30 21 35 22 32 22 39 22 41 23 35 23 39 23 41 24 39 24 44 24 46 24 44 24 39 24 46 24 39 24 49 24 52 24 49 24 39 24 39 24 55 24 52 24 59 24 52 24 55 24 59 24 63 24 52 24 59 25 67 25 63 25 71 26 63 26 67 26 76 27 71 27 67 27 71 24 76 24 81 24 86 24 81 24 76 24 81 24 86 24 90 24 95 24 81 24 90 24 86 24 94 24 90 24 94 24 99 24 90 24 99 24 103 24 90 24 90 28 103 28 106 28 90 24 100 24 95 24 100 24 90 24 96 24 96 24 90 24 73 24 73 29 91 29 96 29 91 24 73 24 87 24 87 24 77 24 91 24 82 24 77 24 87 24 72 30 77 30 82 30 72 31 68 31 77 31 64 24 68 24 72 24 64 32 60 32 68 32 56 24 60 24 64 24 56 24 53 24 60 24 56 33 50 33 53 33 53 24 50 24 47 24 47 34 50 34 41 34 41 35 44 35 47 35 87 36 73 36 83 36 73 37 78 37 83 37 65 24 78 24 73 24 73 24 69 24 65 24 54 24 65 24 69 24 65 24 54 24 61 24 54 38 57 38 61 38 51 24 57 24 54 24 54 39 35 39 51 39 35 24 48 24 51 24 45 40 48 40 35 40 35 24 41 24 43 24 35 24 43 24 45 24 21 41 29 41 27 41 29 42 31 42 27 42 31 43 33 43 27 43 27 44 33 44 36 44 32 45 27 45 34 45 32 46 40 46 39 46 38 47 32 47 34 47 39 48 58 48 55 48 40 49 42 49 39 49 39 24 62 24 58 24 39 24 66 24 62 24 66 50 39 50 70 50 75 51 66 51 70 51 75 52 80 52 66 52 80 24 75 24 85 24 89 24 80 24 85 24 89 24 85 24 93 24 93 53 98 53 89 53 98 54 93 54 102 54 98 55 102 55 105 55 105 56 102 56 108 56 108 24 111 24 105 24 108 24 109 24 111 24 103 24 111 24 109 24 74 24 70 24 39 24 39 57 79 57 74 57 74 24 79 24 84 24 109 24 106 24 103 24 79 58 88 58 84 58 88 24 79 24 92 24 97 24 92 24 79 24 79 59 101 59 97 59 104 60 97 60 101 60 107 61 104 61 101 61 107 24 101 24 110 24 113 24 107 24 110 24 106 24 113 24 110 24 113 62 106 62 112 62 109 24 112 24 106 24 32 63 38 63 40 63 37 64 34 64 27 64 28 65 29 65 21 65 21 66 26 66 28 66 26 67 21 67 24 67 24 68 21 68 22 68 22 69 21 69 20 69 114 70 115 70 116 70 117 71 115 71 114 71 118 72 114 72 116 72 118 73 119 73 114 73 120 74 121 74 122 74 122 75 124 75 120 75 124 76 127 76 120 76 127 24 130 24 120 24 133 24 120 24 130 24 120 77 133 77 136 77 140 78 120 78 136 78 120 24 140 24 144 24 148 24 120 24 144 24 120 50 148 50 152 50 120 79 152 79 157 79 120 24 157 24 162 24 168 80 120 80 162 80 168 81 173 81 120 81 120 82 173 82 180 82 168 83 162 83 174 83 174 84 181 84 168 84 181 85 187 85 168 85 179 86 168 86 187 86 188 87 181 87 174 87 192 88 181 88 188 88 181 89 192 89 197 89 203 90 181 90 197 90 209 91 181 91 203 91 181 92 209 92 212 92 192 93 188 93 198 93 198 94 204 94 192 94 162 95 157 95 167 95 162 96 167 96 172 96 162 97 172 97 178 97 186 24 162 24 178 24 191 98 162 98 186 98 124 99 122 99 126 99 126 100 122 100 129 100 129 24 132 24 126 24 132 101 129 101 135 101 135 24 138 24 132 24 135 102 142 102 138 102 142 103 146 103 138 103 146 104 142 104 150 104 150 24 154 24 146 24 150 24 159 24 154 24 164 105 154 105 159 105 164 106 169 106 154 106 153 107 169 107 164 107 169 24 153 24 182 24 153 108 170 108 182 108 170 109 183 109 182 109 183 24 170 24 175 24 160 24 175 24 170 24 160 24 170 24 165 24 160 110 165 110 155 110 155 24 151 24 160 24 147 24 151 24 155 24 151 24 147 24 143 24 143 111 147 111 139 111 143 24 139 24 133 24 123 112 122 112 121 112 123 113 121 113 125 113 121 24 128 24 125 24 131 114 128 114 121 114 131 24 121 24 134 24 131 24 134 24 137 24 137 24 134 24 141 24 145 24 141 24 134 24 134 24 149 24 145 24 153 24 145 24 149 24 145 115 153 115 158 115 163 24 158 24 153 24 153 116 164 116 163 116 193 117 187 117 181 117 202 118 197 118 192 118 192 119 208 119 202 119 208 120 192 120 211 120 211 121 192 121 213 121 213 122 192 122 214 122 215 123 214 123 192 123 214 124 215 124 216 124 133 125 139 125 136 125 168 126 179 126 173 126 165 24 170 24 176 24 184 24 176 24 170 24 170 24 189 24 184 24 194 127 189 127 170 127 189 128 194 128 199 128 199 129 206 129 189 129 206 130 199 130 200 130 195 131 206 131 200 131 190 24 195 24 200 24 185 24 195 24 190 24 177 24 185 24 190 24 185 24 177 24 171 24 171 132 177 132 166 132 161 24 171 24 166 24 161 24 166 24 156 24 156 133 148 133 161 133 152 134 148 134 156 134 205 135 199 135 194 135 194 24 210 24 205 24 210 24 194 24 207 24 201 136 210 136 207 136 207 137 191 137 201 137 196 24 201 24 191 24 196 138 191 138 186 138 217 139 218 139 219 139 220 139 218 139 217 139 222 139 220 139 217 139 217 139 224 139 222 139 224 139 226 139 222 139 228 139 226 139 224 139 226 139 228 139 230 139 232 139 230 139 228 139 234 139 232 139 228 139 234 139 237 139 232 139 241 139 232 139 237 139 241 139 237 139 245 139 241 139 245 139 249 139 249 139 245 139 254 139 251 139 249 139 254 139 247 139 251 139 254 139 251 139 247 139 243 139 243 139 247 139 239 139 235 139 243 139 239 139 239 139 233 139 235 139 231 139 235 139 233 139 231 139 233 139 229 139 229 139 227 139 231 139 227 139 229 139 219 139 225 139 227 139 219 139 223 140 225 140 219 140 219 141 221 141 223 141 221 139 219 139 218 139 238 142 234 142 228 142 242 139 234 139 238 139 238 139 246 139 242 139 246 139 238 139 250 139 250 139 238 139 255 139 259 139 250 139 255 139 255 139 263 139 259 139 259 139 263 139 260 139 256 139 260 139 263 139 252 139 260 139 256 139 248 139 252 139 256 139 244 139 252 139 248 139 244 139 248 139 229 139 244 139 229 139 240 139 236 139 240 139 229 139 253 139 229 139 248 139 233 139 236 139 229 139 229 139 253 139 257 139 229 139 257 139 261 139 229 139 261 139 264 139 264 139 267 139 229 139 238 139 258 139 255 139 258 139 238 139 262 139 265 139 262 139 238 139 265 143 238 143 268 143 265 144 268 144 271 144 274 139 271 139 268 139 277 139 271 139 274 139 281 139 277 139 274 139 277 139 281 139 285 139 287 139 277 139 285 139 285 139 283 139 287 139 279 139 287 139 283 139 279 139 283 139 275 139 272 139 279 139 275 139 275 139 269 139 272 139 266 139 272 139 269 139 266 139 264 139 261 139 269 139 264 139 266 139 278 139 274 139 268 139 268 139 282 139 278 139 282 139 268 139 286 139 289 139 286 139 268 139 286 139 289 139 288 139 288 139 291 139 286 139 291 139 288 139 290 139 290 139 288 139 284 139 284 139 288 139 276 139 276 139 280 139 284 139 276 139 273 139 280 139 276 139 267 139 273 139 273 139 267 139 270 139 267 139 264 139 270 139 292 139 293 139 294 139 294 139 296 139 292 139 298 139 296 139 294 139 294 139 300 139 298 139 302 139 298 139 300 139 302 139 300 139 305 139 305 139 300 139 308 139 311 139 308 139 300 139 311 139 314 139 308 139 314 139 318 139 308 139 318 139 314 139 322 139 292 139 295 139 293 139 293 139 295 139 297 139 297 139 299 139 293 139 299 139 297 139 301 139 301 139 297 139 303 139 306 139 303 139 297 139 306 139 309 139 303 139 309 139 306 139 312 139 312 139 315 139 309 139 315 139 312 139 319 139 319 139 323 139 315 139 327 139 323 139 319 139 327 139 331 139 323 139 331 139 327 139 336 139 326 139 331 139 336 139 330 139 331 139 326 139 330 139 326 139 314 139 335 139 330 139 314 139 340 139 335 139 314 139 340 139 344 139 335 139 340 139 347 139 344 139 347 139 340 139 337 139 337 139 340 139 341 139 341 139 332 139 337 139 328 139 337 139 332 139 324 139 328 139 332 139 324 139 320 139 328 139 320 139 324 139 316 139 316 139 310 139 320 139 313 139 310 139 316 139 299 139 310 139 313 139 307 139 310 139 299 139 299 139 304 139 307 139 299 139 301 139 304 139 299 139 313 139 317 139 321 139 299 139 317 139 321 139 325 139 299 139 299 139 325 139 329 139 334 139 299 139 329 139 334 139 339 139 299 139 348 139 341 139 340 139 340 139 351 139 348 139 340 139 354 139 351 139 354 139 340 139 357 139 357 139 360 139 354 139 354 139 360 139 364 139 364 139 360 139 361 139 364 139 361 139 358 139 361 139 355 139 358 139 355 139 352 139 358 139 357 139 363 139 360 139 352 139 355 139 349 139 352 139 349 139 345 139 345 139 349 139 342 139 345 139 342 139 338 139 338 139 342 139 333 139 333 139 325 139 338 139 325 139 333 139 329 139 339 139 334 139 343 139 343 139 346 139 339 139 350 139 339 139 346 139 353 139 339 139 350 139 353 139 356 139 339 139 353 139 359 139 356 139 362 139 356 139 359 139 365 139 356 139 362 139 362 139 366 139 365 139 357 139 365 139 366 139 326 139 322 139 314 139 363 139 357 139 366 139</p>
        </triangles>
      </mesh>
    </geometry>
  </library_geometries>
  <library_visual_scenes>
    <visual_scene id="Scene" name="Scene">
      <node id="link_2" name="link_2" type="NODE">
        <matrix sid="transform">0.001 0 0 0 0 0.001 0 0 0 0 0.001 0 0 0 0 1</matrix>
        <node id="Default" name="Default" type="NODE">
          <matrix sid="transform">1 0 0 0 0 1 0 0 0 0 1 0 0 0 0 1</matrix>
          <instance_geometry url="#Mesh1_003-mesh" name="Default">
            <bind_material>
              <technique_common>
                <instance_material symbol="Material_0_003-material" target="#Material_0_003-material"/>
              </technique_common>
            </bind_material>
          </instance_geometry>
        </node>
        <node id="Default_001" name="Default.001" type="NODE">
          <matrix sid="transform">1 0 0 0 0 1 0 0 0 0 1 0 0 0 0 1</matrix>
          <instance_geometry url="#Mesh2_003-mesh" name="Default.001">
            <bind_material>
              <technique_common>
                <instance_material symbol="Material_1_003-material" target="#Material_1_003-material"/>
              </technique_common>
            </bind_material>
          </instance_geometry>
        </node>
        <node id="Default_002" name="Default.002" type="NODE">
          <matrix sid="transform">1 0 0 0 0 1 0 0 0 0 1 0 0 0 0 1</matrix>
          <instance_geometry url="#Mesh3_002-mesh" name="Default.002">
            <bind_material>
              <technique_common>
                <instance_material symbol="Material_1_003-material" target="#Material_1_003-material"/>
              </technique_common>
            </bind_material>
          </instance_geometry>
        </node>
        <node id="Default_003" name="Default.003" type="NODE">
          <matrix sid="transform">1 0 0 0 0 1 0 0 0 0 1 0 0 0 0 1</matrix>
          <instance_geometry url="#Mesh4_002-mesh" name="Default.003">
            <bind_material>
              <technique_common>
                <instance_material symbol="Material_2_001-material" target="#Material_2_001-material"/>
              </technique_common>
            </bind_material>
          </instance_geometry>
        </node>
        <node id="Default_004" name="Default.004" type="NODE">
          <matrix sid="transform">1 0 0 0 0 1 0 0 0 0 1 0 0 0 0 1</matrix>
          <instance_geometry url="#Mesh5_002-mesh" name="Default.004">
            <bind_material>
              <technique_common>
                <instance_material symbol="Material_3_001-material" target="#Material_3_001-material"/>
              </technique_common>
            </bind_material>
          </instance_geometry>
        </node>
        <node id="Default_0_ez_rf_ez_a2_2_3ds" name="Default_0_ez.rf_ez_a2_2.3ds" type="NODE">
          <matrix sid="transform">1 0 0 0 0 1 0 0 0 0 1 0 0 0 0 1</matrix>
          <instance_geometry url="#Mesh6_001-mesh" name="Default_0_ez.rf_ez_a2_2.3ds">
            <bind_material>
              <technique_common>
                <instance_material symbol="Material_4_001-material" target="#Material_4_001-material"/>
              </technique_common>
            </bind_material>
          </instance_geometry>
        </node>
        <node id="Default_2_ez_rf_ez_a2_2_3ds" name="Default_2_ez.rf_ez_a2_2.3ds" type="NODE">
          <matrix sid="transform">1 0 0 0 0 1 0 0 0 0 1 0 0 0 0 1</matrix>
          <instance_geometry url="#Mesh7_001-mesh" name="Default_2_ez.rf_ez_a2_2.3ds">
            <bind_material>
              <technique_common>
                <instance_material symbol="Material_4_001-material" target="#Material_4_001-material"/>
              </technique_common>
            </bind_material>
          </instance_geometry>
        </node>
        <node id="Default_8_ez_rf_ez_a2_2_3ds" name="Default_8_ez.rf_ez_a2_2.3ds" type="NODE">
          <matrix sid="transform">1 0 0 0 0 1 0 0 0 0 1 0 0 0 0 1</matrix>
          <instance_geometry url="#Mesh8_001-mesh" name="Default_8_ez.rf_ez_a2_2.3ds">
            <bind_material>
              <technique_common>
                <instance_material symbol="Material_4_001-material" target="#Material_4_001-material"/>
              </technique_common>
            </bind_material>
          </instance_geometry>
        </node>
        <node id="Default_9_ez_rf_ez_a2_2_3ds" name="Default_9_ez.rf_ez_a2_2.3ds" type="NODE">
          <matrix sid="transform">1 0 0 0 0 1 0 0 0 0 1 0 0 0 0 1</matrix>
          <instance_geometry url="#Mesh9_001-mesh" name="Default_9_ez.rf_ez_a2_2.3ds">
            <bind_material>
              <technique_common>
                <instance_material symbol="Material_4_001-material" target="#Material_4_001-material"/>
              </technique_common>
            </bind_material>
          </instance_geometry>
        </node>
        <node id="Default_10_ez_rf_ez_a2_2_3ds" name="Default_10_ez.rf_ez_a2_2.3ds" type="NODE">
          <matrix sid="transform">1 0 0 0 0 1 0 0 0 0 1 0 0 0 0 1</matrix>
          <instance_geometry url="#Mesh10_001-mesh" name="Default_10_ez.rf_ez_a2_2.3ds">
            <bind_material>
              <technique_common>
                <instance_material symbol="Material_4_001-material" target="#Material_4_001-material"/>
              </technique_common>
            </bind_material>
          </instance_geometry>
        </node>
        <node id="Default_12_ez_rf_ez_a2_2_3ds" name="Default_12_ez.rf_ez_a2_2.3ds" type="NODE">
          <matrix sid="transform">1 0 0 0 0 1 0 0 0 0 1 0 0 0 0 1</matrix>
          <instance_geometry url="#Mesh11_001-mesh" name="Default_12_ez.rf_ez_a2_2.3ds">
            <bind_material>
              <technique_common>
                <instance_material symbol="Material_4_001-material" target="#Material_4_001-material"/>
              </technique_common>
            </bind_material>
          </instance_geometry>
        </node>
        <node id="Default_13_ez_rf_ez_a2_2_3ds" name="Default_13_ez.rf_ez_a2_2.3ds" type="NODE">
          <matrix sid="transform">1 0 0 0 0 1 0 0 0 0 1 0 0 0 0 1</matrix>
          <instance_geometry url="#Mesh12_001-mesh" name="Default_13_ez.rf_ez_a2_2.3ds">
            <bind_material>
              <technique_common>
                <instance_material symbol="Material_4_001-material" target="#Material_4_001-material"/>
              </technique_common>
            </bind_material>
          </instance_geometry>
        </node>
        <node id="Default_14_ez_rf_ez_a2_2_3ds" name="Default_14_ez.rf_ez_a2_2.3ds" type="NODE">
          <matrix sid="transform">1 0 0 0 0 1 0 0 0 0 1 0 0 0 0 1</matrix>
          <instance_geometry url="#Mesh13_001-mesh" name="Default_14_ez.rf_ez_a2_2.3ds">
            <bind_material>
              <technique_common>
                <instance_material symbol="Material_4_001-material" target="#Material_4_001-material"/>
              </technique_common>
            </bind_material>
          </instance_geometry>
        </node>
        <node id="Default_15_ez_rf_ez_a2_2_3ds" name="Default_15_ez.rf_ez_a2_2.3ds" type="NODE">
          <matrix sid="transform">1 0 0 0 0 1 0 0 0 0 1 0 0 0 0 1</matrix>
          <instance_geometry url="#Mesh14_001-mesh" name="Default_15_ez.rf_ez_a2_2.3ds">
            <bind_material>
              <technique_common>
                <instance_material symbol="Material_4_001-material" target="#Material_4_001-material"/>
              </technique_common>
            </bind_material>
          </instance_geometry>
        </node>
        <node id="Default_17_ez_rf_ez_a2_2_3ds" name="Default_17_ez.rf_ez_a2_2.3ds" type="NODE">
          <matrix sid="transform">1 0 0 0 0 1 0 0 0 0 1 0 0 0 0 1</matrix>
          <instance_geometry url="#Mesh15_001-mesh" name="Default_17_ez.rf_ez_a2_2.3ds">
            <bind_material>
              <technique_common>
                <instance_material symbol="Material_4_001-material" target="#Material_4_001-material"/>
              </technique_common>
            </bind_material>
          </instance_geometry>
        </node>
        <node id="Default_18_ez_rf_ez_a2_2_3ds" name="Default_18_ez.rf_ez_a2_2.3ds" type="NODE">
          <matrix sid="transform">1 0 0 0 0 1 0 0 0 0 1 0 0 0 0 1</matrix>
          <instance_geometry url="#Mesh16_001-mesh" name="Default_18_ez.rf_ez_a2_2.3ds">
            <bind_material>
              <technique_common>
                <instance_material symbol="Material_4_001-material" target="#Material_4_001-material"/>
              </technique_common>
            </bind_material>
          </instance_geometry>
        </node>
        <node id="Default_19_ez_rf_ez_a2_2_3ds" name="Default_19_ez.rf_ez_a2_2.3ds" type="NODE">
          <matrix sid="transform">1 0 0 0 0 1 0 0 0 0 1 0 0 0 0 1</matrix>
          <instance_geometry url="#Mesh17_001-mesh" name="Default_19_ez.rf_ez_a2_2.3ds">
            <bind_material>
              <technique_common>
                <instance_material symbol="Material_4_001-material" target="#Material_4_001-material"/>
              </technique_common>
            </bind_material>
          </instance_geometry>
        </node>
        <node id="Default_21_ez_rf_ez_a2_2_3ds" name="Default_21_ez.rf_ez_a2_2.3ds" type="NODE">
          <matrix sid="transform">1 0 0 0 0 1 0 0 0 0 1 0 0 0 0 1</matrix>
          <instance_geometry url="#Mesh18_001-mesh" name="Default_21_ez.rf_ez_a2_2.3ds">
            <bind_material>
              <technique_common>
                <instance_material symbol="Material_4_001-material" target="#Material_4_001-material"/>
              </technique_common>
            </bind_material>
          </instance_geometry>
        </node>
        <node id="Default_22_ez_rf_ez_a2_2_3ds" name="Default_22_ez.rf_ez_a2_2.3ds" type="NODE">
          <matrix sid="transform">1 0 0 0 0 1 0 0 0 0 1 0 0 0 0 1</matrix>
          <instance_geometry url="#Mesh19_001-mesh" name="Default_22_ez.rf_ez_a2_2.3ds">
            <bind_material>
              <technique_common>
                <instance_material symbol="Material_4_001-material" target="#Material_4_001-material"/>
              </technique_common>
            </bind_material>
          </instance_geometry>
        </node>
        <node id="Default_23_ez_rf_ez_a2_2_3ds" name="Default_23_ez.rf_ez_a2_2.3ds" type="NODE">
          <matrix sid="transform">1 0 0 0 0 1 0 0 0 0 1 0 0 0 0 1</matrix>
          <instance_geometry url="#Mesh20_001-mesh" name="Default_23_ez.rf_ez_a2_2.3ds">
            <bind_material>
              <technique_common>
                <instance_material symbol="Material_4_001-material" target="#Material_4_001-material"/>
              </technique_common>
            </bind_material>
          </instance_geometry>
        </node>
        <node id="Default_24_ez_rf_ez_a2_2_3ds" name="Default_24_ez.rf_ez_a2_2.3ds" type="NODE">
          <matrix sid="transform">1 0 0 0 0 1 0 0 0 0 1 0 0 0 0 1</matrix>
          <instance_geometry url="#Mesh21_001-mesh" name="Default_24_ez.rf_ez_a2_2.3ds">
            <bind_material>
              <technique_common>
                <instance_material symbol="Material_4_001-material" target="#Material_4_001-material"/>
              </technique_common>
            </bind_material>
          </instance_geometry>
        </node>
        <node id="Default_25_ez_rf_ez_a2_2_3ds" name="Default_25_ez.rf_ez_a2_2.3ds" type="NODE">
          <matrix sid="transform">1 0 0 0 0 1 0 0 0 0 1 0 0 0 0 1</matrix>
          <instance_geometry url="#Mesh22_001-mesh" name="Default_25_ez.rf_ez_a2_2.3ds">
            <bind_material>
              <technique_common>
                <instance_material symbol="Material_4_001-material" target="#Material_4_001-material"/>
              </technique_common>
            </bind_material>
          </instance_geometry>
        </node>
        <node id="Default_1_ez_rf_ez_a2_2_3ds" name="Default_1_ez.rf_ez_a2_2.3ds" type="NODE">
          <matrix sid="transform">1 0 0 0 0 1 0 0 0 0 1 0 0 0 0 1</matrix>
          <instance_geometry url="#Mesh23_001-mesh" name="Default_1_ez.rf_ez_a2_2.3ds">
            <bind_material>
              <technique_common>
                <instance_material symbol="Material_5-material" target="#Material_5-material"/>
              </technique_common>
            </bind_material>
          </instance_geometry>
        </node>
        <node id="Default_6_ez_rf_ez_a2_2_3ds" name="Default_6_ez.rf_ez_a2_2.3ds" type="NODE">
          <matrix sid="transform">1 0 0 0 0 1 0 0 0 0 1 0 0 0 0 1</matrix>
          <instance_geometry url="#Mesh24-mesh" name="Default_6_ez.rf_ez_a2_2.3ds">
            <bind_material>
              <technique_common>
                <instance_material symbol="Material_5-material" target="#Material_5-material"/>
              </technique_common>
            </bind_material>
          </instance_geometry>
        </node>
        <node id="Default_7_ez_rf_ez_a2_2_3ds" name="Default_7_ez.rf_ez_a2_2.3ds" type="NODE">
          <matrix sid="transform">1 0 0 0 0 1 0 0 0 0 1 0 0 0 0 1</matrix>
          <instance_geometry url="#Mesh25-mesh" name="Default_7_ez.rf_ez_a2_2.3ds">
            <bind_material>
              <technique_common>
                <instance_material symbol="Material_5-material" target="#Material_5-material"/>
              </technique_common>
            </bind_material>
          </instance_geometry>
        </node>
        <node id="Default_11_ez_rf_ez_a2_2_3ds" name="Default_11_ez.rf_ez_a2_2.3ds" type="NODE">
          <matrix sid="transform">1 0 0 0 0 1 0 0 0 0 1 0 0 0 0 1</matrix>
          <instance_geometry url="#Mesh26-mesh" name="Default_11_ez.rf_ez_a2_2.3ds">
            <bind_material>
              <technique_common>
                <instance_material symbol="Material_5-material" target="#Material_5-material"/>
              </technique_common>
            </bind_material>
          </instance_geometry>
        </node>
        <node id="Default_16_ez_rf_ez_a2_2_3ds" name="Default_16_ez.rf_ez_a2_2.3ds" type="NODE">
          <matrix sid="transform">1 0 0 0 0 1 0 0 0 0 1 0 0 0 0 1</matrix>
          <instance_geometry url="#Mesh27-mesh" name="Default_16_ez.rf_ez_a2_2.3ds">
            <bind_material>
              <technique_common>
                <instance_material symbol="Material_5-material" target="#Material_5-material"/>
              </technique_common>
            </bind_material>
          </instance_geometry>
        </node>
        <node id="Default_20_ez_rf_ez_a2_2_3ds" name="Default_20_ez.rf_ez_a2_2.3ds" type="NODE">
          <matrix sid="transform">1 0 0 0 0 1 0 0 0 0 1 0 0 0 0 1</matrix>
          <instance_geometry url="#Mesh28-mesh" name="Default_20_ez.rf_ez_a2_2.3ds">
            <bind_material>
              <technique_common>
                <instance_material symbol="Material_5-material" target="#Material_5-material"/>
              </technique_common>
            </bind_material>
          </instance_geometry>
        </node>
        <node id="Default_28_ez_rf_ez_a2_2_3ds" name="Default_28_ez.rf_ez_a2_2.3ds" type="NODE">
          <matrix sid="transform">1 0 0 0 0 1 0 0 0 0 1 0 0 0 0 1</matrix>
          <instance_geometry url="#Mesh29-mesh" name="Default_28_ez.rf_ez_a2_2.3ds">
            <bind_material>
              <technique_common>
                <instance_material symbol="Material_5-material" target="#Material_5-material"/>
              </technique_common>
            </bind_material>
          </instance_geometry>
        </node>
      </node>
    </visual_scene>
  </library_visual_scenes>
  <scene>
    <instance_visual_scene url="#Scene"/>
  </scene>
</COLLADA>
