<?xml version="1.0" encoding="utf-8"?>
<COLLADA xmlns="http://www.collada.org/2005/11/COLLADASchema" version="1.4.1" xmlns:xsi="http://www.w3.org/2001/XMLSchema-instance">
  <asset>
    <contributor>
      <author>Blender User</author>
      <authoring_tool>Blender 4.4.3 commit date:2025-04-29, commit time:14:09, hash:802179c51ccc</authoring_tool>
    </contributor>
    <created>2026-08-03T09:54:38</created>
    <modified>2026-08-03T09:54:38</modified>
    <unit name="meter" meter="1"/>
    <up_axis>Z_UP</up_axis>
  </asset>
  <library_effects>
    <effect id="Material_1-effect">
      <profile_COMMON>
        <technique sid="common">
          <lambert>
            <emission>
              <color sid="emission">0 0 0 1</color>
            </emission>
            <diffuse>
              <color sid="diffuse">0.03310477 0.03310477 0.03310477 1</color>
            </diffuse>
            <index_of_refraction>
              <float sid="ior">1.5</float>
            </index_of_refraction>
          </lambert>
        </technique>
      </profile_COMMON>
    </effect>
    <effect id="Material_0-effect">
      <profile_COMMON>
        <technique sid="common">
          <lambert>
            <emission>
              <color sid="emission">0 0 0 1</color>
            </emission>
            <diffuse>
              <color sid="diffuse">0.07421356 0.07421356 0.07421356 1</color>
            </diffuse>
            <index_of_refraction>
              <float sid="ior">1.5</float>
            </index_of_refraction>
          </lambert>
        </technique>
      </profile_COMMON>
    </effect>
  </library_effects>
  <library_images/>
  <library_materials>
    <material id="Material_1-material" name="Material_1">
      <instance_effect url="#Material_1-effect"/>
    </material>
    <material id="Material_0-material" name="Material_0">
      <instance_effect url="#Material_0-effect"/>
    </material>
  </library_materials>
  <library_geometries>
    <geometry id="Mesh7-mesh" name="Mesh7">
      <mesh>
        <source id="Mesh7-mesh-positions">
          <float_array id="Mesh7-mesh-positions-array" count="441">322 -202 -315 322 -202 -302 322 -242 -302.5 322 -242 -290 322 -242 -315 322 -172 -290 322 -172 -333 322 -172 -302 322 -172 -315 322 -261 -315 322 -517 -333 322 -498 -315 322 -297 -303 322 -517 -315 322 -279.5 -305.5 322 -462 -303 322 -261 -305.5 322 -279.5 -288.625 322 -479.5 -305.5 322 -297 -286.75 322 -479.5 -288.625 322 -498 -305.5 322 -279.5 -271.75 322 -479.5 -271.75 322 -297 -270.5 322 -462 -238 322 -279.5 -238 322 -479.5 -238 322 -297 -238 322 -172 -333 322 -517 -333 17 -517 -333 17 -172 -333 17 -498 -305.5 17 -479.5 -305.5 17 -498 -315 17 -462 -303 17 -479.5 -288.625 17 -297 -303 17 -462 -286.75 17 -261 -315 17 -479.5 -271.75 17 -279.5 -305.5 17 -517 -333 17 -462 -270.5 17 -261 -305.5 17 -279.5 -288.625 17 -517 -315 17 -172 -333 17 -479.5 -238 17 -297 -270.5 17 -242 -315 17 -462 -238 17 -279.5 -271.75 17 -202 -315 17 -279.5 -238 17 -242 -302.5 17 -172 -315 17 -297 -238 17 -202 -302 17 -242 -290 17 -172 -290 17 -172 -302 17 -172 -315 322 -172 -315 322 -172 -333 17 -172 -333 322 -202 -315 322 -172 -315 17 -172 -315 17 -202 -315 17 -202 -302 322 -202 -302 322 -202 -315 17 -202 -315 322 -172 -302 322 -202 -302 17 -202 -302 17 -172 -302 17 -172 -290 322 -172 -290 322 -172 -302 17 -172 -302 322 -242 -290 322 -172 -290 17 -172 -290 17 -242 -290 17 -242 -315 322 -242 -315 322 -242 -290 17 -242 -290 322 -261 -315 322 -242 -315 17 -242 -315 17 -261 -315 17 -261 -305.5 322 -261 -305.5 322 -261 -315 17 -261 -315 322 -279.5 -305.5 322 -261 -305.5 17 -261 -305.5 17 -279.5 -305.5 17 -279.5 -238 322 -279.5 -238 322 -279.5 -305.5 17 -279.5 -305.5 322 -297 -238 322 -279.5 -238 17 -279.5 -238 17 -297 -238 17 -297 -303 322 -297 -303 322 -297 -238 17 -297 -238 322 -462 -303 322 -297 -303 17 -297 -303 17 -462 -303 17 -462 -238 322 -462 -238 322 -462 -303 17 -462 -303 322 -479.5 -238 322 -462 -238 17 -462 -238 17 -479.5 -238 17 -479.5 -305.5 322 -479.5 -305.5 322 -479.5 -238 17 -479.5 -238 322 -498 -305.5 322 -479.5 -305.5 17 -479.5 -305.5 17 -498 -305.5 17 -498 -315 322 -498 -315 322 -498 -305.5 17 -498 -305.5 322 -517 -315 322 -498 -315 17 -498 -315 17 -517 -315 17 -517 -333 322 -517 -333 322 -517 -315 17 -517 -315</float_array>
          <technique_common>
            <accessor source="#Mesh7-mesh-positions-array" count="147" stride="3">
              <param name="X" type="float"/>
              <param name="Y" type="float"/>
              <param name="Z" type="float"/>
            </accessor>
          </technique_common>
        </source>
        <source id="Mesh7-mesh-normals">
          <float_array id="Mesh7-mesh-normals-array" count="18">1 0 0 0 0 -1 -1 0 0 0 1 0 0 0 1 0 -1 0</float_array>
          <technique_common>
            <accessor source="#Mesh7-mesh-normals-array" count="6" stride="3">
              <param name="X" type="float"/>
              <param name="Y" type="float"/>
              <param name="Z" type="float"/>
            </accessor>
          </technique_common>
        </source>
        <vertices id="Mesh7-mesh-vertices">
          <input semantic="POSITION" source="#Mesh7-mesh-positions"/>
        </vertices>
        <triangles material="Material_1-material" count="99">
          <input semantic="VERTEX" source="#Mesh7-mesh-vertices" offset="0"/>
          <input semantic="NORMAL" source="#Mesh7-mesh-normals" offset="1"/>
          <p>0 0 1 0 2 0 1 0 3 0 2 0 4 0 0 0 2 0 5 0 3 0 1 0 6 0 0 0 4 0 1 0 7 0 5 0 0 0 6 0 8 0 4 0 9 0 6 0 9 0 10 0 6 0 9 0 11 0 10 0 11 0 9 0 12 0 13 0 10 0 11 0 12 0 9 0 14 0 12 0 15 0 11 0 9 0 16 0 14 0 14 0 17 0 12 0 11 0 15 0 18 0 17 0 19 0 12 0 15 0 20 0 18 0 11 0 18 0 21 0 22 0 19 0 17 0 15 0 23 0 20 0 22 0 24 0 19 0 25 0 23 0 15 0 24 0 22 0 26 0 27 0 23 0 25 0 24 0 26 0 28 0 29 1 30 1 31 1 31 1 32 1 29 1 33 2 34 2 35 2 34 2 36 2 35 2 34 2 37 2 36 2 35 2 36 2 38 2 37 2 39 2 36 2 38 2 40 2 35 2 39 2 37 2 41 2 42 2 40 2 38 2 43 2 35 2 40 2 44 2 39 2 41 2 42 2 45 2 40 2 38 2 46 2 42 2 35 2 43 2 47 2 48 2 43 2 40 2 49 2 44 2 41 2 46 2 38 2 50 2 48 2 40 2 51 2 44 2 49 2 52 2 50 2 53 2 46 2 51 2 54 2 48 2 53 2 50 2 55 2 56 2 54 2 51 2 57 2 48 2 54 2 55 2 50 2 58 2 56 2 59 2 54 2 56 2 60 2 59 2 59 2 60 2 61 2 61 2 62 2 59 2 63 3 64 3 65 3 65 3 66 3 63 3 67 4 68 4 69 4 69 4 70 4 67 4 71 3 72 3 73 3 73 3 74 3 71 3 75 1 76 1 77 1 77 1 78 1 75 1 79 3 80 3 81 3 81 3 82 3 79 3 83 4 84 4 85 4 85 4 86 4 83 4 87 5 88 5 89 5 89 5 90 5 87 5 91 4 92 4 93 4 93 4 94 4 91 4 95 3 96 3 97 3 97 3 98 3 95 3 99 4 100 4 101 4 101 4 102 4 99 4 103 3 104 3 105 3 105 3 106 3 103 3 107 4 108 4 109 4 109 4 110 4 107 4 111 5 112 5 113 5 113 5 114 5 111 5 115 4 116 4 117 4 117 4 118 4 115 4 119 3 120 3 121 3 121 3 122 3 119 3 123 4 124 4 125 4 125 4 126 4 123 4 127 5 128 5 129 5 129 5 130 5 127 5 131 4 132 4 133 4 133 4 134 4 131 4 135 5 136 5 137 5 137 5 138 5 135 5 139 4 140 4 141 4 141 4 142 4 139 4 143 5 144 5 145 5 145 5 146 5 143 5</p>
        </triangles>
      </mesh>
    </geometry>
    <geometry id="Mesh6-mesh" name="Mesh6">
      <mesh>
        <source id="Mesh6-mesh-positions">
          <float_array id="Mesh6-mesh-positions-array" count="441">322 -202 -315 322 -202 -302 322 -242 -302.5 322 -242 -290 322 -242 -315 322 -172 -290 322 -172 -333 322 -172 -302 322 -172 -315 322 -261 -315 322 -517 -333 322 -498 -315 322 -297 -303 322 -517 -315 322 -279.5 -305.5 322 -462 -303 322 -261 -305.5 322 -279.5 -288.625 322 -479.5 -305.5 322 -297 -286.75 322 -479.5 -288.625 322 -498 -305.5 322 -279.5 -271.75 322 -479.5 -271.75 322 -297 -270.5 322 -462 -238 322 -279.5 -238 322 -479.5 -238 322 -297 -238 322 -172 -333 322 -517 -333 17 -517 -333 17 -172 -333 17 -498 -305.5 17 -479.5 -305.5 17 -498 -315 17 -462 -303 17 -479.5 -288.625 17 -297 -303 17 -462 -286.75 17 -261 -315 17 -479.5 -271.75 17 -279.5 -305.5 17 -517 -333 17 -462 -270.5 17 -261 -305.5 17 -279.5 -288.625 17 -517 -315 17 -172 -333 17 -479.5 -238 17 -297 -270.5 17 -242 -315 17 -462 -238 17 -279.5 -271.75 17 -202 -315 17 -279.5 -238 17 -242 -302.5 17 -172 -315 17 -297 -238 17 -202 -302 17 -242 -290 17 -172 -290 17 -172 -302 17 -172 -315 322 -172 -315 322 -172 -333 17 -172 -333 322 -202 -315 322 -172 -315 17 -172 -315 17 -202 -315 17 -202 -302 322 -202 -302 322 -202 -315 17 -202 -315 322 -172 -302 322 -202 -302 17 -202 -302 17 -172 -302 17 -172 -290 322 -172 -290 322 -172 -302 17 -172 -302 322 -242 -290 322 -172 -290 17 -172 -290 17 -242 -290 17 -242 -315 322 -242 -315 322 -242 -290 17 -242 -290 322 -261 -315 322 -242 -315 17 -242 -315 17 -261 -315 17 -261 -305.5 322 -261 -305.5 322 -261 -315 17 -261 -315 322 -279.5 -305.5 322 -261 -305.5 17 -261 -305.5 17 -279.5 -305.5 17 -279.5 -238 322 -279.5 -238 322 -279.5 -305.5 17 -279.5 -305.5 322 -297 -238 322 -279.5 -238 17 -279.5 -238 17 -297 -238 17 -297 -303 322 -297 -303 322 -297 -238 17 -297 -238 322 -462 -303 322 -297 -303 17 -297 -303 17 -462 -303 17 -462 -238 322 -462 -238 322 -462 -303 17 -462 -303 322 -479.5 -238 322 -462 -238 17 -462 -238 17 -479.5 -238 17 -479.5 -305.5 322 -479.5 -305.5 322 -479.5 -238 17 -479.5 -238 322 -498 -305.5 322 -479.5 -305.5 17 -479.5 -305.5 17 -498 -305.5 17 -498 -315 322 -498 -315 322 -498 -305.5 17 -498 -305.5 322 -517 -315 322 -498 -315 17 -498 -315 17 -517 -315 17 -517 -333 322 -517 -333 322 -517 -315 17 -517 -315</float_array>
          <technique_common>
            <accessor source="#Mesh6-mesh-positions-array" count="147" stride="3">
              <param name="X" type="float"/>
              <param name="Y" type="float"/>
              <param name="Z" type="float"/>
            </accessor>
          </technique_common>
        </source>
        <source id="Mesh6-mesh-normals">
          <float_array id="Mesh6-mesh-normals-array" count="18">1 0 0 0 0 -1 -1 0 0 0 1 0 0 0 1 0 -1 0</float_array>
          <technique_common>
            <accessor source="#Mesh6-mesh-normals-array" count="6" stride="3">
              <param name="X" type="float"/>
              <param name="Y" type="float"/>
              <param name="Z" type="float"/>
            </accessor>
          </technique_common>
        </source>
        <vertices id="Mesh6-mesh-vertices">
          <input semantic="POSITION" source="#Mesh6-mesh-positions"/>
        </vertices>
        <triangles material="Material_1-material" count="99">
          <input semantic="VERTEX" source="#Mesh6-mesh-vertices" offset="0"/>
          <input semantic="NORMAL" source="#Mesh6-mesh-normals" offset="1"/>
          <p>0 0 1 0 2 0 1 0 3 0 2 0 4 0 0 0 2 0 5 0 3 0 1 0 6 0 0 0 4 0 1 0 7 0 5 0 0 0 6 0 8 0 4 0 9 0 6 0 9 0 10 0 6 0 9 0 11 0 10 0 11 0 9 0 12 0 13 0 10 0 11 0 12 0 9 0 14 0 12 0 15 0 11 0 9 0 16 0 14 0 14 0 17 0 12 0 11 0 15 0 18 0 17 0 19 0 12 0 15 0 20 0 18 0 11 0 18 0 21 0 22 0 19 0 17 0 15 0 23 0 20 0 22 0 24 0 19 0 25 0 23 0 15 0 24 0 22 0 26 0 27 0 23 0 25 0 24 0 26 0 28 0 29 1 30 1 31 1 31 1 32 1 29 1 33 2 34 2 35 2 34 2 36 2 35 2 34 2 37 2 36 2 35 2 36 2 38 2 37 2 39 2 36 2 38 2 40 2 35 2 39 2 37 2 41 2 42 2 40 2 38 2 43 2 35 2 40 2 44 2 39 2 41 2 42 2 45 2 40 2 38 2 46 2 42 2 35 2 43 2 47 2 48 2 43 2 40 2 49 2 44 2 41 2 46 2 38 2 50 2 48 2 40 2 51 2 44 2 49 2 52 2 50 2 53 2 46 2 51 2 54 2 48 2 53 2 50 2 55 2 56 2 54 2 51 2 57 2 48 2 54 2 55 2 50 2 58 2 56 2 59 2 54 2 56 2 60 2 59 2 59 2 60 2 61 2 61 2 62 2 59 2 63 3 64 3 65 3 65 3 66 3 63 3 67 4 68 4 69 4 69 4 70 4 67 4 71 3 72 3 73 3 73 3 74 3 71 3 75 1 76 1 77 1 77 1 78 1 75 1 79 3 80 3 81 3 81 3 82 3 79 3 83 4 84 4 85 4 85 4 86 4 83 4 87 5 88 5 89 5 89 5 90 5 87 5 91 4 92 4 93 4 93 4 94 4 91 4 95 3 96 3 97 3 97 3 98 3 95 3 99 4 100 4 101 4 101 4 102 4 99 4 103 3 104 3 105 3 105 3 106 3 103 3 107 4 108 4 109 4 109 4 110 4 107 4 111 5 112 5 113 5 113 5 114 5 111 5 115 4 116 4 117 4 117 4 118 4 115 4 119 3 120 3 121 3 121 3 122 3 119 3 123 4 124 4 125 4 125 4 126 4 123 4 127 5 128 5 129 5 129 5 130 5 127 5 131 4 132 4 133 4 133 4 134 4 131 4 135 5 136 5 137 5 137 5 138 5 135 5 139 4 140 4 141 4 141 4 142 4 139 4 143 5 144 5 145 5 145 5 146 5 143 5</p>
        </triangles>
      </mesh>
    </geometry>
    <geometry id="Mesh7_004-mesh" name="Mesh7.004">
      <mesh>
        <source id="Mesh7_004-mesh-positions">
          <float_array id="Mesh7_004-mesh-positions-array" count="441">322 -202 -315 322 -202 -302 322 -242 -302.5 322 -242 -290 322 -242 -315 322 -172 -290 322 -172 -333 322 -172 -302 322 -172 -315 322 -261 -315 322 -517 -333 322 -498 -315 322 -297 -303 322 -517 -315 322 -279.5 -305.5 322 -462 -303 322 -261 -305.5 322 -279.5 -288.625 322 -479.5 -305.5 322 -297 -286.75 322 -479.5 -288.625 322 -498 -305.5 322 -279.5 -271.75 322 -479.5 -271.75 322 -297 -270.5 322 -462 -238 322 -279.5 -238 322 -479.5 -238 322 -297 -238 322 -172 -333 322 -517 -333 17 -517 -333 17 -172 -333 17 -498 -305.5 17 -479.5 -305.5 17 -498 -315 17 -462 -303 17 -479.5 -288.625 17 -297 -303 17 -462 -286.75 17 -261 -315 17 -479.5 -271.75 17 -279.5 -305.5 17 -517 -333 17 -462 -270.5 17 -261 -305.5 17 -279.5 -288.625 17 -517 -315 17 -172 -333 17 -479.5 -238 17 -297 -270.5 17 -242 -315 17 -462 -238 17 -279.5 -271.75 17 -202 -315 17 -279.5 -238 17 -242 -302.5 17 -172 -315 17 -297 -238 17 -202 -302 17 -242 -290 17 -172 -290 17 -172 -302 17 -172 -315 322 -172 -315 322 -172 -333 17 -172 -333 322 -202 -315 322 -172 -315 17 -172 -315 17 -202 -315 17 -202 -302 322 -202 -302 322 -202 -315 17 -202 -315 322 -172 -302 322 -202 -302 17 -202 -302 17 -172 -302 17 -172 -290 322 -172 -290 322 -172 -302 17 -172 -302 322 -242 -290 322 -172 -290 17 -172 -290 17 -242 -290 17 -242 -315 322 -242 -315 322 -242 -290 17 -242 -290 322 -261 -315 322 -242 -315 17 -242 -315 17 -261 -315 17 -261 -305.5 322 -261 -305.5 322 -261 -315 17 -261 -315 322 -279.5 -305.5 322 -261 -305.5 17 -261 -305.5 17 -279.5 -305.5 17 -279.5 -238 322 -279.5 -238 322 -279.5 -305.5 17 -279.5 -305.5 322 -297 -238 322 -279.5 -238 17 -279.5 -238 17 -297 -238 17 -297 -303 322 -297 -303 322 -297 -238 17 -297 -238 322 -462 -303 322 -297 -303 17 -297 -303 17 -462 -303 17 -462 -238 322 -462 -238 322 -462 -303 17 -462 -303 322 -479.5 -238 322 -462 -238 17 -462 -238 17 -479.5 -238 17 -479.5 -305.5 322 -479.5 -305.5 322 -479.5 -238 17 -479.5 -238 322 -498 -305.5 322 -479.5 -305.5 17 -479.5 -305.5 17 -498 -305.5 17 -498 -315 322 -498 -315 322 -498 -305.5 17 -498 -305.5 322 -517 -315 322 -498 -315 17 -498 -315 17 -517 -315 17 -517 -333 322 -517 -333 322 -517 -315 17 -517 -315</float_array>
          <technique_common>
            <accessor source="#Mesh7_004-mesh-positions-array" count="147" stride="3">
              <param name="X" type="float"/>
              <param name="Y" type="float"/>
              <param name="Z" type="float"/>
            </accessor>
          </technique_common>
        </source>
        <source id="Mesh7_004-mesh-normals">
          <float_array id="Mesh7_004-mesh-normals-array" count="18">1 0 0 0 0 -1 -1 0 0 0 1 0 0 0 1 0 -1 0</float_array>
          <technique_common>
            <accessor source="#Mesh7_004-mesh-normals-array" count="6" stride="3">
              <param name="X" type="float"/>
              <param name="Y" type="float"/>
              <param name="Z" type="float"/>
            </accessor>
          </technique_common>
        </source>
        <vertices id="Mesh7_004-mesh-vertices">
          <input semantic="POSITION" source="#Mesh7_004-mesh-positions"/>
        </vertices>
        <triangles material="Material_1-material" count="99">
          <input semantic="VERTEX" source="#Mesh7_004-mesh-vertices" offset="0"/>
          <input semantic="NORMAL" source="#Mesh7_004-mesh-normals" offset="1"/>
          <p>0 0 1 0 2 0 1 0 3 0 2 0 4 0 0 0 2 0 5 0 3 0 1 0 6 0 0 0 4 0 1 0 7 0 5 0 0 0 6 0 8 0 4 0 9 0 6 0 9 0 10 0 6 0 9 0 11 0 10 0 11 0 9 0 12 0 13 0 10 0 11 0 12 0 9 0 14 0 12 0 15 0 11 0 9 0 16 0 14 0 14 0 17 0 12 0 11 0 15 0 18 0 17 0 19 0 12 0 15 0 20 0 18 0 11 0 18 0 21 0 22 0 19 0 17 0 15 0 23 0 20 0 22 0 24 0 19 0 25 0 23 0 15 0 24 0 22 0 26 0 27 0 23 0 25 0 24 0 26 0 28 0 29 1 30 1 31 1 31 1 32 1 29 1 33 2 34 2 35 2 34 2 36 2 35 2 34 2 37 2 36 2 35 2 36 2 38 2 37 2 39 2 36 2 38 2 40 2 35 2 39 2 37 2 41 2 42 2 40 2 38 2 43 2 35 2 40 2 44 2 39 2 41 2 42 2 45 2 40 2 38 2 46 2 42 2 35 2 43 2 47 2 48 2 43 2 40 2 49 2 44 2 41 2 46 2 38 2 50 2 48 2 40 2 51 2 44 2 49 2 52 2 50 2 53 2 46 2 51 2 54 2 48 2 53 2 50 2 55 2 56 2 54 2 51 2 57 2 48 2 54 2 55 2 50 2 58 2 56 2 59 2 54 2 56 2 60 2 59 2 59 2 60 2 61 2 61 2 62 2 59 2 63 3 64 3 65 3 65 3 66 3 63 3 67 4 68 4 69 4 69 4 70 4 67 4 71 3 72 3 73 3 73 3 74 3 71 3 75 1 76 1 77 1 77 1 78 1 75 1 79 3 80 3 81 3 81 3 82 3 79 3 83 4 84 4 85 4 85 4 86 4 83 4 87 5 88 5 89 5 89 5 90 5 87 5 91 4 92 4 93 4 93 4 94 4 91 4 95 3 96 3 97 3 97 3 98 3 95 3 99 4 100 4 101 4 101 4 102 4 99 4 103 3 104 3 105 3 105 3 106 3 103 3 107 4 108 4 109 4 109 4 110 4 107 4 111 5 112 5 113 5 113 5 114 5 111 5 115 4 116 4 117 4 117 4 118 4 115 4 119 3 120 3 121 3 121 3 122 3 119 3 123 4 124 4 125 4 125 4 126 4 123 4 127 5 128 5 129 5 129 5 130 5 127 5 131 4 132 4 133 4 133 4 134 4 131 4 135 5 136 5 137 5 137 5 138 5 135 5 139 4 140 4 141 4 141 4 142 4 139 4 143 5 144 5 145 5 145 5 146 5 143 5</p>
        </triangles>
      </mesh>
    </geometry>
    <geometry id="Mesh6_004-mesh" name="Mesh6.004">
      <mesh>
        <source id="Mesh6_004-mesh-positions">
          <float_array id="Mesh6_004-mesh-positions-array" count="441">322 -202 -315 322 -202 -302 322 -242 -302.5 322 -242 -290 322 -242 -315 322 -172 -290 322 -172 -333 322 -172 -302 322 -172 -315 322 -261 -315 322 -517 -333 322 -498 -315 322 -297 -303 322 -517 -315 322 -279.5 -305.5 322 -462 -303 322 -261 -305.5 322 -279.5 -288.625 322 -479.5 -305.5 322 -297 -286.75 322 -479.5 -288.625 322 -498 -305.5 322 -279.5 -271.75 322 -479.5 -271.75 322 -297 -270.5 322 -462 -238 322 -279.5 -238 322 -479.5 -238 322 -297 -238 322 -172 -333 322 -517 -333 17 -517 -333 17 -172 -333 17 -498 -305.5 17 -479.5 -305.5 17 -498 -315 17 -462 -303 17 -479.5 -288.625 17 -297 -303 17 -462 -286.75 17 -261 -315 17 -479.5 -271.75 17 -279.5 -305.5 17 -517 -333 17 -462 -270.5 17 -261 -305.5 17 -279.5 -288.625 17 -517 -315 17 -172 -333 17 -479.5 -238 17 -297 -270.5 17 -242 -315 17 -462 -238 17 -279.5 -271.75 17 -202 -315 17 -279.5 -238 17 -242 -302.5 17 -172 -315 17 -297 -238 17 -202 -302 17 -242 -290 17 -172 -290 17 -172 -302 17 -172 -315 322 -172 -315 322 -172 -333 17 -172 -333 322 -202 -315 322 -172 -315 17 -172 -315 17 -202 -315 17 -202 -302 322 -202 -302 322 -202 -315 17 -202 -315 322 -172 -302 322 -202 -302 17 -202 -302 17 -172 -302 17 -172 -290 322 -172 -290 322 -172 -302 17 -172 -302 322 -242 -290 322 -172 -290 17 -172 -290 17 -242 -290 17 -242 -315 322 -242 -315 322 -242 -290 17 -242 -290 322 -261 -315 322 -242 -315 17 -242 -315 17 -261 -315 17 -261 -305.5 322 -261 -305.5 322 -261 -315 17 -261 -315 322 -279.5 -305.5 322 -261 -305.5 17 -261 -305.5 17 -279.5 -305.5 17 -279.5 -238 322 -279.5 -238 322 -279.5 -305.5 17 -279.5 -305.5 322 -297 -238 322 -279.5 -238 17 -279.5 -238 17 -297 -238 17 -297 -303 322 -297 -303 322 -297 -238 17 -297 -238 322 -462 -303 322 -297 -303 17 -297 -303 17 -462 -303 17 -462 -238 322 -462 -238 322 -462 -303 17 -462 -303 322 -479.5 -238 322 -462 -238 17 -462 -238 17 -479.5 -238 17 -479.5 -305.5 322 -479.5 -305.5 322 -479.5 -238 17 -479.5 -238 322 -498 -305.5 322 -479.5 -305.5 17 -479.5 -305.5 17 -498 -305.5 17 -498 -315 322 -498 -315 322 -498 -305.5 17 -498 -305.5 322 -517 -315 322 -498 -315 17 -498 -315 17 -517 -315 17 -517 -333 322 -517 -333 322 -517 -315 17 -517 -315</float_array>
          <technique_common>
            <accessor source="#Mesh6_004-mesh-positions-array" count="147" stride="3">
              <param name="X" type="float"/>
              <param name="Y" type="float"/>
              <param name="Z" type="float"/>
            </accessor>
          </technique_common>
        </source>
        <source id="Mesh6_004-mesh-normals">
          <float_array id="Mesh6_004-mesh-normals-array" count="18">1 0 0 0 0 -1 -1 0 0 0 1 0 0 0 1 0 -1 0</float_array>
          <technique_common>
            <accessor source="#Mesh6_004-mesh-normals-array" count="6" stride="3">
              <param name="X" type="float"/>
              <param name="Y" type="float"/>
              <param name="Z" type="float"/>
            </accessor>
          </technique_common>
        </source>
        <vertices id="Mesh6_004-mesh-vertices">
          <input semantic="POSITION" source="#Mesh6_004-mesh-positions"/>
        </vertices>
        <triangles material="Material_1-material" count="99">
          <input semantic="VERTEX" source="#Mesh6_004-mesh-vertices" offset="0"/>
          <input semantic="NORMAL" source="#Mesh6_004-mesh-normals" offset="1"/>
          <p>0 0 1 0 2 0 1 0 3 0 2 0 4 0 0 0 2 0 5 0 3 0 1 0 6 0 0 0 4 0 1 0 7 0 5 0 0 0 6 0 8 0 4 0 9 0 6 0 9 0 10 0 6 0 9 0 11 0 10 0 11 0 9 0 12 0 13 0 10 0 11 0 12 0 9 0 14 0 12 0 15 0 11 0 9 0 16 0 14 0 14 0 17 0 12 0 11 0 15 0 18 0 17 0 19 0 12 0 15 0 20 0 18 0 11 0 18 0 21 0 22 0 19 0 17 0 15 0 23 0 20 0 22 0 24 0 19 0 25 0 23 0 15 0 24 0 22 0 26 0 27 0 23 0 25 0 24 0 26 0 28 0 29 1 30 1 31 1 31 1 32 1 29 1 33 2 34 2 35 2 34 2 36 2 35 2 34 2 37 2 36 2 35 2 36 2 38 2 37 2 39 2 36 2 38 2 40 2 35 2 39 2 37 2 41 2 42 2 40 2 38 2 43 2 35 2 40 2 44 2 39 2 41 2 42 2 45 2 40 2 38 2 46 2 42 2 35 2 43 2 47 2 48 2 43 2 40 2 49 2 44 2 41 2 46 2 38 2 50 2 48 2 40 2 51 2 44 2 49 2 52 2 50 2 53 2 46 2 51 2 54 2 48 2 53 2 50 2 55 2 56 2 54 2 51 2 57 2 48 2 54 2 55 2 50 2 58 2 56 2 59 2 54 2 56 2 60 2 59 2 59 2 60 2 61 2 61 2 62 2 59 2 63 3 64 3 65 3 65 3 66 3 63 3 67 4 68 4 69 4 69 4 70 4 67 4 71 3 72 3 73 3 73 3 74 3 71 3 75 1 76 1 77 1 77 1 78 1 75 1 79 3 80 3 81 3 81 3 82 3 79 3 83 4 84 4 85 4 85 4 86 4 83 4 87 5 88 5 89 5 89 5 90 5 87 5 91 4 92 4 93 4 93 4 94 4 91 4 95 3 96 3 97 3 97 3 98 3 95 3 99 4 100 4 101 4 101 4 102 4 99 4 103 3 104 3 105 3 105 3 106 3 103 3 107 4 108 4 109 4 109 4 110 4 107 4 111 5 112 5 113 5 113 5 114 5 111 5 115 4 116 4 117 4 117 4 118 4 115 4 119 3 120 3 121 3 121 3 122 3 119 3 123 4 124 4 125 4 125 4 126 4 123 4 127 5 128 5 129 5 129 5 130 5 127 5 131 4 132 4 133 4 133 4 134 4 131 4 135 5 136 5 137 5 137 5 138 5 135 5 139 4 140 4 141 4 141 4 142 4 139 4 143 5 144 5 145 5 145 5 146 5 143 5</p>
        </triangles>
      </mesh>
    </geometry>
    <geometry id="Mesh7_003-mesh" name="Mesh7.003">
      <mesh>
        <source id="Mesh7_003-mesh-positions">
          <float_array id="Mesh7_003-mesh-positions-array" count="441">322 -202 -315 322 -202 -302 322 -242 -302.5 322 -242 -290 322 -242 -315 322 -172 -290 322 -172 -333 322 -172 -302 322 -172 -315 322 -261 -315 322 -517 -333 322 -498 -315 322 -297 -303 322 -517 -315 322 -279.5 -305.5 322 -462 -303 322 -261 -305.5 322 -279.5 -288.625 322 -479.5 -305.5 322 -297 -286.75 322 -479.5 -288.625 322 -498 -305.5 322 -279.5 -271.75 322 -479.5 -271.75 322 -297 -270.5 322 -462 -238 322 -279.5 -238 322 -479.5 -238 322 -297 -238 322 -172 -333 322 -517 -333 17 -517 -333 17 -172 -333 17 -498 -305.5 17 -479.5 -305.5 17 -498 -315 17 -462 -303 17 -479.5 -288.625 17 -297 -303 17 -462 -286.75 17 -261 -315 17 -479.5 -271.75 17 -279.5 -305.5 17 -517 -333 17 -462 -270.5 17 -261 -305.5 17 -279.5 -288.625 17 -517 -315 17 -172 -333 17 -479.5 -238 17 -297 -270.5 17 -242 -315 17 -462 -238 17 -279.5 -271.75 17 -202 -315 17 -279.5 -238 17 -242 -302.5 17 -172 -315 17 -297 -238 17 -202 -302 17 -242 -290 17 -172 -290 17 -172 -302 17 -172 -315 322 -172 -315 322 -172 -333 17 -172 -333 322 -202 -315 322 -172 -315 17 -172 -315 17 -202 -315 17 -202 -302 322 -202 -302 322 -202 -315 17 -202 -315 322 -172 -302 322 -202 -302 17 -202 -302 17 -172 -302 17 -172 -290 322 -172 -290 322 -172 -302 17 -172 -302 322 -242 -290 322 -172 -290 17 -172 -290 17 -242 -290 17 -242 -315 322 -242 -315 322 -242 -290 17 -242 -290 322 -261 -315 322 -242 -315 17 -242 -315 17 -261 -315 17 -261 -305.5 322 -261 -305.5 322 -261 -315 17 -261 -315 322 -279.5 -305.5 322 -261 -305.5 17 -261 -305.5 17 -279.5 -305.5 17 -279.5 -238 322 -279.5 -238 322 -279.5 -305.5 17 -279.5 -305.5 322 -297 -238 322 -279.5 -238 17 -279.5 -238 17 -297 -238 17 -297 -303 322 -297 -303 322 -297 -238 17 -297 -238 322 -462 -303 322 -297 -303 17 -297 -303 17 -462 -303 17 -462 -238 322 -462 -238 322 -462 -303 17 -462 -303 322 -479.5 -238 322 -462 -238 17 -462 -238 17 -479.5 -238 17 -479.5 -305.5 322 -479.5 -305.5 322 -479.5 -238 17 -479.5 -238 322 -498 -305.5 322 -479.5 -305.5 17 -479.5 -305.5 17 -498 -305.5 17 -498 -315 322 -498 -315 322 -498 -305.5 17 -498 -305.5 322 -517 -315 322 -498 -315 17 -498 -315 17 -517 -315 17 -517 -333 322 -517 -333 322 -517 -315 17 -517 -315</float_array>
          <technique_common>
            <accessor source="#Mesh7_003-mesh-positions-array" count="147" stride="3">
              <param name="X" type="float"/>
              <param name="Y" type="float"/>
              <param name="Z" type="float"/>
            </accessor>
          </technique_common>
        </source>
        <source id="Mesh7_003-mesh-normals">
          <float_array id="Mesh7_003-mesh-normals-array" count="18">1 0 0 0 0 -1 -1 0 0 0 1 0 0 0 1 0 -1 0</float_array>
          <technique_common>
            <accessor source="#Mesh7_003-mesh-normals-array" count="6" stride="3">
              <param name="X" type="float"/>
              <param name="Y" type="float"/>
              <param name="Z" type="float"/>
            </accessor>
          </technique_common>
        </source>
        <vertices id="Mesh7_003-mesh-vertices">
          <input semantic="POSITION" source="#Mesh7_003-mesh-positions"/>
        </vertices>
        <triangles material="Material_1-material" count="99">
          <input semantic="VERTEX" source="#Mesh7_003-mesh-vertices" offset="0"/>
          <input semantic="NORMAL" source="#Mesh7_003-mesh-normals" offset="1"/>
          <p>0 0 1 0 2 0 1 0 3 0 2 0 4 0 0 0 2 0 5 0 3 0 1 0 6 0 0 0 4 0 1 0 7 0 5 0 0 0 6 0 8 0 4 0 9 0 6 0 9 0 10 0 6 0 9 0 11 0 10 0 11 0 9 0 12 0 13 0 10 0 11 0 12 0 9 0 14 0 12 0 15 0 11 0 9 0 16 0 14 0 14 0 17 0 12 0 11 0 15 0 18 0 17 0 19 0 12 0 15 0 20 0 18 0 11 0 18 0 21 0 22 0 19 0 17 0 15 0 23 0 20 0 22 0 24 0 19 0 25 0 23 0 15 0 24 0 22 0 26 0 27 0 23 0 25 0 24 0 26 0 28 0 29 1 30 1 31 1 31 1 32 1 29 1 33 2 34 2 35 2 34 2 36 2 35 2 34 2 37 2 36 2 35 2 36 2 38 2 37 2 39 2 36 2 38 2 40 2 35 2 39 2 37 2 41 2 42 2 40 2 38 2 43 2 35 2 40 2 44 2 39 2 41 2 42 2 45 2 40 2 38 2 46 2 42 2 35 2 43 2 47 2 48 2 43 2 40 2 49 2 44 2 41 2 46 2 38 2 50 2 48 2 40 2 51 2 44 2 49 2 52 2 50 2 53 2 46 2 51 2 54 2 48 2 53 2 50 2 55 2 56 2 54 2 51 2 57 2 48 2 54 2 55 2 50 2 58 2 56 2 59 2 54 2 56 2 60 2 59 2 59 2 60 2 61 2 61 2 62 2 59 2 63 3 64 3 65 3 65 3 66 3 63 3 67 4 68 4 69 4 69 4 70 4 67 4 71 3 72 3 73 3 73 3 74 3 71 3 75 1 76 1 77 1 77 1 78 1 75 1 79 3 80 3 81 3 81 3 82 3 79 3 83 4 84 4 85 4 85 4 86 4 83 4 87 5 88 5 89 5 89 5 90 5 87 5 91 4 92 4 93 4 93 4 94 4 91 4 95 3 96 3 97 3 97 3 98 3 95 3 99 4 100 4 101 4 101 4 102 4 99 4 103 3 104 3 105 3 105 3 106 3 103 3 107 4 108 4 109 4 109 4 110 4 107 4 111 5 112 5 113 5 113 5 114 5 111 5 115 4 116 4 117 4 117 4 118 4 115 4 119 3 120 3 121 3 121 3 122 3 119 3 123 4 124 4 125 4 125 4 126 4 123 4 127 5 128 5 129 5 129 5 130 5 127 5 131 4 132 4 133 4 133 4 134 4 131 4 135 5 136 5 137 5 137 5 138 5 135 5 139 4 140 4 141 4 141 4 142 4 139 4 143 5 144 5 145 5 145 5 146 5 143 5</p>
        </triangles>
      </mesh>
    </geometry>
    <geometry id="Mesh6_003-mesh" name="Mesh6.003">
      <mesh>
        <source id="Mesh6_003-mesh-positions">
          <float_array id="Mesh6_003-mesh-positions-array" count="441">322 -202 -315 322 -202 -302 322 -242 -302.5 322 -242 -290 322 -242 -315 322 -172 -290 322 -172 -333 322 -172 -302 322 -172 -315 322 -261 -315 322 -517 -333 322 -498 -315 322 -297 -303 322 -517 -315 322 -279.5 -305.5 322 -462 -303 322 -261 -305.5 322 -279.5 -288.625 322 -479.5 -305.5 322 -297 -286.75 322 -479.5 -288.625 322 -498 -305.5 322 -279.5 -271.75 322 -479.5 -271.75 322 -297 -270.5 322 -462 -238 322 -279.5 -238 322 -479.5 -238 322 -297 -238 322 -172 -333 322 -517 -333 17 -517 -333 17 -172 -333 17 -498 -305.5 17 -479.5 -305.5 17 -498 -315 17 -462 -303 17 -479.5 -288.625 17 -297 -303 17 -462 -286.75 17 -261 -315 17 -479.5 -271.75 17 -279.5 -305.5 17 -517 -333 17 -462 -270.5 17 -261 -305.5 17 -279.5 -288.625 17 -517 -315 17 -172 -333 17 -479.5 -238 17 -297 -270.5 17 -242 -315 17 -462 -238 17 -279.5 -271.75 17 -202 -315 17 -279.5 -238 17 -242 -302.5 17 -172 -315 17 -297 -238 17 -202 -302 17 -242 -290 17 -172 -290 17 -172 -302 17 -172 -315 322 -172 -315 322 -172 -333 17 -172 -333 322 -202 -315 322 -172 -315 17 -172 -315 17 -202 -315 17 -202 -302 322 -202 -302 322 -202 -315 17 -202 -315 322 -172 -302 322 -202 -302 17 -202 -302 17 -172 -302 17 -172 -290 322 -172 -290 322 -172 -302 17 -172 -302 322 -242 -290 322 -172 -290 17 -172 -290 17 -242 -290 17 -242 -315 322 -242 -315 322 -242 -290 17 -242 -290 322 -261 -315 322 -242 -315 17 -242 -315 17 -261 -315 17 -261 -305.5 322 -261 -305.5 322 -261 -315 17 -261 -315 322 -279.5 -305.5 322 -261 -305.5 17 -261 -305.5 17 -279.5 -305.5 17 -279.5 -238 322 -279.5 -238 322 -279.5 -305.5 17 -279.5 -305.5 322 -297 -238 322 -279.5 -238 17 -279.5 -238 17 -297 -238 17 -297 -303 322 -297 -303 322 -297 -238 17 -297 -238 322 -462 -303 322 -297 -303 17 -297 -303 17 -462 -303 17 -462 -238 322 -462 -238 322 -462 -303 17 -462 -303 322 -479.5 -238 322 -462 -238 17 -462 -238 17 -479.5 -238 17 -479.5 -305.5 322 -479.5 -305.5 322 -479.5 -238 17 -479.5 -238 322 -498 -305.5 322 -479.5 -305.5 17 -479.5 -305.5 17 -498 -305.5 17 -498 -315 322 -498 -315 322 -498 -305.5 17 -498 -305.5 322 -517 -315 322 -498 -315 17 -498 -315 17 -517 -315 17 -517 -333 322 -517 -333 322 -517 -315 17 -517 -315</float_array>
          <technique_common>
            <accessor source="#Mesh6_003-mesh-positions-array" count="147" stride="3">
              <param name="X" type="float"/>
              <param name="Y" type="float"/>
              <param name="Z" type="float"/>
            </accessor>
          </technique_common>
        </source>
        <source id="Mesh6_003-mesh-normals">
          <float_array id="Mesh6_003-mesh-normals-array" count="18">1 0 0 0 0 -1 -1 0 0 0 1 0 0 0 1 0 -1 0</float_array>
          <technique_common>
            <accessor source="#Mesh6_003-mesh-normals-array" count="6" stride="3">
              <param name="X" type="float"/>
              <param name="Y" type="float"/>
              <param name="Z" type="float"/>
            </accessor>
          </technique_common>
        </source>
        <vertices id="Mesh6_003-mesh-vertices">
          <input semantic="POSITION" source="#Mesh6_003-mesh-positions"/>
        </vertices>
        <triangles material="Material_1-material" count="99">
          <input semantic="VERTEX" source="#Mesh6_003-mesh-vertices" offset="0"/>
          <input semantic="NORMAL" source="#Mesh6_003-mesh-normals" offset="1"/>
          <p>0 0 1 0 2 0 1 0 3 0 2 0 4 0 0 0 2 0 5 0 3 0 1 0 6 0 0 0 4 0 1 0 7 0 5 0 0 0 6 0 8 0 4 0 9 0 6 0 9 0 10 0 6 0 9 0 11 0 10 0 11 0 9 0 12 0 13 0 10 0 11 0 12 0 9 0 14 0 12 0 15 0 11 0 9 0 16 0 14 0 14 0 17 0 12 0 11 0 15 0 18 0 17 0 19 0 12 0 15 0 20 0 18 0 11 0 18 0 21 0 22 0 19 0 17 0 15 0 23 0 20 0 22 0 24 0 19 0 25 0 23 0 15 0 24 0 22 0 26 0 27 0 23 0 25 0 24 0 26 0 28 0 29 1 30 1 31 1 31 1 32 1 29 1 33 2 34 2 35 2 34 2 36 2 35 2 34 2 37 2 36 2 35 2 36 2 38 2 37 2 39 2 36 2 38 2 40 2 35 2 39 2 37 2 41 2 42 2 40 2 38 2 43 2 35 2 40 2 44 2 39 2 41 2 42 2 45 2 40 2 38 2 46 2 42 2 35 2 43 2 47 2 48 2 43 2 40 2 49 2 44 2 41 2 46 2 38 2 50 2 48 2 40 2 51 2 44 2 49 2 52 2 50 2 53 2 46 2 51 2 54 2 48 2 53 2 50 2 55 2 56 2 54 2 51 2 57 2 48 2 54 2 55 2 50 2 58 2 56 2 59 2 54 2 56 2 60 2 59 2 59 2 60 2 61 2 61 2 62 2 59 2 63 3 64 3 65 3 65 3 66 3 63 3 67 4 68 4 69 4 69 4 70 4 67 4 71 3 72 3 73 3 73 3 74 3 71 3 75 1 76 1 77 1 77 1 78 1 75 1 79 3 80 3 81 3 81 3 82 3 79 3 83 4 84 4 85 4 85 4 86 4 83 4 87 5 88 5 89 5 89 5 90 5 87 5 91 4 92 4 93 4 93 4 94 4 91 4 95 3 96 3 97 3 97 3 98 3 95 3 99 4 100 4 101 4 101 4 102 4 99 4 103 3 104 3 105 3 105 3 106 3 103 3 107 4 108 4 109 4 109 4 110 4 107 4 111 5 112 5 113 5 113 5 114 5 111 5 115 4 116 4 117 4 117 4 118 4 115 4 119 3 120 3 121 3 121 3 122 3 119 3 123 4 124 4 125 4 125 4 126 4 123 4 127 5 128 5 129 5 129 5 130 5 127 5 131 4 132 4 133 4 133 4 134 4 131 4 135 5 136 5 137 5 137 5 138 5 135 5 139 4 140 4 141 4 141 4 142 4 139 4 143 5 144 5 145 5 145 5 146 5 143 5</p>
        </triangles>
      </mesh>
    </geometry>
    <geometry id="Mesh7_002-mesh" name="Mesh7.002">
      <mesh>
        <source id="Mesh7_002-mesh-positions">
          <float_array id="Mesh7_002-mesh-positions-array" count="441">322 -202 -315 322 -202 -302 322 -242 -302.5 322 -242 -290 322 -242 -315 322 -172 -290 322 -172 -333 322 -172 -302 322 -172 -315 322 -261 -315 322 -517 -333 322 -498 -315 322 -297 -303 322 -517 -315 322 -279.5 -305.5 322 -462 -303 322 -261 -305.5 322 -279.5 -288.625 322 -479.5 -305.5 322 -297 -286.75 322 -479.5 -288.625 322 -498 -305.5 322 -279.5 -271.75 322 -479.5 -271.75 322 -297 -270.5 322 -462 -238 322 -279.5 -238 322 -479.5 -238 322 -297 -238 322 -172 -333 322 -517 -333 17 -517 -333 17 -172 -333 17 -498 -305.5 17 -479.5 -305.5 17 -498 -315 17 -462 -303 17 -479.5 -288.625 17 -297 -303 17 -462 -286.75 17 -261 -315 17 -479.5 -271.75 17 -279.5 -305.5 17 -517 -333 17 -462 -270.5 17 -261 -305.5 17 -279.5 -288.625 17 -517 -315 17 -172 -333 17 -479.5 -238 17 -297 -270.5 17 -242 -315 17 -462 -238 17 -279.5 -271.75 17 -202 -315 17 -279.5 -238 17 -242 -302.5 17 -172 -315 17 -297 -238 17 -202 -302 17 -242 -290 17 -172 -290 17 -172 -302 17 -172 -315 322 -172 -315 322 -172 -333 17 -172 -333 322 -202 -315 322 -172 -315 17 -172 -315 17 -202 -315 17 -202 -302 322 -202 -302 322 -202 -315 17 -202 -315 322 -172 -302 322 -202 -302 17 -202 -302 17 -172 -302 17 -172 -290 322 -172 -290 322 -172 -302 17 -172 -302 322 -242 -290 322 -172 -290 17 -172 -290 17 -242 -290 17 -242 -315 322 -242 -315 322 -242 -290 17 -242 -290 322 -261 -315 322 -242 -315 17 -242 -315 17 -261 -315 17 -261 -305.5 322 -261 -305.5 322 -261 -315 17 -261 -315 322 -279.5 -305.5 322 -261 -305.5 17 -261 -305.5 17 -279.5 -305.5 17 -279.5 -238 322 -279.5 -238 322 -279.5 -305.5 17 -279.5 -305.5 322 -297 -238 322 -279.5 -238 17 -279.5 -238 17 -297 -238 17 -297 -303 322 -297 -303 322 -297 -238 17 -297 -238 322 -462 -303 322 -297 -303 17 -297 -303 17 -462 -303 17 -462 -238 322 -462 -238 322 -462 -303 17 -462 -303 322 -479.5 -238 322 -462 -238 17 -462 -238 17 -479.5 -238 17 -479.5 -305.5 322 -479.5 -305.5 322 -479.5 -238 17 -479.5 -238 322 -498 -305.5 322 -479.5 -305.5 17 -479.5 -305.5 17 -498 -305.5 17 -498 -315 322 -498 -315 322 -498 -305.5 17 -498 -305.5 322 -517 -315 322 -498 -315 17 -498 -315 17 -517 -315 17 -517 -333 322 -517 -333 322 -517 -315 17 -517 -315</float_array>
          <technique_common>
            <accessor source="#Mesh7_002-mesh-positions-array" count="147" stride="3">
              <param name="X" type="float"/>
              <param name="Y" type="float"/>
              <param name="Z" type="float"/>
            </accessor>
          </technique_common>
        </source>
        <source id="Mesh7_002-mesh-normals">
          <float_array id="Mesh7_002-mesh-normals-array" count="18">1 0 0 0 0 -1 -1 0 0 0 1 0 0 0 1 0 -1 0</float_array>
          <technique_common>
            <accessor source="#Mesh7_002-mesh-normals-array" count="6" stride="3">
              <param name="X" type="float"/>
              <param name="Y" type="float"/>
              <param name="Z" type="float"/>
            </accessor>
          </technique_common>
        </source>
        <vertices id="Mesh7_002-mesh-vertices">
          <input semantic="POSITION" source="#Mesh7_002-mesh-positions"/>
        </vertices>
        <triangles material="Material_1-material" count="99">
          <input semantic="VERTEX" source="#Mesh7_002-mesh-vertices" offset="0"/>
          <input semantic="NORMAL" source="#Mesh7_002-mesh-normals" offset="1"/>
          <p>0 0 1 0 2 0 1 0 3 0 2 0 4 0 0 0 2 0 5 0 3 0 1 0 6 0 0 0 4 0 1 0 7 0 5 0 0 0 6 0 8 0 4 0 9 0 6 0 9 0 10 0 6 0 9 0 11 0 10 0 11 0 9 0 12 0 13 0 10 0 11 0 12 0 9 0 14 0 12 0 15 0 11 0 9 0 16 0 14 0 14 0 17 0 12 0 11 0 15 0 18 0 17 0 19 0 12 0 15 0 20 0 18 0 11 0 18 0 21 0 22 0 19 0 17 0 15 0 23 0 20 0 22 0 24 0 19 0 25 0 23 0 15 0 24 0 22 0 26 0 27 0 23 0 25 0 24 0 26 0 28 0 29 1 30 1 31 1 31 1 32 1 29 1 33 2 34 2 35 2 34 2 36 2 35 2 34 2 37 2 36 2 35 2 36 2 38 2 37 2 39 2 36 2 38 2 40 2 35 2 39 2 37 2 41 2 42 2 40 2 38 2 43 2 35 2 40 2 44 2 39 2 41 2 42 2 45 2 40 2 38 2 46 2 42 2 35 2 43 2 47 2 48 2 43 2 40 2 49 2 44 2 41 2 46 2 38 2 50 2 48 2 40 2 51 2 44 2 49 2 52 2 50 2 53 2 46 2 51 2 54 2 48 2 53 2 50 2 55 2 56 2 54 2 51 2 57 2 48 2 54 2 55 2 50 2 58 2 56 2 59 2 54 2 56 2 60 2 59 2 59 2 60 2 61 2 61 2 62 2 59 2 63 3 64 3 65 3 65 3 66 3 63 3 67 4 68 4 69 4 69 4 70 4 67 4 71 3 72 3 73 3 73 3 74 3 71 3 75 1 76 1 77 1 77 1 78 1 75 1 79 3 80 3 81 3 81 3 82 3 79 3 83 4 84 4 85 4 85 4 86 4 83 4 87 5 88 5 89 5 89 5 90 5 87 5 91 4 92 4 93 4 93 4 94 4 91 4 95 3 96 3 97 3 97 3 98 3 95 3 99 4 100 4 101 4 101 4 102 4 99 4 103 3 104 3 105 3 105 3 106 3 103 3 107 4 108 4 109 4 109 4 110 4 107 4 111 5 112 5 113 5 113 5 114 5 111 5 115 4 116 4 117 4 117 4 118 4 115 4 119 3 120 3 121 3 121 3 122 3 119 3 123 4 124 4 125 4 125 4 126 4 123 4 127 5 128 5 129 5 129 5 130 5 127 5 131 4 132 4 133 4 133 4 134 4 131 4 135 5 136 5 137 5 137 5 138 5 135 5 139 4 140 4 141 4 141 4 142 4 139 4 143 5 144 5 145 5 145 5 146 5 143 5</p>
        </triangles>
      </mesh>
    </geometry>
    <geometry id="Mesh6_002-mesh" name="Mesh6.002">
      <mesh>
        <source id="Mesh6_002-mesh-positions">
          <float_array id="Mesh6_002-mesh-positions-array" count="441">322 -202 -315 322 -202 -302 322 -242 -302.5 322 -242 -290 322 -242 -315 322 -172 -290 322 -172 -333 322 -172 -302 322 -172 -315 322 -261 -315 322 -517 -333 322 -498 -315 322 -297 -303 322 -517 -315 322 -279.5 -305.5 322 -462 -303 322 -261 -305.5 322 -279.5 -288.625 322 -479.5 -305.5 322 -297 -286.75 322 -479.5 -288.625 322 -498 -305.5 322 -279.5 -271.75 322 -479.5 -271.75 322 -297 -270.5 322 -462 -238 322 -279.5 -238 322 -479.5 -238 322 -297 -238 322 -172 -333 322 -517 -333 17 -517 -333 17 -172 -333 17 -498 -305.5 17 -479.5 -305.5 17 -498 -315 17 -462 -303 17 -479.5 -288.625 17 -297 -303 17 -462 -286.75 17 -261 -315 17 -479.5 -271.75 17 -279.5 -305.5 17 -517 -333 17 -462 -270.5 17 -261 -305.5 17 -279.5 -288.625 17 -517 -315 17 -172 -333 17 -479.5 -238 17 -297 -270.5 17 -242 -315 17 -462 -238 17 -279.5 -271.75 17 -202 -315 17 -279.5 -238 17 -242 -302.5 17 -172 -315 17 -297 -238 17 -202 -302 17 -242 -290 17 -172 -290 17 -172 -302 17 -172 -315 322 -172 -315 322 -172 -333 17 -172 -333 322 -202 -315 322 -172 -315 17 -172 -315 17 -202 -315 17 -202 -302 322 -202 -302 322 -202 -315 17 -202 -315 322 -172 -302 322 -202 -302 17 -202 -302 17 -172 -302 17 -172 -290 322 -172 -290 322 -172 -302 17 -172 -302 322 -242 -290 322 -172 -290 17 -172 -290 17 -242 -290 17 -242 -315 322 -242 -315 322 -242 -290 17 -242 -290 322 -261 -315 322 -242 -315 17 -242 -315 17 -261 -315 17 -261 -305.5 322 -261 -305.5 322 -261 -315 17 -261 -315 322 -279.5 -305.5 322 -261 -305.5 17 -261 -305.5 17 -279.5 -305.5 17 -279.5 -238 322 -279.5 -238 322 -279.5 -305.5 17 -279.5 -305.5 322 -297 -238 322 -279.5 -238 17 -279.5 -238 17 -297 -238 17 -297 -303 322 -297 -303 322 -297 -238 17 -297 -238 322 -462 -303 322 -297 -303 17 -297 -303 17 -462 -303 17 -462 -238 322 -462 -238 322 -462 -303 17 -462 -303 322 -479.5 -238 322 -462 -238 17 -462 -238 17 -479.5 -238 17 -479.5 -305.5 322 -479.5 -305.5 322 -479.5 -238 17 -479.5 -238 322 -498 -305.5 322 -479.5 -305.5 17 -479.5 -305.5 17 -498 -305.5 17 -498 -315 322 -498 -315 322 -498 -305.5 17 -498 -305.5 322 -517 -315 322 -498 -315 17 -498 -315 17 -517 -315 17 -517 -333 322 -517 -333 322 -517 -315 17 -517 -315</float_array>
          <technique_common>
            <accessor source="#Mesh6_002-mesh-positions-array" count="147" stride="3">
              <param name="X" type="float"/>
              <param name="Y" type="float"/>
              <param name="Z" type="float"/>
            </accessor>
          </technique_common>
        </source>
        <source id="Mesh6_002-mesh-normals">
          <float_array id="Mesh6_002-mesh-normals-array" count="18">1 0 0 0 0 -1 -1 0 0 0 1 0 0 0 1 0 -1 0</float_array>
          <technique_common>
            <accessor source="#Mesh6_002-mesh-normals-array" count="6" stride="3">
              <param name="X" type="float"/>
              <param name="Y" type="float"/>
              <param name="Z" type="float"/>
            </accessor>
          </technique_common>
        </source>
        <vertices id="Mesh6_002-mesh-vertices">
          <input semantic="POSITION" source="#Mesh6_002-mesh-positions"/>
        </vertices>
        <triangles material="Material_1-material" count="99">
          <input semantic="VERTEX" source="#Mesh6_002-mesh-vertices" offset="0"/>
          <input semantic="NORMAL" source="#Mesh6_002-mesh-normals" offset="1"/>
          <p>0 0 1 0 2 0 1 0 3 0 2 0 4 0 0 0 2 0 5 0 3 0 1 0 6 0 0 0 4 0 1 0 7 0 5 0 0 0 6 0 8 0 4 0 9 0 6 0 9 0 10 0 6 0 9 0 11 0 10 0 11 0 9 0 12 0 13 0 10 0 11 0 12 0 9 0 14 0 12 0 15 0 11 0 9 0 16 0 14 0 14 0 17 0 12 0 11 0 15 0 18 0 17 0 19 0 12 0 15 0 20 0 18 0 11 0 18 0 21 0 22 0 19 0 17 0 15 0 23 0 20 0 22 0 24 0 19 0 25 0 23 0 15 0 24 0 22 0 26 0 27 0 23 0 25 0 24 0 26 0 28 0 29 1 30 1 31 1 31 1 32 1 29 1 33 2 34 2 35 2 34 2 36 2 35 2 34 2 37 2 36 2 35 2 36 2 38 2 37 2 39 2 36 2 38 2 40 2 35 2 39 2 37 2 41 2 42 2 40 2 38 2 43 2 35 2 40 2 44 2 39 2 41 2 42 2 45 2 40 2 38 2 46 2 42 2 35 2 43 2 47 2 48 2 43 2 40 2 49 2 44 2 41 2 46 2 38 2 50 2 48 2 40 2 51 2 44 2 49 2 52 2 50 2 53 2 46 2 51 2 54 2 48 2 53 2 50 2 55 2 56 2 54 2 51 2 57 2 48 2 54 2 55 2 50 2 58 2 56 2 59 2 54 2 56 2 60 2 59 2 59 2 60 2 61 2 61 2 62 2 59 2 63 3 64 3 65 3 65 3 66 3 63 3 67 4 68 4 69 4 69 4 70 4 67 4 71 3 72 3 73 3 73 3 74 3 71 3 75 1 76 1 77 1 77 1 78 1 75 1 79 3 80 3 81 3 81 3 82 3 79 3 83 4 84 4 85 4 85 4 86 4 83 4 87 5 88 5 89 5 89 5 90 5 87 5 91 4 92 4 93 4 93 4 94 4 91 4 95 3 96 3 97 3 97 3 98 3 95 3 99 4 100 4 101 4 101 4 102 4 99 4 103 3 104 3 105 3 105 3 106 3 103 3 107 4 108 4 109 4 109 4 110 4 107 4 111 5 112 5 113 5 113 5 114 5 111 5 115 4 116 4 117 4 117 4 118 4 115 4 119 3 120 3 121 3 121 3 122 3 119 3 123 4 124 4 125 4 125 4 126 4 123 4 127 5 128 5 129 5 129 5 130 5 127 5 131 4 132 4 133 4 133 4 134 4 131 4 135 5 136 5 137 5 137 5 138 5 135 5 139 4 140 4 141 4 141 4 142 4 139 4 143 5 144 5 145 5 145 5 146 5 143 5</p>
        </triangles>
      </mesh>
    </geometry>
    <geometry id="Mesh7_001-mesh" name="Mesh7.001">
      <mesh>
        <source id="Mesh7_001-mesh-positions">
          <float_array id="Mesh7_001-mesh-positions-array" count="441">322 -202 -315 322 -202 -302 322 -242 -302.5 322 -242 -290 322 -242 -315 322 -172 -290 322 -172 -333 322 -172 -302 322 -172 -315 322 -261 -315 322 -517 -333 322 -498 -315 322 -297 -303 322 -517 -315 322 -279.5 -305.5 322 -462 -303 322 -261 -305.5 322 -279.5 -288.625 322 -479.5 -305.5 322 -297 -286.75 322 -479.5 -288.625 322 -498 -305.5 322 -279.5 -271.75 322 -479.5 -271.75 322 -297 -270.5 322 -462 -238 322 -279.5 -238 322 -479.5 -238 322 -297 -238 322 -172 -333 322 -517 -333 17 -517 -333 17 -172 -333 17 -498 -305.5 17 -479.5 -305.5 17 -498 -315 17 -462 -303 17 -479.5 -288.625 17 -297 -303 17 -462 -286.75 17 -261 -315 17 -479.5 -271.75 17 -279.5 -305.5 17 -517 -333 17 -462 -270.5 17 -261 -305.5 17 -279.5 -288.625 17 -517 -315 17 -172 -333 17 -479.5 -238 17 -297 -270.5 17 -242 -315 17 -462 -238 17 -279.5 -271.75 17 -202 -315 17 -279.5 -238 17 -242 -302.5 17 -172 -315 17 -297 -238 17 -202 -302 17 -242 -290 17 -172 -290 17 -172 -302 17 -172 -315 322 -172 -315 322 -172 -333 17 -172 -333 322 -202 -315 322 -172 -315 17 -172 -315 17 -202 -315 17 -202 -302 322 -202 -302 322 -202 -315 17 -202 -315 322 -172 -302 322 -202 -302 17 -202 -302 17 -172 -302 17 -172 -290 322 -172 -290 322 -172 -302 17 -172 -302 322 -242 -290 322 -172 -290 17 -172 -290 17 -242 -290 17 -242 -315 322 -242 -315 322 -242 -290 17 -242 -290 322 -261 -315 322 -242 -315 17 -242 -315 17 -261 -315 17 -261 -305.5 322 -261 -305.5 322 -261 -315 17 -261 -315 322 -279.5 -305.5 322 -261 -305.5 17 -261 -305.5 17 -279.5 -305.5 17 -279.5 -238 322 -279.5 -238 322 -279.5 -305.5 17 -279.5 -305.5 322 -297 -238 322 -279.5 -238 17 -279.5 -238 17 -297 -238 17 -297 -303 322 -297 -303 322 -297 -238 17 -297 -238 322 -462 -303 322 -297 -303 17 -297 -303 17 -462 -303 17 -462 -238 322 -462 -238 322 -462 -303 17 -462 -303 322 -479.5 -238 322 -462 -238 17 -462 -238 17 -479.5 -238 17 -479.5 -305.5 322 -479.5 -305.5 322 -479.5 -238 17 -479.5 -238 322 -498 -305.5 322 -479.5 -305.5 17 -479.5 -305.5 17 -498 -305.5 17 -498 -315 322 -498 -315 322 -498 -305.5 17 -498 -305.5 322 -517 -315 322 -498 -315 17 -498 -315 17 -517 -315 17 -517 -333 322 -517 -333 322 -517 -315 17 -517 -315</float_array>
          <technique_common>
            <accessor source="#Mesh7_001-mesh-positions-array" count="147" stride="3">
              <param name="X" type="float"/>
              <param name="Y" type="float"/>
              <param name="Z" type="float"/>
            </accessor>
          </technique_common>
        </source>
        <source id="Mesh7_001-mesh-normals">
          <float_array id="Mesh7_001-mesh-normals-array" count="18">1 0 0 0 0 -1 -1 0 0 0 1 0 0 0 1 0 -1 0</float_array>
          <technique_common>
            <accessor source="#Mesh7_001-mesh-normals-array" count="6" stride="3">
              <param name="X" type="float"/>
              <param name="Y" type="float"/>
              <param name="Z" type="float"/>
            </accessor>
          </technique_common>
        </source>
        <vertices id="Mesh7_001-mesh-vertices">
          <input semantic="POSITION" source="#Mesh7_001-mesh-positions"/>
        </vertices>
        <triangles material="Material_1-material" count="99">
          <input semantic="VERTEX" source="#Mesh7_001-mesh-vertices" offset="0"/>
          <input semantic="NORMAL" source="#Mesh7_001-mesh-normals" offset="1"/>
          <p>0 0 1 0 2 0 1 0 3 0 2 0 4 0 0 0 2 0 5 0 3 0 1 0 6 0 0 0 4 0 1 0 7 0 5 0 0 0 6 0 8 0 4 0 9 0 6 0 9 0 10 0 6 0 9 0 11 0 10 0 11 0 9 0 12 0 13 0 10 0 11 0 12 0 9 0 14 0 12 0 15 0 11 0 9 0 16 0 14 0 14 0 17 0 12 0 11 0 15 0 18 0 17 0 19 0 12 0 15 0 20 0 18 0 11 0 18 0 21 0 22 0 19 0 17 0 15 0 23 0 20 0 22 0 24 0 19 0 25 0 23 0 15 0 24 0 22 0 26 0 27 0 23 0 25 0 24 0 26 0 28 0 29 1 30 1 31 1 31 1 32 1 29 1 33 2 34 2 35 2 34 2 36 2 35 2 34 2 37 2 36 2 35 2 36 2 38 2 37 2 39 2 36 2 38 2 40 2 35 2 39 2 37 2 41 2 42 2 40 2 38 2 43 2 35 2 40 2 44 2 39 2 41 2 42 2 45 2 40 2 38 2 46 2 42 2 35 2 43 2 47 2 48 2 43 2 40 2 49 2 44 2 41 2 46 2 38 2 50 2 48 2 40 2 51 2 44 2 49 2 52 2 50 2 53 2 46 2 51 2 54 2 48 2 53 2 50 2 55 2 56 2 54 2 51 2 57 2 48 2 54 2 55 2 50 2 58 2 56 2 59 2 54 2 56 2 60 2 59 2 59 2 60 2 61 2 61 2 62 2 59 2 63 3 64 3 65 3 65 3 66 3 63 3 67 4 68 4 69 4 69 4 70 4 67 4 71 3 72 3 73 3 73 3 74 3 71 3 75 1 76 1 77 1 77 1 78 1 75 1 79 3 80 3 81 3 81 3 82 3 79 3 83 4 84 4 85 4 85 4 86 4 83 4 87 5 88 5 89 5 89 5 90 5 87 5 91 4 92 4 93 4 93 4 94 4 91 4 95 3 96 3 97 3 97 3 98 3 95 3 99 4 100 4 101 4 101 4 102 4 99 4 103 3 104 3 105 3 105 3 106 3 103 3 107 4 108 4 109 4 109 4 110 4 107 4 111 5 112 5 113 5 113 5 114 5 111 5 115 4 116 4 117 4 117 4 118 4 115 4 119 3 120 3 121 3 121 3 122 3 119 3 123 4 124 4 125 4 125 4 126 4 123 4 127 5 128 5 129 5 129 5 130 5 127 5 131 4 132 4 133 4 133 4 134 4 131 4 135 5 136 5 137 5 137 5 138 5 135 5 139 4 140 4 141 4 141 4 142 4 139 4 143 5 144 5 145 5 145 5 146 5 143 5</p>
        </triangles>
      </mesh>
    </geometry>
    <geometry id="Mesh6_001-mesh" name="Mesh6.001">
      <mesh>
        <source id="Mesh6_001-mesh-positions">
          <float_array id="Mesh6_001-mesh-positions-array" count="441">322 -202 -315 322 -202 -302 322 -242 -302.5 322 -242 -290 322 -242 -315 322 -172 -290 322 -172 -333 322 -172 -302 322 -172 -315 322 -261 -315 322 -517 -333 322 -498 -315 322 -297 -303 322 -517 -315 322 -279.5 -305.5 322 -462 -303 322 -261 -305.5 322 -279.5 -288.625 322 -479.5 -305.5 322 -297 -286.75 322 -479.5 -288.625 322 -498 -305.5 322 -279.5 -271.75 322 -479.5 -271.75 322 -297 -270.5 322 -462 -238 322 -279.5 -238 322 -479.5 -238 322 -297 -238 322 -172 -333 322 -517 -333 17 -517 -333 17 -172 -333 17 -498 -305.5 17 -479.5 -305.5 17 -498 -315 17 -462 -303 17 -479.5 -288.625 17 -297 -303 17 -462 -286.75 17 -261 -315 17 -479.5 -271.75 17 -279.5 -305.5 17 -517 -333 17 -462 -270.5 17 -261 -305.5 17 -279.5 -288.625 17 -517 -315 17 -172 -333 17 -479.5 -238 17 -297 -270.5 17 -242 -315 17 -462 -238 17 -279.5 -271.75 17 -202 -315 17 -279.5 -238 17 -242 -302.5 17 -172 -315 17 -297 -238 17 -202 -302 17 -242 -290 17 -172 -290 17 -172 -302 17 -172 -315 322 -172 -315 322 -172 -333 17 -172 -333 322 -202 -315 322 -172 -315 17 -172 -315 17 -202 -315 17 -202 -302 322 -202 -302 322 -202 -315 17 -202 -315 322 -172 -302 322 -202 -302 17 -202 -302 17 -172 -302 17 -172 -290 322 -172 -290 322 -172 -302 17 -172 -302 322 -242 -290 322 -172 -290 17 -172 -290 17 -242 -290 17 -242 -315 322 -242 -315 322 -242 -290 17 -242 -290 322 -261 -315 322 -242 -315 17 -242 -315 17 -261 -315 17 -261 -305.5 322 -261 -305.5 322 -261 -315 17 -261 -315 322 -279.5 -305.5 322 -261 -305.5 17 -261 -305.5 17 -279.5 -305.5 17 -279.5 -238 322 -279.5 -238 322 -279.5 -305.5 17 -279.5 -305.5 322 -297 -238 322 -279.5 -238 17 -279.5 -238 17 -297 -238 17 -297 -303 322 -297 -303 322 -297 -238 17 -297 -238 322 -462 -303 322 -297 -303 17 -297 -303 17 -462 -303 17 -462 -238 322 -462 -238 322 -462 -303 17 -462 -303 322 -479.5 -238 322 -462 -238 17 -462 -238 17 -479.5 -238 17 -479.5 -305.5 322 -479.5 -305.5 322 -479.5 -238 17 -479.5 -238 322 -498 -305.5 322 -479.5 -305.5 17 -479.5 -305.5 17 -498 -305.5 17 -498 -315 322 -498 -315 322 -498 -305.5 17 -498 -305.5 322 -517 -315 322 -498 -315 17 -498 -315 17 -517 -315 17 -517 -333 322 -517 -333 322 -517 -315 17 -517 -315</float_array>
          <technique_common>
            <accessor source="#Mesh6_001-mesh-positions-array" count="147" stride="3">
              <param name="X" type="float"/>
              <param name="Y" type="float"/>
              <param name="Z" type="float"/>
            </accessor>
          </technique_common>
        </source>
        <source id="Mesh6_001-mesh-normals">
          <float_array id="Mesh6_001-mesh-normals-array" count="18">1 0 0 0 0 -1 -1 0 0 0 1 0 0 0 1 0 -1 0</float_array>
          <technique_common>
            <accessor source="#Mesh6_001-mesh-normals-array" count="6" stride="3">
              <param name="X" type="float"/>
              <param name="Y" type="float"/>
              <param name="Z" type="float"/>
            </accessor>
          </technique_common>
        </source>
        <vertices id="Mesh6_001-mesh-vertices">
          <input semantic="POSITION" source="#Mesh6_001-mesh-positions"/>
        </vertices>
        <triangles material="Material_1-material" count="99">
          <input semantic="VERTEX" source="#Mesh6_001-mesh-vertices" offset="0"/>
          <input semantic="NORMAL" source="#Mesh6_001-mesh-normals" offset="1"/>
          <p>0 0 1 0 2 0 1 0 3 0 2 0 4 0 0 0 2 0 5 0 3 0 1 0 6 0 0 0 4 0 1 0 7 0 5 0 0 0 6 0 8 0 4 0 9 0 6 0 9 0 10 0 6 0 9 0 11 0 10 0 11 0 9 0 12 0 13 0 10 0 11 0 12 0 9 0 14 0 12 0 15 0 11 0 9 0 16 0 14 0 14 0 17 0 12 0 11 0 15 0 18 0 17 0 19 0 12 0 15 0 20 0 18 0 11 0 18 0 21 0 22 0 19 0 17 0 15 0 23 0 20 0 22 0 24 0 19 0 25 0 23 0 15 0 24 0 22 0 26 0 27 0 23 0 25 0 24 0 26 0 28 0 29 1 30 1 31 1 31 1 32 1 29 1 33 2 34 2 35 2 34 2 36 2 35 2 34 2 37 2 36 2 35 2 36 2 38 2 37 2 39 2 36 2 38 2 40 2 35 2 39 2 37 2 41 2 42 2 40 2 38 2 43 2 35 2 40 2 44 2 39 2 41 2 42 2 45 2 40 2 38 2 46 2 42 2 35 2 43 2 47 2 48 2 43 2 40 2 49 2 44 2 41 2 46 2 38 2 50 2 48 2 40 2 51 2 44 2 49 2 52 2 50 2 53 2 46 2 51 2 54 2 48 2 53 2 50 2 55 2 56 2 54 2 51 2 57 2 48 2 54 2 55 2 50 2 58 2 56 2 59 2 54 2 56 2 60 2 59 2 59 2 60 2 61 2 61 2 62 2 59 2 63 3 64 3 65 3 65 3 66 3 63 3 67 4 68 4 69 4 69 4 70 4 67 4 71 3 72 3 73 3 73 3 74 3 71 3 75 1 76 1 77 1 77 1 78 1 75 1 79 3 80 3 81 3 81 3 82 3 79 3 83 4 84 4 85 4 85 4 86 4 83 4 87 5 88 5 89 5 89 5 90 5 87 5 91 4 92 4 93 4 93 4 94 4 91 4 95 3 96 3 97 3 97 3 98 3 95 3 99 4 100 4 101 4 101 4 102 4 99 4 103 3 104 3 105 3 105 3 106 3 103 3 107 4 108 4 109 4 109 4 110 4 107 4 111 5 112 5 113 5 113 5 114 5 111 5 115 4 116 4 117 4 117 4 118 4 115 4 119 3 120 3 121 3 121 3 122 3 119 3 123 4 124 4 125 4 125 4 126 4 123 4 127 5 128 5 129 5 129 5 130 5 127 5 131 4 132 4 133 4 133 4 134 4 131 4 135 5 136 5 137 5 137 5 138 5 135 5 139 4 140 4 141 4 141 4 142 4 139 4 143 5 144 5 145 5 145 5 146 5 143 5</p>
        </triangles>
      </mesh>
    </geometry>
    <geometry id="Mesh5-mesh" name="Mesh5">
      <mesh>
        <source id="Mesh5-mesh-positions">
          <float_array id="Mesh5-mesh-positions-array" count="72">300 200 100 0 200 100 300 200 0 0 200 0 0 0 100 300 0 100 0 0 0 300 0 0 0 0 100 0 200 100 300 0 100 300 200 100 300 0 0 300 200 0 0 0 0 0 200 0 300 0 100 300 200 100 300 0 0 300 200 0 0 200 100 0 0 100 0 200 0 0 0 0</float_array>
          <technique_common>
            <accessor source="#Mesh5-mesh-positions-array" count="24" stride="3">
              <param name="X" type="float"/>
              <param name="Y" type="float"/>
              <param name="Z" type="float"/>
            </accessor>
          </technique_common>
        </source>
        <source id="Mesh5-mesh-normals">
          <float_array id="Mesh5-mesh-normals-array" count="18">0 1 0 0 -1 0 0 0 1 0 0 -1 1 0 0 -1 0 0</float_array>
          <technique_common>
            <accessor source="#Mesh5-mesh-normals-array" count="6" stride="3">
              <param name="X" type="float"/>
              <param name="Y" type="float"/>
              <param name="Z" type="float"/>
            </accessor>
          </technique_common>
        </source>
        <vertices id="Mesh5-mesh-vertices">
          <input semantic="POSITION" source="#Mesh5-mesh-positions"/>
        </vertices>
        <triangles material="Material_1-material" count="12">
          <input semantic="VERTEX" source="#Mesh5-mesh-vertices" offset="0"/>
          <input semantic="NORMAL" source="#Mesh5-mesh-normals" offset="1"/>
          <p>0 0 2 0 1 0 2 0 3 0 1 0 4 1 6 1 5 1 6 1 7 1 5 1 8 2 10 2 9 2 10 2 11 2 9 2 12 3 14 3 13 3 14 3 15 3 13 3 16 4 18 4 17 4 18 4 19 4 17 4 20 5 22 5 21 5 22 5 23 5 21 5</p>
        </triangles>
      </mesh>
    </geometry>
    <geometry id="Mesh4-mesh" name="Mesh4">
      <mesh>
        <source id="Mesh4-mesh-positions">
          <float_array id="Mesh4-mesh-positions-array" count="2370">17 115.5 -193 17 112.5 -193 324.5 112.5 -193 324.5 115.5 -193 17 -114.5 -173 17 -114.5 -200.5 17 -115.5 -173 17 -143.5 -173 17 -143.5 -167.25 17 -162.5 -193 17 -143.5 -161.5 17 -141.9698 -205 17 -144.5 -173 17 -115.5 -150 17 -104.4908 -228 17 -162.5 -205 17 -168.5 -193 17 -143.5 -150 17 -144.1024 -229.375 17 -168.5 -168.4 17 -146.2349 -253.75 17 -144.5 -168.4 17 133.5 -259.75 17 -150.5 -302.5 17 87.4923 -228 17 133.5 -302.5 17 133.5 -217 17 -197 -315 17 97.5 -200.5042 17 180 -315 17 -197 -302.5 17 112.5 -200.5042 17 180 -302.5 17 143.5 -193 17 115.5 -193 17 147.5 -217 17 115.5 -170 17 112.5 -193 17 147.5 -193 17 143.5 -170 324.5 -143.5 -173 17 -143.5 -173 79.5 -144.5 -173 17 -144.5 -173 324.5 -144.5 -173 131.0398 149.0398 -315 17 -197 -315 17 180 -315 131.0398 -166.0398 -315 129.1122 151.3887 -315 133.3887 -164.1122 -315 129.1122 -168.3887 -315 127.6799 154.0684 -315 133.3887 147.1122 -315 127.6799 -171.0684 -315 126.7978 156.9761 -315 136.0684 145.6799 -315 126.7978 -173.9761 -315 126.5 160 -315 136.0684 -162.6799 -315 126.5 -177 -315 126.7978 163.0239 -315 138.9761 -161.7978 -315 126.7978 -180.0239 -315 127.6799 165.9316 -315 138.9761 144.7978 -315 127.6799 -182.9316 -315 129.1122 168.6113 -315 142 144.5 -315 129.1122 -185.6113 -315 131.0398 170.9602 -315 142 -161.5 -315 131.0398 -187.9602 -315 133.3887 172.8878 -315 145.0239 -161.7978 -315 133.3887 -189.8878 -315 136.0684 174.3201 -315 145.0239 144.7978 -315 136.0684 -191.3201 -315 138.9761 175.2022 -315 147.9316 145.6799 -315 138.9761 -192.2022 -315 142 175.5 -315 147.9316 -162.6799 -315 142 -192.5 -315 324.5 180 -315 150.6113 -164.1122 -315 324.5 -197 -315 145.0239 175.2022 -315 150.6113 147.1122 -315 145.0239 -192.2022 -315 147.9316 174.3201 -315 152.9602 149.0398 -315 147.9316 -191.3201 -315 150.6113 172.8878 -315 152.9602 -166.0398 -315 150.6113 -189.8878 -315 152.9602 170.9602 -315 152.9602 -187.9602 -315 154.8878 168.6113 -315 154.8878 -168.3887 -315 154.8878 -185.6113 -315 156.3201 165.9316 -315 154.8878 151.3887 -315 156.3201 -171.0684 -315 156.3201 -182.9316 -315 157.2022 163.0239 -315 156.3201 154.0684 -315 157.2022 -173.9761 -315 157.2022 -180.0239 -315 157.5 160 -315 157.2022 156.9761 -315 157.5 -177 -315 324.5 180 -315 324.5 180 -302.5 324.5 133.5 -302.5 324.5 -150.5 -302.5 324.5 133.5 -259.75 324.5 -197 -315 324.5 -146.2349 -253.75 324.5 -197 -302.5 324.5 87.4923 -228 324.5 133.5 -217 324.5 -104.4908 -228 324.5 97.5 -200.5042 324.5 -144.1024 -229.375 324.5 112.5 -200.5042 324.5 -141.9698 -205 324.5 147.5 -217 324.5 -114.5 -200.5 324.5 143.5 -193 324.5 -144.5 -193 324.5 147.5 -193 324.5 115.5 -193 324.5 -144.5 -183 324.5 -162.5 -205 324.5 112.5 -193 324.5 -114.5 -173 324.5 -162.5 -193 324.5 -115.5 -173 324.5 -143.5 -173 324.5 -144.5 -173 17 133.5 -302.5 324.5 133.5 -302.5 142 144.5 -302.5 145.0239 144.7978 -302.5 138.9761 144.7978 -302.5 147.9316 145.6799 -302.5 136.0684 145.6799 -302.5 150.6113 147.1122 -302.5 133.3887 147.1122 -302.5 152.9602 149.0398 -302.5 131.0398 149.0398 -302.5 154.8878 151.3887 -302.5 129.1122 151.3887 -302.5 156.3201 154.0684 -302.5 127.6799 154.0684 -302.5 157.2022 156.9761 -302.5 126.7978 156.9761 -302.5 324.5 180 -302.5 17 180 -302.5 157.5 160 -302.5 126.5 160 -302.5 157.2022 163.0239 -302.5 126.7978 163.0239 -302.5 156.3201 165.9316 -302.5 127.6799 165.9316 -302.5 154.8878 168.6113 -302.5 129.1122 168.6113 -302.5 152.9602 170.9602 -302.5 131.0398 170.9602 -302.5 150.6113 172.8878 -302.5 133.3887 172.8878 -302.5 147.9316 174.3201 -302.5 136.0684 174.3201 -302.5 145.0239 175.2022 -302.5 138.9761 175.2022 -302.5 142 175.5 -302.5 126.7978 -173.9761 -302.5 17 -150.5 -302.5 17 -197 -302.5 127.6799 -171.0684 -302.5 126.5 -177 -302.5 129.1122 -168.3887 -302.5 126.7978 -180.0239 -302.5 131.0398 -166.0398 -302.5 127.6799 -182.9316 -302.5 133.3887 -164.1122 -302.5 129.1122 -185.6113 -302.5 136.0684 -162.6799 -302.5 131.0398 -187.9602 -302.5 138.9761 -161.7978 -302.5 133.3887 -189.8878 -302.5 142 -161.5 -302.5 136.0684 -191.3201 -302.5 324.5 -150.5 -302.5 138.9761 -192.2022 -302.5 145.0239 -161.7978 -302.5 142 -192.5 -302.5 147.9316 -162.6799 -302.5 324.5 -197 -302.5 150.6113 -164.1122 -302.5 145.0239 -192.2022 -302.5 152.9602 -166.0398 -302.5 147.9316 -191.3201 -302.5 154.8878 -168.3887 -302.5 150.6113 -189.8878 -302.5 156.3201 -171.0684 -302.5 152.9602 -187.9602 -302.5 157.2022 -173.9761 -302.5 154.8878 -185.6113 -302.5 156.3201 -182.9316 -302.5 157.5 -177 -302.5 157.2022 -180.0239 -302.5 324.5 -141.9698 -205 17 -141.9698 -205 17 -150.5 -302.5 324.5 -150.5 -302.5 17 -162.5 -205 17 -141.9698 -205 324.5 -141.9698 -205 324.5 -162.5 -205 159.5 -162.5 -193 324.5 -162.5 -205 324.5 -162.5 -193 17 -162.5 -205 79.5 -162.5 -193 17 -162.5 -193 324.5 -162.5 -193 324.5 -144.5 -193 364.5 -144.5 -193 364.5 -194.5 -193 159.5 -194.5 -193 159.5 -162.5 -193 159.5 -144.5 -193 79.5 -144.5 -193 79.5 -162.5 -193 159.5 -162.5 -193 159.5 -144.5 -193 159.5 -144.5 -183 79.5 -144.5 -193 79.5 -144.5 -173 324.5 -144.5 -173 324.5 -144.5 -183 324.5 -114.5 -173 17 -114.5 -173 17 -115.5 -173 324.5 -115.5 -173 324.5 -114.5 -200.5 17 -114.5 -200.5 17 -114.5 -173 324.5 -114.5 -173 324.5 -104.4908 -228 17 -104.4908 -228 17 -114.5 -200.5 324.5 -114.5 -200.5 324.5 87.4923 -228 17 87.4923 -228 17 -104.4908 -228 324.5 -104.4908 -228 324.5 97.5 -200.5042 17 97.5 -200.5042 17 87.4923 -228 324.5 87.4923 -228 17 112.5 -200.5042 17 97.5 -200.5042 324.5 97.5 -200.5042 324.5 112.5 -200.5042 324.5 112.5 -193 17 112.5 -193 17 112.5 -200.5042 324.5 112.5 -200.5042 324.5 143.5 -193 324.5 147.5 -193 17 147.5 -193 17 143.5 -193 324.5 147.5 -217 17 147.5 -217 17 147.5 -193 324.5 147.5 -193 17 133.5 -217 17 147.5 -217 324.5 147.5 -217 324.5 133.5 -217 324.5 133.5 -302.5 17 133.5 -302.5 17 133.5 -217 324.5 133.5 -217 324.5 180 -315 17 180 -315 17 180 -302.5 324.5 180 -302.5 324.5 -197 -302.5 17 -197 -302.5 17 -197 -315 324.5 -197 -315 79.5 -144.5 -168.4 17 -144.5 -168.4 17 -168.5 -168.4 79.5 -168.5 -168.4 79.5 -168.5 -168.4 17 -168.5 -168.4 17 -168.5 -193 79.5 -168.5 -193 79.5 -168.5 -193 17 -168.5 -193 17 -162.5 -193 79.5 -162.5 -193 329.5 -115.5 -173 329.5 -143.5 -173 324.5 -143.5 -173 324.5 -115.5 -173 329.5 -115.5 -150 17 -115.5 -150 17 -143.5 -150 329.5 -143.5 -150 329.5 -115.5 -173 324.5 -115.5 -173 329.5 -115.5 -150 17 -115.5 -150 17 -115.5 -173 329.5 -143.5 -150 17 -143.5 -150 324.5 -143.5 -173 17 -143.5 -173 329.5 -143.5 -173 329.5 143.5 -193 329.5 115.5 -193 324.5 115.5 -193 324.5 143.5 -193 329.5 143.5 -170 17 143.5 -170 17 115.5 -170 329.5 115.5 -170 329.5 143.5 -193 324.5 143.5 -193 329.5 143.5 -170 17 143.5 -170 17 143.5 -193 329.5 115.5 -170 17 115.5 -170 324.5 115.5 -193 17 115.5 -193 329.5 115.5 -193 324.5 -144.5 -183 159.5 -144.5 -183 159.5 -166.5 -183 364.5 -166.5 -183 364.5 -144.5 -183 159.5 -194.5 -193 159.5 -194.5 -183 159.5 -166.5 -183 159.5 -162.5 -193 159.5 -144.5 -183 159.5 -144.5 -193 159.5 -194.5 -183 159.5 -194.5 -193 364.5 -194.5 -193 364.5 -194.5 -153 132 -194.5 -153 132 -194.5 -183 364.5 -144.5 -183 364.5 -166.5 -183 364.5 -144.5 -193 364.5 -194.5 -193 364.5 -194.5 -153 364.5 -166.5 -153 364.5 -194.5 -153 364.5 -166.5 -153 132 -166.5 -153 132 -194.5 -153 132 -166.5 -183 132 -194.5 -183 132 -194.5 -153 132 -166.5 -153 132 -166.5 -183 159.5 -166.5 -183 159.5 -194.5 -183 132 -194.5 -183 159.5 -166.5 -183 132 -166.5 -183 132 -166.5 -153 364.5 -166.5 -153 364.5 -166.5 -183 79.5 -144.5 -173 17 -144.5 -173 17 -144.5 -168.4 79.5 -144.5 -168.4 79.5 -168.5 -193 79.5 -162.5 -193 79.5 -168.5 -168.4 79.5 -144.5 -173 79.5 -144.5 -193 79.5 -144.5 -168.4 329.5 -143.5 -150 329.5 -143.5 -173 329.5 -115.5 -173 329.5 -115.5 -150 329.5 115.5 -170 329.5 115.5 -193 329.5 143.5 -193 329.5 143.5 -170 324.5 -144.5 -193 324.5 -144.5 -183 364.5 -144.5 -183 364.5 -144.5 -193 142 -161.5 -315 145.0239 -161.7978 -315 145.0239 -161.7978 -357 147.9316 -162.6799 -357 142 -161.5 -357 147.9316 -162.6799 -315 138.9761 -161.7978 -315 150.6113 -164.1122 -357 138.9761 -161.7978 -357 150.6113 -164.1122 -315 136.0684 -162.6799 -315 152.9602 -166.0398 -357 136.0684 -162.6799 -357 152.9602 -166.0398 -315 133.3887 -164.1122 -315 154.8878 -168.3887 -357 133.3887 -164.1122 -357 154.8878 -168.3887 -315 131.0398 -166.0398 -315 156.3201 -171.0684 -357 131.0398 -166.0398 -357 156.3201 -171.0684 -315 129.1122 -168.3887 -315 157.2022 -173.9761 -357 129.1122 -168.3887 -357 157.2022 -173.9761 -315 127.6799 -171.0684 -315 157.5 -177 -315 127.6799 -171.0684 -357 157.5 -177 -357 126.7978 -173.9761 -315 157.2022 -180.0239 -357 126.7978 -173.9761 -357 157.2022 -180.0239 -315 126.5 -177 -315 156.3201 -182.9316 -357 126.5 -177 -357 156.3201 -182.9316 -315 126.7978 -180.0239 -357 154.8878 -185.6113 -357 126.7978 -180.0239 -315 154.8878 -185.6113 -315 127.6799 -182.9316 -315 152.9602 -187.9602 -357 127.6799 -182.9316 -357 152.9602 -187.9602 -315 129.1122 -185.6113 -315 150.6113 -189.8878 -357 129.1122 -185.6113 -357 150.6113 -189.8878 -315 131.0398 -187.9602 -315 147.9316 -191.3201 -357 131.0398 -187.9602 -357 147.9316 -191.3201 -315 133.3887 -189.8878 -315 145.0239 -192.2022 -357 133.3887 -189.8878 -357 145.0239 -192.2022 -315 136.0684 -191.3201 -315 142 -192.5 -357 136.0684 -191.3201 -357 142 -192.5 -315 138.9761 -192.2022 -315 138.9761 -192.2022 -357 142 175.5 -315 145.0239 175.2022 -315 145.0239 175.2022 -357 147.9316 174.3201 -357 142 175.5 -357 147.9316 174.3201 -315 138.9761 175.2022 -315 150.6113 172.8878 -357 138.9761 175.2022 -357 150.6113 172.8878 -315 136.0684 174.3201 -315 152.9602 170.9602 -357 136.0684 174.3201 -357 152.9602 170.9602 -315 133.3887 172.8878 -315 154.8878 168.6113 -357 133.3887 172.8878 -357 154.8878 168.6113 -315 131.0398 170.9602 -315 156.3201 165.9316 -357 131.0398 170.9602 -357 156.3201 165.9316 -315 129.1122 168.6113 -315 157.2022 163.0239 -357 129.1122 168.6113 -357 157.2022 163.0239 -315 127.6799 165.9316 -315 157.5 160 -315 127.6799 165.9316 -357 157.5 160 -357 126.7978 163.0239 -315 157.2022 156.9761 -357 126.7978 163.0239 -357 157.2022 156.9761 -315 126.5 160 -315 156.3201 154.0684 -357 126.5 160 -357 156.3201 154.0684 -315 126.7978 156.9761 -357 154.8878 151.3887 -357 126.7978 156.9761 -315 154.8878 151.3887 -315 127.6799 154.0684 -315 152.9602 149.0398 -357 127.6799 154.0684 -357 152.9602 149.0398 -315 129.1122 151.3887 -315 150.6113 147.1122 -357 129.1122 151.3887 -357 150.6113 147.1122 -315 131.0398 149.0398 -315 147.9316 145.6799 -357 131.0398 149.0398 -357 147.9316 145.6799 -315 133.3887 147.1122 -315 145.0239 144.7978 -357 133.3887 147.1122 -357 145.0239 144.7978 -315 136.0684 145.6799 -315 142 144.5 -357 136.0684 145.6799 -357 142 144.5 -315 138.9761 144.7978 -315 138.9761 144.7978 -357 157.5 160 -246.5 157.2022 156.9761 -246.5 157.2022 156.9761 -302.5 156.3201 154.0684 -302.5 157.5 160 -302.5 156.3201 154.0684 -246.5 157.2022 163.0239 -302.5 154.8878 151.3887 -302.5 157.2022 163.0239 -246.5 154.8878 151.3887 -246.5 156.3201 165.9316 -246.5 152.9602 149.0398 -302.5 156.3201 165.9316 -302.5 152.9602 149.0398 -246.5 154.8878 168.6113 -246.5 150.6113 147.1122 -302.5 154.8878 168.6113 -302.5 150.6113 147.1122 -246.5 152.9602 170.9602 -246.5 147.9316 145.6799 -302.5 152.9602 170.9602 -302.5 147.9316 145.6799 -246.5 150.6113 172.8878 -246.5 145.0239 144.7978 -302.5 150.6113 172.8878 -302.5 145.0239 144.7978 -246.5 147.9316 174.3201 -246.5 142 144.5 -302.5 147.9316 174.3201 -302.5 142 144.5 -246.5 145.0239 175.2022 -246.5 138.9761 144.7978 -302.5 145.0239 175.2022 -302.5 138.9761 144.7978 -246.5 142 175.5 -246.5 136.0684 145.6799 -302.5 142 175.5 -302.5 136.0684 145.6799 -246.5 138.9761 175.2022 -246.5 133.3887 147.1122 -302.5 138.9761 175.2022 -302.5 133.3887 147.1122 -246.5 136.0684 174.3201 -246.5 131.0398 149.0398 -302.5 136.0684 174.3201 -302.5 131.0398 149.0398 -246.5 133.3887 172.8878 -246.5 129.1122 151.3887 -302.5 133.3887 172.8878 -302.5 129.1122 151.3887 -246.5 131.0398 170.9602 -246.5 127.6799 154.0684 -302.5 131.0398 170.9602 -302.5 127.6799 154.0684 -246.5 129.1122 168.6113 -246.5 126.7978 156.9761 -302.5 129.1122 168.6113 -302.5 126.7978 156.9761 -246.5 127.6799 165.9316 -246.5 126.5 160 -246.5 127.6799 165.9316 -302.5 126.5 160 -302.5 126.7978 163.0239 -246.5 126.7978 163.0239 -302.5 157.5 -177 -246.5 157.2022 -180.0239 -246.5 157.2022 -180.0239 -302.5 156.3201 -182.9316 -302.5 157.5 -177 -302.5 156.3201 -182.9316 -246.5 157.2022 -173.9761 -302.5 154.8878 -185.6113 -302.5 157.2022 -173.9761 -246.5 154.8878 -185.6113 -246.5 156.3201 -171.0684 -246.5 152.9602 -187.9602 -302.5 156.3201 -171.0684 -302.5 152.9602 -187.9602 -246.5 154.8878 -168.3887 -246.5 150.6113 -189.8878 -302.5 154.8878 -168.3887 -302.5 150.6113 -189.8878 -246.5 152.9602 -166.0398 -246.5 147.9316 -191.3201 -302.5 152.9602 -166.0398 -302.5 147.9316 -191.3201 -246.5 150.6113 -164.1122 -246.5 145.0239 -192.2022 -302.5 150.6113 -164.1122 -302.5 145.0239 -192.2022 -246.5 147.9316 -162.6799 -246.5 142 -192.5 -302.5 147.9316 -162.6799 -302.5 142 -192.5 -246.5 145.0239 -161.7978 -246.5 138.9761 -192.2022 -302.5 145.0239 -161.7978 -302.5 138.9761 -192.2022 -246.5 142 -161.5 -246.5 136.0684 -191.3201 -302.5 142 -161.5 -302.5 136.0684 -191.3201 -246.5 138.9761 -161.7978 -246.5 133.3887 -189.8878 -302.5 138.9761 -161.7978 -302.5 133.3887 -189.8878 -246.5 136.0684 -162.6799 -246.5 131.0398 -187.9602 -302.5 136.0684 -162.6799 -302.5 131.0398 -187.9602 -246.5 133.3887 -164.1122 -246.5 129.1122 -185.6113 -302.5 133.3887 -164.1122 -302.5 129.1122 -185.6113 -246.5 131.0398 -166.0398 -246.5 127.6799 -182.9316 -302.5 131.0398 -166.0398 -302.5 127.6799 -182.9316 -246.5 129.1122 -168.3887 -246.5 126.7978 -180.0239 -302.5 129.1122 -168.3887 -302.5 126.7978 -180.0239 -246.5 127.6799 -171.0684 -246.5 126.5 -177 -246.5 127.6799 -171.0684 -302.5 126.5 -177 -302.5 126.7978 -173.9761 -246.5 126.7978 -173.9761 -302.5 126.7978 156.9761 -357 126.5 160 -357 129.1122 151.3887 -357 133.3887 147.1122 -357 127.6799 154.0684 -357 142 144.5 -357 131.0398 149.0398 -357 157.5 160 -357 138.9761 144.7978 -357 142 175.5 -357 154.8878 151.3887 -357 136.0684 145.6799 -357 129.1122 168.6113 -357 150.6113 172.8878 -357 157.2022 156.9761 -357 150.6113 147.1122 -357 126.7978 163.0239 -357 133.3887 172.8878 -357 145.0239 175.2022 -357 154.8878 168.6113 -357 156.3201 154.0684 -357 152.9602 149.0398 -357 145.0239 144.7978 -357 127.6799 165.9316 -357 138.9761 175.2022 -357 131.0398 170.9602 -357 147.9316 174.3201 -357 152.9602 170.9602 -357 157.2022 163.0239 -357 147.9316 145.6799 -357 136.0684 174.3201 -357 156.3201 165.9316 -357 126.7978 -180.0239 -357 126.5 -177 -357 129.1122 -185.6113 -357 133.3887 -189.8878 -357 127.6799 -182.9316 -357 142 -192.5 -357 131.0398 -187.9602 -357 157.5 -177 -357 138.9761 -192.2022 -357 142 -161.5 -357 154.8878 -185.6113 -357 136.0684 -191.3201 -357 129.1122 -168.3887 -357 150.6113 -164.1122 -357 157.2022 -180.0239 -357 150.6113 -189.8878 -357 126.7978 -173.9761 -357 133.3887 -164.1122 -357 145.0239 -161.7978 -357 154.8878 -168.3887 -357 156.3201 -182.9316 -357 152.9602 -187.9602 -357 145.0239 -192.2022 -357 127.6799 -171.0684 -357 138.9761 -161.7978 -357 131.0398 -166.0398 -357 147.9316 -162.6799 -357 152.9602 -166.0398 -357 157.2022 -173.9761 -357 147.9316 -191.3201 -357 136.0684 -162.6799 -357 156.3201 -171.0684 -357 126.5 160 -246.5 126.7978 156.9761 -246.5 129.1122 151.3887 -246.5 127.6799 154.0684 -246.5 142 144.5 -246.5 133.3887 147.1122 -246.5 157.5 160 -246.5 131.0398 149.0398 -246.5 138.9761 144.7978 -246.5 142 175.5 -246.5 150.6113 147.1122 -246.5 136.0684 145.6799 -246.5 154.8878 168.6113 -246.5 133.3887 172.8878 -246.5 154.8878 151.3887 -246.5 145.0239 144.7978 -246.5 157.2022 163.0239 -246.5 150.6113 172.8878 -246.5 138.9761 175.2022 -246.5 129.1122 168.6113 -246.5 157.2022 156.9761 -246.5 152.9602 149.0398 -246.5 147.9316 145.6799 -246.5 156.3201 165.9316 -246.5 145.0239 175.2022 -246.5 152.9602 170.9602 -246.5 136.0684 174.3201 -246.5 131.0398 170.9602 -246.5 126.7978 163.0239 -246.5 156.3201 154.0684 -246.5 147.9316 174.3201 -246.5 127.6799 165.9316 -246.5 126.5 -177 -246.5 126.7978 -180.0239 -246.5 129.1122 -185.6113 -246.5 127.6799 -182.9316 -246.5 142 -192.5 -246.5 133.3887 -189.8878 -246.5 157.5 -177 -246.5 131.0398 -187.9602 -246.5 138.9761 -192.2022 -246.5 142 -161.5 -246.5 150.6113 -189.8878 -246.5 136.0684 -191.3201 -246.5 154.8878 -168.3887 -246.5 133.3887 -164.1122 -246.5 154.8878 -185.6113 -246.5 145.0239 -192.2022 -246.5 157.2022 -173.9761 -246.5 150.6113 -164.1122 -246.5 138.9761 -161.7978 -246.5 129.1122 -168.3887 -246.5 157.2022 -180.0239 -246.5 152.9602 -187.9602 -246.5 147.9316 -191.3201 -246.5 156.3201 -171.0684 -246.5 145.0239 -161.7978 -246.5 152.9602 -166.0398 -246.5 136.0684 -162.6799 -246.5 131.0398 -166.0398 -246.5 126.7978 -173.9761 -246.5 156.3201 -182.9316 -246.5 147.9316 -162.6799 -246.5 127.6799 -171.0684 -246.5</float_array>
          <technique_common>
            <accessor source="#Mesh4-mesh-positions-array" count="790" stride="3">
              <param name="X" type="float"/>
              <param name="Y" type="float"/>
              <param name="Z" type="float"/>
            </accessor>
          </technique_common>
        </source>
        <source id="Mesh4-mesh-normals">
          <float_array id="Mesh4-mesh-normals-array" count="1059">0 0 1 -1 0 0 -1 0 0 -1 0 0 0 0 -1 4.34854e-7 0 -1 -2.13737e-5 0 -1 1.50684e-5 0 -1 -1.2185e-5 0 -1 5.27176e-6 0 -1 1.2185e-5 0 -1 -1.50684e-5 0 -1 2.13739e-5 0 -1 -6.10279e-6 0 -1 -2.89091e-7 0 -1 4.77821e-7 0 -1 -1.29635e-6 0 -1 1.16158e-6 0 -1 -1.38756e-6 0 -1 1.41717e-6 0 -1 -2.00861e-6 0 -1 1.01278e-6 0 -1 -1.71151e-6 0 -1 1.54157e-6 0 -1 -3.65229e-7 0 -1 -2.07416e-6 0 -1 -6.93793e-7 0 -1 6.0036e-7 0 -1 -3.65226e-7 0 -1 1.54159e-6 0 -1 1 0 0 1 8.45557e-7 0 1 1.26813e-7 0 1 -1.26813e-7 0 2.5542e-6 0 1 -3.47666e-6 0 1 -2.81994e-7 0 1 -1.03708e-6 0 1 1.54159e-6 0 1 -1.38758e-6 0 1 2.02557e-6 0 1 -1.3143e-6 0 1 -1.4172e-6 0 1 2.00861e-6 0 1 -2.10126e-6 0 1 -1.08644e-6 0 1 1.54157e-6 0 1 -3.47657e-6 0 1 2.59772e-6 0 1 -1.41717e-6 0 1 -1.38756e-6 0 1 5.80795e-7 0 1 0 -0.9961947 0.08715611 0 -0.9961947 0.08715635 0 -1 0 0 1 0 0 0.9396923 0.342021 0 0.9396924 0.3420206 0 -0.939692 0.3420218 0 -0.9396921 0.3420215 1.52992e-6 1 0 0.1950964 0.9807841 0 0.1950935 0.9807847 0 -7.67341e-7 1 0 -0.1950953 0.9807843 0 -0.1950951 0.9807843 0 -0.3826907 0.9238766 0 -0.3826903 0.9238768 0 -0.5555555 0.8314796 0 -0.5555568 0.8314785 0 -0.7071039 0.7071096 0 -0.7071092 0.7071045 0 -0.8314756 0.5555614 0 -0.8314815 0.5555526 0 -0.9238768 0.3826904 0 -0.9238772 0.3826892 0 -0.9807843 0.1950951 0 -0.9807847 0.1950936 0 -1 -2.47835e-7 0 -1 -1.85879e-7 0 -0.9807852 -0.1950912 0 -0.9807838 -0.1950981 0 -0.9238777 -0.3826881 0 -0.9238771 -0.3826894 0 -0.8314812 -0.555553 0 -0.8314754 -0.5555617 0 -0.7071093 -0.7071043 0 -0.7071043 -0.7071094 0 -0.5555584 -0.8314775 0 -0.555557 -0.8314785 0 -0.3826879 -0.9238777 0 -0.3826884 -0.9238775 0 -0.1950951 -0.9807843 0 -0.1950953 -0.9807844 0 -7.67341e-7 -1 0 1.52038e-6 -1 0 0.1950935 -0.9807847 0 0.1950964 -0.9807841 0 0.3826848 -0.923879 0 0.3826888 -0.9238773 0 0.5555577 -0.8314781 0 0.5555585 -0.8314776 0 0.707108 -0.7071056 0 0.7071055 -0.7071081 0 0.8314787 -0.5555568 0 0.8314762 -0.5555604 0 0.9238797 -0.382683 0 0.9238764 -0.3826911 0 0.9807842 -0.1950957 0 0.9807846 -0.195094 0 1 -2.38303e-7 0 1 -1.85879e-7 0 0.9807859 0.1950878 0 0.9807831 0.1951015 0 0.9238761 0.3826921 0 0.9238793 0.3826843 0 0.8314764 0.5555601 0 0.831479 0.5555564 0 0.7071052 0.7071084 0 0.7071077 0.7071059 0 0.555557 0.8314786 0 0.5555561 0.8314791 0 0.3826912 0.9238764 0 0.3826872 0.9238781 0 1.52038e-6 1 0 0.1950964 0.9807841 0 0.1950935 0.9807847 0 -7.67341e-7 1 0 -0.1950953 0.9807844 0 -0.1950951 0.9807843 0 -0.3826884 0.9238775 0 -0.3826879 0.9238777 0 -0.555557 0.8314785 0 -0.5555584 0.8314775 0 -0.7071043 0.7071094 0 -0.7071093 0.7071043 0 -0.8314754 0.5555617 0 -0.8314812 0.555553 0 -0.9238771 0.3826892 0 -0.9238777 0.3826882 0 -0.9807843 0.1950954 0 -0.9807846 0.1950938 0 -1 2.47835e-7 0 -1 1.85879e-7 0 -0.9807853 -0.195091 0 -0.9807839 -0.1950978 0 -0.9238773 -0.3826891 0 -0.9238767 -0.3826905 0 -0.8314815 -0.5555526 0 -0.8314756 -0.5555614 0 -0.7071092 -0.7071045 0 -0.7071039 -0.7071096 0 -0.5555568 -0.8314785 0 -0.5555555 -0.8314796 0 -0.3826903 -0.9238768 0 -0.3826907 -0.9238766 0 -0.1950951 -0.9807843 0 -0.1950953 -0.9807843 0 -7.67341e-7 -1 0 1.52992e-6 -1 0 0.1950935 -0.9807847 0 0.1950964 -0.9807841 0 0.3826872 -0.9238781 0 0.3826912 -0.9238764 0 0.5555561 -0.8314791 0 0.555557 -0.8314786 0 0.7071077 -0.7071059 0 0.7071052 -0.7071084 0 0.831479 -0.5555564 0 0.8314764 -0.5555601 0 0.9238793 -0.3826841 0 0.9238759 -0.3826921 0 0.9807842 -0.1950955 0 0.9807846 -0.1950938 0 1 2.38303e-7 0 1 1.85879e-7 0 0.9807859 0.1950879 0 0.9807831 0.1951017 0 0.9238765 0.382691 0 0.9238796 0.3826832 0 0.8314762 0.5555604 0 0.8314787 0.5555568 0 0.7071055 0.7071081 0 0.707108 0.7071056 0 0.5555585 0.8314776 0 0.5555577 0.8314781 0 0.3826888 0.9238773 0 0.3826848 0.923879 0 1 2.57367e-7 0 0.9807843 -0.1950954 0 0.9807847 -0.1950935 0 1 2.47839e-7 0 0.9807856 0.1950893 0 0.9807835 0.1951 0 0.9238751 0.3826942 0 0.9238803 0.3826818 0 0.8314762 0.5555605 0 0.8314783 0.5555574 0 0.7071074 0.7071062 0 0.7071057 0.7071079 0 0.5555585 0.8314775 0 0.5555577 0.8314779 0 0.3826894 0.9238771 0 0.3826839 0.9238793 0 0.195097 0.9807841 0 0.1950937 0.9807846 0 1.42983e-6 1 0 -8.34066e-7 1 0 -0.1950948 0.9807845 0 -0.1950954 0.9807844 0 -0.3826879 0.9238777 0 -0.3826879 0.9238777 0 -0.5555569 0.8314785 0 -0.5555583 0.8314776 0 -0.7071048 0.7071089 0 -0.707109 0.7071046 0 -0.8314753 0.5555618 0 -0.8314813 0.5555527 0 -0.9238765 0.3826909 0 -0.923879 0.3826848 0 -0.9807838 0.1950981 0 -0.9807853 0.195091 0 -1 2.57367e-7 0 -1 2.47839e-7 0 -0.9807851 -0.1950916 0 -0.980784 -0.195097 0 -0.9238786 -0.3826859 0 -0.923876 -0.382692 0 -0.8314816 -0.5555524 0 -0.8314755 -0.5555615 0 -0.7071086 -0.7071049 0 -0.7071045 -0.7071091 0 -0.5555566 -0.8314787 0 -0.5555553 -0.8314796 0 -0.3826902 -0.9238768 0 -0.38269 -0.9238768 0 -0.1950946 -0.9807844 0 -8.38832e-7 -1 0 1.42983e-6 -1 0 0.1950936 -0.9807847 0 0.1950967 -0.980784 0 0.3826861 -0.9238784 0 0.3826916 -0.9238763 0 0.555556 -0.8314791 0 0.5555568 -0.8314787 0 0.7071053 -0.7071083 0 0.7071072 -0.7071064 0 0.8314785 -0.5555571 0 0.9238798 -0.3826829 0 0.9238747 -0.3826953 0 1 -2.57367e-7 0 0.9807842 -0.1950955 0 0.9807846 -0.1950937 0 1 -2.47839e-7 0 0.9807856 0.1950891 0 0.9807835 0.1950997 0 0.9238747 0.3826953 0 0.9238798 0.3826829 0 0.8314785 0.5555571 0 0.7071071 0.7071065 0 0.7071054 0.7071083 0 0.5555567 0.8314787 0 0.5555561 0.8314791 0 0.3826916 0.9238762 0 0.3826861 0.9238784 0 0.1950968 0.980784 0 0.1950935 0.9807847 0 1.42983e-6 1 0 -8.38832e-7 1 0 -0.1950947 0.9807844 0 -0.1950953 0.9807843 0 -0.3826901 0.9238768 0 -0.3826901 0.9238768 0 -0.5555552 0.8314797 0 -0.5555567 0.8314787 0 -0.7071045 0.7071092 0 -0.7071087 0.7071049 0 -0.8314755 0.5555615 0 -0.8314816 0.5555524 0 -0.923876 0.382692 0 -0.9238786 0.3826859 0 -0.9807838 0.1950978 0 -0.9807853 0.1950908 0 -1 -2.57367e-7 0 -1 -2.47839e-7 0 -0.980785 -0.1950919 0 -0.980784 -0.1950973 0 -0.923879 -0.3826848 0 -0.9238765 -0.3826909 0 -0.8314813 -0.5555527 0 -0.8314753 -0.5555618 0 -0.707109 -0.7071046 0 -0.7071048 -0.7071089 0 -0.5555583 -0.8314776 0 -0.5555569 -0.8314785 0 -0.3826879 -0.9238777 0 -0.3826879 -0.9238777 0 -0.1950954 -0.9807844 0 -0.1950948 -0.9807845 0 -8.34066e-7 -1 0 1.42983e-6 -1 0 0.1950937 -0.9807846 0 0.195097 -0.9807841 0 0.3826839 -0.9238793 0 0.3826894 -0.9238771 0 0.5555577 -0.8314779 0 0.5555585 -0.8314775 0 0.7071057 -0.7071079 0 0.7071074 -0.7071062 0 0.8314783 -0.5555574 0 0.8314762 -0.5555605 0 0.9238803 -0.3826818 0 0.9238751 -0.3826942 0 -6.77484e-5 0 -1 3.38937e-5 0 -1 1.31278e-6 0 -1 4.57655e-5 0 -1 -5.72109e-6 0 -1 6.77507e-5 0 -1 -6.77794e-5 0 -1 -9.15321e-5 0 -1 -3.38949e-5 0 -1 1.35561e-4 0 -1 9.15311e-5 0 -1 -1.35563e-4 0 -1 -6.77507e-5 0 -1 5.72069e-6 0 -1 -4.57661e-5 0 -1 -2.67791e-4 0 -1 6.77828e-5 0 -1 6.7753e-5 0 -1 3.38926e-5 0 -1 9.5162e-6 0 1 -3.38742e-5 0 1 2.28833e-5 0 1 -1.69469e-5 0 1 -1.31278e-6 0 1 -1.14415e-5 0 1 -2.86048e-6 0 1 9.51629e-6 0 1 3.38753e-5 0 1 1.35511e-4 0 1 3.38926e-5 0 1 -1.35501e-4 0 1 -3.38914e-5 0 1 -6.77507e-5 0 1 3.38914e-5 0 1 2.86035e-6 0 1 1.14415e-5 0 1 6.7753e-5 0 1 -3.38937e-5 0 1 -2.28833e-5 0 1 1.69474e-5 0 1</float_array>
          <technique_common>
            <accessor source="#Mesh4-mesh-normals-array" count="353" stride="3">
              <param name="X" type="float"/>
              <param name="Y" type="float"/>
              <param name="Z" type="float"/>
            </accessor>
          </technique_common>
        </source>
        <vertices id="Mesh4-mesh-vertices">
          <input semantic="POSITION" source="#Mesh4-mesh-positions"/>
        </vertices>
        <triangles material="Material_1-material" count="690">
          <input semantic="VERTEX" source="#Mesh4-mesh-vertices" offset="0"/>
          <input semantic="NORMAL" source="#Mesh4-mesh-normals" offset="1"/>
          <p>0 0 1 0 2 0 2 0 3 0 0 0 4 1 5 1 6 1 7 1 6 1 5 1 8 1 6 1 7 1 5 1 9 1 7 1 8 1 10 1 6 1 5 1 11 1 9 1 7 1 9 1 12 1 6 1 10 1 13 1 11 1 5 1 14 1 9 1 11 1 15 1 9 1 16 1 12 1 10 1 17 1 13 1 14 1 18 1 11 1 16 2 19 2 12 2 18 1 14 1 20 1 12 1 19 1 21 1 22 1 20 1 14 1 22 1 23 1 20 1 24 1 22 1 14 1 25 1 23 1 22 1 26 1 22 1 24 1 23 1 25 1 27 1 24 1 28 1 26 1 29 1 27 1 25 1 27 1 30 1 23 1 31 1 26 1 28 1 29 1 25 1 32 1 26 3 31 3 33 3 34 1 33 1 31 1 35 1 26 1 33 1 34 1 36 1 33 1 34 1 31 1 37 1 33 1 38 1 35 1 33 1 36 1 39 1 40 0 41 0 42 0 42 0 41 0 43 0 40 0 42 0 44 0 45 4 46 4 47 4 49 4 45 4 47 4 46 5 45 5 48 5 50 4 48 4 45 4 53 6 50 6 45 6 56 4 50 4 53 4 56 7 59 7 50 7 56 8 62 8 59 8 62 9 56 9 65 9 65 4 68 4 62 4 62 4 68 4 71 4 74 4 71 4 68 4 68 4 77 4 74 4 80 4 74 4 77 4 80 10 83 10 74 10 80 11 86 11 83 11 89 4 86 4 80 4 92 12 86 12 89 12 92 13 95 13 86 13 95 14 92 14 87 14 100 4 95 4 87 4 104 4 100 4 87 4 108 4 104 4 87 4 112 4 108 4 87 4 87 15 109 15 112 15 105 4 109 4 87 4 87 16 101 16 105 16 101 17 87 17 98 17 96 18 98 18 87 18 93 4 96 4 87 4 90 19 93 19 87 19 90 4 87 4 84 4 46 4 84 4 87 4 81 4 84 4 46 4 81 20 46 20 78 20 75 4 78 4 46 4 46 21 72 21 75 21 72 22 46 22 69 22 66 23 69 23 46 23 46 24 63 24 66 24 60 4 63 4 46 4 60 4 46 4 57 4 54 4 57 4 46 4 54 4 46 4 51 4 92 4 85 4 87 4 92 4 103 4 85 4 103 4 107 4 85 4 107 4 111 4 85 4 111 4 110 4 85 4 106 4 85 4 110 4 106 4 102 4 85 4 99 25 85 25 102 25 99 17 97 17 85 17 85 26 97 26 94 26 94 4 91 4 85 4 91 4 88 4 85 4 88 4 82 4 85 4 82 4 47 4 85 4 47 27 82 27 79 27 79 20 76 20 47 20 76 4 73 4 47 4 49 4 47 4 52 4 55 4 52 4 47 4 58 4 55 4 47 4 61 4 58 4 47 4 47 28 64 28 61 28 64 29 47 29 67 29 70 22 67 22 47 22 70 4 47 4 73 4 48 4 51 4 46 4 113 30 114 30 115 30 115 30 116 30 113 30 116 30 115 30 117 30 116 30 118 30 113 30 117 30 119 30 116 30 120 30 118 30 116 30 117 30 121 30 119 30 122 30 121 30 117 30 121 30 123 30 119 30 121 31 122 31 124 31 119 32 123 32 125 32 126 30 124 30 122 30 127 33 125 33 123 33 126 30 122 30 128 30 123 30 129 30 127 30 126 30 128 30 130 30 129 30 131 30 127 30 128 30 132 30 130 30 133 30 126 30 130 30 129 30 134 30 131 30 127 30 131 30 135 30 126 30 133 30 136 30 137 30 134 30 129 30 131 30 138 30 135 30 139 30 134 30 137 30 139 30 140 30 134 30 140 30 141 30 134 30 142 0 143 0 144 0 145 0 144 0 143 0 144 0 146 0 142 0 147 34 145 34 143 34 146 35 148 35 142 35 147 0 143 0 149 0 148 0 150 0 142 0 151 0 149 0 143 0 150 0 152 0 142 0 143 36 153 36 151 36 154 0 142 0 152 0 153 0 143 0 155 0 142 0 154 0 156 0 157 0 155 0 143 0 156 0 158 0 142 0 157 0 143 0 159 0 142 0 158 0 160 0 159 0 161 0 157 0 162 0 160 0 158 0 163 0 161 0 159 0 162 0 164 0 160 0 165 0 163 0 159 0 166 0 160 0 164 0 159 37 167 37 165 37 160 38 166 38 168 38 169 0 167 0 159 0 168 0 170 0 160 0 169 39 159 39 171 39 170 40 172 40 160 40 173 0 171 0 159 0 172 41 174 41 160 41 173 42 159 42 175 42 174 43 176 43 160 43 177 0 175 0 159 0 160 44 176 44 177 44 177 0 159 0 160 0 178 0 179 0 180 0 181 0 179 0 178 0 178 0 180 0 182 0 179 0 181 0 183 0 180 45 184 45 182 45 183 0 185 0 179 0 186 0 184 0 180 0 185 0 187 0 179 0 180 46 188 46 186 46 187 0 189 0 179 0 188 0 180 0 190 0 189 47 191 47 179 47 192 40 190 40 180 40 179 48 191 48 193 48 194 0 192 0 180 0 193 0 195 0 179 0 196 43 194 43 180 43 193 0 197 0 195 0 198 0 196 0 180 0 199 34 195 34 197 34 180 0 200 0 198 0 199 0 201 0 195 0 202 0 198 0 200 0 203 0 195 0 201 0 204 49 202 49 200 49 203 0 205 0 195 0 204 0 200 0 206 0 195 0 205 0 207 0 208 50 206 50 200 50 207 0 209 0 195 0 200 51 210 51 208 51 209 0 200 0 195 0 210 0 200 0 211 0 200 0 209 0 212 0 213 0 211 0 200 0 212 0 213 0 200 0 214 52 215 52 216 52 216 53 217 53 214 53 218 4 219 4 220 4 220 4 221 4 218 4 222 54 223 54 224 54 223 54 222 54 225 54 222 54 226 54 225 54 226 54 227 54 225 54 228 4 229 4 230 4 230 4 231 4 228 4 231 4 232 4 228 4 233 4 228 4 232 4 234 0 235 0 236 0 236 0 237 0 234 0 238 54 239 54 240 54 239 54 241 54 240 54 241 54 239 54 242 54 242 54 239 54 243 54 244 0 245 0 246 0 246 0 247 0 244 0 248 55 249 55 250 55 250 55 251 55 248 55 252 56 253 56 254 56 254 57 255 57 252 57 256 0 257 0 258 0 258 0 259 0 256 0 260 58 261 58 262 58 262 59 263 59 260 59 264 0 265 0 266 0 266 0 267 0 264 0 268 54 269 54 270 54 270 54 271 54 268 54 272 0 273 0 274 0 274 0 275 0 272 0 276 55 277 55 278 55 278 55 279 55 276 55 280 4 281 4 282 4 282 4 283 4 280 4 284 55 285 55 286 55 286 55 287 55 284 55 288 55 289 55 290 55 290 55 291 55 288 55 292 54 293 54 294 54 294 54 295 54 292 54 296 0 297 0 298 0 298 0 299 0 296 0 300 54 301 54 302 54 302 54 303 54 300 54 304 4 305 4 306 4 306 4 307 4 304 4 308 4 309 4 310 4 310 4 311 4 308 4 312 0 313 0 314 0 314 0 315 0 312 0 316 55 317 55 318 55 317 55 319 55 318 55 320 55 319 55 317 55 321 54 322 54 323 54 322 54 324 54 323 54 323 54 325 54 321 54 326 4 327 4 328 4 328 4 329 4 326 4 330 0 331 0 332 0 332 0 333 0 330 0 334 55 335 55 336 55 335 55 337 55 336 55 338 55 337 55 335 55 339 54 340 54 341 54 340 54 342 54 341 54 341 54 343 54 339 54 344 0 345 0 346 0 347 0 344 0 346 0 344 0 347 0 348 0 349 1 350 1 351 1 351 1 352 1 349 1 352 1 351 1 353 1 353 1 354 1 352 1 355 54 356 54 357 54 357 54 358 54 355 54 358 54 359 54 355 54 360 54 355 54 359 54 361 30 362 30 363 30 363 30 362 30 364 30 365 30 364 30 362 30 365 30 362 30 366 30 367 0 368 0 369 0 369 0 370 0 367 0 371 1 372 1 373 1 373 1 374 1 371 1 375 4 376 4 377 4 377 4 378 4 375 4 379 55 380 55 381 55 382 55 379 55 381 55 379 55 382 55 383 55 384 55 385 55 386 55 386 55 387 55 384 55 388 30 389 30 390 30 390 30 389 30 391 30 391 30 389 30 392 30 390 30 391 30 393 30 394 30 395 30 396 30 396 30 397 30 394 30 398 30 399 30 400 30 400 30 401 30 398 30 402 55 403 55 404 55 404 55 405 55 402 55 406 60 407 61 408 62 408 62 410 63 406 60 412 64 406 60 410 63 414 65 412 64 410 63 416 66 412 64 414 65 414 65 418 67 416 66 420 68 416 66 418 67 422 69 420 68 418 67 424 70 420 68 422 69 422 69 426 71 424 70 428 72 424 70 426 71 430 73 428 72 426 71 432 74 428 72 430 73 430 73 434 75 432 74 436 76 432 74 434 75 438 77 436 76 434 75 440 78 436 76 438 77 438 77 442 79 440 78 440 78 442 79 444 80 446 81 440 78 444 80 448 82 446 81 444 80 444 80 450 83 448 82 452 84 448 82 450 83 454 85 452 84 450 83 456 86 452 84 454 85 454 85 458 87 456 86 460 88 456 86 458 87 462 89 460 88 458 87 464 90 460 88 462 89 462 89 466 91 464 90 468 92 464 90 466 91 469 93 468 92 466 91 467 94 468 92 469 93 469 93 465 95 467 94 463 96 467 94 465 95 461 97 463 96 465 95 459 98 463 96 461 97 461 97 457 99 459 98 455 100 459 98 457 99 453 101 455 100 457 99 451 102 455 100 453 101 453 101 449 103 451 102 447 104 451 102 449 103 445 105 447 104 449 103 443 106 447 104 445 105 445 105 441 107 443 106 439 108 443 106 441 107 437 109 439 108 441 107 433 110 439 108 437 109 437 109 435 111 433 110 433 110 435 111 429 112 431 113 433 110 429 112 427 114 431 113 429 112 429 112 425 115 427 114 423 116 427 114 425 115 421 117 423 116 425 115 419 118 423 116 421 117 421 117 417 119 419 118 415 120 419 118 417 119 413 121 415 120 417 119 411 122 415 120 413 121 413 121 409 123 411 122 407 61 411 122 409 123 408 62 407 61 409 123 470 124 471 125 472 126 472 126 474 127 470 124 476 128 470 124 474 127 478 129 476 128 474 127 480 130 476 128 478 129 478 129 482 131 480 130 484 132 480 130 482 131 486 133 484 132 482 131 488 134 484 132 486 133 486 133 490 135 488 134 492 136 488 134 490 135 494 137 492 136 490 135 496 138 492 136 494 137 494 137 498 139 496 138 500 140 496 138 498 139 502 141 500 140 498 139 504 142 500 140 502 141 502 141 506 143 504 142 504 142 506 143 508 144 510 145 504 142 508 144 512 146 510 145 508 144 508 144 514 147 512 146 516 148 512 146 514 147 518 149 516 148 514 147 520 150 516 148 518 149 518 149 522 151 520 150 524 152 520 150 522 151 526 153 524 152 522 151 528 154 524 152 526 153 526 153 530 155 528 154 532 156 528 154 530 155 533 157 532 156 530 155 531 158 532 156 533 157 533 157 529 159 531 158 527 160 531 158 529 159 525 161 527 160 529 159 523 162 527 160 525 161 525 161 521 163 523 162 519 164 523 162 521 163 517 165 519 164 521 163 515 166 519 164 517 165 517 165 513 167 515 166 511 168 515 166 513 167 509 169 511 168 513 167 507 170 511 168 509 169 509 169 505 171 507 170 503 172 507 170 505 171 501 173 503 172 505 171 497 174 503 172 501 173 501 173 499 175 497 174 497 174 499 175 493 176 495 177 497 174 493 176 491 178 495 177 493 176 493 176 489 179 491 178 487 180 491 178 489 179 485 181 487 180 489 179 483 182 487 180 485 181 485 181 481 183 483 182 479 184 483 182 481 183 477 185 479 184 481 183 475 186 479 184 477 185 477 185 473 187 475 186 471 125 475 186 473 187 472 126 471 125 473 187 534 188 535 189 536 190 536 190 538 191 534 188 534 188 538 191 540 192 542 193 534 188 540 192 544 194 542 193 540 192 540 192 546 195 544 194 548 196 544 194 546 195 550 197 548 196 546 195 552 198 548 196 550 197 550 197 554 199 552 198 556 200 552 198 554 199 558 201 556 200 554 199 560 202 556 200 558 201 558 201 562 203 560 202 564 204 560 202 562 203 566 205 564 204 562 203 568 206 564 204 566 205 566 205 570 207 568 206 572 208 568 206 570 207 574 209 572 208 570 207 576 210 572 208 574 209 574 209 578 211 576 210 580 212 576 210 578 211 582 213 580 212 578 211 584 214 580 212 582 213 582 213 586 215 584 214 588 216 584 214 586 215 590 217 588 216 586 215 592 218 588 216 590 217 590 217 594 219 592 218 596 220 592 218 594 219 597 221 596 220 594 219 593 222 596 220 597 221 597 221 595 223 593 222 593 222 595 223 589 224 591 225 593 222 589 224 587 226 591 225 589 224 589 224 585 227 587 226 583 228 587 226 585 227 581 229 583 228 585 227 579 230 583 228 581 229 581 229 577 231 579 230 575 232 579 230 577 231 573 233 575 232 577 231 571 234 575 232 573 233 573 233 569 235 571 234 567 157 571 234 569 235 565 236 567 157 569 235 563 237 567 157 565 236 565 236 561 238 563 237 559 239 563 237 561 238 557 240 559 239 561 238 555 241 559 239 557 240 557 240 553 242 555 241 551 243 555 241 553 242 549 244 551 243 553 242 547 245 551 243 549 244 549 244 545 246 547 245 543 247 547 245 545 246 541 169 543 247 545 246 539 248 543 247 541 169 541 169 537 249 539 248 535 189 539 248 537 249 536 190 535 189 537 249 598 250 599 251 600 252 600 252 602 253 598 250 598 250 602 253 604 254 606 255 598 250 604 254 608 256 606 255 604 254 604 254 610 257 608 256 612 116 608 256 610 257 614 258 612 116 610 257 616 259 612 116 614 258 614 258 618 260 616 259 620 261 616 259 618 260 622 262 620 261 618 260 624 263 620 261 622 262 622 262 626 264 624 263 628 265 624 263 626 264 630 266 628 265 626 264 632 267 628 265 630 266 630 266 634 268 632 267 636 269 632 267 634 268 638 270 636 269 634 268 640 271 636 269 638 270 638 270 642 272 640 271 644 273 640 271 642 272 646 274 644 273 642 272 648 275 644 273 646 274 646 274 650 276 648 275 652 277 648 275 650 276 654 278 652 277 650 276 656 279 652 277 654 278 654 278 658 280 656 279 660 281 656 279 658 280 661 282 660 281 658 280 657 283 660 281 661 282 661 282 659 284 657 283 657 283 659 284 653 285 655 286 657 283 653 285 651 287 655 286 653 285 653 285 649 288 651 287 647 289 651 287 649 288 645 290 647 289 649 288 643 291 647 289 645 290 645 290 641 292 643 291 639 293 643 291 641 292 637 294 639 293 641 292 635 295 639 293 637 294 637 294 633 296 635 295 631 297 635 295 633 296 629 298 631 297 633 296 627 299 631 297 629 298 629 298 625 300 627 299 623 301 627 299 625 300 621 302 623 301 625 300 619 303 623 301 621 302 621 302 617 304 619 303 615 305 619 303 617 304 613 306 615 305 617 304 611 307 615 305 613 306 613 306 609 308 611 307 607 309 611 307 609 308 605 310 607 309 609 308 603 311 607 309 605 310 605 310 601 312 603 311 599 251 603 311 601 312 600 252 599 251 601 312 662 4 663 4 664 4 664 4 663 4 665 4 664 4 666 4 662 4 665 4 663 4 667 4 664 313 665 313 668 313 663 4 669 4 667 4 665 4 667 4 670 4 669 4 663 4 671 4 669 4 672 4 667 4 670 314 673 314 665 314 671 4 663 4 674 4 669 315 671 315 675 315 669 4 676 4 672 4 667 4 672 4 677 4 663 316 678 316 674 316 679 4 671 4 674 4 675 317 671 317 680 317 669 4 675 4 681 4 676 4 682 4 672 4 672 318 683 318 677 318 684 4 667 4 677 4 678 319 685 319 674 319 686 4 671 4 679 4 687 4 679 4 674 4 680 4 688 4 675 4 689 4 681 4 675 4 690 320 669 320 681 320 677 321 691 321 684 321 679 4 692 4 686 4 681 322 693 322 690 322 694 323 695 323 696 323 696 4 695 4 697 4 696 324 698 324 694 324 697 4 695 4 699 4 696 325 697 325 700 325 695 4 701 4 699 4 697 326 699 326 702 326 701 4 695 4 703 4 701 4 704 4 699 4 702 4 705 4 697 4 703 4 695 4 706 4 701 315 703 315 707 315 701 327 708 327 704 327 699 4 704 4 709 4 695 4 710 4 706 4 711 4 703 4 706 4 707 4 703 4 712 4 701 4 707 4 713 4 708 328 714 329 704 329 704 330 715 330 709 330 716 4 699 4 709 4 710 4 717 4 706 4 718 4 703 4 711 4 719 4 711 4 706 4 712 321 720 321 707 321 721 4 713 4 707 4 722 4 701 4 713 4 709 4 723 4 716 4 711 331 724 331 718 331 713 4 725 4 722 4 726 0 727 0 728 0 727 0 729 0 728 0 726 0 728 0 730 0 730 332 728 332 731 332 732 0 726 0 730 0 728 333 733 333 731 333 734 334 730 334 731 334 726 0 732 0 735 0 736 0 732 0 730 0 731 335 737 335 734 335 735 0 732 0 738 0 726 336 735 336 739 336 740 0 732 0 736 0 736 337 730 337 741 337 732 0 742 0 738 0 743 0 735 0 738 0 739 338 735 338 744 338 726 339 739 339 745 339 746 0 732 0 740 0 740 340 736 340 747 340 741 0 748 0 736 0 742 0 749 0 738 0 750 0 735 0 743 0 751 341 743 341 738 341 744 342 752 342 739 342 753 343 745 343 739 343 754 0 726 0 745 0 740 0 755 0 746 0 743 344 756 344 750 344 745 0 757 0 754 0 758 0 759 0 760 0 759 0 761 0 760 0 758 0 760 0 762 0 762 332 760 332 763 332 764 0 758 0 762 0 760 345 765 345 763 345 766 0 762 0 763 0 758 0 764 0 767 0 768 0 764 0 762 0 763 346 769 346 766 346 767 0 764 0 770 0 758 336 767 336 771 336 772 0 764 0 768 0 768 347 762 347 773 347 764 0 774 0 770 0 775 0 767 0 770 0 771 348 767 348 776 348 758 339 771 339 777 339 778 0 764 0 772 0 772 349 768 349 779 349 773 350 780 350 768 350 774 0 781 0 770 0 782 351 767 351 775 351 783 0 775 0 770 0 776 0 784 0 771 0 785 0 777 0 771 0 786 0 758 0 777 0 772 0 787 0 778 0 775 352 788 352 782 352 777 0 789 0 786 0</p>
        </triangles>
      </mesh>
    </geometry>
    <geometry id="Mesh3-mesh" name="Mesh3">
      <mesh>
        <source id="Mesh3-mesh-positions">
          <float_array id="Mesh3-mesh-positions-array" count="2370">-2040.5 112.5 -200.5042 -1733 112.5 -200.5042 -1733 112.5 -193 -2040.5 112.5 -193 -2040.5 115.5 -193 -2040.5 112.5 -193 -1733 112.5 -193 -1733 115.5 -193 -2040.5 112.5 -200.5042 -2040.5 97.5 -200.5042 -1733 97.5 -200.5042 -1733 112.5 -200.5042 -2040.5 87.4923 -228 -1733 87.4923 -228 -1733 97.5 -200.5042 -2040.5 97.5 -200.5042 -2040.5 -104.4908 -228 -1733 -104.4908 -228 -1733 87.4923 -228 -2040.5 87.4923 -228 -2040.5 -114.5 -200.5 -1733 -114.5 -200.5 -1733 -104.4908 -228 -2040.5 -104.4908 -228 -2040.5 -114.5 -173 -1733 -114.5 -173 -1733 -114.5 -200.5 -2040.5 -114.5 -200.5 -2040.5 -143.5 -173 -1733 -143.5 -173 -1733 -143.5 -150 -2045.5 -143.5 -150 -2045.5 -143.5 -173 -2045.5 -143.5 -150 -2045.5 -115.5 -150 -2045.5 -115.5 -173 -2045.5 -143.5 -173 -2045.5 -143.5 -150 -1733 -143.5 -150 -1733 -115.5 -150 -2045.5 -115.5 -150 -2045.5 -115.5 -173 -2045.5 -115.5 -150 -2040.5 -115.5 -173 -1733 -115.5 -150 -1733 -115.5 -173 -1733 -114.5 -173 -2040.5 -114.5 -173 -2040.5 -115.5 -173 -1733 -115.5 -173 -1795.5 -162.5 -193 -1733 -162.5 -193 -1733 -168.5 -193 -1795.5 -168.5 -193 -1795.5 -144.5 -168.4 -1795.5 -144.5 -173 -1795.5 -168.5 -168.4 -1795.5 -162.5 -193 -1795.5 -144.5 -193 -1795.5 -168.5 -193 -1795.5 -168.5 -193 -1733 -168.5 -193 -1733 -168.5 -168.4 -1795.5 -168.5 -168.4 -1733 -144.5 -168.4 -1733 -168.5 -168.4 -1733 -144.5 -173 -1733 -168.5 -193 -1733 -162.5 -193 -1733 -143.5 -173 -1733 -114.5 -200.5 -1733 -141.9698 -205 -1733 -115.5 -173 -1733 -162.5 -205 -1733 -104.4908 -228 -1733 -114.5 -173 -1733 -143.5 -167.25 -1733 -144.1024 -229.375 -1733 -143.5 -161.5 -1733 -146.2349 -253.75 -1733 -115.5 -150 -1733 133.5 -259.75 -1733 -143.5 -150 -1733 87.4923 -228 -1733 -150.5 -302.5 -1733 133.5 -217 -1733 133.5 -302.5 -1733 97.5 -200.5042 -1733 180 -315 -1733 112.5 -200.5042 -1733 -197 -315 -1733 180 -302.5 -1733 143.5 -193 -1733 -197 -302.5 -1733 115.5 -193 -1733 147.5 -217 -1733 115.5 -170 -1733 112.5 -193 -1733 147.5 -193 -1733 143.5 -170 -1733 -144.5 -168.4 -1795.5 -144.5 -168.4 -1795.5 -168.5 -168.4 -1733 -168.5 -168.4 -1795.5 -144.5 -168.4 -1733 -144.5 -168.4 -1733 -144.5 -173 -1795.5 -144.5 -173 -1795.5 -144.5 -173 -1733 -144.5 -173 -1733 -143.5 -173 -2040.5 -143.5 -173 -2040.5 -144.5 -173 -1795.5 -162.5 -193 -1733 -162.5 -205 -1733 -162.5 -193 -1875.5 -162.5 -193 -2040.5 -162.5 -205 -2040.5 -162.5 -193 -1875.5 -194.5 -193 -2040.5 -162.5 -193 -1875.5 -162.5 -193 -2080.5 -194.5 -193 -2080.5 -144.5 -193 -2040.5 -144.5 -193 -2040.5 -162.5 -205 -2040.5 -141.9698 -205 -1733 -141.9698 -205 -1733 -162.5 -205 -2040.5 -150.5 -302.5 -1733 -150.5 -302.5 -1733 -141.9698 -205 -2040.5 -141.9698 -205 -2040.5 -197 -315 -1733 -197 -315 -1733 -197 -302.5 -2040.5 -197 -302.5 -2040.5 -197 -302.5 -1733 -197 -302.5 -1858 -192.5 -302.5 -1854.976 -192.2022 -302.5 -1861.024 -192.2022 -302.5 -1852.068 -191.3201 -302.5 -1863.932 -191.3201 -302.5 -1849.389 -189.8878 -302.5 -1866.611 -189.8878 -302.5 -1847.04 -187.9602 -302.5 -1868.96 -187.9602 -302.5 -1845.112 -185.6113 -302.5 -1870.888 -185.6113 -302.5 -1843.68 -182.9316 -302.5 -1872.32 -182.9316 -302.5 -1842.798 -180.0239 -302.5 -1873.202 -180.0239 -302.5 -1842.5 -177 -302.5 -1873.5 -177 -302.5 -1842.798 -173.9761 -302.5 -1873.202 -173.9761 -302.5 -1733 -150.5 -302.5 -2040.5 -150.5 -302.5 -1843.68 -171.0684 -302.5 -1872.32 -171.0684 -302.5 -1845.112 -168.3887 -302.5 -1870.888 -168.3887 -302.5 -1847.04 -166.0398 -302.5 -1868.96 -166.0398 -302.5 -1849.389 -164.1122 -302.5 -1866.611 -164.1122 -302.5 -1852.068 -162.6799 -302.5 -1863.932 -162.6799 -302.5 -1854.976 -161.7978 -302.5 -1861.024 -161.7978 -302.5 -1858 -161.5 -302.5 -2040.5 180 -302.5 -1733 180 -302.5 -1733 180 -315 -2040.5 180 -315 -1858 175.5 -315 -2040.5 180 -315 -1733 180 -315 -1861.024 175.2022 -315 -1854.976 175.2022 -315 -1863.932 174.3201 -315 -1852.068 174.3201 -315 -1866.611 172.8878 -315 -1849.389 172.8878 -315 -1868.96 170.9602 -315 -1847.04 170.9602 -315 -1870.888 168.6113 -315 -1845.112 168.6113 -315 -1872.32 165.9316 -315 -1843.68 165.9316 -315 -1873.202 163.0239 -315 -1842.798 163.0239 -315 -1873.5 160 -315 -1842.5 160 -315 -1873.202 156.9761 -315 -1842.798 156.9761 -315 -1872.32 154.0684 -315 -1843.68 154.0684 -315 -1870.888 151.3887 -315 -1845.112 151.3887 -315 -1868.96 149.0398 -315 -1847.04 149.0398 -315 -2040.5 -197 -315 -1733 -197 -315 -1868.96 -166.0398 -315 -1847.04 -166.0398 -315 -1866.611 -164.1122 -315 -1870.888 -168.3887 -315 -1849.389 -164.1122 -315 -1845.112 -168.3887 -315 -1866.611 147.1122 -315 -1872.32 -171.0684 -315 -1849.389 147.1122 -315 -1843.68 -171.0684 -315 -1863.932 145.6799 -315 -1873.202 -173.9761 -315 -1852.068 145.6799 -315 -1842.798 -173.9761 -315 -1863.932 -162.6799 -315 -1873.5 -177 -315 -1852.068 -162.6799 -315 -1842.5 -177 -315 -1861.024 -161.7978 -315 -1873.202 -180.0239 -315 -1854.976 -161.7978 -315 -1842.798 -180.0239 -315 -1861.024 144.7978 -315 -1872.32 -182.9316 -315 -1854.976 144.7978 -315 -1843.68 -182.9316 -315 -1858 144.5 -315 -1870.888 -185.6113 -315 -1845.112 -185.6113 -315 -1858 -161.5 -315 -1868.96 -187.9602 -315 -1847.04 -187.9602 -315 -1866.611 -189.8878 -315 -1849.389 -189.8878 -315 -1863.932 -191.3201 -315 -1852.068 -191.3201 -315 -1861.024 -192.2022 -315 -1854.976 -192.2022 -315 -1858 -192.5 -315 -2040.5 133.5 -217 -1733 133.5 -217 -1733 133.5 -302.5 -2040.5 133.5 -302.5 -1842.798 156.9761 -302.5 -1733 133.5 -302.5 -1733 180 -302.5 -1843.68 154.0684 -302.5 -1842.5 160 -302.5 -1845.112 151.3887 -302.5 -1842.798 163.0239 -302.5 -1847.04 149.0398 -302.5 -1843.68 165.9316 -302.5 -1849.389 147.1122 -302.5 -1845.112 168.6113 -302.5 -1852.068 145.6799 -302.5 -1847.04 170.9602 -302.5 -1854.976 144.7978 -302.5 -1849.389 172.8878 -302.5 -1858 144.5 -302.5 -1852.068 174.3201 -302.5 -2040.5 133.5 -302.5 -1854.976 175.2022 -302.5 -1861.024 144.7978 -302.5 -1858 175.5 -302.5 -1863.932 145.6799 -302.5 -2040.5 180 -302.5 -1866.611 147.1122 -302.5 -1861.024 175.2022 -302.5 -1868.96 149.0398 -302.5 -1863.932 174.3201 -302.5 -1870.888 151.3887 -302.5 -1866.611 172.8878 -302.5 -1872.32 154.0684 -302.5 -1868.96 170.9602 -302.5 -1873.202 156.9761 -302.5 -1870.888 168.6113 -302.5 -1872.32 165.9316 -302.5 -1873.5 160 -302.5 -1873.202 163.0239 -302.5 -2040.5 133.5 -217 -2040.5 147.5 -217 -1733 147.5 -217 -1733 133.5 -217 -2040.5 147.5 -193 -1733 147.5 -193 -1733 147.5 -217 -2040.5 147.5 -217 -2040.5 115.5 -193 -1733 115.5 -193 -1733 115.5 -170 -2045.5 115.5 -170 -2045.5 115.5 -193 -2045.5 115.5 -170 -2045.5 143.5 -170 -2045.5 143.5 -193 -2045.5 115.5 -193 -2045.5 115.5 -170 -1733 115.5 -170 -1733 143.5 -170 -2045.5 143.5 -170 -2040.5 143.5 -193 -2045.5 143.5 -170 -1733 143.5 -170 -2045.5 143.5 -193 -1733 143.5 -193 -1733 143.5 -193 -1733 147.5 -193 -2040.5 147.5 -193 -2040.5 143.5 -193 -1848 -166.5 -153 -1848 -166.5 -183 -1875.5 -166.5 -183 -2080.5 -166.5 -153 -2080.5 -166.5 -183 -2040.5 -144.5 -183 -1875.5 -166.5 -183 -1875.5 -144.5 -183 -2080.5 -166.5 -183 -2080.5 -144.5 -183 -1848 -194.5 -153 -1848 -166.5 -153 -2080.5 -166.5 -153 -2080.5 -194.5 -153 -2080.5 -194.5 -153 -2080.5 -194.5 -193 -1875.5 -194.5 -183 -1875.5 -194.5 -193 -1848 -194.5 -153 -1848 -194.5 -183 -1848 -194.5 -153 -1848 -194.5 -183 -1848 -166.5 -183 -1848 -166.5 -153 -1848 -194.5 -183 -1875.5 -194.5 -183 -1875.5 -166.5 -183 -1848 -166.5 -183 -2080.5 -144.5 -193 -2080.5 -166.5 -183 -2080.5 -144.5 -183 -2080.5 -194.5 -193 -2080.5 -194.5 -153 -2080.5 -166.5 -153 -1875.5 -162.5 -193 -1795.5 -162.5 -193 -1795.5 -144.5 -193 -1875.5 -144.5 -193 -1875.5 -162.5 -193 -1875.5 -144.5 -193 -1875.5 -144.5 -183 -1875.5 -166.5 -183 -1875.5 -194.5 -193 -1875.5 -194.5 -183 -2040.5 -144.5 -183 -2040.5 -144.5 -193 -2080.5 -144.5 -193 -2080.5 -144.5 -183 -1875.5 -144.5 -183 -1875.5 -144.5 -193 -1795.5 -144.5 -193 -1795.5 -144.5 -173 -2040.5 -144.5 -173 -2040.5 -144.5 -183 -2045.5 -143.5 -173 -2045.5 -115.5 -173 -2040.5 -115.5 -173 -2040.5 -143.5 -173 -2045.5 115.5 -193 -2045.5 143.5 -193 -2040.5 143.5 -193 -2040.5 115.5 -193 -2040.5 -197 -315 -2040.5 -197 -302.5 -2040.5 -150.5 -302.5 -2040.5 180 -315 -2040.5 133.5 -302.5 -2040.5 133.5 -259.75 -2040.5 180 -302.5 -2040.5 -146.2349 -253.75 -2040.5 87.4923 -228 -2040.5 133.5 -217 -2040.5 -104.4908 -228 -2040.5 97.5 -200.5042 -2040.5 -144.1024 -229.375 -2040.5 112.5 -200.5042 -2040.5 -141.9698 -205 -2040.5 147.5 -217 -2040.5 -114.5 -200.5 -2040.5 143.5 -193 -2040.5 -144.5 -193 -2040.5 115.5 -193 -2040.5 147.5 -193 -2040.5 -162.5 -205 -2040.5 -144.5 -183 -2040.5 112.5 -193 -2040.5 -162.5 -193 -2040.5 -114.5 -173 -2040.5 -115.5 -173 -2040.5 -143.5 -173 -2040.5 -144.5 -173 -1842.5 -177 -246.5 -1842.798 -180.0239 -246.5 -1842.798 -180.0239 -302.5 -1843.68 -182.9316 -302.5 -1842.5 -177 -302.5 -1843.68 -182.9316 -246.5 -1842.798 -173.9761 -302.5 -1845.112 -185.6113 -302.5 -1842.798 -173.9761 -246.5 -1845.112 -185.6113 -246.5 -1843.68 -171.0684 -246.5 -1847.04 -187.9602 -302.5 -1843.68 -171.0684 -302.5 -1847.04 -187.9602 -246.5 -1845.112 -168.3887 -246.5 -1849.389 -189.8878 -302.5 -1845.112 -168.3887 -302.5 -1849.389 -189.8878 -246.5 -1847.04 -166.0398 -246.5 -1852.068 -191.3201 -302.5 -1847.04 -166.0398 -302.5 -1852.068 -191.3201 -246.5 -1849.389 -164.1122 -246.5 -1854.976 -192.2022 -302.5 -1849.389 -164.1122 -302.5 -1854.976 -192.2022 -246.5 -1852.068 -162.6799 -246.5 -1858 -192.5 -302.5 -1852.068 -162.6799 -302.5 -1858 -192.5 -246.5 -1854.976 -161.7978 -246.5 -1861.024 -192.2022 -302.5 -1854.976 -161.7978 -302.5 -1861.024 -192.2022 -246.5 -1858 -161.5 -246.5 -1863.932 -191.3201 -302.5 -1858 -161.5 -302.5 -1863.932 -191.3201 -246.5 -1861.024 -161.7978 -246.5 -1866.611 -189.8878 -302.5 -1861.024 -161.7978 -302.5 -1866.611 -189.8878 -246.5 -1863.932 -162.6799 -246.5 -1868.96 -187.9602 -302.5 -1863.932 -162.6799 -302.5 -1868.96 -187.9602 -246.5 -1866.611 -164.1122 -246.5 -1870.888 -185.6113 -302.5 -1866.611 -164.1122 -302.5 -1870.888 -185.6113 -246.5 -1868.96 -166.0398 -246.5 -1872.32 -182.9316 -302.5 -1868.96 -166.0398 -302.5 -1872.32 -182.9316 -246.5 -1870.888 -168.3887 -246.5 -1873.202 -180.0239 -302.5 -1870.888 -168.3887 -302.5 -1873.202 -180.0239 -246.5 -1872.32 -171.0684 -246.5 -1873.5 -177 -246.5 -1872.32 -171.0684 -302.5 -1873.5 -177 -302.5 -1873.202 -173.9761 -246.5 -1873.202 -173.9761 -302.5 -1842.5 160 -246.5 -1842.798 156.9761 -246.5 -1842.798 156.9761 -302.5 -1843.68 154.0684 -302.5 -1842.5 160 -302.5 -1843.68 154.0684 -246.5 -1842.798 163.0239 -302.5 -1845.112 151.3887 -302.5 -1842.798 163.0239 -246.5 -1845.112 151.3887 -246.5 -1843.68 165.9316 -246.5 -1847.04 149.0398 -302.5 -1843.68 165.9316 -302.5 -1847.04 149.0398 -246.5 -1845.112 168.6113 -246.5 -1849.389 147.1122 -302.5 -1845.112 168.6113 -302.5 -1849.389 147.1122 -246.5 -1847.04 170.9602 -246.5 -1852.068 145.6799 -302.5 -1847.04 170.9602 -302.5 -1852.068 145.6799 -246.5 -1849.389 172.8878 -246.5 -1854.976 144.7978 -302.5 -1849.389 172.8878 -302.5 -1854.976 144.7978 -246.5 -1852.068 174.3201 -246.5 -1858 144.5 -302.5 -1852.068 174.3201 -302.5 -1858 144.5 -246.5 -1854.976 175.2022 -246.5 -1861.024 144.7978 -302.5 -1854.976 175.2022 -302.5 -1861.024 144.7978 -246.5 -1858 175.5 -246.5 -1863.932 145.6799 -302.5 -1858 175.5 -302.5 -1863.932 145.6799 -246.5 -1861.024 175.2022 -246.5 -1866.611 147.1122 -302.5 -1861.024 175.2022 -302.5 -1866.611 147.1122 -246.5 -1863.932 174.3201 -246.5 -1868.96 149.0398 -302.5 -1863.932 174.3201 -302.5 -1868.96 149.0398 -246.5 -1866.611 172.8878 -246.5 -1870.888 151.3887 -302.5 -1866.611 172.8878 -302.5 -1870.888 151.3887 -246.5 -1868.96 170.9602 -246.5 -1872.32 154.0684 -302.5 -1868.96 170.9602 -302.5 -1872.32 154.0684 -246.5 -1870.888 168.6113 -246.5 -1873.202 156.9761 -302.5 -1870.888 168.6113 -302.5 -1873.202 156.9761 -246.5 -1872.32 165.9316 -246.5 -1873.5 160 -246.5 -1872.32 165.9316 -302.5 -1873.5 160 -302.5 -1873.202 163.0239 -246.5 -1873.202 163.0239 -302.5 -1858 175.5 -315 -1854.976 175.2022 -315 -1854.976 175.2022 -357 -1852.068 174.3201 -357 -1858 175.5 -357 -1852.068 174.3201 -315 -1861.024 175.2022 -315 -1849.389 172.8878 -357 -1861.024 175.2022 -357 -1849.389 172.8878 -315 -1863.932 174.3201 -315 -1847.04 170.9602 -357 -1863.932 174.3201 -357 -1847.04 170.9602 -315 -1866.611 172.8878 -315 -1845.112 168.6113 -357 -1866.611 172.8878 -357 -1845.112 168.6113 -315 -1868.96 170.9602 -315 -1843.68 165.9316 -357 -1868.96 170.9602 -357 -1843.68 165.9316 -315 -1870.888 168.6113 -315 -1842.798 163.0239 -357 -1870.888 168.6113 -357 -1842.798 163.0239 -315 -1872.32 165.9316 -315 -1842.5 160 -315 -1872.32 165.9316 -357 -1842.5 160 -357 -1873.202 163.0239 -315 -1842.798 156.9761 -357 -1873.202 163.0239 -357 -1842.798 156.9761 -315 -1873.5 160 -315 -1843.68 154.0684 -357 -1873.5 160 -357 -1843.68 154.0684 -315 -1873.202 156.9761 -357 -1845.112 151.3887 -357 -1873.202 156.9761 -315 -1845.112 151.3887 -315 -1872.32 154.0684 -315 -1847.04 149.0398 -357 -1872.32 154.0684 -357 -1847.04 149.0398 -315 -1870.888 151.3887 -315 -1849.389 147.1122 -357 -1870.888 151.3887 -357 -1849.389 147.1122 -315 -1868.96 149.0398 -315 -1852.068 145.6799 -357 -1868.96 149.0398 -357 -1852.068 145.6799 -315 -1866.611 147.1122 -315 -1854.976 144.7978 -357 -1866.611 147.1122 -357 -1854.976 144.7978 -315 -1863.932 145.6799 -315 -1858 144.5 -357 -1863.932 145.6799 -357 -1858 144.5 -315 -1861.024 144.7978 -315 -1861.024 144.7978 -357 -1858 -161.5 -315 -1854.976 -161.7978 -315 -1854.976 -161.7978 -357 -1852.068 -162.6799 -357 -1858 -161.5 -357 -1852.068 -162.6799 -315 -1861.024 -161.7978 -315 -1849.389 -164.1122 -357 -1861.024 -161.7978 -357 -1849.389 -164.1122 -315 -1863.932 -162.6799 -315 -1847.04 -166.0398 -357 -1863.932 -162.6799 -357 -1847.04 -166.0398 -315 -1866.611 -164.1122 -315 -1845.112 -168.3887 -357 -1866.611 -164.1122 -357 -1845.112 -168.3887 -315 -1868.96 -166.0398 -315 -1843.68 -171.0684 -357 -1868.96 -166.0398 -357 -1843.68 -171.0684 -315 -1870.888 -168.3887 -315 -1842.798 -173.9761 -357 -1870.888 -168.3887 -357 -1842.798 -173.9761 -315 -1872.32 -171.0684 -315 -1842.5 -177 -315 -1872.32 -171.0684 -357 -1842.5 -177 -357 -1873.202 -173.9761 -315 -1842.798 -180.0239 -357 -1873.202 -173.9761 -357 -1842.798 -180.0239 -315 -1873.5 -177 -315 -1843.68 -182.9316 -357 -1873.5 -177 -357 -1843.68 -182.9316 -315 -1873.202 -180.0239 -357 -1845.112 -185.6113 -357 -1873.202 -180.0239 -315 -1845.112 -185.6113 -315 -1872.32 -182.9316 -315 -1847.04 -187.9602 -357 -1872.32 -182.9316 -357 -1847.04 -187.9602 -315 -1870.888 -185.6113 -315 -1849.389 -189.8878 -357 -1870.888 -185.6113 -357 -1849.389 -189.8878 -315 -1868.96 -187.9602 -315 -1852.068 -191.3201 -357 -1868.96 -187.9602 -357 -1852.068 -191.3201 -315 -1866.611 -189.8878 -315 -1854.976 -192.2022 -357 -1866.611 -189.8878 -357 -1854.976 -192.2022 -315 -1863.932 -191.3201 -315 -1858 -192.5 -357 -1863.932 -191.3201 -357 -1858 -192.5 -315 -1861.024 -192.2022 -315 -1861.024 -192.2022 -357 -1873.202 -173.9761 -246.5 -1873.5 -177 -246.5 -1870.888 -168.3887 -246.5 -1866.611 -164.1122 -246.5 -1872.32 -171.0684 -246.5 -1858 -161.5 -246.5 -1868.96 -166.0398 -246.5 -1842.5 -177 -246.5 -1861.024 -161.7978 -246.5 -1858 -192.5 -246.5 -1845.112 -168.3887 -246.5 -1863.932 -162.6799 -246.5 -1870.888 -185.6113 -246.5 -1849.389 -189.8878 -246.5 -1842.798 -173.9761 -246.5 -1849.389 -164.1122 -246.5 -1873.202 -180.0239 -246.5 -1866.611 -189.8878 -246.5 -1845.112 -185.6113 -246.5 -1854.976 -192.2022 -246.5 -1843.68 -171.0684 -246.5 -1854.976 -161.7978 -246.5 -1847.04 -166.0398 -246.5 -1872.32 -182.9316 -246.5 -1868.96 -187.9602 -246.5 -1861.024 -192.2022 -246.5 -1842.798 -180.0239 -246.5 -1847.04 -187.9602 -246.5 -1852.068 -191.3201 -246.5 -1852.068 -162.6799 -246.5 -1863.932 -191.3201 -246.5 -1843.68 -182.9316 -246.5 -1873.202 163.0239 -246.5 -1873.5 160 -246.5 -1870.888 168.6113 -246.5 -1866.611 172.8878 -246.5 -1872.32 165.9316 -246.5 -1858 175.5 -246.5 -1868.96 170.9602 -246.5 -1842.5 160 -246.5 -1861.024 175.2022 -246.5 -1858 144.5 -246.5 -1845.112 168.6113 -246.5 -1863.932 174.3201 -246.5 -1870.888 151.3887 -246.5 -1849.389 147.1122 -246.5 -1842.798 163.0239 -246.5 -1849.389 172.8878 -246.5 -1873.202 156.9761 -246.5 -1866.611 147.1122 -246.5 -1845.112 151.3887 -246.5 -1854.976 144.7978 -246.5 -1843.68 165.9316 -246.5 -1854.976 175.2022 -246.5 -1847.04 170.9602 -246.5 -1872.32 154.0684 -246.5 -1868.96 149.0398 -246.5 -1861.024 144.7978 -246.5 -1842.798 156.9761 -246.5 -1847.04 149.0398 -246.5 -1852.068 145.6799 -246.5 -1852.068 174.3201 -246.5 -1863.932 145.6799 -246.5 -1843.68 154.0684 -246.5 -1842.5 -177 -357 -1842.798 -180.0239 -357 -1845.112 -185.6113 -357 -1843.68 -182.9316 -357 -1858 -192.5 -357 -1849.389 -189.8878 -357 -1873.5 -177 -357 -1847.04 -187.9602 -357 -1854.976 -192.2022 -357 -1858 -161.5 -357 -1866.611 -189.8878 -357 -1852.068 -191.3201 -357 -1870.888 -168.3887 -357 -1849.389 -164.1122 -357 -1870.888 -185.6113 -357 -1861.024 -192.2022 -357 -1873.202 -173.9761 -357 -1866.611 -164.1122 -357 -1854.976 -161.7978 -357 -1845.112 -168.3887 -357 -1873.202 -180.0239 -357 -1868.96 -187.9602 -357 -1863.932 -191.3201 -357 -1872.32 -171.0684 -357 -1861.024 -161.7978 -357 -1868.96 -166.0398 -357 -1852.068 -162.6799 -357 -1847.04 -166.0398 -357 -1842.798 -173.9761 -357 -1872.32 -182.9316 -357 -1863.932 -162.6799 -357 -1843.68 -171.0684 -357 -1842.5 160 -357 -1842.798 156.9761 -357 -1845.112 151.3887 -357 -1843.68 154.0684 -357 -1858 144.5 -357 -1849.389 147.1122 -357 -1873.5 160 -357 -1847.04 149.0398 -357 -1854.976 144.7978 -357 -1858 175.5 -357 -1866.611 147.1122 -357 -1852.068 145.6799 -357 -1870.888 168.6113 -357 -1849.389 172.8878 -357 -1870.888 151.3887 -357 -1861.024 144.7978 -357 -1873.202 163.0239 -357 -1866.611 172.8878 -357 -1854.976 175.2022 -357 -1845.112 168.6113 -357 -1873.202 156.9761 -357 -1868.96 149.0398 -357 -1863.932 145.6799 -357 -1872.32 165.9316 -357 -1861.024 175.2022 -357 -1868.96 170.9602 -357 -1852.068 174.3201 -357 -1847.04 170.9602 -357 -1842.798 163.0239 -357 -1872.32 154.0684 -357 -1863.932 174.3201 -357 -1843.68 165.9316 -357</float_array>
          <technique_common>
            <accessor source="#Mesh3-mesh-positions-array" count="790" stride="3">
              <param name="X" type="float"/>
              <param name="Y" type="float"/>
              <param name="Z" type="float"/>
            </accessor>
          </technique_common>
        </source>
        <source id="Mesh3-mesh-normals">
          <float_array id="Mesh3-mesh-normals-array" count="1065">0 -1 0 0 0 1 0 -0.9396923 0.3420215 0 -0.9396921 0.3420218 0 0.9396924 0.3420206 0 0.9396923 0.342021 0 1 0 -1 0 0 0 0 -1 -1 1.38815e-5 0 1 0 0 1 -2.02901e-6 0 1 2.02901e-6 0 0 -0.9961947 0.08715635 0 -0.9961947 0.08715611 -2.00855e-6 0 1 1.41717e-6 0 1 -2.02554e-6 0 1 1.38756e-6 0 1 8.55745e-7 0 1 1.03709e-6 0 1 -7.16727e-7 0 1 3.47657e-6 0 1 -2.5541e-6 0 1 2.09002e-6 0 1 4.4908e-7 0 -1 -1.4172e-6 0 -1 -1.16157e-6 0 -1 1.03709e-6 0 -1 -2.43446e-7 0 -1 2.89091e-7 0 -1 -2.1374e-5 0 -1 1.50726e-5 0 -1 -1.21834e-5 0 -1 5.27107e-6 0 -1 1.21839e-5 0 -1 -1.50719e-5 0 -1 2.13718e-5 0 -1 -6.1022e-6 0 -1 -4.34853e-7 0 -1 7.24288e-7 0 -1 -1.92699e-6 0 -1 1.71148e-6 0 -1 -2.02554e-6 0 -1 2.00855e-6 0 -1 -1.41717e-6 0 -1 6.93787e-7 0 -1 -1.16159e-6 0 -1 1.03709e-6 0 -1 -2.43447e-7 0 -1 -1.01278e-6 0 -1 -3.08318e-6 0 -1 -4.09869e-7 0 1 -1.54159e-6 0 1 -2.02557e-6 0 1 -2.55415e-6 0 1 -1.57178e-6 0 1 1.4172e-6 0 1 -9.10601e-7 0 1 1.03709e-6 0 1 1 -2.47838e-7 0 0.9807733 -0.1951506 0 0.9807905 -0.195064 0 1 -2.43074e-7 0 0.9807822 0.1951063 0 0.9807818 0.1951079 0 0.9239225 0.3825799 0 0.9238907 0.3826568 0 0.8314993 0.5555258 0 0.8314576 0.5555883 0 0.7070835 0.7071301 0 0.7070383 0.7071753 0 0.5555977 0.8314514 0 0.5555556 0.8314794 0 0.3827402 0.923856 0 0.3827193 0.9238647 0 0.1950838 0.9807866 0 0.1950821 0.9807869 0 8.5313e-7 1 0 -8.48364e-7 1 0 -0.1950821 0.9807869 0 -0.1950585 0.9807916 0 -0.3827385 0.9238567 0 -0.3827162 0.923866 0 -0.555597 0.8314517 0 -0.555622 0.8314351 0 -0.7070336 0.7071799 0 -0.7070791 0.7071346 0 -0.8314604 0.5555841 0 -0.8315021 0.5555217 0 -0.9238893 0.3826599 0 -0.9239049 0.3826223 0 -0.9807823 0.1951053 0 -0.9807741 0.1951469 0 -1 -2.526e-7 0 -1 -2.43074e-7 0 -0.9807738 -0.1951479 0 -0.9807825 -0.1951047 0 -0.9239054 -0.3826212 0 -0.9238898 -0.3826588 0 -0.8315019 -0.555522 0 -0.8314602 -0.5555844 0 -0.7070793 -0.7071343 0 -0.707034 -0.7071796 0 -0.5556235 -0.831434 0 -0.5555988 -0.8314507 0 -0.3827141 -0.9238669 0 -0.3827363 -0.9238577 0 -0.1950587 -0.9807916 0 -0.1950823 -0.980787 0 -8.5313e-7 -1 0 8.48364e-7 -1 0 0.1950823 -0.980787 0 0.1950839 -0.9807866 0 0.3827171 -0.9238656 0 0.3827381 -0.923857 0 0.5555573 -0.8314784 0 0.5555994 -0.8314502 0 0.7070385 -0.7071751 0 0.7070838 -0.7071298 0 0.8314574 -0.5555887 0 0.831499 -0.5555262 0 0.9238911 -0.3826556 0 0.9239229 -0.3825788 0 1 2.47838e-7 0 0.9807733 -0.1951503 0 0.9807906 -0.1950638 0 1 2.43074e-7 0 0.9807821 0.1951065 0 0.9807817 0.1951081 0 0.9239229 0.3825788 0 0.9238911 0.3826556 0 0.831499 0.5555262 0 0.8314574 0.5555887 0 0.7070838 0.7071298 0 0.7070385 0.7071751 0 0.5555994 0.8314502 0 0.5555573 0.8314784 0 0.3827381 0.923857 0 0.3827171 0.9238656 0 0.1950839 0.9807866 0 0.1950823 0.980787 0 8.48364e-7 1 0 -8.5313e-7 1 0 -0.1950823 0.980787 0 -0.1950587 0.9807916 0 -0.3827363 0.9238577 0 -0.3827141 0.9238669 0 -0.5555988 0.8314507 0 -0.5556235 0.831434 0 -0.707034 0.7071796 0 -0.7070793 0.7071343 0 -0.8314602 0.5555844 0 -0.8315019 0.555522 0 -0.9238898 0.3826588 0 -0.9239054 0.3826212 0 -0.9807823 0.1951056 0 -0.980774 0.1951471 0 -1 2.526e-7 0 -1 2.43074e-7 0 -0.9807739 -0.1951477 0 -0.9807826 -0.1951045 0 -0.9239049 -0.3826223 0 -0.9238893 -0.3826599 0 -0.8315021 -0.5555217 0 -0.8314604 -0.5555841 0 -0.7070789 -0.7071346 0 -0.7070338 -0.7071798 0 -0.5556218 -0.8314352 0 -0.5555972 -0.8314517 0 -0.3827163 -0.923866 0 -0.3827384 -0.9238568 0 -0.1950586 -0.9807916 0 -0.1950821 -0.980787 0 -8.48364e-7 -1 0 8.5313e-7 -1 0 0.1950821 -0.9807869 0 0.1950837 -0.9807866 0 0.3827193 -0.9238647 0 0.3827401 -0.923856 0 0.5555555 -0.8314796 0 0.5555977 -0.8314512 0 0.7070382 -0.7071754 0 0.7070836 -0.70713 0 0.8314576 -0.5555883 0 0.8314993 -0.5555258 0 0.9238907 -0.3826568 0 0.9239225 -0.3825799 0 -4.90431e-6 1 0 0.1950729 0.9807888 0 0.1950935 0.9807847 0 4.91384e-6 1 0 -0.1950761 0.9807882 0 -0.1950721 0.9807889 0 -0.3827223 0.9238634 0 -0.3827239 0.9238628 0 -0.555601 0.8314491 0 -0.5556023 0.8314482 0 -0.7070485 0.7071651 0 -0.7070816 0.7071321 0 -0.8314672 0.5555739 0 -0.8314933 0.555535 0 -0.9239004 0.382633 0 -0.9238796 0.3826833 0 -0.9807904 0.1950644 0 -0.9807686 0.1951748 0 -1 1.90641e-7 0 -1 1.95413e-7 0 -0.9807794 -0.1951205 0 -0.9807798 -0.1951182 0 -0.9238793 -0.3826842 0 -0.9239 -0.3826342 0 -0.8314934 -0.5555347 0 -0.8314675 -0.5555735 0 -0.7070813 -0.7071322 0 -0.7070482 -0.7071654 0 -0.5556008 -0.8314492 0 -0.5555995 -0.8314501 0 -0.3827262 -0.9238619 0 -0.3827247 -0.9238625 0 -0.1950721 -0.9807889 0 -0.1950761 -0.9807881 0 4.90431e-6 -1 0 -4.89477e-6 -1 0 0.1950936 -0.9807847 0 0.195073 -0.9807888 0 0.3827136 -0.9238671 0 0.382725 -0.9238623 0 0.5555765 -0.8314654 0 0.5556008 -0.8314492 0 0.7070482 -0.7071654 0 0.7070813 -0.7071323 0 0.8314675 -0.5555736 0 0.8314648 -0.5555775 0 0.9239215 -0.3825823 0 0.9239024 -0.3826285 0 0.9807788 -0.1951236 0 0.9807904 -0.1950652 0 1 2.43073e-7 0 1 1.95413e-7 0 0.9807901 0.1950661 0 0.9807789 0.195123 0 0.9239029 0.3826274 0 0.9239218 0.3825813 0 0.8314646 0.5555778 0 0.8314673 0.5555738 0 0.7070816 0.7071321 0 0.7070485 0.7071651 0 0.5556023 0.8314482 0 0.5555781 0.8314644 0 0.3827226 0.9238633 0 0.3827112 0.923868 0 -4.89477e-6 1 0 0.195073 0.9807888 0 0.1950936 0.9807847 0 4.90431e-6 1 0 -0.1950761 0.9807881 0 -0.3827247 0.9238625 0 -0.3827262 0.9238619 0 -0.5555995 0.8314501 0 -0.5556008 0.8314492 0 -0.7070482 0.7071654 0 -0.7070813 0.7071322 0 -0.8314675 0.5555735 0 -0.8314934 0.5555347 0 -0.9239 0.3826341 0 -0.9238792 0.3826843 0 -0.9807905 0.1950642 0 -0.9808361 0.1948348 0 -1 -1.90641e-7 0 -1 -1.95413e-7 0 -0.9807792 -0.1951208 0 -0.9807797 -0.1951184 0 -0.9238797 -0.3826832 0 -0.9239004 -0.3826332 0 -0.8314933 -0.555535 0 -0.8314672 -0.5555739 0 -0.7070816 -0.7071321 0 -0.7070485 -0.7071651 0 -0.5556023 -0.8314482 0 -0.555601 -0.8314491 0 -0.3827239 -0.9238628 0 -0.3827223 -0.9238634 0 -0.1950761 -0.9807882 0 4.91384e-6 -1 0 -4.90431e-6 -1 0 0.1950935 -0.9807847 0 0.1950729 -0.9807888 0 0.3827112 -0.923868 0 0.3827226 -0.9238633 0 0.5555781 -0.8314644 0 0.5556023 -0.8314482 0 0.7070485 -0.7071651 0 0.7070816 -0.7071321 0 0.8314673 -0.5555738 0 0.8314646 -0.5555778 0 0.923922 -0.3825812 0 0.9239028 -0.3826274 0 0.9807786 -0.1951238 0 0.9807903 -0.1950653 0 1 -2.43073e-7 0 1 -1.95413e-7 0 0.9807901 0.1950659 0 0.9807789 0.1951228 0 0.9239024 0.3826284 0 0.9239215 0.3825824 0 0.8314648 0.5555775 0 0.8314675 0.5555736 0 0.7070813 0.7071323 0 0.7070482 0.7071654 0 0.5556008 0.8314492 0 0.5555765 0.8314654 0 0.382725 0.9238623 0 0.3827136 0.9238671 0 9.51443e-6 0 1 -1.31282e-6 0 1 1.14406e-5 0 1 9.51697e-6 0 1 2.86035e-6 0 1 -2.28833e-5 0 1 -6.77897e-5 0 1 6.77484e-5 0 1 -3.38765e-5 0 1 1.69377e-5 0 1 3.3873e-5 0 1 -1.35584e-4 0 1 2.00004e-4 0 1 1.99963e-4 0 1 -2.86022e-6 0 1 3.38696e-5 0 1 -1.14414e-5 0 1 1.35492e-4 0 1 -2.00055e-4 0 1 -2.00096e-4 0 1 -3.38926e-5 0 1 2.28812e-5 0 1 -3.38753e-5 0 1 -1.69348e-5 0 1 -4.57912e-5 0 -1 6.77713e-5 0 -1 6.77484e-5 0 -1 1.31285e-6 0 -1 5.7203e-6 0 -1 9.1552e-5 0 -1 -6.77897e-5 0 -1 -3.38753e-5 0 -1 -1.35671e-4 0 -1 3.38696e-5 0 -1 6.77461e-5 0 -1 4.5776e-5 0 -1 -5.72082e-6 0 -1 -6.77851e-5 0 -1 -6.78368e-5 0 -1 -9.15824e-5 0 -1 1.35543e-4 0 -1</float_array>
          <technique_common>
            <accessor source="#Mesh3-mesh-normals-array" count="355" stride="3">
              <param name="X" type="float"/>
              <param name="Y" type="float"/>
              <param name="Z" type="float"/>
            </accessor>
          </technique_common>
        </source>
        <vertices id="Mesh3-mesh-vertices">
          <input semantic="POSITION" source="#Mesh3-mesh-positions"/>
        </vertices>
        <triangles material="Material_1-material" count="690">
          <input semantic="VERTEX" source="#Mesh3-mesh-vertices" offset="0"/>
          <input semantic="NORMAL" source="#Mesh3-mesh-normals" offset="1"/>
          <p>0 0 1 0 2 0 2 0 3 0 0 0 4 1 5 1 6 1 6 1 7 1 4 1 8 1 9 1 10 1 10 1 11 1 8 1 12 2 13 2 14 2 14 3 15 3 12 3 16 1 17 1 18 1 18 1 19 1 16 1 20 4 21 4 22 4 22 5 23 5 20 5 24 6 25 6 26 6 26 6 27 6 24 6 28 0 29 0 30 0 30 0 31 0 28 0 31 0 32 0 28 0 33 7 34 7 35 7 35 7 36 7 33 7 37 1 38 1 39 1 39 1 40 1 37 1 41 6 42 6 43 6 43 6 42 6 44 6 44 6 45 6 43 6 46 1 47 1 48 1 48 1 49 1 46 1 50 8 51 8 52 8 52 8 53 8 50 8 54 7 55 7 56 7 55 9 57 9 56 9 58 7 57 7 55 7 56 7 57 7 59 7 60 0 61 0 62 0 62 0 63 0 60 0 64 10 65 10 66 10 66 10 65 10 67 10 66 10 67 10 68 10 66 10 68 10 69 10 69 10 68 10 70 10 68 10 71 10 70 10 70 10 72 10 69 10 73 10 71 10 68 10 74 10 70 10 71 10 72 10 70 10 75 10 69 10 72 10 76 10 71 11 77 11 74 11 72 10 78 10 76 10 79 12 74 12 77 12 80 10 78 10 72 10 81 10 74 10 79 10 80 10 82 10 78 10 81 10 83 10 74 10 81 10 79 10 84 10 83 10 81 10 85 10 84 10 86 10 81 10 85 10 87 10 83 10 86 10 84 10 88 10 87 10 85 10 89 10 90 10 88 10 84 10 91 10 86 10 88 10 92 10 89 10 85 10 84 10 93 10 90 10 89 10 92 10 94 10 92 10 85 10 95 10 92 10 96 10 94 10 97 10 89 10 94 10 95 10 98 10 92 10 99 10 96 10 92 10 100 1 101 1 102 1 102 1 103 1 100 1 104 6 105 6 106 6 106 6 107 6 104 6 108 1 109 1 110 1 110 1 111 1 108 1 108 1 111 1 112 1 113 0 114 0 115 0 113 0 116 0 114 0 114 0 116 0 117 0 116 0 118 0 117 0 119 8 120 8 121 8 120 8 119 8 122 8 123 8 120 8 122 8 120 8 123 8 124 8 125 8 126 8 127 8 127 8 128 8 125 8 129 13 130 13 131 13 131 14 132 14 129 14 133 0 134 0 135 0 135 0 136 0 133 0 137 1 138 1 139 1 140 1 139 1 138 1 139 1 141 1 137 1 142 15 140 15 138 15 141 16 143 16 137 16 142 1 138 1 144 1 143 1 145 1 137 1 146 17 144 17 138 17 145 18 147 18 137 18 138 19 148 19 146 19 149 1 137 1 147 1 148 1 138 1 150 1 137 20 149 20 151 20 152 1 150 1 138 1 151 1 153 1 137 1 154 1 152 1 138 1 137 21 153 21 155 21 138 1 156 1 154 1 157 1 137 1 155 1 156 1 138 1 158 1 157 1 159 1 137 1 160 1 156 1 158 1 161 1 159 1 157 1 158 1 162 1 160 1 159 1 161 1 163 1 164 1 162 1 158 1 163 1 165 1 159 1 164 1 158 1 166 1 165 1 167 1 159 1 168 1 166 1 158 1 167 1 169 1 159 1 168 22 158 22 170 22 169 23 171 23 159 23 172 1 170 1 158 1 159 24 171 24 172 24 172 1 158 1 159 1 173 6 174 6 175 6 175 6 176 6 173 6 177 8 178 8 179 8 181 8 177 8 179 8 178 25 177 25 180 25 180 26 182 26 178 26 182 8 184 8 178 8 186 8 178 8 184 8 186 27 188 27 178 27 190 28 178 28 188 28 178 29 190 29 192 29 192 8 194 8 178 8 194 8 196 8 178 8 196 8 198 8 178 8 200 8 178 8 198 8 200 8 202 8 178 8 202 8 204 8 178 8 204 30 202 30 206 30 208 8 206 8 202 8 212 31 208 31 202 31 216 8 208 8 212 8 216 32 220 32 208 32 216 33 224 33 220 33 224 34 216 34 228 34 228 8 232 8 224 8 224 8 232 8 235 8 226 8 235 8 232 8 232 8 230 8 226 8 218 8 226 8 230 8 218 35 222 35 226 35 218 36 210 36 222 36 214 8 210 8 218 8 203 37 210 37 214 37 203 38 207 38 210 38 207 39 203 39 205 39 211 8 207 8 205 8 215 8 211 8 205 8 219 8 215 8 205 8 223 8 219 8 205 8 205 40 227 40 223 40 231 8 227 8 205 8 205 41 234 41 231 41 234 42 205 42 237 42 239 43 237 43 205 43 203 8 179 8 205 8 241 8 239 8 205 8 243 44 241 44 205 44 243 8 205 8 244 8 204 8 244 8 205 8 242 8 244 8 204 8 242 45 204 45 240 45 238 8 240 8 204 8 204 46 236 46 238 46 236 47 204 47 233 47 229 48 233 48 204 48 204 49 225 49 229 49 221 8 225 8 204 8 221 8 204 8 217 8 213 8 217 8 204 8 213 8 204 8 209 8 206 8 209 8 204 8 203 8 201 8 179 8 201 8 199 8 179 8 183 8 181 8 179 8 185 8 183 8 179 8 179 50 187 50 185 50 189 42 187 42 179 42 189 51 179 51 191 51 193 8 191 8 179 8 193 8 179 8 195 8 197 8 195 8 179 8 199 8 197 8 179 8 245 6 246 6 247 6 247 6 248 6 245 6 249 1 250 1 251 1 249 1 252 1 250 1 251 1 253 1 249 1 254 1 250 1 252 1 255 1 253 1 251 1 250 52 254 52 256 52 257 1 255 1 251 1 256 1 258 1 250 1 251 53 259 53 257 53 260 1 250 1 258 1 261 1 259 1 251 1 260 22 262 22 250 22 261 54 251 54 263 54 262 1 264 1 250 1 265 1 263 1 251 1 266 1 250 1 264 1 265 15 251 15 267 15 264 1 268 1 266 1 269 1 267 1 251 1 268 55 270 55 266 55 269 1 251 1 271 1 270 1 272 1 266 1 271 56 273 56 269 56 272 1 274 1 266 1 275 57 273 57 271 57 276 1 266 1 274 1 277 58 275 58 271 58 266 1 276 1 278 1 279 18 277 18 271 18 278 1 280 1 266 1 281 1 279 1 271 1 266 1 280 1 271 1 271 59 282 59 281 59 283 1 271 1 280 1 282 1 271 1 284 1 283 1 284 1 271 1 285 8 286 8 287 8 287 8 288 8 285 8 289 6 290 6 291 6 291 6 292 6 289 6 293 0 294 0 295 0 295 0 296 0 293 0 296 0 297 0 293 0 298 7 299 7 300 7 300 7 301 7 298 7 302 1 303 1 304 1 304 1 305 1 302 1 306 6 307 6 308 6 307 6 306 6 309 6 308 6 310 6 306 6 311 1 312 1 313 1 313 1 314 1 311 1 315 6 316 6 317 6 318 6 315 6 317 6 317 6 319 6 318 6 320 1 321 1 322 1 321 1 320 1 323 1 324 1 323 1 320 1 325 1 326 1 327 1 327 1 328 1 325 1 329 0 330 0 331 0 331 0 330 0 332 0 331 0 333 0 329 0 331 0 334 0 333 0 335 10 336 10 337 10 337 10 338 10 335 10 339 8 340 8 341 8 341 8 342 8 339 8 343 7 344 7 345 7 344 7 343 7 346 7 347 7 344 7 346 7 344 7 347 7 348 7 349 1 350 1 351 1 351 1 352 1 349 1 353 10 354 10 355 10 355 10 356 10 353 10 357 10 353 10 356 10 356 10 358 10 357 10 359 6 360 6 361 6 361 6 362 6 359 6 363 0 364 0 365 0 363 0 365 0 366 0 366 0 367 0 363 0 363 0 367 0 368 0 369 8 370 8 371 8 371 8 372 8 369 8 373 8 374 8 375 8 375 8 376 8 373 8 377 7 378 7 379 7 379 7 380 7 377 7 380 7 379 7 381 7 381 7 379 7 382 7 380 7 381 7 383 7 379 7 384 7 382 7 385 7 382 7 384 7 386 7 382 7 385 7 384 7 387 7 385 7 386 7 385 7 388 7 389 7 387 7 384 7 390 7 386 7 388 7 387 7 389 7 391 7 390 7 392 7 386 7 393 7 387 7 391 7 392 7 390 7 394 7 393 7 391 7 395 7 396 7 394 7 390 7 392 7 394 7 397 7 395 7 391 7 398 7 399 7 393 7 395 7 396 7 390 7 400 7 398 7 401 7 395 7 399 7 402 7 393 7 399 7 403 7 402 7 403 7 399 7 404 7 399 7 405 7 404 7 406 60 407 61 408 62 408 62 410 63 406 60 406 60 410 63 412 64 414 65 406 60 412 64 416 66 414 65 412 64 412 64 418 67 416 66 420 68 416 66 418 67 422 69 420 68 418 67 424 70 420 68 422 69 422 69 426 71 424 70 428 72 424 70 426 71 430 73 428 72 426 71 432 74 428 72 430 73 430 73 434 75 432 74 436 76 432 74 434 75 438 77 436 76 434 75 440 78 436 76 438 77 438 77 442 79 440 78 444 80 440 78 442 79 446 81 444 80 442 79 448 82 444 80 446 81 446 81 450 83 448 82 452 84 448 82 450 83 454 85 452 84 450 83 456 86 452 84 454 85 454 85 458 87 456 86 460 88 456 86 458 87 462 89 460 88 458 87 464 90 460 88 462 89 462 89 466 91 464 90 468 92 464 90 466 91 469 93 468 92 466 91 465 94 468 92 469 93 469 93 467 95 465 94 465 94 467 95 461 96 463 97 465 94 461 96 459 98 463 97 461 96 461 96 457 99 459 98 455 100 459 98 457 99 453 101 455 100 457 99 451 102 455 100 453 101 453 101 449 103 451 102 447 104 451 102 449 103 445 105 447 104 449 103 443 106 447 104 445 105 445 105 441 107 443 106 439 108 443 106 441 107 437 109 439 108 441 107 435 110 439 108 437 109 437 109 433 111 435 110 431 112 435 110 433 111 429 113 431 112 433 111 427 114 431 112 429 113 429 113 425 115 427 114 423 116 427 114 425 115 421 117 423 116 425 115 419 118 423 116 421 117 421 117 417 119 419 118 415 120 419 118 417 119 413 121 415 120 417 119 411 122 415 120 413 121 413 121 409 123 411 122 407 61 411 122 409 123 408 62 407 61 409 123 470 124 471 125 472 126 472 126 474 127 470 124 470 124 474 127 476 128 478 129 470 124 476 128 480 130 478 129 476 128 476 128 482 131 480 130 484 132 480 130 482 131 486 133 484 132 482 131 488 134 484 132 486 133 486 133 490 135 488 134 492 136 488 134 490 135 494 137 492 136 490 135 496 138 492 136 494 137 494 137 498 139 496 138 500 140 496 138 498 139 502 141 500 140 498 139 504 142 500 140 502 141 502 141 506 143 504 142 508 144 504 142 506 143 510 145 508 144 506 143 512 146 508 144 510 145 510 145 514 147 512 146 516 148 512 146 514 147 518 149 516 148 514 147 520 150 516 148 518 149 518 149 522 151 520 150 524 152 520 150 522 151 526 153 524 152 522 151 528 154 524 152 526 153 526 153 530 155 528 154 532 156 528 154 530 155 533 157 532 156 530 155 529 158 532 156 533 157 533 157 531 159 529 158 529 158 531 159 525 160 527 161 529 158 525 160 523 162 527 161 525 160 525 160 521 163 523 162 519 164 523 162 521 163 517 165 519 164 521 163 515 166 519 164 517 165 517 165 513 167 515 166 511 168 515 166 513 167 509 169 511 168 513 167 507 170 511 168 509 169 509 169 505 171 507 170 503 172 507 170 505 171 501 173 503 172 505 171 499 174 503 172 501 173 501 173 497 175 499 174 495 176 499 174 497 175 493 177 495 176 497 175 491 178 495 176 493 177 493 177 489 179 491 178 487 180 491 178 489 179 485 181 487 180 489 179 483 182 487 180 485 181 485 181 481 183 483 182 479 184 483 182 481 183 477 185 479 184 481 183 475 186 479 184 477 185 477 185 473 187 475 186 471 125 475 186 473 187 472 126 471 125 473 187 534 188 535 189 536 190 536 190 538 191 534 188 540 192 534 188 538 191 542 193 540 192 538 191 544 194 540 192 542 193 542 193 546 195 544 194 548 196 544 194 546 195 550 197 548 196 546 195 552 198 548 196 550 197 550 197 554 199 552 198 556 200 552 198 554 199 558 201 556 200 554 199 560 202 556 200 558 201 558 201 562 203 560 202 564 204 560 202 562 203 566 205 564 204 562 203 568 206 564 204 566 205 566 205 570 207 568 206 568 206 570 207 572 208 574 209 568 206 572 208 576 210 574 209 572 208 572 208 578 211 576 210 580 212 576 210 578 211 582 213 580 212 578 211 584 214 580 212 582 213 582 213 586 215 584 214 588 216 584 214 586 215 590 217 588 216 586 215 592 218 588 216 590 217 590 217 594 219 592 218 596 220 592 218 594 219 597 221 596 220 594 219 595 222 596 220 597 221 597 221 593 223 595 222 591 224 595 222 593 223 589 225 591 224 593 223 587 226 591 224 589 225 589 225 585 227 587 226 583 228 587 226 585 227 581 229 583 228 585 227 579 230 583 228 581 229 581 229 577 231 579 230 575 232 579 230 577 231 573 233 575 232 577 231 571 234 575 232 573 233 573 233 569 235 571 234 567 236 571 234 569 235 565 237 567 236 569 235 561 238 567 236 565 237 565 237 563 239 561 238 561 238 563 239 557 240 559 241 561 238 557 240 555 242 559 241 557 240 557 240 553 243 555 242 551 244 555 242 553 243 549 245 551 244 553 243 547 246 551 244 549 245 549 245 545 247 547 246 543 248 547 246 545 247 541 249 543 248 545 247 539 250 543 248 541 249 541 249 537 251 539 250 535 189 539 250 537 251 536 190 535 189 537 251 598 252 599 253 600 254 600 254 602 255 598 252 604 256 598 252 602 255 606 193 604 256 602 255 608 257 604 256 606 193 606 193 610 258 608 257 612 259 608 257 610 258 614 260 612 259 610 258 616 261 612 259 614 260 614 260 618 262 616 261 620 263 616 261 618 262 622 264 620 263 618 262 624 265 620 263 622 264 622 264 626 266 624 265 628 267 624 265 626 266 630 268 628 267 626 266 632 269 628 267 630 268 630 268 634 270 632 269 632 269 634 270 636 271 638 272 632 269 636 271 640 273 638 272 636 271 636 271 642 274 640 273 644 275 640 273 642 274 646 276 644 275 642 274 648 277 644 275 646 276 646 276 650 278 648 277 652 279 648 277 650 278 654 280 652 279 650 278 656 281 652 279 654 280 654 280 658 282 656 281 660 220 656 281 658 282 661 283 660 220 658 282 659 284 660 220 661 283 661 283 657 285 659 284 655 286 659 284 657 285 653 287 655 286 657 285 651 288 655 286 653 287 653 287 649 289 651 288 647 290 651 288 649 289 645 291 647 290 649 289 643 292 647 290 645 291 645 291 641 293 643 292 639 294 643 292 641 293 637 295 639 294 641 293 635 296 639 294 637 295 637 295 633 297 635 296 631 298 635 296 633 297 629 299 631 298 633 297 625 300 631 298 629 299 629 299 627 301 625 300 625 300 627 301 621 302 623 303 625 300 621 302 619 304 623 303 621 302 621 302 617 305 619 304 615 306 619 304 617 305 613 307 615 306 617 305 611 308 615 306 613 307 613 307 609 309 611 308 607 310 611 308 609 309 605 311 607 310 609 309 603 312 607 310 605 311 605 311 601 313 603 312 599 253 603 312 601 313 600 254 599 253 601 313 662 1 663 1 664 1 663 314 665 314 664 314 664 1 666 1 662 1 663 315 667 315 665 315 668 1 664 1 665 1 663 1 669 1 667 1 665 316 667 316 670 316 669 1 663 1 671 1 667 1 669 1 672 1 670 1 673 1 665 1 663 1 674 1 671 1 675 1 669 1 671 1 669 1 676 1 672 1 677 1 667 1 672 1 663 1 678 1 674 1 671 317 674 317 679 317 680 1 669 1 675 1 675 318 671 318 681 318 676 1 682 1 672 1 683 319 667 319 677 319 684 1 677 1 672 1 678 1 685 1 674 1 674 320 686 320 679 320 687 1 671 1 679 1 688 1 669 1 680 1 680 321 675 321 689 321 681 322 690 322 675 322 677 323 691 323 683 323 679 324 692 324 687 324 680 1 693 1 688 1 694 1 695 1 696 1 695 314 697 314 696 314 696 1 698 1 694 1 695 315 699 315 697 315 700 325 696 326 697 327 695 1 701 1 699 1 697 328 699 328 702 328 701 1 695 1 703 1 699 1 701 1 704 1 702 329 705 329 697 329 695 1 706 1 703 1 707 1 701 1 703 1 701 1 708 1 704 1 709 1 699 1 704 1 695 1 710 1 706 1 703 317 706 317 711 317 712 1 701 1 707 1 707 330 703 330 713 330 708 1 714 1 704 1 715 1 699 1 709 1 716 331 709 332 704 333 710 1 717 1 706 1 706 334 718 334 711 334 719 335 703 335 711 335 720 1 701 1 712 1 712 324 707 324 721 324 713 1 722 1 707 1 709 336 723 336 715 336 711 337 724 337 719 337 712 1 725 1 720 1 726 338 727 338 728 338 727 339 729 339 728 339 726 8 728 8 730 8 730 8 728 8 731 8 732 8 726 8 730 8 728 340 733 340 731 340 734 8 730 8 731 8 726 8 732 8 735 8 736 8 732 8 730 8 731 8 737 8 734 8 735 8 732 8 738 8 726 341 735 341 739 341 740 8 732 8 736 8 736 342 730 342 741 342 732 8 742 8 738 8 743 8 735 8 738 8 739 8 735 8 744 8 726 8 739 8 745 8 746 343 732 343 740 343 740 344 736 344 747 344 741 8 748 8 736 8 742 8 749 8 738 8 750 8 735 8 743 8 751 8 743 8 738 8 744 345 752 345 739 345 753 8 745 8 739 8 754 8 726 8 745 8 740 346 755 346 746 346 743 347 756 347 750 347 745 8 757 8 754 8 758 8 759 8 760 8 759 8 761 8 760 8 758 8 760 8 762 8 762 8 760 8 763 8 764 8 758 8 762 8 760 348 765 348 763 348 766 8 762 8 763 8 758 8 764 8 767 8 768 8 764 8 762 8 763 345 769 345 766 345 767 8 764 8 770 8 758 341 767 341 771 341 772 8 764 8 768 8 768 8 762 8 773 8 764 349 774 349 770 349 775 8 767 8 770 8 771 350 767 350 776 350 758 8 771 8 777 8 778 8 764 8 772 8 772 351 768 351 779 351 773 347 780 347 768 347 774 352 781 352 770 352 782 8 767 8 775 8 783 8 775 8 770 8 776 8 784 8 771 8 785 8 777 8 771 8 786 353 758 353 777 353 772 8 787 8 778 8 775 8 788 8 782 8 777 354 789 354 786 354</p>
        </triangles>
      </mesh>
    </geometry>
    <geometry id="Mesh2-mesh" name="Mesh2">
      <mesh>
        <source id="Mesh2-mesh-positions">
          <float_array id="Mesh2-mesh-positions-array" count="582">125 137.7349 61.25 125 -142 55.25 125 142 12.5 125 95.9908 87 125 -142 12.5 125 -95.9923 87 125 135.6024 85.62501 125 188.5 0 125 -142 98 125 133.4698 110 125 -188.5 0 125 188.5 12.5 125 -106 114.4958 125 106 114.5 125 -188.5 12.5 125 -121 114.4958 125 154 122 125 -152 122 125 154 110 125 135 142 125 -124 122 125 -156 98 125 136 142 125 107 142 125 -121 122 125 -152 145 125 -156 122 125 160 122 125 106 142 125 135 147.75 125 -124 145 125 160 146.6 125 135 153.5 125 136 146.6 125 107 165 125 135 165 -125 133.4698 110 125 133.4698 110 125 142 12.5 -125 142 12.5 125 154 110 125 133.4698 110 -125 133.4698 110 -125 154 110 -125 154 122 125 154 122 125 154 110 -125 154 110 -125 160 122 125 160 122 125 154 122 -125 154 122 -125 160 146.6 125 160 146.6 125 160 122 -125 160 122 -125 136 146.6 125 136 146.6 125 160 146.6 -125 160 146.6 -125 136 142 125 136 142 125 136 146.6 -125 136 146.6 -125 135 165 125 135 165 125 135 142 -125 135 142 -125 107 165 125 107 165 125 135 165 -125 135 165 -125 107 142 125 107 165 -125 107 165 125 107 142 -125 106 142 125 106 142 125 107 142 -125 107 142 -125 95.9908 87 125 95.9908 87 125 106 114.5 -125 106 114.5 125 106 142 -125 106 142 -125 -95.9923 87 125 -95.9923 87 125 95.9908 87 -125 95.9908 87 -125 -106 114.4958 125 -106 114.4958 125 -95.9923 87 -125 -95.9923 87 125 -124 122 125 -121 122 -125 -121 122 -125 -124 122 -125 -124 145 125 -124 145 125 -124 122 -125 -124 122 -125 -152 145 125 -152 145 125 -124 145 -125 -124 145 125 -152 122 125 -152 145 -125 -152 145 -125 -152 122 125 -156 122 125 -152 122 -125 -152 122 -125 -156 122 -125 -156 98 125 -156 98 125 -156 122 -125 -156 122 125 -188.5 12.5 125 -142 12.5 -125 -142 12.5 -125 -188.5 12.5 125 -188.5 0 -125 -188.5 0 -125 188.5 0 125 188.5 0 125 142 12.5 125 188.5 12.5 -125 188.5 12.5 -125 142 12.5 -125 154 110 -125 133.4698 110 -125 154 122 -125 106 114.5 -125 95.9908 87 -125 135 142 -125 135.6024 85.62501 -125 136 142 -125 107 142 -125 137.7349 61.25 -125 160 122 -125 106 142 -125 135 147.75 -125 -142 55.25 -125 160 146.6 -125 135 153.5 -125 -95.9923 87 -125 142 12.5 -125 136 146.6 -125 107 165 -125 -142 98 -125 -142 12.5 -125 135 165 -125 -106 114.4958 -125 188.5 0 -125 -121 114.4958 -125 -188.5 0 -125 188.5 12.5 -125 -152 122 -125 -188.5 12.5 -125 -124 122 -125 -156 98 -125 -124 145 -125 -121 122 -125 -156 122 -125 -152 145 -125 135 142 125 135 142 -125 136 142 125 136 142 -125 -121 122 125 -121 122 125 -121 114.4958 -125 -121 114.4958 -125 -106 114.4958 -125 -121 114.4958 125 -121 114.4958 125 -106 114.4958 -125 -142 12.5 125 -142 12.5 125 -142 98 -125 -142 98 -125 -156 98 -125 -142 98 125 -142 98 125 -156 98 -125 -188.5 0 125 -188.5 0 125 -188.5 12.5 -125 -188.5 12.5 -125 188.5 12.5 125 188.5 12.5 125 188.5 0 -125 188.5 0</float_array>
          <technique_common>
            <accessor source="#Mesh2-mesh-positions-array" count="194" stride="3">
              <param name="X" type="float"/>
              <param name="Y" type="float"/>
              <param name="Z" type="float"/>
            </accessor>
          </technique_common>
        </source>
        <source id="Mesh2-mesh-normals">
          <float_array id="Mesh2-mesh-normals-array" count="48">1 0 0 1 -1.82478e-7 0 0 0.9961947 0.08715617 0 0.9961947 0.08715647 0 0 -1 0 1 0 0 0 1 0 -1 0 0 -0.9396924 0.3420208 0 -0.9396924 0.3420208 0 -0.9848077 0.1736491 0 -0.9848079 0.1736478 0 0.9396921 0.3420217 -1 0 0 -1 0 0 -1 0 0</float_array>
          <technique_common>
            <accessor source="#Mesh2-mesh-normals-array" count="16" stride="3">
              <param name="X" type="float"/>
              <param name="Y" type="float"/>
              <param name="Z" type="float"/>
            </accessor>
          </technique_common>
        </source>
        <vertices id="Mesh2-mesh-vertices">
          <input semantic="POSITION" source="#Mesh2-mesh-positions"/>
        </vertices>
        <triangles material="Material_1-material" count="130">
          <input semantic="VERTEX" source="#Mesh2-mesh-vertices" offset="0"/>
          <input semantic="NORMAL" source="#Mesh2-mesh-normals" offset="1"/>
          <p>0 0 1 0 2 0 3 0 1 0 0 0 1 0 4 0 2 0 5 0 1 0 3 0 3 0 0 0 6 0 2 0 4 0 7 0 8 0 1 0 5 0 6 0 9 0 3 0 10 0 7 0 4 0 11 0 2 0 7 0 5 0 12 0 8 0 9 0 13 0 3 0 4 0 14 0 10 0 12 0 15 0 8 0 9 0 16 0 13 0 8 1 15 1 17 1 16 0 9 0 18 0 13 0 16 0 19 0 17 0 15 0 20 0 21 0 8 0 17 0 19 0 16 0 22 0 23 0 13 0 19 0 24 0 20 0 15 0 20 0 25 0 17 0 26 0 21 0 17 0 16 0 27 0 22 0 23 0 28 0 13 0 19 0 29 0 23 0 25 0 20 0 30 0 22 0 27 0 31 0 32 0 23 0 29 0 33 0 22 0 31 0 23 0 32 0 34 0 35 0 34 0 32 0 36 2 37 2 38 2 38 3 39 3 36 3 40 4 41 4 42 4 42 4 43 4 40 4 44 5 45 5 46 5 46 5 47 5 44 5 48 4 49 4 50 4 50 4 51 4 48 4 52 5 53 5 54 5 54 5 55 5 52 5 56 6 57 6 58 6 58 6 59 6 56 6 60 7 61 7 62 7 62 7 63 7 60 7 64 5 65 5 66 5 66 5 67 5 64 5 68 6 69 6 70 6 70 6 71 6 68 6 72 7 73 7 74 7 73 7 72 7 75 7 76 6 77 6 78 6 78 6 79 6 76 6 80 8 81 9 82 10 82 10 83 11 80 8 83 11 82 10 84 7 84 7 85 7 83 11 86 6 87 6 88 6 88 6 89 6 86 6 90 12 91 12 92 12 92 12 93 12 90 12 94 6 95 6 96 6 96 6 97 6 94 6 98 5 99 5 100 5 100 5 101 5 98 5 102 6 103 6 104 6 104 6 105 6 102 6 106 7 107 7 108 7 108 7 109 7 106 7 110 6 111 6 112 6 112 6 113 6 110 6 114 7 115 7 116 7 116 7 117 7 114 7 118 6 119 6 120 6 120 6 121 6 118 6 122 4 123 4 124 4 124 4 125 4 122 4 126 6 127 6 128 6 128 6 129 6 126 6 130 13 131 13 132 13 132 13 131 13 133 13 134 13 133 13 131 13 135 13 132 13 133 13 131 14 136 14 134 14 137 13 132 13 135 13 133 13 138 13 135 13 139 15 134 15 136 15 137 13 140 13 132 13 138 13 133 13 141 13 135 13 138 13 142 13 143 13 134 13 139 13 137 13 144 13 140 13 138 13 145 13 142 13 143 13 146 13 134 13 143 13 139 13 147 13 148 13 144 13 137 13 149 13 145 13 138 13 146 13 143 13 150 13 147 13 151 13 143 13 149 13 152 13 145 13 150 13 153 13 146 13 154 13 151 13 147 13 153 13 150 13 155 13 151 13 154 13 156 13 147 13 157 13 154 13 158 13 155 13 150 13 159 13 151 13 156 13 155 13 158 13 160 13 158 13 150 13 161 13 158 13 162 13 160 13 163 13 155 13 160 13 161 13 164 13 158 13 165 13 162 13 158 13 166 6 167 6 168 6 169 6 168 6 167 6 170 5 171 5 172 5 172 5 173 5 170 5 174 6 175 6 176 6 176 6 177 6 174 6 178 7 179 7 180 7 180 7 181 7 178 7 182 4 183 4 184 4 184 4 185 4 182 4 186 7 187 7 188 7 188 7 189 7 186 7 190 5 191 5 192 5 192 5 193 5 190 5</p>
        </triangles>
      </mesh>
    </geometry>
    <geometry id="Mesh2_008-mesh" name="Mesh2.008">
      <mesh>
        <source id="Mesh2_008-mesh-positions">
          <float_array id="Mesh2_008-mesh-positions-array" count="582">125 137.7349 61.25 125 -142 55.25 125 142 12.5 125 95.9908 87 125 -142 12.5 125 -95.9923 87 125 135.6024 85.62501 125 188.5 0 125 -142 98 125 133.4698 110 125 -188.5 0 125 188.5 12.5 125 -106 114.4958 125 106 114.5 125 -188.5 12.5 125 -121 114.4958 125 154 122 125 -152 122 125 154 110 125 135 142 125 -124 122 125 -156 98 125 136 142 125 107 142 125 -121 122 125 -152 145 125 -156 122 125 160 122 125 106 142 125 135 147.75 125 -124 145 125 160 146.6 125 135 153.5 125 136 146.6 125 107 165 125 135 165 -125 133.4698 110 125 133.4698 110 125 142 12.5 -125 142 12.5 125 154 110 125 133.4698 110 -125 133.4698 110 -125 154 110 -125 154 122 125 154 122 125 154 110 -125 154 110 -125 160 122 125 160 122 125 154 122 -125 154 122 -125 160 146.6 125 160 146.6 125 160 122 -125 160 122 -125 136 146.6 125 136 146.6 125 160 146.6 -125 160 146.6 -125 136 142 125 136 142 125 136 146.6 -125 136 146.6 -125 135 165 125 135 165 125 135 142 -125 135 142 -125 107 165 125 107 165 125 135 165 -125 135 165 -125 107 142 125 107 165 -125 107 165 125 107 142 -125 106 142 125 106 142 125 107 142 -125 107 142 -125 95.9908 87 125 95.9908 87 125 106 114.5 -125 106 114.5 125 106 142 -125 106 142 -125 -95.9923 87 125 -95.9923 87 125 95.9908 87 -125 95.9908 87 -125 -106 114.4958 125 -106 114.4958 125 -95.9923 87 -125 -95.9923 87 125 -124 122 125 -121 122 -125 -121 122 -125 -124 122 -125 -124 145 125 -124 145 125 -124 122 -125 -124 122 -125 -152 145 125 -152 145 125 -124 145 -125 -124 145 125 -152 122 125 -152 145 -125 -152 145 -125 -152 122 125 -156 122 125 -152 122 -125 -152 122 -125 -156 122 -125 -156 98 125 -156 98 125 -156 122 -125 -156 122 125 -188.5 12.5 125 -142 12.5 -125 -142 12.5 -125 -188.5 12.5 125 -188.5 0 -125 -188.5 0 -125 188.5 0 125 188.5 0 125 142 12.5 125 188.5 12.5 -125 188.5 12.5 -125 142 12.5 -125 154 110 -125 133.4698 110 -125 154 122 -125 106 114.5 -125 95.9908 87 -125 135 142 -125 135.6024 85.62501 -125 136 142 -125 107 142 -125 137.7349 61.25 -125 160 122 -125 106 142 -125 135 147.75 -125 -142 55.25 -125 160 146.6 -125 135 153.5 -125 -95.9923 87 -125 142 12.5 -125 136 146.6 -125 107 165 -125 -142 98 -125 -142 12.5 -125 135 165 -125 -106 114.4958 -125 188.5 0 -125 -121 114.4958 -125 -188.5 0 -125 188.5 12.5 -125 -152 122 -125 -188.5 12.5 -125 -124 122 -125 -156 98 -125 -124 145 -125 -121 122 -125 -156 122 -125 -152 145 -125 135 142 125 135 142 -125 136 142 125 136 142 -125 -121 122 125 -121 122 125 -121 114.4958 -125 -121 114.4958 -125 -106 114.4958 -125 -121 114.4958 125 -121 114.4958 125 -106 114.4958 -125 -142 12.5 125 -142 12.5 125 -142 98 -125 -142 98 -125 -156 98 -125 -142 98 125 -142 98 125 -156 98 -125 -188.5 0 125 -188.5 0 125 -188.5 12.5 -125 -188.5 12.5 -125 188.5 12.5 125 188.5 12.5 125 188.5 0 -125 188.5 0</float_array>
          <technique_common>
            <accessor source="#Mesh2_008-mesh-positions-array" count="194" stride="3">
              <param name="X" type="float"/>
              <param name="Y" type="float"/>
              <param name="Z" type="float"/>
            </accessor>
          </technique_common>
        </source>
        <source id="Mesh2_008-mesh-normals">
          <float_array id="Mesh2_008-mesh-normals-array" count="48">1 0 0 1 -1.82478e-7 0 0 0.9961947 0.08715617 0 0.9961947 0.08715647 0 0 -1 0 1 0 0 0 1 0 -1 0 0 -0.9396924 0.3420208 0 -0.9396924 0.3420208 0 -0.9848077 0.1736491 0 -0.9848079 0.1736478 0 0.9396921 0.3420217 -1 0 0 -1 0 0 -1 0 0</float_array>
          <technique_common>
            <accessor source="#Mesh2_008-mesh-normals-array" count="16" stride="3">
              <param name="X" type="float"/>
              <param name="Y" type="float"/>
              <param name="Z" type="float"/>
            </accessor>
          </technique_common>
        </source>
        <vertices id="Mesh2_008-mesh-vertices">
          <input semantic="POSITION" source="#Mesh2_008-mesh-positions"/>
        </vertices>
        <triangles material="Material_1-material" count="130">
          <input semantic="VERTEX" source="#Mesh2_008-mesh-vertices" offset="0"/>
          <input semantic="NORMAL" source="#Mesh2_008-mesh-normals" offset="1"/>
          <p>0 0 1 0 2 0 3 0 1 0 0 0 1 0 4 0 2 0 5 0 1 0 3 0 3 0 0 0 6 0 2 0 4 0 7 0 8 0 1 0 5 0 6 0 9 0 3 0 10 0 7 0 4 0 11 0 2 0 7 0 5 0 12 0 8 0 9 0 13 0 3 0 4 0 14 0 10 0 12 0 15 0 8 0 9 0 16 0 13 0 8 1 15 1 17 1 16 0 9 0 18 0 13 0 16 0 19 0 17 0 15 0 20 0 21 0 8 0 17 0 19 0 16 0 22 0 23 0 13 0 19 0 24 0 20 0 15 0 20 0 25 0 17 0 26 0 21 0 17 0 16 0 27 0 22 0 23 0 28 0 13 0 19 0 29 0 23 0 25 0 20 0 30 0 22 0 27 0 31 0 32 0 23 0 29 0 33 0 22 0 31 0 23 0 32 0 34 0 35 0 34 0 32 0 36 2 37 2 38 2 38 3 39 3 36 3 40 4 41 4 42 4 42 4 43 4 40 4 44 5 45 5 46 5 46 5 47 5 44 5 48 4 49 4 50 4 50 4 51 4 48 4 52 5 53 5 54 5 54 5 55 5 52 5 56 6 57 6 58 6 58 6 59 6 56 6 60 7 61 7 62 7 62 7 63 7 60 7 64 5 65 5 66 5 66 5 67 5 64 5 68 6 69 6 70 6 70 6 71 6 68 6 72 7 73 7 74 7 73 7 72 7 75 7 76 6 77 6 78 6 78 6 79 6 76 6 80 8 81 9 82 10 82 10 83 11 80 8 83 11 82 10 84 7 84 7 85 7 83 11 86 6 87 6 88 6 88 6 89 6 86 6 90 12 91 12 92 12 92 12 93 12 90 12 94 6 95 6 96 6 96 6 97 6 94 6 98 5 99 5 100 5 100 5 101 5 98 5 102 6 103 6 104 6 104 6 105 6 102 6 106 7 107 7 108 7 108 7 109 7 106 7 110 6 111 6 112 6 112 6 113 6 110 6 114 7 115 7 116 7 116 7 117 7 114 7 118 6 119 6 120 6 120 6 121 6 118 6 122 4 123 4 124 4 124 4 125 4 122 4 126 6 127 6 128 6 128 6 129 6 126 6 130 13 131 13 132 13 132 13 131 13 133 13 134 13 133 13 131 13 135 13 132 13 133 13 131 14 136 14 134 14 137 13 132 13 135 13 133 13 138 13 135 13 139 15 134 15 136 15 137 13 140 13 132 13 138 13 133 13 141 13 135 13 138 13 142 13 143 13 134 13 139 13 137 13 144 13 140 13 138 13 145 13 142 13 143 13 146 13 134 13 143 13 139 13 147 13 148 13 144 13 137 13 149 13 145 13 138 13 146 13 143 13 150 13 147 13 151 13 143 13 149 13 152 13 145 13 150 13 153 13 146 13 154 13 151 13 147 13 153 13 150 13 155 13 151 13 154 13 156 13 147 13 157 13 154 13 158 13 155 13 150 13 159 13 151 13 156 13 155 13 158 13 160 13 158 13 150 13 161 13 158 13 162 13 160 13 163 13 155 13 160 13 161 13 164 13 158 13 165 13 162 13 158 13 166 6 167 6 168 6 169 6 168 6 167 6 170 5 171 5 172 5 172 5 173 5 170 5 174 6 175 6 176 6 176 6 177 6 174 6 178 7 179 7 180 7 180 7 181 7 178 7 182 4 183 4 184 4 184 4 185 4 182 4 186 7 187 7 188 7 188 7 189 7 186 7 190 5 191 5 192 5 192 5 193 5 190 5</p>
        </triangles>
      </mesh>
    </geometry>
    <geometry id="Mesh2_007-mesh" name="Mesh2.007">
      <mesh>
        <source id="Mesh2_007-mesh-positions">
          <float_array id="Mesh2_007-mesh-positions-array" count="582">125 137.7349 61.25 125 -142 55.25 125 142 12.5 125 95.9908 87 125 -142 12.5 125 -95.9923 87 125 135.6024 85.62501 125 188.5 0 125 -142 98 125 133.4698 110 125 -188.5 0 125 188.5 12.5 125 -106 114.4958 125 106 114.5 125 -188.5 12.5 125 -121 114.4958 125 154 122 125 -152 122 125 154 110 125 135 142 125 -124 122 125 -156 98 125 136 142 125 107 142 125 -121 122 125 -152 145 125 -156 122 125 160 122 125 106 142 125 135 147.75 125 -124 145 125 160 146.6 125 135 153.5 125 136 146.6 125 107 165 125 135 165 -125 133.4698 110 125 133.4698 110 125 142 12.5 -125 142 12.5 125 154 110 125 133.4698 110 -125 133.4698 110 -125 154 110 -125 154 122 125 154 122 125 154 110 -125 154 110 -125 160 122 125 160 122 125 154 122 -125 154 122 -125 160 146.6 125 160 146.6 125 160 122 -125 160 122 -125 136 146.6 125 136 146.6 125 160 146.6 -125 160 146.6 -125 136 142 125 136 142 125 136 146.6 -125 136 146.6 -125 135 165 125 135 165 125 135 142 -125 135 142 -125 107 165 125 107 165 125 135 165 -125 135 165 -125 107 142 125 107 165 -125 107 165 125 107 142 -125 106 142 125 106 142 125 107 142 -125 107 142 -125 95.9908 87 125 95.9908 87 125 106 114.5 -125 106 114.5 125 106 142 -125 106 142 -125 -95.9923 87 125 -95.9923 87 125 95.9908 87 -125 95.9908 87 -125 -106 114.4958 125 -106 114.4958 125 -95.9923 87 -125 -95.9923 87 125 -124 122 125 -121 122 -125 -121 122 -125 -124 122 -125 -124 145 125 -124 145 125 -124 122 -125 -124 122 -125 -152 145 125 -152 145 125 -124 145 -125 -124 145 125 -152 122 125 -152 145 -125 -152 145 -125 -152 122 125 -156 122 125 -152 122 -125 -152 122 -125 -156 122 -125 -156 98 125 -156 98 125 -156 122 -125 -156 122 125 -188.5 12.5 125 -142 12.5 -125 -142 12.5 -125 -188.5 12.5 125 -188.5 0 -125 -188.5 0 -125 188.5 0 125 188.5 0 125 142 12.5 125 188.5 12.5 -125 188.5 12.5 -125 142 12.5 -125 154 110 -125 133.4698 110 -125 154 122 -125 106 114.5 -125 95.9908 87 -125 135 142 -125 135.6024 85.62501 -125 136 142 -125 107 142 -125 137.7349 61.25 -125 160 122 -125 106 142 -125 135 147.75 -125 -142 55.25 -125 160 146.6 -125 135 153.5 -125 -95.9923 87 -125 142 12.5 -125 136 146.6 -125 107 165 -125 -142 98 -125 -142 12.5 -125 135 165 -125 -106 114.4958 -125 188.5 0 -125 -121 114.4958 -125 -188.5 0 -125 188.5 12.5 -125 -152 122 -125 -188.5 12.5 -125 -124 122 -125 -156 98 -125 -124 145 -125 -121 122 -125 -156 122 -125 -152 145 -125 135 142 125 135 142 -125 136 142 125 136 142 -125 -121 122 125 -121 122 125 -121 114.4958 -125 -121 114.4958 -125 -106 114.4958 -125 -121 114.4958 125 -121 114.4958 125 -106 114.4958 -125 -142 12.5 125 -142 12.5 125 -142 98 -125 -142 98 -125 -156 98 -125 -142 98 125 -142 98 125 -156 98 -125 -188.5 0 125 -188.5 0 125 -188.5 12.5 -125 -188.5 12.5 -125 188.5 12.5 125 188.5 12.5 125 188.5 0 -125 188.5 0</float_array>
          <technique_common>
            <accessor source="#Mesh2_007-mesh-positions-array" count="194" stride="3">
              <param name="X" type="float"/>
              <param name="Y" type="float"/>
              <param name="Z" type="float"/>
            </accessor>
          </technique_common>
        </source>
        <source id="Mesh2_007-mesh-normals">
          <float_array id="Mesh2_007-mesh-normals-array" count="48">1 0 0 1 -1.82478e-7 0 0 0.9961947 0.08715617 0 0.9961947 0.08715647 0 0 -1 0 1 0 0 0 1 0 -1 0 0 -0.9396924 0.3420208 0 -0.9396924 0.3420208 0 -0.9848077 0.1736491 0 -0.9848079 0.1736478 0 0.9396921 0.3420217 -1 0 0 -1 0 0 -1 0 0</float_array>
          <technique_common>
            <accessor source="#Mesh2_007-mesh-normals-array" count="16" stride="3">
              <param name="X" type="float"/>
              <param name="Y" type="float"/>
              <param name="Z" type="float"/>
            </accessor>
          </technique_common>
        </source>
        <vertices id="Mesh2_007-mesh-vertices">
          <input semantic="POSITION" source="#Mesh2_007-mesh-positions"/>
        </vertices>
        <triangles material="Material_1-material" count="130">
          <input semantic="VERTEX" source="#Mesh2_007-mesh-vertices" offset="0"/>
          <input semantic="NORMAL" source="#Mesh2_007-mesh-normals" offset="1"/>
          <p>0 0 1 0 2 0 3 0 1 0 0 0 1 0 4 0 2 0 5 0 1 0 3 0 3 0 0 0 6 0 2 0 4 0 7 0 8 0 1 0 5 0 6 0 9 0 3 0 10 0 7 0 4 0 11 0 2 0 7 0 5 0 12 0 8 0 9 0 13 0 3 0 4 0 14 0 10 0 12 0 15 0 8 0 9 0 16 0 13 0 8 1 15 1 17 1 16 0 9 0 18 0 13 0 16 0 19 0 17 0 15 0 20 0 21 0 8 0 17 0 19 0 16 0 22 0 23 0 13 0 19 0 24 0 20 0 15 0 20 0 25 0 17 0 26 0 21 0 17 0 16 0 27 0 22 0 23 0 28 0 13 0 19 0 29 0 23 0 25 0 20 0 30 0 22 0 27 0 31 0 32 0 23 0 29 0 33 0 22 0 31 0 23 0 32 0 34 0 35 0 34 0 32 0 36 2 37 2 38 2 38 3 39 3 36 3 40 4 41 4 42 4 42 4 43 4 40 4 44 5 45 5 46 5 46 5 47 5 44 5 48 4 49 4 50 4 50 4 51 4 48 4 52 5 53 5 54 5 54 5 55 5 52 5 56 6 57 6 58 6 58 6 59 6 56 6 60 7 61 7 62 7 62 7 63 7 60 7 64 5 65 5 66 5 66 5 67 5 64 5 68 6 69 6 70 6 70 6 71 6 68 6 72 7 73 7 74 7 73 7 72 7 75 7 76 6 77 6 78 6 78 6 79 6 76 6 80 8 81 9 82 10 82 10 83 11 80 8 83 11 82 10 84 7 84 7 85 7 83 11 86 6 87 6 88 6 88 6 89 6 86 6 90 12 91 12 92 12 92 12 93 12 90 12 94 6 95 6 96 6 96 6 97 6 94 6 98 5 99 5 100 5 100 5 101 5 98 5 102 6 103 6 104 6 104 6 105 6 102 6 106 7 107 7 108 7 108 7 109 7 106 7 110 6 111 6 112 6 112 6 113 6 110 6 114 7 115 7 116 7 116 7 117 7 114 7 118 6 119 6 120 6 120 6 121 6 118 6 122 4 123 4 124 4 124 4 125 4 122 4 126 6 127 6 128 6 128 6 129 6 126 6 130 13 131 13 132 13 132 13 131 13 133 13 134 13 133 13 131 13 135 13 132 13 133 13 131 14 136 14 134 14 137 13 132 13 135 13 133 13 138 13 135 13 139 15 134 15 136 15 137 13 140 13 132 13 138 13 133 13 141 13 135 13 138 13 142 13 143 13 134 13 139 13 137 13 144 13 140 13 138 13 145 13 142 13 143 13 146 13 134 13 143 13 139 13 147 13 148 13 144 13 137 13 149 13 145 13 138 13 146 13 143 13 150 13 147 13 151 13 143 13 149 13 152 13 145 13 150 13 153 13 146 13 154 13 151 13 147 13 153 13 150 13 155 13 151 13 154 13 156 13 147 13 157 13 154 13 158 13 155 13 150 13 159 13 151 13 156 13 155 13 158 13 160 13 158 13 150 13 161 13 158 13 162 13 160 13 163 13 155 13 160 13 161 13 164 13 158 13 165 13 162 13 158 13 166 6 167 6 168 6 169 6 168 6 167 6 170 5 171 5 172 5 172 5 173 5 170 5 174 6 175 6 176 6 176 6 177 6 174 6 178 7 179 7 180 7 180 7 181 7 178 7 182 4 183 4 184 4 184 4 185 4 182 4 186 7 187 7 188 7 188 7 189 7 186 7 190 5 191 5 192 5 192 5 193 5 190 5</p>
        </triangles>
      </mesh>
    </geometry>
    <geometry id="Mesh2_006-mesh" name="Mesh2.006">
      <mesh>
        <source id="Mesh2_006-mesh-positions">
          <float_array id="Mesh2_006-mesh-positions-array" count="582">125 137.7349 61.25 125 -142 55.25 125 142 12.5 125 95.9908 87 125 -142 12.5 125 -95.9923 87 125 135.6024 85.62501 125 188.5 0 125 -142 98 125 133.4698 110 125 -188.5 0 125 188.5 12.5 125 -106 114.4958 125 106 114.5 125 -188.5 12.5 125 -121 114.4958 125 154 122 125 -152 122 125 154 110 125 135 142 125 -124 122 125 -156 98 125 136 142 125 107 142 125 -121 122 125 -152 145 125 -156 122 125 160 122 125 106 142 125 135 147.75 125 -124 145 125 160 146.6 125 135 153.5 125 136 146.6 125 107 165 125 135 165 -125 133.4698 110 125 133.4698 110 125 142 12.5 -125 142 12.5 125 154 110 125 133.4698 110 -125 133.4698 110 -125 154 110 -125 154 122 125 154 122 125 154 110 -125 154 110 -125 160 122 125 160 122 125 154 122 -125 154 122 -125 160 146.6 125 160 146.6 125 160 122 -125 160 122 -125 136 146.6 125 136 146.6 125 160 146.6 -125 160 146.6 -125 136 142 125 136 142 125 136 146.6 -125 136 146.6 -125 135 165 125 135 165 125 135 142 -125 135 142 -125 107 165 125 107 165 125 135 165 -125 135 165 -125 107 142 125 107 165 -125 107 165 125 107 142 -125 106 142 125 106 142 125 107 142 -125 107 142 -125 95.9908 87 125 95.9908 87 125 106 114.5 -125 106 114.5 125 106 142 -125 106 142 -125 -95.9923 87 125 -95.9923 87 125 95.9908 87 -125 95.9908 87 -125 -106 114.4958 125 -106 114.4958 125 -95.9923 87 -125 -95.9923 87 125 -124 122 125 -121 122 -125 -121 122 -125 -124 122 -125 -124 145 125 -124 145 125 -124 122 -125 -124 122 -125 -152 145 125 -152 145 125 -124 145 -125 -124 145 125 -152 122 125 -152 145 -125 -152 145 -125 -152 122 125 -156 122 125 -152 122 -125 -152 122 -125 -156 122 -125 -156 98 125 -156 98 125 -156 122 -125 -156 122 125 -188.5 12.5 125 -142 12.5 -125 -142 12.5 -125 -188.5 12.5 125 -188.5 0 -125 -188.5 0 -125 188.5 0 125 188.5 0 125 142 12.5 125 188.5 12.5 -125 188.5 12.5 -125 142 12.5 -125 154 110 -125 133.4698 110 -125 154 122 -125 106 114.5 -125 95.9908 87 -125 135 142 -125 135.6024 85.62501 -125 136 142 -125 107 142 -125 137.7349 61.25 -125 160 122 -125 106 142 -125 135 147.75 -125 -142 55.25 -125 160 146.6 -125 135 153.5 -125 -95.9923 87 -125 142 12.5 -125 136 146.6 -125 107 165 -125 -142 98 -125 -142 12.5 -125 135 165 -125 -106 114.4958 -125 188.5 0 -125 -121 114.4958 -125 -188.5 0 -125 188.5 12.5 -125 -152 122 -125 -188.5 12.5 -125 -124 122 -125 -156 98 -125 -124 145 -125 -121 122 -125 -156 122 -125 -152 145 -125 135 142 125 135 142 -125 136 142 125 136 142 -125 -121 122 125 -121 122 125 -121 114.4958 -125 -121 114.4958 -125 -106 114.4958 -125 -121 114.4958 125 -121 114.4958 125 -106 114.4958 -125 -142 12.5 125 -142 12.5 125 -142 98 -125 -142 98 -125 -156 98 -125 -142 98 125 -142 98 125 -156 98 -125 -188.5 0 125 -188.5 0 125 -188.5 12.5 -125 -188.5 12.5 -125 188.5 12.5 125 188.5 12.5 125 188.5 0 -125 188.5 0</float_array>
          <technique_common>
            <accessor source="#Mesh2_006-mesh-positions-array" count="194" stride="3">
              <param name="X" type="float"/>
              <param name="Y" type="float"/>
              <param name="Z" type="float"/>
            </accessor>
          </technique_common>
        </source>
        <source id="Mesh2_006-mesh-normals">
          <float_array id="Mesh2_006-mesh-normals-array" count="48">1 0 0 1 -1.82478e-7 0 0 0.9961947 0.08715617 0 0.9961947 0.08715647 0 0 -1 0 1 0 0 0 1 0 -1 0 0 -0.9396924 0.3420208 0 -0.9396924 0.3420208 0 -0.9848077 0.1736491 0 -0.9848079 0.1736478 0 0.9396921 0.3420217 -1 0 0 -1 0 0 -1 0 0</float_array>
          <technique_common>
            <accessor source="#Mesh2_006-mesh-normals-array" count="16" stride="3">
              <param name="X" type="float"/>
              <param name="Y" type="float"/>
              <param name="Z" type="float"/>
            </accessor>
          </technique_common>
        </source>
        <vertices id="Mesh2_006-mesh-vertices">
          <input semantic="POSITION" source="#Mesh2_006-mesh-positions"/>
        </vertices>
        <triangles material="Material_1-material" count="130">
          <input semantic="VERTEX" source="#Mesh2_006-mesh-vertices" offset="0"/>
          <input semantic="NORMAL" source="#Mesh2_006-mesh-normals" offset="1"/>
          <p>0 0 1 0 2 0 3 0 1 0 0 0 1 0 4 0 2 0 5 0 1 0 3 0 3 0 0 0 6 0 2 0 4 0 7 0 8 0 1 0 5 0 6 0 9 0 3 0 10 0 7 0 4 0 11 0 2 0 7 0 5 0 12 0 8 0 9 0 13 0 3 0 4 0 14 0 10 0 12 0 15 0 8 0 9 0 16 0 13 0 8 1 15 1 17 1 16 0 9 0 18 0 13 0 16 0 19 0 17 0 15 0 20 0 21 0 8 0 17 0 19 0 16 0 22 0 23 0 13 0 19 0 24 0 20 0 15 0 20 0 25 0 17 0 26 0 21 0 17 0 16 0 27 0 22 0 23 0 28 0 13 0 19 0 29 0 23 0 25 0 20 0 30 0 22 0 27 0 31 0 32 0 23 0 29 0 33 0 22 0 31 0 23 0 32 0 34 0 35 0 34 0 32 0 36 2 37 2 38 2 38 3 39 3 36 3 40 4 41 4 42 4 42 4 43 4 40 4 44 5 45 5 46 5 46 5 47 5 44 5 48 4 49 4 50 4 50 4 51 4 48 4 52 5 53 5 54 5 54 5 55 5 52 5 56 6 57 6 58 6 58 6 59 6 56 6 60 7 61 7 62 7 62 7 63 7 60 7 64 5 65 5 66 5 66 5 67 5 64 5 68 6 69 6 70 6 70 6 71 6 68 6 72 7 73 7 74 7 73 7 72 7 75 7 76 6 77 6 78 6 78 6 79 6 76 6 80 8 81 9 82 10 82 10 83 11 80 8 83 11 82 10 84 7 84 7 85 7 83 11 86 6 87 6 88 6 88 6 89 6 86 6 90 12 91 12 92 12 92 12 93 12 90 12 94 6 95 6 96 6 96 6 97 6 94 6 98 5 99 5 100 5 100 5 101 5 98 5 102 6 103 6 104 6 104 6 105 6 102 6 106 7 107 7 108 7 108 7 109 7 106 7 110 6 111 6 112 6 112 6 113 6 110 6 114 7 115 7 116 7 116 7 117 7 114 7 118 6 119 6 120 6 120 6 121 6 118 6 122 4 123 4 124 4 124 4 125 4 122 4 126 6 127 6 128 6 128 6 129 6 126 6 130 13 131 13 132 13 132 13 131 13 133 13 134 13 133 13 131 13 135 13 132 13 133 13 131 14 136 14 134 14 137 13 132 13 135 13 133 13 138 13 135 13 139 15 134 15 136 15 137 13 140 13 132 13 138 13 133 13 141 13 135 13 138 13 142 13 143 13 134 13 139 13 137 13 144 13 140 13 138 13 145 13 142 13 143 13 146 13 134 13 143 13 139 13 147 13 148 13 144 13 137 13 149 13 145 13 138 13 146 13 143 13 150 13 147 13 151 13 143 13 149 13 152 13 145 13 150 13 153 13 146 13 154 13 151 13 147 13 153 13 150 13 155 13 151 13 154 13 156 13 147 13 157 13 154 13 158 13 155 13 150 13 159 13 151 13 156 13 155 13 158 13 160 13 158 13 150 13 161 13 158 13 162 13 160 13 163 13 155 13 160 13 161 13 164 13 158 13 165 13 162 13 158 13 166 6 167 6 168 6 169 6 168 6 167 6 170 5 171 5 172 5 172 5 173 5 170 5 174 6 175 6 176 6 176 6 177 6 174 6 178 7 179 7 180 7 180 7 181 7 178 7 182 4 183 4 184 4 184 4 185 4 182 4 186 7 187 7 188 7 188 7 189 7 186 7 190 5 191 5 192 5 192 5 193 5 190 5</p>
        </triangles>
      </mesh>
    </geometry>
    <geometry id="Mesh2_005-mesh" name="Mesh2.005">
      <mesh>
        <source id="Mesh2_005-mesh-positions">
          <float_array id="Mesh2_005-mesh-positions-array" count="582">125 137.7349 61.25 125 -142 55.25 125 142 12.5 125 95.9908 87 125 -142 12.5 125 -95.9923 87 125 135.6024 85.62501 125 188.5 0 125 -142 98 125 133.4698 110 125 -188.5 0 125 188.5 12.5 125 -106 114.4958 125 106 114.5 125 -188.5 12.5 125 -121 114.4958 125 154 122 125 -152 122 125 154 110 125 135 142 125 -124 122 125 -156 98 125 136 142 125 107 142 125 -121 122 125 -152 145 125 -156 122 125 160 122 125 106 142 125 135 147.75 125 -124 145 125 160 146.6 125 135 153.5 125 136 146.6 125 107 165 125 135 165 -125 133.4698 110 125 133.4698 110 125 142 12.5 -125 142 12.5 125 154 110 125 133.4698 110 -125 133.4698 110 -125 154 110 -125 154 122 125 154 122 125 154 110 -125 154 110 -125 160 122 125 160 122 125 154 122 -125 154 122 -125 160 146.6 125 160 146.6 125 160 122 -125 160 122 -125 136 146.6 125 136 146.6 125 160 146.6 -125 160 146.6 -125 136 142 125 136 142 125 136 146.6 -125 136 146.6 -125 135 165 125 135 165 125 135 142 -125 135 142 -125 107 165 125 107 165 125 135 165 -125 135 165 -125 107 142 125 107 165 -125 107 165 125 107 142 -125 106 142 125 106 142 125 107 142 -125 107 142 -125 95.9908 87 125 95.9908 87 125 106 114.5 -125 106 114.5 125 106 142 -125 106 142 -125 -95.9923 87 125 -95.9923 87 125 95.9908 87 -125 95.9908 87 -125 -106 114.4958 125 -106 114.4958 125 -95.9923 87 -125 -95.9923 87 125 -124 122 125 -121 122 -125 -121 122 -125 -124 122 -125 -124 145 125 -124 145 125 -124 122 -125 -124 122 -125 -152 145 125 -152 145 125 -124 145 -125 -124 145 125 -152 122 125 -152 145 -125 -152 145 -125 -152 122 125 -156 122 125 -152 122 -125 -152 122 -125 -156 122 -125 -156 98 125 -156 98 125 -156 122 -125 -156 122 125 -188.5 12.5 125 -142 12.5 -125 -142 12.5 -125 -188.5 12.5 125 -188.5 0 -125 -188.5 0 -125 188.5 0 125 188.5 0 125 142 12.5 125 188.5 12.5 -125 188.5 12.5 -125 142 12.5 -125 154 110 -125 133.4698 110 -125 154 122 -125 106 114.5 -125 95.9908 87 -125 135 142 -125 135.6024 85.62501 -125 136 142 -125 107 142 -125 137.7349 61.25 -125 160 122 -125 106 142 -125 135 147.75 -125 -142 55.25 -125 160 146.6 -125 135 153.5 -125 -95.9923 87 -125 142 12.5 -125 136 146.6 -125 107 165 -125 -142 98 -125 -142 12.5 -125 135 165 -125 -106 114.4958 -125 188.5 0 -125 -121 114.4958 -125 -188.5 0 -125 188.5 12.5 -125 -152 122 -125 -188.5 12.5 -125 -124 122 -125 -156 98 -125 -124 145 -125 -121 122 -125 -156 122 -125 -152 145 -125 135 142 125 135 142 -125 136 142 125 136 142 -125 -121 122 125 -121 122 125 -121 114.4958 -125 -121 114.4958 -125 -106 114.4958 -125 -121 114.4958 125 -121 114.4958 125 -106 114.4958 -125 -142 12.5 125 -142 12.5 125 -142 98 -125 -142 98 -125 -156 98 -125 -142 98 125 -142 98 125 -156 98 -125 -188.5 0 125 -188.5 0 125 -188.5 12.5 -125 -188.5 12.5 -125 188.5 12.5 125 188.5 12.5 125 188.5 0 -125 188.5 0</float_array>
          <technique_common>
            <accessor source="#Mesh2_005-mesh-positions-array" count="194" stride="3">
              <param name="X" type="float"/>
              <param name="Y" type="float"/>
              <param name="Z" type="float"/>
            </accessor>
          </technique_common>
        </source>
        <source id="Mesh2_005-mesh-normals">
          <float_array id="Mesh2_005-mesh-normals-array" count="48">1 0 0 1 -1.82478e-7 0 0 0.9961947 0.08715617 0 0.9961947 0.08715647 0 0 -1 0 1 0 0 0 1 0 -1 0 0 -0.9396924 0.3420208 0 -0.9396924 0.3420208 0 -0.9848077 0.1736491 0 -0.9848079 0.1736478 0 0.9396921 0.3420217 -1 0 0 -1 0 0 -1 0 0</float_array>
          <technique_common>
            <accessor source="#Mesh2_005-mesh-normals-array" count="16" stride="3">
              <param name="X" type="float"/>
              <param name="Y" type="float"/>
              <param name="Z" type="float"/>
            </accessor>
          </technique_common>
        </source>
        <vertices id="Mesh2_005-mesh-vertices">
          <input semantic="POSITION" source="#Mesh2_005-mesh-positions"/>
        </vertices>
        <triangles material="Material_1-material" count="130">
          <input semantic="VERTEX" source="#Mesh2_005-mesh-vertices" offset="0"/>
          <input semantic="NORMAL" source="#Mesh2_005-mesh-normals" offset="1"/>
          <p>0 0 1 0 2 0 3 0 1 0 0 0 1 0 4 0 2 0 5 0 1 0 3 0 3 0 0 0 6 0 2 0 4 0 7 0 8 0 1 0 5 0 6 0 9 0 3 0 10 0 7 0 4 0 11 0 2 0 7 0 5 0 12 0 8 0 9 0 13 0 3 0 4 0 14 0 10 0 12 0 15 0 8 0 9 0 16 0 13 0 8 1 15 1 17 1 16 0 9 0 18 0 13 0 16 0 19 0 17 0 15 0 20 0 21 0 8 0 17 0 19 0 16 0 22 0 23 0 13 0 19 0 24 0 20 0 15 0 20 0 25 0 17 0 26 0 21 0 17 0 16 0 27 0 22 0 23 0 28 0 13 0 19 0 29 0 23 0 25 0 20 0 30 0 22 0 27 0 31 0 32 0 23 0 29 0 33 0 22 0 31 0 23 0 32 0 34 0 35 0 34 0 32 0 36 2 37 2 38 2 38 3 39 3 36 3 40 4 41 4 42 4 42 4 43 4 40 4 44 5 45 5 46 5 46 5 47 5 44 5 48 4 49 4 50 4 50 4 51 4 48 4 52 5 53 5 54 5 54 5 55 5 52 5 56 6 57 6 58 6 58 6 59 6 56 6 60 7 61 7 62 7 62 7 63 7 60 7 64 5 65 5 66 5 66 5 67 5 64 5 68 6 69 6 70 6 70 6 71 6 68 6 72 7 73 7 74 7 73 7 72 7 75 7 76 6 77 6 78 6 78 6 79 6 76 6 80 8 81 9 82 10 82 10 83 11 80 8 83 11 82 10 84 7 84 7 85 7 83 11 86 6 87 6 88 6 88 6 89 6 86 6 90 12 91 12 92 12 92 12 93 12 90 12 94 6 95 6 96 6 96 6 97 6 94 6 98 5 99 5 100 5 100 5 101 5 98 5 102 6 103 6 104 6 104 6 105 6 102 6 106 7 107 7 108 7 108 7 109 7 106 7 110 6 111 6 112 6 112 6 113 6 110 6 114 7 115 7 116 7 116 7 117 7 114 7 118 6 119 6 120 6 120 6 121 6 118 6 122 4 123 4 124 4 124 4 125 4 122 4 126 6 127 6 128 6 128 6 129 6 126 6 130 13 131 13 132 13 132 13 131 13 133 13 134 13 133 13 131 13 135 13 132 13 133 13 131 14 136 14 134 14 137 13 132 13 135 13 133 13 138 13 135 13 139 15 134 15 136 15 137 13 140 13 132 13 138 13 133 13 141 13 135 13 138 13 142 13 143 13 134 13 139 13 137 13 144 13 140 13 138 13 145 13 142 13 143 13 146 13 134 13 143 13 139 13 147 13 148 13 144 13 137 13 149 13 145 13 138 13 146 13 143 13 150 13 147 13 151 13 143 13 149 13 152 13 145 13 150 13 153 13 146 13 154 13 151 13 147 13 153 13 150 13 155 13 151 13 154 13 156 13 147 13 157 13 154 13 158 13 155 13 150 13 159 13 151 13 156 13 155 13 158 13 160 13 158 13 150 13 161 13 158 13 162 13 160 13 163 13 155 13 160 13 161 13 164 13 158 13 165 13 162 13 158 13 166 6 167 6 168 6 169 6 168 6 167 6 170 5 171 5 172 5 172 5 173 5 170 5 174 6 175 6 176 6 176 6 177 6 174 6 178 7 179 7 180 7 180 7 181 7 178 7 182 4 183 4 184 4 184 4 185 4 182 4 186 7 187 7 188 7 188 7 189 7 186 7 190 5 191 5 192 5 192 5 193 5 190 5</p>
        </triangles>
      </mesh>
    </geometry>
    <geometry id="Mesh2_004-mesh" name="Mesh2.004">
      <mesh>
        <source id="Mesh2_004-mesh-positions">
          <float_array id="Mesh2_004-mesh-positions-array" count="582">125 137.7349 61.25 125 -142 55.25 125 142 12.5 125 95.9908 87 125 -142 12.5 125 -95.9923 87 125 135.6024 85.62501 125 188.5 0 125 -142 98 125 133.4698 110 125 -188.5 0 125 188.5 12.5 125 -106 114.4958 125 106 114.5 125 -188.5 12.5 125 -121 114.4958 125 154 122 125 -152 122 125 154 110 125 135 142 125 -124 122 125 -156 98 125 136 142 125 107 142 125 -121 122 125 -152 145 125 -156 122 125 160 122 125 106 142 125 135 147.75 125 -124 145 125 160 146.6 125 135 153.5 125 136 146.6 125 107 165 125 135 165 -125 133.4698 110 125 133.4698 110 125 142 12.5 -125 142 12.5 125 154 110 125 133.4698 110 -125 133.4698 110 -125 154 110 -125 154 122 125 154 122 125 154 110 -125 154 110 -125 160 122 125 160 122 125 154 122 -125 154 122 -125 160 146.6 125 160 146.6 125 160 122 -125 160 122 -125 136 146.6 125 136 146.6 125 160 146.6 -125 160 146.6 -125 136 142 125 136 142 125 136 146.6 -125 136 146.6 -125 135 165 125 135 165 125 135 142 -125 135 142 -125 107 165 125 107 165 125 135 165 -125 135 165 -125 107 142 125 107 165 -125 107 165 125 107 142 -125 106 142 125 106 142 125 107 142 -125 107 142 -125 95.9908 87 125 95.9908 87 125 106 114.5 -125 106 114.5 125 106 142 -125 106 142 -125 -95.9923 87 125 -95.9923 87 125 95.9908 87 -125 95.9908 87 -125 -106 114.4958 125 -106 114.4958 125 -95.9923 87 -125 -95.9923 87 125 -124 122 125 -121 122 -125 -121 122 -125 -124 122 -125 -124 145 125 -124 145 125 -124 122 -125 -124 122 -125 -152 145 125 -152 145 125 -124 145 -125 -124 145 125 -152 122 125 -152 145 -125 -152 145 -125 -152 122 125 -156 122 125 -152 122 -125 -152 122 -125 -156 122 -125 -156 98 125 -156 98 125 -156 122 -125 -156 122 125 -188.5 12.5 125 -142 12.5 -125 -142 12.5 -125 -188.5 12.5 125 -188.5 0 -125 -188.5 0 -125 188.5 0 125 188.5 0 125 142 12.5 125 188.5 12.5 -125 188.5 12.5 -125 142 12.5 -125 154 110 -125 133.4698 110 -125 154 122 -125 106 114.5 -125 95.9908 87 -125 135 142 -125 135.6024 85.62501 -125 136 142 -125 107 142 -125 137.7349 61.25 -125 160 122 -125 106 142 -125 135 147.75 -125 -142 55.25 -125 160 146.6 -125 135 153.5 -125 -95.9923 87 -125 142 12.5 -125 136 146.6 -125 107 165 -125 -142 98 -125 -142 12.5 -125 135 165 -125 -106 114.4958 -125 188.5 0 -125 -121 114.4958 -125 -188.5 0 -125 188.5 12.5 -125 -152 122 -125 -188.5 12.5 -125 -124 122 -125 -156 98 -125 -124 145 -125 -121 122 -125 -156 122 -125 -152 145 -125 135 142 125 135 142 -125 136 142 125 136 142 -125 -121 122 125 -121 122 125 -121 114.4958 -125 -121 114.4958 -125 -106 114.4958 -125 -121 114.4958 125 -121 114.4958 125 -106 114.4958 -125 -142 12.5 125 -142 12.5 125 -142 98 -125 -142 98 -125 -156 98 -125 -142 98 125 -142 98 125 -156 98 -125 -188.5 0 125 -188.5 0 125 -188.5 12.5 -125 -188.5 12.5 -125 188.5 12.5 125 188.5 12.5 125 188.5 0 -125 188.5 0</float_array>
          <technique_common>
            <accessor source="#Mesh2_004-mesh-positions-array" count="194" stride="3">
              <param name="X" type="float"/>
              <param name="Y" type="float"/>
              <param name="Z" type="float"/>
            </accessor>
          </technique_common>
        </source>
        <source id="Mesh2_004-mesh-normals">
          <float_array id="Mesh2_004-mesh-normals-array" count="48">1 0 0 1 -1.82478e-7 0 0 0.9961947 0.08715617 0 0.9961947 0.08715647 0 0 -1 0 1 0 0 0 1 0 -1 0 0 -0.9396924 0.3420208 0 -0.9396924 0.3420208 0 -0.9848077 0.1736491 0 -0.9848079 0.1736478 0 0.9396921 0.3420217 -1 0 0 -1 0 0 -1 0 0</float_array>
          <technique_common>
            <accessor source="#Mesh2_004-mesh-normals-array" count="16" stride="3">
              <param name="X" type="float"/>
              <param name="Y" type="float"/>
              <param name="Z" type="float"/>
            </accessor>
          </technique_common>
        </source>
        <vertices id="Mesh2_004-mesh-vertices">
          <input semantic="POSITION" source="#Mesh2_004-mesh-positions"/>
        </vertices>
        <triangles material="Material_1-material" count="130">
          <input semantic="VERTEX" source="#Mesh2_004-mesh-vertices" offset="0"/>
          <input semantic="NORMAL" source="#Mesh2_004-mesh-normals" offset="1"/>
          <p>0 0 1 0 2 0 3 0 1 0 0 0 1 0 4 0 2 0 5 0 1 0 3 0 3 0 0 0 6 0 2 0 4 0 7 0 8 0 1 0 5 0 6 0 9 0 3 0 10 0 7 0 4 0 11 0 2 0 7 0 5 0 12 0 8 0 9 0 13 0 3 0 4 0 14 0 10 0 12 0 15 0 8 0 9 0 16 0 13 0 8 1 15 1 17 1 16 0 9 0 18 0 13 0 16 0 19 0 17 0 15 0 20 0 21 0 8 0 17 0 19 0 16 0 22 0 23 0 13 0 19 0 24 0 20 0 15 0 20 0 25 0 17 0 26 0 21 0 17 0 16 0 27 0 22 0 23 0 28 0 13 0 19 0 29 0 23 0 25 0 20 0 30 0 22 0 27 0 31 0 32 0 23 0 29 0 33 0 22 0 31 0 23 0 32 0 34 0 35 0 34 0 32 0 36 2 37 2 38 2 38 3 39 3 36 3 40 4 41 4 42 4 42 4 43 4 40 4 44 5 45 5 46 5 46 5 47 5 44 5 48 4 49 4 50 4 50 4 51 4 48 4 52 5 53 5 54 5 54 5 55 5 52 5 56 6 57 6 58 6 58 6 59 6 56 6 60 7 61 7 62 7 62 7 63 7 60 7 64 5 65 5 66 5 66 5 67 5 64 5 68 6 69 6 70 6 70 6 71 6 68 6 72 7 73 7 74 7 73 7 72 7 75 7 76 6 77 6 78 6 78 6 79 6 76 6 80 8 81 9 82 10 82 10 83 11 80 8 83 11 82 10 84 7 84 7 85 7 83 11 86 6 87 6 88 6 88 6 89 6 86 6 90 12 91 12 92 12 92 12 93 12 90 12 94 6 95 6 96 6 96 6 97 6 94 6 98 5 99 5 100 5 100 5 101 5 98 5 102 6 103 6 104 6 104 6 105 6 102 6 106 7 107 7 108 7 108 7 109 7 106 7 110 6 111 6 112 6 112 6 113 6 110 6 114 7 115 7 116 7 116 7 117 7 114 7 118 6 119 6 120 6 120 6 121 6 118 6 122 4 123 4 124 4 124 4 125 4 122 4 126 6 127 6 128 6 128 6 129 6 126 6 130 13 131 13 132 13 132 13 131 13 133 13 134 13 133 13 131 13 135 13 132 13 133 13 131 14 136 14 134 14 137 13 132 13 135 13 133 13 138 13 135 13 139 15 134 15 136 15 137 13 140 13 132 13 138 13 133 13 141 13 135 13 138 13 142 13 143 13 134 13 139 13 137 13 144 13 140 13 138 13 145 13 142 13 143 13 146 13 134 13 143 13 139 13 147 13 148 13 144 13 137 13 149 13 145 13 138 13 146 13 143 13 150 13 147 13 151 13 143 13 149 13 152 13 145 13 150 13 153 13 146 13 154 13 151 13 147 13 153 13 150 13 155 13 151 13 154 13 156 13 147 13 157 13 154 13 158 13 155 13 150 13 159 13 151 13 156 13 155 13 158 13 160 13 158 13 150 13 161 13 158 13 162 13 160 13 163 13 155 13 160 13 161 13 164 13 158 13 165 13 162 13 158 13 166 6 167 6 168 6 169 6 168 6 167 6 170 5 171 5 172 5 172 5 173 5 170 5 174 6 175 6 176 6 176 6 177 6 174 6 178 7 179 7 180 7 180 7 181 7 178 7 182 4 183 4 184 4 184 4 185 4 182 4 186 7 187 7 188 7 188 7 189 7 186 7 190 5 191 5 192 5 192 5 193 5 190 5</p>
        </triangles>
      </mesh>
    </geometry>
    <geometry id="Mesh2_003-mesh" name="Mesh2.003">
      <mesh>
        <source id="Mesh2_003-mesh-positions">
          <float_array id="Mesh2_003-mesh-positions-array" count="582">125 137.7349 61.25 125 -142 55.25 125 142 12.5 125 95.9908 87 125 -142 12.5 125 -95.9923 87 125 135.6024 85.62501 125 188.5 0 125 -142 98 125 133.4698 110 125 -188.5 0 125 188.5 12.5 125 -106 114.4958 125 106 114.5 125 -188.5 12.5 125 -121 114.4958 125 154 122 125 -152 122 125 154 110 125 135 142 125 -124 122 125 -156 98 125 136 142 125 107 142 125 -121 122 125 -152 145 125 -156 122 125 160 122 125 106 142 125 135 147.75 125 -124 145 125 160 146.6 125 135 153.5 125 136 146.6 125 107 165 125 135 165 -125 133.4698 110 125 133.4698 110 125 142 12.5 -125 142 12.5 125 154 110 125 133.4698 110 -125 133.4698 110 -125 154 110 -125 154 122 125 154 122 125 154 110 -125 154 110 -125 160 122 125 160 122 125 154 122 -125 154 122 -125 160 146.6 125 160 146.6 125 160 122 -125 160 122 -125 136 146.6 125 136 146.6 125 160 146.6 -125 160 146.6 -125 136 142 125 136 142 125 136 146.6 -125 136 146.6 -125 135 165 125 135 165 125 135 142 -125 135 142 -125 107 165 125 107 165 125 135 165 -125 135 165 -125 107 142 125 107 165 -125 107 165 125 107 142 -125 106 142 125 106 142 125 107 142 -125 107 142 -125 95.9908 87 125 95.9908 87 125 106 114.5 -125 106 114.5 125 106 142 -125 106 142 -125 -95.9923 87 125 -95.9923 87 125 95.9908 87 -125 95.9908 87 -125 -106 114.4958 125 -106 114.4958 125 -95.9923 87 -125 -95.9923 87 125 -124 122 125 -121 122 -125 -121 122 -125 -124 122 -125 -124 145 125 -124 145 125 -124 122 -125 -124 122 -125 -152 145 125 -152 145 125 -124 145 -125 -124 145 125 -152 122 125 -152 145 -125 -152 145 -125 -152 122 125 -156 122 125 -152 122 -125 -152 122 -125 -156 122 -125 -156 98 125 -156 98 125 -156 122 -125 -156 122 125 -188.5 12.5 125 -142 12.5 -125 -142 12.5 -125 -188.5 12.5 125 -188.5 0 -125 -188.5 0 -125 188.5 0 125 188.5 0 125 142 12.5 125 188.5 12.5 -125 188.5 12.5 -125 142 12.5 -125 154 110 -125 133.4698 110 -125 154 122 -125 106 114.5 -125 95.9908 87 -125 135 142 -125 135.6024 85.62501 -125 136 142 -125 107 142 -125 137.7349 61.25 -125 160 122 -125 106 142 -125 135 147.75 -125 -142 55.25 -125 160 146.6 -125 135 153.5 -125 -95.9923 87 -125 142 12.5 -125 136 146.6 -125 107 165 -125 -142 98 -125 -142 12.5 -125 135 165 -125 -106 114.4958 -125 188.5 0 -125 -121 114.4958 -125 -188.5 0 -125 188.5 12.5 -125 -152 122 -125 -188.5 12.5 -125 -124 122 -125 -156 98 -125 -124 145 -125 -121 122 -125 -156 122 -125 -152 145 -125 135 142 125 135 142 -125 136 142 125 136 142 -125 -121 122 125 -121 122 125 -121 114.4958 -125 -121 114.4958 -125 -106 114.4958 -125 -121 114.4958 125 -121 114.4958 125 -106 114.4958 -125 -142 12.5 125 -142 12.5 125 -142 98 -125 -142 98 -125 -156 98 -125 -142 98 125 -142 98 125 -156 98 -125 -188.5 0 125 -188.5 0 125 -188.5 12.5 -125 -188.5 12.5 -125 188.5 12.5 125 188.5 12.5 125 188.5 0 -125 188.5 0</float_array>
          <technique_common>
            <accessor source="#Mesh2_003-mesh-positions-array" count="194" stride="3">
              <param name="X" type="float"/>
              <param name="Y" type="float"/>
              <param name="Z" type="float"/>
            </accessor>
          </technique_common>
        </source>
        <source id="Mesh2_003-mesh-normals">
          <float_array id="Mesh2_003-mesh-normals-array" count="48">1 0 0 1 -1.82478e-7 0 0 0.9961947 0.08715617 0 0.9961947 0.08715647 0 0 -1 0 1 0 0 0 1 0 -1 0 0 -0.9396924 0.3420208 0 -0.9396924 0.3420208 0 -0.9848077 0.1736491 0 -0.9848079 0.1736478 0 0.9396921 0.3420217 -1 0 0 -1 0 0 -1 0 0</float_array>
          <technique_common>
            <accessor source="#Mesh2_003-mesh-normals-array" count="16" stride="3">
              <param name="X" type="float"/>
              <param name="Y" type="float"/>
              <param name="Z" type="float"/>
            </accessor>
          </technique_common>
        </source>
        <vertices id="Mesh2_003-mesh-vertices">
          <input semantic="POSITION" source="#Mesh2_003-mesh-positions"/>
        </vertices>
        <triangles material="Material_1-material" count="130">
          <input semantic="VERTEX" source="#Mesh2_003-mesh-vertices" offset="0"/>
          <input semantic="NORMAL" source="#Mesh2_003-mesh-normals" offset="1"/>
          <p>0 0 1 0 2 0 3 0 1 0 0 0 1 0 4 0 2 0 5 0 1 0 3 0 3 0 0 0 6 0 2 0 4 0 7 0 8 0 1 0 5 0 6 0 9 0 3 0 10 0 7 0 4 0 11 0 2 0 7 0 5 0 12 0 8 0 9 0 13 0 3 0 4 0 14 0 10 0 12 0 15 0 8 0 9 0 16 0 13 0 8 1 15 1 17 1 16 0 9 0 18 0 13 0 16 0 19 0 17 0 15 0 20 0 21 0 8 0 17 0 19 0 16 0 22 0 23 0 13 0 19 0 24 0 20 0 15 0 20 0 25 0 17 0 26 0 21 0 17 0 16 0 27 0 22 0 23 0 28 0 13 0 19 0 29 0 23 0 25 0 20 0 30 0 22 0 27 0 31 0 32 0 23 0 29 0 33 0 22 0 31 0 23 0 32 0 34 0 35 0 34 0 32 0 36 2 37 2 38 2 38 3 39 3 36 3 40 4 41 4 42 4 42 4 43 4 40 4 44 5 45 5 46 5 46 5 47 5 44 5 48 4 49 4 50 4 50 4 51 4 48 4 52 5 53 5 54 5 54 5 55 5 52 5 56 6 57 6 58 6 58 6 59 6 56 6 60 7 61 7 62 7 62 7 63 7 60 7 64 5 65 5 66 5 66 5 67 5 64 5 68 6 69 6 70 6 70 6 71 6 68 6 72 7 73 7 74 7 73 7 72 7 75 7 76 6 77 6 78 6 78 6 79 6 76 6 80 8 81 9 82 10 82 10 83 11 80 8 83 11 82 10 84 7 84 7 85 7 83 11 86 6 87 6 88 6 88 6 89 6 86 6 90 12 91 12 92 12 92 12 93 12 90 12 94 6 95 6 96 6 96 6 97 6 94 6 98 5 99 5 100 5 100 5 101 5 98 5 102 6 103 6 104 6 104 6 105 6 102 6 106 7 107 7 108 7 108 7 109 7 106 7 110 6 111 6 112 6 112 6 113 6 110 6 114 7 115 7 116 7 116 7 117 7 114 7 118 6 119 6 120 6 120 6 121 6 118 6 122 4 123 4 124 4 124 4 125 4 122 4 126 6 127 6 128 6 128 6 129 6 126 6 130 13 131 13 132 13 132 13 131 13 133 13 134 13 133 13 131 13 135 13 132 13 133 13 131 14 136 14 134 14 137 13 132 13 135 13 133 13 138 13 135 13 139 15 134 15 136 15 137 13 140 13 132 13 138 13 133 13 141 13 135 13 138 13 142 13 143 13 134 13 139 13 137 13 144 13 140 13 138 13 145 13 142 13 143 13 146 13 134 13 143 13 139 13 147 13 148 13 144 13 137 13 149 13 145 13 138 13 146 13 143 13 150 13 147 13 151 13 143 13 149 13 152 13 145 13 150 13 153 13 146 13 154 13 151 13 147 13 153 13 150 13 155 13 151 13 154 13 156 13 147 13 157 13 154 13 158 13 155 13 150 13 159 13 151 13 156 13 155 13 158 13 160 13 158 13 150 13 161 13 158 13 162 13 160 13 163 13 155 13 160 13 161 13 164 13 158 13 165 13 162 13 158 13 166 6 167 6 168 6 169 6 168 6 167 6 170 5 171 5 172 5 172 5 173 5 170 5 174 6 175 6 176 6 176 6 177 6 174 6 178 7 179 7 180 7 180 7 181 7 178 7 182 4 183 4 184 4 184 4 185 4 182 4 186 7 187 7 188 7 188 7 189 7 186 7 190 5 191 5 192 5 192 5 193 5 190 5</p>
        </triangles>
      </mesh>
    </geometry>
    <geometry id="Mesh2_002-mesh" name="Mesh2.002">
      <mesh>
        <source id="Mesh2_002-mesh-positions">
          <float_array id="Mesh2_002-mesh-positions-array" count="582">125 137.7349 61.25 125 -142 55.25 125 142 12.5 125 95.9908 87 125 -142 12.5 125 -95.9923 87 125 135.6024 85.62501 125 188.5 0 125 -142 98 125 133.4698 110 125 -188.5 0 125 188.5 12.5 125 -106 114.4958 125 106 114.5 125 -188.5 12.5 125 -121 114.4958 125 154 122 125 -152 122 125 154 110 125 135 142 125 -124 122 125 -156 98 125 136 142 125 107 142 125 -121 122 125 -152 145 125 -156 122 125 160 122 125 106 142 125 135 147.75 125 -124 145 125 160 146.6 125 135 153.5 125 136 146.6 125 107 165 125 135 165 -125 133.4698 110 125 133.4698 110 125 142 12.5 -125 142 12.5 125 154 110 125 133.4698 110 -125 133.4698 110 -125 154 110 -125 154 122 125 154 122 125 154 110 -125 154 110 -125 160 122 125 160 122 125 154 122 -125 154 122 -125 160 146.6 125 160 146.6 125 160 122 -125 160 122 -125 136 146.6 125 136 146.6 125 160 146.6 -125 160 146.6 -125 136 142 125 136 142 125 136 146.6 -125 136 146.6 -125 135 165 125 135 165 125 135 142 -125 135 142 -125 107 165 125 107 165 125 135 165 -125 135 165 -125 107 142 125 107 165 -125 107 165 125 107 142 -125 106 142 125 106 142 125 107 142 -125 107 142 -125 95.9908 87 125 95.9908 87 125 106 114.5 -125 106 114.5 125 106 142 -125 106 142 -125 -95.9923 87 125 -95.9923 87 125 95.9908 87 -125 95.9908 87 -125 -106 114.4958 125 -106 114.4958 125 -95.9923 87 -125 -95.9923 87 125 -124 122 125 -121 122 -125 -121 122 -125 -124 122 -125 -124 145 125 -124 145 125 -124 122 -125 -124 122 -125 -152 145 125 -152 145 125 -124 145 -125 -124 145 125 -152 122 125 -152 145 -125 -152 145 -125 -152 122 125 -156 122 125 -152 122 -125 -152 122 -125 -156 122 -125 -156 98 125 -156 98 125 -156 122 -125 -156 122 125 -188.5 12.5 125 -142 12.5 -125 -142 12.5 -125 -188.5 12.5 125 -188.5 0 -125 -188.5 0 -125 188.5 0 125 188.5 0 125 142 12.5 125 188.5 12.5 -125 188.5 12.5 -125 142 12.5 -125 154 110 -125 133.4698 110 -125 154 122 -125 106 114.5 -125 95.9908 87 -125 135 142 -125 135.6024 85.62501 -125 136 142 -125 107 142 -125 137.7349 61.25 -125 160 122 -125 106 142 -125 135 147.75 -125 -142 55.25 -125 160 146.6 -125 135 153.5 -125 -95.9923 87 -125 142 12.5 -125 136 146.6 -125 107 165 -125 -142 98 -125 -142 12.5 -125 135 165 -125 -106 114.4958 -125 188.5 0 -125 -121 114.4958 -125 -188.5 0 -125 188.5 12.5 -125 -152 122 -125 -188.5 12.5 -125 -124 122 -125 -156 98 -125 -124 145 -125 -121 122 -125 -156 122 -125 -152 145 -125 135 142 125 135 142 -125 136 142 125 136 142 -125 -121 122 125 -121 122 125 -121 114.4958 -125 -121 114.4958 -125 -106 114.4958 -125 -121 114.4958 125 -121 114.4958 125 -106 114.4958 -125 -142 12.5 125 -142 12.5 125 -142 98 -125 -142 98 -125 -156 98 -125 -142 98 125 -142 98 125 -156 98 -125 -188.5 0 125 -188.5 0 125 -188.5 12.5 -125 -188.5 12.5 -125 188.5 12.5 125 188.5 12.5 125 188.5 0 -125 188.5 0</float_array>
          <technique_common>
            <accessor source="#Mesh2_002-mesh-positions-array" count="194" stride="3">
              <param name="X" type="float"/>
              <param name="Y" type="float"/>
              <param name="Z" type="float"/>
            </accessor>
          </technique_common>
        </source>
        <source id="Mesh2_002-mesh-normals">
          <float_array id="Mesh2_002-mesh-normals-array" count="48">1 0 0 1 -1.82478e-7 0 0 0.9961947 0.08715617 0 0.9961947 0.08715647 0 0 -1 0 1 0 0 0 1 0 -1 0 0 -0.9396924 0.3420208 0 -0.9396924 0.3420208 0 -0.9848077 0.1736491 0 -0.9848079 0.1736478 0 0.9396921 0.3420217 -1 0 0 -1 0 0 -1 0 0</float_array>
          <technique_common>
            <accessor source="#Mesh2_002-mesh-normals-array" count="16" stride="3">
              <param name="X" type="float"/>
              <param name="Y" type="float"/>
              <param name="Z" type="float"/>
            </accessor>
          </technique_common>
        </source>
        <vertices id="Mesh2_002-mesh-vertices">
          <input semantic="POSITION" source="#Mesh2_002-mesh-positions"/>
        </vertices>
        <triangles material="Material_1-material" count="130">
          <input semantic="VERTEX" source="#Mesh2_002-mesh-vertices" offset="0"/>
          <input semantic="NORMAL" source="#Mesh2_002-mesh-normals" offset="1"/>
          <p>0 0 1 0 2 0 3 0 1 0 0 0 1 0 4 0 2 0 5 0 1 0 3 0 3 0 0 0 6 0 2 0 4 0 7 0 8 0 1 0 5 0 6 0 9 0 3 0 10 0 7 0 4 0 11 0 2 0 7 0 5 0 12 0 8 0 9 0 13 0 3 0 4 0 14 0 10 0 12 0 15 0 8 0 9 0 16 0 13 0 8 1 15 1 17 1 16 0 9 0 18 0 13 0 16 0 19 0 17 0 15 0 20 0 21 0 8 0 17 0 19 0 16 0 22 0 23 0 13 0 19 0 24 0 20 0 15 0 20 0 25 0 17 0 26 0 21 0 17 0 16 0 27 0 22 0 23 0 28 0 13 0 19 0 29 0 23 0 25 0 20 0 30 0 22 0 27 0 31 0 32 0 23 0 29 0 33 0 22 0 31 0 23 0 32 0 34 0 35 0 34 0 32 0 36 2 37 2 38 2 38 3 39 3 36 3 40 4 41 4 42 4 42 4 43 4 40 4 44 5 45 5 46 5 46 5 47 5 44 5 48 4 49 4 50 4 50 4 51 4 48 4 52 5 53 5 54 5 54 5 55 5 52 5 56 6 57 6 58 6 58 6 59 6 56 6 60 7 61 7 62 7 62 7 63 7 60 7 64 5 65 5 66 5 66 5 67 5 64 5 68 6 69 6 70 6 70 6 71 6 68 6 72 7 73 7 74 7 73 7 72 7 75 7 76 6 77 6 78 6 78 6 79 6 76 6 80 8 81 9 82 10 82 10 83 11 80 8 83 11 82 10 84 7 84 7 85 7 83 11 86 6 87 6 88 6 88 6 89 6 86 6 90 12 91 12 92 12 92 12 93 12 90 12 94 6 95 6 96 6 96 6 97 6 94 6 98 5 99 5 100 5 100 5 101 5 98 5 102 6 103 6 104 6 104 6 105 6 102 6 106 7 107 7 108 7 108 7 109 7 106 7 110 6 111 6 112 6 112 6 113 6 110 6 114 7 115 7 116 7 116 7 117 7 114 7 118 6 119 6 120 6 120 6 121 6 118 6 122 4 123 4 124 4 124 4 125 4 122 4 126 6 127 6 128 6 128 6 129 6 126 6 130 13 131 13 132 13 132 13 131 13 133 13 134 13 133 13 131 13 135 13 132 13 133 13 131 14 136 14 134 14 137 13 132 13 135 13 133 13 138 13 135 13 139 15 134 15 136 15 137 13 140 13 132 13 138 13 133 13 141 13 135 13 138 13 142 13 143 13 134 13 139 13 137 13 144 13 140 13 138 13 145 13 142 13 143 13 146 13 134 13 143 13 139 13 147 13 148 13 144 13 137 13 149 13 145 13 138 13 146 13 143 13 150 13 147 13 151 13 143 13 149 13 152 13 145 13 150 13 153 13 146 13 154 13 151 13 147 13 153 13 150 13 155 13 151 13 154 13 156 13 147 13 157 13 154 13 158 13 155 13 150 13 159 13 151 13 156 13 155 13 158 13 160 13 158 13 150 13 161 13 158 13 162 13 160 13 163 13 155 13 160 13 161 13 164 13 158 13 165 13 162 13 158 13 166 6 167 6 168 6 169 6 168 6 167 6 170 5 171 5 172 5 172 5 173 5 170 5 174 6 175 6 176 6 176 6 177 6 174 6 178 7 179 7 180 7 180 7 181 7 178 7 182 4 183 4 184 4 184 4 185 4 182 4 186 7 187 7 188 7 188 7 189 7 186 7 190 5 191 5 192 5 192 5 193 5 190 5</p>
        </triangles>
      </mesh>
    </geometry>
    <geometry id="Mesh2_001-mesh" name="Mesh2.001">
      <mesh>
        <source id="Mesh2_001-mesh-positions">
          <float_array id="Mesh2_001-mesh-positions-array" count="582">125 137.7349 61.25 125 -142 55.25 125 142 12.5 125 95.9908 87 125 -142 12.5 125 -95.9923 87 125 135.6024 85.62501 125 188.5 0 125 -142 98 125 133.4698 110 125 -188.5 0 125 188.5 12.5 125 -106 114.4958 125 106 114.5 125 -188.5 12.5 125 -121 114.4958 125 154 122 125 -152 122 125 154 110 125 135 142 125 -124 122 125 -156 98 125 136 142 125 107 142 125 -121 122 125 -152 145 125 -156 122 125 160 122 125 106 142 125 135 147.75 125 -124 145 125 160 146.6 125 135 153.5 125 136 146.6 125 107 165 125 135 165 -125 133.4698 110 125 133.4698 110 125 142 12.5 -125 142 12.5 125 154 110 125 133.4698 110 -125 133.4698 110 -125 154 110 -125 154 122 125 154 122 125 154 110 -125 154 110 -125 160 122 125 160 122 125 154 122 -125 154 122 -125 160 146.6 125 160 146.6 125 160 122 -125 160 122 -125 136 146.6 125 136 146.6 125 160 146.6 -125 160 146.6 -125 136 142 125 136 142 125 136 146.6 -125 136 146.6 -125 135 165 125 135 165 125 135 142 -125 135 142 -125 107 165 125 107 165 125 135 165 -125 135 165 -125 107 142 125 107 165 -125 107 165 125 107 142 -125 106 142 125 106 142 125 107 142 -125 107 142 -125 95.9908 87 125 95.9908 87 125 106 114.5 -125 106 114.5 125 106 142 -125 106 142 -125 -95.9923 87 125 -95.9923 87 125 95.9908 87 -125 95.9908 87 -125 -106 114.4958 125 -106 114.4958 125 -95.9923 87 -125 -95.9923 87 125 -124 122 125 -121 122 -125 -121 122 -125 -124 122 -125 -124 145 125 -124 145 125 -124 122 -125 -124 122 -125 -152 145 125 -152 145 125 -124 145 -125 -124 145 125 -152 122 125 -152 145 -125 -152 145 -125 -152 122 125 -156 122 125 -152 122 -125 -152 122 -125 -156 122 -125 -156 98 125 -156 98 125 -156 122 -125 -156 122 125 -188.5 12.5 125 -142 12.5 -125 -142 12.5 -125 -188.5 12.5 125 -188.5 0 -125 -188.5 0 -125 188.5 0 125 188.5 0 125 142 12.5 125 188.5 12.5 -125 188.5 12.5 -125 142 12.5 -125 154 110 -125 133.4698 110 -125 154 122 -125 106 114.5 -125 95.9908 87 -125 135 142 -125 135.6024 85.62501 -125 136 142 -125 107 142 -125 137.7349 61.25 -125 160 122 -125 106 142 -125 135 147.75 -125 -142 55.25 -125 160 146.6 -125 135 153.5 -125 -95.9923 87 -125 142 12.5 -125 136 146.6 -125 107 165 -125 -142 98 -125 -142 12.5 -125 135 165 -125 -106 114.4958 -125 188.5 0 -125 -121 114.4958 -125 -188.5 0 -125 188.5 12.5 -125 -152 122 -125 -188.5 12.5 -125 -124 122 -125 -156 98 -125 -124 145 -125 -121 122 -125 -156 122 -125 -152 145 -125 135 142 125 135 142 -125 136 142 125 136 142 -125 -121 122 125 -121 122 125 -121 114.4958 -125 -121 114.4958 -125 -106 114.4958 -125 -121 114.4958 125 -121 114.4958 125 -106 114.4958 -125 -142 12.5 125 -142 12.5 125 -142 98 -125 -142 98 -125 -156 98 -125 -142 98 125 -142 98 125 -156 98 -125 -188.5 0 125 -188.5 0 125 -188.5 12.5 -125 -188.5 12.5 -125 188.5 12.5 125 188.5 12.5 125 188.5 0 -125 188.5 0</float_array>
          <technique_common>
            <accessor source="#Mesh2_001-mesh-positions-array" count="194" stride="3">
              <param name="X" type="float"/>
              <param name="Y" type="float"/>
              <param name="Z" type="float"/>
            </accessor>
          </technique_common>
        </source>
        <source id="Mesh2_001-mesh-normals">
          <float_array id="Mesh2_001-mesh-normals-array" count="48">1 0 0 1 -1.82478e-7 0 0 0.9961947 0.08715617 0 0.9961947 0.08715647 0 0 -1 0 1 0 0 0 1 0 -1 0 0 -0.9396924 0.3420208 0 -0.9396924 0.3420208 0 -0.9848077 0.1736491 0 -0.9848079 0.1736478 0 0.9396921 0.3420217 -1 0 0 -1 0 0 -1 0 0</float_array>
          <technique_common>
            <accessor source="#Mesh2_001-mesh-normals-array" count="16" stride="3">
              <param name="X" type="float"/>
              <param name="Y" type="float"/>
              <param name="Z" type="float"/>
            </accessor>
          </technique_common>
        </source>
        <vertices id="Mesh2_001-mesh-vertices">
          <input semantic="POSITION" source="#Mesh2_001-mesh-positions"/>
        </vertices>
        <triangles material="Material_1-material" count="130">
          <input semantic="VERTEX" source="#Mesh2_001-mesh-vertices" offset="0"/>
          <input semantic="NORMAL" source="#Mesh2_001-mesh-normals" offset="1"/>
          <p>0 0 1 0 2 0 3 0 1 0 0 0 1 0 4 0 2 0 5 0 1 0 3 0 3 0 0 0 6 0 2 0 4 0 7 0 8 0 1 0 5 0 6 0 9 0 3 0 10 0 7 0 4 0 11 0 2 0 7 0 5 0 12 0 8 0 9 0 13 0 3 0 4 0 14 0 10 0 12 0 15 0 8 0 9 0 16 0 13 0 8 1 15 1 17 1 16 0 9 0 18 0 13 0 16 0 19 0 17 0 15 0 20 0 21 0 8 0 17 0 19 0 16 0 22 0 23 0 13 0 19 0 24 0 20 0 15 0 20 0 25 0 17 0 26 0 21 0 17 0 16 0 27 0 22 0 23 0 28 0 13 0 19 0 29 0 23 0 25 0 20 0 30 0 22 0 27 0 31 0 32 0 23 0 29 0 33 0 22 0 31 0 23 0 32 0 34 0 35 0 34 0 32 0 36 2 37 2 38 2 38 3 39 3 36 3 40 4 41 4 42 4 42 4 43 4 40 4 44 5 45 5 46 5 46 5 47 5 44 5 48 4 49 4 50 4 50 4 51 4 48 4 52 5 53 5 54 5 54 5 55 5 52 5 56 6 57 6 58 6 58 6 59 6 56 6 60 7 61 7 62 7 62 7 63 7 60 7 64 5 65 5 66 5 66 5 67 5 64 5 68 6 69 6 70 6 70 6 71 6 68 6 72 7 73 7 74 7 73 7 72 7 75 7 76 6 77 6 78 6 78 6 79 6 76 6 80 8 81 9 82 10 82 10 83 11 80 8 83 11 82 10 84 7 84 7 85 7 83 11 86 6 87 6 88 6 88 6 89 6 86 6 90 12 91 12 92 12 92 12 93 12 90 12 94 6 95 6 96 6 96 6 97 6 94 6 98 5 99 5 100 5 100 5 101 5 98 5 102 6 103 6 104 6 104 6 105 6 102 6 106 7 107 7 108 7 108 7 109 7 106 7 110 6 111 6 112 6 112 6 113 6 110 6 114 7 115 7 116 7 116 7 117 7 114 7 118 6 119 6 120 6 120 6 121 6 118 6 122 4 123 4 124 4 124 4 125 4 122 4 126 6 127 6 128 6 128 6 129 6 126 6 130 13 131 13 132 13 132 13 131 13 133 13 134 13 133 13 131 13 135 13 132 13 133 13 131 14 136 14 134 14 137 13 132 13 135 13 133 13 138 13 135 13 139 15 134 15 136 15 137 13 140 13 132 13 138 13 133 13 141 13 135 13 138 13 142 13 143 13 134 13 139 13 137 13 144 13 140 13 138 13 145 13 142 13 143 13 146 13 134 13 143 13 139 13 147 13 148 13 144 13 137 13 149 13 145 13 138 13 146 13 143 13 150 13 147 13 151 13 143 13 149 13 152 13 145 13 150 13 153 13 146 13 154 13 151 13 147 13 153 13 150 13 155 13 151 13 154 13 156 13 147 13 157 13 154 13 158 13 155 13 150 13 159 13 151 13 156 13 155 13 158 13 160 13 158 13 150 13 161 13 158 13 162 13 160 13 163 13 155 13 160 13 161 13 164 13 158 13 165 13 162 13 158 13 166 6 167 6 168 6 169 6 168 6 167 6 170 5 171 5 172 5 172 5 173 5 170 5 174 6 175 6 176 6 176 6 177 6 174 6 178 7 179 7 180 7 180 7 181 7 178 7 182 4 183 4 184 4 184 4 185 4 182 4 186 7 187 7 188 7 188 7 189 7 186 7 190 5 191 5 192 5 192 5 193 5 190 5</p>
        </triangles>
      </mesh>
    </geometry>
    <geometry id="Mesh1-mesh" name="Mesh1">
      <mesh>
        <source id="Mesh1-mesh-positions">
          <float_array id="Mesh1-mesh-positions-array" count="72">2615 377 10 0 377 10 2615 377 0 0 377 0 0 0 10 2615 0 10 0 0 0 2615 0 0 0 0 10 0 377 10 2615 0 10 2615 377 10 2615 0 0 2615 377 0 0 0 0 0 377 0 2615 0 10 2615 377 10 2615 0 0 2615 377 0 0 377 10 0 0 10 0 377 0 0 0 0</float_array>
          <technique_common>
            <accessor source="#Mesh1-mesh-positions-array" count="24" stride="3">
              <param name="X" type="float"/>
              <param name="Y" type="float"/>
              <param name="Z" type="float"/>
            </accessor>
          </technique_common>
        </source>
        <source id="Mesh1-mesh-normals">
          <float_array id="Mesh1-mesh-normals-array" count="18">0 1 0 0 -1 0 0 0 1 0 0 -1 1 0 0 -1 0 0</float_array>
          <technique_common>
            <accessor source="#Mesh1-mesh-normals-array" count="6" stride="3">
              <param name="X" type="float"/>
              <param name="Y" type="float"/>
              <param name="Z" type="float"/>
            </accessor>
          </technique_common>
        </source>
        <vertices id="Mesh1-mesh-vertices">
          <input semantic="POSITION" source="#Mesh1-mesh-positions"/>
        </vertices>
        <triangles material="Material_0-material" count="12">
          <input semantic="VERTEX" source="#Mesh1-mesh-vertices" offset="0"/>
          <input semantic="NORMAL" source="#Mesh1-mesh-normals" offset="1"/>
          <p>0 0 2 0 1 0 2 0 3 0 1 0 4 1 6 1 5 1 6 1 7 1 5 1 8 2 10 2 9 2 10 2 11 2 9 2 12 3 14 3 13 3 14 3 15 3 13 3 16 4 18 4 17 4 18 4 19 4 17 4 20 5 22 5 21 5 22 5 23 5 21 5</p>
        </triangles>
      </mesh>
    </geometry>
  </library_geometries>
  <library_visual_scenes>
    <visual_scene id="Scene" name="Scene">
      <node id="base_link" name="base_link" type="NODE">
        <matrix sid="transform">0.001 0 0 0 0 0.001 0 0 0 0 0.001 0 0 0 0 1</matrix>
        <node id="_a0a0c5a-505e-4545-8f82-023808876ff9" name="2a0a0c5a-505e-4545-8f82-023808876ff9" type="NODE">
          <matrix sid="transform">1 0 0 -1307.5 0 1 0 -181 0 0 1 0 0 0 0 1</matrix>
          <instance_geometry url="#Mesh1-mesh" name="2a0a0c5a-505e-4545-8f82-023808876ff9">
            <bind_material>
              <technique_common>
                <instance_material symbol="Material_0-material" target="#Material_0-material"/>
              </technique_common>
            </bind_material>
          </instance_geometry>
        </node>
        <node id="KL100_Nennhub1750_einfach_Default" name="KL100_Nennhub1750_einfach_Default" type="NODE">
          <matrix sid="transform">1 0 0 -875 0 1 0 7.5 0 0 1 42 0 0 0 1</matrix>
          <instance_geometry url="#Mesh2_001-mesh" name="KL100_Nennhub1750_einfach_Default">
            <bind_material>
              <technique_common>
                <instance_material symbol="Material_1-material" target="#Material_1-material"/>
              </technique_common>
            </bind_material>
          </instance_geometry>
        </node>
        <node id="KL100_Nennhub1750_einfach_Default_001" name="KL100_Nennhub1750_einfach_Default.001" type="NODE">
          <matrix sid="transform">1 0 0 -624.9998 0 1 0 7.5 0 0 1 42 0 0 0 1</matrix>
          <instance_geometry url="#Mesh2_002-mesh" name="KL100_Nennhub1750_einfach_Default.001">
            <bind_material>
              <technique_common>
                <instance_material symbol="Material_1-material" target="#Material_1-material"/>
              </technique_common>
            </bind_material>
          </instance_geometry>
        </node>
        <node id="KL100_Nennhub1750_einfach_Default_002" name="KL100_Nennhub1750_einfach_Default.002" type="NODE">
          <matrix sid="transform">1 0 0 -375 0 1 0 7.5 0 0 1 42 0 0 0 1</matrix>
          <instance_geometry url="#Mesh2_003-mesh" name="KL100_Nennhub1750_einfach_Default.002">
            <bind_material>
              <technique_common>
                <instance_material symbol="Material_1-material" target="#Material_1-material"/>
              </technique_common>
            </bind_material>
          </instance_geometry>
        </node>
        <node id="KL100_Nennhub1750_einfach_Default_003" name="KL100_Nennhub1750_einfach_Default.003" type="NODE">
          <matrix sid="transform">1 0 0 -125 0 1 0 7.5 0 0 1 42 0 0 0 1</matrix>
          <instance_geometry url="#Mesh2_004-mesh" name="KL100_Nennhub1750_einfach_Default.003">
            <bind_material>
              <technique_common>
                <instance_material symbol="Material_1-material" target="#Material_1-material"/>
              </technique_common>
            </bind_material>
          </instance_geometry>
        </node>
        <node id="KL100_Nennhub1750_einfach_Default_004" name="KL100_Nennhub1750_einfach_Default.004" type="NODE">
          <matrix sid="transform">1 0 0 125 0 1 0 7.5 0 0 1 42 0 0 0 1</matrix>
          <instance_geometry url="#Mesh2_005-mesh" name="KL100_Nennhub1750_einfach_Default.004">
            <bind_material>
              <technique_common>
                <instance_material symbol="Material_1-material" target="#Material_1-material"/>
              </technique_common>
            </bind_material>
          </instance_geometry>
        </node>
        <node id="KL100_Nennhub1750_einfach_Default_005" name="KL100_Nennhub1750_einfach_Default.005" type="NODE">
          <matrix sid="transform">1 0 0 375 0 1 0 7.5 0 0 1 42 0 0 0 1</matrix>
          <instance_geometry url="#Mesh2_006-mesh" name="KL100_Nennhub1750_einfach_Default.005">
            <bind_material>
              <technique_common>
                <instance_material symbol="Material_1-material" target="#Material_1-material"/>
              </technique_common>
            </bind_material>
          </instance_geometry>
        </node>
        <node id="KL100_Nennhub1750_einfach_Default_006" name="KL100_Nennhub1750_einfach_Default.006" type="NODE">
          <matrix sid="transform">1 0 0 624.9998 0 1 0 7.5 0 0 1 42 0 0 0 1</matrix>
          <instance_geometry url="#Mesh2_007-mesh" name="KL100_Nennhub1750_einfach_Default.006">
            <bind_material>
              <technique_common>
                <instance_material symbol="Material_1-material" target="#Material_1-material"/>
              </technique_common>
            </bind_material>
          </instance_geometry>
        </node>
        <node id="KL100_Nennhub1750_einfach_Default_007" name="KL100_Nennhub1750_einfach_Default.007" type="NODE">
          <matrix sid="transform">1 0 0 875 0 1 0 7.5 0 0 1 42 0 0 0 1</matrix>
          <instance_geometry url="#Mesh2_008-mesh" name="KL100_Nennhub1750_einfach_Default.007">
            <bind_material>
              <technique_common>
                <instance_material symbol="Material_1-material" target="#Material_1-material"/>
              </technique_common>
            </bind_material>
          </instance_geometry>
        </node>
        <node id="KL100_Nennhub1750_einfach_Default_008" name="KL100_Nennhub1750_einfach_Default.008" type="NODE">
          <matrix sid="transform">1 0 0 1125 0 1 0 7.5 0 0 1 42 0 0 0 1</matrix>
          <instance_geometry url="#Mesh2-mesh" name="KL100_Nennhub1750_einfach_Default.008">
            <bind_material>
              <technique_common>
                <instance_material symbol="Material_1-material" target="#Material_1-material"/>
              </technique_common>
            </bind_material>
          </instance_geometry>
        </node>
        <node id="Default" name="Default" type="NODE">
          <matrix sid="transform">-1 1.50996e-7 0 -733 -1.50996e-7 -1 0 -1 0 0 1 357 0 0 0 1</matrix>
          <instance_geometry url="#Mesh3-mesh" name="Default">
            <bind_material>
              <technique_common>
                <instance_material symbol="Material_1-material" target="#Material_1-material"/>
              </technique_common>
            </bind_material>
          </instance_geometry>
        </node>
        <node id="Default_001" name="Default.001" type="NODE">
          <matrix sid="transform">-1 1.50996e-7 0 -983 -1.50996e-7 -1 0 -1 0 0 1 357 0 0 0 1</matrix>
          <instance_geometry url="#Mesh4-mesh" name="Default.001">
            <bind_material>
              <technique_common>
                <instance_material symbol="Material_1-material" target="#Material_1-material"/>
              </technique_common>
            </bind_material>
          </instance_geometry>
        </node>
        <node id="c373fa0f-de3e-4702-864f-9baebc7f9472" name="c373fa0f-de3e-4702-864f-9baebc7f9472" type="NODE">
          <matrix sid="transform">-1 1.50996e-7 0 212 -1.50996e-7 -1 0 485 0 0 1 30.5 0 0 0 1</matrix>
          <instance_geometry url="#Mesh5-mesh" name="c373fa0f-de3e-4702-864f-9baebc7f9472">
            <bind_material>
              <technique_common>
                <instance_material symbol="Material_1-material" target="#Material_1-material"/>
              </technique_common>
            </bind_material>
          </instance_geometry>
        </node>
        <node id="Default_002" name="Default.002" type="NODE">
          <matrix sid="transform">-1 1.50996e-7 0 -983 -1.50996e-7 -1 0 -1 0 0 1 356 0 0 0 1</matrix>
          <instance_geometry url="#Mesh6_001-mesh" name="Default.002">
            <bind_material>
              <technique_common>
                <instance_material symbol="Material_1-material" target="#Material_1-material"/>
              </technique_common>
            </bind_material>
          </instance_geometry>
        </node>
        <node id="Default_003" name="Default.003" type="NODE">
          <matrix sid="transform">-1 1.50996e-7 0 -821 -1.50996e-7 -1 0 -1 0 0 1 356 0 0 0 1</matrix>
          <instance_geometry url="#Mesh7_001-mesh" name="Default.003">
            <bind_material>
              <technique_common>
                <instance_material symbol="Material_1-material" target="#Material_1-material"/>
              </technique_common>
            </bind_material>
          </instance_geometry>
        </node>
        <node id="Default_004" name="Default.004" type="NODE">
          <matrix sid="transform">-1 1.50996e-7 0 -733 -1.50996e-7 -1 0 -1 0 0 1 356 0 0 0 1</matrix>
          <instance_geometry url="#Mesh6_002-mesh" name="Default.004">
            <bind_material>
              <technique_common>
                <instance_material symbol="Material_1-material" target="#Material_1-material"/>
              </technique_common>
            </bind_material>
          </instance_geometry>
        </node>
        <node id="Default_005" name="Default.005" type="NODE">
          <matrix sid="transform">-1 1.50996e-7 0 -571 -1.50996e-7 -1 0 -1 0 0 1 356 0 0 0 1</matrix>
          <instance_geometry url="#Mesh7_002-mesh" name="Default.005">
            <bind_material>
              <technique_common>
                <instance_material symbol="Material_1-material" target="#Material_1-material"/>
              </technique_common>
            </bind_material>
          </instance_geometry>
        </node>
        <node id="Default_006" name="Default.006" type="NODE">
          <matrix sid="transform">-1 1.50996e-7 0 -483 -1.50996e-7 -1 0 -1 0 0 1 356 0 0 0 1</matrix>
          <instance_geometry url="#Mesh6_003-mesh" name="Default.006">
            <bind_material>
              <technique_common>
                <instance_material symbol="Material_1-material" target="#Material_1-material"/>
              </technique_common>
            </bind_material>
          </instance_geometry>
        </node>
        <node id="Default_007" name="Default.007" type="NODE">
          <matrix sid="transform">-1 1.50996e-7 0 -321 -1.50996e-7 -1 0 -1 0 0 1 356 0 0 0 1</matrix>
          <instance_geometry url="#Mesh7_003-mesh" name="Default.007">
            <bind_material>
              <technique_common>
                <instance_material symbol="Material_1-material" target="#Material_1-material"/>
              </technique_common>
            </bind_material>
          </instance_geometry>
        </node>
        <node id="Default_008" name="Default.008" type="NODE">
          <matrix sid="transform">-1 1.50996e-7 0 -233 -1.50996e-7 -1 0 -1 0 0 1 356 0 0 0 1</matrix>
          <instance_geometry url="#Mesh6_004-mesh" name="Default.008">
            <bind_material>
              <technique_common>
                <instance_material symbol="Material_1-material" target="#Material_1-material"/>
              </technique_common>
            </bind_material>
          </instance_geometry>
        </node>
        <node id="Default_009" name="Default.009" type="NODE">
          <matrix sid="transform">-1 1.50996e-7 0 -71 -1.50996e-7 -1 0 -1 0 0 1 356 0 0 0 1</matrix>
          <instance_geometry url="#Mesh7_004-mesh" name="Default.009">
            <bind_material>
              <technique_common>
                <instance_material symbol="Material_1-material" target="#Material_1-material"/>
              </technique_common>
            </bind_material>
          </instance_geometry>
        </node>
        <node id="Default_010" name="Default.010" type="NODE">
          <matrix sid="transform">-1 1.50996e-7 0 17 -1.50996e-7 -1 0 -1 0 0 1 356 0 0 0 1</matrix>
          <instance_geometry url="#Mesh6-mesh" name="Default.010">
            <bind_material>
              <technique_common>
                <instance_material symbol="Material_1-material" target="#Material_1-material"/>
              </technique_common>
            </bind_material>
          </instance_geometry>
        </node>
        <node id="Default_011" name="Default.011" type="NODE">
          <matrix sid="transform">-1 1.50996e-7 0 179 -1.50996e-7 -1 0 -1 0 0 1 356 0 0 0 1</matrix>
          <instance_geometry url="#Mesh7-mesh" name="Default.011">
            <bind_material>
              <technique_common>
                <instance_material symbol="Material_1-material" target="#Material_1-material"/>
              </technique_common>
            </bind_material>
          </instance_geometry>
        </node>
      </node>
    </visual_scene>
  </library_visual_scenes>
  <scene>
    <instance_visual_scene url="#Scene"/>
  </scene>
</COLLADA>
